sensor,step,time_start,time_end,mean,median,last,min,max,range,std,var,max_slope,min_slope,mean_slope,drift,mad,mead,rms,auc,file
R75,1,0.0,0.5305555555555556,0.004491666737973031,0.0044918060302734,0.0044918060302734,0.0043636891059577,0.0045700073242187,0.00020631821826100002,9.600588843320425e-06,9.217130613848863e-11,0.04612209275365231,-0.028152465820308503,0.00028453738119838093,0.00012811692431570054,1.0938535474226897e-06,0.0,0.004491676998217862,0.002383167518160493,3_02-10-2026_OCP_Calibration_CaCl2.csv
R75,2,0.5319444444444444,0.8986111111111111,0.015575412534317866,0.0166797637939453,0.0166797637939453,-0.0012893676757812,0.0167579650878906,0.018047332763671802,0.0024677754536981747,6.089915689875231e-06,2.1938323974608958,-4.162445068359327,0.025260781342128696,0.0121879577636719,0.0015288027379384646,7.820129394530209e-05,0.015769698516587483,0.005717914634280731,3_02-10-2026_OCP_Calibration_CaCl2.csv
R75,3,0.9,1.4208333333333334,-0.002935863555745826,-0.0020704269409179,-0.0012893676757812,-0.0202732086181641,-0.0012893676757812,0.0189838409423829,0.002532569500580825,6.4139082752722095e-06,1.9686126708985043,-1.1102230246251565e-16,0.03896987184565149,0.0189838409423829,0.001543297048282066,0.0005464553833008003,0.003877267477648239,-0.0015181991789075802,3_02-10-2026_OCP_Calibration_CaCl2.csv
R75,4,1.4222222222222223,1.9652777777777777,-0.048164160884156516,-0.0482425689697266,-0.0946483612060547,-0.0946483612060547,-0.0434770584106445,0.051171302795410205,0.0024542987875948437,6.0235825387895205e-06,2.6998901367187784,-34.5938873291017,-0.12857174386783554,-0.045781135559082003,0.0005998915927899747,0.0002346038818359028,0.048226652135657334,-0.02612304621272616,3_02-10-2026_OCP_Calibration_CaCl2.csv
R75,5,1.9666666666666666,2.4833333333333334,-0.09053162019949497,-0.0908203125,-0.0911331176757812,-0.0929298400878906,-0.0887889862060547,0.004140853881835896,0.0006414222174430552,4.1142246102956594e-07,0.8438873291015755,-0.028152465820369343,0.004599420378738,0.0017967224121094028,0.0005038781630099056,7.820129394529862e-05,0.09053389242933628,-0.04677258729934693,3_02-10-2026_OCP_Calibration_CaCl2.csv
R75,6,2.484722222222222,3.0069444444444446,-0.1385824070052699,-0.138710975646973,-0.138633728027344,-0.138710975646973,-0.102080464363098,0.036630511283874984,0.0018828419675653587,3.5450938748253914e-06,26.318349838253003,-13.13102245331227,0.03490497326024343,0.0,0.00019392945987222444,0.0,0.1385951969775616,-0.07237074126799922,3_02-10-2026_OCP_Calibration_CaCl2.csv
R75,7,3.0083333333333333,3.536111111111111,-0.1555549941976553,-0.154726982116699,-0.154726982116699,-0.163320541381836,-0.1545705795288089,0.008749961853027094,0.0016288181020454769,2.6530484095510297e-06,0.25337219238290487,-0.02815246582024855,0.01653445987250919,0.008593559265136996,0.0011579588826223367,0.00015640258789009764,0.15556352165029605,-0.08209365142716304,3_02-10-2026_OCP_Calibration_CaCl2.csv
R80,1,0.0,0.5305555555555556,0.0245712636860559,0.0246486663818359,0.0243358612060547,0.0243358612060547,0.0247268676757812,0.00039100646972650005,0.00012947928564144526,1.676488541021897e-08,0.032877177000048274,-0.028152465820310724,-0.0004956746770568745,-0.0002865027636288972,0.00011101250983368327,7.820129394530209e-05,0.024571604831900982,0.013036548443293806,3_02-10-2026_OCP_Calibration_CaCl2.csv
R80,2,0.5319444444444444,0.8986111111111111,0.03334019139127911,0.0340232849121094,0.0320701599121094,0.0187110900878906,0.0349607467651367,0.016249656677246097,0.0022351380907539757,4.995842284739327e-06,1.5188598632812722,-4.049835205078167,0.013266509433962214,0.007734298706054701,0.0014003669464448122,0.0008592605590819966,0.033415029616803586,0.012231871816847057,3_02-10-2026_OCP_Calibration_CaCl2.csv
R80,3,0.9,1.4208333333333334,0.01632753585247283,0.0168361663818359,0.0166797637939453,0.004648208618164,0.0171489715576172,0.012500762939453201,0.0016250270886315407,2.640713038786301e-06,1.5751647949219256,-0.028152465820343586,0.02513378224474338,0.012031555175781299,0.0009148241762339975,0.00015640258789070133,0.016408203437688475,0.008511790964338514,3_02-10-2026_OCP_Calibration_CaCl2.csv
R80,4,1.4222222222222223,1.9652777777777777,-0.02884091406452409,-0.0286331176757812,-0.0858983993530273,-0.0858983993530273,-0.0253515243530273,0.060546875,0.002905284694471725,8.440679155931665e-06,0.6468200683593501,-41.34361267089857,-0.16666918384785617,-0.060546875,0.00043069922839637646,7.820129394530209e-05,0.028986876396624648,-0.01562501854366724,3_02-10-2026_OCP_Calibration_CaCl2.csv
R80,5,1.9666666666666666,2.4833333333333334,-0.07498592857381293,-0.0745706558227539,-0.0734767913818359,-0.0844926834106445,-0.0734767913818359,0.011015892028808608,0.0015314877227381167,2.3454546448975826e-06,0.8438873291015855,-7.105427357601002e-15,0.022395136528935187,0.011015892028808608,0.0010651382109481185,0.0007028579711913924,0.07500156624179173,-0.03873717586199443,3_02-10-2026_OCP_Calibration_CaCl2.csv
R80,6,2.484722222222222,3.0069444444444446,-0.1063164228509211,-0.106601715087891,-0.1043367385864259,-0.107382774353027,-0.102080464363098,0.005302309989928991,0.0010142725006382367,1.0287487055509417e-06,3.4805202484127316,-1.7684125900274168,0.009539158970348807,0.0025777816772460938,0.000892431105435907,0.0007038116455069937,0.10632126088662328,-0.055521758035239205,3_02-10-2026_OCP_Calibration_CaCl2.csv
R81,1,0.0,0.5305555555555556,0.021799507062133232,0.0218362808227539,0.021601676940918,0.021601676940918,0.0219926834106445,0.00039100646972650005,0.00011576261604757007,1.3400983274177129e-08,0.0334471464157679,-0.028152465820308947,-0.0004930817582897789,-0.0002855192869900998,0.00010382064851346951,7.820129394530209e-05,0.02179981442891822,0.011565926066961968,3_02-10-2026_OCP_Calibration_CaCl2.csv
R81,2,0.5319444444444444,0.8986111111111111,0.028536393507471634,0.0301170349121094,0.0301170349121094,0.0084762573242187,0.0302734375,0.0217971801757813,0.0034348283823526105,1.1798046016215052e-05,1.7437362670898708,-9.45030212402353,0.00530530821602265,0.0085153579711914,0.002226519124624191,7.820129394530209e-05,0.028742369429632698,0.010467062393824264,3_02-10-2026_OCP_Calibration_CaCl2.csv
R81,3,0.9,1.4208333333333334,0.016559255884048777,0.0171489715576172,0.017695426940918,0.001601219177246,0.017695426940918,0.016094207763672,0.0019725428116304316,3.890925143714889e-06,2.137527465820351,-0.028152465820308947,0.033661152454133085,0.016094207763672,0.0011298806487083884,0.00023365020751950002,0.016676326951014092,0.008634210957421194,3_02-10-2026_OCP_Calibration_CaCl2.csv
R81,4,1.4222222222222223,1.9652777777777777,-0.02968125197352195,-0.0295705795288086,-0.0893363952636719,-0.0893363952636719,-0.025273323059082,0.0640630722045899,0.0030619195937503455,9.375351598592281e-06,0.14076232910154118,-42.750549316406385,-0.17269835180165885,-0.0640630722045899,0.0004207659567062663,0.00015640258789060071,0.029838767908784248,-0.01608020265897114,3_02-10-2026_OCP_Calibration_CaCl2.csv
R81,5,1.9666666666666666,2.4833333333333334,-0.09170836737584173,-0.091914176940918,-0.0919923782348633,-0.0919923782348633,-0.0890235900878906,0.002968788146972698,0.0005309189152291172,2.8187489454806254e-07,0.05630493164061521,-0.08445739746095882,-0.005504209298551087,-0.0028905868530273993,0.0003264029844180159,7.820129394529862e-05,0.091709904163274,-0.0473842693699731,3_02-10-2026_OCP_Calibration_CaCl2.csv
R81,6,2.484722222222222,3.0069444444444446,-0.1403008029062489,-0.140508651733398,-0.140742301940918,-0.140742301940918,-0.102080464363098,0.03866183757781999,0.001994005107302052,3.976056367946667e-06,27.44307518004938,-13.524813652042873,0.035353023114145045,-0.0005464553833010033,0.00038822356199653155,0.0001554489135749959,0.14031497194706646,-0.07326796336306475,3_02-10-2026_OCP_Calibration_CaCl2.csv
R81,7,3.0083333333333333,3.536111111111111,-0.16163711597913202,-0.161211967468262,-0.160273551940918,-0.164024353027344,-0.160273551940918,0.0037508010864260033,0.0012651510261070637,1.600607118859756e-06,0.1689147949216121,-0.08445739746099434,0.007162019023746236,0.0037508010864260033,0.0011237352712199851,0.0008602142333989926,0.1616420671396225,-0.0853077669938405,3_02-10-2026_OCP_Calibration_CaCl2.csv
R83,1,0.0,0.5305555555555556,-0.044780603199030024,-0.044804573059082,-0.0441799163818359,-0.0455450937151909,-0.0441799163818359,0.0013651773333549985,0.0003550401615831559,1.2605351633699348e-07,0.06952017545701139,-0.02815246582034092,0.0026196288066496157,0.0013651773333549985,0.00030874201943741883,0.0003118515014647952,0.04478201063357154,-0.023758484055805534,3_02-10-2026_OCP_Calibration_CaCl2.csv
R83,2,0.5319444444444444,0.8986111111111111,-0.030568417962991968,-0.0297269821166992,-0.029414176940918,-0.0441799163818359,-0.029414176940918,0.014765739440917903,0.002123366034125044,4.5086833148759176e-06,1.4344024658203125,-0.02815246582030717,0.0407556497825764,0.014765739440917903,0.001257139011055771,0.0002346038818359028,0.03064207662798078,-0.011199769046571521,3_02-10-2026_OCP_Calibration_CaCl2.csv
R83,3,0.9,1.4208333333333334,-0.04761335697579891,-0.0469532012939453,-0.0455856323242188,-0.062382698059082,-0.0455856323242188,0.016797065734863198,0.0023433041144977343,5.491074173022011e-06,1.5188598632812353,-3.552713678800501e-15,0.03418435441686736,0.016797065734863198,0.001513056001710699,0.0008201599121093958,0.04767098527068515,-0.024789775080151028,3_02-10-2026_OCP_Calibration_CaCl2.csv
R83,4,1.4222222222222223,1.9652777777777777,-0.09445543191870864,-0.09421920776367185,-0.142695426940918,-0.142695426940918,-0.0918359756469727,0.0508594512939453,0.0028406606884204162,8.069353146737153e-06,0.39379119873047586,-36.618804931640746,-0.130363678445622,-0.0452337265014649,0.0012853086019545396,0.0009765624999999445,0.09449813740014425,-0.05125895937283832,3_02-10-2026_OCP_Calibration_CaCl2.csv
R92,1,0.0,0.5305555555555556,0.0208480985344001,0.0208988189697266,0.0202732086181641,0.0202732086181641,0.0212305076420307,0.0009572990238665979,0.0002946668511535857,8.682855316876944e-08,0.035130232572550546,-0.028152465820343586,-0.0016620364186034616,-0.0009085070341825,0.0002566542241529614,0.00023365020751950002,0.02085018083982065,0.011061242050749976,3_02-10-2026_OCP_Calibration_CaCl2.csv
R92,2,0.5319444444444444,0.8986111111111111,0.032387035297897625,0.0327739715576172,0.0317583084106445,0.0202732086181641,0.0332422256469727,0.012969017028808597,0.0014969799403529637,2.240948941819163e-06,1.5188598632812358,-0.028152465820344474,0.03364692544037412,0.011485099792480396,0.0007794356218815355,0.00039100646972660413,0.03242161322835565,0.011884095271428426,3_02-10-2026_OCP_Calibration_CaCl2.csv
R92,3,0.9,1.4208333333333334,0.01495438180071242,0.0156641006469727,0.0167579650878906,-0.0003519058227539,0.0167579650878906,0.0171098709106445,0.0022718779465803573,5.1614294041581815e-06,1.8566894531249347,-8.881784197001252e-16,0.035232584527198255,0.0171098709106445,0.0014293105314089885,0.0007028579711915017,0.015125969867933658,0.007798117399215697,3_02-10-2026_OCP_Calibration_CaCl2.csv
R92,4,1.4222222222222223,1.9652777777777777,-0.031963951733647564,-0.0317583084106445,-0.088007926940918,-0.088007926940918,-0.0312891006469727,0.0567188262939453,0.002867366091441682,8.221788302349548e-06,0.42194366455079013,-40.83755493164076,-0.15074146037199118,-0.053828239440917997,0.0004829369401594233,0.0003118515014649062,0.032092304353743446,-0.017317743433846365,3_02-10-2026_OCP_Calibration_CaCl2.csv
R92,5,1.9666666666666666,2.4833333333333334,-0.07842030921506499,-0.078242301940918,-0.078007698059082,-0.0866804122924805,-0.078007698059082,0.008672714233398493,0.0009946470870557307,9.893228277884504e-07,0.6749725341797299,-0.028152465820358685,0.017645685027175836,0.008672714233398493,0.0004176040775648383,7.820129394529862e-05,0.07842661678419002,-0.040511710113949266,3_02-10-2026_OCP_Calibration_CaCl2.csv
R92,6,2.484722222222222,3.0069444444444446,-0.12393645311777415,-0.124101638793945,-0.1240234375,-0.124179840087891,-0.102080464363098,0.022099375724792994,0.0011586432084729743,1.3424540845405482e-06,15.292882919309523,-7.590136528017673,0.018940009868404967,-0.0007028579711910038,0.0002847047174154548,7.820129394600639e-05,0.12394186889626431,-0.06472273724567566,3_02-10-2026_OCP_Calibration_CaCl2.csv
R92,7,3.0083333333333333,3.536111111111111,-0.1466095190974357,-0.146368026733398,-0.146836280822754,-0.151289939880371,-0.146055221557617,0.005234718322754017,0.0008950701668777884,8.011506036346318e-07,0.16891479492193895,-0.05630493164039638,0.00819469061423499,0.004375457763672014,0.0005239608274491844,0.000234603881835993,0.14661225133182082,-0.07737389273113666,3_02-10-2026_OCP_Calibration_CaCl2.csv
R98,1,0.0,0.5305555555555556,0.014603192524075046,0.0146484375,0.0144138336181641,0.0144138336181641,0.0147266387939453,0.0003128051757811997,8.728009695491605e-05,7.617815324459545e-09,0.028152465820308947,-0.028152465820308947,-0.0003247022356438997,-0.00019207876175639932,7.413231015786531e-05,7.820129394530036e-05,0.014603453348798217,0.007747934532946807,3_02-10-2026_OCP_Calibration_CaCl2.csv
R98,2,0.5319444444444444,0.8986111111111111,0.028806654012428132,0.0287113189697266,0.0276956558227539,0.0119924545288086,0.0308990478515625,0.0189065933227539,0.0017176909602717335,2.9504622349992295e-06,4.752960205078132,-1.7433929443359661,0.032797039679761206,0.013281822204589799,0.0008574499426977872,0.0005474090576172014,0.028857820042871244,0.010573206345240276,3_02-10-2026_OCP_Calibration_CaCl2.csv
R98,3,0.9,1.4208333333333334,0.008940455761361581,0.0091800689697265,0.0095701217651367,-0.0202732086181641,0.0095701217651367,0.029843330383300802,0.0019216621439861288,3.6927853956293655e-06,9.337005615234489,-0.028152465820310724,0.06956303373296246,0.029843330383300802,0.0005408972569211298,0.00023365020751950002,0.009144645133436992,0.004676337374581207,3_02-10-2026_OCP_Calibration_CaCl2.csv
R98,4,1.4222222222222223,1.9652777777777777,-0.04241586461359141,-0.0421485900878906,-0.109726905822754,-0.109726905822754,-0.0408201217651367,0.0689067840576173,0.003458096810250911,1.1958433549067525e-05,1.940803527832026,-48.31924438476586,-0.1824541481173778,-0.0654687881469728,0.000521903048451381,0.00015640258789060418,0.0425565976608514,-0.02298614780108133,3_02-10-2026_OCP_Calibration_CaCl2.csv
R98,5,1.9666666666666666,2.4833333333333334,-0.10109273230422278,-0.101679801940918,-0.0898828506469727,-0.110429763793945,-0.0898828506469727,0.020546913146972295,0.006254374692246712,3.9117202791016156e-05,0.14041900634794047,-0.11260986328145024,0.03875773330156758,0.020156860351562306,0.005385351903848345,0.005547523498535004,0.10128601940803214,-0.052232816484239386,3_02-10-2026_OCP_Calibration_CaCl2.csv
R98,6,2.484722222222222,3.0069444444444446,-0.13067888549531484,-0.129101753234863,-0.127461433410645,-0.14722728729248,-0.102080464363098,0.04514682292938199,0.0042761428675347195,1.8285397823568052e-05,32.50571250914995,-15.099635124211574,0.08086013540975749,0.019765853881834994,0.003076052066682248,0.001483917236328014,0.13074882986903238,-0.06823416037691968,3_02-10-2026_OCP_Calibration_CaCl2.csv
R98,7,3.0083333333333333,3.536111111111111,-0.15365222370217785,-0.152539253234863,-0.148867607116699,-0.163633346557617,-0.148867607116699,0.014765739440917997,0.0038540881785388095,1.4853995687952598e-05,0.14076232910141329,-1.4210854715202004e-14,0.028051541546198457,0.014765739440917997,0.003263041535255299,0.0025787353515629996,0.15370055251791406,-0.08109062049123972,3_02-10-2026_OCP_Calibration_CaCl2.csv
R102,1,0.0,0.5305555555555556,0.023770123622903,0.0237894058227539,0.023554801940918,0.023554801940918,0.0240274425595999,0.0004726406186819007,0.00014802780340971146,2.1912230582304183e-08,0.02953916788103944,-0.028152465820310724,-0.0007728263541237682,-0.0004316139966249015,0.0001290929855947226,0.00015640258789060071,0.02377058453800986,0.012611370470323081,3_02-10-2026_OCP_Calibration_CaCl2.csv
R102,2,0.5319444444444444,0.8986111111111111,0.03070658557819869,0.0309762954711914,0.0309762954711914,0.0234766006469726,0.0310544967651367,0.007577896118164101,0.0007630552855452848,5.822533687985962e-07,2.81250000000001,-0.05630493164061771,0.025576897387234877,0.007499694824218799,0.00041135120493698314,7.820129394530209e-05,0.03071606503509261,0.011263914903004964,3_02-10-2026_OCP_Calibration_CaCl2.csv
R102,3,0.9,1.4208333333333334,0.014328558394249447,0.014765739440917951,0.0166015625,0.0076169967651367,0.0166015625,0.0089845657348633,0.0018393642405094338,3.383260809264846e-06,0.1967239379882888,-0.028152465820344474,0.017429108315325736,0.0089845657348633,0.001476798204881356,0.001211166381835948,0.014446136039324878,0.007465873161951701,3_02-10-2026_OCP_Calibration_CaCl2.csv
R102,4,1.4222222222222223,1.9652777777777777,-0.027296377688038106,-0.0266799926757812,-0.0692577362060547,-0.0692577362060547,-0.0261325836181641,0.0431251525878906,0.002471998485890587,6.110776514245353e-06,0.11226654052729046,-31.05010986328134,-0.1081965894115222,-0.0374221801757814,0.0011109386270913106,0.00039100646972650005,0.027408082957446508,-0.014791157510545515,3_02-10-2026_OCP_Calibration_CaCl2.csv
R102,5,1.9666666666666666,2.4833333333333334,-0.06804990896270997,-0.0680866241455078,-0.068242073059082,-0.0691013336181641,-0.0676956176757812,0.0014057159423829096,0.0002492969714529664,6.214897997562114e-08,0.05630493164065342,-0.02815246582034092,0.0016586262802656974,0.0008592605590821006,0.0002031951365360337,0.00015544891357420487,0.06805036560381648,-0.03515825602743362,3_02-10-2026_OCP_Calibration_CaCl2.csv
R102,6,2.484722222222222,3.0069444444444446,-0.11800829720354832,-0.1180086135864259,-0.11793041229248,-0.118946075439453,-0.102080464363098,0.016865611076354994,0.0008355006819379944,6.980613895188538e-07,12.143239974973698,-5.9308576583883905,0.018044820831036555,0.0010156631469730032,0.00012746877236899032,7.820129394509046e-05,0.11801125484575828,-0.06162595805815525,3_02-10-2026_OCP_Calibration_CaCl2.csv
R102,7,3.0083333333333333,3.536111111111111,-0.1531773264326761,-0.153243064880371,-0.152070999145508,-0.154102325439453,-0.150507926940918,0.0035943984985349897,0.0007545707158035113,5.693769651482233e-07,0.02815246582056119,-0.08445739746100145,-0.0029538372370204197,-0.0015630722045900103,0.000623889650082342,0.0006246566772459827,0.15317918497637906,-0.0808462109830644,3_02-10-2026_OCP_Calibration_CaCl2.csv
R103,1,0.0,0.5305555555555556,0.011444544380739833,0.0114450454711914,0.0115232467651367,0.0112879369407892,0.0115232467651367,0.0002353098243474995,4.7802189215936804e-05,2.285049293836225e-09,0.03175064921375967,-0.02815246582030806,0.0004838078280341515,0.0002353098243474995,2.8995982211835648e-05,0.0,0.01144464421168336,0.006072020702736656,3_02-10-2026_OCP_Calibration_CaCl2.csv
R103,2,0.5319444444444444,0.8986111111111111,0.019486452498525937,0.0197267532348633,0.0183982849121094,0.0115232467651367,0.0202732086181641,0.008749961853027401,0.0007284306347795907,5.306111896853974e-07,4.781799316406248,-0.05596160888674895,0.027701611788767854,0.0068750381469727,0.0004954481820866669,0.00031280517578129857,0.01950006261956595,0.007151318258709376,3_02-10-2026_OCP_Calibration_CaCl2.csv
R103,3,0.9,1.4208333333333334,0.004356396959183022,0.0052738189697265,0.0072269439697265,-0.005742073059082,0.0072269439697265,0.0129690170288085,0.0025414331978505494,6.458882699136869e-06,0.28118133544924917,-0.028152465820308503,0.025058908665433723,0.0129690170288085,0.001935288694553532,0.001093864440918,0.00504351833198968,0.0022739761405520765,3_02-10-2026_OCP_Calibration_CaCl2.csv
R103,4,1.4222222222222223,1.9652777777777777,-0.027090508110669195,-0.0265235900878906,-0.0377731323242188,-0.0377731323242188,-0.0224609375,0.015312194824218799,0.003316120926237976,1.0996657997433413e-05,0.1407623291015785,-11.024780273437575,-0.01743413964096404,-0.0018749237060547014,0.0027273771838315676,0.0023827552795410503,0.027292714919766897,-0.014698115984598789,3_02-10-2026_OCP_Calibration_CaCl2.csv
R103,5,1.9666666666666666,2.4833333333333334,-0.033943915175368884,-0.0335550308227539,-0.0326957702636719,-0.0376958847045898,-0.0326957702636719,0.005000114440917899,0.0011474353988251862,1.3166079944771142e-06,0.08445739746091263,-3.552713678800501e-15,0.009727171215230873,0.005000114440917899,0.0009068297550193284,0.0006256103515625,0.03396330351168913,-0.017535950740178427,3_02-10-2026_OCP_Calibration_CaCl2.csv
R103,6,2.484722222222222,3.0069444444444446,-0.04319923910601385,-0.0430078506469727,-0.0453519821166992,-0.0453519821166992,-0.0419139862060547,0.0034379959106444966,0.0010247200563795091,1.0500511939464242e-06,0.9674325585364283,-0.028152465820358685,-0.0005073110209857198,-0.0009374618530272952,0.0008849145333982635,0.0007810592651367951,0.04321139098122743,-0.022557263738579234,3_02-10-2026_OCP_Calibration_CaCl2.csv
R103,7,3.0083333333333333,3.536111111111111,-0.08407292653882284,-0.0845708847045898,-0.0873050689697266,-0.0873050689697266,-0.0765237808227539,0.010781288146972698,0.002460267158113608,6.052914489292409e-06,0.22521972656249478,-0.1407623291015767,-0.019487395999938806,-0.010468482971191406,0.001991606860088856,0.0017185211181641041,0.08410891683580045,-0.044374603033065785,3_02-10-2026_OCP_Calibration_CaCl2.csv
R104,1,0.0,0.5305555555555556,0.009865135810393827,0.0098829269409179,0.0100393295288086,0.0097355842590332,0.0100393295288086,0.00030374526977540103,6.819879164570271e-05,4.65107518193397e-09,0.035705566406232514,-0.028152465820344474,0.0006176223954083269,0.00030374526977540103,5.756099890688096e-05,7.820129394529862e-05,0.009865371540529867,0.0052339716090096045,3_02-10-2026_OCP_Calibration_CaCl2.csv
R104,2,0.5319444444444444,0.8986111111111111,0.017210532134433944,0.0173826217651367,0.0173826217651367,0.0100393295288086,0.017460823059082,0.007421493530273399,0.0006561100181354869,4.3048035589774893e-07,3.3748626708984357,-0.05630493164061521,0.026213016150132638,0.007343292236328101,0.0003281113871394069,7.820129394529862e-05,0.017223033899585787,0.006315388944413922,3_02-10-2026_OCP_Calibration_CaCl2.csv
R104,3,0.9,1.4208333333333334,0.006638181970474551,0.0083980560302734,0.0112113952636719,-0.0073823928833007,0.0115232467651367,0.0189056396484374,0.005146248399793102,2.6483872592373063e-05,0.2252197265625009,-0.028152465820309835,0.035679086725762414,0.0185937881469726,0.004357386952128652,0.0029687881469727014,0.008399365003707512,0.0034639471107058986,3_02-10-2026_OCP_Calibration_CaCl2.csv
R104,4,1.4222222222222223,1.9652777777777777,-0.03815923175033257,-0.03757858276367185,-0.091679573059082,-0.091679573059082,-0.0371484756469727,0.054531097412109306,0.0029160118643581597,8.50312519307755e-06,0.08445739746092507,-38.70002746582041,-0.14141306585195165,-0.05015563964843751,0.001027399068174634,0.0003519058227539479,0.03827048592543172,-0.0206830792956882,3_02-10-2026_OCP_Calibration_CaCl2.csv
R104,5,1.9666666666666666,2.4833333333333334,-0.09229669238543063,-0.0923051834106445,-0.0928516387939453,-0.0928516387939453,-0.091679573059082,0.0011720657348632951,0.00037512256481925043,1.4071693863657272e-07,0.028152465820305395,-0.028152465820355133,-0.0022624325176992446,-0.0011720657348632951,0.0003353467357175911,0.0003900527954101979,0.09229745468987455,-0.04768666757477656,3_02-10-2026_OCP_Calibration_CaCl2.csv
R104,6,2.484722222222222,3.0069444444444446,-0.1367048914457822,-0.136914253234863,-0.1372270584106449,-0.1372270584106449,-0.102080464363098,0.035146594047546886,0.0018237537706343987,3.326077815903187e-06,23.78668785094859,-12.146372795108874,0.0275185253638708,-0.0021095275878909026,0.00042106301255659894,0.000234603881835993,0.13671705607940438,-0.07139107191728226,3_02-10-2026_OCP_Calibration_CaCl2.csv
R104,7,3.0083333333333333,3.536111111111111,-0.163656505074088,-0.163867950439453,-0.162774085998535,-0.164492607116699,-0.160196304321289,0.00429630279540999,0.000835583610275258,6.981999697606344e-07,0.028152465820582506,-0.3371429443361846,-0.005313843254029072,-0.0025777816772459827,0.0006450997043026046,0.0005464553833010033,0.16365863818642373,-0.0863772822750939,3_02-10-2026_OCP_Calibration_CaCl2.csv
R105,1,0.0,0.5305555555555556,0.0013565730051849376,0.0013675689697265,0.0013675689697265,0.0012893676757812,0.0014457702636718,0.00015640258789060006,2.766718886422703e-05,7.654733396488082e-10,0.030645076185504046,-0.028152465820308725,0.00014278845613534114,5.4674223065400134e-05,1.91847608304766e-05,0.0,0.0013568551108118143,0.0007197600404550515,3_02-10-2026_OCP_Calibration_CaCl2.csv
R105,2,0.5319444444444444,0.8986111111111111,0.009066916411777665,0.0093364715576171,0.0101175308227539,0.0013675689697265,0.0101175308227539,0.0087499618530274,0.0011778312003170256,1.3872863364402454e-06,2.0249176025390474,-0.02815246582030806,0.02759408051112927,0.0087499618530274,0.0007472503596924072,0.00039100646972650005,0.009143099012621673,0.003329153193367835,3_02-10-2026_OCP_Calibration_CaCl2.csv
R105,3,0.9,1.4208333333333334,-0.00795229191475722,-0.0071487426757812,-0.0060548782348632,-0.015742301940918,-0.0060548782348632,0.0096874237060548,0.0020007700687471753,4.003080867994577e-06,0.19706726074219283,-0.02815246582030806,0.01862525939941428,0.0096874237060548,0.001541229206925343,0.0007820129394530998,0.008200123631111158,-0.004137726624806701,3_02-10-2026_OCP_Calibration_CaCl2.csv
R105,4,1.4222222222222223,1.9652777777777777,-0.05273751336701062,-0.0523052215576172,-0.1101961135864259,-0.1101961135864259,-0.0516796112060547,0.058516502380371205,0.003072973026090468,9.443163219079609e-06,0.14041900634763493,-42.131881713867415,-0.1521068689774503,-0.053594589233398604,0.0009347418108268482,0.00046920776367190276,0.05282696734959052,-0.028596814473470046,3_02-10-2026_OCP_Calibration_CaCl2.csv
R105,5,1.9666666666666666,2.4833333333333334,-0.10815308496715562,-0.107930183410645,-0.107460975646973,-0.11011791229248,-0.107460975646973,0.0026569366455069937,0.0006160422370337344,3.795080378095277e-07,0.056304931640397626,-0.02815246582056119,0.005128671272828608,0.0026569366455069937,0.0004896613287194619,0.0003128051757819994,0.10815483944766682,-0.05587821006774906,3_02-10-2026_OCP_Calibration_CaCl2.csv
R105,6,2.484722222222222,3.0069444444444446,-0.15738183441781867,-0.1573829650878909,-0.15699291229248,-0.159180641174316,-0.102080464363098,0.057100176811217984,0.0028907177960397,8.356249376340622e-06,41.11212730407052,-20.44345378876396,0.05870352373192066,0.002187728881835993,0.0005088501671240968,0.000234603881835993,0.15740837987252787,-0.08218731222053373,3_02-10-2026_OCP_Calibration_CaCl2.csv
R105,7,3.0083333333333333,3.536111111111111,-0.1879305376468367,-0.187930107116699,-0.18769645690918,-0.190664291381836,-0.187070846557617,0.003593444824219,0.0006273930517289654,3.936220413577843e-07,0.11260986328152,-0.028152465820582506,0.005608506090059055,0.002967834472656,0.00044682358651822966,0.0003128051757810002,0.1879315848979901,-0.09918382565180453,3_02-10-2026_OCP_Calibration_CaCl2.csv
R106,1,0.0,0.5305555555555556,-0.0032904617471362116,-0.0033206939697265,-0.0032424926757812,-0.0034214972984045,-0.0032424926757812,0.00017900462262329967,3.891363172561679e-05,1.5142707340769296e-09,0.03628919832407984,-0.02815246582030806,0.00038383995467308735,0.00017900462262329967,3.757368513447319e-05,0.0,0.003290691839127566,-0.0017457150752306606,3_02-10-2026_OCP_Calibration_CaCl2.csv
R106,2,0.5319444444444444,0.8986111111111111,0.003981665845187165,0.0042581558227539,0.0041799545288085,-0.0032424926757812,0.0047264099121093,0.0079689025878905,0.0011501842321364974,1.3229237678554239e-06,1.7440795898437742,-0.02815246582034403,0.023457365215948968,0.0074224472045897,0.0007080634101169638,0.00023365020751950002,0.004144464581895404,0.0014648232195112296,3_02-10-2026_OCP_Calibration_CaCl2.csv
R106,3,0.9,1.4208333333333334,-0.011922344248345563,-0.0110940933227539,-0.0101175308227539,-0.0194921493530273,-0.0101175308227539,0.0093746185302734,0.001992109985668209,3.968502194998993e-06,0.19706726074219194,-0.028152465820344474,0.017951397185629926,0.0093746185302734,0.0015440984191048314,0.0007429122924805,0.012087629816099493,-0.0062055508295695005,3_02-10-2026_OCP_Calibration_CaCl2.csv
R106,4,1.4222222222222223,1.9652777777777777,-0.056128022622089,-0.0557422637939453,-0.112382888793945,-0.112382888793945,-0.0551958084106445,0.0571870803833005,0.0029695323761510795,8.818122533009476e-06,0.11260986328123042,-41.174697875976506,-0.14937780341323517,-0.05281257629394499,0.0008137920209637605,0.00031280517578129857,0.05620652138318776,-0.030439178148905423,3_02-10-2026_OCP_Calibration_CaCl2.csv
R106,5,1.9666666666666666,2.4833333333333334,-0.11049988058872577,-0.110273361206055,-0.10996150970459,-0.1123046875,-0.10996150970459,0.0023431777954100036,0.0005500743623248647,3.0258180408710647e-07,0.0281524658205754,-0.028152465820525663,0.004523024162721198,0.0023431777954100036,0.00042725383945349564,0.0002336502075200031,0.110501249730158,-0.05709072550137838,3_02-10-2026_OCP_Calibration_CaCl2.csv
R106,6,2.484722222222222,3.0069444444444446,-0.15860440540535062,-0.158555030822754,-0.158398628234863,-0.160351753234863,-0.102080464363098,0.058271288871765,0.002947164693506653,8.685779730652164e-06,41.95532798766424,-20.86539745331477,0.05937377717190655,0.001953125,0.00046192480570031967,0.00015640258789098582,0.15863178494146582,-0.0828256745098366,3_02-10-2026_OCP_Calibration_CaCl2.csv
R106,7,3.0083333333333333,3.536111111111111,-0.18504916213628805,-0.1841802597045899,-0.183945655822754,-0.190352439880371,-0.183633804321289,0.0067186355590820035,0.0016923188046442772,2.8639429365526353e-06,0.14076232910140618,-0.028152465820525663,0.01225509042814925,0.006406784057617021,0.001383726109076169,0.0005464553833008923,0.1850569003044166,-0.09766191906399191,3_02-10-2026_OCP_Calibration_CaCl2.csv
R116,1,0.0,0.5305555555555556,0.010878704483414119,0.0107421875,0.0107421875,0.0107421875,0.0111331939697266,0.00039100646972660066,0.00015650303245156908,2.4493199166536882e-08,0.02815246582034492,-0.02815246582034492,-0.0005614623310672513,-0.0003176210448146005,0.00014989198096102314,0.0,0.01087983016579859,0.005771726137673889,3_02-10-2026_OCP_Calibration_CaCl2.csv
R116,2,0.5319444444444444,0.8986111111111111,0.03375144454668152,0.0344142913818359,0.0301170349121094,0.0107421875,0.0576171875,0.046875,0.0025620003049037165,6.563845562326737e-06,33.75000000000012,-8.55010986328126,0.11632034013856184,0.0193748474121094,0.0014986245578699296,0.0007810592651367951,0.03384854287188807,0.012394032213422985,3_02-10-2026_OCP_Calibration_CaCl2.csv
R116,3,0.9,1.4208333333333334,0.014762657753964679,0.0150394439697266,0.0130863189697266,-0.006601333618164,0.0162115097045898,0.0228128433227538,0.001434843287632936,2.0587752600652924e-06,16.256332397460945,-0.11226654052736418,0.059242349989870845,0.0196876525878906,0.0008654214775686377,0.0007810592651366979,0.01483222300333833,0.007704884476131859,3_02-10-2026_OCP_Calibration_CaCl2.csv
R116,4,1.4222222222222223,1.9652777777777777,-0.03660185726321473,-0.0360546112060547,-0.0797271728515625,-0.0797271728515625,-0.0323047637939453,0.0474224090576172,0.003056817605589814,9.344133873843843e-06,3.1781387329101474,-33.1876373291017,-0.11242856784742752,-0.038203239440918,0.0019374301114811184,0.0016403198242187986,0.03672928108458684,-0.01984347568617926,3_02-10-2026_OCP_Calibration_CaCl2.csv
R116,5,1.9666666666666666,2.4833333333333334,-0.07774544017883792,-0.0776958465576172,-0.076289176940918,-0.0797271728515625,-0.076289176940918,0.0034379959106445035,0.0008851449182147921,7.83481526241471e-07,0.05630493164061521,-7.105427357601002e-15,0.006711821773416691,0.0034379959106445035,0.0007457094442218124,0.0007028579711913924,0.0777504787774809,-0.04016811251640321,3_02-10-2026_OCP_Calibration_CaCl2.csv
R116,6,2.484722222222222,3.0069444444444446,-0.09531361058314852,-0.0948047637939453,-0.0864458084106445,-0.107473090291023,-0.0683984756469727,0.03907461464405031,0.005994672379153587,3.593609693338693e-05,0.11662781238543118,-24.25103187560643,-0.0665555518881207,-0.018047332763671806,0.0050916078658847,0.004921913146972698,0.09550193955794546,-0.04979973478863639,3_02-10-2026_OCP_Calibration_CaCl2.csv
R116,7,3.0083333333333333,3.536111111111111,-0.12108893156677403,-0.121367454528809,-0.1183986663818359,-0.123085975646973,-0.103398323059082,0.019687652587891,0.0017867312863709165,3.19240868969667e-06,0.028152465820582506,-13.331909179685526,-0.04584304929717247,-0.015000343322753892,0.0014339692757144194,0.0014066696166988996,0.12110211293232077,-0.06392220060030614,3_02-10-2026_OCP_Calibration_CaCl2.csv
R117,1,0.0,0.5305555555555556,-0.0259111519932124,-0.0258989334106445,-0.0258207321166992,-0.0261083021759986,-0.0258207321166992,0.0002875700592993996,3.753702714093428e-05,1.4090284065792368e-09,0.047563612461072324,-0.02815246582030717,0.0005872497048139232,0.0002875700592993996,2.6249413663745648e-05,0.0,0.02591117918281146,-0.013747231522575006,3_02-10-2026_OCP_Calibration_CaCl2.csv
R117,2,0.5319444444444444,0.8986111111111111,-0.002353607033783489,-0.0021486282348632,-0.0009765625,-0.0258207321166992,-0.0009765625,0.0248441696166992,0.00168947655736998,2.854331037902719e-06,14.850082397461016,-2.220446049250313e-16,0.09552016348209051,0.0248441696166992,0.0008130298640304472,0.0006256103515625002,0.002897205050972028,-0.0008476489120059375,3_02-10-2026_OCP_Calibration_CaCl2.csv
R117,3,0.9,1.4208333333333334,-0.0020544909416360894,-0.00171852111816405,0.0030860900878906,-0.0087890625,0.0030860900878906,0.0118751525878906,0.003399336362867341,1.1555487707912162e-05,0.056304931640652534,0.0,0.022739653891705316,0.0118751525878906,0.0029213753098435292,0.00285148620605465,0.003971954271788248,-0.0010689404275682148,3_02-10-2026_OCP_Calibration_CaCl2.csv
R117,4,1.4222222222222223,1.9652777777777777,-0.07562687932228555,-0.0753517150878906,-0.1313676834106449,-0.1313676834106449,-0.0746488571166992,0.05671882629394569,0.002905788865212765,8.44360892919449e-06,0.08411407470702414,-40.83755493164104,-0.1515314530353173,-0.05414104461669959,0.000758617632292755,0.0005464553833007951,0.07568268286045848,-0.04102977712949116,3_02-10-2026_OCP_Calibration_CaCl2.csv
R117,5,1.9666666666666666,2.4833333333333334,-0.13117539914619514,-0.131289482116699,-0.130664825439453,-0.1314458847045899,-0.130664825439453,0.000781059265136913,0.00026201331104302604,6.865097516372951e-08,0.02815246582056119,-0.02815246582022013,0.0013567231615499715,0.0007028579711919059,0.00022975843022258238,0.00015640258789090256,0.13117566082219206,-0.06777417725986909,3_02-10-2026_OCP_Calibration_CaCl2.csv
R117,6,2.484722222222222,3.0069444444444446,-0.18637643991636021,-0.186367988586426,-0.1850395202636719,-0.1891296356916429,-0.102080464363098,0.0870491713285449,0.0045041566845444815,2.028742743892674e-05,62.48671531676303,-31.29966259003698,0.09018448999126298,0.003828048706054993,0.0012260764659662105,0.0009374618530280099,0.18643085791610667,-0.09732911708868217,3_02-10-2026_OCP_Calibration_CaCl2.csv
R117,7,3.0083333333333333,3.536111111111111,-0.21127668015287301,-0.211289405822754,-0.210899353027344,-0.211602210998535,-0.2104301452636719,0.001172065734863087,0.0002869159743786872,8.232077635367151e-08,0.028152465820582506,-0.28152465820274125,-0.0012561467688848125,-0.00046920776367209704,0.00024478948171899724,0.00023460388183590974,0.2112768749702526,-0.11150798665152652,3_02-10-2026_OCP_Calibration_CaCl2.csv
R118,1,0.0,0.5305555555555556,-0.032806577943946306,-0.0327739715576172,-0.0328512191772461,-0.0329364538192749,-0.0327739715576172,0.00016248226165770097,3.8799701323324385e-05,1.50541682277918e-09,0.058493614196772015,-0.027809143066404474,0.0001995619532333308,8.523464202880165e-05,3.7969838910660084e-05,0.0,0.032806600887764145,-0.01740559099449052,3_02-10-2026_OCP_Calibration_CaCl2.csv
R118,2,0.5319444444444444,0.8986111111111111,0.0011520421729897226,0.0011329650878906,0.0011329650878906,-0.0328512191772461,0.001835823059082,0.0346870422363281,0.0021077387323798834,4.442562563974357e-06,24.243392944335973,-0.02815246582034414,0.13807663827572264,0.0339841842651367,0.00032698074835140617,7.820129394530014e-05,0.0024020332496285804,0.00044604208734299217,3_02-10-2026_OCP_Calibration_CaCl2.csv
R118,3,0.9,1.4208333333333334,-0.01703129677062338,-0.0169143676757812,-0.0164451599121094,-0.0187110900878906,-0.0164451599121094,0.0022659301757812014,0.00044673562020401946,1.995727143590699e-07,0.05630493164061771,-0.028152465820310724,0.004413888809528652,0.0022659301757812014,0.00035041968657346,0.0002346038818359028,0.01703715476255955,-0.008869707584381098,3_02-10-2026_OCP_Calibration_CaCl2.csv
R118,4,1.4222222222222223,1.9652777777777777,-0.07056009282871169,-0.0703516006469727,-0.126445770263672,-0.126445770263672,-0.070195198059082,0.05625057220459001,0.0028374305691157243,8.051012234552384e-06,0.02815246582034092,-40.50041198730495,-0.15311056253861505,-0.05523490905761731,0.00040463627203958546,0.00015640258789059724,0.07061712053199962,-0.038278788990444595,3_02-10-2026_OCP_Calibration_CaCl2.csv
R118,5,1.9666666666666666,2.4833333333333334,-0.12527324686740735,-0.125117301940918,-0.124805450439453,-0.126445770263672,-0.1247272491455079,0.001718521118164118,0.0004368863544735378,1.9086968672517772e-07,0.05630493164040538,-0.028152465820539874,0.003241776780852808,0.0016403198242190137,0.00036793779067833453,0.0003118515014649964,0.1252740086785328,-0.06472402148776582,3_02-10-2026_OCP_Calibration_CaCl2.csv
R118,6,2.484722222222222,3.0069444444444446,-0.1721296392242851,-0.1721487045288089,-0.171680450439453,-0.173633575439453,-0.102080464363098,0.07155311107635498,0.003645752105532249,1.3291508414992827e-05,51.518239974967535,-25.674662590035155,0.07205668431685648,0.001953125,0.0005900755678020904,0.00031185150146489926,0.17216824390083538,-0.08988919024252232,3_02-10-2026_OCP_Calibration_CaCl2.csv
R118,7,3.0083333333333333,3.536111111111111,-0.20122629200692566,-0.201211929321289,-0.200430870056152,-0.202852249145508,-0.200430870056152,0.002421379089355996,0.0004457690963238553,1.987100872373866e-07,0.0563049316411158,-2.842170943040401e-14,0.004649725485976182,0.002421379089355996,0.00029555953073498404,0.00015640258789101358,0.2012267857541429,-0.1062021884653303,3_02-10-2026_OCP_Calibration_CaCl2.csv
R119,1,0.0,0.5305555555555556,-0.022404607341627233,-0.0223827362060547,-0.0223827362060547,-0.022528599947691,-0.0223045349121094,0.00022406503558159915,3.598231163966355e-05,1.2947267509338668e-09,0.052510946989066554,-0.02815246582030717,0.00031934219458717923,0.00014586374163629706,3.1930207373185566e-05,0.0,0.0224046362358162,-0.011886817977453275,3_02-10-2026_OCP_Calibration_CaCl2.csv
R119,2,0.5319444444444444,0.8986111111111111,0.006709581051232653,0.0069141387939453,0.007460594177246,-0.0223827362060547,0.007460594177246,0.0298433303833007,0.0018996142858988684,3.6085344351910673e-06,17.71888732910157,-0.028152465820307615,0.11451562845482022,0.0298433303833007,0.00048566968299266014,0.0,0.006973307129207155,0.0024798611799875803,3_02-10-2026_OCP_Calibration_CaCl2.csv
R119,3,0.9,1.4208333333333334,-0.005591285989639577,-0.0055856704711914,-0.0054292678833007,-0.0058984756469726,-0.0054292678833007,0.00046920776367190015,7.203722812015418e-05,5.189362235235134e-09,0.056304931640615834,-0.028152465820344252,0.0009733565310214852,0.00046920776367190015,5.203536755902165e-05,7.820129394529949e-05,0.005591750028405694,-0.0029120273060268672,3_02-10-2026_OCP_Calibration_CaCl2.csv
R119,4,1.4222222222222223,1.9652777777777777,-0.05771121443534384,-0.0575389862060547,-0.111289024353027,-0.111289024353027,-0.0574607849121094,0.053828239440917594,0.002710130009904229,7.344804670583496e-06,0.028152465820308947,-38.643722534179574,-0.14758411718874517,-0.0535154342651364,0.0002762203611765455,0.0,0.05777481351136343,-0.03130314548810323,3_02-10-2026_OCP_Calibration_CaCl2.csv
R119,5,1.9666666666666666,2.4833333333333334,-0.11136634867568429,-0.111289024353027,-0.111758232116699,-0.111758232116699,-0.1110553741455079,0.0007028579711911009,0.00020805468792717375,4.3286753168473655e-08,0.028152465820241446,-0.0281524658205754,-0.0009057093561503591,-0.0004692077636719999,0.00018409423178874674,0.0001554489135739967,0.11136654301946909,-0.05753906170527138,3_02-10-2026_OCP_Calibration_CaCl2.csv
R119,6,2.484722222222222,3.0069444444444446,-0.15589035304376866,-0.155820846557617,-0.155274391174316,-0.157930374145508,-0.102080464363098,0.05584990978241,0.002857386333872406,8.164656661000788e-06,40.211935043328914,-20.0215101242131,0.058403913158886406,0.002655982971192017,0.0006890407817474392,0.0003910064697270066,0.15591653802201944,-0.08140841765950127,3_02-10-2026_OCP_Calibration_CaCl2.csv
R119,7,3.0083333333333333,3.536111111111111,-0.18480777239862084,-0.184804916381836,-0.184571266174316,-0.1850395202636719,-0.184493064880371,0.0005464553833008923,0.0001932878421283635,3.7360189914639175e-08,0.0563049316411158,-0.028152465820582506,0.0002216729592167576,7.820129394600639e-05,0.00016921324431031694,0.00015640258789090256,0.18480787347710687,-0.09753770960701838,3_02-10-2026_OCP_Calibration_CaCl2.csv
R120,1,0.0,0.5305555555555556,-0.0009934895221440454,-0.0009765625,-0.0008983612060546,-0.0011136722750961,-0.0008983612060546,0.0002153110690415,5.2777528939848104e-05,2.785467560996504e-09,0.03403698094187996,-0.02815246582030828,0.0004491970239708072,0.0002153110690415,4.3884304661257257e-05,0.0,0.0009948903950541485,-0.0005270839864452693,3_02-10-2026_OCP_Calibration_CaCl2.csv
R120,2,0.5319444444444444,0.8986111111111111,0.029846292171838155,0.0300388336181641,0.0304298400878906,-0.0008983612060546,0.0304298400878906,0.0313282012939452,0.0019311365279894041,3.7292882897349703e-06,20.700302124023427,-1.7763568394002505e-15,0.12417530563642389,0.0313282012939452,0.00042185722614532494,0.00015640258789060071,0.029908701822320246,0.010964585675133604,3_02-10-2026_OCP_Calibration_CaCl2.csv
R120,3,0.9,1.4208333333333334,0.015890758088294495,0.01593780517578125,0.0163669586181641,0.0148830413818359,0.0163669586181641,0.0014839172363282013,0.0002798376549363458,7.830911312027332e-08,0.02815246582038,-0.02815246582030717,0.002841543644032729,0.0014839172363282013,0.0002104313112373675,0.00019550323486325002,0.015893221880217277,0.008276805612776016,3_02-10-2026_OCP_Calibration_CaCl2.csv
R120,4,1.4222222222222223,1.9652777777777777,-0.03250421066673435,-0.0323829650878906,-0.0812892913818359,-0.0812892913818359,-0.0318355560302733,0.0494537353515626,0.0024925529807565652,6.212820361878438e-06,0.02815246582038,-34.81910705566416,-0.13524551780856447,-0.0494537353515626,0.00044664236616464046,0.0003128051757813055,0.032599640050609835,-0.017618177996741397,3_02-10-2026_OCP_Calibration_CaCl2.csv
R120,5,1.9666666666666666,2.4833333333333334,-0.08185415037835252,-0.0819921493530273,-0.0822267532348633,-0.0822267532348633,-0.0812110900878906,0.0010156631469726979,0.00037837814102895936,1.4317001760853106e-07,0.028152465820319605,-0.028152465820358685,-0.001809577839624008,-0.0009374618530273993,0.00034126513862620816,0.000234603881835993,0.08185502491710302,-0.042291444540023815,3_02-10-2026_OCP_Calibration_CaCl2.csv
R120,6,2.484722222222222,3.0069444444444446,-0.12230141087378364,-0.1223049163818359,-0.122930526733398,-0.123007774353027,-0.102080464363098,0.02092730998992899,0.0010896769181117497,1.1873957858655208e-06,15.067663192746519,-7.449717521669996,0.020131166797076033,7.72476196290034e-05,0.0003278195691930707,0.00031185150146489926,0.12230626516047291,-0.06386758715121285,3_02-10-2026_OCP_Calibration_CaCl2.csv
R120,7,3.0083333333333333,3.536111111111111,-0.14512599985117672,-0.145820617675781,-0.146524429321289,-0.146524429321289,-0.142695426940918,0.0038290023803710105,0.0014226332748865588,2.0238854348144553e-06,0.16891479492188857,-0.028152465820582506,-0.005388635350025411,-0.002968788146973017,0.0012743941592517863,0.0006256103515629996,0.14513297253980076,-0.07659439709451461,3_02-10-2026_OCP_Calibration_CaCl2.csv
R121,1,0.0,0.5305555555555556,-0.04291454548935353,-0.0429296493530273,-0.0425395965576172,-0.0433044619858265,-0.0425395965576172,0.0007648654282092979,0.00016221799516738964,2.6314677956127248e-08,0.05047515034675065,-0.028152465820342698,0.001485215465954016,0.0007648654282092979,0.00013707963030771788,0.00015640258789059724,0.0429148520821842,-0.02276854012937594,3_02-10-2026_OCP_Calibration_CaCl2.csv
R121,2,0.5319444444444444,0.8986111111111111,-0.010576503681686665,-0.0100393295288086,-0.0075387954711914,-0.0425395965576172,-0.0075387954711914,0.0350008010864258,0.0030146957799057237,9.08839064538138e-06,19.912719726562607,-0.19672393798828924,0.1326676854547469,0.0350008010864258,0.0020701852528893744,0.001796722412109401,0.010997764353454429,-0.003857964277267446,3_02-10-2026_OCP_Calibration_CaCl2.csv
R121,3,0.9,1.4208333333333334,-0.020823625808066504,-0.0208206176757812,-0.0199613571166992,-0.0219144821166992,-0.0199613571166992,0.001953125,0.0004915848520878241,2.416556668022079e-07,0.056304931640617006,-1.7763568394002505e-15,0.0038149001750539895,0.001953125,0.00042898801183635687,0.0004682540893555,0.02082942743959074,-0.010845479700300427,3_02-10-2026_OCP_Calibration_CaCl2.csv
R121,4,1.4222222222222223,1.9652777777777777,-0.06801604251472318,-0.0679302215576172,-0.1125392913818359,-0.1125392913818359,-0.0664453506469727,0.0460939407348632,0.002377268161895916,5.6514039135639875e-06,0.05630493164061434,-31.2753295898438,-0.12441070712342572,-0.0460157394409179,0.0007806060613070552,0.0007028579711913924,0.06805757447395694,-0.03690660728348625,3_02-10-2026_OCP_Calibration_CaCl2.csv
R121,5,1.9666666666666666,2.4833333333333334,-0.11471565798843834,-0.114805221557617,-0.11597728729248,-0.11597728729248,-0.1125392913818359,0.003437995910644101,0.0009005619193383299,8.110117705623367e-07,2.842170943040401e-14,-0.028152465820582506,-0.006636345993736366,-0.003437995910644101,0.0007539315153056818,0.000702857971192003,0.11471919281223573,-0.05927039186159771,3_02-10-2026_OCP_Calibration_CaCl2.csv
R121,6,2.484722222222222,3.0069444444444446,-0.14962069875997946,-0.1495704650878909,-0.150820732116699,-0.150820732116699,-0.102080464363098,0.04874026775360099,0.002520186957436662,6.351342300433859e-06,34.30541038512639,-17.096400260931006,0.04340881378006126,-0.0010938644409179965,0.0006363118803417783,0.00046825408935591284,0.14964192206639473,-0.07813434671196673,3_02-10-2026_OCP_Calibration_CaCl2.csv
R121,7,3.0083333333333333,3.536111111111111,-0.16903490782409827,-0.1685552597045899,-0.1724615097045899,-0.1724615097045899,-0.1665239334106449,0.005937576293945007,0.0021259511587292355,4.519668329302179e-06,0.02815246582024855,-0.1126098632808527,-0.011368398591288253,-0.005937576293945007,0.0019380471029720168,0.0018749237060549095,0.16904827633380562,-0.0892122321658664,3_02-10-2026_OCP_Calibration_CaCl2.csv
R122,1,0.0,0.5305555555555556,-0.10263380126215461,-0.102617263793945,-0.1023836135864259,-0.102824591100216,-0.102080464363098,0.0007441267371179894,0.00013002207474321613,1.690573992053048e-08,0.02815246582056119,-0.5357712507249524,-0.001269329154460958,-0.0003031492233279004,0.00011262518492850431,0.00015640258788998662,0.10263388362163525,-0.05445349145059785,3_02-10-2026_OCP_Calibration_CaCl2.csv
R122,2,0.5319444444444444,0.8986111111111111,-0.06376567696625332,-0.062382698059082,-0.0580863952636719,-0.1023836135864259,-0.0580863952636719,0.044297218322754,0.004981126759473762,2.4811623793945585e-05,20.58769226074234,-3.552713678800501e-15,0.15919940876510993,0.044297218322754,0.003831561405321766,0.002890586853027406,0.06395993419914153,-0.023357874155044554,3_02-10-2026_OCP_Calibration_CaCl2.csv
R122,3,0.9,1.4208333333333334,-0.06394798704918395,-0.06390666961669925,-0.0615234375,-0.0669927597045898,-0.0615234375,0.005469322204589802,0.0014721290079170166,2.1671638159507393e-06,0.05630493164062145,-0.0281524658203125,0.010548043758311107,0.005469322204589802,0.0012787688150833352,0.0013666152954101562,0.06396492954313752,-0.03330581254429288,3_02-10-2026_OCP_Calibration_CaCl2.csv
R122,4,1.4222222222222223,1.9652777777777777,-0.10458785903697115,-0.104413986206055,-0.143008232116699,-0.143008232116699,-0.10410213470459,0.038906097412109,0.0019666914964082314,3.8678754420444475e-06,0.08445739746100145,-28.01239013671858,-0.10561203470035413,-0.038046836853027,0.0003851207282731755,0.0002336502075200031,0.10460634843726929,-0.05677007767889235,3_02-10-2026_OCP_Calibration_CaCl2.csv
R122,5,1.9666666666666666,2.4833333333333334,-0.14369636822002496,-0.1437110900878909,-0.144180297851562,-0.144180297851562,-0.143008232116699,0.0011720657348630037,0.00035091105630795946,1.231385694391679e-07,0.02815246582022013,-0.02815246582056119,-0.002262432517698121,-0.0011720657348630037,0.0003076815231759252,0.0003128051757810002,0.14369679668731117,-0.07424326539039611,3_02-10-2026_OCP_Calibration_CaCl2.csv
R122,6,2.484722222222222,3.0069444444444446,-0.17515780482273202,-0.1751956939697269,-0.175039291381836,-0.176356121897697,-0.102080464363098,0.074275657534599,0.003788953015879621,1.4356164956543275e-05,53.430547714225405,-26.715273857125524,0.07325057325683056,0.001250267028808899,0.00048367579109840286,0.00015640258789090256,0.17519878069003456,-0.09147059443510246,3_02-10-2026_OCP_Calibration_CaCl2.csv
R122,7,3.0083333333333333,3.536111111111111,-0.18963744696669688,-0.189493179321289,-0.190977096557617,-0.190977096557617,-0.188399314880371,0.0025777816772459827,0.0007897701743980935,6.23736928368795e-07,0.028152465820596717,-0.05630493164047433,-0.0045749333899792344,-0.0023431777954099897,0.0006826439268825742,0.0007028579711909899,0.1896390915106248,-0.10008619692590498,3_02-10-2026_OCP_Calibration_CaCl2.csv
R123,1,0.0,0.5305555555555556,-0.022655728319295087,-0.0227737426757812,-0.0230073928833008,-0.0230073928833008,-0.0222263336181641,0.0007810592651366979,0.00023397205392613923,5.47429220184162e-08,0.05087681114669884,-0.0556182861328077,-0.0012344674404235509,-0.0006397347897291981,0.00021211461669834358,0.00015640258789069786,0.022656936434560782,-0.01202007836222442,3_02-10-2026_OCP_Calibration_CaCl2.csv
R123,2,0.5319444444444444,0.8986111111111111,-0.0002526085331754363,-0.0001173019409179,3.91006469726562e-05,-0.0230073928833008,3.91006469726562e-05,0.023046493530273455,0.0014221938707612795,2.022635406030951e-06,14.849395751953203,-0.02815246582030919,0.09063461591612662,0.023046493530273455,0.00025759035940907166,7.820129394524379e-05,0.001444453695022445,-7.702377107406458e-05,3_02-10-2026_OCP_Calibration_CaCl2.csv
R123,3,0.9,1.4208333333333334,-0.029974734529535817,-0.0295705795288086,-0.0287895202636719,-0.0334768295288086,-0.0287895202636719,0.004687309265136701,0.0010662031498686142,1.1367891567897546e-06,0.08445739746096059,-1.7763568394002505e-15,0.009050572172124351,0.004687309265136701,0.0008477857070791627,0.0005474090576172014,0.029993690991155734,-0.015610231955846151,3_02-10-2026_OCP_Calibration_CaCl2.csv
R123,4,1.4222222222222223,1.9652777777777777,-0.0908858143553442,-0.0904693603515625,-0.1634769439697269,-0.1634769439697269,-0.0891799926757812,0.0742969512939457,0.0038362014668326745,1.4716441694129164e-05,0.028152465820348027,-53.493804931641094,-0.19709003214933613,-0.0701560974121097,0.0011568526733125143,0.0008201599121094028,0.09096673948607929,-0.049303944905598945,3_02-10-2026_OCP_Calibration_CaCl2.csv
R123,5,1.9666666666666666,2.4833333333333334,-0.15879068297930757,-0.1584768295288089,-0.1556644439697269,-0.1634769439697269,-0.1556644439697269,0.0078125,0.002122021843834385,4.502976705710284e-06,0.05630493164076,-1.4210854715202004e-14,0.015155904734102424,0.0078125,0.0017944966533726594,0.0016403198242189998,0.1588048613164618,-0.08204076952404446,3_02-10-2026_OCP_Calibration_CaCl2.csv
R123,6,2.484722222222222,3.0069444444444446,-0.222608229288688,-0.222539901733398,-0.219101905822754,-0.228945732116699,-0.102080464363098,0.126865267753601,0.00674930323979231,4.555309422267097e-05,91.34299278257843,-45.44661998750251,0.13994443321718358,0.009843826293945007,0.002546044216669728,0.0021095275878899866,0.2227105225203061,-0.11624899808731351,3_02-10-2026_OCP_Calibration_CaCl2.csv
R123,7,3.0083333333333333,3.536111111111111,-0.256020358228308,-0.256290435791016,-0.244961738586426,-0.267852783203125,-0.244961738586426,0.022891044616698997,0.006509000250514142,4.236708426119316e-05,0.14076232910174724,-0.16891479492188857,0.04266753910094619,0.022656440734863004,0.005678344014819939,0.005702972412108986,0.2561030864937249,-0.1351214812861548,3_02-10-2026_OCP_Calibration_CaCl2.csv
R91,5,2.05,2.5805555555555557,-0.006834782810769843,-0.0051956176757812,0.0002737045288085,-0.0297059714794159,0.0002737045288085,0.0299796760082244,0.0060995924350775175,3.720502787405488e-05,0.9160320460795224,-2.220446049250313e-16,0.057554524148723724,0.0299796760082244,0.0048468913100398105,0.003749847412109401,0.009160746909747578,-0.0036152856709021526,1_12-08-2025_OCP_Calibration_CaCl2.csv
R91,6,2.5819444444444444,3.098611111111111,-0.020663006091365538,-0.0198399554938078,-0.0191211700439453,-0.0292577743530273,-0.0191211700439453,0.010136604309082,0.0019882262860788295,3.953043764654816e-06,0.28118133544921164,-0.008446276187887847,0.01994309412570168,0.010136604309082,0.0014433072683469798,0.0006249416619539018,0.020758440801188903,-0.010670988610945637,1_12-08-2025_OCP_Calibration_CaCl2.csv
R91,7,3.1,3.6347222222222224,-0.026589110131747043,-0.026484489440917948,-0.0267148967832327,-0.0291290283203125,-0.0262852665036917,0.002843761816620799,0.00039428602427978433,1.5546146894235867e-07,0.12373298406599727,-0.022452771663644774,0.004634235266576758,0.0024141315370798007,0.00022173413364812123,0.00011329539120194868,0.026592033375940162,-0.014215936872642483,1_12-08-2025_OCP_Calibration_CaCl2.csv
R92,5,2.05,2.5805555555555557,-0.08548300448737008,-0.0856647491455078,-0.0844926834106445,-0.0862307548522949,-0.0844926834106445,0.0017380714416503906,0.0004961377162128144,2.461526334488672e-07,0.06334304809569247,-0.14481246471397768,0.002700242143387428,0.0015369430184365013,0.000441661201635496,0.00031185150146489926,0.08548444425052538,-0.045353791060754024,1_12-08-2025_OCP_Calibration_CaCl2.csv
R92,6,2.5819444444444444,3.098611111111111,-0.129051775539209,-0.129051312804222,-0.128215312957764,-0.132070541381836,-0.128184035420418,0.0038865059614179853,0.0007439151328918673,5.534097249455245e-07,0.13345062732683033,-0.2808380126951487,0.006312352402920159,0.0034651756286619984,0.0005769252638722001,0.00046873092651400494,0.1290539196597582,-0.06667550607687897,1_12-08-2025_OCP_Calibration_CaCl2.csv
R92,7,3.1,3.6347222222222224,-0.18658587560443682,-0.187090590596199,-0.187090590596199,-0.1878640204668049,-0.182059288024902,0.005804732441902882,0.0013249465616850449,1.7554833913210225e-06,0.5568695068361502,-0.6074774265291298,-0.009450367386477903,-0.005031302571296997,0.0010909633729732173,0.000664040446280989,0.18659057976882348,-0.09977440700555842,1_12-08-2025_OCP_Calibration_CaCl2.csv
R93,5,2.05,2.5805555555555557,-0.0388697492099773,-0.0390233993530273,-0.0381641387939453,-0.0407200753688812,-0.0381641387939453,0.002555936574935899,0.0003999887093839193,1.5999096763461342e-07,0.26806265115734723,-0.032272338867205264,0.0051548450640535315,0.002555936574935899,0.00032928400387972917,0.00015640258789060418,0.038871807195114634,-0.020621766444916534,1_12-08-2025_OCP_Calibration_CaCl2.csv
R93,6,2.5819444444444444,3.098611111111111,-0.09166723331960852,-0.0914730057120323,-0.0904964432120323,-0.0978517532348633,-0.0904964432120323,0.007355310022830991,0.0011237203947262568,1.2627475255237346e-06,0.44975280761711717,-0.016857683658614064,0.014800803271439377,0.007355310022830991,0.0007575080305832081,0.0005624741315842091,0.09167412073206413,-0.04735792212498684,1_12-08-2025_OCP_Calibration_CaCl2.csv
R93,7,3.1,3.6347222222222224,-0.15085609647122064,-0.151223182678223,-0.151574805378914,-0.151574805378914,-0.149270057678223,0.002304747700691001,0.0006307316136269103,3.9782236842840604e-07,0.09558320045474752,-0.11810302734381148,-0.003920097116361456,-0.0020859688520429853,0.0005168770723827378,7.809698581698332e-05,0.15085741501465103,-0.0806665575235254,1_12-08-2025_OCP_Calibration_CaCl2.csv
R94,4,1.5375,2.048611111111111,-0.0057272433182148485,-0.0051379106007516,-0.0042824363335967,-0.0123551273718476,-0.0042707156389951,0.0080844117328525,0.0016002791613683577,2.5608933943098145e-06,0.2646572515368488,-0.22444020956754063,0.016014555514585593,0.008072691038250899,0.001216087750631711,0.0007609366439282998,0.00594661327314518,-0.002923658336900773,1_12-08-2025_OCP_Calibration_CaCl2.csv
R94,5,2.05,2.5805555555555557,-0.06185259160344968,-0.0617580413818359,-0.0590238571166992,-0.0670100226998329,-0.0590238571166992,0.007986165583133704,0.0018220542723333675,3.319881771328277e-06,0.15617698431013594,-0.02815246582029829,0.015136146669910538,0.007986165583133704,0.001524935070180228,0.001406669616699295,0.061879422830489146,-0.0328146189502958,1_12-08-2025_OCP_Calibration_CaCl2.csv
R94,6,2.5819444444444444,3.098611111111111,-0.10631150045199944,-0.105441763997078,-0.0993714332580566,-0.119179725646973,-0.0993714332580566,0.019808292388916404,0.005074831845970751,2.5753918264878902e-05,0.22370964288698758,0.011259913444526148,0.03840852119328379,0.019808292388916404,0.004259987446853427,0.0038436874747281025,0.10643255632850483,-0.054923491790476765,1_12-08-2025_OCP_Calibration_CaCl2.csv
R94,7,3.1,3.6347222222222224,-0.15305731086533303,-0.153012283146381,-0.147816941142082,-0.1586841642856599,-0.147816941142082,0.010867223143577909,0.003100016498926878,9.610102293618857e-06,0.05060791969336495,-0.04497528076194592,0.020161247932849433,0.010804757475852994,0.0026762483387928943,0.0026445388793945035,0.15308870144991374,-0.081842920380748,1_12-08-2025_OCP_Calibration_CaCl2.csv
R95,5,2.05,2.5805555555555557,0.00036198907232702534,0.0029296875,0.0062894821166992,-0.018934840336442,0.0062894821166992,0.0252243224531412,0.006172312928709178,3.809744688991048e-05,0.5408835411070682,-0.05630493164058037,0.04812520610134459,0.0252243224531412,0.0049139142829625875,0.0026559829711914,0.006182918645623171,0.00020133957473766765,1_12-08-2025_OCP_Calibration_CaCl2.csv
R95,6,2.5819444444444444,3.098611111111111,-0.05675884295284908,-0.0558244697749615,-0.0537697784602642,-0.0686330795288086,-0.0537150390446186,0.014918040484189994,0.0031498107788527556,9.921307942577004e-06,0.5060577392577233,-0.019706189632419324,0.029353822204446454,0.014863301068544395,0.0025142359091947647,0.001976583153009401,0.05684617455281192,-0.02931923193391412,1_12-08-2025_OCP_Calibration_CaCl2.csv
R95,7,3.1,3.6347222222222224,-0.1115761780677064,-0.11159420013427745,-0.113121509552002,-0.113121509552002,-0.110254287719727,0.002867221832274988,0.000818622961283834,6.701435527411134e-07,0.05060255527512153,-0.11810302734382147,-0.0016030368100789416,-0.0008125305175780001,0.0006923627824110476,0.0007109157741070002,0.11157918110359685,-0.059660679847002025,1_12-08-2025_OCP_Calibration_CaCl2.csv
R96,5,2.05,2.5805555555555557,-0.045040013078921144,-0.0440235137939453,-0.0385551452636719,-0.058661550283432,-0.0385551452636719,0.020106405019760097,0.00491225483312608,2.413024754557053e-05,0.22521972656249645,-3.552713678800501e-15,0.03797524397117863,0.020106405019760097,0.004075287564553717,0.0035934448242187014,0.04530709685794222,-0.023891273140907304,1_12-08-2025_OCP_Calibration_CaCl2.csv
R96,6,2.5819444444444444,3.098611111111111,-0.07120230496329213,-0.0705588385462761,-0.0680432319641113,-0.0796489715576172,-0.0680432319641113,0.011605739593505901,0.0027239798734855995,7.420066351154622e-06,0.2685132622719273,-0.016855001449606277,0.02256100203332593,0.011605739593505901,0.0023246029631621944,0.0020858794450760026,0.07125439143264652,-0.03678418562437097,1_12-08-2025_OCP_Calibration_CaCl2.csv
R96,7,3.1,3.6347222222222224,-0.11288259126284576,-0.11297702789306649,-0.110254287719727,-0.11774654686451,-0.110254287719727,0.007492259144782992,0.0015043965367178662,2.2632089396887103e-06,0.09283393621440439,-0.044975280762005874,0.013844187086726484,0.007429793477057994,0.0010823206344739988,0.0006210356950754059,0.11289261543234078,-0.060359320893055846,1_12-08-2025_OCP_Calibration_CaCl2.csv
R97,5,2.05,2.5805555555555557,-0.08600936077204448,-0.0858983993530273,-0.0828514099121094,-0.0905585438013077,-0.0828514099121094,0.007707133889198303,0.0019193064011927613,3.6837370616595084e-06,0.13643592596054788,-0.028152465820291184,0.014546978100161598,0.007707133889198303,0.0016723340922269816,0.0017967224121093056,0.08603077285179626,-0.04563177805393937,1_12-08-2025_OCP_Calibration_CaCl2.csv
R97,6,2.5819444444444444,3.098611111111111,-0.12139100108006046,-0.120738700032234,-0.119902804493904,-0.1258993148803709,-0.119902804493904,0.005996510386466897,0.0014929066952261375,2.2287704006510278e-06,0.1337242126463991,-0.16891479492188857,0.010148536903290657,0.005370900034905007,0.001144454927962808,0.0005625709891319969,0.12140018086320914,-0.06271702103937665,1_12-08-2025_OCP_Calibration_CaCl2.csv
R97,7,3.1,3.6347222222222224,-0.1723675570725777,-0.1728990599513055,-0.169504553079605,-0.173934265971184,-0.169504553079605,0.004429712891579007,0.0012893492086350242,1.662421381807763e-06,0.23627042770388043,-0.21376132965075398,0.006965682914220557,0.0037187486886980092,0.0011450037651821875,0.0008672252297399902,0.17237237932032537,-0.092170157086932,1_12-08-2025_OCP_Calibration_CaCl2.csv
R98,5,2.05,2.5805555555555557,-0.07862064942678645,-0.0786333084106445,-0.0768365859985352,-0.0815499201416969,-0.0768365859985352,0.004713334143161704,0.001112097703763001,1.2367613027149394e-06,0.13979136943811957,-0.028152465820323158,0.009043071195288289,0.004713334143161704,0.0009763309565825632,0.0010156631469726979,0.07862851440535025,-0.04171182705192933,1_12-08-2025_OCP_Calibration_CaCl2.csv
R98,6,2.5819444444444444,3.098611111111111,-0.11804516585518783,-0.118027783930302,-0.117434024810791,-0.119160652160645,-0.116355895996094,0.0028047561645510033,0.0007333277794456132,5.37769632106634e-07,0.17021834850316253,-0.0563049316403621,0.0011846015664255694,0.0004963874816889952,0.000581425828613754,0.0005078315734871053,0.11804744364623448,-0.060990506451990854,1_12-08-2025_OCP_Calibration_CaCl2.csv
R98,7,3.1,3.6347222222222224,-0.17248664792491983,-0.172508433461189,-0.171660810709,-0.173738956451416,-0.1702233403921129,0.0035156160593030894,0.0009241478218279151,8.5404919658928e-07,0.02815246581984847,-0.044975280761366386,-0.002703082993858692,-0.0014374703168870961,0.0007879760680097748,0.0007539242506029997,0.17248912360369809,-0.09223458892148403,1_12-08-2025_OCP_Calibration_CaCl2.csv
R83,5,2.05,2.5805555555555557,-0.071681269913834,-0.0728521347045898,-0.0752735137939453,-0.0775197967886925,-0.0651950836181641,0.012324713170528398,0.0033023438265831506,1.0905474748971844e-05,2.8659537434585296,-4.050178527831381,-0.00948099959300514,-0.0052853599190711975,0.0028161826148738003,0.0018749237060546042,0.07175729880095053,-0.03802957714328337,1_12-08-2025_OCP_Calibration_CaCl2.csv
R83,6,2.5819444444444444,3.098611111111111,-0.11329363777873983,-0.113332465291023,-0.112668417394161,-0.114332489669323,-0.1112153083086009,0.0031171813607221016,0.0007702898286022788,5.933464200481279e-07,0.2808380126952286,-0.08720397949214487,0.001785833458479179,0.0007301345467569942,0.0006282507219973122,0.0005624815821650003,0.11329625637045712,-0.05853540750944779,1_12-08-2025_OCP_Calibration_CaCl2.csv
R83,7,3.1,3.6347222222222224,-0.17951411958494332,-0.180145174264908,-0.180176451802254,-0.180238917469978,-0.176660820841789,0.0035780966281890036,0.00119147596079311,1.4196149651478645e-06,0.06186246871969237,-0.047829151153450766,-0.005421036265675545,-0.0029687881469729893,0.0009368725096818404,9.3743205069996e-05,0.179518073589604,-0.09599133069730467,1_12-08-2025_OCP_Calibration_CaCl2.csv
R84,4,1.5375,2.048611111111111,-0.04931030272024111,-0.0485427603125572,-0.0456685312092304,-0.0656404793262482,-0.0456685312092304,0.019971948117017795,0.0033698129897428014,1.1355639585839317e-05,1.2633794546127863,-0.14540657401083834,0.040688412945445264,0.019971948117017795,0.0024724517323563696,0.0017445385456084997,0.04942531329134552,-0.02519423222014059,1_12-08-2025_OCP_Calibration_CaCl2.csv
R84,5,2.05,2.5805555555555557,-0.10996013860322788,-0.109492301940918,-0.108086585998535,-0.125551223754883,-0.101918742060661,0.02363248169422201,0.0020483243741634535,4.195632741792103e-06,3.349695503712276,-10.732237100599368,-0.025605655836990253,-0.006167843937874007,0.0013415232848394327,0.0008592605590820035,0.10997921491983327,-0.05834684780695375,1_12-08-2025_OCP_Calibration_CaCl2.csv
R84,6,2.5819444444444444,3.098611111111111,-0.16216438729066313,-0.161004543304443,-0.158090397715569,-0.174883842468262,-0.158090397715569,0.01679344475269301,0.003795860571915961,1.4408557481426168e-05,0.28118133544933954,0.0055950880050090745,0.03257480287679633,0.01679344475269301,0.0029737424953368537,0.002101615071295998,0.1622088069829675,-0.08377892963795197,1_12-08-2025_OCP_Calibration_CaCl2.csv
R84,7,3.1,3.6347222222222224,-0.2247356090675364,-0.2246180549263955,-0.224012568593025,-0.226825103163719,-0.224012568593025,0.0028125345706939975,0.0005565703254803428,3.0977052720529475e-07,0.15752077102652676,-0.12376785278306347,0.004969257764865767,0.002640634775161993,0.000388437704197154,0.0002656206488610008,0.2247362982552746,-0.1201702947417895,1_12-08-2025_OCP_Calibration_CaCl2.csv
R87,6,2.5819444444444444,3.098611111111111,-0.10603003693250161,-0.104371450841427,-0.0960745811462402,-0.127226829528809,-0.0960745811462402,0.031152248382568803,0.007511759134479606,5.6426525294437795e-05,0.39379119873049007,0.022525191307081544,0.06061515523665223,0.031152248382568803,0.006189577509979744,0.0052187964320180025,0.10629579134284715,-0.054774379264563314,1_12-08-2025_OCP_Calibration_CaCl2.csv
R87,7,3.1,3.6347222222222224,-0.1381674821589895,-0.13750443607568746,-0.129551321268082,-0.151176363229752,-0.12946529686451,0.021711066365242004,0.005844930917911505,3.4163217435157835e-05,0.19686341285722772,-0.06193757057182978,0.0405116402423448,0.021625041961670005,0.004957892464123791,0.004671908915043002,0.13829105662908875,-0.0738781725987792,1_12-08-2025_OCP_Calibration_CaCl2.csv
R88,6,2.5819444444444444,3.098611111111111,-0.1149015704284724,-0.114629365503788,-0.111387155950069,-0.122461318969727,-0.111387155950069,0.01107416301965801,0.002474040818917293,6.120877973668952e-06,0.2815246582034007,0.0056326389314451985,0.021761329819627983,0.01107416301965801,0.0020754268939320894,0.0019687637686729986,0.11492820265236411,-0.05936300212827819,1_12-08-2025_OCP_Calibration_CaCl2.csv
R88,7,3.1,3.6347222222222224,-0.16619436512339297,-0.1664381101727485,-0.164145186543465,-0.167301371693611,-0.164145186543465,0.0031561851501460125,0.0009390920260474935,8.818938333859862e-07,0.14625549316365993,-0.10691285133385546,0.00340252805867775,0.0017968118190760107,0.0008297047601225777,0.0007031485438345059,0.1661970183023782,-0.08886941853496763,1_12-08-2025_OCP_Calibration_CaCl2.csv
R89,6,2.5819444444444444,3.098611111111111,-0.12317416179755418,-0.122285656630993,-0.12081690132618,-0.132461547851562,-0.12081690132618,0.011644646525381996,0.0025237989286229978,6.369561032118591e-06,0.2815246582026813,-1.4210854715202004e-14,0.022854980770446072,0.011644646525381996,0.0019373052872707303,0.0012031570076939946,0.12320001499822218,-0.06363517100819283,1_12-08-2025_OCP_Calibration_CaCl2.csv
R89,7,3.1,3.6347222222222224,-0.18102021839643387,-0.1811842918396,-0.1819107979536059,-0.181988999247551,-0.179145246744156,0.0028437525033949973,0.0006764702745222093,4.5761203231215323e-07,0.05630493164045633,-0.07876038551329854,-0.005187628491555677,-0.002765551209449907,0.0005888533053287569,0.0005468428134909886,0.18102148237246574,-0.09679621705371472,1_12-08-2025_OCP_Calibration_CaCl2.csv
R90,1,0.0,0.5097222222222222,0.018211855831475034,0.0190985109657049,0.0200114063918591,0.0136074731126428,0.0200199987739325,0.006412525661289699,0.0017560506063343266,3.0837137320071562e-06,0.16594156622887157,-0.07706187665460273,0.012757194673885561,0.0064039332792163,0.00153512874055242,0.0008546924218535996,0.018296322213998045,0.009284935425320223,1_12-08-2025_OCP_Calibration_CaCl2.csv
R90,2,0.5111111111111111,1.023611111111111,-0.0070449718095521524,-0.0051992419175803505,0.0010429382091388,-0.0268973670899868,0.0010429382091388,0.0279403052991256,0.005841386224708363,3.412179302621262e-05,0.8026912808418277,-0.19967650529000475,0.05551581917884378,0.0279403052991256,0.004817066368958065,0.0034883024636656506,0.009151689506511743,-0.003602378270963713,1_12-08-2025_OCP_Calibration_CaCl2.csv
R90,3,1.025,1.5361111111111112,0.009356391801318026,0.0096957394853234,0.0139199728146195,-0.0095585826784372,0.0144535731524229,0.0240121558308601,0.004408088232973226,1.9431241869677015e-05,0.8915748260915553,-2.7528853062539977,0.04680189690211892,0.023478555493056698,0.0030954893511111322,0.0024062539450824,0.010342790213933965,0.004792122055025362,1_12-08-2025_OCP_Calibration_CaCl2.csv
R90,4,1.5375,2.048611111111111,0.012119567944610795,0.0131824677810073,0.0140207577496767,-0.0050879097543656,0.0145613858476281,0.0196492956019937,0.0028755883196222385,8.269008183947848e-06,1.367440950125453,-0.11531520634888892,0.03898948226578293,0.0191086675040423,0.0019447464197702416,0.0009906291961669991,0.012456040115060057,0.0062050752049496215,1_12-08-2025_OCP_Calibration_CaCl2.csv
R90,5,2.05,2.5805555555555557,-0.036191556768068754,-0.0346488952636719,-0.0255861282348633,-0.465041160583496,-0.0255861282348633,0.4394550323486327,0.022885682116727583,0.0005237544459479048,151.70711517329246,-153.64757537836945,0.04941588788056072,0.0262964889407158,0.0065398617936599235,0.004843711853027403,0.04282035996163797,-0.01919809981870165,1_12-08-2025_OCP_Calibration_CaCl2.csv
R90,6,2.5819444444444444,3.098611111111111,-0.06746274154962867,-0.0683635696768761,-0.0552385337650776,-0.0862112045288086,-0.0552385337650776,0.030972670763730996,0.007762722440545953,6.025985968895572e-05,0.5060577392577233,-0.002814978361140419,0.060509945048722945,0.030972670763730996,0.006837967069664363,0.005945302546024309,0.06790788876913308,-0.03485121906786743,1_12-08-2025_OCP_Calibration_CaCl2.csv
R90,7,3.1,3.6347222222222224,-0.11161295843788376,-0.1128715500235559,-0.1131996139884,-0.1131996139884,-0.106348037719727,0.006851576268672999,0.002165209585598729,4.68813254956862e-06,0.6131047010422555,-0.23057341575620952,-0.0004517437571694612,-0.0005078315734870081,0.0017705470306160587,0.00021095573902110698,0.11163395820182288,-0.059680078137252054,1_12-08-2025_OCP_Calibration_CaCl2.csv
R75,1,0.0,0.5097222222222222,0.011951701446061773,0.012200050055980599,0.0121246529743074,0.0051707266829907,0.0123168462887406,0.0071461196057499,0.0009172725075432818,8.4138885309474e-07,0.45787587761879966,-0.011813789606076597,0.014228387229630235,0.0069539262913167,0.00045037040386553933,7.226038724190108e-05,0.011986849307006817,0.0060966367254473375,1_12-08-2025_OCP_Calibration_CaCl2.csv
R75,2,0.5111111111111111,1.023611111111111,-0.02328724277684011,-0.0225313184782862,-0.0196446422487497,-0.0350770838558674,-0.0196446422487497,0.015432441607117701,0.003233268845260204,1.0454027425730253e-05,0.2865967154502851,0.005595758557308095,0.030264821406957396,0.015432441607117701,0.0025041564197774064,0.0020361403003335,0.02351062958691711,-0.011929054117192407,1_12-08-2025_OCP_Calibration_CaCl2.csv
R75,3,1.025,1.5361111111111112,-0.028867130998148496,-0.0267778337001801,-0.022905945777893,-0.0571994781494141,-0.022905945777893,0.03429353237152109,0.006435341451154726,4.1413619592950214e-05,1.6031804680824537,-5.370207577943814,0.06909797467836522,0.03429353237152109,0.004642752638883894,0.002659382298588798,0.029575748032082235,-0.014738775869934929,1_12-08-2025_OCP_Calibration_CaCl2.csv
R75,4,1.5375,2.048611111111111,-0.028770836706205102,-0.0270840879529715,-0.0242543891072273,-0.0499482341110706,-0.0242543891072273,0.025693845003843297,0.0049902840738123766,2.490293513734545e-05,0.7211253046988917,0.0005625933408701655,0.05111680161662222,0.025693845003843297,0.00362838776749529,0.0021250098943710986,0.029200410612052433,-0.01469352421247296,1_12-08-2025_OCP_Calibration_CaCl2.csv
R75,5,2.05,2.5805555555555557,-0.08054487844904783,-0.0800390243530273,-0.0776958465576172,-0.0873530656099319,-0.0776958465576172,0.009657219052314703,0.0021920636418622176,4.805143009974249e-06,0.16891479492185724,-0.05596160888670454,0.018188738636186547,0.009657219052314703,0.0017834746667524785,0.0014848709106446006,0.0805747019068756,-0.04273078331930772,1_12-08-2025_OCP_Calibration_CaCl2.csv
R75,6,2.5819444444444444,3.098611111111111,-0.12419016813065348,-0.123660661280155,-0.122098162770271,-0.158410742878914,-0.122098162770271,0.036312580108642994,0.0026935176655461094,7.255037414608964e-06,10.060354471208534,-10.681902766225129,0.02166955224952451,0.010831639170647,0.001526889402241646,0.0010313019156450026,0.12421937408365324,-0.06416030379219186,1_12-08-2025_OCP_Calibration_CaCl2.csv
R75,7,3.1,3.6347222222222224,-0.19283288412297944,-0.1930241659283635,-0.195879653096199,-0.196199998259544,-0.1890983581542969,0.007101640105247109,0.00199828250145007,3.993132955601549e-06,0.7059359550472664,-0.5625021457669988,-0.006776191101173522,-0.003820329904556108,0.0016047566958717102,0.0013203620910650082,0.19284323771432071,-0.1031104496990641,1_12-08-2025_OCP_Calibration_CaCl2.csv
R76,1,0.0,0.5097222222222222,0.002784829806288381,0.003069152822718,0.0045230672694742,-0.0022597694769501,0.0045230672694742,0.0067828367464243,0.001497885811575325,2.24366190451867e-06,0.2115005627274482,0.0011260248720481592,0.013561192292557797,0.0067828367464243,0.0012404063859140866,0.0011296891607343999,0.0031621098896956207,0.0014217857219692529,1_12-08-2025_OCP_Calibration_CaCl2.csv
R76,2,0.5111111111111111,1.023611111111111,-0.019325301765992828,-0.01935419533401725,-0.019160270690918,-0.0208129696547985,-0.0186481177806854,0.0021648518741131002,0.00034214881864267304,1.1706581409857675e-07,0.07847003638746042,-0.010969564318668468,0.0033057646171465787,0.0016526989638805008,0.0002397234515825106,0.00016795191913845063,0.019328330351087858,-0.00990329865728401,1_12-08-2025_OCP_Calibration_CaCl2.csv
R76,3,1.025,1.5361111111111112,-0.01948895964640265,-0.0180098339915276,-0.0164137352257967,-0.040964987128973,-0.0164137352257967,0.0245512519031763,0.004036251824210586,1.6291328788443283e-05,1.5019002556800547,-2.2398832440376264,0.04994302079444959,0.0245512519031763,0.002772161314859649,0.0012461002916097988,0.01990253443377386,-0.009948245483812776,1_12-08-2025_OCP_Calibration_CaCl2.csv
R76,4,1.5375,2.048611111111111,-0.02058621492933451,-0.0191098395735025,-0.0169363878667355,-0.0403942912817001,-0.0169363878667355,0.0234579034149646,0.004287876925396476,1.8385888527347534e-05,0.7576891779899524,-0.0014074891805160306,0.04680430198588007,0.0234579034149646,0.003014761904396101,0.0016539189964531985,0.021028032091570115,-0.010510622179653078,1_12-08-2025_OCP_Calibration_CaCl2.csv
R76,5,2.05,2.5805555555555557,-0.0740675264021124,-0.0737113952636719,-0.0726175308227539,-0.0790975615382195,-0.0726175308227539,0.006480030715465587,0.0013305432383909474,1.7703453092278694e-06,0.14076232910155895,-0.056304931640607236,0.01229894379100423,0.006480030715465587,0.0010193133064227478,0.000781059265136691,0.07407947632534159,-0.039294451480317474,1_12-08-2025_OCP_Calibration_CaCl2.csv
R76,6,2.5819444444444444,3.098611111111111,-0.1256447465985454,-0.124254420399666,-0.122418403625488,-0.162168607115746,-0.122418403625488,0.039750203490257985,0.004014335071119631,1.611488606322105e-05,9.677860736849048,-10.158786177633338,0.03115603655339298,0.01582431793212899,0.0027730400636967376,0.0015234053134919878,0.1257088590111131,-0.0649099443314804,1_12-08-2025_OCP_Calibration_CaCl2.csv
R76,7,3.1,3.6347222222222224,-0.18909962803434208,-0.189168646931648,-0.18925467133522,-0.192645266652107,-0.186793714761734,0.00585155189037298,0.0008733079488986484,7.626667736095643e-07,0.720017552375495,-0.5456417798998388,-0.00442283758845339,-0.0023828595876690117,0.0005302548455713263,5.4746866226002e-05,0.1891016445975554,-0.10111721274960372,1_12-08-2025_OCP_Calibration_CaCl2.csv
R77,1,0.0,0.5097222222222222,0.02719736259187692,0.0269438503310084,0.0262559596449136,0.0259176716208457,0.0286653414368629,0.0027476698160171995,0.0008484497812281448,7.198670312660869e-07,0.2958758175373902,-0.030939951539052046,0.0010631077558450855,0.00033828802406789954,0.0007606274293188102,0.0006625037640333488,0.027210593506671116,0.013864642525246985,1_12-08-2025_OCP_Calibration_CaCl2.csv
R77,2,0.5111111111111111,1.023611111111111,-0.0028852343752372536,-0.0019101619836873998,-0.0001835823059082,-0.0180848315358162,-0.0001835823059082,0.017901249229908,0.0031847783793674854,1.0142813325686587e-05,0.49837455153468196,0.0,0.03550834249000293,0.017901249229908,0.002151849352130867,0.0012251996959094002,0.004297370210458635,-0.0014700034887735031,1_12-08-2025_OCP_Calibration_CaCl2.csv
R77,3,1.025,1.5361111111111112,-0.0007280598064772665,0.0002496147062629,0.0021433639340102,-0.0219962131232023,0.0021433639340102,0.0241395770572125,0.003551058380464087,1.2610015621464223e-05,1.2093892693519717,-1.3140026293694804,0.04869313342723876,0.0241395770572125,0.0021906385307474342,0.0010921955108642,0.0036249257514150463,-0.000359343949993773,1_12-08-2025_OCP_Calibration_CaCl2.csv
R77,4,1.5375,2.048611111111111,0.0010823373332298626,0.0025269603356719,0.0040011880919337,-0.0170559212565422,0.0040011880919337,0.0210571093484759,0.0038638327426828976,1.4929203463428442e-05,0.6733109056950014,0.0,0.042003965595873424,0.0210571093484759,0.002617594022802922,0.0011796951293945,0.004012562468838531,0.0005637636702001728,1_12-08-2025_OCP_Calibration_CaCl2.csv
R77,5,2.05,2.5805555555555557,-0.05116581504400965,-0.0509767532348633,-0.0491800308227539,-0.0566474795341492,-0.0491800308227539,0.007467448711395298,0.0015105146198695376,2.2816544168396137e-06,0.14076232910153408,-0.028152465820305395,0.014194792851455997,0.007467448711395298,0.0011969053213541846,0.0010938644409178994,0.051188106856325945,-0.02714387973149619,1_12-08-2025_OCP_Calibration_CaCl2.csv
R77,6,2.5819444444444444,3.098611111111111,-0.09230005589311309,-0.0919182822108269,-0.0918714553117752,-0.122824668884277,-0.0912307724356651,0.031593896448611894,0.002020228127301556,4.081321686340352e-06,9.469734728338217,-10.006895363328852,0.016588463220795994,0.0080116242170334,0.0007779696579313844,0.00022658705711359195,0.09232216223398441,-0.04768339386209845,1_12-08-2025_OCP_Calibration_CaCl2.csv
R77,7,3.1,3.6347222222222224,-0.16104927767126057,-0.161121651530266,-0.161121651530266,-0.165246680378914,-0.159793570637703,0.005453109741210993,0.0007390452355600401,5.461878602039952e-07,0.7284611463543484,-0.5315655469895475,0.008408405620198636,0.004125028848647988,0.0004347684842704512,9.760260581999358e-05,0.1610509733789119,-0.08611366252104444,1_12-08-2025_OCP_Calibration_CaCl2.csv
R78,1,0.0,0.5097222222222222,0.02608646523794564,0.025216502137482152,0.0249582957476377,0.0249582957476377,0.0297067537903786,0.004748458042740898,0.0015037624906140009,2.261301628177623e-06,0.2840647101402233,-0.043032020330411314,-0.004727012558799914,-0.0026117321103811993,0.0012290575651589257,0.00020429585129025027,0.02612977172190227,0.01329660423022384,1_12-08-2025_OCP_Calibration_CaCl2.csv
R78,2,0.5111111111111111,1.023611111111111,-0.00425367068461566,-0.0035390855045989,-0.0029023170936852,-0.0147957606241107,-0.0029023170936852,0.0118934435304255,0.0020387882942705894,4.15665770885478e-06,0.40444090962415363,-0.016891462728396034,0.023690539991130882,0.0118934435304255,0.0012829413721093025,0.0005439661908894502,0.0047170299979980455,-0.0021736237700679117,1_12-08-2025_OCP_Calibration_CaCl2.csv
R78,3,1.025,1.5361111111111112,-0.005177905000014274,-0.0036597822327166,-0.0022910214029252,-0.0314024947583675,-0.0022910214029252,0.029111473355442296,0.004246881408311118,1.8036001696258624e-05,1.7269147932529711,-2.1476313471794106,0.05914668234564886,0.029111473355442296,0.0027069587615008513,0.0010820294264704002,0.006696768017889782,-0.0026302780373953093,1_12-08-2025_OCP_Calibration_CaCl2.csv
R78,4,1.5375,2.048611111111111,-0.006848345424848641,-0.0058074472472071,-0.0043582152575254,-0.0241332948207855,-0.0043582152575254,0.019775079563260103,0.003358762517489987,1.1281285648895675e-05,0.6811898946762284,-0.0036563538015004227,0.039516172212798524,0.019775079563260103,0.0020606887166028003,0.0005593774840235996,0.007627654993963806,-0.003489991259347211,1_12-08-2025_OCP_Calibration_CaCl2.csv
R78,5,2.05,2.5805555555555557,-0.059165441141738585,-0.0587892532348633,-0.0576171875,-0.064373292028904,-0.0576171875,0.006756104528904003,0.0014178544862634068,2.010311344217269e-06,0.14076232910158737,-0.028152465820316053,0.012827423004817809,0.006756104528904003,0.0011295320153271405,0.0009374618530273993,0.059182427601786915,-0.031388012107668666,1_12-08-2025_OCP_Calibration_CaCl2.csv
R78,6,2.5819444444444444,3.098611111111111,-0.09818068827844496,-0.0976995453238487,-0.0993558913469315,-0.13812942802906,-0.0911839529871941,0.0469454750418659,0.005535268649850686,3.0639199026019836e-05,9.967552721502564,-10.40065437555127,0.0325210364510687,0.016308590769767498,0.003726721760049013,0.001999944448471,0.09833659923881444,-0.05071373130712243,1_12-08-2025_OCP_Calibration_CaCl2.csv
R78,7,3.1,3.6347222222222224,-0.1742314351577833,-0.174020200967789,-0.1738326996564869,-0.185129642486572,-0.172981172800064,0.012148469686507984,0.0012394177029920919,1.536156242490193e-06,1.3669073581696591,-0.5231165885923943,0.022893598969117558,0.011296942830085088,0.0006238623008193337,0.0001874938607215465,0.17423584348056323,-0.09315812888865671,1_12-08-2025_OCP_Calibration_CaCl2.csv
R79,1,0.0,0.5097222222222222,0.02846355036751407,0.02844229619950055,0.0291075315326452,0.0275239367038012,0.029496593400836,0.001972656697034801,0.0005163093098188514,2.665753034056187e-07,0.18393114209169614,-0.02981074154378227,0.0033528250439656864,0.001583594828844001,0.0004463874348060743,0.0004480509087443508,0.028468232731018197,0.014508709446009658,1_12-08-2025_OCP_Calibration_CaCl2.csv
R79,2,0.5111111111111111,1.023611111111111,-0.002034439300365849,-0.0013164043775759,0.00034761428833,-0.012452001683414,0.00034761428833,0.012799615971744,0.0024050873571487322,5.784445195516673e-06,0.2891260385513291,0.0,0.025298071672787394,0.012799615971744,0.0017398202294589393,0.0011814308309112502,0.003150141022619425,-0.0010370699269969755,1_12-08-2025_OCP_Calibration_CaCl2.csv
R79,3,1.025,1.5361111111111112,-0.0024303822215533057,-0.000894927943591,0.0009644603705964,-0.0265274047851562,0.0009644603705964,0.027491865155752603,0.004251253551201552,1.8073156756603813e-05,1.8731005489825994,-1.9091320037842023,0.05618684385653254,0.027491865155752603,0.002935853294801282,0.0014218806172721,0.004896929088668346,-0.001227818843813738,1_12-08-2025_OCP_Calibration_CaCl2.csv
R79,4,1.5375,2.048611111111111,-0.001889485240270919,-0.0010941409273073,0.0011386775877326,-0.0183840561658144,0.0011386775877326,0.019522733753547,0.003335233356953253,1.1123781545333664e-05,0.6598180532455218,0.00421601347627204,0.03899482158353403,0.019522733753547,0.0021787952817473397,0.0014164162566885,0.0038332670163367588,-0.0009563852282929546,1_12-08-2025_OCP_Calibration_CaCl2.csv
R79,5,2.05,2.5805555555555557,-0.05215478686533149,-0.0519142150878906,-0.0509767532348633,-0.0560795105993748,-0.0509767532348633,0.005102757364511497,0.0010370825397182292,1.0755401941884123e-06,0.14041900634764914,-0.02815246582034092,0.009722296858581269,0.005102757364511497,0.0008442381819209811,0.0007028579711913993,0.05216509688635057,-0.027669104496534515,1_12-08-2025_OCP_Calibration_CaCl2.csv
R79,6,2.5819444444444444,3.098611111111111,-0.0999407048759128,-0.0996917709708214,-0.0998167991638184,-0.128684043884277,-0.0990511924028397,0.02963285148143731,0.001794065426058427,3.2186707529782053e-06,9.194078743459848,-9.672225415705292,0.013399712202073862,0.006394863128661596,0.0005670031253708268,8.592754602430863e-05,0.09995680648083591,-0.05163176206664906,1_12-08-2025_OCP_Calibration_CaCl2.csv
R79,7,3.1,3.6347222222222224,-0.1708733840155478,-0.170863911509514,-0.170801445841789,-0.173918634653091,-0.168957710266113,0.004960924386977983,0.0008431569314716214,7.109136110886405e-07,0.6637179851533067,-0.5203056335450142,0.005522904618417973,0.0025077909231190076,0.0005052132259621424,0.00017185509204800664,0.17087546423795305,-0.09136815401208073,1_12-08-2025_OCP_Calibration_CaCl2.csv
R80,1,0.0,0.5097222222222222,0.004980999726799535,0.0049640845973044,0.0050605675205588,0.0016113376477733,0.0055457209236919,0.0039343832759186,0.0004540285191622936,2.0614189621270518e-07,0.2621268387883441,-0.00787597149607211,0.0071069388270742165,0.0034492298727855,0.00022952200274175286,8.242600597439982e-05,0.005001649745293021,0.0025412110373306427,1_12-08-2025_OCP_Calibration_CaCl2.csv
R80,2,0.5111111111111111,1.023611111111111,-0.0193640535042898,-0.0193360336124897,-0.0186914447695017,-0.0214754678308964,-0.0186914447695017,0.0027840230613946984,0.0004942505214017326,2.4428357790588445e-07,0.058498978614803576,-0.013499557971981872,0.0053628304520167815,0.0027652736753225014,0.0003551488208065449,0.00023050419986250098,0.019370360133330097,-0.009923091270805644,1_12-08-2025_OCP_Calibration_CaCl2.csv
R80,3,1.025,1.5361111111111112,-0.02475912950246475,-0.0235879793763161,-0.0210825055837631,-0.0464962981641293,-0.0210825055837631,0.0254137925803662,0.004163196263011562,1.733220312435344e-05,1.417512595653579,-2.172664403915407,0.051520061565608476,0.0254137925803662,0.0027621947159689126,0.0014156289398670023,0.02510670621256747,-0.012642124145188267,1_12-08-2025_OCP_Calibration_CaCl2.csv
R80,4,1.5375,2.048611111111111,-0.018321403105387345,-0.0174324885010719,-0.0144910709932446,-0.0352997444570064,-0.0144910709932446,0.0208086734637618,0.003750177725375155,1.4063832971899971e-05,0.6513798236846398,0.0059048831462398255,0.04149406421475295,0.0208086734637618,0.002685430279003196,0.0019984431564807996,0.018701273879658496,-0.009355142136337228,1_12-08-2025_OCP_Calibration_CaCl2.csv
R80,5,2.05,2.5805555555555557,-0.07067677131598674,-0.070429801940918,-0.0693359375,-0.0746475458145142,-0.0693359375,0.005311608314514202,0.0010559664430453259,1.1150651288377974e-06,0.11226654052736862,-0.056304931640603684,0.010127369946662102,0.005311608314514202,0.0008459796188233407,0.000781059265136802,0.07068465935958894,-0.03749612732273011,1_12-08-2025_OCP_Calibration_CaCl2.csv
R80,6,2.5819444444444444,3.098611111111111,-0.10928450714567071,-0.1089496612548829,-0.108683966100216,-0.138324737548828,-0.108660601079464,0.029664136469363986,0.0018004154500259606,3.2414957926921824e-06,9.047858119013128,-9.551273882388166,0.008121196769855496,0.0040117278695110115,0.0006161249330018804,0.00021094828844089863,0.10929933667623444,-0.056461710187916944,1_12-08-2025_OCP_Calibration_CaCl2.csv
R80,7,3.1,3.6347222222222224,-0.17537971238552597,-0.176559254527092,-0.1773561537265779,-0.177801415324211,-0.168426424264908,0.009374991059303006,0.0024545576973524293,6.024853489632059e-06,0.517489314079242,-0.5568695068359446,-0.01656899180437011,-0.008906275033950889,0.002009474496533669,0.0005663931369779968,0.17539688814206322,-0.09378286939528255,1_12-08-2025_OCP_Calibration_CaCl2.csv
R81,1,0.0,0.5097222222222222,0.030885682942386222,0.03123566601425405,0.031717699021101,0.026209868490696,0.0317208170890808,0.005510948598384798,0.0009694300248157533,9.397945730142721e-07,0.24299740791316804,-0.04022039473056083,0.011107114994007468,0.0055078305304049995,0.0007546504700940604,0.0004640659317373466,0.030900893278198633,0.015745788248669765,1_12-08-2025_OCP_Calibration_CaCl2.csv
R81,2,0.5111111111111111,1.023611111111111,0.003657559653003883,0.0040898323059082,0.0045898440293967,-0.0043699359521269,0.0045898440293967,0.0089597799815236,0.0014812809666591455,2.1941933021866528e-06,0.28518453240393693,-0.0016891211271241602,0.017820632034862033,0.0089597799815236,0.0008700203857229966,0.00024223327636710076,0.0039461292322310665,0.0018794265521844466,1_12-08-2025_OCP_Calibration_CaCl2.csv
R81,3,1.025,1.5361111111111112,0.0017077727169459828,0.0028668115846812,0.0036902523133903,-0.0191524513065815,0.0036902523133903,0.022842703619971802,0.003373246005780187,1.1378788615511984e-05,1.5075302124023342,-1.5387245547026456,0.04661843067080469,0.022842703619971802,0.002035898028665039,0.0004515647888183997,0.0037809094498886175,0.0008859711556245313,1_12-08-2025_OCP_Calibration_CaCl2.csv
R81,4,1.5375,2.048611111111111,0.0031966914716046583,0.0041433717124164,0.005391817074269,-0.0126824658364058,0.005391817074269,0.0180742829106748,0.0030958029188702892,9.583995712485802e-06,0.6300006061792702,-0.0036563538015002006,0.03612587955303315,0.0180742829106748,0.001969906904225101,0.0005218791775404999,0.004450037311879054,0.00164336732972665,1_12-08-2025_OCP_Calibration_CaCl2.csv
R81,5,2.05,2.5805555555555557,-0.047230705900929926,-0.0470705032348633,-0.0463676452636719,-0.0513396449387074,-0.0463676452636719,0.0049719996750354975,0.0008645639445387248,7.474708141963593e-07,0.14076232910155184,-0.055961608886740066,0.009500678463331143,0.0049719996750354975,0.0005859211704345771,0.00039100646972660413,0.0472386182134314,-0.025056259326326363,1_12-08-2025_OCP_Calibration_CaCl2.csv
R81,6,2.5819444444444444,3.098611111111111,-0.09369572663514927,-0.0938245803117752,-0.0942854881286621,-0.1213637366890909,-0.0924339294433594,0.028929807245731493,0.001688824607256207,2.8521285540740813e-06,9.165961146356963,-9.64129149913709,0.007396259672217174,0.0033316612243652066,0.0005787846509420956,0.00024213641881939973,0.09371094556263262,-0.04840632599468032,1_12-08-2025_OCP_Calibration_CaCl2.csv
R81,7,3.1,3.6347222222222224,-0.1647260939519022,-0.16491079330444344,-0.166809186339378,-0.169113919138908,-0.1623248159885409,0.0067891031503670984,0.001384464367426442,1.916741584673498e-06,0.8100271224973312,-0.5428254604338036,0.005275390926421376,0.0023047327995300015,0.0011624365288118764,0.0009257346391675497,0.16473191181503233,-0.08807820932318768,1_12-08-2025_OCP_Calibration_CaCl2.csv
R82,1,0.0,0.5097222222222222,0.027925823420367153,0.028416904620826203,0.028977058827877,0.0248403251171112,0.028991125524044,0.0041508004069328,0.00109523859613244,1.1995475824581581e-06,0.06243780255321685,-0.006186515092846179,0.00817920688701706,0.0041367337107658005,0.0009309997852422465,0.0005042981356382474,0.027947292557383527,0.014235825453781412,1_12-08-2025_OCP_Calibration_CaCl2.csv
R82,2,0.5111111111111111,1.023611111111111,-0.010779218536776429,-0.00956640252843495,-0.0094961170107126,-0.0213473401963711,-0.0091289523988962,0.0122183877974749,0.002509058858365155,6.295376354740656e-06,0.2311869710683805,-0.028118267655372176,0.02327998757765104,0.0118512231856585,0.0017827000378354268,0.0004218104295432498,0.011067381290003758,-0.005517901569449635,1_12-08-2025_OCP_Calibration_CaCl2.csv
R82,3,1.025,1.5361111111111112,-0.013291968784842692,-0.0114730931818485,-0.008919171988964,-0.0367696769535542,-0.008919171988964,0.027850504964590204,0.005078164202155305,2.5787751664051628e-05,1.350014805793807,-3.037793487310414,0.05618393512033843,0.027850504964590204,0.00358325502634677,0.0017062574625014999,0.0142289910338465,-0.00678040563491069,1_12-08-2025_OCP_Calibration_CaCl2.csv
R82,4,1.5375,2.048611111111111,-0.008073629726855132,-0.0068058869801461,-0.0047175977379083,-0.0260184574872255,-0.0047175977379083,0.0213008597493172,0.0038340340558933737,1.4699817141750192e-05,0.7312533259391311,0.00253016129138417,0.042560368594599975,0.0213008597493172,0.002680343458909734,0.0015101623721421,0.008937746590058875,-0.0041163907522180215,1_12-08-2025_OCP_Calibration_CaCl2.csv
R82,5,2.05,2.5805555555555557,-0.06244331438765512,-0.0620708465576172,-0.0601177215576172,-0.0681936144828796,-0.0601177215576172,0.008075892925262396,0.0017782044223504311,3.1620109676666306e-06,0.1407623291015696,-0.028152465820305395,0.015323186978969866,0.008075892925262396,0.0014305547984893717,0.001172065734863302,0.06246862830800116,-0.03312726908673845,1_12-08-2025_OCP_Calibration_CaCl2.csv
R82,6,2.5819444444444444,3.098611111111111,-0.10722828984020859,-0.106973074376583,-0.1055511459708209,-0.137098222970963,-0.1055511459708209,0.0315470770001421,0.0023031694090690146,5.304589326871314e-06,9.011296927931475,-9.390977025031539,0.021339769977044763,0.010504342615605011,0.001111169123029428,0.000578120350837999,0.10725302201515187,-0.05539631776822107,1_12-08-2025_OCP_Calibration_CaCl2.csv
R82,7,3.1,3.6347222222222224,-0.12335419394268891,-0.121207479387522,-0.11893405765295,-0.189699932932854,-0.114457421004772,0.075242511928082,0.007114667867355068,5.0618498862774714e-05,12.580375671385397,-1.3162243366247803,0.12653393989399436,0.068937785923481,0.004158576653849808,0.0016913935542110445,0.12355919901858091,-0.06591849432119892,1_12-08-2025_OCP_Calibration_CaCl2.csv
R75,1,0.0,0.5055555555555555,-0.01584059853473159,-0.0162930488586426,-0.0336836837232113,-0.0336836837232113,-0.0122774122282863,0.021406271494925,0.002376682431386194,5.648619379659791e-06,0.6338147073983996,-5.5687641352415485,-0.043201490503843046,-0.015106661245226902,0.0018277243927720492,0.0015468597412108993,0.01601790190125412,-0.007979719940986897,5_06-17-2026_OCP_Calibration_CaCl2.csv
R75,2,0.5083333333333333,1.0055555555555555,-0.02236427448482977,-0.02126960828900335,-0.0507853515446186,-0.0507853515446186,-0.0182539951056242,0.0325313564389944,0.003963981636889632,1.571315041759821e-05,0.18984071910380518,-11.711288318038026,-0.0672736112028364,-0.0176328644156456,0.002826928122911924,0.001937485300004451,0.022712858112760845,-0.011065556910923785,5_06-17-2026_OCP_Calibration_CaCl2.csv
R75,3,1.0083333333333333,1.5027777777777778,-0.04571562934687684,-0.0448599345982075,-0.102080464363098,-0.102080464363098,-0.0437778979539871,0.058302566409110905,0.004514333529566788,2.037920721617093e-05,0.09843170642852568,-20.98892390728,-0.16208230200426568,-0.051576349884271504,0.0016850354783298626,0.0008835941553115984,0.045937979644268184,-0.0225189037879722,5_06-17-2026_OCP_Calibration_CaCl2.csv
R75,4,1.5055555555555555,2.0027777777777778,-0.10102703136702379,-0.10009022057056399,-0.164598271250725,-0.164598271250725,-0.0986761078238487,0.06592216342687629,0.005086251427499189,2.586995358373754e-05,0.11250793933883936,-23.731978833675548,-0.18315685540437793,-0.05877360701560999,0.001949625309142791,0.0011250041425225413,0.10115498514861908,-0.050137928273114904,5_06-17-2026_OCP_Calibration_CaCl2.csv
R75,5,2.0055555555555555,2.5055555555555555,-0.1620483725275124,-0.161340430378914,-0.215871915221214,-0.215871915221214,-0.160707667469978,0.05516424775123599,0.0041474529048478636,1.720136559793098e-05,0.022519826889118102,-19.859129190445028,-0.15690223288140914,-0.051336109638214,0.0012604196050665626,0.0005311965942380037,0.1621014386253662,-0.08094597657521566,5_06-17-2026_OCP_Calibration_CaCl2.csv
R75,6,2.5083333333333333,3.0055555555555555,-0.21353514012363217,-0.2133602201938625,-0.212020307779312,-0.215770348906517,-0.212020307779312,0.003750041127205006,0.001095368203369258,1.1998315009523965e-06,0.022487640380999343,0.002797544002497432,0.007570371031761917,0.003750041127205006,0.0009496260719535046,0.0009101405739784935,0.21353794955257996,-0.10617341637197467,5_06-17-2026_OCP_Calibration_CaCl2.csv
R75,7,3.0083333333333333,3.5194444444444444,-0.24333835969100126,-0.242965742945671,-0.240911051630974,-0.248223587870598,-0.240911051630974,0.007312536239623996,0.0018507270978166768,3.4251907905929393e-06,0.06467878818503993,0.002816319465717153,0.01441221945994613,0.007312536239623996,0.0015098909838866736,0.0012499690055849944,0.2433453975071189,-0.12436952561967904,5_06-17-2026_OCP_Calibration_CaCl2.csv
R77,1,0.0,0.5055555555555555,-0.04030967357217288,-0.0403477661311626,-0.057769775390625,-0.057769775390625,-0.0383946411311626,0.019375134259462398,0.001635408033755133,2.6745594368708308e-06,0.5283978581428563,-5.909099578857453,-0.043123376662614156,-0.014431722462177297,0.0009604338651637581,0.0008906349539756012,0.04034283508793109,-0.02035032319318917,5_06-17-2026_OCP_Calibration_CaCl2.csv
R77,2,0.5083333333333333,1.0055555555555555,-0.04572851368122631,-0.04455094411969185,-0.0713167190551758,-0.0713167190551758,-0.0407853126525879,0.030531406402587898,0.004344274575888223,1.8872721590708798e-05,0.1870250701904297,-10.991306304931681,-0.05796127021312752,-0.013968847692012794,0.00332061342159171,0.00245704501867295,0.04593440633212549,-0.022685556020587683,5_06-17-2026_OCP_Calibration_CaCl2.csv
R77,3,1.0083333333333333,1.5027777777777778,-0.06577562032964643,-0.0649912655353546,-0.102079682052135,-0.102079682052135,-0.0636826604604721,0.03839702159166289,0.0032435789462562097,1.0520804380596544e-05,0.10265350341796164,-13.822927772998689,-0.10058348988021464,-0.030950546264647993,0.0016787628738000825,0.001001574099063901,0.0658555467225836,-0.03246453230579694,5_06-17-2026_OCP_Calibration_CaCl2.csv
R77,4,1.5055555555555555,2.0027777777777778,-0.11322090869976414,-0.1123324409127235,-0.167691990733147,-0.167691990733147,-0.111707501113415,0.055984489619732,0.004289494647690885,1.839976433256875e-05,0.11250793933883936,-20.15441626310359,-0.15681292861700152,-0.050570480525493997,0.001503700005051505,0.0005781203508374994,0.11330213559828824,-0.056214880043019846,5_06-17-2026_OCP_Calibration_CaCl2.csv
R77,5,2.0055555555555555,2.5055555555555555,-0.16638549429606334,-0.165903002023697,-0.21026249229908,-0.21026249229908,-0.165395170450211,0.04486732184886902,0.00334178193717991,1.1167506515661912e-05,0.011259913444558123,-16.152235865592903,-0.12928237078598104,-0.042570501565933005,0.0008955950281936323,0.000406265258789007,0.1664190500473458,-0.08312999229464264,5_06-17-2026_OCP_Calibration_CaCl2.csv
R77,6,2.5083333333333333,3.0055555555555555,-0.20895092313488325,-0.2088640704751015,-0.208012491464615,-0.210215672850609,-0.208012491464615,0.0022031813859939853,0.0006446713830202047,4.156011920851835e-07,0.008448958396801739,0.001405477523704235,0.0044376552104949864,0.0022031813859939853,0.000556278408125575,0.0005351528525354976,0.20895191762726653,-0.10389458911700382,5_06-17-2026_OCP_Calibration_CaCl2.csv
R78,1,0.0,0.5055555555555555,-0.02245577157073008,-0.0231524463742971,-0.0481056235730648,-0.0481056235730648,-0.0132148740813136,0.034890749491751194,0.006080171899421878,3.696849032651945e-05,0.46590574085711933,-6.364689543843285,-0.07510809991203383,-0.029987195506691898,0.005261000885101362,0.0052344314754009,0.023264354002708276,-0.011323039365621904,5_06-17-2026_OCP_Calibration_CaCl2.csv
R78,2,0.5083333333333333,1.0055555555555555,-0.037395581002864574,-0.0359688773751259,-0.068199448287487,-0.068199448287487,-0.0343243591487408,0.0338750891387462,0.0039057909747910254,1.5255203138759027e-05,0.18000438809392902,-12.195032089948675,-0.07462511956691774,-0.0206250213086605,0.0027195105184283468,0.0013750065118074487,0.037598998413263154,-0.018536993452451293,5_06-17-2026_OCP_Calibration_CaCl2.csv
R78,3,1.0083333333333333,1.5027777777777778,-0.06550416287929652,-0.0649982914328575,-0.102080464363098,-0.102080464363098,-0.0649389177560806,0.037141546607017406,0.002807098410533853,7.879801486421685e-06,0.07735088467598494,-13.370393514633172,-0.10562154750584209,-0.03404504805803281,0.0007281316878706974,4.2967498302404206e-05,0.06556428262403112,-0.03233385337516666,5_06-17-2026_OCP_Calibration_CaCl2.csv
R78,4,1.5055555555555555,2.0027777777777778,-0.11847735800676876,-0.1178207397460935,-0.177801415324211,-0.177801415324211,-0.117387197911739,0.06041421741247201,0.004512560247993616,2.03631999917722e-05,0.07594138383839903,-21.74911826849,-0.17403173446655468,-0.056914232671261014,0.0011201372319533864,0.00036716461181599686,0.11856326395750003,-0.0588238337284161,5_06-17-2026_OCP_Calibration_CaCl2.csv
R78,5,2.0055555555555555,2.5055555555555555,-0.175195481813415,-0.174434289336205,-0.225090697407722,-0.225090697407722,-0.173934265971184,0.051156431436538,0.003875813020750443,1.5021926571818673e-05,0.022525191307077943,-18.416315317153746,-0.14492960759947782,-0.047320455312727994,0.0012705610176206867,0.00046883523464200105,0.1752383484697526,-0.0875248659402132,5_06-17-2026_OCP_Calibration_CaCl2.csv
R78,6,2.5083333333333333,3.0055555555555555,-0.22374681416485045,-0.223661042749882,-0.222762584686279,-0.225090697407722,-0.222762584686279,0.0023281127214430097,0.0007038375342103353,4.953872745632849e-07,0.00985175371170044,0.0,0.004679679870604931,0.0023281127214430097,0.0006163565869684584,0.0006211027503014999,0.22374792118854353,-0.11125138863507245,5_06-17-2026_OCP_Calibration_CaCl2.csv
R80,2,0.5083333333333333,1.0055555555555555,-0.012159937920255794,-0.0109102251008153,-0.0352149978280067,-0.0352149978280067,-0.0101055148988962,0.025109482929110503,0.0031745066689707418,1.0077492591339714e-05,0.21656826138495727,-8.901604302227529,-0.049281504936516604,-0.012578202411532402,0.002103636696083863,0.0007734298706055,0.012567481164330999,-0.0059996192472883385,5_06-17-2026_OCP_Calibration_CaCl2.csv
R80,3,1.0083333333333333,1.5027777777777778,-0.026081188805609445,-0.024628609418869,-0.0702061280608177,-0.0702061280608177,-0.0236317291855812,0.046574398875236504,0.004256088924429884,1.811429293265473e-05,0.15188544988632005,-16.7667835950852,-0.11777343779968856,-0.035483323037624304,0.0024325107827562675,0.0009015649557113023,0.026426174570801996,-0.012822412026839125,5_06-17-2026_OCP_Calibration_CaCl2.csv
R80,4,1.5055555555555555,2.0027777777777778,-0.056635326022903124,-0.0545236114412546,-0.0993792563676834,-0.0993792563676834,-0.0496447570621967,0.0497344993054867,0.006585955509605821,4.3374809974507274e-05,0.09703963994979681,-17.904419749975276,-0.10804719850420993,-0.029211044311523396,0.0050936102411813225,0.0035351756960153476,0.05701697083934778,-0.028082180416418447,5_06-17-2026_OCP_Calibration_CaCl2.csv
R80,5,2.0055555555555555,2.5055555555555555,-0.0910674812714698,-0.0904417037963867,-0.122270010411739,-0.122270010411739,-0.0852620154619217,0.0370079949498173,0.004357105341675989,1.8984366958461437e-05,0.05766078829764609,-13.322878181934275,-0.08281361826216917,-0.023211002349853196,0.0032742255238589232,0.0028437599539756914,0.09117165410415654,-0.04547930444694227,5_06-17-2026_OCP_Calibration_CaCl2.csv
R80,6,2.5083333333333333,3.0055555555555555,-0.11504574968583053,-0.1143715381622315,-0.110215283930302,-0.121879391372204,-0.110215283930302,0.011664107441901994,0.003396483507172588,1.1536100214495403e-05,0.05345642566691918,0.012650638818598736,0.023515708744525955,0.011664107441901994,0.002955742419501865,0.0027109608054164958,0.1150958757774981,-0.057200521127217345,5_06-17-2026_OCP_Calibration_CaCl2.csv
R81,1,0.0,0.5055555555555555,0.00020163041414535522,0.0007148743025027,-0.0119727132841945,-0.0119727132841945,0.0035117149818688,0.015484428266063301,0.002625104462938643,6.8911734413403835e-06,0.03797153010964793,-5.574394175782809,-0.04611708147481817,-0.0150582692585885,0.002233187492842419,0.0020625114557333,0.002632836543587317,0.00011483873456527848,5_06-17-2026_OCP_Calibration_CaCl2.csv
R81,2,0.5083333333333333,1.0055555555555555,-0.002123311395621371,-0.0009491920645814,-0.0289415363222361,-0.0289415363222361,0.0009180069318972,0.0298595432541333,0.0035512930020336546,1.2611681986293207e-05,0.16735274344682782,-10.749435571488027,-0.06421136896824503,-0.0173907279968262,0.002511282926894211,0.0014999866834840498,0.004137648277593056,-0.0010054163302445106,5_06-17-2026_OCP_Calibration_CaCl2.csv
R81,3,1.0083333333333333,1.5027777777777778,-0.025441796763399454,-0.0247575137764215,-0.080497570335865,-0.080497570335865,-0.0243739224970341,0.056123647838830906,0.004227796981831162,1.787426731958068e-05,0.09001895785329635,-20.204233601689406,-0.16043869039699418,-0.051837272942066207,0.001131446960648321,0.0003609377890824994,0.025790682229629054,-0.012498618574399087,5_06-17-2026_OCP_Calibration_CaCl2.csv
R81,4,1.5055555555555555,2.0027777777777778,-0.07704234429531627,-0.07624635845422745,-0.136043459177017,-0.136043459177017,-0.0757229849696159,0.060320474207401095,0.004548720170856098,2.069085519275313e-05,0.08439034223560046,-21.71537071466447,-0.17194576561450936,-0.05592985451221438,0.0013508150809341014,0.0004961006343364438,0.07717650983110602,-0.03822095400343338,5_06-17-2026_OCP_Calibration_CaCl2.csv
R81,5,2.0055555555555555,2.5055555555555555,-0.13477284720589444,-0.134293466806412,-0.185137465596199,-0.185137465596199,-0.133684068918228,0.051453396677971,0.0038183259128014824,1.4579612776371275e-05,0.011243820190500742,-18.523222804069626,-0.1486669176191263,-0.049031451344489996,0.0009471312379492406,0.00046873092651400494,0.134826925933805,-0.06731462112317484,5_06-17-2026_OCP_Calibration_CaCl2.csv
R81,6,2.5083333333333333,3.0055555555555555,-0.1831590313050482,-0.182692103087902,-0.182262420654297,-0.185168653726578,-0.182262420654297,0.002906233072280995,0.0009529837549050105,9.081780371128532e-07,0.022487640380999343,0.0,0.005874931812287035,0.002906233072280995,0.0008314337940127878,0.00039840489625900255,0.18316151049453797,-0.09106919471588401,5_06-17-2026_OCP_Calibration_CaCl2.csv
R81,7,3.0083333333333333,3.5194444444444444,-0.20791828986760735,-0.207660958170891,-0.20747347176075,-0.211153134703636,-0.207004651427269,0.004148483276366993,0.000907830432439208,8.241560940627594e-07,0.06329208612456227,-0.007019340991924139,0.007129978489229771,0.0036718398332589997,0.0006880445093721683,0.0004921853542330101,0.2079202717811913,-0.10626548398286106,5_06-17-2026_OCP_Calibration_CaCl2.csv
R83,1,0.0,0.5055555555555555,-0.013770780029905122,-0.0117071149870753,-0.0405508987605572,-0.0405508987605572,-0.0077539444901049,0.0327969542704523,0.005911843187823038,3.494988987740966e-05,0.14766298234462827,-11.80690353736287,-0.05827764461397203,-0.013085560873150902,0.004758153724449366,0.0032032011076807993,0.01498613600997413,-0.0069056795198573755,5_06-17-2026_OCP_Calibration_CaCl2.csv
R83,2,0.5083333333333333,1.0055555555555555,-0.032694870161099565,-0.03207044675946235,-0.0587619803845882,-0.0587619803845882,-0.0288711544126272,0.029890825971961,0.003165377203706863,1.001961284174708e-05,0.13781055808065623,-10.760697349905998,-0.06650829501450094,-0.0185001380741596,0.002121639276544256,0.0015312666073441505,0.032847741896406,-0.016209901993473372,5_06-17-2026_OCP_Calibration_CaCl2.csv
R83,3,1.0083333333333333,1.5027777777777778,-0.051357169848913586,-0.0499794855713844,-0.102033585309982,-0.102033585309982,-0.048907607793808,0.053125977516174,0.004570203664328527,2.0886761533441897e-05,0.09565025568008456,-19.121415764093346,-0.14056409662329242,-0.04346691817045179,0.0024268036477853965,0.001039065420627601,0.051560116916310426,-0.02531287021314104,5_06-17-2026_OCP_Calibration_CaCl2.csv
R83,4,1.5055555555555555,2.0027777777777778,-0.10408489944206344,-0.1034457236528395,-0.158043578267097,-0.158043578267097,-0.102965258061886,0.055078320205211,0.004118349539052542,1.696080292581428e-05,0.08998543024056148,-19.82819527387603,-0.15739126503467563,-0.051281452178954995,0.0010718014551165528,0.00035553425550449713,0.104166343387825,-0.051674664020538344,5_06-17-2026_OCP_Calibration_CaCl2.csv
R83,5,2.0055555555555555,2.5055555555555555,-0.15443111346900792,-0.153832629323006,-0.202379703521729,-0.202379703521729,-0.152738854289055,0.04964084923267398,0.0038308175153713995,1.46751628360763e-05,0.054845809936558965,-17.870705723762697,-0.13757238236580413,-0.04439087212085799,0.0014522721368545198,0.0008984506130220171,0.15447861978317154,-0.07714402019563649,5_06-17-2026_OCP_Calibration_CaCl2.csv
R83,6,2.5083333333333333,3.0055555555555555,-0.20035149852434794,-0.19996557384729402,-0.199324995279312,-0.202395245432854,-0.199324995279312,0.003070250153542009,0.0009402183507731651,8.840105471306105e-07,0.014060139656045578,0.0,0.006156042218210121,0.003070250153542009,0.0008050204647912255,0.0005078241229060088,0.2003537046612788,-0.09961780448340707,5_06-17-2026_OCP_Calibration_CaCl2.csv
R92,1,0.0,0.5055555555555555,0.02802819492107084,0.0323399566113949,-0.0011601448059082,-0.0160246659070253,0.0347774513065815,0.05080211721360679,0.009488801430934652,9.003735259570752e-05,2.2124680504202874,-12.813801616430325,0.00027628859779833066,0.0148645211011171,0.006939217399386638,0.002265643328428296,0.02959082734783279,0.014271533544201194,5_06-17-2026_OCP_Calibration_CaCl2.csv
R92,2,0.5083333333333333,1.0055555555555555,0.013961996212068081,0.01598052959889175,-0.0247774124145508,-0.0247774124145508,0.020746136084199,0.0455235484987498,0.006840809381466975,4.679667299356657e-05,0.1462383259786058,-16.377251073718124,-0.09325018030358526,-0.024062538112048098,0.0055800676103697645,0.004492187872529,0.015547797632442035,0.007016404059807729,5_06-17-2026_OCP_Calibration_CaCl2.csv
R92,3,1.0083333333333333,1.5027777777777778,-0.019952875140575723,-0.0189223382622004,-0.0793460011482239,-0.0793460011482239,-0.0183137413114309,0.061032259836793,0.004696973863676046,2.2061563476055882e-05,0.09422499686479213,-21.715676486492228,-0.1704994653606556,-0.054740440100431505,0.0016491623453918948,0.0005656238645314997,0.02049826309352723,-0.009776635747402906,5_06-17-2026_OCP_Calibration_CaCl2.csv
R92,4,1.5055555555555555,2.0027777777777778,-0.06957647477587064,-0.0673244968056679,-0.136246591806412,-0.136246591806412,-0.0651760101318359,0.0710705816745761,0.00660113994913971,4.357504862812822e-05,0.09843170642852818,-25.458825230598617,-0.18511782586574702,-0.057336144149303686,0.004203562722713862,0.002089835703373004,0.06988891822646486,-0.03448940816645821,5_06-17-2026_OCP_Calibration_CaCl2.csv
R92,5,2.0055555555555555,2.5055555555555555,-0.13459972172810886,-0.13410596549511,-0.178465560078621,-0.178465560078621,-0.133637234568596,0.044828325510025,0.0033469769475121974,1.1202254687178067e-05,0.014076232910276204,-16.138197183609055,-0.1286841196249861,-0.042304903268814004,0.0009135602367349365,0.00042189657688199156,0.134641328513839,-0.06723676812317636,5_06-17-2026_OCP_Calibration_CaCl2.csv
R92,7,3.0083333333333333,3.5194444444444444,-0.15057158220458672,-0.150238901376724,-0.150324821472168,-0.153168588876724,-0.150059133768082,0.0031094551086419953,0.0007289153208636395,5.313175449897425e-07,0.04217773675914316,-0.002816319465722472,0.005609905397568911,0.002843767404555997,0.0005462128102474412,0.00012503564357699282,0.15057334652964852,-0.0769555444518725,5_06-17-2026_OCP_Calibration_CaCl2.csv
R98,1,0.0,0.5055555555555555,0.016147427701091014,0.0166758541017771,-0.0059335711412131,-0.0059335711412131,0.0178711898624897,0.0238047610037028,0.002147739002146507,4.612782821341273e-06,0.40684115141632793,-7.076259646564704,-0.05068688592339127,-0.0165027524344622,0.0013079571953235375,0.0009219162166119003,0.016289634869551334,0.008201837400621217,5_06-17-2026_OCP_Calibration_CaCl2.csv
R98,2,0.5083333333333333,1.0055555555555555,0.0036198092206177175,0.004554700804874251,-0.0254337321966887,-0.0254337321966887,0.0067226411774754,0.032156373374164104,0.0034984362009411723,1.2239055852055702e-05,0.16311267390848483,-11.576294414699118,-0.07157850591465874,-0.0199376116506756,0.0023282932663561016,0.0015586377121508002,0.005034091243285599,0.0018528627391181665,5_06-17-2026_OCP_Calibration_CaCl2.csv
R98,3,1.0083333333333333,1.5027777777777778,-0.019713087059432567,-0.0188918672502041,-0.0786108449101448,-0.0786108449101448,-0.0167879574000835,0.061822887510061306,0.004891917323203195,2.393085509705551e-05,0.09563248604536323,-22.256239503622147,-0.16932101472796088,-0.053411526605486905,0.0021547936334420535,0.0015281289815902988,0.020310998412432196,-0.00965760417230841,5_06-17-2026_OCP_Calibration_CaCl2.csv
R98,4,1.5055555555555555,2.0027777777777778,-0.07392892398768001,-0.07287917286157605,-0.137379452586174,-0.137379452586174,-0.0713400840759277,0.0660393685102463,0.005167310204764508,2.670109475226342e-05,0.0590515136718852,-23.774172663688756,-0.18400086462497775,-0.05906276404857631,0.0021697603570826314,0.0012578517198562483,0.07410929021876024,-0.03666488402005699,5_06-17-2026_OCP_Calibration_CaCl2.csv
R98,5,2.0055555555555555,2.5055555555555555,-0.13333348625272673,-0.132699683308601,-0.184879586100578,-0.184879586100578,-0.130332574248314,0.054547011852264016,0.004316822065267694,1.8634952743182038e-05,0.026725530624297278,-19.636924266815114,-0.14877556931248068,-0.047562688589096014,0.002003298267253169,0.001539036631584001,0.1334033489424057,-0.06658961880538197,5_06-17-2026_OCP_Calibration_CaCl2.csv
R98,6,2.5083333333333333,3.0055555555555555,-0.18048666285143958,-0.18024287372827502,-0.177012354135513,-0.184793666005135,-0.177012354135513,0.0077813118696219985,0.002323214338779375,5.397324863910088e-06,0.025303959846716496,0.008443593978841897,0.015656366944314958,0.0077813118696219985,0.002023271646028671,0.002011723816395,0.1805016143753654,-0.08974082306441333,5_06-17-2026_OCP_Calibration_CaCl2.csv
R98,7,3.0083333333333333,3.5194444444444444,-0.20465328669225852,-0.20449686050415,-0.20087967813015,-0.209270283579826,-0.20087967813015,0.008390605449675986,0.0024580226567651443,6.041875381170777e-06,0.026709437370236344,-0.014038681983837892,0.016244269706107442,0.008351609110831992,0.002139706070881177,0.002132788300513999,0.20466804740683125,-0.10459945154272848,5_06-17-2026_OCP_Calibration_CaCl2.csv
R100,1,0.0,0.5055555555555555,-0.0006369793624147749,-0.001714801765047,-0.0074727060273289,-0.0074727060273289,0.0065261935815215,0.0139988996088504,0.002233326461925586,4.987747085537056e-06,0.019689551554608387,-1.7859650496393307,-0.03281689989456861,-0.0139988996088504,0.0017858443048013651,0.0005234718555583997,0.0023223888119088478,-0.0003224832419416667,5_06-17-2026_OCP_Calibration_CaCl2.csv
R100,2,0.5083333333333333,1.0055555555555555,-0.010571350139151836,-0.0111133577302098,-0.0388321876525879,-0.0388321876525879,-0.0069335936568677,0.0318985939957202,0.002620016320334636,6.864485518819848e-06,0.029525756835941497,-9.638477191329045,-0.08954734727740339,-0.0314220427535475,0.0013319755994347052,0.0003671646118164505,0.010891185852943902,-0.005221449607698657,5_06-17-2026_OCP_Calibration_CaCl2.csv
R100,3,1.0083333333333333,1.5027777777777778,-0.03382484194453202,-0.0330645777285099,-0.0907929241657257,-0.0907929241657257,-0.0313583239912987,0.05943460017442699,0.004629609674636616,2.1433285739488958e-05,0.07594272494316127,-21.396456062793792,-0.16441789544161522,-0.052140407264232594,0.0018624206581985881,0.0012437552213669031,0.03414019944745581,-0.016638677743160062,5_06-17-2026_OCP_Calibration_CaCl2.csv
R100,4,1.5055555555555555,2.0027777777777778,-0.08408130688799752,-0.0825940631330013,-0.149942025542259,-0.149942025542259,-0.0806136131286621,0.0693284124135969,0.005797349294882009,3.360925884686893e-05,0.04501014947891751,-24.958228468894973,-0.18782884627580643,-0.0593127310276029,0.003067032041741004,0.0018203258514404505,0.0842809315731648,-0.04170652661058638,5_06-17-2026_OCP_Calibration_CaCl2.csv
R100,5,2.0055555555555555,2.5055555555555555,-0.14624276543190465,-0.145410731434822,-0.201403141021729,-0.201403141021729,-0.144340425729752,0.057062715291976984,0.004374303374560993,1.913453001269569e-05,0.03656387329091584,-20.542577505111787,-0.15915558483060724,-0.051539316773415,0.0016222290931460252,0.0008359849452969914,0.146308171238601,-0.07303974183483256,5_06-17-2026_OCP_Calibration_CaCl2.csv
R100,6,2.5083333333333333,3.0055555555555555,-0.19554102031721005,-0.194957785308361,-0.193278029561043,-0.201184377074242,-0.193278029561043,0.007906347513198991,0.001954410293088408,3.8197195937299165e-06,0.08439302444472027,0.004205703735358668,0.01606276631355296,0.007906347513198991,0.0015917123256274214,0.0011875182390214956,0.1955507871277671,-0.0972226457049449,5_06-17-2026_OCP_Calibration_CaCl2.csv
R100,7,3.0083333333333333,3.5194444444444444,-0.22062843530564694,-0.220036029815674,-0.216957852244377,-0.228442296385765,-0.216957852244377,0.011484444141387995,0.00287926782714639,8.290183220440293e-06,0.09703159332281786,0.007019340991924139,0.022629420499543838,0.011484444141387995,0.002386107999447754,0.0020781457424169925,0.2206472221638842,-0.11275989015897113,5_06-17-2026_OCP_Calibration_CaCl2.csv
R102,2,0.5083333333333333,1.0055555555555555,-0.006687604669584954,-0.0069844247773289,-0.0297384262084961,-0.0297384262084961,-0.0026288987137377,0.027109527494758402,0.0023338251701504995,5.446739924828008e-06,0.04219433292747605,-8.24630359187728,-0.07677383441478042,-0.0269923210144043,0.0012565550631211118,0.0006171702407300494,0.007083134626807717,-0.00329868493006666,5_06-17-2026_OCP_Calibration_CaCl2.csv
R102,3,1.0083333333333333,1.5027777777777778,-0.021663024105839222,-0.0208317171782255,-0.0469583794474602,-0.0469583794474602,-0.0189613997936249,0.027996979653835304,0.0030102116509269283,9.061374183376224e-06,0.12654863297938845,-10.078912675380746,-0.06315510428651133,-0.017579393461346703,0.001985714161007417,0.001296101137995699,0.021871167952204736,-0.010665312867301206,5_06-17-2026_OCP_Calibration_CaCl2.csv
R102,4,1.5055555555555555,2.0027777777777778,-0.03256283813259668,-0.0308399684727192,-0.0635197684168816,-0.0635197684168816,-0.0287071224302053,0.0348126459866763,0.00466152547400255,2.1729819744774697e-05,0.2672083675861218,-12.532552555203512,-0.06911736540496409,-0.017523482441902202,0.003418387982557403,0.0018867021426558495,0.032894805775296306,-0.016129313435198533,5_06-17-2026_OCP_Calibration_CaCl2.csv
R102,5,2.0055555555555555,2.5055555555555555,-0.05557792335337038,-0.0547072403132915,-0.117137148976326,-0.117137148976326,-0.0536994002759457,0.0634377487003803,0.004932082264947384,2.4325435468208522e-05,0.16311317682268792,-21.94883018732078,-0.16784945410259572,-0.0541330352425575,0.0016884230388152927,0.0007656104862689972,0.05579633500276986,-0.027693148598902755,5_06-17-2026_OCP_Calibration_CaCl2.csv
R102,6,2.5083333333333333,3.0055555555555555,-0.11168583904703457,-0.1110746376216415,-0.110144905745983,-0.116699695587158,-0.110144905745983,0.006554789841174996,0.0016105244155700266,2.593788893147176e-06,0.08157402276983834,0.0,0.013336174190044023,0.006554789841174996,0.0012865175472365235,0.0007734298706054965,0.11169745042986996,-0.05552785757722125,5_06-17-2026_OCP_Calibration_CaCl2.csv
R102,7,3.0083333333333333,3.5194444444444444,-0.1379737726739935,-0.136957556009293,-0.13262939453125,-0.149793535470963,-0.13262939453125,0.017164140939712996,0.004278024774379215,1.830149597020234e-05,0.20812332630167538,0.011259913444376934,0.03399341815226919,0.017164140939712996,0.0035181027428785425,0.002898409962655002,0.13804007911423782,-0.07051093466579914,5_06-17-2026_OCP_Calibration_CaCl2.csv
R105,2,0.5083333333333333,1.0055555555555555,-0.020744434868295986,-0.0213829046115279,-0.0506056807935238,-0.0506056807935238,-0.0156758315861225,0.0349298492074013,0.003230095877730278,1.0433519379330134e-05,0.15327651053667335,-9.7734727710486,-0.091586217284203,-0.0322344806045294,0.0020619563137491527,0.0012460704892874007,0.020994406335600548,-0.010276416210561162,5_06-17-2026_OCP_Calibration_CaCl2.csv
R105,3,1.0083333333333333,1.5027777777777778,-0.049236771114711655,-0.0488247945904732,-0.101953901350498,-0.101953901350498,-0.0487630739808083,0.053190827369689705,0.003964239854990411,1.57151976278944e-05,0.04501014947892001,-19.12197902798653,-0.15674632812678482,-0.051441967487335004,0.0007011788427180488,5.1565468311302876e-05,0.04939610133836879,-0.024269858644240437,5_06-17-2026_OCP_Calibration_CaCl2.csv
R105,4,1.5055555555555555,2.0027777777777778,-0.09928618143830034,-0.09819178655743599,-0.157746702432632,-0.157746702432632,-0.0951839461922646,0.0625627562403674,0.005239959764773272,2.745717833644277e-05,0.047807693481420444,-22.522592246532344,-0.1665475144982341,-0.052054889500141005,0.002833877536065785,0.002023458480834704,0.09942435819725234,-0.049277203892254165,5_06-17-2026_OCP_Calibration_CaCl2.csv
R105,5,2.0055555555555555,2.5055555555555555,-0.1492866290866999,-0.148145109415054,-0.198567196726799,-0.198567196726799,-0.144020080566406,0.05454711616039301,0.005308197518872719,2.817696089936649e-05,0.05484580993656252,-19.636961817741554,-0.13559870627703802,-0.040976703166962,0.0035672053398620824,0.0028593987226479822,0.1493809712947713,-0.07456333616541491,5_06-17-2026_OCP_Calibration_CaCl2.csv
R105,6,2.5083333333333333,3.0055555555555555,-0.19088128200835652,-0.190297603607178,-0.186020284891129,-0.198535919189453,-0.186020284891129,0.012515634298323974,0.0034343096702097275,1.1794482910896046e-05,0.07031142711647423,0.012651979923177237,0.02526557445525984,0.012515634298323974,0.0029207503547271133,0.0026640892028804986,0.19091217432124286,-0.09490653516517744,5_06-17-2026_OCP_Calibration_CaCl2.csv
R105,7,3.0083333333333333,3.5194444444444444,-0.2087619629260656,-0.207668781280518,-0.202895268797874,-0.219770342111588,-0.202895268797874,0.01687507331371399,0.004592855424155574,2.109432094719528e-05,0.10265350341798296,0.011259913444559051,0.03302039971223024,0.01687507331371399,0.0038775083032988357,0.0032968521118160177,0.20881247923840945,-0.10669341759963166,5_06-17-2026_OCP_Calibration_CaCl2.csv
R114,1,0.0,0.5055555555555555,-0.034459882054498285,-0.0321837440133095,-0.0469728484749794,-0.0563634894788265,-0.0305665023624897,0.0257969871163368,0.005863511198347541,3.438076357314701e-05,0.580782070755955,-5.082206726074229,-0.004831655103652408,0.0054902397096157005,0.00409423383723419,0.0010547656565905,0.034955174649586286,-0.017379001243453887,5_06-17-2026_OCP_Calibration_CaCl2.csv
R114,2,0.5083333333333333,1.0055555555555555,-0.03623676482174132,-0.035019636154174805,-0.0628166198730469,-0.0628166198730469,-0.0307228099554777,0.0320938099175692,0.005009178185378959,2.509186609287644e-05,0.1167297363281321,-11.553771570324955,-0.0630938503891236,-0.0153672210872174,0.0038676709065466755,0.0029843803495168547,0.03658134758096078,-0.01796523516273333,5_06-17-2026_OCP_Calibration_CaCl2.csv
R114,3,1.0083333333333333,1.5027777777777778,-0.06131703629257293,-0.0610256232321262,-0.102077335119247,-0.102077335119247,-0.0604748390614986,0.041602496057748406,0.0030942420692797526,9.574333983300646e-06,0.03248356282711207,-14.976898580789479,-0.12073218031635422,-0.039268530905246304,0.0006651160400561372,0.0003164038062095989,0.06139505903318284,-0.03025918451862203,5_06-17-2026_OCP_Calibration_CaCl2.csv
R114,4,1.5055555555555555,2.0027777777777778,-0.10187916080984805,-0.100324582308531,-0.158770084381104,-0.158770084381104,-0.0988948866724968,0.05987519770860719,0.005159216522117568,2.6617515122090897e-05,0.04782512784005988,-21.54381126165414,-0.16012553125620194,-0.05017203837633198,0.0028553989074296304,0.0013866871595384564,0.10200970994195095,-0.050568235779388085,5_06-17-2026_OCP_Calibration_CaCl2.csv
R114,5,2.0055555555555555,2.5055555555555555,-0.1562481547258177,-0.155684188008308,-0.202567204833031,-0.202567204833031,-0.154527947306633,0.04803925752639801,0.003644403163089225,1.3281674415134748e-05,0.02530127763755985,-17.294132709503344,-0.13488393462165502,-0.043804839253426014,0.0012750156438233284,0.000718787312508018,0.15629065080688034,-0.0780562533893519,5_06-17-2026_OCP_Calibration_CaCl2.csv
R114,6,2.5083333333333333,3.0055555555555555,-0.20005574987994293,-0.2000085860490795,-0.197996810078621,-0.202496811747551,-0.197996810078621,0.004500001668929998,0.0012658124822247801,1.6022812401560593e-06,0.01967132091528219,0.001408159732676495,0.009078100323676976,0.004500001668929998,0.0010960612400078315,0.0010820403695109976,0.20005975442668736,-0.09947163379854625,5_06-17-2026_OCP_Calibration_CaCl2.csv
R114,7,3.0083333333333333,3.5194444444444444,-0.21445096038483286,-0.214004710316658,-0.21035623550415,-0.221582889556885,-0.21035623550415,0.011226654052734986,0.002895560747943683,8.38427204503218e-06,0.08438766002676043,0.008446276187996204,0.022097371719981284,0.011226654052734986,0.0024312699459346342,0.002234369516372986,0.21447050772081033,-0.10960405030184323,5_06-17-2026_OCP_Calibration_CaCl2.csv
R117,1,0.0,0.5055555555555555,-0.0015931112591994112,0.0009336471557617,-0.0057305335067212,-0.0150820733979344,0.0030899047851562,0.0181719781830906,0.005464535538648073,2.986114865314778e-05,0.13360401615501027,-3.1472053192555673,0.008342564564015106,0.008723039645701699,0.004372956158278002,0.0018515586853027001,0.0056920253106724425,-0.0007817980752886673,5_06-17-2026_OCP_Calibration_CaCl2.csv
R117,2,0.5083333333333333,1.0055555555555555,-0.008540738593890398,-0.008464909158647,-0.0335431098937988,-0.0335431098937988,-0.005238342564553,0.0283047673292458,0.002372428782066561,5.6284183259778255e-06,0.028118100017304293,-9.140659198164968,-0.08129730215296187,-0.0279923439957202,0.0012368611984219465,0.0007538790814578507,0.008864120602470769,-0.004216072247234257,5_06-17-2026_OCP_Calibration_CaCl2.csv
R117,3,1.0083333333333333,1.5027777777777778,-0.03209700241851407,-0.0316895730793476,-0.0879358723759651,-0.0879358723759651,-0.0313653498888016,0.0565705224871635,0.004204134770610733,1.767474916945816e-05,0.05625329911707588,-19.99047964811332,-0.16549976969231503,-0.05460371449589731,0.0007479185540947464,0.00028672069311139886,0.032371164845021505,-0.015790915049405562,5_06-17-2026_OCP_Calibration_CaCl2.csv
R117,4,1.5055555555555555,2.0027777777777778,-0.07841287983788384,-0.07612137869000435,-0.147121623158455,-0.147121623158455,-0.0741370245814323,0.0729845985770227,0.006688232067401186,4.473244818741354e-05,0.06749778985977706,-26.274455487728268,-0.19150067120790584,-0.059289269149303506,0.004101698978079683,0.001929711550474153,0.07869759953555015,-0.038880114950653584,5_06-17-2026_OCP_Calibration_CaCl2.csv
R117,5,2.0055555555555555,2.5055555555555555,-0.14607365050697854,-0.145684152841568,-0.200825020670891,-0.200825020670891,-0.145238876342773,0.05558614432811801,0.004105764929315548,1.6857305654797508e-05,0.03235816955555748,-19.69322919845587,-0.1611679232581544,-0.05367211997509,0.0007670997776415678,0.00023441016674000115,0.14613134050603147,-0.07295928272522159,5_06-17-2026_OCP_Calibration_CaCl2.csv
R117,6,2.5083333333333333,3.0055555555555555,-0.19982779886987473,-0.199715614318848,-0.199489027261734,-0.200770288705826,-0.199481204152107,0.001289084553719011,0.00033407868112873015,1.1160856518471175e-07,0.012651979923361978,-0.002816319465727145,0.0025859773159029853,0.0012812614440919912,0.00027095919038039486,0.00017967075109499853,0.1998280781315386,-0.09935798371831575,5_06-17-2026_OCP_Calibration_CaCl2.csv
R117,7,3.0083333333333333,3.5194444444444444,-0.23059616636585545,-0.230418831110001,-0.229504778981209,-0.233356341719627,-0.229504778981209,0.0038515627384179962,0.0008599514432048291,7.395164846700685e-07,0.059051513671555464,0.0,0.007654531581979766,0.0038515627384179962,0.0006792264475797986,0.0005312412977220016,0.2305977698485264,-0.11785794504814677,5_06-17-2026_OCP_Calibration_CaCl2.csv
R120,2,0.5083333333333333,1.0055555555555555,0.021152469143271447,0.02216415386646985,0.0068242074921727,0.0068242074921727,0.0268946643918753,0.0200704568997026,0.0041437567126637095,1.7170719693745554e-05,0.22782918065785257,-7.225364483892962,-0.026296995580196745,-0.0034296987578273,0.003417067113849852,0.0029531475156546003,0.021554527843374256,0.010552514969216038,5_06-17-2026_OCP_Calibration_CaCl2.csv
R120,3,1.0083333333333333,1.5027777777777778,0.01358558531257443,0.0147262280806899,-0.0302145667374134,-0.0302145667374134,0.0152527904137969,0.0454673571512103,0.003762751179287353,1.4158296437228367e-05,0.11250676587225639,-16.266999207437085,-0.12043273986925983,-0.0374450394883751,0.0017308135118467704,0.00035703647881749935,0.014097036026146294,0.006786977272066804,5_06-17-2026_OCP_Calibration_CaCl2.csv
R120,4,1.5055555555555555,2.0027777777777778,-0.022455986195968256,-0.0205039978027344,-0.071129135787487,-0.071129135787487,-0.0200899131596088,0.0510392226278782,0.004593747924400844,2.1102519992937058e-05,0.07312774658202027,-18.300992399454163,-0.13300811126828244,-0.041187576949596405,0.0026691399772226084,0.00040626525878910066,0.022921034793971538,-0.011087617133226658,5_06-17-2026_OCP_Calibration_CaCl2.csv
R120,5,2.0055555555555555,2.5055555555555555,-0.06370597528242275,-0.0630119368433952,-0.106277756392956,-0.106277756392956,-0.0620666518807411,0.044211104512214904,0.00361544658306175,1.3071453994972884e-05,0.14906913042071032,-15.25788277387634,-0.11253154574178302,-0.0355938971042635,0.0014631132808477904,0.0006328523159026961,0.0638084848643159,-0.03178416866188248,5_06-17-2026_OCP_Calibration_CaCl2.csv
R120,6,2.5083333333333333,3.0055555555555555,-0.10866620797250005,-0.1089730300009255,-0.109707452356815,-0.109715275466442,-0.106191828846931,0.0035234466195109976,0.0009732985072607022,9.473099842359112e-07,0.016857683658719817,-0.02672687172906052,-0.0068907663226119775,-0.003468796610832006,0.0007996816316872498,0.000589847564697002,0.10867056669175362,-0.054033178836107254,5_06-17-2026_OCP_Calibration_CaCl2.csv
R120,7,3.0083333333333333,3.5194444444444444,-0.12314136181328748,-0.123113729059696,-0.123801231384277,-0.124027825891972,-0.121910572052002,0.0021172538399700097,0.0006308348765502057,3.979526414721133e-07,0.05060791969308327,-0.01687377691278158,-0.001961194985620494,-0.0010859444737429946,0.0004899234999001956,0.00046873092651300574,0.12314297763929717,-0.0629385935453077,5_06-17-2026_OCP_Calibration_CaCl2.csv
R121,1,0.0,0.5055555555555555,0.031046013973775457,0.0313009284436703,0.0188945773988962,0.0188945773988962,0.0335778594017029,0.014683282002806702,0.0010490885353910033,1.1005867550888404e-06,0.008428171277053309,-4.038780480623259,-0.04026933038821003,-0.014683282002806702,0.0004995912623818741,0.000187493860721602,0.031063734006312724,0.015708845385557245,5_06-17-2026_OCP_Calibration_CaCl2.csv
R121,2,0.5083333333333333,1.0055555555555555,0.024173356511811208,0.0248321536928415,-0.0012382507557049,-0.0012382507557049,0.0253633502870798,0.026601601042784702,0.002370946978578907,5.621389575232447e-06,0.08577905595303514,-9.199711256660528,-0.06574239663314078,-0.0201797481859102,0.001197729612245039,0.0003788946196437021,0.024289350642253855,0.012062090413302131,5_06-17-2026_OCP_Calibration_CaCl2.csv
R121,3,1.0083333333333333,1.5027777777777778,0.002145170225688947,0.0027339935768395,-0.0462146289646626,-0.0462146289646626,0.0029793072026222,0.0491939361672848,0.0037220281079515,1.385349323638102e-05,0.06610680255106824,-17.575378669425916,-0.13966628767851844,-0.0451247699093075,0.0009938626655896742,0.00019296631217000006,0.004295957231347094,0.0011323269844675846,5_06-17-2026_OCP_Calibration_CaCl2.csv
R121,4,1.5055555555555555,2.0027777777777778,-0.041644470538530085,-0.04046106338500975,-0.0951604843139648,-0.0951604843139648,-0.0400118827819824,0.0551486015319824,0.004359392183151763,1.900430020652469e-05,0.036563873291010296,-19.76632609963424,-0.1529692560434346,-0.0490704514086246,0.001809506355842323,0.0004413612186908514,0.04187202200325445,-0.020626053995349343,5_06-17-2026_OCP_Calibration_CaCl2.csv
R121,5,2.0055555555555555,2.5055555555555555,-0.09607682595266163,-0.0957542434334755,-0.137926295399666,-0.137926295399666,-0.0952386856079102,0.0426876097917558,0.003151543440596482,9.932226057966714e-06,0.007020682096481323,-14.838787615299353,-0.12597233221675894,-0.0426876097917558,0.0006724874843247997,0.0003984421491622925,0.09612850103479198,-0.04798145279702212,5_06-17-2026_OCP_Calibration_CaCl2.csv
R121,6,2.5083333333333333,3.0055555555555555,-0.1384367218448056,-0.138508327305317,-0.138879403471947,-0.138879403471947,-0.137801274657249,0.0010781288146979873,0.0003330723639000853,1.1093719959399084e-07,0.011259913444559051,-0.005629956722277285,-0.001984223723412009,-0.0010077506303790007,0.0002812236041566639,0.0002421885728835088,0.13843712252259388,-0.0688339844553007,5_06-17-2026_OCP_Calibration_CaCl2.csv
R121,7,3.0083333333333333,3.5194444444444444,-0.15042377694233044,-0.15034818649292,-0.151246652007103,-0.152426347136497,-0.149418547749519,0.0030077993869780106,0.0007246506315244129,5.251185377687304e-07,0.08998811244935655,-0.04078567028052049,0.00252361072076106,0.001179695129394004,0.0006172876648871666,0.0006328672170639871,0.1504255223960806,-0.07687933954099813,5_06-17-2026_OCP_Calibration_CaCl2.csv
R122,2,0.5083333333333333,1.0055555555555555,0.023103261925280096,0.02316808793693785,-0.0039649009704589,-0.0039649009704589,0.0261290557682514,0.030093956738710303,0.002271235109087643,5.1585089207523575e-06,-0.0042057037353417925,-9.19411495327951,-0.08593025431036948,-0.030093956738710303,0.000992188675122127,0.0008086208254099014,0.023214633757801337,0.011520847414309782,5_06-17-2026_OCP_Calibration_CaCl2.csv
R122,3,1.0083333333333333,1.5027777777777778,-0.00220856443112555,-0.0018011759966611,-0.051802147179842,-0.051802147179842,-0.0015863323351368,0.0502158148447052,0.0037444583131620505,1.4020968059008389e-05,0.04217719193548208,-17.90922492742546,-0.14628203359416986,-0.0479154475033284,0.0007406723132309165,0.00016640662215649995,0.004347266371576662,-0.0010208016937313766,5_06-17-2026_OCP_Calibration_CaCl2.csv
R122,4,1.5055555555555555,2.0027777777777778,-0.04753021219124397,-0.046683790162205696,-0.103308968245983,-0.103308968245983,-0.0446447394788265,0.0586642287671565,0.00472937516363949,2.2366989438450052e-05,0.022505074739461506,-21.119122356176415,-0.16180535033345245,-0.0515939742326735,0.002313593999931106,0.0017969142645597458,0.047764925001334675,-0.02354979503692852,5_06-17-2026_OCP_Calibration_CaCl2.csv
R122,5,2.0055555555555555,2.5055555555555555,-0.10389695225993573,-0.103574566543102,-0.149223238229752,-0.149223238229752,-0.10302772372961,0.046195514500142004,0.0034041498226863027,1.1588236015295188e-05,0.009837001562218006,-16.16349846124662,-0.1359250021902913,-0.04586735367775001,0.0006668398605409558,0.0003906264901159945,0.10395270523136306,-0.05188627443793746,5_06-17-2026_OCP_Calibration_CaCl2.csv
R122,6,2.5083333333333333,3.0055555555555555,-0.1479835434920258,-0.147856041789055,-0.147684201598167,-0.149129495024681,-0.147684201598167,0.001445293426514005,0.00032587209010478024,1.0619261910925802e-07,0.02812027931208393,-0.0014081597326836004,0.002968698740005986,0.001445293426514005,0.0002577913083412035,0.00014847517013599765,0.14798390229033492,-0.07357953050070339,5_06-17-2026_OCP_Calibration_CaCl2.csv
R122,7,3.0083333333333333,3.5194444444444444,-0.16409671556305244,-0.164082631468773,-0.163770109415054,-0.165770158171654,-0.163449868559837,0.002320289611816989,0.000359206047517092,1.2902898457285135e-07,0.08439302444472027,-0.012668073177245276,0.00412768769908772,0.002000048756600009,0.00026875104757887114,0.00021868944168099147,0.1640971087117805,-0.08386978401492039,5_06-17-2026_OCP_Calibration_CaCl2.csv
R124,2,0.5083333333333333,1.0055555555555555,-0.01682241154970445,-0.019531298428773852,-0.056371308863163,-0.056371308863163,0.0037929534446448,0.0601642623078078,0.007081465980408545,5.0147160431683556e-05,-0.0014078244566881892,-12.512844353914316,-0.15563326235860625,-0.0601642623078078,0.005021706971833572,0.0017461292445659464,0.018252142087418488,-0.008338180281215395,5_06-17-2026_OCP_Calibration_CaCl2.csv
R124,3,1.0083333333333333,1.5027777777777778,-0.05533829978641185,-0.054928719997406,-0.0922202691435814,-0.0922202691435814,-0.0544013790786266,0.037818890064954806,0.0028435432583155994,8.085738261912096e-06,0.034031197428713966,-13.614800423383778,-0.11031727509458691,-0.0358802415430546,0.0008097733081601863,0.0004554688930510989,0.055411308967689095,-0.027309098648321296,5_06-17-2026_OCP_Calibration_CaCl2.csv
R124,4,1.5055555555555555,2.0027777777777778,-0.09170268778171804,-0.09205503389239314,-0.152410700917244,-0.152410700917244,-0.0857230201363564,0.06668768078088762,0.005699596673356606,3.248540223893769e-05,0.12234359979630227,-20.34850090742122,-0.1761177182197579,-0.05946893990039831,0.0033770927515478794,0.003007795661687851,0.09187964055562145,-0.04551057658261723,5_06-17-2026_OCP_Calibration_CaCl2.csv
R124,5,2.0055555555555555,2.5055555555555555,-0.15477120053043675,-0.154660701751709,-0.198145300149918,-0.198145300149918,-0.152613833546638,0.04553146660328,0.0032557572135103858,1.0599955033324913e-05,0.002816319465722472,-15.682570338249413,-0.13406052609175265,-0.04553146660328,0.0004792718189997788,6.256997585299406e-05,0.15480544069465385,-0.07732835480322439,5_06-17-2026_OCP_Calibration_CaCl2.csv
R125,2,0.5083333333333333,1.0055555555555555,0.008123517687070252,0.0067461014259606,-0.0272852908819914,-0.0272852908819914,0.0218165405094624,0.0491018313914538,0.005125463859422411,2.6270379774245276e-05,-0.0070381164550858966,-11.143192676827324,-0.12964916671626314,-0.0491018313914538,0.0036590347666276275,0.0022695539519190996,0.009605306834577878,0.004069354330163639,5_06-17-2026_OCP_Calibration_CaCl2.csv
R125,3,1.0083333333333333,1.5027777777777778,-0.017926008175205253,-0.0166793633252382,-0.0389028824865818,-0.0389028824865818,-0.0147418491542339,0.024161033332347905,0.003455256086782462,1.1938794625247253e-05,0.11967211961746305,-8.697971999645276,-0.048438750582034756,-0.012101963162422201,0.002604597178464388,0.0015679746866226005,0.018255973371003056,-0.00882195434015658,5_06-17-2026_OCP_Calibration_CaCl2.csv
R125,4,1.5055555555555555,2.0027777777777778,-0.05210267129457659,-0.052785350009799004,-0.11209812015295,-0.11209812015295,-0.0403399467468262,0.0717581734061238,0.0057130306888782895,3.263871965206514e-05,-0.005630627274515021,-20.07009834051128,-0.2005323357880112,-0.0717581734061238,0.0033524027664536297,0.0026093944907188485,0.052414950879331755,-0.025839616109927493,5_06-17-2026_OCP_Calibration_CaCl2.csv
R125,5,2.0055555555555555,2.5055555555555555,-0.11512157403303111,-0.114902786910534,-0.160332679748535,-0.160332679748535,-0.112559035420418,0.047773644328116996,0.0034181875282554776,1.1684005978321293e-05,0.008446276187818569,-16.065066754818055,-0.1396932761642813,-0.047773644328116996,0.0007297681547165472,0.0004062652587889931,0.11517230923195464,-0.05750155289553931,5_06-17-2026_OCP_Calibration_CaCl2.csv
R127,3,1.0083333333333333,1.5027777777777778,0.027648356914853244,0.0274122133851051,-0.0325786396861076,-0.0325786396861076,0.0353790298104286,0.0679576694965362,0.00527300982202581,2.780463258318066e-05,-0.00942226499318366,-20.42642310261732,-0.19410090614630568,-0.0679576694965362,0.0025833980259820245,0.0020093824714423024,0.028146692037862884,0.013743488035268253,5_06-17-2026_OCP_Calibration_CaCl2.csv
R127,4,1.5055555555555555,2.0027777777777778,-0.028017508569690916,-0.02773056086152795,-0.0477931015193462,-0.0477931015193462,-0.0261680614203215,0.021625040099024703,0.0019669399315474408,3.86885269431585e-06,0.10124534368512053,-7.785014435648921,-0.052468871697783734,-0.015562534332275405,0.001160331606680961,0.000906277447938952,0.028086467188790754,-0.01389761030053099,5_06-17-2026_OCP_Calibration_CaCl2.csv
R127,5,2.0055555555555555,2.5055555555555555,-0.0353658278549903,-0.0342306159436703,-0.0941214561462402,-0.0941214561462402,-0.0334102623164654,0.06071119382977481,0.004878387115105032,2.3798660844822798e-05,0.49500167369842957,-21.85602977871901,-0.15508429903681153,-0.04830484464764591,0.0019364235985519574,0.0006406791508197993,0.035700706445582146,-0.01758679391091896,5_06-17-2026_OCP_Calibration_CaCl2.csv
R127,6,2.5083333333333333,3.0055555555555555,-0.08027634475794103,-0.07874636724591255,-0.0759963989257813,-0.0933870300650597,-0.0759963989257813,0.017390631139278398,0.0042019690542803335,1.7656543933129564e-05,0.22216200828552324,0.007020682096465336,0.03542184084653852,0.017390631139278398,0.0033474096849008842,0.002070281654596308,0.08038624304959735,-0.039902917616483236,5_06-17-2026_OCP_Calibration_CaCl2.csv
R127,7,3.0083333333333333,3.5194444444444444,-0.11540809922121667,-0.11465273052454,-0.112308979034424,-0.121488764882088,-0.112308979034424,0.009179785847664004,0.0025814926737159206,6.664104424448972e-06,0.0646814703941997,0.0056125223636414034,0.018053397939012318,0.009179785847664004,0.0022125578401208748,0.0017811805009839976,0.115436967520282,-0.05898222078879674,5_06-17-2026_OCP_Calibration_CaCl2.csv
R128,2,0.5083333333333333,1.0055555555555555,0.09327275469485256,0.09366440773010255,0.0543087981641293,0.0543087981641293,0.101988695561886,0.0476798973977567,0.006980072160014577,4.8721407359010554e-05,0.10687798261655983,-10.082840770483017,-0.12189893051981907,-0.047093961387872696,0.005799232555070409,0.005992174148559605,0.09353356710681546,0.04642011129504277,5_06-17-2026_OCP_Calibration_CaCl2.csv
R128,3,1.0083333333333333,1.5027777777777778,0.04780069381706208,0.0478865131735802,-0.0194801520556211,-0.0194801520556211,0.0538557060062885,0.07333585806190959,0.00566865289357313,3.213362562781502e-05,-0.011250525712968695,-22.913524881005337,-0.21184895395733164,-0.07333585806190959,0.002605865628823839,0.0022382847964763017,0.04813564121334972,0.02371982337855217,5_06-17-2026_OCP_Calibration_CaCl2.csv
R128,4,1.5055555555555555,2.0027777777777778,-0.016786476069440445,-0.01636333484202625,-0.0537306778132915,-0.0537306778132915,-0.0149180414155126,0.038812636397778905,0.0030053081973575625,9.031877361104561e-06,0.02530261874199547,-13.972549103200455,-0.10746145155280841,-0.034359550103545106,0.0012305494304746382,0.00087499618530275,0.0170533766800303,-0.008291707749271559,5_06-17-2026_OCP_Calibration_CaCl2.csv
R128,5,2.0055555555555555,2.5055555555555555,-0.05792185518046769,-0.0581447593867779,-0.126590356230736,-0.126590356230736,-0.0527775771915913,0.07381277903914471,0.0054571003722524375,2.9779944472837694e-05,0.08998543024063142,-24.06105771660822,-0.2123136592010122,-0.0734534338116648,0.0018655081250551057,0.0011249557137489041,0.058178357247518686,-0.028872200412054856,5_06-17-2026_OCP_Calibration_CaCl2.csv
R128,6,2.5083333333333333,3.0055555555555555,-0.12511002197861673,-0.124914553016424,-0.124394990503788,-0.126504421234131,-0.124394990503788,0.0021094307303430038,0.0006310408685626999,3.9821257779636666e-07,0.01970350742340095,0.0,0.004273593425750969,0.0021094307303430038,0.000546387947267941,0.0004375465214249974,0.12511161341805066,-0.062206539584116816,5_06-17-2026_OCP_Calibration_CaCl2.csv
R128,7,3.0083333333333333,3.5194444444444444,-0.17081017123686304,-0.170887380838394,-0.169309243559837,-0.171949863433838,-0.169309243559837,0.0026406198740009934,0.0008407668283200047,7.068888596032803e-07,0.00844627618800331,-0.07594406604755881,0.0017254868069227765,0.0009843707084659925,0.000740921419845906,0.000765606760979004,0.17081224044788496,-0.08730577847195997,5_06-17-2026_OCP_Calibration_CaCl2.csv
R129,2,0.5083333333333333,1.0055555555555555,0.054753119084570145,0.053871298208832755,0.0137696266174316,0.0137696266174316,0.068621352314949,0.054851725697517395,0.0075198633218825,5.65483443797937e-05,0.16874313354493248,-11.289413720369382,-0.13853177800774613,-0.053820513188839,0.006093047080032621,0.0056094154715538545,0.05526710046554743,0.027263559866696596,5_06-17-2026_OCP_Calibration_CaCl2.csv
R129,3,1.0083333333333333,1.5027777777777778,0.011380392267217852,0.0115363691002131,-0.0414599217474461,-0.0414599217474461,0.0136446002870798,0.0551045220345259,0.003990389038536121,1.592320467886923e-05,0.0036563538014999786,-19.079790897667497,-0.16430091872478403,-0.0551045220345259,0.000615760092798948,0.00011249538511039908,0.012059706996217655,0.005697216323783829,5_06-17-2026_OCP_Calibration_CaCl2.csv
R129,4,1.5055555555555555,2.0027777777777778,-0.03417464708909392,-0.033437633886933354,-0.0845745131373405,-0.0845745131373405,-0.0299102794378996,0.0546642336994409,0.0047308223733177395,2.2380680327883692e-05,0.08157402276994825,-19.679124131798794,-0.1412191484123472,-0.0433907546103,0.00271749322302639,0.0022304533049463983,0.03450053889422598,-0.016912659278346433,5_06-17-2026_OCP_Calibration_CaCl2.csv
R129,5,2.0055555555555555,2.5055555555555555,-0.07778005762982765,-0.0770667120814323,-0.144543558359146,-0.144543558359146,-0.0769651457667351,0.0675784125924109,0.005069056820467165,2.5695337049124684e-05,0.3009223937988042,-24.266363382339534,-0.1878402394484425,-0.061156563460826804,0.0011521310709447128,8.592754602429475e-05,0.0779450620754672,-0.038789514317694646,5_06-17-2026_OCP_Calibration_CaCl2.csv
R129,6,2.5083333333333333,3.0055555555555555,-0.13766085439258152,-0.1370708495378495,-0.136184126138687,-0.144215390086174,-0.136184126138687,0.008031263947487016,0.0017588138141244522,3.093426032755003e-06,0.09842902421958044,0.0,0.01634375751018606,0.008031263947487016,0.0012872849349622494,0.0007695257663725141,0.1376720896119772,-0.06844098342375622,5_06-17-2026_OCP_Calibration_CaCl2.csv
R129,7,3.0083333333333333,3.5194444444444444,-0.17330625218314094,-0.173481091856956,-0.171785831451416,-0.17482490837574,-0.171785831451416,0.003039076924324008,0.0008597648137340251,7.391955349351028e-07,0.042196512222360136,-0.001408159732861236,0.006043147396397514,0.003039076924324008,0.0007617550561513255,0.0006719529628759768,0.1733083847980281,-0.08857875356657637,5_06-17-2026_OCP_Calibration_CaCl2.csv
R92,5,2.0875,2.6222222222222222,-0.01759480568218417,-0.0176172256469727,-0.0172262191772461,-0.0183324906975031,-0.0169143676757813,0.0014181230217218017,0.0003196303622028105,1.0216356844189982e-07,0.11260986328126954,-0.05630493164060871,0.002078373236051102,0.0011062715202569996,0.0002746075719203778,0.00023460388183599995,0.017597708673638798,-0.009408077275535717,2_12-16-2025_OCP_Calibration_CaCl2.csv
R92,6,2.623611111111111,3.1430555555555557,-0.07009587047497431,-0.0706644058227539,-0.0711326599121094,-0.0712890625,-0.068242073059082,0.0030469894409179965,0.0011820680089252391,1.397284777724479e-06,0.11260986328128236,-0.1407623291015767,-0.0038983154296875462,-0.002108573913574205,0.0010979458847045949,0.0006246566772460938,0.07010583672150345,-0.03641093479883343,2_12-16-2025_OCP_Calibration_CaCl2.csv
R92,7,3.1444444444444444,3.676388888888889,-0.10582863539457317,-0.108867645263672,-0.109805107116699,-0.109805107116699,0.168789863586426,0.278594970703125,0.02266911567170598,0.0005138888053371856,0.22487640380858664,-84.65652465819007,-0.6325954198837516,-0.278594970703125,0.005440946435555823,0.0008592605590820035,0.1082293346316732,-0.05648290051354299,2_12-16-2025_OCP_Calibration_CaCl2.csv
R93,5,2.0875,2.6222222222222222,-0.030416577928964957,-0.02953147888183595,-0.0275392532348633,-0.0440091490745544,-0.0275392532348633,0.016469895839691103,0.0028873459352005784,8.336766549519302e-06,2.053070068360011,-0.007038116455072796,0.030951625402112267,0.016469895839691103,0.0022774730955823284,0.0016794204711914514,0.030553313723036945,-0.016256978999202455,2_12-16-2025_OCP_Calibration_CaCl2.csv
R93,6,2.623611111111111,3.1430555555555557,-0.04890861816207568,-0.046992301940918,-0.0432424545288086,-0.0725393295288086,-0.0432424545288086,0.029296874999999993,0.005912708042245879,3.4960116392839096e-05,0.956497192382653,-3.552713678800501e-15,0.05752532958984329,0.029296874999999993,0.0045688495091862165,0.0030469894409180034,0.04926472416360979,-0.025392834609374425,2_12-16-2025_OCP_Calibration_CaCl2.csv
R94,4,1.5708333333333333,2.0861111111111112,0.00474916561624283,0.0046031426172703,0.0046035288833081,-0.0055715083144605,0.006587915122509,0.012159423436969501,0.0012370692244650515,1.530340266118564e-06,0.961317457258756,-0.02700230106711632,0.020980416466632137,0.010175037197768601,0.0006318814013583948,0.00016640662215649995,0.004907638364490777,0.00245440777633043,2_12-16-2025_OCP_Calibration_CaCl2.csv
R94,5,2.0875,2.6222222222222222,-0.030028720613125073,-0.029179573059082,-0.0254297256469727,-0.043090395629406,-0.0254297256469727,0.017660669982433302,0.003685209736357071,1.3580770800940953e-05,1.3780975341800978,-3.552713678800501e-15,0.03325584445901728,0.017660669982433302,0.003063315871037163,0.0025787353515624965,0.03025400523008588,-0.016051147355594576,2_12-16-2025_OCP_Calibration_CaCl2.csv
R94,6,2.623611111111111,3.1430555555555557,-0.061736210385958355,-0.0616798400878906,-0.0554294586181641,-0.0744142532348633,-0.0554294586181641,0.018984794616699198,0.003958444382517728,1.5669281929486154e-05,0.674972534179622,-0.028152465820319605,0.0373507690429674,0.018984794616699198,0.0033194142956203877,0.003125190734863309,0.06186298533653867,-0.03206410699834429,2_12-16-2025_OCP_Calibration_CaCl2.csv
R94,7,3.1444444444444444,3.676388888888889,-0.08315478265285492,-0.08304691314697266,-0.0774612426757812,-0.0947265625,-0.0530862808227539,0.0416402816772461,0.005507903340708316,3.033699921058583e-05,0.33748626708982243,-14.990501403813447,-0.04548311233522961,-0.024296760559081997,0.003772454103454946,0.0031642913818359444,0.08333699584970727,-0.0442585051059723,2_12-16-2025_OCP_Calibration_CaCl2.csv
R95,5,2.0875,2.6222222222222222,-0.015433772597365428,-0.01468753814697265,-0.0117578506469727,-0.0245543904602528,-0.0117578506469727,0.0127965398132801,0.002884982224868877,8.323122437809376e-06,0.5064010620118236,-1.7763568394002505e-15,0.024112939178325802,0.0127965398132801,0.00235308857951247,0.0018358230590820486,0.01570109738282638,-0.008249000141707562,2_12-16-2025_OCP_Calibration_CaCl2.csv
R95,6,2.623611111111111,3.1430555555555557,-0.04884034424026807,-0.0484771728515625,-0.0455083847045898,-0.0634765625,-0.0455083847045898,0.017968177795410198,0.00277406679164833,7.69544656452606e-06,1.0121154785154567,-0.028152465820301842,0.03584838867187455,0.017968177795410198,0.0019624271425141247,0.0014057159423827986,0.04891906246109397,-0.02536199530069201,2_12-16-2025_OCP_Calibration_CaCl2.csv
R96,4,1.5708333333333333,2.0861111111111112,0.012696524140342405,0.012393016833812,0.0126832481473684,0.0006105517968535,0.0150746628642082,0.0144641110673547,0.0018130662510118937,3.2872092305583233e-06,0.8600646536796991,-0.04415452480313942,0.024525527429256212,0.0120726963505149,0.0010938564316407412,0.00029257824644450016,0.012825323952121279,0.006550639000326758,2_12-16-2025_OCP_Calibration_CaCl2.csv
R96,5,2.0875,2.6222222222222222,-0.022466415109913897,-0.02195358276367185,-0.0187892913818359,-0.0349661484360695,-0.0187892913818359,0.016176857054233603,0.003007419168398565,9.044570054451116e-06,1.5748214721684555,-0.0014423578977620366,0.03048883316739405,0.016176857054233603,0.002421057377024685,0.00214862823486325,0.02266681225813234,-0.012007164600719185,2_12-16-2025_OCP_Calibration_CaCl2.csv
R96,6,2.623611111111111,3.1430555555555557,-0.0601620724995931,-0.0602731704711914,-0.0554294586181641,-0.0696487426757812,-0.0553522109985352,0.014296531677245997,0.0028589832081379455,8.173784984414738e-06,0.5623626708983296,-0.09973526000976207,0.027976684570311824,0.014219284057617097,0.002390467176649303,0.0021867752075194966,0.0602299655688986,-0.03124755289819508,2_12-16-2025_OCP_Calibration_CaCl2.csv
R96,7,3.1444444444444444,3.676388888888889,-0.08252937843402226,-0.08394527435302734,-0.076289176940918,-0.0927734375,-0.0363674163818359,0.0564060211181641,0.007405236525803264,5.483752800309079e-05,0.30933380126950993,-20.165748596197965,-0.07499992847445965,-0.039921760559082094,0.005001773152293431,0.00445365905761716,0.08286094274571797,-0.043937434752782195,2_12-16-2025_OCP_Calibration_CaCl2.csv
R97,4,1.5708333333333333,2.0861111111111112,0.03745825220680525,0.03786420822143555,0.0381216332316399,0.0229129791259766,0.0383575707674026,0.015444591641426,0.0018780576864024393,3.5271006734552826e-06,1.0968746244906993,-0.03374889492989652,0.030908895235869187,0.015208654105663296,0.0008424242887842366,0.00015234388411045074,0.0375053030791925,0.01931104515937882,2_12-16-2025_OCP_Calibration_CaCl2.csv
R97,5,2.0875,2.6222222222222222,-0.011916800829162083,-0.01156234741210935,-0.009413719177246,-0.017182482406497,-0.009413719177246,0.007768763229251002,0.0019499896999225722,3.802459829804123e-06,0.39379119873059043,-0.018264837563035208,0.014701165027260365,0.007768763229251002,0.0016975039845626263,0.001601219177246151,0.012075288892267638,-0.006370259748978741,2_12-16-2025_OCP_Calibration_CaCl2.csv
R97,6,2.623611111111111,3.1430555555555557,-0.06027750065922737,-0.0601959228515625,-0.0595703125,-0.0639457702636719,-0.0594921112060547,0.004453659057617201,0.0005961283939969101,3.553690621293353e-07,0.6186676025390158,-0.056304931640656974,0.009225769042968094,0.004375457763671903,0.00045096801916757936,0.0003900527954101979,0.06028044836251043,-0.03130875653587284,2_12-16-2025_OCP_Calibration_CaCl2.csv
R97,7,3.1444444444444444,3.676388888888889,-0.10099947204192483,-0.101367950439453,-0.10035228729248,-0.106133460998535,-0.0758991241455078,0.030234336853027205,0.0031807696780622296,1.01172957448801e-05,0.45009613037085927,-10.659484863284607,-0.046068727970140506,-0.0244531631469722,0.0009188624357597395,0.0003910064697259935,0.10104954551353725,-0.053743988275527975,2_12-16-2025_OCP_Calibration_CaCl2.csv
R98,4,1.5708333333333333,2.0861111111111112,0.04051085139915187,0.0398212410509586,0.0397817902266979,0.029413003474474,0.0436278991401196,0.014214895665645603,0.0018936465834386172,3.5858973829687476e-06,1.014752089977268,-0.05624994635582503,0.021427994774233815,0.010368786752223903,0.0013914222025537223,0.00027265399694439627,0.04055508572876075,0.020882554616158216,2_12-16-2025_OCP_Calibration_CaCl2.csv
R98,5,2.0875,2.6222222222222222,-0.010116557209448467,-0.0099611282348632,-0.0088672637939453,-0.0124340336769819,-0.0087890625,0.0036449711769819,0.0010113000492294507,1.0227277895714894e-06,0.3656387329102544,-0.05630493164060746,0.006762647161675855,0.0035667698830365996,0.0009088408440057984,0.0009374618530273004,0.0101669787823923,-0.005408806158488396,2_12-16-2025_OCP_Calibration_CaCl2.csv
R98,6,2.623611111111111,3.1430555555555557,-0.06037191823124886,-0.0603513717651367,-0.0598049163818359,-0.0621490478515625,-0.0590238571166992,0.003125190734863302,0.0006972918596202629,4.862159374926845e-07,0.3378295898437172,-0.05630493164065342,0.004876098632812193,0.002344131469726597,0.0005967540383338885,0.0005464553833007951,0.06037594493552951,-0.031359017159168945,2_12-16-2025_OCP_Calibration_CaCl2.csv
R98,7,3.1444444444444444,3.676388888888889,-0.09742890298366547,-0.0983209609985352,-0.0980863571166992,-0.0991802215576172,-0.0651950836181641,0.0339851379394531,0.004134671133053061,1.7095505378502283e-05,0.3093338012694886,-12.206497192386777,-0.06137788295747948,-0.032734870910644503,0.0014100177989651707,0.00039005279541010074,0.0975165967514197,-0.05184858308898079,2_12-16-2025_OCP_Calibration_CaCl2.csv
R83,1,0.0,0.5055555555555555,0.04193262219020766,0.0420536696910858,0.0425294563174248,0.0389731973409653,0.0425599291920662,0.003586731851100901,0.0005763869644298255,3.32221932764629e-07,0.21906942129129636,-0.020812600851050078,0.007313638109050319,0.003556258976459503,0.0004483240194650871,0.00041015446186060123,0.04193658338109412,0.021200910795273052,2_12-16-2025_OCP_Calibration_CaCl2.csv
R83,2,0.5069444444444444,1.0458333333333334,0.016036816931537357,0.0174238961189985,0.0208332818001509,-0.006109008565545,0.0208332818001509,0.026942290365695898,0.004605170526741822,2.120759558037155e-05,1.1399104166775877,0.007594004273435928,0.05127952302444546,0.026942290365695898,0.0034859154785973584,0.0024898536503315007,0.016684936106440888,0.00865411062465379,2_12-16-2025_OCP_Calibration_CaCl2.csv
R83,3,1.0472222222222223,1.5694444444444444,0.0029328579625341445,0.0029675865080207,0.0099426172673702,-0.013699664734304,0.0099426172673702,0.0236422820016742,0.004231027746718013,1.7901595793497708e-05,0.5301590636372779,0.0039344758260840135,0.04586556960954608,0.0236422820016742,0.003331854158520181,0.0029218864365247424,0.0051481308862438265,0.0015382860772344996,2_12-16-2025_OCP_Calibration_CaCl2.csv
R83,5,2.0875,2.6222222222222222,-0.049159331845573195,-0.04851579666137695,-0.0463676452636719,-0.0583029538393021,-0.0463676452636719,0.011935308575630195,0.002472176671901735,6.11165749709514e-06,0.27704536914826106,-0.0015114247799061786,0.022621618805770963,0.011935308575630195,0.0018829989427467952,0.001367092132568349,0.04922145431618495,-0.026282176101166347,2_12-16-2025_OCP_Calibration_CaCl2.csv
R83,6,2.623611111111111,3.1430555555555557,-0.10776220931609472,-0.107305526733398,-0.105507850646973,-0.11402416229248,-0.105507850646973,0.008516311645506994,0.0017774598116750842,3.159363382120026e-06,0.22521972656228684,-0.009921491146094752,0.01665161132812342,0.008516311645506994,0.0014496890944374853,0.001171112060547,0.10777686727711068,-0.05597369789870253,2_12-16-2025_OCP_Calibration_CaCl2.csv
R83,7,3.1444444444444444,3.676388888888889,-0.15433325121800104,-0.154726982116699,-0.154336929321289,-0.155274391174316,-0.151445388793945,0.0038290023803709827,0.0011077318888183254,1.227069937505015e-06,0.08445739746097303,-0.05630493164076,-0.00446856021881246,-0.0024223327636720138,0.0008386900363903689,0.0003900527954099897,0.15433722655748391,-0.08209839264551798,2_12-16-2025_OCP_Calibration_CaCl2.csv
R84,2,0.5069444444444444,1.0458333333333334,0.0434910377779626,0.0440435297787189,0.0411278903484344,0.0299130044877529,0.0453849397599697,0.015471935272216797,0.002058502716526753,4.237433433948023e-06,1.2375068664551074,-0.016593486070643593,0.022334523479858738,0.011214885860681499,0.0014935546618626873,0.0011531263589859009,0.04353972669227631,0.023447907289179663,2_12-16-2025_OCP_Calibration_CaCl2.csv
R84,3,1.0472222222222223,1.5694444444444444,0.03414724568097756,0.034073181450367,0.0381028726696968,0.0216450020670891,0.0381028726696968,0.0164578706026077,0.0025656927969924383,6.58277952853888e-06,0.9298145771026569,-0.015748590230964865,0.03268404016444158,0.0164578706026077,0.002040581128756018,0.001737508922815302,0.03424349817301935,0.017838385672722425,2_12-16-2025_OCP_Calibration_CaCl2.csv
R84,4,1.5708333333333333,2.0861111111111112,0.022753452852128014,0.0229891482740641,0.0268809590488672,0.0097808931022882,0.0268809590488672,0.017100065946579,0.002889077984063205,8.346771597998712e-06,0.595129206776691,0.0028122961520873346,0.033916463594763614,0.017100065946579,0.0021186772633138493,0.0016445349901914492,0.022936137170238825,0.011730491020716731,2_12-16-2025_OCP_Calibration_CaCl2.csv
R84,5,2.0875,2.6222222222222222,-0.02450835274850921,-0.0237894058227539,-0.0207424163818359,-0.0372341237962246,-0.0207424163818359,0.0164917074143887,0.003118464310675052,9.724819656954028e-06,1.4625549316410194,-3.552713678800501e-15,0.031194896895652753,0.0164917074143887,0.0025094036740864216,0.0021095275878906007,0.024705954223674765,-0.013098938737271568,2_12-16-2025_OCP_Calibration_CaCl2.csv
R84,6,2.623611111111111,3.1430555555555557,-0.06485166269540786,-0.0649614334106445,-0.0663671493530273,-0.0663671493530273,-0.0630865097045898,0.0032806396484375,0.0009639335787193202,9.291679441826359e-07,0.28083801269529857,-0.05630493164060621,-0.0018008422851562944,-0.0010938644409178994,0.0008261601279576571,0.000781059265136691,0.06485882609408791,-0.0336854906856186,2_12-16-2025_OCP_Calibration_CaCl2.csv
R84,7,3.1444444444444444,3.676388888888889,-0.12523675709962845,-0.125273704528809,-0.126132965087891,-0.128945350646973,-0.124101638793945,0.004843711853027996,0.000876737060355357,7.68667873000553e-07,0.42194366455078836,-0.028152465820582506,0.005418956279755217,0.0028123855590819757,0.00073611231831218,0.0007028579711920169,0.12523982592092794,-0.06661579940054153,2_12-16-2025_OCP_Calibration_CaCl2.csv
R85,1,0.0,0.5055555555555555,0.04266256944161572,0.0428505502641201,0.041045855730772,0.0379505343735218,0.0439458638429642,0.005995329469442402,0.001092596838537762,1.1937678515827121e-06,0.30293405056000755,-0.01209139823912686,0.006506943539397351,0.0030953213572501997,0.0008995775196985785,0.0008523464202880998,0.04267655795881699,0.02157269395991332,2_12-16-2025_OCP_Calibration_CaCl2.csv
R85,5,2.0875,2.6222222222222222,-0.025405788133065637,-0.0248832702636719,-0.0241012573242188,-0.0297309719026089,-0.0240230560302734,0.0057079158723355,0.001125995258426513,1.2678653219989894e-06,0.4779052734376208,-0.02815246582035158,0.010829299032072047,0.005629714578390101,0.000981859248690069,0.0006642341613769497,0.025430728184309193,-0.013582941812152673,2_12-16-2025_OCP_Calibration_CaCl2.csv
R85,6,2.623611111111111,3.1430555555555557,-0.07847799072662989,-0.0789451599121094,-0.0792579650878906,-0.0792579650878906,-0.0740232467651367,0.005234718322753892,0.0012009943650376931,1.4423874648522915e-06,0.05630493164060621,-0.11260986328126421,-0.009675292968750153,-0.005078315734863295,0.0007877207215627073,0.00023460388183589587,0.07848717994649738,-0.04076739960453579,2_12-16-2025_OCP_Calibration_CaCl2.csv
R85,7,3.1444444444444444,3.676388888888889,-0.12820603450139356,-0.128868103027344,-0.128789901733398,-0.129101753234863,-0.124492645263672,0.004609107971191004,0.0013430117800992643,1.8036806414853945e-06,0.0281524658205754,-0.14076232910141329,-0.007764101028442827,-0.004140853881835993,0.0010441469235552543,0.00015640258789101358,0.1282130686132034,-0.06820055246353146,2_12-16-2025_OCP_Calibration_CaCl2.csv
R86,1,0.0,0.5055555555555555,0.038930211461161913,0.0397349148988724,0.0340583324432373,0.0340583324432373,0.0413263328373432,0.007268000394105904,0.002294202002790537,5.2633628296081095e-06,0.23034274578100977,-0.027280747890467083,-0.008281496697909039,-0.004344549030065502,0.0019963768409796854,0.0014429762959479939,0.03899775284859873,0.019685134133841427,2_12-16-2025_OCP_Calibration_CaCl2.csv
R86,5,2.0875,2.6222222222222222,-0.021456063126691582,-0.0210542678833008,-0.0201168060302734,-0.0272036157548428,-0.0201168060302734,0.0070868097245694005,0.001327643894460495,1.76263831049823e-06,0.5064010620118751,-1.7763568394002505e-15,0.013521646241141307,0.0070868097245694005,0.001027910630740866,0.0007028579711913993,0.021497099413806325,-0.011469972438903324,2_12-16-2025_OCP_Calibration_CaCl2.csv
R86,6,2.623611111111111,3.1430555555555557,-0.06173665008942286,-0.0621490478515625,-0.0636329650878906,-0.0636329650878906,-0.0593357086181641,0.0042972564697265,0.0014270959569750487,2.03660287041453e-06,0.22521972656246803,-0.028152465820355133,-0.000899047851562513,-0.0006246566772460938,0.0012662555211385082,0.0010929107666016041,0.06175314216405714,-0.03206655992608934,2_12-16-2025_OCP_Calibration_CaCl2.csv
R86,7,3.1444444444444444,3.676388888888889,-0.1010234778126081,-0.101914405822754,-0.103867530822754,-0.103867530822754,-0.0952739715576172,0.008593559265136802,0.002493023071845531,6.215164036754128e-06,1.4210854715202004e-14,-0.1967239379883523,-0.016112923622131885,-0.008593559265136802,0.0021003551600087002,0.0014452934265134984,0.10105423411906733,-0.05374089545673796,2_12-16-2025_OCP_Calibration_CaCl2.csv
R87,5,2.0875,2.6222222222222222,-0.031077242432249026,-0.0301170349121094,-0.0249605178833008,-0.0493662022054195,-0.0249605178833008,0.0244056843221187,0.004910929844384888,2.4117231936470182e-05,1.8844985961919427,-3.552713678800501e-15,0.04602156463682482,0.0244056843221187,0.00399343521899065,0.0034375190734863004,0.031462870643494206,-0.01660923919278301,2_12-16-2025_OCP_Calibration_CaCl2.csv
R87,6,2.623611111111111,3.1430555555555557,-0.0541177497903506,-0.0536327362060547,-0.0469141006469727,-0.0668363571166992,-0.0469141006469727,0.019922256469726507,0.0048901585928185975,2.3913651062917564e-05,0.281524658203041,-3.552713678800501e-15,0.03870117187499989,0.019922256469726507,0.004138767094082301,0.00390625,0.05433824153792529,-0.02810733464236063,2_12-16-2025_OCP_Calibration_CaCl2.csv
R87,7,3.1444444444444444,3.676388888888889,-0.06681030988693237,-0.06624984741210935,-0.0588674545288086,-0.0777740478515625,-0.0588674545288086,0.0189065933227539,0.005291417143888827,2.7999095390640588e-05,0.2811813354492898,-3.552713678800501e-15,0.03559648990631003,0.0189065933227539,0.0046003786846995345,0.00457000732421875,0.06701952404022707,-0.03553727534082202,2_12-16-2025_OCP_Calibration_CaCl2.csv
R88,2,0.5069444444444444,1.0458333333333334,0.006792833075133181,0.006862916983664,0.0078097912482917,0.0022308635525405,0.0078285504132509,0.005597686860710401,0.0008504899485013848,7.233331525018881e-07,0.7762596197426669,-0.020812097936880214,0.011323074855695699,0.0055789276957512,0.0007160464725512189,0.0007781311869620999,0.0068458684138044314,0.003663044081703322,2_12-16-2025_OCP_Calibration_CaCl2.csv
R88,3,1.0472222222222223,1.5694444444444444,0.005335490484278797,0.0056363483890891,0.0058824443258345,-0.0036597822327166,0.0059480667114257,0.0096078489441423,0.0011055088566318434,1.2221498320914457e-06,0.9343185089528194,-0.018281936645495822,0.01946078996304954,0.0095422265585511,0.0006073479596105704,0.00023828493431209997,0.005448817168883632,0.0027921785854535383,2_12-16-2025_OCP_Calibration_CaCl2.csv
R88,4,1.5708333333333333,2.0861111111111112,0.0032468416430938138,0.0032523582922294,0.0044394684955477,-0.0016011809930205,0.0044597815722227,0.0060609625652432,0.001013559283593009,1.0273024213575734e-06,0.41850356385110554,-0.0272804126143682,0.012257859456322611,0.0060406494885682,0.0008566941581985681,0.0008617258863523501,0.003401364884378874,0.0016755638159439384,2_12-16-2025_OCP_Calibration_CaCl2.csv
R88,5,2.0875,2.6222222222222222,-0.024673950438595195,-0.0234375,-0.0179300308227539,-0.0414497666060925,-0.0179300308227539,0.023519735783338602,0.005369314559784426,2.882953884191303e-05,1.2939834594730204,-1.7763568394002505e-15,0.04433043185293586,0.023519735783338602,0.004518312288082628,0.0038671493530272986,0.02525140330928491,-0.013186743014699062,2_12-16-2025_OCP_Calibration_CaCl2.csv
R88,6,2.623611111111111,3.1430555555555557,-0.045898860683043795,-0.0455083847045898,-0.0432424545288086,-0.0553522109985352,-0.0432424545288086,0.012109756469726597,0.001996297990550052,3.9852056670741746e-06,0.5067443847656058,-0.009751170873641968,0.024001464843749584,0.012109756469726597,0.0015545092787212786,0.0013275146484375,0.04594225307566596,-0.023837188088024673,2_12-16-2025_OCP_Calibration_CaCl2.csv
R88,7,3.1444444444444444,3.676388888888889,-0.06019611408313116,-0.0596485137939453,-0.0536327362060547,-0.0697269439697266,-0.0536327362060547,0.016094207763671903,0.004409496913951499,1.9443663034147798e-05,0.2530288696289773,-7.105427357601002e-15,0.030323266983032515,0.016094207763671903,0.0038039500876847223,0.003671646118164,0.0603574006542983,-0.03201892773310344,2_12-16-2025_OCP_Calibration_CaCl2.csv
R89,2,0.5069444444444444,1.0458333333333334,0.047437881107578544,0.0478005670011044,0.0485412031412125,0.0333778560161591,0.0485412031412125,0.015163347125053399,0.0018553733943358847,3.442410432409462e-06,1.278568804264063,-0.00984236598014121,0.029719365439868542,0.015163347125053399,0.0009076270722806289,0.000352345407009097,0.04747415059176064,0.02557274475176302,2_12-16-2025_OCP_Calibration_CaCl2.csv
R89,3,1.0472222222222223,1.5694444444444444,0.041343544503619566,0.0417810156941414,0.041920080780983,0.0285965912044048,0.0424177348613739,0.013821143656969102,0.001858429901189038,3.453761697633498e-06,0.8853811025619638,-0.017438381910320544,0.026618146216521737,0.0133234895765782,0.0009377098394029108,0.00028671324253080194,0.041385292481996606,0.021598969363710942,2_12-16-2025_OCP_Calibration_CaCl2.csv
R89,4,1.5708333333333333,2.0861111111111112,0.030781868484712416,0.0313770715147257,0.032244261354208,0.0181457698345184,0.032244261354208,0.014098491519689598,0.0022343813642688557,4.992460080991953e-06,0.6541880965233122,-0.007874965667737044,0.02817802972370593,0.014098491519689598,0.0013191215264308253,0.0006031263619660984,0.030862856113638013,0.01586897230655369,2_12-16-2025_OCP_Calibration_CaCl2.csv
R89,5,2.0875,2.6222222222222222,-0.01777817445947099,-0.0173826217651367,-0.0158987045288086,-0.0261997077614069,-0.0158987045288086,0.010301003232598298,0.0016985264901907356,2.884992237879659e-06,1.153221130371417,-1.865174681370263e-14,0.019622721511466514,0.010301003232598298,0.0013077947948895174,0.0010938644409179028,0.01785912873992643,-0.009501841854459299,2_12-16-2025_OCP_Calibration_CaCl2.csv
R89,6,2.623611111111111,3.1430555555555557,-0.06441441015402476,-0.0644922256469727,-0.0656642913818359,-0.0683202743530273,-0.0630865097045898,0.0052337646484375,0.0009470169878562124,8.968411752882536e-07,0.39344787597644104,-0.028152465820358685,0.005624084472656087,0.0026559829711914062,0.0008169307168324801,0.0008592605590820035,0.06442137127278662,-0.03345612711790537,2_12-16-2025_OCP_Calibration_CaCl2.csv
R89,7,3.1444444444444444,3.676388888888889,-0.11192351579666134,-0.111992835998535,-0.112617492675781,-0.112617492675781,-0.111211776733398,0.0014057159423830068,0.00045297271401381406,2.0518427964104057e-07,0.16857147216820323,-0.0281524658205754,-7.331371307330806e-05,-7.820129394499331e-05,0.0004048394039273589,0.0003900527954099897,0.11192443242011614,-0.05953618288040161,2_12-16-2025_OCP_Calibration_CaCl2.csv
R90,1,0.0,0.5055555555555555,0.05280985074908766,0.0531271547079086,0.0509107373654842,0.0490302629768848,0.053940437734127,0.004910174757242203,0.0010326926320169223,1.0664540722220386e-06,0.2343124151230308,-0.016873776912671445,0.004014995000133793,0.0018804743885994027,0.0008725300595111161,0.0006968788802623957,0.05281994689710637,0.026702256976730294,2_12-16-2025_OCP_Calibration_CaCl2.csv
R90,2,0.5069444444444444,1.0458333333333334,0.02940741076988855,0.0308426953852177,0.0326278582215309,0.0081472964957356,0.0326278582215309,0.0244805617257953,0.003984558555012375,1.58767068783223e-05,1.1829393357038678,0.0025306642055511475,0.0468387825361868,0.0244805617257953,0.002766870882970523,0.0013703145086765012,0.029676127022697545,0.01585985446128891,2_12-16-2025_OCP_Calibration_CaCl2.csv
R90,3,1.0472222222222223,1.5694444444444444,0.023115750887636243,0.0239145457744598,0.0260262675583363,0.0061855698004365,0.0260262675583363,0.0198406977578998,0.0030398529174391676,9.240705759663418e-06,0.9804402664303714,-0.013780519366283883,0.03920504388545189,0.0198406977578998,0.0018428746249343588,0.0004109386354685003,0.023314773103311967,0.012081294674943717,2_12-16-2025_OCP_Calibration_CaCl2.csv
R90,4,1.5708333333333333,2.0861111111111112,0.021490261158955998,0.02172469068318605,0.0230223555117846,0.0124465273693204,0.0230223555117846,0.010575828142464199,0.0015488289245133248,2.398871037409102e-06,0.4736271500587455,-0.015466958284391374,0.021118796280314968,0.010575828142464199,0.0008323445814095388,0.00035195332020520123,0.021546001849938233,0.011078670430126501,2_12-16-2025_OCP_Calibration_CaCl2.csv
R90,5,2.0875,2.6222222222222222,-0.03727686826931072,-0.0368356704711914,-0.0353517532348633,-0.046772439032793,-0.0353517532348633,0.011420685797929701,0.0019465620586090434,3.7891038480162773e-06,0.9843063354494603,-0.02379253506661172,0.021698862468642083,0.011420685797929701,0.0014548135555870775,0.0011711120605469028,0.037327657464881994,-0.019927512577527937,2_12-16-2025_OCP_Calibration_CaCl2.csv
R90,6,2.623611111111111,3.1430555555555557,-0.08829298859834671,-0.0886335372924805,-0.0869922637939453,-0.0896492004394531,-0.0869922637939453,0.0026569366455077986,0.0006981129313403567,4.873616649046256e-07,0.11260986328127842,-0.03529518842697499,0.005251464843750004,0.0026569366455077986,0.000596315608660387,0.00031280517578129163,0.08829574846668829,-0.045863263878143525,2_12-16-2025_OCP_Calibration_CaCl2.csv
R90,7,3.1444444444444444,3.676388888888889,-0.12904392927885067,-0.129570960998535,-0.130039215087891,-0.130117416381836,-0.125273704528809,0.004843711853026983,0.0012240850252926425,1.4983841491456894e-06,0.05630493164037639,-0.337486267089794,-0.008715391159059357,-0.004687309265137024,0.0009921032857771043,0.00046825408935602386,0.12904973486169646,-0.06864607400364352,2_12-16-2025_OCP_Calibration_CaCl2.csv
R75,1,0.0,0.5055555555555555,0.03828029933653466,0.0384810045361519,0.0390122607350349,0.0356513112783432,0.0390302278101444,0.003378916531801196,0.00063258263470077,4.0016078972496794e-07,0.24272382259367897,-0.01997172832489369,0.00696926084283269,0.0033609494566917003,0.0005570692498971596,0.00048203766345979865,0.038285525699465334,0.01935413537753953,2_12-16-2025_OCP_Calibration_CaCl2.csv
R75,2,0.5069444444444444,1.0458333333333334,0.011337114487320377,0.0132082551717758,0.0160238929092884,-0.0211442187428474,0.0160238929092884,0.0371681116521358,0.006016945640101986,3.62036348359423e-05,1.474317759275429,-0.017437376081952394,0.07070175230809517,0.0371681116521358,0.003831319521605383,0.0017750076949596995,0.01283486656473498,0.006128746803450565,2_12-16-2025_OCP_Calibration_CaCl2.csv
R75,3,1.0472222222222223,1.5694444444444444,0.0018872762500600825,0.0048613450489938,0.0085004232823848,-0.0365528725087643,0.0085004232823848,0.0450532957911491,0.0076283088466938855,5.819109586054819e-05,1.715068817138673,-0.006190203130271854,0.08833745380848727,0.0450532957911491,0.005249330670313468,0.0024789143353700005,0.007858301820660048,0.0010076796817858917,2_12-16-2025_OCP_Calibration_CaCl2.csv
R75,4,1.5708333333333333,2.0861111111111112,-0.004305574926490822,-0.00323438644409175,5.43022142664995e-05,-0.0188528057187796,6.99234005878679e-05,0.018922729119367467,0.003892667730928586,1.5152862063412708e-05,0.5430956929922175,-0.017718840390420043,0.03721059231353266,0.018907107933046098,0.003208918647228578,0.00259493349585685,0.005804380889555677,-0.0022114925290310137,2_12-16-2025_OCP_Calibration_CaCl2.csv
R75,5,2.0875,2.6222222222222222,-0.05358675877935219,-0.0530080795288086,-0.0516014099121094,-0.0637357905507088,-0.0516014099121094,0.012134380638599396,0.002071504765809533,4.291131994771609e-06,0.6505429744719742,-0.5060577392580647,0.023476750121831445,0.012134380638599396,0.0014566936025594951,0.0010156631469726979,0.053626782939789064,-0.028648361511942423,2_12-16-2025_OCP_Calibration_CaCl2.csv
R75,6,2.623611111111111,3.1430555555555557,-0.10199188613891605,-0.101992607116699,-0.102227210998535,-0.102773666381836,-0.101523399353027,0.00125026702880901,0.00031204736966524647,9.737356091499898e-08,0.05630493164076,-0.029697418212855098,0.001124267578124921,0.0005464553833010033,0.00027455334472653874,0.0002346038818360069,0.10199236349714881,-0.052978412310282455,2_12-16-2025_OCP_Calibration_CaCl2.csv
R75,7,3.1444444444444444,3.676388888888889,-0.13710494339466098,-0.136992454528809,-0.137929916381836,-0.139961242675781,-0.136367797851562,0.003593444824219,0.0004937572675622771,2.437962392705661e-07,0.45009613037095875,-0.028152465820582506,0.004321038722991682,0.002031326293945007,0.0003692869407434201,0.00023460388183602077,0.13710583247802577,-0.07292965650558475,2_12-16-2025_OCP_Calibration_CaCl2.csv
R76,1,0.0,0.5055555555555555,0.034831671284077916,0.0348380282521248,0.0345653630793095,0.0342473983764648,0.0358184911310673,0.0015710927546024947,0.0003955274185270988,1.5644193880671077e-07,0.17916083335878963,-0.02418816089631015,0.0008348908326398578,0.0003023445606231967,0.00030169259581339466,0.0001890659332276015,0.034833916896910476,0.01760992476095756,2_12-16-2025_OCP_Calibration_CaCl2.csv
R76,2,0.5069444444444444,1.0458333333333334,0.020061080690274603,0.0205528158694506,0.0229512583464384,-0.0042363451793789,0.0229512583464384,0.0271876035258173,0.003811141280504296,1.4524797859963925e-05,1.3471916131674766,-0.014907047152500574,0.05205675535823326,0.0271876035258173,0.001986150554078205,0.0005937572568655014,0.020419886295512828,0.010825559627685128,2_12-16-2025_OCP_Calibration_CaCl2.csv
R76,3,1.0472222222222223,1.5694444444444444,0.018151215756474437,0.0194645300507545,0.0232371985912323,-0.0176192093640566,0.0232371985912323,0.0408564079552889,0.005928289105223353,3.51446117151099e-05,2.095319554209728,-0.0011258572340153705,0.08083768080257948,0.0408564079552889,0.0035180845377278938,0.001785945147275897,0.01909479628467389,0.009500276868857328,2_12-16-2025_OCP_Calibration_CaCl2.csv
R76,4,1.5708333333333333,2.0861111111111112,0.010266233251831581,0.01004105526953935,0.0146293537691236,-0.002758998889476,0.0146293537691236,0.0173883526585996,0.003055748700430323,9.337600120181609e-06,0.6547577306628265,-0.02109356224534764,0.034549295932294846,0.0173883526585996,0.0024331937269392616,0.00210703862831,0.010711355903955114,0.005295977211446564,2_12-16-2025_OCP_Calibration_CaCl2.csv
R76,5,2.0875,2.6222222222222222,-0.037171226824812324,-0.0366020202636719,-0.0356645584106445,-0.0500060506165028,-0.0356645584106445,0.0143414922058583,0.001976485505161805,3.906494952114715e-06,0.7551330327986641,-0.02815246582031783,0.02772912151455281,0.0143414922058583,0.0011794900313064171,0.0005474090576172014,0.037223737031815626,-0.0198684142359222,2_12-16-2025_OCP_Calibration_CaCl2.csv
R76,6,2.623611111111111,3.1430555555555557,-0.0899063580830892,-0.0898828506469727,-0.089726448059082,-0.091914176940918,-0.0895709991455078,0.002343177795410198,0.00034051434954384844,1.159500222452702e-07,0.11260986328128236,-0.032444000244126414,0.0043505859375003895,0.002187728881835993,0.0002586299167209317,0.00023365020751960064,0.08990700291849851,-0.046700088845358985,2_12-16-2025_OCP_Calibration_CaCl2.csv
R76,7,3.1444444444444444,3.676388888888889,-0.13044389834006617,-0.130430221557617,-0.130430221557617,-0.135430335998535,-0.129727363586426,0.005702972412108986,0.0005940549129769255,3.529012396320225e-07,0.7312774658203622,-0.028152465820582506,0.01003414392471337,0.0050001144409179965,0.00031936960294836676,0.000234603881835993,0.13044525102660176,-0.0693854537275102,2_12-16-2025_OCP_Calibration_CaCl2.csv
R77,1,0.0,0.5055555555555555,0.019244032751207483,0.0190770234912634,0.0190762411803007,0.0187496840953827,0.0209098421037197,0.002160158008337,0.0005688818746368793,3.2362658729037004e-07,0.19660726189612843,-0.027843341231339913,-0.0008495235688065681,-0.0005687531083822008,0.00040926898559277375,0.00010468438267709906,0.019252439406912483,0.00972876574507811,2_12-16-2025_OCP_Calibration_CaCl2.csv
R77,2,0.5069444444444444,1.0458333333333334,-0.013541237175809379,-0.0120473094284534,-0.008253545500338,-0.0463857203722,-0.008253545500338,0.038132174871862,0.006084904869729422,3.7026067273656834e-05,1.3938796520233254,0.002248696982844578,0.07239430807626654,0.038132174871862,0.003764263312532025,0.0016890717670322002,0.014845577507297545,-0.007278085595074416,2_12-16-2025_OCP_Calibration_CaCl2.csv
R77,3,1.0472222222222223,1.5694444444444444,-0.020649112689380463,-0.0191223323345184,-0.0130191892385483,-0.0577021688222885,-0.0130191892385483,0.0446829795837402,0.007240691696797698,5.242761624807512e-05,1.83600425720211,0.014062486588955814,0.08780478097162443,0.0446829795837402,0.004774398498968357,0.002930488437414197,0.02188180685196742,-0.01076299278453613,2_12-16-2025_OCP_Calibration_CaCl2.csv
R77,4,1.5708333333333333,2.0861111111111112,-0.022212696787450584,-0.02242742758244275,-0.0176887419074774,-0.0341380201280117,-0.0176887419074774,0.016449278220534297,0.0028155358399363484,7.927242065966078e-06,0.48600152134895147,-0.018563568592069757,0.032447448541079706,0.016449278220534297,0.0022209418901706504,0.0018687583506107504,0.022390425200008675,-0.01144056919988038,2_12-16-2025_OCP_Calibration_CaCl2.csv
R77,5,2.0875,2.6222222222222222,-0.06579027029593991,-0.0655860900878906,-0.0633201599121094,-0.0777467787265778,-0.0633201599121094,0.014426618814468398,0.0023002945614650654,5.291355069505758e-06,0.6471687555312199,-0.028152465820362238,0.027748056798400506,0.014426618814468398,0.0014629742641340702,0.0008201599121093542,0.06583047182484977,-0.03517293175682426,2_12-16-2025_OCP_Calibration_CaCl2.csv
R77,6,2.623611111111111,3.1430555555555557,-0.1193953951597213,-0.118946075439453,-0.118946075439453,-0.122539520263672,-0.118633270263672,0.00390625,0.0008128449809445922,6.607169630468146e-07,0.1407623291017046,-0.05482971668270409,0.007049560546875408,0.003593444824219,0.0006762564417521317,0.0003128051757810002,0.119398162055825,-0.06201740331533882,2_12-16-2025_OCP_Calibration_CaCl2.csv
R77,7,3.1444444444444444,3.676388888888889,-0.1572874113917351,-0.157227516174316,-0.15683650970459,-0.164727210998535,-0.156758308410645,0.007968902587889987,0.00075612413258629,5.717237038793694e-07,1.040611267089929,-0.028152465820582506,0.01582056283950775,0.00789070129394498,0.00030175181260971693,0.00015544891357502366,0.15728922883025653,-0.08366331126954824,2_12-16-2025_OCP_Calibration_CaCl2.csv
R78,1,0.0,0.5055555555555555,0.023606455142367377,0.0232856366783381,0.0234747026115656,0.0230473522096872,0.0253872107714415,0.002339858561754303,0.0006840079024519637,4.6786681061673505e-07,0.18310099840163935,-0.027843341231339025,0.0006422769941697358,0.00019375793635850042,0.0005422809174493032,0.00018437393009669914,0.02361636278513734,0.011934692087945425,2_12-16-2025_OCP_Calibration_CaCl2.csv
R78,2,0.5069444444444444,1.0458333333333334,-0.003551002117814586,-0.0016003990313038,0.0031769657507538,-0.036928653717041,0.0031769657507538,0.040105619467794805,0.006938590940803876,4.814404424380562e-05,1.5255036950111343,0.00703128520400409,0.0762096340444827,0.040105619467794805,0.00499176398168402,0.0033820435637608,0.007794463437885208,-0.0018950888608982369,2_12-16-2025_OCP_Calibration_CaCl2.csv
R78,3,1.0472222222222223,1.5694444444444444,-0.01242291725509914,-0.0104316808283329,-0.0049144742079079,-0.0515826158225536,-0.0049144742079079,0.0466681416146457,0.007749585691420277,6.0056078388665895e-05,1.8056309223174563,0.010969061404463742,0.09154608991955576,0.0466681416146457,0.005302174204868361,0.003355484455823899,0.014641890298581869,-0.006465543416884921,2_12-16-2025_OCP_Calibration_CaCl2.csv
R78,4,1.5708333333333333,2.0861111111111112,-0.016765677452748342,-0.0167301408946514,-0.0121801281347871,-0.0311911329627037,-0.0121801281347871,0.0190110048279166,0.003331286047903915,1.1097466732959284e-05,0.5535006523132344,-0.015470311045644003,0.0375545628729366,0.0190110048279166,0.00247350976326087,0.0019484469667076986,0.017093431697074564,-0.008632147752602279,2_12-16-2025_OCP_Calibration_CaCl2.csv
R78,5,2.0875,2.6222222222222222,-0.07056303382151485,-0.0706644058227539,-0.0666799545288086,-0.0834280475974083,-0.0666799545288086,0.0167480930685997,0.002767821124591701,7.660833777736067e-06,0.7776582241057434,-0.45009613037137086,0.032247295651409,0.0167480930685997,0.0019404789285717857,0.0012502670288085938,0.07061729657721248,-0.037725384797280034,2_12-16-2025_OCP_Calibration_CaCl2.csv
R78,6,2.623611111111111,3.1430555555555557,-0.11932660116751986,-0.118711471557617,-0.119570732116699,-0.128633499145508,-0.117148399353027,0.01148509979248101,0.0024518692163853825,6.011662654258269e-06,0.16891479492188857,-0.028152465820582506,0.017625732421875394,0.00906276702880901,0.0016294283450444616,0.0007810592651370102,0.11935178846103066,-0.061976907391929,2_12-16-2025_OCP_Calibration_CaCl2.csv
R78,7,3.1444444444444444,3.676388888888889,-0.16478599359591817,-0.164414405822754,-0.164414405822754,-0.171758651733398,-0.164336204528809,0.007422447204588983,0.0009174983875820498,8.418032912156612e-07,0.7594299316409305,-0.028152465820191708,0.01450270414352342,0.007344245910644004,0.0005373119298988004,7.820129394497943e-05,0.16478854780804764,-0.0876524097389646,2_12-16-2025_OCP_Calibration_CaCl2.csv
R80,1,0.0,0.5055555555555555,0.05418328082520668,0.0542021542787552,0.0528670027852058,0.0528670027852058,0.0557873249053955,0.0029203221201897014,0.0006928216084187563,4.800017810919525e-07,0.15892624855037008,-0.025031715631488538,-0.0024460643938144858,-0.0013460889458657005,0.0005388928105648168,0.00037813186645509894,0.05418771007123572,0.027393552019364303,2_12-16-2025_OCP_Calibration_CaCl2.csv
R80,2,0.5069444444444444,1.0458333333333334,0.035824845236149115,0.036899745464325,0.0380841232836246,0.0105426218360662,0.0380841232836246,0.027541501447558403,0.0038794329078500034,1.5049999686509533e-05,1.5766889601946383,-0.018281936645530905,0.0530067600482227,0.027541501447558403,0.0021106320715329244,0.0006289109587669026,0.03603428278571041,0.019321599200419672,2_12-16-2025_OCP_Calibration_CaCl2.csv
R80,3,1.0472222222222223,1.5694444444444444,0.03479690019588483,0.0374997518956661,0.0403419472277164,-0.0039683724753558,0.0403419472277164,0.0443103197030722,0.00705916189498489,4.983176665960665e-05,2.08069388754668,-0.0033755600452316514,0.08739670957203959,0.0443103197030722,0.00473345143558906,0.002175007015466697,0.035505718270469847,0.018194784147878333,2_12-16-2025_OCP_Calibration_CaCl2.csv
R80,4,1.5708333333333333,2.0861111111111112,0.03264671938634047,0.03310520574450495,0.0357661508023739,0.020268440246582,0.0357669331133366,0.015498492866754598,0.002772029970599024,7.684150157899225e-06,0.660374611616162,-0.007313042879134812,0.030888465022848664,0.0154977105557919,0.0022124114316803196,0.0020535178482532015,0.032764194433075225,0.016828558772491918,2_12-16-2025_OCP_Calibration_CaCl2.csv
R80,5,2.0875,2.6222222222222222,-0.014768584185024145,-0.0144138336181641,-0.0140237808227539,-0.0253504849970341,-0.0140237808227539,0.011326704174280201,0.0014432408753851497,2.0829442243824933e-06,0.7163147628306322,-0.028152465820354244,0.02205539996605368,0.011326704174280201,0.0006288773640222164,0.00015640258789059898,0.014838936048602942,-0.00789025883681865,2_12-16-2025_OCP_Calibration_CaCl2.csv
R80,6,2.623611111111111,3.1430555555555557,-0.06444832382599512,-0.0647268295288086,-0.0656642913818359,-0.0656642913818359,-0.0622262954711914,0.0034379959106444966,0.0009071354412447138,8.228947087622417e-07,0.08411407470707033,-0.04089027643205512,-0.004275512695312664,-0.0022659301757811945,0.0007130759021970987,0.00039100646972660413,0.06445470765342974,-0.033477208483964224,2_12-16-2025_OCP_Calibration_CaCl2.csv
R80,7,3.1444444444444444,3.676388888888889,-0.10189967105786009,-0.102695465087891,-0.102773666381836,-0.102851867675781,-0.0985546112060547,0.004297256469726299,0.0013415938112246266,1.799873954316219e-06,0.39413452148396366,-0.05630493164076,-0.004026889801028164,-0.00242137908935601,0.0011169142607185742,7.820129394600639e-05,0.10190850227362978,-0.05420543154080712,2_12-16-2025_OCP_Calibration_CaCl2.csv
R81,1,0.0,0.5055555555555555,0.02138064177068945,0.0213067233562469,0.0210184380412102,0.0195012465119362,0.0219207853078842,0.0024195387959479973,0.0003240910731258941,1.0503502367989363e-07,0.2100867033004536,-0.01659281551837033,0.0032821493606045218,0.0015171915292739972,0.0002488000267027084,0.00015546754002570065,0.02138309794090254,0.010810658894479273,2_12-16-2025_OCP_Calibration_CaCl2.csv
R81,2,0.5069444444444444,1.0458333333333334,-0.00833427054438842,-0.006641044281423,-0.0027082157321274,-0.0427896156907082,-0.0027082157321274,0.0400813999585808,0.006642955314608594,4.412885531188657e-05,1.436068117618566,-0.003374889492996136,0.07604478420282708,0.0400813999585808,0.004259769008805458,0.0023132893256843003,0.010657810320086721,-0.004471225452855108,2_12-16-2025_OCP_Calibration_CaCl2.csv
R81,3,1.0472222222222223,1.5694444444444444,-0.017328224344974486,-0.0144988819956779,-0.0102332402020693,-0.0580654516816139,-0.0102332402020693,0.0478322114795446,0.008242758582196218,6.794306904436941e-05,1.7853802442550772,0.006749778985992272,0.09374761613041403,0.0478322114795446,0.005697585400256441,0.0028875060379505,0.019188809968159463,-0.009025821155713248,2_12-16-2025_OCP_Calibration_CaCl2.csv
R81,4,1.5708333333333333,2.0861111111111112,-0.019092271875550026,-0.01820436492562295,-0.0150730991736054,-0.0329434834420681,-0.0150730991736054,0.0178703842684627,0.003289433066578957,1.0820369899503041e-05,0.5191905051469821,-0.012092068791397459,0.035116322218410566,0.0178703842684627,0.00266684629759605,0.0022308640182018002,0.019373570018698712,-0.009830995619995522,2_12-16-2025_OCP_Calibration_CaCl2.csv
R81,5,2.0875,2.6222222222222222,-0.0659185106735773,-0.0657424926757812,-0.0637893676757812,-0.0755863189697266,-0.0637893676757812,0.01179695129394541,0.0017308518822988948,2.995848238457627e-06,0.6927126646040987,-0.6749725341800037,0.022707254929862457,0.01169256120920191,0.0009692676181156208,0.0004682540893555104,0.06594123063502062,-0.035242929821833975,2_12-16-2025_OCP_Calibration_CaCl2.csv
R81,6,2.623611111111111,3.1430555555555557,-0.11349300765991216,-0.113398551940918,-0.114414215087891,-0.114727020263672,-0.112773895263672,0.001953125,0.0003857586605517154,1.488097441906536e-07,0.11260986328150219,-0.052013397216626345,0.0007507324218743652,0.0003128051757810002,0.0002911124064127745,7.820129394500719e-05,0.11349366324794116,-0.058951815631654594,2_12-16-2025_OCP_Calibration_CaCl2.csv
R81,7,3.1444444444444444,3.676388888888889,-0.15299739936987555,-0.153398513793945,-0.154102325439453,-0.15503978729248,-0.15113353729248,0.00390625,0.0010362979533985195,1.07391344821796e-06,0.56236267089783,-0.028152465820582506,0.0024899840354914715,0.0009374618530270107,0.0009019948904299113,0.0006256103515629996,0.15300090891035065,-0.08138393097453647,2_12-16-2025_OCP_Calibration_CaCl2.csv
R82,1,0.0,0.5055555555555555,0.03603565411208427,0.0363059975206852,0.0353153683245182,0.0329122357070446,0.0365372449159622,0.003625009208917597,0.0005807588605295617,3.3728085408359483e-07,0.2179563045501609,-0.0261555612087232,0.005038996265359099,0.0024031326174735954,0.00042890107140663655,0.00017812848091129652,0.03604033362969688,0.018220694373465247,2_12-16-2025_OCP_Calibration_CaCl2.csv
R82,2,0.5069444444444444,1.0458333333333334,0.0096097419549116,0.0113910576328635,0.0138941956683993,-0.0228301621973515,0.0138941956683993,0.036724357865750804,0.0057501046626978105,3.30637036319791e-05,1.6318197548389493,-0.04640690982340878,0.07008213013563791,0.036724357865750804,0.0035526766196589585,0.001792192459106499,0.011198698320428463,0.005198135560729289,2_12-16-2025_OCP_Calibration_CaCl2.csv
R82,3,1.0472222222222223,1.5694444444444444,0.00416444621139727,0.0067676063627004,0.0103808976709843,-0.0345684885978699,0.0103808976709843,0.0449493862688542,0.007561897296779073,5.718229072703466e-05,1.6953814029693663,0.0025303289294162923,0.08811140210622212,0.0449493862688542,0.004957766396209139,0.0025562667287885995,0.008632780720871794,0.0021973472460558537,2_12-16-2025_OCP_Calibration_CaCl2.csv
R82,4,1.5708333333333333,2.0861111111111112,-0.0019385088723724271,-0.0008382844971492501,0.0023332119453698,-0.020497340708971,0.0023332119453698,0.0228305526543408,0.004271917211210593,1.8249276659437297e-05,0.6930036842822653,-0.030373753979808127,0.04512718180194485,0.0228305526543408,0.0032189295997869624,0.0023390721762552003,0.004691171848025173,-0.000988948939084364,2_12-16-2025_OCP_Calibration_CaCl2.csv
R82,5,2.0875,2.6222222222222222,-0.051277396795122734,-0.050898551940918,-0.0497264862060547,-0.0612888336181641,-0.0496482849121094,0.011640548706054694,0.001835627772614087,3.3695293195921538e-06,0.6510660052298831,-1.012458801269979,0.020127028921722974,0.010338194668293,0.0011295389229815118,0.0006246566772461007,0.05131024216863584,-0.027414138304690527,2_12-16-2025_OCP_Calibration_CaCl2.csv
R82,6,2.623611111111111,3.1430555555555557,-0.100491299688816,-0.100430488586426,-0.100976943969727,-0.100976943969727,-0.100039482116699,0.0009374618530280099,0.00020243225905664333,4.097881950677596e-08,0.0563049316411158,-0.04631370306014304,-0.0009741210937495817,-0.0005464553833010033,0.00015978105958314482,7.820129394600639e-05,0.10049150358098409,-0.0521993523153166,2_12-16-2025_OCP_Calibration_CaCl2.csv
R82,7,3.1444444444444444,3.676388888888889,-0.13798001905282342,-0.138320922851562,-0.13925838470459,-0.13925838470459,-0.136133193969727,0.0031251907348630037,0.0009994616668475313,9.989236234976457e-07,0.3941345214841735,-0.028152465820582506,-0.0008046627044687981,-0.0007028579711920169,0.000850558306814891,0.0007028579711909899,0.13798363881794468,-0.07339641716745167,2_12-16-2025_OCP_Calibration_CaCl2.csv
R75,1,0.0,0.5666666666666667,0.02303180936269645,0.0236330032348633,0.0237112045288086,0.013109034858644,0.0242576599121094,0.0111486250534654,0.0018795707705474905,3.532786281496487e-06,0.5921908468008122,-0.028152465820307605,0.019994147667070788,0.0106021696701646,0.0012001468614408627,0.0005464553833008021,0.02310837572831739,0.01306419666571957,4_04-21-2026_OCP_Calibration_CaCl2.csv
R75,2,0.5694444444444444,1.1777777777777778,0.002992222525856679,0.0044145584106445,-0.0132417678833008,-0.0132417678833008,0.0068359375,0.020077705383300802,0.003950735727302703,1.5608312786986016e-05,0.9843063354492516,-7.227973937988314,-0.01636245033957752,-0.0013275146484375,0.003065208009451853,0.0018754005432128997,0.004955977041031379,0.001863519350687643,4_04-21-2026_OCP_Calibration_CaCl2.csv
R75,3,1.1805555555555556,1.6777777777777778,-0.0026795281304252956,-0.00187492370605465,-0.0294923782348633,-0.0294923782348633,-0.0014448165893554,0.0280475616455079,0.0026108626924692484,6.816603998927773e-06,0.421943664550789,-9.928207397460996,-0.06250095367431677,-0.0180473327636719,0.0013415508505738832,0.00035190582275395005,0.003741186309269862,-0.0012829065322875715,4_04-21-2026_OCP_Calibration_CaCl2.csv
R75,4,1.6805555555555556,2.216666666666667,-0.029516013627199782,-0.0294923782348633,-0.0290231704711914,-0.0398044586181641,-0.0286331176757812,0.011171340942382896,0.0009077532323633167,8.240159308660497e-07,1.420326232910159,-1.9967651367187562,0.0006530211143888683,0.00031280517578130204,0.00038907226131121596,0.00031280517578120143,0.029529969122434063,-0.015824797418382434,4_04-21-2026_OCP_Calibration_CaCl2.csv
R75,5,2.2194444444444446,2.7777777777777777,-0.09362283083471921,-0.0933208465576172,-0.146992683410645,-0.146992683410645,-0.0931644439697266,0.0538282394409184,0.003772139513946338,1.4229036512675315e-05,0.09836196899414418,-19.26555633544946,-0.14180844373042217,-0.0528125762939458,0.0005987971544896638,0.00015640258789059724,0.09369879129433384,-0.052197848425971125,4_04-21-2026_OCP_Calibration_CaCl2.csv
R75,6,2.7805555555555554,3.3916666666666666,-0.1428191715775572,-0.142539978027344,-0.140742301940918,-0.146914482116699,-0.140742301940918,0.006172180175781,0.0015505027587922183,2.40405880502228e-06,0.04222869873047941,0.0,0.010117923512177603,0.006172180175781,0.0012835201161032876,0.0010938644409179965,0.14282758777247742,-0.08727557924058701,4_04-21-2026_OCP_Calibration_CaCl2.csv
R75,7,3.3944444444444444,3.9166666666666665,-0.1630956256200397,-0.161993026733398,-0.156367301940918,-0.177227020263672,-0.156367301940918,0.020859718322754017,0.0052513153576759985,2.7576312985763803e-05,0.16874313354486148,0.0,0.040476662772042996,0.020859718322754017,0.0043424085875127085,0.0037498474121089864,0.16318014404141795,-0.08516187800301445,4_04-21-2026_OCP_Calibration_CaCl2.csv
R77,1,0.0,0.5666666666666667,0.034673600044192315,0.0349607467651367,0.0334768295288086,0.0322700403630733,0.0351953506469727,0.0029253102838993975,0.000507614879663729,2.5767286605602204e-07,0.3036046028137557,-0.014076232910171349,0.002859738541812594,0.0012067891657353003,0.00041594324333194395,0.00015640258789060418,0.03467731553754803,0.0196533738169819,4_04-21-2026_OCP_Calibration_CaCl2.csv
R77,2,0.5694444444444444,1.1777777777777778,0.013693297993053079,0.0141019821166992,0.003788948059082,0.003788948059082,0.0148830413818359,0.0110940933227539,0.001093003945047519,1.19465762388944e-06,0.056304931640615834,-3.7408447265625133,-0.02256410772150236,-0.0086717605590821,0.0008340171151909957,0.0006246566772461007,0.01373685071442654,0.00834555758370293,4_04-21-2026_OCP_Calibration_CaCl2.csv
R77,3,1.1805555555555556,1.6777777777777778,0.005726697709825257,0.0066795349121093,-0.0344924926757812,-0.0344924926757812,0.0073051452636718,0.041797637939453,0.003328158130472433,1.1076636541429762e-05,0.028152465820326156,-15.047149658203134,-0.11828231811523456,-0.0382032394409179,0.0015085701883575042,0.0006246566772461007,0.006623571785762393,0.002906101279788524,4_04-21-2026_OCP_Calibration_CaCl2.csv
R77,4,1.6805555555555556,2.216666666666667,-0.034511841449540885,-0.0344924926757812,-0.0344924926757812,-0.0345706939697266,-0.0344924926757812,7.820129394539577e-05,3.374498626849082e-05,1.138724098260634e-09,0.014076232910171349,-0.014076232910171349,0.0,0.0,2.912289658674226e-05,0.0,0.03451185794712227,-0.018502235412597642,4_04-21-2026_OCP_Calibration_CaCl2.csv
R77,5,2.2194444444444446,2.7777777777777777,-0.09060694439576404,-0.0903520584106445,-0.139101982116699,-0.139101982116699,-0.0902738571166992,0.04882812499999979,0.003421412094700657,1.1706060721763937e-05,0.01407623291017046,-17.49366760253903,-0.12997315661741932,-0.0485935211181638,0.0004801488883261151,7.820129394529862e-05,0.09067151941739389,-0.05052165985107418,4_04-21-2026_OCP_Calibration_CaCl2.csv
R77,6,2.7805555555555554,3.3916666666666666,-0.1379380204558911,-0.137773513793945,-0.137773513793945,-0.139023780822754,-0.137773513793945,0.0012502670288089823,0.00027019965351237957,7.300785275820997e-08,0.02815246582038,-3.552713678800501e-15,0.002100327435662139,0.0012502670288089823,0.00019864160655627092,0.0,0.1379382850956999,-0.08429417742623216,4_04-21-2026_OCP_Calibration_CaCl2.csv
R77,7,3.3944444444444444,3.9166666666666665,-0.16613629759934845,-0.165899276733398,-0.164961814880371,-0.168789863586426,-0.164961814880371,0.003828048706054993,0.0009151256207702858,8.374549017902009e-07,0.05630493164076509,-3.552713678800501e-15,0.00751495361328194,0.003828048706054993,0.0007664189320396027,0.0006256103515620004,0.16613881796534205,-0.08675801224178736,4_04-21-2026_OCP_Calibration_CaCl2.csv
R80,4,1.6805555555555556,2.216666666666667,-0.08060878085106918,-0.07816410064697266,-0.0758209228515625,-0.0987892150878906,-0.0758209228515625,0.022968292236328097,0.005738304055902387,3.2928133437985786e-05,1.082839965820309,-0.013904571533203125,0.04305603577918599,0.022968292236328097,0.004286386467772193,0.0021877288818359514,0.08081276931112857,-0.04319666226704916,4_04-21-2026_OCP_Calibration_CaCl2.csv
R80,5,2.2194444444444446,2.7777777777777777,-0.12917730123689872,-0.129101753234863,-0.164727210998535,-0.164727210998535,-0.127617835998535,0.037109375,0.0025268401396300114,6.384921091245414e-06,0.15466690063475852,-12.937431335449364,-0.0983679176557189,-0.037109375,0.00039361180213032775,0.00015640258789001438,0.1292020126621088,-0.07207678423987499,4_04-21-2026_OCP_Calibration_CaCl2.csv
R80,6,2.7805555555555554,3.3916666666666666,-0.1657757996434,-0.165821075439453,-0.165351867675781,-0.166133880615234,-0.164883613586426,0.0012502670288079831,0.0002681713215739473,7.191585771471746e-08,0.014076232910284148,-0.02815246582037645,-0.0008264602039724533,-0.0004682540893549969,0.00023075024952418818,0.000234603881835993,0.16577601655024293,-0.10130926105711194,4_04-21-2026_OCP_Calibration_CaCl2.csv
R80,7,3.3944444444444444,3.9166666666666665,-0.17156543428935697,-0.169961929321289,-0.16871166229248,-0.182929992675781,-0.16871166229248,0.014218330383301003,0.0033942232463767858,1.1520751446244566e-05,0.22487640380856458,0.0,0.027677445184617167,0.014218330383301003,0.002722781741910473,0.0011720657348630037,0.1715990063908935,-0.08958346181445648,4_04-21-2026_OCP_Calibration_CaCl2.csv
R81,1,0.0,0.5666666666666667,0.027591595580665068,0.0277738571166992,0.0267581939697266,0.0247278306633234,0.0280075073242188,0.0032796766608953996,0.0004615594866940384,2.1303715975726418e-07,0.25693953037261213,-0.014076232910173125,0.004192197831665695,0.0020303633064032017,0.000342834610126324,0.00015640258789059724,0.02759545585502681,0.015640372449221705,4_04-21-2026_OCP_Calibration_CaCl2.csv
R81,2,0.5694444444444444,1.1777777777777778,0.01002384099093348,0.0098829269409179,-3.91006469726562e-05,-3.91006469726562e-05,0.0112113952636719,0.011250495910644556,0.0008772225629856347,7.695194250110857e-07,0.02815246582032649,-3.543777465820305,-0.024034153331409753,-0.009765624999999957,0.0005078867841358207,0.0003519058227539002,0.01006215223679951,0.006112225850423163,4_04-21-2026_OCP_Calibration_CaCl2.csv
R81,3,1.1805555555555556,1.6777777777777778,0.0011410448286267882,0.0013675689697265,-0.0353517532348633,-0.0353517532348633,0.0022268295288085,0.037578582763671806,0.00277748523962718,7.714424256346855e-06,0.04222869873048015,-13.162651062011761,-0.10742282867431668,-0.0354690551757812,0.0006716990176542196,0.000429630279541,0.003002733347682207,0.0006194591522216519,4_04-21-2026_OCP_Calibration_CaCl2.csv
R81,4,1.6805555555555556,2.216666666666667,-0.03282665468982814,-0.0326957702636719,-0.0310544967651367,-0.0353517532348633,-0.0310544967651367,0.004297256469726601,0.0011820537840616834,1.3972511484145447e-06,0.0842857360839897,-8.881784197001252e-16,0.008046848257792408,0.004297256469726601,0.0010022105515883728,0.0009374618530274062,0.0328479300607151,-0.017597688568962946,4_04-21-2026_OCP_Calibration_CaCl2.csv
R81,5,2.2194444444444446,2.7777777777777777,-0.07484785400994934,-0.0745706558227539,-0.131914138793945,-0.131914138793945,-0.0737895965576172,0.058124542236327806,0.004063441700305829,1.651155845178433e-05,0.05630493164061521,-20.306167602539045,-0.15078837328618105,-0.05648422241210911,0.0008154379107323193,0.0005464553833007951,0.07495807367019562,-0.041709984673394075,4_04-21-2026_OCP_Calibration_CaCl2.csv
R81,6,2.7805555555555554,3.3916666666666666,-0.12781423680922563,-0.127383232116699,-0.126523971557617,-0.131758689880371,-0.126523971557617,0.005234718322754017,0.001311735462514461,1.7206499236180272e-06,0.04222869873048296,0.0,0.008590836330776223,0.005234718322754017,0.0010482462156253993,0.0007028579711909899,0.12782096768937568,-0.07810501390033295,4_04-21-2026_OCP_Calibration_CaCl2.csv
R81,7,3.3944444444444444,3.9166666666666665,-0.16003344803260117,-0.159570693969727,-0.157695770263672,-0.166055679321289,-0.157695770263672,0.008359909057616993,0.0019226161767805067,3.6964529632180926e-06,0.08445739746096778,-3.552713678800501e-15,0.01622154599144279,0.008359909057616993,0.0014664965078240203,0.0010938644409179965,0.16004499661709665,-0.08356790542602535,4_04-21-2026_OCP_Calibration_CaCl2.csv
R83,2,0.5694444444444444,1.1777777777777778,0.014464217966253107,0.0149612426757812,-0.0019140243530273,-0.0019140243530273,0.0164451599121094,0.018359184265136698,0.0018929416584292072,3.583228122216717e-06,0.04222869873046209,-6.609306335449235,-0.03566733273592872,-0.0126562118530273,0.0013753041354092697,0.0010156631469726996,0.014587557351986519,0.008826982975006106,4_04-21-2026_OCP_Calibration_CaCl2.csv
R83,3,1.1805555555555556,1.6777777777777778,0.0006961981455484707,0.0012111663818359,-0.0426950454711914,-0.0426950454711914,0.001835823059082,0.044530868530273396,0.0033538874521158116,1.1248561041459892e-05,0.05630493164061622,-16.03111267089848,-0.12609291076660203,-0.0408592224121094,0.0009943732508906403,0.00042963027954105,0.003425383613454852,0.0004099475012885043,4_04-21-2026_OCP_Calibration_CaCl2.csv
R83,4,1.6805555555555556,2.216666666666667,-0.04210861442015344,-0.0420703887939453,-0.0416793823242188,-0.0426950454711914,-0.0416793823242188,0.0010156631469726007,0.00028794013518611554,8.29095214509985e-08,0.014076232910171349,-8.881784197001252e-16,0.00188473573665018,0.0010156631469726007,0.0002445584213154544,0.00023460388183589587,0.04210959888085619,-0.02257467773225573,4_04-21-2026_OCP_Calibration_CaCl2.csv
R83,5,2.2194444444444446,2.7777777777777777,-0.09395808984737584,-0.0937891006469727,-0.133086204528809,-0.133086204528809,-0.093632698059082,0.03945350646972701,0.0027601823752792343,7.618606744802117e-06,0.014076232910174014,-14.175109863281465,-0.10540008544922033,-0.03945350646972701,0.00038740707605376885,0.0,0.09399862368413892,-0.05240604082743326,4_04-21-2026_OCP_Calibration_CaCl2.csv
R83,6,2.7805555555555554,3.3916666666666666,-0.1338674234588763,-0.133945465087891,-0.134023666381836,-0.134023666381836,-0.133164405822754,0.0008592605590820035,0.00017620756831530595,3.104910713159321e-08,0.014076232910095854,-0.014076232910280595,-0.0013997004582330928,-0.0008592605590820035,0.00012363435321893152,0.0,0.13386753942844112,-0.08180862930085936,4_04-21-2026_OCP_Calibration_CaCl2.csv
R83,7,3.3944444444444444,3.9166666666666665,-0.15411482412348348,-0.154492378234863,-0.155196189880371,-0.155196189880371,-0.152539253234863,0.002656936645508007,0.0008785128493863692,7.717848265369573e-07,0.02815246582020269,-0.028152465820383554,-0.004539489746094312,-0.0024223327636720138,0.0007772515894087002,0.0003910064697270066,0.15411732803107764,-0.080482546488444,4_04-21-2026_OCP_Calibration_CaCl2.csv
R92,2,0.5694444444444444,1.1777777777777778,0.014645359732887959,0.0148830413818359,-0.0022268295288085,-0.0022268295288085,0.0162115097045898,0.0184383392333983,0.0015414719046422394,2.376135632801373e-06,0.014076232910172237,-6.637802124023411,-0.03912006724964487,-0.0146875381469726,0.0009633265250970463,0.000781059265136802,0.014726258769235908,0.008935728338029648,4_04-21-2026_OCP_Calibration_CaCl2.csv
R92,3,1.1805555555555556,1.6777777777777778,-9.204016791452764e-05,0.0005855560302734,-0.0454301834106445,-0.0454301834106445,0.0008983612060546,0.046328544616699094,0.00350325319265866,1.2272782931873093e-05,0.0281524658203261,-16.678276062011733,-0.13289165496826216,-0.0432815551757813,0.0010755635485236556,0.0003128051757812,0.003504462059201502,2.0061598883719346e-05,4_04-21-2026_OCP_Calibration_CaCl2.csv
R92,4,1.6805555555555556,2.216666666666667,-0.04524274216484777,-0.0452737808227539,-0.0448827743530273,-0.0455083847045898,-0.0448827743530273,0.0006256103515625,0.00020137591585399703,4.0552259486036086e-08,0.014076232910172237,-0.01407623291015625,0.001160926425579897,0.0006256103515625,0.00017839436425145814,0.00015640258789059724,0.04524319032577589,-0.024255267779032384,4_04-21-2026_OCP_Calibration_CaCl2.csv
R92,5,2.2194444444444446,2.7777777777777777,-0.10140712190382548,-0.101133346557617,-0.146368026733398,-0.146368026733398,-0.100976943969727,0.04539108276367099,0.0031749913145375655,1.0080569847388977e-05,0.014076232910280595,-16.340789794921612,-0.12078417409764544,-0.04500007629394499,0.00046004273005409435,7.820129394500719e-05,0.10145681318997118,-0.05655658509996199,4_04-21-2026_OCP_Calibration_CaCl2.csv
R92,6,2.7805555555555554,3.3916666666666666,-0.14563287329350108,-0.145508766174316,-0.14511775970459,-0.146368026733398,-0.14511775970459,0.0012502670288079831,0.0004098076822574449,1.6794233643721894e-07,0.014076232910284148,-0.01407623291010296,0.002036634074076351,0.0012502670288079831,0.00035928268621634817,0.0003128051757810002,0.1456334498872336,-0.08899756140179094,4_04-21-2026_OCP_Calibration_CaCl2.csv
R92,7,3.3944444444444444,3.9166666666666665,-0.1703035061952297,-0.170430183410645,-0.170821189880371,-0.170899391174316,-0.169414520263672,0.0014848709106439761,0.0005416930640148841,2.9343137560183333e-07,0.055961608886639015,-0.014076232910284148,-0.0011180696033304433,-0.0007038116455080068,0.000485119796013441,0.0004692077636709868,0.1703043676884543,-0.08893581496344663,4_04-21-2026_OCP_Calibration_CaCl2.csv
R98,2,0.5694444444444444,1.1777777777777778,0.017217454043301668,0.0176172256469727,0.0040235519409179,0.0040235519409179,0.0201177597045898,0.0160942077636719,0.002180499456406273,4.754577879388052e-06,0.02815246582032538,-5.793914794921904,-0.027933987704190685,-0.009062767028808701,0.0017653783687875276,0.0015621185302734496,0.017354979159094168,0.010498013761308458,4_04-21-2026_OCP_Calibration_CaCl2.csv
R98,3,1.1805555555555556,1.6777777777777778,0.0057279321882459395,0.0062894821166992,-0.0385551452636719,-0.0385551452636719,0.0071487426757812,0.045703887939453104,0.003443018069164557,1.1854373424593634e-05,0.02815246582030817,-16.453399658203175,-0.13101768493652383,-0.0426568984985351,0.001122686480298455,0.0005474090576171996,0.006683081667744123,0.0029118180274963156,4_04-21-2026_OCP_Calibration_CaCl2.csv
R98,4,1.6805555555555556,2.216666666666667,-0.03803050640932063,-0.0380077362060547,-0.0375394821166992,-0.0384769439697266,-0.0375394821166992,0.0009374618530273993,0.0002874394352332037,8.26214289271831e-08,0.014076232910171349,-8.881784197001252e-16,0.0017396199334528762,0.0009374618530273993,0.0002520416580866638,0.0002346038818359028,0.03803159264582939,-0.020388638973236083,4_04-21-2026_OCP_Calibration_CaCl2.csv
R98,5,2.2194444444444446,2.7777777777777777,-0.08706212751936204,-0.0869140625,-0.126758575439453,-0.126758575439453,-0.0862112045288086,0.04054737091064439,0.0028311707494645803,8.015527812623833e-06,0.028152465820307605,-14.146957397460932,-0.1069314409010481,-0.04039096832275378,0.0005796815984191366,0.00039100646972660413,0.08710814873483583,-0.04855551852120292,4_04-21-2026_OCP_Calibration_CaCl2.csv
R98,6,2.7805555555555554,3.3916666666666666,-0.12710544102871582,-0.127070426940918,-0.127617835998535,-0.127617835998535,-0.126758575439453,0.0008592605590820035,0.00024348764932713456,5.9286235374853654e-08,0.014076232910280595,-0.02798080444349793,-0.0012723137350647883,-0.0007810592651369963,0.0002102948619508743,0.0002336502075200031,0.1271056742452505,-0.07767520878050065,4_04-21-2026_OCP_Calibration_CaCl2.csv
R98,7,3.3944444444444444,3.9166666666666665,-0.14751063452826613,-0.148399353027344,-0.148242950439453,-0.148945808410645,-0.144023895263672,0.004921913146972989,0.0017257218436039802,2.9781158814919206e-06,0.02815246582020269,-0.04222869873047941,-0.007514953613280891,-0.003984451293944979,0.00148035483385527,0.0005464553833010033,0.14752072876315786,-0.07703683111402726,4_04-21-2026_OCP_Calibration_CaCl2.csv
R102,2,0.5694444444444444,1.1777777777777778,0.021897771141745827,0.0219144821166992,0.0063676834106445,0.0063676834106445,0.0251951217651367,0.0188274383544922,0.0026490278601080065,7.017348603628404e-06,0.02780914306640385,-4.246902465820322,-0.040015047246759736,-0.0185937881469727,0.0022586304294176336,0.0024995803833007986,0.022057418923797607,0.01333845853805542,4_04-21-2026_OCP_Calibration_CaCl2.csv
R102,3,1.1805555555555556,1.6777777777777778,0.008546898100111179,0.0089454650878906,-0.0204296112060547,-0.0204296112060547,0.009648323059082,0.0300779342651367,0.002328790819859572,5.423266682662218e-06,0.028152465820326267,-10.82805633544925,-0.0838270187377932,-0.0268745422363281,0.0009006807539198164,0.0005464553833007986,0.008858483719934597,0.004292872216966397,4_04-21-2026_OCP_Calibration_CaCl2.csv
R102,4,1.6805555555555556,2.216666666666667,-0.018181407574525812,-0.01804733276367185,-0.0167579650878906,-0.0204296112060547,-0.0167579650878906,0.0036716461181641007,0.000993166616820614,9.863799287669045e-07,0.08445739746092418,-4.440892098500626e-16,0.0068859218322125226,0.0036716461181641007,0.0008373444969006199,0.0008201599121093507,0.018208513429706214,-0.009746109114752877,4_04-21-2026_OCP_Calibration_CaCl2.csv
R102,5,2.2194444444444446,2.7777777777777777,-0.0449189289961711,-0.044804573059082,-0.0475387573242188,-0.0475387573242188,-0.043086051940918,0.004452705383300795,0.0011893233815421385,1.414490105882827e-06,0.05596160888674893,-1.602973937988292,-0.0038292384383701735,0.0,0.0010178117889503046,0.0010156631469725938,0.04493467116012917,-0.025072458055284276,4_04-21-2026_OCP_Calibration_CaCl2.csv
R103,2,0.5694444444444444,1.1777777777777778,0.005739771236072839,0.0053520202636718,-0.0119142532348633,-0.0119142532348633,0.0095701217651367,0.021484375,0.0019854688608695833,3.942086597482761e-06,0.028152465820326045,-7.7343750000000275,-0.043146306818182004,-0.015625,0.0013720828048453834,0.0010156631469726007,0.006073471860470903,0.0035190317365858003,4_04-21-2026_OCP_Calibration_CaCl2.csv
R103,3,1.1805555555555556,1.6777777777777778,-0.006668392817179315,-0.0061330795288085,-0.0251169204711914,-0.0251169204711914,-0.0045700073242187,0.020546913146972698,0.002138342656310592,4.572509315797438e-06,0.08445739746092469,-7.396888732910197,-0.04718685150146522,-0.013437271118164099,0.0014221034226594188,0.0009374618530274001,0.007002854566532574,-0.003283090061611576,4_04-21-2026_OCP_Calibration_CaCl2.csv
R103,4,1.6805555555555556,2.216666666666667,-0.024628722790590273,-0.0247268676757812,-0.0238676071166992,-0.0251169204711914,-0.0238676071166992,0.001249313354492198,0.00036244973823176124,1.3136981274427223e-07,0.014076232910172237,-8.881784197001252e-16,0.0023183134413257223,0.001249313354492198,0.0003103456305626409,0.0002346038818359028,0.024631389650372648,-0.013204110993279356,4_04-21-2026_OCP_Calibration_CaCl2.csv
R105,1,0.0,0.5666666666666667,0.040315722074450513,0.0414457321166992,0.0304298400878906,0.0304298400878906,0.0466022491455078,0.016172409057617198,0.005272385852218249,2.7798052574671152e-05,0.2346932888030881,-0.05630493164061523,-0.02371189870485456,-0.0137894712388516,0.004695214702925607,0.004452705383300802,0.04065901497772675,0.02285388458209733,4_04-21-2026_OCP_Calibration_CaCl2.csv
R105,2,0.5694444444444444,1.1777777777777778,0.0173945426940918,0.0178518295288086,0.0076169967651367,0.0076169967651367,0.0186328887939453,0.011015892028808599,0.001510108165287274,2.2804266708672967e-06,0.08445739746094238,-3.4874725341797044,-0.015532233498313444,-0.004765510559082101,0.0009800650856711716,0.00046873092651369963,0.01745996970809084,0.010602221224043109,4_04-21-2026_OCP_Calibration_CaCl2.csv
R105,3,1.1805555555555556,1.6777777777777778,0.00770498911539709,0.00804710388183585,-0.029414176940918,-0.029414176940918,0.008554458618164,0.037968635559082003,0.0028203123382565813,7.954161685322305e-06,0.02815246582030823,-13.47198486328128,-0.11171913146972688,-0.0371875762939453,0.0007005543178982236,0.00042915344238284893,0.008204938692867238,0.0038825511932372822,4_04-21-2026_OCP_Calibration_CaCl2.csv
R105,4,1.6805555555555556,2.216666666666667,-0.027448899967154276,-0.0273828506469727,-0.0260543823242188,-0.029414176940918,-0.0260543823242188,0.0033597946166992014,0.000896805802498903,8.042606473957015e-07,0.05613327026366388,-8.881784197001252e-16,0.006307228324339482,0.0033597946166992014,0.000756733424352628,0.0007028579711914999,0.02746354620318064,-0.014714867538876006,4_04-21-2026_OCP_Calibration_CaCl2.csv
R105,5,2.2194444444444446,2.7777777777777777,-0.061329832171449564,-0.0608987808227539,-0.118633270263672,-0.118633270263672,-0.0605077743530273,0.0581254959106447,0.004069048124656258,1.6557152640768607e-05,0.05630493164061521,-20.47508239746107,-0.15009322969040156,-0.055859565734863406,0.0007536627944573769,0.00031280517578120143,0.06146466844308965,-0.03416089614232381,4_04-21-2026_OCP_Calibration_CaCl2.csv
R105,6,2.7805555555555554,3.3916666666666666,-0.115942286150488,-0.115586280822754,-0.115664482116699,-0.118555068969727,-0.115508079528809,0.0030469894409180104,0.0007046036196985642,4.964662608923189e-07,0.05630493164076009,-0.014076232910099407,0.004836034990545076,0.00289058685302801,0.0005228766200801965,7.820129394500719e-05,0.11594442713672158,-0.07085037628809623,4_04-21-2026_OCP_Calibration_CaCl2.csv
R105,7,3.3944444444444444,3.9166666666666665,-0.14824474677837715,-0.147539138793945,-0.145430564880371,-0.155351638793945,-0.145430564880371,0.009921073913573997,0.002487785796993201,6.189078171721098e-06,0.08445739746096592,0.0,0.019194285074868568,0.009921073913573997,0.0020155423579439375,0.0015621185302729934,0.1482656198366866,-0.0774107389979892,4_04-21-2026_OCP_Calibration_CaCl2.csv
R106,1,0.0,0.5666666666666667,0.032774626200155504,0.0331640243530273,0.0296487808227539,0.0227918811142445,0.035038948059082,0.012247066944837497,0.0020536427762419167,4.217448652410607e-06,0.7682470232248081,-0.028152465820325823,0.013846493530564096,0.0068568997085094,0.0016931591354474474,0.0015630722045898993,0.032838903319269516,0.01859049455573161,4_04-21-2026_OCP_Calibration_CaCl2.csv
R106,2,0.5694444444444444,1.1777777777777778,0.014666951786388042,0.0162115097045898,-0.0019922256469726,-0.0024604797363281,0.0175390243530273,0.0199995040893554,0.003871870835707894,1.4991383768405344e-05,0.5905151367187701,-7.0312499999999885,-0.013871799815784801,0.0004682540893555,0.0027239412906741316,0.0011711120605469028,0.015169405343408712,0.008969321515825055,4_04-21-2026_OCP_Calibration_CaCl2.csv
R106,3,1.1805555555555556,1.6777777777777778,0.009048642052544461,0.0099611282348632,-0.0374612808227539,-0.0374612808227539,0.0106639862060547,0.0481252670288086,0.003915308387447584,1.53296397688174e-05,0.4782485961913697,-17.043914794921907,-0.12070369720459044,-0.037343978881836,0.001585473661069526,0.000546455383300901,0.009859389573593967,0.004576513502332886,4_04-21-2026_OCP_Calibration_CaCl2.csv
R100,1,0.0,0.5666666666666667,0.014654620286792784,0.0161333084106445,0.0163669586181641,-0.0012066459748894,0.0166797637939453,0.0178864097688347,0.0032519928494518066,1.057545749288568e-05,0.731126402970372,-0.02815246582030806,0.03264419929260706,0.017573604593053502,0.002268688520206096,0.0005464553833007986,0.015011107662093572,0.00832393611797468,4_04-21-2026_OCP_Calibration_CaCl2.csv
R100,2,0.5694444444444444,1.1777777777777778,-0.00020701668479226963,0.00062465667724605,-0.0180082321166992,-0.0260543823242188,0.0039453506469726,0.0299997329711914,0.0042781117243379015,1.8302239925917416e-05,2.053070068359391,-7.903289794921877,-0.0001295263117009943,0.008046150207519597,0.0028086312349177214,0.00199222564697255,0.004283117536759854,-6.531212064955641e-05,4_04-21-2026_OCP_Calibration_CaCl2.csv
R100,3,1.1805555555555556,1.6777777777777778,-0.006521309746636234,-0.005742073059082,-0.0337886810302734,-0.0337886810302734,-0.0051174163818359,0.028671264648437503,0.0027209789774690187,7.403726595828347e-06,0.5064010620117136,-9.9560165405274,-0.061872482299805014,-0.017811775207519503,0.0014046784389166228,0.000429630279541,0.007066201766677845,-0.0031915360026889125,4_04-21-2026_OCP_Calibration_CaCl2.csv
R100,4,1.6805555555555556,2.216666666666667,-0.03160086366319165,-0.0312891006469727,-0.0301170349121094,-0.0408201217651367,-0.0301170349121094,0.010703086853027299,0.0012654648819983875,1.6014013675711927e-06,1.1248970031738228,-1.3499450683593706,0.006742575733931879,0.0035943984985350973,0.00093751354543901,0.0007419586181641007,0.03162619144992323,-0.016940703656938345,4_04-21-2026_OCP_Calibration_CaCl2.csv
R100,5,2.2194444444444446,2.7777777777777777,-0.09228402789276426,-0.0919923782348633,-0.143867492675781,-0.143867492675781,-0.0917577743530273,0.0521097183227537,0.0036441858795099313,1.3280090724419571e-05,0.11260986328125,-18.534278869628896,-0.13811857393472488,-0.051718711853027094,0.000533124977742295,0.00015640258789061112,0.09235595213540333,-0.051453793048858616,4_04-21-2026_OCP_Calibration_CaCl2.csv
R100,6,2.7805555555555554,3.3916666666666666,-0.14254139775064723,-0.142305374145508,-0.142227172851562,-0.143867492675781,-0.142148971557617,0.001718521118164007,0.0004406034990252714,1.9413144335331232e-07,0.02815246582037645,-0.01407623291010296,0.0026720141932979453,0.0016403198242189998,0.000368479362799243,0.00015640258789101358,0.14254207871415223,-0.08710722658369266,4_04-21-2026_OCP_Calibration_CaCl2.csv
R100,7,3.3944444444444444,3.9166666666666665,-0.16366151274827417,-0.162304878234863,-0.159258842468262,-0.175743103027344,-0.159258842468262,0.016484260559082003,0.0037776632338700493,1.427073950853352e-05,0.22521972656268066,0.0,0.0324403671991257,0.016484260559082003,0.003077673426814695,0.002031326293945007,0.16370510527946908,-0.08545701371298894,4_04-21-2026_OCP_Calibration_CaCl2.csv
R116,2,0.5694444444444444,1.1777777777777778,0.007426955483176464,0.008906364440917951,-0.0077733993530273,-0.0111331939697266,0.0112895965576172,0.0224227905273438,0.0041911947852150576,1.7566113727613895e-05,0.9283447265625395,-6.862678527832045,-0.007989276539195582,0.0033597946166993003,0.0031830992580445406,0.0019922256469726493,0.0085279412214613,0.004564954174889443,4_04-21-2026_OCP_Calibration_CaCl2.csv
R116,3,1.1805555555555556,1.6777777777777778,0.003082089953952323,0.0041017532348632,-0.0325393676757812,-0.0325393676757812,0.0045700073242187,0.0371093749999999,0.0032209933215692536,1.0374797977593733e-05,0.47824859619140575,-13.162651062011722,-0.08867263793945333,-0.0267190933227539,0.0015604640230720307,0.0003900527954102005,0.004458035044932639,0.0015943222575717296,4_04-21-2026_OCP_Calibration_CaCl2.csv
R118,2,0.5694444444444444,1.1777777777777778,0.007612276077270474,0.00835943222045895,-0.0073051452636718,-0.0077733993530273,0.0108985900878906,0.0186719894409179,0.0031889953930774343,1.01696916170691e-05,0.7031250000000026,-6.5533447265624885,-0.012529719959605863,0.0004682540893555,0.002154175584966487,0.0014452934265136493,0.008253268364330185,0.004672888914744039,4_04-21-2026_OCP_Calibration_CaCl2.csv
R118,3,1.1805555555555556,1.6777777777777778,0.005376323064168268,0.006601333618164,-0.023320198059082,-0.023320198059082,0.0069141387939453,0.030234336853027302,0.0031370873527279287,9.841317058645524e-06,0.42194366455078963,-10.856208801269558,-0.06398391723632837,-0.0174999237060547,0.0017912301310786503,0.0003128051757813003,0.006224641897246233,0.002728634410434286,4_04-21-2026_OCP_Calibration_CaCl2.csv
R119,1,0.0,0.5666666666666667,0.038719793590830595,0.0376176834106445,0.0264453887939453,0.0264453887939453,0.0515232086181641,0.0250778198242188,0.008425970001837958,7.099697047187316e-05,0.1337282359600317,-0.07038116455079102,-0.04213530224997814,-0.024140346795320504,0.007488645646523893,0.007656097412109403,0.03962599381956746,0.02194178367757963,4_04-21-2026_OCP_Calibration_CaCl2.csv
R119,2,0.5694444444444444,1.1777777777777778,0.018339326164939173,0.0187110900878906,0.0104293823242188,-0.0073823928833007,0.0189456939697266,0.026328086853027302,0.0018921496288930304,3.5802302181200324e-06,8.77498626708986,-3.065872192382819,0.04212180050936617,0.0178117752075195,0.000627282552482661,0.00023460388183589934,0.018436678507858805,0.011203134059906002,4_04-21-2026_OCP_Calibration_CaCl2.csv
R119,3,1.1805555555555556,1.6777777777777778,0.012643316056993268,0.0128517150878906,-0.0369138717651367,-0.0369138717651367,0.0149612426757812,0.0518751144409179,0.0042789759194415454,1.830963491916062e-05,4.317111968994141,-18.67504119873051,-0.14663982391357475,-0.047421455383300795,0.0013486991693944098,0.0007419586181640504,0.01334777419033542,0.006358333428700762,4_04-21-2026_OCP_Calibration_CaCl2.csv
R119,4,1.6805555555555556,2.216666666666667,-0.012488340594104886,-0.0124607086181641,-0.0105857849121094,-0.0149612426757812,-0.0105857849121094,0.0043754577636718,0.0011705391218862213,1.3701618358661661e-06,0.08428573608399015,0.0,0.00811940615939098,0.0043754577636718,0.000995788124190694,0.0009374618530273498,0.012543078275695885,-0.006694346004062228,4_04-21-2026_OCP_Calibration_CaCl2.csv
R119,5,2.2194444444444446,2.7777777777777777,-0.03782654752825747,-0.03742218017578125,-0.0397262573242188,-0.062382698059082,-0.035273551940918,0.027109146118163993,0.0024275683775050595,5.893088227462546e-06,7.481002807617217,-1.602973937988292,0.05492739158101605,0.022656440734863198,0.001570211907319375,0.00128936767578125,0.03790436368196917,-0.021083078119489874,4_04-21-2026_OCP_Calibration_CaCl2.csv
R119,6,2.7805555555555554,3.3916666666666666,-0.03588578064517197,-0.0353517532348633,-0.035273551940918,-0.0396490097045898,-0.035038948059082,0.0046100616455078056,0.0011148572909726359,1.2429067792348445e-06,0.05630493164061771,-0.028152465820310103,0.007191135872543001,0.004375457763671799,0.0008610799816804336,0.00023460388183599995,0.03590309400723891,-0.02192582289377848,4_04-21-2026_OCP_Calibration_CaCl2.csv
R119,7,3.3944444444444444,3.9166666666666665,-0.060199636630911046,-0.0607423782348633,-0.0651178359985352,-0.0651178359985352,-0.0532426834106445,0.011875152587890701,0.003207004714994044,1.028487924199403e-05,-0.013904571533201349,-0.140762329101578,-0.023066202799479317,-0.011875152587890701,0.0026888873114510733,0.002344131469726604,0.06028499920988405,-0.031440419620937764,4_04-21-2026_OCP_Calibration_CaCl2.csv
R120,1,0.0,0.5666666666666667,0.017474695022513236,0.0180864334106445,0.0177736282348633,0.008335581049323,0.0183982849121094,0.010062703862786399,0.0015013031772843268,2.253911230124015e-06,0.5781246721744681,-0.014076232910154474,0.01798419181893533,0.009438047185540298,0.000979796460808075,0.00023365020751960064,0.017539067174738025,0.009914605208258667,4_04-21-2026_OCP_Calibration_CaCl2.csv
R120,2,0.5694444444444444,1.1777777777777778,0.0007128108631480598,0.0019140243530273,-0.0173044204711914,-0.0173044204711914,0.0033206939697265,0.0206251144409179,0.0034707582010189398,1.2046162489940227e-05,0.6749725341796949,-7.4250411987304705,-0.020455013621937267,-0.0031251907348632986,0.002393807970787836,0.0012502670288086003,0.0035431993757848437,0.000479333930545369,4_04-21-2026_OCP_Calibration_CaCl2.csv
R120,3,1.1805555555555556,1.6777777777777778,-0.006532690260145352,-0.0054292678833007,-0.0376958847045898,-0.0376958847045898,-0.0050392150878906,0.032656669616699205,0.0030121172383195524,9.072850257381807e-06,0.4500961303710616,-11.643791198730522,-0.07531356811523483,-0.0221099853515625,0.0016130120077250977,0.0003118515014647995,0.007193670293555283,-0.003192342652214874,4_04-21-2026_OCP_Calibration_CaCl2.csv
R120,4,1.6805555555555556,2.216666666666667,-0.03677889735428327,-0.0366020202636719,-0.0362892150878906,-0.0453519821166992,-0.0362892150878906,0.0090627670288086,0.0008032519850945421,6.452137515583225e-07,1.0969161987304652,-1.4062500000000053,0.0026828726542364612,0.0014066696166992049,0.0003698954408385942,0.00023460388183599995,0.036787667829701616,-0.019716982046763094,4_04-21-2026_OCP_Calibration_CaCl2.csv
R120,5,2.2194444444444446,2.7777777777777777,-0.09948788066901783,-0.0989456176757812,-0.153164863586426,-0.153164863586426,-0.0976171493530273,0.0555477142333987,0.003969943808497309,1.5760453842626117e-05,0.09853363037118967,-19.997177124023604,-0.14048699105140064,-0.05101585388183601,0.001307518712890679,0.000781059265136802,0.09956705707137957,-0.055469152662489134,4_04-21-2026_OCP_Calibration_CaCl2.csv
R120,6,2.7805555555555554,3.3916666666666666,-0.14769441941205194,-0.147461891174316,-0.144336700439453,-0.153008460998535,-0.144336700439453,0.008671760559082003,0.002247098518401268,5.049451751401174e-06,0.056304931640578815,0.0,0.014317024886877097,0.008671760559082003,0.0019074379842523178,0.0017976760864249763,0.1477115126766174,-0.09025498363706799,4_04-21-2026_OCP_Calibration_CaCl2.csv
R120,7,3.3944444444444444,3.9166666666666665,-0.16802701495942612,-0.166680335998535,-0.161680221557617,-0.182929992675781,-0.161680221557617,0.021249771118164007,0.005201543162543966,2.7056051271807878e-05,0.22487640380856458,0.0,0.0412940979003905,0.021249771118164007,0.004314425490790917,0.003593444824219,0.16810750669570654,-0.08773555755615232,4_04-21-2026_OCP_Calibration_CaCl2.csv
R121,2,0.5694444444444444,1.1777777777777778,0.01591731851751155,0.0162115097045898,0.0048828125,0.0048828125,0.0163669586181641,0.0114841461181641,0.0009034793284173974,8.162748968775515e-07,0.028152465820307605,-4.078330993652342,-0.024801167574795936,-0.0095310211181641,0.00047894596068327484,0.00015544891357430202,0.015942938991440496,0.009700449307759608,4_04-21-2026_OCP_Calibration_CaCl2.csv
R121,3,1.1805555555555556,1.6777777777777778,0.005477804607815174,0.0056638717651367,-0.0172262191772461,-0.0172262191772461,0.0058984756469726,0.0231246948242187,0.0017091767946209205,2.9212853152706445e-06,0.02815246582030823,-8.324890136718762,-0.06726455688476585,-0.0221090316772461,0.00033507029215495705,7.820129394530036e-05,0.005738260070498009,0.0027560459242926515,4_04-21-2026_OCP_Calibration_CaCl2.csv
R121,4,1.6805555555555556,2.216666666666667,-0.01346048374765927,-0.01335906982421875,-0.0103511810302734,-0.0171480178833008,-0.0103511810302734,0.006796836853027399,0.0019731415063031273,3.893287403896174e-06,0.09836196899414418,0.0,0.012612686943762183,0.006796836853027399,0.001710406828539848,0.00175762176513675,0.013604334240413808,-0.007215511798858643,4_04-21-2026_OCP_Calibration_CaCl2.csv
R121,5,2.2194444444444446,2.7777777777777777,-0.037106400669211205,-0.03679656982421875,-0.0470705032348633,-0.0470705032348633,-0.0349607467651367,0.012109756469726604,0.001663294124993869,2.7665473462391205e-06,0.02815246582032671,-4.359512329101593,-0.022276887799253724,-0.006484031677246101,0.0013231188277966412,0.001132488250732453,0.03714366053541677,-0.020699067910512278,4_04-21-2026_OCP_Calibration_CaCl2.csv
R121,6,2.7805555555555554,3.3916666666666666,-0.0502318947563344,-0.0499610900878906,-0.0559768676757812,-0.0559768676757812,-0.0459766387939453,0.010000228881835903,0.003256667870957704,1.0605885621728186e-05,0.05630493164065268,-0.02815246582032671,-0.014508104971630836,-0.008984565734863198,0.0028885743563387225,0.003125190734863295,0.05033735329189631,-0.03069378932317098,4_04-21-2026_OCP_Calibration_CaCl2.csv
R121,7,3.3944444444444444,3.9166666666666665,-0.09504921726448826,-0.0952739715576172,-0.0959768295288086,-0.0959768295288086,-0.0935554504394531,0.0024213790893554965,0.0006989258408383761,4.884973309916311e-07,0.014076232910152697,-0.028152465820308947,-0.004390534900483718,-0.0022659301757812916,0.000588360854223865,0.00039100646972660413,0.09505178693703177,-0.04963738388485378,4_04-21-2026_OCP_Calibration_CaCl2.csv
R122,1,0.0,0.5666666666666667,0.04500485089857404,0.0455083847045898,0.0417575836181641,0.0417575836181641,0.0466794967651367,0.004921913146972601,0.001364927033261468,1.8630258061279524e-06,0.22572264075278237,-0.02815246582032671,-0.00402224390971949,-0.0025648474693298062,0.0011553434290962504,0.0008592605590821006,0.04502554419670026,0.02550820674126347,4_04-21-2026_OCP_Calibration_CaCl2.csv
R122,2,0.5694444444444444,1.1777777777777778,0.022366996244950726,0.02179718017578125,-0.0003519058227539,-0.0003519058227539,0.0249614715576172,0.0253133773803711,0.0021129141847851646,4.464406352266357e-06,0.08445739746092532,-7.987747192382836,-0.05478026650168713,-0.022500038146972698,0.0013979081871095785,0.0009765624999999514,0.02246657355659528,0.013638447390662299,4_04-21-2026_OCP_Calibration_CaCl2.csv
R122,3,1.1805555555555556,1.6777777777777778,0.010355499055650485,0.0124607086181641,-0.0289449691772461,-0.0289449691772461,0.0129299163818359,0.041874885559082003,0.004629324219492924,2.1430642729183765e-05,0.11260986328121664,-14.821929931640668,-0.09867095947265676,-0.028905868530273444,0.003141857370918195,0.00039100646972650005,0.011343147862069056,0.005218005180358878,4_04-21-2026_OCP_Calibration_CaCl2.csv
R122,4,1.6805555555555556,2.216666666666667,-0.02882043602540323,-0.0287895202636719,-0.0287895202636719,-0.0289449691772461,-0.0287113189697266,0.00023365020751950002,6.534687770667136e-05,4.270214426010662e-09,0.014076232910154474,-0.028152465820307605,0.0002159039998791722,0.0001554489135742014,5.500771969204493e-05,0.0,0.028820510108406937,-0.015450825956132692,4_04-21-2026_OCP_Calibration_CaCl2.csv
R122,5,2.2194444444444446,2.7777777777777777,-0.08467582664867439,-0.0843362808227539,-0.13730525970459,-0.13730525970459,-0.0842580795288086,0.05304718017578142,0.003719604414795546,1.3835457002566517e-05,0.028152465820307605,-19.068832397461065,-0.13985983215936448,-0.052031517028808816,0.0005901152684915073,7.82012939453125e-05,0.08475748389162412,-0.047203409671783436,4_04-21-2026_OCP_Calibration_CaCl2.csv
R122,6,2.7805555555555554,3.3916666666666666,-0.13469935542318076,-0.134414672851562,-0.1337890625,-0.137227058410645,-0.1337890625,0.003437995910645003,0.000879587208309179,7.73673657021135e-07,0.0281524658205624,-3.552713678800501e-15,0.005664048691142428,0.003437995910645003,0.0007252629814070787,0.0005464553833010033,0.1347022272461647,-0.08231402635574342,4_04-21-2026_OCP_Calibration_CaCl2.csv
R122,7,3.3944444444444444,3.9166666666666665,-0.17239203781047202,-0.17246150970459,-0.170977592468262,-0.173242568969727,-0.170977592468262,0.0022649765014650103,0.0006746676177397952,4.551763944266904e-07,0.055961608886639015,-0.04205703735360089,0.0017102559407551796,0.0008592605590820035,0.0005894394478350211,0.0006246566772459827,0.17239335798354188,-0.09002968867619832,4_04-21-2026_OCP_Calibration_CaCl2.csv
R123,2,0.5694444444444444,1.1777777777777778,0.021181245283647017,0.021367073059082,0.0132427215576172,0.0132427215576172,0.0230855941772461,0.009842872619628901,0.0016251869165948194,2.6412325138709768e-06,0.028152465820307605,-1.9686126708984313,-0.020134318958629358,-0.009609222412109401,0.0014206550535091713,0.0015621185302733993,0.02124350216607163,0.012893962860107423,4_04-21-2026_OCP_Calibration_CaCl2.csv
R123,3,1.1805555555555556,1.6777777777777778,0.014964066611395927,0.0151958465576172,-0.0148048400878906,-0.0148048400878906,0.0155858993530273,0.0303907394409179,0.0022621434822816156,5.117293134429193e-06,0.042228698730480296,-10.715789794921886,-0.08609390258789083,-0.028203010559082,0.0004932999905244926,0.00023460388183599995,0.015134086780665808,0.007483987013498936,4_04-21-2026_OCP_Calibration_CaCl2.csv
R123,4,1.6805555555555556,2.216666666666667,-0.010806604758980327,-0.01054668426513675,-0.0080080032348632,-0.0147266387939453,-0.0080080032348632,0.006718635559082101,0.001947566041790082,3.793013487133888e-06,0.11243820190429865,0.0,0.012467571140564735,0.006718635559082101,0.0016921159247813018,0.0016794204711913507,0.010980697605523528,-0.005791983339521609,4_04-21-2026_OCP_Calibration_CaCl2.csv
R123,5,2.2194444444444446,2.7777777777777777,-0.038718393533536705,-0.0384769439697266,-0.0414457321166992,-0.0420703887939453,-0.0366020202636719,0.005468368530273396,0.0014933758515728733,2.2301714340610048e-06,0.02815246582032671,-1.7437362670898324,-0.0031332450337929465,0.0006246566772461007,0.00126517776086884,0.001172065734863205,0.03874718272664321,-0.021609326203664136,4_04-21-2026_OCP_Calibration_CaCl2.csv
