t_s,R75,R77,R78,R80,R81,R83,R92,R98,R102,R103,R104,R105,R106,R116,R117,R118,R119,R120,R121,R122,R123
0,0.0043636891059577,,,0.0246223639696836,0.0218871962279081,-0.0455450937151909,0.0211817156523466,0.0146059123799205,0.0239864159375429,0.0112879369407892,0.0097355842590332,0.0013128947466611,-0.0034214972984045,0.0110598085448146,-0.0261083021759986,-0.0329364538192749,-0.022528599947691,-0.0011136722750961,-0.0433044619858265,-0.102080464363098,-0.0223676580935716
5,0.0044101714156568,,,0.024668026715517,0.02193365059793,-0.0454884544014931,0.0212305076420307,0.0146446228027344,0.0240274425595999,0.0113320350646972,0.0097851753234863,0.0013554573524743,-0.0033711434807628,0.0110977170988917,-0.0260586738586426,-0.0328946113586426,-0.0224805828183889,-0.0010663986904546,-0.0432540886104107,-0.102824591100216,-0.022324277088046
10,0.0044918060302734,,,0.0246486663818359,0.0219144821166992,-0.0453519821166992,0.0212106704711914,0.0146484375,0.0240240097045898,0.0113668441772461,0.0098047256469726,0.0013675689697265,-0.0033206939697265,0.0111331939697266,-0.0259761810302734,-0.0327739715576172,-0.0223827362060547,-0.0010547637939453,-0.0431642532348633,-0.1027736663818359,-0.0222263336181641
15,0.0044918060302734,,,0.0246486663818359,0.0219926834106445,-0.0453519821166992,0.0212106704711914,0.0146484375,0.0240240097045898,0.0113668441772461,0.0098047256469726,0.0013675689697265,-0.0033206939697265,0.0111331939697266,-0.0259761810302734,-0.0327739715576172,-0.0223827362060547,-0.0010547637939453,-0.0431642532348633,-0.1027736663818359,-0.0222263336181641
20,0.0044918060302734,,,0.0246486663818359,0.0219144821166992,-0.0453519821166992,0.0212106704711914,0.0146484375,0.0240240097045898,0.0113668441772461,0.0098047256469726,0.0014457702636718,-0.0033206939697265,0.0111331939697266,-0.0259761810302734,-0.0327739715576172,-0.0223827362060547,-0.0010547637939453,-0.0431642532348633,-0.1027736663818359,-0.0222263336181641
25,0.0044918060302734,,,0.0246486663818359,0.0219144821166992,-0.0453519821166992,0.0212106704711914,0.0146484375,0.0240240097045898,0.0113668441772461,0.0098047256469726,0.0013675689697265,-0.0033206939697265,0.0111331939697266,-0.0259761810302734,-0.0327739715576172,-0.0223827362060547,-0.0010547637939453,-0.0431642532348633,-0.1027736663818359,-0.0222263336181641
30,0.0044918060302734,,,0.0246486663818359,0.0219144821166992,-0.0453519821166992,0.0212106704711914,0.0146484375,0.0240240097045898,0.0113668441772461,0.0098047256469726,0.0013675689697265,-0.0033206939697265,0.0111331939697266,-0.0259761810302734,-0.0327739715576172,-0.0223827362060547,-0.0010547637939453,-0.0431642532348633,-0.1027736663818359,-0.0222263336181641
35,0.0044918060302734,,,0.0246486663818359,0.0219144821166992,-0.0453519821166992,0.0212106704711914,0.0146484375,0.0240240097045898,0.0113668441772461,0.0098047256469726,0.0013675689697265,-0.0033206939697265,0.0111331939697266,-0.0259761810302734,-0.0327739715576172,-0.0223827362060547,-0.0010547637939453,-0.0431642532348633,-0.1027736663818359,-0.0222263336181641
40,0.0044918060302734,,,0.0246486663818359,0.0219144821166992,-0.0453519821166992,0.0212106704711914,0.0146484375,0.0240240097045898,0.0113668441772461,0.0098047256469726,0.0013675689697265,-0.0033206939697265,0.0111331939697266,-0.0259761810302734,-0.0327739715576172,-0.0223827362060547,-0.0010547637939453,-0.0431642532348633,-0.1027736663818359,-0.0222263336181641
45,0.0044918060302734,,,0.0246486663818359,0.0219144821166992,-0.0453519821166992,0.0212106704711914,0.0146484375,0.0240240097045898,0.0113668441772461,0.0098047256469726,0.0013675689697265,-0.0033206939697265,0.0111331939697266,-0.0259761810302734,-0.0327739715576172,-0.0223827362060547,-0.0010547637939453,-0.0431642532348633,-0.1027736663818359,-0.0222263336181641
50,0.0044918060302734,,,0.0246486663818359,0.0219144821166992,-0.0453519821166992,0.0212106704711914,0.0146484375,0.0240240097045898,0.0113668441772461,0.0098047256469726,0.0013675689697265,-0.0033206939697265,0.0111331939697266,-0.0259761810302734,-0.0327739715576172,-0.0223827362060547,-0.0010547637939453,-0.0431642532348633,-0.1027736663818359,-0.0222263336181641
55,0.0044918060302734,,,0.0246486663818359,0.0219144821166992,-0.0453519821166992,0.0212106704711914,0.0146484375,0.0240240097045898,0.0113668441772461,0.0098047256469726,0.0013675689697265,-0.0033206939697265,0.0111331939697266,-0.0259761810302734,-0.0327739715576172,-0.0223827362060547,-0.0010547637939453,-0.0431642532348633,-0.1027736663818359,-0.0222263336181641
60,0.0044918060302734,,,0.0246486663818359,0.0219926834106445,-0.0453519821166992,0.0212106704711914,0.0147266387939453,0.0240240097045898,0.0113668441772461,0.0098047256469726,0.0013675689697265,-0.0033206939697265,0.0111331939697266,-0.0259761810302734,-0.0327739715576172,-0.0223827362060547,-0.0010547637939453,-0.0430860519409179,-0.1027736663818359,-0.0222263336181641
65,0.0044918060302734,,,0.0246486663818359,0.0219926834106445,-0.0453519821166992,0.0212106704711914,0.0146484375,0.0240240097045898,0.0113668441772461,0.0098047256469726,0.0013675689697265,-0.0033206939697265,0.0111331939697266,-0.0259761810302734,-0.0327739715576172,-0.0223827362060547,-0.0010547637939453,-0.0430860519409179,-0.1027736663818359,-0.0222263336181641
70,0.0044918060302734,,,0.0246486663818359,0.0219144821166992,-0.0453519821166992,0.0212106704711914,0.0147266387939453,0.0240240097045898,0.0113668441772461,0.0098047256469726,0.0013675689697265,-0.0033206939697265,0.0111331939697266,-0.0259761810302734,-0.0327739715576172,-0.0223827362060547,-0.0010547637939453,-0.0430860519409179,-0.1027736663818359,-0.0222263336181641
75,0.0044918060302734,,,0.0246486663818359,0.0219144821166992,-0.0453519821166992,0.0212106704711914,0.0146484375,0.0240240097045898,0.0113668441772461,0.0098047256469726,0.0013675689697265,-0.0033206939697265,0.0111331939697266,-0.0259761810302734,-0.0327739715576172,-0.0223827362060547,-0.0010547637939453,-0.0430860519409179,-0.1027736663818359,-0.0222263336181641
80,0.0044918060302734,,,0.0246486663818359,0.0219144821166992,-0.0453519821166992,0.0212106704711914,0.0146484375,0.0240240097045898,0.0113668441772461,0.0098047256469726,0.0013675689697265,-0.0033206939697265,0.0111331939697266,-0.0259761810302734,-0.0327739715576172,-0.0223827362060547,-0.0010547637939453,-0.0430860519409179,-0.1027736663818359,-0.0222263336181641
85,0.0044918060302734,,,0.0246486663818359,0.0219926834106445,-0.0452737808227539,0.0212106704711914,0.0146484375,0.0240240097045898,0.0113668441772461,0.0098047256469726,0.0013675689697265,-0.0033206939697265,0.0111331939697266,-0.0259761810302734,-0.0327739715576172,-0.0223827362060547,-0.0010547637939453,-0.0430860519409179,-0.1027736663818359,-0.0223045349121094
90,0.0044918060302734,,,0.0246486663818359,0.0219144821166992,-0.0452737808227539,0.0212106704711914,0.0146484375,0.0240240097045898,0.0113668441772461,0.0098047256469726,0.0013675689697265,-0.0033206939697265,0.0111331939697266,-0.0259761810302734,-0.0327739715576172,-0.0223827362060547,-0.0010547637939453,-0.0430860519409179,-0.1027736663818359,-0.0222263336181641
95,0.0044918060302734,,,0.0247268676757812,0.0219144821166992,-0.0452737808227539,0.0212106704711914,0.0147266387939453,0.0240240097045898,0.0113668441772461,0.0098047256469726,0.0013675689697265,-0.0033206939697265,0.0111331939697266,-0.0259761810302734,-0.0327739715576172,-0.0223827362060547,-0.0010547637939453,-0.0430860519409179,-0.1027736663818359,-0.0223045349121094
100,0.0044918060302734,,,0.0246486663818359,0.0219144821166992,-0.0452737808227539,0.0212106704711914,0.0147266387939453,0.0240240097045898,0.0113668441772461,0.0098047256469726,0.0013675689697265,-0.0033206939697265,0.0111331939697266,-0.0259761810302734,-0.0327739715576172,-0.0223827362060547,-0.0010547637939453,-0.0430860519409179,-0.1027736663818359,-0.0223045349121094
105,0.0044918060302734,,,0.0246486663818359,0.0219144821166992,-0.0452737808227539,0.0212106704711914,0.0147266387939453,0.0240240097045898,0.0113668441772461,0.0098047256469726,0.0013675689697265,-0.0033206939697265,0.0110549926757812,-0.0259761810302734,-0.0327739715576172,-0.0223827362060547,-0.0010547637939453,-0.0430860519409179,-0.1027736663818359,-0.0223045349121094
110,0.0044918060302734,,,0.0246486663818359,0.0219144821166992,-0.0452737808227539,0.0212106704711914,0.0146484375,0.0240240097045898,0.0113668441772461,0.0098047256469726,0.0013675689697265,-0.0033206939697265,0.0111331939697266,-0.0259761810302734,-0.0327739715576172,-0.0223827362060547,-0.0010547637939453,-0.0430860519409179,-0.1027736663818359,-0.0223045349121094
115,0.0044918060302734,,,0.0246486663818359,0.0219144821166992,-0.0452737808227539,0.0212106704711914,0.0146484375,0.0240240097045898,0.0113668441772461,0.0098047256469726,0.0013675689697265,-0.0033206939697265,0.0111331939697266,-0.0259761810302734,-0.0327739715576172,-0.0223827362060547,-0.0010547637939453,-0.0430860519409179,-0.1027736663818359,-0.0223045349121094
120,0.0044918060302734,,,0.0246486663818359,0.0219144821166992,-0.0452737808227539,0.0212106704711914,0.0146484375,0.0240240097045898,0.0113668441772461,0.0098047256469726,0.0013675689697265,-0.0033206939697265,0.0111331939697266,-0.0259761810302734,-0.0327739715576172,-0.0223827362060547,-0.0010547637939453,-0.0430860519409179,-0.1027736663818359,-0.0223045349121094
125,0.0044918060302734,,,0.0246486663818359,0.0219144821166992,-0.0452737808227539,0.0212106704711914,0.0146484375,0.0240240097045898,0.0113668441772461,0.0098047256469726,0.0013675689697265,-0.0033206939697265,0.0111331939697266,-0.0259761810302734,-0.0327739715576172,-0.0223827362060547,-0.0010547637939453,-0.0430860519409179,-0.1027736663818359,-0.0223045349121094
130,0.0044918060302734,,,0.0246486663818359,0.0219144821166992,-0.0452737808227539,0.0212106704711914,0.0146484375,0.0240240097045898,0.0113668441772461,0.0098047256469726,0.0013675689697265,-0.0033206939697265,0.0111331939697266,-0.0259761810302734,-0.0327739715576172,-0.0223827362060547,-0.0010547637939453,-0.0430860519409179,-0.1027736663818359,-0.0223045349121094
135,0.0044918060302734,,,0.0246486663818359,0.0219144821166992,-0.0452737808227539,0.0212106704711914,0.0146484375,0.0240240097045898,0.0113668441772461,0.0098047256469726,0.0013675689697265,-0.0033206939697265,0.0110549926757812,-0.0259761810302734,-0.0327739715576172,-0.0223827362060547,-0.0010547637939453,-0.0430860519409179,-0.1027736663818359,-0.0223045349121094
140,0.0044918060302734,,,0.0246486663818359,0.0219144821166992,-0.0452737808227539,0.0212106704711914,0.0146484375,0.0240240097045898,0.0113668441772461,0.0098047256469726,0.0013675689697265,-0.0033206939697265,0.0111331939697266,-0.0259761810302734,-0.0327739715576172,-0.0223827362060547,-0.0010547637939453,-0.0430860519409179,-0.1027736663818359,-0.0223045349121094
145,0.0044918060302734,,,0.0246486663818359,0.0219144821166992,-0.0452737808227539,0.0212106704711914,0.0146484375,0.0239458084106445,0.0113668441772461,0.0098047256469726,0.0013675689697265,-0.0033206939697265,0.0111331939697266,-0.0259761810302734,-0.0327739715576172,-0.0223827362060547,-0.0010547637939453,-0.0430860519409179,-0.1027736663818359,-0.0223045349121094
150,0.0044918060302734,,,0.0246486663818359,0.0219144821166992,-0.0452737808227539,0.0212106704711914,0.0146484375,0.0239458084106445,0.0113668441772461,0.0098047256469726,0.0013675689697265,-0.0033206939697265,0.0111331939697266,-0.0259761810302734,-0.0327739715576172,-0.0223827362060547,-0.0010547637939453,-0.0430860519409179,-0.1027736663818359,-0.0223045349121094
155,0.0044918060302734,,,0.0246486663818359,0.0219144821166992,-0.0452737808227539,0.0212106704711914,0.0146484375,0.0240240097045898,0.0113668441772461,0.0098047256469726,0.0013675689697265,-0.0033206939697265,0.0111331939697266,-0.0259761810302734,-0.0327739715576172,-0.0223827362060547,-0.0010547637939453,-0.0430860519409179,-0.1027736663818359,-0.0223045349121094
160,0.0044918060302734,,,0.0246486663818359,0.0219144821166992,-0.0452737808227539,0.0212106704711914,0.0146484375,0.0239458084106445,0.0113668441772461,0.0098047256469726,0.0013675689697265,-0.0033206939697265,0.0111331939697266,-0.0259761810302734,-0.0327739715576172,-0.0223827362060547,-0.0010547637939453,-0.0430860519409179,-0.1027736663818359,-0.0223045349121094
165,0.0044918060302734,,,0.0246486663818359,0.0219144821166992,-0.0452737808227539,0.0212106704711914,0.0146484375,0.0239458084106445,0.0113668441772461,0.0098047256469726,0.0013675689697265,-0.0033206939697265,0.0110549926757812,-0.0259761810302734,-0.0327739715576172,-0.0223827362060547,-0.0010547637939453,-0.0430860519409179,-0.1027736663818359,-0.0223045349121094
170,0.0044918060302734,,,0.0246486663818359,0.0219144821166992,-0.0452737808227539,0.0212106704711914,0.0146484375,0.0239458084106445,0.0113668441772461,0.0098047256469726,0.0013675689697265,-0.0033206939697265,0.0110549926757812,-0.0259761810302734,-0.0327739715576172,-0.0223827362060547,-0.0010547637939453,-0.0430860519409179,-0.1027736663818359,-0.0223045349121094
175,0.0044918060302734,,,0.0246486663818359,0.0219144821166992,-0.0452737808227539,0.0212106704711914,0.0146484375,0.0239458084106445,0.0113668441772461,0.0098047256469726,0.0013675689697265,-0.0033206939697265,0.0110549926757812,-0.0259761810302734,-0.0327739715576172,-0.0223827362060547,-0.0010547637939453,-0.0430860519409179,-0.1027736663818359,-0.0223045349121094
180,0.0044918060302734,,,0.0246486663818359,0.0219144821166992,-0.0452737808227539,0.0212106704711914,0.0146484375,0.0239458084106445,0.0113668441772461,0.0098047256469726,0.0013675689697265,-0.0033206939697265,0.0110549926757812,-0.0259761810302734,-0.0327739715576172,-0.0223827362060547,-0.0010547637939453,-0.0430860519409179,-0.1027736663818359,-0.0223045349121094
185,0.0044918060302734,,,0.0247268676757812,0.0219144821166992,-0.0452737808227539,0.0212106704711914,0.0147266387939453,0.0239458084106445,0.0113668441772461,0.0098047256469726,0.0013675689697265,-0.0033206939697265,0.0110549926757812,-0.0259761810302734,-0.0327739715576172,-0.0223827362060547,-0.0010547637939453,-0.0430860519409179,-0.1027736663818359,-0.0223045349121094
190,0.0044918060302734,,,0.0246486663818359,0.0219144821166992,-0.0452737808227539,0.0212106704711914,0.0146484375,0.0239458084106445,0.0113668441772461,0.0098047256469726,0.0013675689697265,-0.0033206939697265,0.0110549926757812,-0.0259761810302734,-0.0327739715576172,-0.0223827362060547,-0.0010547637939453,-0.0430860519409179,-0.1027736663818359,-0.0223045349121094
195,0.0044918060302734,,,0.0246486663818359,0.0219144821166992,-0.0452737808227539,0.0212106704711914,0.0147266387939453,0.0239458084106445,0.0113668441772461,0.0098047256469726,0.0013675689697265,-0.0033206939697265,0.0110549926757812,-0.0259761810302734,-0.0327739715576172,-0.0223827362060547,-0.0010547637939453,-0.0430860519409179,-0.1027736663818359,-0.0223045349121094
200,0.0044918060302734,,,0.0246486663818359,0.0219144821166992,-0.0452737808227539,0.0212106704711914,0.0146484375,0.0239458084106445,0.0113668441772461,0.0098047256469726,0.0013675689697265,-0.0033206939697265,0.0110549926757812,-0.0259761810302734,-0.0327739715576172,-0.0223827362060547,-0.0010547637939453,-0.0430860519409179,-0.1027736663818359,-0.0223045349121094
205,0.0044918060302734,,,0.0246486663818359,0.0219144821166992,-0.0452737808227539,0.0212106704711914,0.0147266387939453,0.0239458084106445,0.0113668441772461,0.0098047256469726,0.0013675689697265,-0.0033206939697265,0.0111331939697266,-0.0259761810302734,-0.0327739715576172,-0.0223827362060547,-0.0010547637939453,-0.0430860519409179,-0.1027736663818359,-0.0223045349121094
210,0.0044918060302734,,,0.0246486663818359,0.0219144821166992,-0.0452737808227539,0.0212106704711914,0.0147266387939453,0.0239458084106445,0.0113668441772461,0.0098047256469726,0.0013675689697265,-0.0033206939697265,0.0110549926757812,-0.0259761810302734,-0.0327739715576172,-0.0223827362060547,-0.0009765625,-0.0430860519409179,-0.1027736663818359,-0.0223045349121094
215,0.0044918060302734,,,0.0246486663818359,0.0219144821166992,-0.0451955795288086,0.0212106704711914,0.0147266387939453,0.0239458084106445,0.0113668441772461,0.0098047256469726,0.0013675689697265,-0.0033206939697265,0.0110549926757812,-0.0259761810302734,-0.0327739715576172,-0.0223827362060547,-0.0010547637939453,-0.0430860519409179,-0.1027736663818359,-0.0223045349121094
220,0.0044918060302734,,,0.0246486663818359,0.0219144821166992,-0.0451955795288086,0.0212106704711914,0.0147266387939453,0.0239458084106445,0.0113668441772461,0.0098047256469726,0.0013675689697265,-0.0033206939697265,0.0110549926757812,-0.0259761810302734,-0.0327739715576172,-0.0223827362060547,-0.0009765625,-0.0430860519409179,-0.1027736663818359,-0.0223045349121094
225,0.0044918060302734,,,0.0246486663818359,0.0219144821166992,-0.0451955795288086,0.0212106704711914,0.0146484375,0.0239458084106445,0.0113668441772461,0.0098047256469726,0.0013675689697265,-0.0033206939697265,0.0110549926757812,-0.0259761810302734,-0.0327739715576172,-0.0223827362060547,-0.0010547637939453,-0.0430860519409179,-0.1027736663818359,-0.0223045349121094
230,0.0044918060302734,,,0.0246486663818359,0.0219144821166992,-0.0451955795288086,0.0212106704711914,0.0146484375,0.0239458084106445,0.0113668441772461,0.0098047256469726,0.0013675689697265,-0.0033206939697265,0.0110549926757812,-0.0259761810302734,-0.0327739715576172,-0.0223827362060547,-0.0010547637939453,-0.0430860519409179,-0.1027736663818359,-0.0223045349121094
235,0.0044918060302734,,,0.0246486663818359,0.0219144821166992,-0.0451955795288086,0.0212106704711914,0.0147266387939453,0.0239458084106445,0.0113668441772461,0.0098047256469726,0.0013675689697265,-0.0033206939697265,0.0110549926757812,-0.0259761810302734,-0.0327739715576172,-0.0223827362060547,-0.0009765625,-0.0430860519409179,-0.1027736663818359,-0.0223045349121094
240,0.0044918060302734,,,0.0246486663818359,0.0219144821166992,-0.0451955795288086,0.0212106704711914,0.0146484375,0.0239458084106445,0.0113668441772461,0.0098047256469726,0.0013675689697265,-0.0033206939697265,0.0110549926757812,-0.0259761810302734,-0.0327739715576172,-0.0223827362060547,-0.0009765625,-0.0430860519409179,-0.1027736663818359,-0.0223045349121094
245,0.0044918060302734,,,0.0246486663818359,0.0219144821166992,-0.0451955795288086,0.0212106704711914,0.0147266387939453,0.0239458084106445,0.0113668441772461,0.0098047256469726,0.0013675689697265,-0.0033206939697265,0.0110549926757812,-0.0258989334106445,-0.0327739715576172,-0.0223827362060547,-0.0009765625,-0.0430860519409179,-0.1027736663818359,-0.0223045349121094
250,0.0044918060302734,,,0.0246486663818359,0.0219144821166992,-0.0451955795288086,0.0212106704711914,0.0147266387939453,0.0239458084106445,0.0113668441772461,0.0098047256469726,0.0013675689697265,-0.0033206939697265,0.0110549926757812,-0.0259761810302734,-0.0327739715576172,-0.0223827362060547,-0.0009765625,-0.0430860519409179,-0.1027736663818359,-0.0223045349121094
255,0.0044918060302734,,,0.0247268676757812,0.0219144821166992,-0.0451955795288086,0.0212106704711914,0.0147266387939453,0.0239458084106445,0.0113668441772461,0.0098047256469726,0.0013675689697265,-0.0033206939697265,0.0110549926757812,-0.0258989334106445,-0.0327739715576172,-0.0223827362060547,-0.0009765625,-0.0430860519409179,-0.1027736663818359,-0.0223045349121094
260,0.0044918060302734,,,0.0246486663818359,0.0219144821166992,-0.0451955795288086,0.0212106704711914,0.0147266387939453,0.0239458084106445,0.0113668441772461,0.0098047256469726,0.0013675689697265,-0.0033206939697265,0.0110549926757812,-0.0258989334106445,-0.0327739715576172,-0.0223827362060547,-0.0009765625,-0.0430860519409179,-0.1027736663818359,-0.0223827362060547
265,0.0044918060302734,,,0.0246486663818359,0.0219144821166992,-0.0451955795288086,0.0212106704711914,0.0146484375,0.0239458084106445,0.0113668441772461,0.0098047256469726,0.0013675689697265,-0.0033206939697265,0.0110549926757812,-0.0259761810302734,-0.0327739715576172,-0.0223827362060547,-0.0009765625,-0.0430860519409179,-0.1027736663818359,-0.0223827362060547
270,0.0044918060302734,,,0.0246486663818359,0.0219144821166992,-0.0451955795288086,0.0212106704711914,0.0147266387939453,0.0239458084106445,0.0113668441772461,0.0098047256469726,0.0013675689697265,-0.0033206939697265,0.0110549926757812,-0.0259761810302734,-0.0327739715576172,-0.0223827362060547,-0.0010547637939453,-0.0430860519409179,-0.1027736663818359,-0.0223827362060547
275,0.0044918060302734,,,0.0246486663818359,0.0219144821166992,-0.0451955795288086,0.0211324691772461,0.0146484375,0.0239458084106445,0.0113668441772461,0.0098047256469726,0.0013675689697265,-0.0033206939697265,0.0110549926757812,-0.0259761810302734,-0.0327739715576172,-0.0223827362060547,-0.0009765625,-0.0430860519409179,-0.1027736663818359,-0.0223827362060547
280,0.0044918060302734,,,0.0247268676757812,0.0219144821166992,-0.0451955795288086,0.0212106704711914,0.0147266387939453,0.0239458084106445,0.0113668441772461,0.0098047256469726,0.0013675689697265,-0.0033206939697265,0.0110549926757812,-0.0258989334106445,-0.0327739715576172,-0.0223827362060547,-0.0009765625,-0.0430860519409179,-0.1027736663818359,-0.0223827362060547
285,0.0044918060302734,,,0.0247268676757812,0.0219144821166992,-0.0451955795288086,0.0212106704711914,0.0147266387939453,0.0239458084106445,0.0113668441772461,0.0098047256469726,0.0013675689697265,-0.0033206939697265,0.0110549926757812,-0.0258989334106445,-0.0327739715576172,-0.0223827362060547,-0.0009765625,-0.0430860519409179,-0.1027736663818359,-0.0223827362060547
290,0.0044918060302734,,,0.0247268676757812,0.0219144821166992,-0.0451955795288086,0.0212106704711914,0.0147266387939453,0.0239458084106445,0.0113668441772461,0.0098047256469726,0.0013675689697265,-0.0033206939697265,0.0110549926757812,-0.0258989334106445,-0.0327739715576172,-0.0223827362060547,-0.0009765625,-0.0430860519409179,-0.1027736663818359,-0.0223827362060547
295,0.0044918060302734,,,0.0247268676757812,0.0219144821166992,-0.0451955795288086,0.0212106704711914,0.0147266387939453,0.0239458084106445,0.0113668441772461,0.0098047256469726,0.0013675689697265,-0.0033206939697265,0.0110549926757812,-0.0258989334106445,-0.0327739715576172,-0.0223827362060547,-0.0009765625,-0.0430860519409179,-0.1027736663818359,-0.0223827362060547
300,0.0044918060302734,,,0.0247268676757812,0.0219144821166992,-0.0451955795288086,0.0211324691772461,0.0146484375,0.0239458084106445,0.0113668441772461,0.0098047256469726,0.0013675689697265,-0.0033206939697265,0.0110549926757812,-0.0258989334106445,-0.0327739715576172,-0.0223827362060547,-0.0009765625,-0.0430860519409179,-0.1027736663818359,-0.0223827362060547
305,0.0044918060302734,,,0.0246486663818359,0.0219144821166992,-0.0451955795288086,0.0212106704711914,0.0147266387939453,0.0239458084106445,0.0113668441772461,0.0098047256469726,0.0013675689697265,-0.0033206939697265,0.0110549926757812,-0.0258989334106445,-0.0327739715576172,-0.0223827362060547,-0.0009765625,-0.0430860519409179,-0.1027736663818359,-0.0223827362060547
310,0.0044918060302734,,,0.0246486663818359,0.0219144821166992,-0.0451955795288086,0.0212106704711914,0.0147266387939453,0.0239458084106445,0.0113668441772461,0.0098047256469726,0.0013675689697265,-0.0033206939697265,0.0110549926757812,-0.0259761810302734,-0.0327739715576172,-0.0223827362060547,-0.0009765625,-0.0430860519409179,-0.1027736663818359,-0.0223827362060547
315,0.0044918060302734,,,0.0247268676757812,0.0219144821166992,-0.0451955795288086,0.0211324691772461,0.0146484375,0.0239458084106445,0.0113668441772461,0.0098047256469726,0.0013675689697265,-0.0033206939697265,0.0110549926757812,-0.0258989334106445,-0.0327739715576172,-0.0223827362060547,-0.0009765625,-0.0430860519409179,-0.1027736663818359,-0.0223827362060547
320,0.0044918060302734,,,0.0247268676757812,0.0219144821166992,-0.0451955795288086,0.0211324691772461,0.0146484375,0.0239458084106445,0.0113668441772461,0.0098047256469726,0.0013675689697265,-0.0033206939697265,0.0110549926757812,-0.0258989334106445,-0.0327739715576172,-0.0223827362060547,-0.0009765625,-0.0430860519409179,-0.1027736663818359,-0.0223827362060547
325,0.0044918060302734,,,0.0246486663818359,0.0219144821166992,-0.0451955795288086,0.0211324691772461,0.0146484375,0.0239458084106445,0.0113668441772461,0.0098047256469726,0.0013675689697265,-0.0033206939697265,0.0110549926757812,-0.0258989334106445,-0.0327739715576172,-0.0223827362060547,-0.0009765625,-0.0430078506469727,-0.1027736663818359,-0.0223827362060547
330,0.0044918060302734,,,0.0247268676757812,0.0219144821166992,-0.0451955795288086,0.0211324691772461,0.0146484375,0.0239458084106445,0.0114450454711914,0.0098047256469726,0.0013675689697265,-0.0033206939697265,0.0110549926757812,-0.0258989334106445,-0.0327739715576172,-0.0223827362060547,-0.0009765625,-0.0430078506469727,-0.1027736663818359,-0.0223827362060547
335,0.0044918060302734,,,0.0247268676757812,0.0219144821166992,-0.0451955795288086,0.0211324691772461,0.0147266387939453,0.0239458084106445,0.0114450454711914,0.0098047256469726,0.0013675689697265,-0.0033206939697265,0.0110549926757812,-0.0258989334106445,-0.0327739715576172,-0.0223827362060547,-0.0009765625,-0.0430078506469727,-0.1027736663818359,-0.0223827362060547
340,0.0044918060302734,,,0.0247268676757812,0.0219144821166992,-0.0451173782348633,0.0211324691772461,0.0147266387939453,0.0239458084106445,0.0113668441772461,0.0098047256469726,0.0013675689697265,-0.0033206939697265,0.0110549926757812,-0.0258989334106445,-0.0327739715576172,-0.0223827362060547,-0.0009765625,-0.0430078506469727,-0.1027736663818359,-0.0223827362060547
345,0.0044918060302734,,,0.0247268676757812,0.0219144821166992,-0.0451955795288086,0.0211324691772461,0.0147266387939453,0.0239458084106445,0.0113668441772461,0.0098047256469726,0.0013675689697265,-0.0033206939697265,0.0110549926757812,-0.0258989334106445,-0.0327739715576172,-0.0223827362060547,-0.0009765625,-0.0430078506469727,-0.1027736663818359,-0.0223827362060547
350,0.0044918060302734,,,0.0247268676757812,0.0219144821166992,-0.0451173782348633,0.0211324691772461,0.0147266387939453,0.0239458084106445,0.0113668441772461,0.0098047256469726,0.0013675689697265,-0.0033206939697265,0.0110549926757812,-0.0258989334106445,-0.0327739715576172,-0.0223827362060547,-0.0009765625,-0.0430078506469727,-0.1027736663818359,-0.0223827362060547
355,0.0044918060302734,,,0.0247268676757812,0.0219144821166992,-0.0451955795288086,0.0211324691772461,0.0146484375,0.0239458084106445,0.0113668441772461,0.0098047256469726,0.0013675689697265,-0.0033206939697265,0.0110549926757812,-0.0258989334106445,-0.0327739715576172,-0.0223827362060547,-0.0009765625,-0.0430078506469727,-0.1027736663818359,-0.0223827362060547
360,0.0044918060302734,,,0.0246486663818359,0.0219144821166992,-0.0451173782348633,0.0211324691772461,0.0147266387939453,0.0239458084106445,0.0114450454711914,0.0098047256469726,0.0013675689697265,-0.0033206939697265,0.0110549926757812,-0.0258989334106445,-0.0327739715576172,-0.0223827362060547,-0.0009765625,-0.0430078506469727,-0.1027736663818359,-0.0223827362060547
365,0.0044918060302734,,,0.0247268676757812,0.0219144821166992,-0.0451173782348633,0.0211324691772461,0.0146484375,0.0239458084106445,0.0114450454711914,0.0098047256469726,0.0013675689697265,-0.0033206939697265,0.0110549926757812,-0.0258989334106445,-0.0327739715576172,-0.0223827362060547,-0.0009765625,-0.0430078506469727,-0.1027736663818359,-0.0223827362060547
370,0.0044918060302734,,,0.0247268676757812,0.0219144821166992,-0.0451173782348633,0.0211324691772461,0.0146484375,0.0239458084106445,0.0114450454711914,0.0098047256469726,0.0013675689697265,-0.0033206939697265,0.0110549926757812,-0.0258989334106445,-0.0327739715576172,-0.0223827362060547,-0.0009765625,-0.0430078506469727,-0.1027736663818359,-0.0223827362060547
375,0.0044918060302734,,,0.0247268676757812,0.0219144821166992,-0.0451173782348633,0.0211324691772461,0.0147266387939453,0.0239458084106445,0.0114450454711914,0.0098047256469726,0.0013675689697265,-0.0033206939697265,0.0110549926757812,-0.0258989334106445,-0.0327739715576172,-0.0223827362060547,-0.0009765625,-0.0430078506469727,-0.1027736663818359,-0.0223827362060547
380,0.0044918060302734,,,0.0247268676757812,0.0219144821166992,-0.0451173782348633,0.0211324691772461,0.0146484375,0.0239458084106445,0.0114450454711914,0.0098047256469726,0.0013675689697265,-0.0033206939697265,0.0110549926757812,-0.0258989334106445,-0.0327739715576172,-0.0223827362060547,-0.0009765625,-0.0430078506469727,-0.1027736663818359,-0.0223827362060547
385,0.0044918060302734,,,0.0247268676757812,0.0219144821166992,-0.0451173782348633,0.0211324691772461,0.0146484375,0.0238676071166992,0.0114450454711914,0.0098047256469726,0.0013675689697265,-0.0033206939697265,0.0110549926757812,-0.0258989334106445,-0.0327739715576172,-0.0223827362060547,-0.0009765625,-0.0430078506469727,-0.1027736663818359,-0.0223827362060547
390,0.0044918060302734,,,0.0247268676757812,0.0219144821166992,-0.0451173782348633,0.0211324691772461,0.0146484375,0.0239458084106445,0.0114450454711914,0.0098047256469726,0.0013675689697265,-0.0033206939697265,0.0110549926757812,-0.0258989334106445,-0.0327739715576172,-0.0223827362060547,-0.0009765625,-0.0430078506469727,-0.1027736663818359,-0.0223827362060547
395,0.0044918060302734,,,0.0246486663818359,0.0219144821166992,-0.0451173782348633,0.0211324691772461,0.0147266387939453,0.0239458084106445,0.0114450454711914,0.0098047256469726,0.0013675689697265,-0.0033206939697265,0.0110549926757812,-0.0258989334106445,-0.0327739715576172,-0.0223827362060547,-0.0009765625,-0.0430078506469727,-0.1027736663818359,-0.0223827362060547
400,0.0044918060302734,,,0.0246486663818359,0.0219144821166992,-0.0451173782348633,0.0211324691772461,0.0147266387939453,0.0239458084106445,0.0114450454711914,0.0098047256469726,0.0013675689697265,-0.0033206939697265,0.0110549926757812,-0.0258989334106445,-0.0327739715576172,-0.0223827362060547,-0.0009765625,-0.0430078506469727,-0.1027736663818359,-0.0223827362060547
405,0.0044918060302734,,,0.0247268676757812,0.0219144821166992,-0.0451173782348633,0.0211324691772461,0.0147266387939453,0.0239458084106445,0.0114450454711914,0.0098047256469726,0.0013675689697265,-0.0033206939697265,0.0110549926757812,-0.0258989334106445,-0.0327739715576172,-0.0223827362060547,-0.0009765625,-0.0430078506469727,-0.1027736663818359,-0.0223827362060547
410,0.0044918060302734,,,0.0247268676757812,0.0219144821166992,-0.0451173782348633,0.0211324691772461,0.0147266387939453,0.0239458084106445,0.0114450454711914,0.0098047256469726,0.0013675689697265,-0.0033206939697265,0.0110549926757812,-0.0258989334106445,-0.0327739715576172,-0.0223827362060547,-0.0009765625,-0.0430078506469727,-0.1027736663818359,-0.0223827362060547
415,0.0044918060302734,,,0.0247268676757812,0.0219144821166992,-0.0451173782348633,0.0211324691772461,0.0147266387939453,0.0239458084106445,0.0114450454711914,0.0098047256469726,0.0013675689697265,-0.0033206939697265,0.0110549926757812,-0.0258989334106445,-0.0327739715576172,-0.0223827362060547,-0.0009765625,-0.0430078506469727,-0.1027736663818359,-0.0223827362060547
420,0.0044918060302734,,,0.0247268676757812,0.0219144821166992,-0.0451173782348633,0.0211324691772461,0.0147266387939453,0.0239458084106445,0.0114450454711914,0.0098047256469726,0.0013675689697265,-0.0033206939697265,0.0110549926757812,-0.0258989334106445,-0.0327739715576172,-0.0223827362060547,-0.0009765625,-0.0430078506469727,-0.1027736663818359,-0.0223827362060547
425,0.0044918060302734,,,0.0247268676757812,0.0219144821166992,-0.0451173782348633,0.0211324691772461,0.0147266387939453,0.0239458084106445,0.0114450454711914,0.0098047256469726,0.0013675689697265,-0.0033206939697265,0.0110549926757812,-0.0258989334106445,-0.0327739715576172,-0.0223827362060547,-0.0009765625,-0.0430078506469727,-0.1027736663818359,-0.0223827362060547
430,0.0044918060302734,,,0.0247268676757812,0.0219144821166992,-0.0451173782348633,0.0211324691772461,0.0147266387939453,0.0239458084106445,0.0114450454711914,0.0098047256469726,0.0013675689697265,-0.0033206939697265,0.0110549926757812,-0.0258989334106445,-0.0327739715576172,-0.0223827362060547,-0.0009765625,-0.0430078506469727,-0.1027736663818359,-0.0223827362060547
435,0.0044918060302734,,,0.0247268676757812,0.0219144821166992,-0.0451173782348633,0.0211324691772461,0.0147266387939453,0.0238676071166992,0.0114450454711914,0.0098047256469726,0.0013675689697265,-0.0033206939697265,0.0110549926757812,-0.0258989334106445,-0.0327739715576172,-0.0223827362060547,-0.0009765625,-0.0430078506469727,-0.1027736663818359,-0.0223827362060547
440,0.0044918060302734,,,0.0247268676757812,0.0219144821166992,-0.0451173782348633,0.0211324691772461,0.0147266387939453,0.0239458084106445,0.0114450454711914,0.0098047256469726,0.0013675689697265,-0.0033206939697265,0.0110549926757812,-0.0258989334106445,-0.0327739715576172,-0.0223827362060547,-0.0009765625,-0.0430078506469727,-0.1027736663818359,-0.0223827362060547
445,0.0044918060302734,,,0.0247268676757812,0.0219144821166992,-0.0451173782348633,0.0211324691772461,0.0147266387939453,0.0238676071166992,0.0114450454711914,0.0098047256469726,0.0013675689697265,-0.0033206939697265,0.0110549926757812,-0.0258989334106445,-0.0327739715576172,-0.0223827362060547,-0.0009765625,-0.0430078506469727,-0.1027736663818359,-0.0223827362060547
450,0.0044918060302734,,,0.0247268676757812,0.0219144821166992,-0.0451173782348633,0.0211324691772461,0.0147266387939453,0.0239458084106445,0.0114450454711914,0.0098047256469726,0.0013675689697265,-0.0033206939697265,0.0110549926757812,-0.0258989334106445,-0.0327739715576172,-0.0223827362060547,-0.0009765625,-0.0430078506469727,-0.1027736663818359,-0.0224609375
455,0.0044918060302734,,,0.0247268676757812,0.0219144821166992,-0.0451173782348633,0.0211324691772461,0.0146484375,0.0238676071166992,0.0114450454711914,0.0098047256469726,0.0013675689697265,-0.0033206939697265,0.0110549926757812,-0.0258989334106445,-0.0327739715576172,-0.0223827362060547,-0.0009765625,-0.0430078506469727,-0.1027736663818359,-0.0224609375
460,0.0044918060302734,,,0.0247268676757812,0.0219144821166992,-0.0451173782348633,0.0211324691772461,0.0147266387939453,0.0238676071166992,0.0114450454711914,0.0098047256469726,0.0013675689697265,-0.0033206939697265,0.0110549926757812,-0.0258989334106445,-0.0327739715576172,-0.0223827362060547,-0.0009765625,-0.0430078506469727,-0.1027736663818359,-0.0224609375
465,0.0044918060302734,,,0.0247268676757812,0.0219144821166992,-0.0451173782348633,0.0211324691772461,0.0147266387939453,0.0238676071166992,0.0114450454711914,0.0098047256469726,0.0013675689697265,-0.0033206939697265,0.0110549926757812,-0.0258989334106445,-0.0327739715576172,-0.0223827362060547,-0.0009765625,-0.0430078506469727,-0.1027736663818359,-0.0224609375
470,0.0044918060302734,,,0.0247268676757812,0.0219144821166992,-0.0451173782348633,0.0211324691772461,0.0147266387939453,0.0238676071166992,0.0114450454711914,0.0098047256469726,0.0013675689697265,-0.0033206939697265,0.0110549926757812,-0.0258989334106445,-0.0327739715576172,-0.0223827362060547,-0.0009765625,-0.0430078506469727,-0.1027736663818359,-0.0224609375
475,0.0044918060302734,,,0.0247268676757812,0.0219144821166992,-0.0450391769409179,0.0211324691772461,0.0147266387939453,0.0238676071166992,0.0114450454711914,0.0098047256469726,0.0013675689697265,-0.0033206939697265,0.0110549926757812,-0.0258989334106445,-0.0327739715576172,-0.0223827362060547,-0.0009765625,-0.0430078506469727,-0.1027736663818359,-0.0224609375
480,0.0044918060302734,,,0.0247268676757812,0.0219144821166992,-0.0450391769409179,0.0211324691772461,0.0147266387939453,0.0238676071166992,0.0114450454711914,0.0098047256469726,0.0013675689697265,-0.0033206939697265,0.0110549926757812,-0.0258989334106445,-0.0327739715576172,-0.0223827362060547,-0.0009765625,-0.0430078506469727,-0.1027736663818359,-0.0224609375
485,0.0044918060302734,,,0.0247268676757812,0.0219144821166992,-0.0450391769409179,0.0211324691772461,0.0147266387939453,0.0238676071166992,0.0114450454711914,0.0098047256469726,0.0013675689697265,-0.0033206939697265,0.0110549926757812,-0.0258989334106445,-0.0327739715576172,-0.0223827362060547,-0.0009765625,-0.0430078506469727,-0.1027736663818359,-0.0224609375
490,0.0044918060302734,,,0.0247268676757812,0.0219144821166992,-0.0450391769409179,0.0211324691772461,0.0147266387939453,0.0238676071166992,0.0114450454711914,0.0098047256469726,0.0013675689697265,-0.0033206939697265,0.0110549926757812,-0.0258989334106445,-0.0327739715576172,-0.0223827362060547,-0.0009765625,-0.0430078506469727,-0.1027736663818359,-0.0224609375
495,0.0044918060302734,,,0.0247268676757812,0.0219144821166992,-0.0450391769409179,0.0211324691772461,0.0147266387939453,0.0238676071166992,0.0114450454711914,0.0098047256469726,0.0013675689697265,-0.0033206939697265,0.0110549926757812,-0.0258989334106445,-0.0327739715576172,-0.0223827362060547,-0.0009765625,-0.0430078506469727,-0.1027736663818359,-0.0224609375
500,0.0044918060302734,,,0.0247268676757812,0.0219144821166992,-0.0450391769409179,0.0211324691772461,0.0147266387939453,0.0238676071166992,0.0114450454711914,0.0098047256469726,0.0013675689697265,-0.0033206939697265,0.0110549926757812,-0.0258989334106445,-0.0327739715576172,-0.0223827362060547,-0.0009765625,-0.0430078506469727,-0.1027736663818359,-0.0224609375
505,0.0044918060302734,,,0.0247268676757812,0.0219144821166992,-0.0450391769409179,0.0211324691772461,0.0147266387939453,0.0238676071166992,0.0114450454711914,0.0098047256469726,0.0013675689697265,-0.0033206939697265,0.0110549926757812,-0.0258989334106445,-0.0327739715576172,-0.0223827362060547,-0.0009765625,-0.0430078506469727,-0.1027736663818359,-0.0224609375
510,0.0044918060302734,,,0.0247268676757812,0.0219144821166992,-0.0450391769409179,0.0211324691772461,0.0147266387939453,0.0238676071166992,0.0114450454711914,0.0098047256469726,0.0013675689697265,-0.0033206939697265,0.0110549926757812,-0.0258989334106445,-0.0327739715576172,-0.0223827362060547,-0.0009765625,-0.0430078506469727,-0.1027736663818359,-0.0224609375
515,0.0044918060302734,,,0.0247268676757812,0.0219144821166992,-0.0450391769409179,0.0211324691772461,0.0146484375,0.0238676071166992,0.0114450454711914,0.0098047256469726,0.0013675689697265,-0.0033206939697265,0.0110549926757812,-0.0258989334106445,-0.0327739715576172,-0.0223827362060547,-0.0009765625,-0.0430078506469727,-0.1027736663818359,-0.0224609375
520,0.0044918060302734,,,0.0246486663818359,0.0219144821166992,-0.0450391769409179,0.0211324691772461,0.0146484375,0.0238676071166992,0.0114450454711914,0.0098047256469726,0.0013675689697265,-0.0033206939697265,0.0110549926757812,-0.0258989334106445,-0.0327739715576172,-0.0223827362060547,-0.0009765625,-0.0430078506469727,-0.1027736663818359,-0.0224609375
525,0.0044918060302734,,,0.0246486663818359,0.0219144821166992,-0.0450391769409179,0.0210552215576172,0.0146484375,0.0238676071166992,0.0114450454711914,0.0098047256469726,0.0013675689697265,-0.0033206939697265,0.0110549926757812,-0.0258989334106445,-0.0327739715576172,-0.0223827362060547,-0.0009765625,-0.0430078506469727,-0.1027736663818359,-0.0224609375
530,0.0044918060302734,,,0.0247268676757812,0.0219144821166992,-0.0450391769409179,0.0211324691772461,0.0147266387939453,0.0238676071166992,0.0114450454711914,0.0098047256469726,0.0013675689697265,-0.0033206939697265,0.0110549926757812,-0.0258989334106445,-0.0327739715576172,-0.0223827362060547,-0.0009765625,-0.0430078506469727,-0.1027736663818359,-0.0224609375
535,0.0044918060302734,,,0.0247268676757812,0.0219144821166992,-0.0450391769409179,0.0210552215576172,0.0146484375,0.0238676071166992,0.0114450454711914,0.0098047256469726,0.0013675689697265,-0.0033206939697265,0.0110549926757812,-0.0258989334106445,-0.0327739715576172,-0.0223827362060547,-0.0009765625,-0.0430078506469727,-0.1027736663818359,-0.0224609375
540,0.0044918060302734,,,0.0246486663818359,0.0219144821166992,-0.0450391769409179,0.0210552215576172,0.0146484375,0.0238676071166992,0.0114450454711914,0.0098047256469726,0.0013675689697265,-0.0033206939697265,0.0110549926757812,-0.0258989334106445,-0.0327739715576172,-0.0223827362060547,-0.0009765625,-0.0429296493530273,-0.1027736663818359,-0.0224609375
545,0.0044918060302734,,,0.0246486663818359,0.0219144821166992,-0.0450391769409179,0.0210552215576172,0.0146484375,0.0238676071166992,0.0114450454711914,0.0098047256469726,0.0013675689697265,-0.0033206939697265,0.0110549926757812,-0.0258989334106445,-0.0327739715576172,-0.0223827362060547,-0.0009765625,-0.0429296493530273,-0.1027736663818359,-0.0224609375
550,0.0044918060302734,,,0.0247268676757812,0.0219144821166992,-0.0450391769409179,0.0210552215576172,0.0147266387939453,0.0238676071166992,0.0114450454711914,0.0098047256469726,0.0013675689697265,-0.0033206939697265,0.0110549926757812,-0.0258989334106445,-0.0327739715576172,-0.0223827362060547,-0.0009765625,-0.0429296493530273,-0.1027736663818359,-0.0224609375
555,0.0044918060302734,,,0.0247268676757812,0.0219144821166992,-0.0450391769409179,0.0210552215576172,0.0146484375,0.0238676071166992,0.0114450454711914,0.0098047256469726,0.0013675689697265,-0.0033206939697265,0.0110549926757812,-0.0258989334106445,-0.0327739715576172,-0.0223827362060547,-0.0009765625,-0.0429296493530273,-0.1027736663818359,-0.0224609375
560,0.0044918060302734,,,0.0247268676757812,0.0219144821166992,-0.0450391769409179,0.0210552215576172,0.0146484375,0.0238676071166992,0.0114450454711914,0.0098047256469726,0.0013675689697265,-0.0033206939697265,0.0110549926757812,-0.0258989334106445,-0.0327739715576172,-0.0223827362060547,-0.0009765625,-0.0429296493530273,-0.1027736663818359,-0.0224609375
565,0.0044918060302734,,,0.0247268676757812,0.0219144821166992,-0.0450391769409179,0.0210552215576172,0.0146484375,0.0238676071166992,0.0114450454711914,0.0098047256469726,0.0013675689697265,-0.0033206939697265,0.0110549926757812,-0.0258989334106445,-0.0327739715576172,-0.0223827362060547,-0.0009765625,-0.0429296493530273,-0.1027736663818359,-0.0224609375
570,0.0044918060302734,,,0.0247268676757812,0.0219144821166992,-0.0450391769409179,0.0210552215576172,0.0147266387939453,0.0238676071166992,0.0114450454711914,0.0098047256469726,0.0013675689697265,-0.0033206939697265,0.0110549926757812,-0.0258989334106445,-0.0327739715576172,-0.0223827362060547,-0.0009765625,-0.0429296493530273,-0.1027736663818359,-0.0224609375
575,0.0044918060302734,,,0.0247268676757812,0.0219144821166992,-0.0450391769409179,0.0210552215576172,0.0146484375,0.0238676071166992,0.0114450454711914,0.0098047256469726,0.0013675689697265,-0.0033206939697265,0.0110549926757812,-0.0258989334106445,-0.0327739715576172,-0.0223827362060547,-0.0009765625,-0.0429296493530273,-0.1027736663818359,-0.0224609375
580,0.0044918060302734,,,0.0247268676757812,0.0219144821166992,-0.0450391769409179,0.0210552215576172,0.0146484375,0.0238676071166992,0.0114450454711914,0.0098047256469726,0.0013675689697265,-0.0033206939697265,0.0110549926757812,-0.0258989334106445,-0.0327739715576172,-0.0223827362060547,-0.0009765625,-0.0429296493530273,-0.1027736663818359,-0.0224609375
585,0.0044918060302734,,,0.0247268676757812,0.0219144821166992,-0.0450391769409179,0.0210552215576172,0.0147266387939453,0.0238676071166992,0.0114450454711914,0.0098047256469726,0.0013675689697265,-0.0033206939697265,0.0110549926757812,-0.0258989334106445,-0.0327739715576172,-0.0223827362060547,-0.0009765625,-0.0429296493530273,-0.1027736663818359,-0.0224609375
590,0.0044918060302734,,,0.0247268676757812,0.0219144821166992,-0.0450391769409179,0.0210552215576172,0.0146484375,0.0238676071166992,0.0114450454711914,0.0098047256469726,0.0013675689697265,-0.0033206939697265,0.0110549926757812,-0.0258989334106445,-0.0327739715576172,-0.0223827362060547,-0.0009765625,-0.0429296493530273,-0.1027736663818359,-0.0224609375
595,0.0044918060302734,,,0.0247268676757812,0.0219144821166992,-0.0450391769409179,0.0210552215576172,0.0146484375,0.0238676071166992,0.0114450454711914,0.0098047256469726,0.0013675689697265,-0.0033206939697265,0.0110549926757812,-0.0258989334106445,-0.0327739715576172,-0.0223827362060547,-0.0009765625,-0.0429296493530273,-0.1027736663818359,-0.0224609375
600,0.0044918060302734,,,0.0247268676757812,0.0219144821166992,-0.0450391769409179,0.0210552215576172,0.0146484375,0.0238676071166992,0.0114450454711914,0.0098047256469726,0.0013675689697265,-0.0033206939697265,0.0110549926757812,-0.0258989334106445,-0.0327739715576172,-0.0223827362060547,-0.0009765625,-0.0429296493530273,-0.1027736663818359,-0.0224609375
605,0.0044918060302734,,,0.0247268676757812,0.0219144821166992,-0.0450391769409179,0.0210552215576172,0.0146484375,0.0238676071166992,0.0114450454711914,0.0098047256469726,0.0013675689697265,-0.0033206939697265,0.0110549926757812,-0.0258989334106445,-0.0327739715576172,-0.0223827362060547,-0.0009765625,-0.0429296493530273,-0.1027736663818359,-0.0224609375
610,0.0044918060302734,,,0.0247268676757812,0.0219144821166992,-0.0450391769409179,0.0210552215576172,0.0146484375,0.0238676071166992,0.0114450454711914,0.0098047256469726,0.0013675689697265,-0.0033206939697265,0.0110549926757812,-0.0258989334106445,-0.0327739715576172,-0.0223827362060547,-0.0009765625,-0.0429296493530273,-0.1027736663818359,-0.0224609375
615,0.0044918060302734,,,0.0247268676757812,0.0219144821166992,-0.0450391769409179,0.0210552215576172,0.0146484375,0.0238676071166992,0.0114450454711914,0.0098047256469726,0.0013675689697265,-0.0033206939697265,0.0110549926757812,-0.0258989334106445,-0.0327739715576172,-0.0223827362060547,-0.0009765625,-0.0429296493530273,-0.102695465087891,-0.0224609375
620,0.0044918060302734,,,0.0247268676757812,0.0219144821166992,-0.0450391769409179,0.0210552215576172,0.0146484375,0.0238676071166992,0.0114450454711914,0.0098047256469726,0.0013675689697265,-0.0033206939697265,0.0110549926757812,-0.0258989334106445,-0.0327739715576172,-0.0223827362060547,-0.0009765625,-0.0429296493530273,-0.1027736663818359,-0.0224609375
625,0.0044918060302734,,,0.0247268676757812,0.0219144821166992,-0.0450391769409179,0.0210552215576172,0.0146484375,0.0238676071166992,0.0114450454711914,0.0098047256469726,0.0013675689697265,-0.0033206939697265,0.0110549926757812,-0.0258989334106445,-0.0327739715576172,-0.0223827362060547,-0.0009765625,-0.0429296493530273,-0.1027736663818359,-0.0224609375
630,0.0044918060302734,,,0.0247268676757812,0.0219144821166992,-0.0449609756469727,0.0210552215576172,0.0146484375,0.0238676071166992,0.0114450454711914,0.0098047256469726,0.0013675689697265,-0.0033206939697265,0.0110549926757812,-0.0258989334106445,-0.0327739715576172,-0.0223827362060547,-0.0009765625,-0.0429296493530273,-0.1027736663818359,-0.0225391387939453
635,0.0044918060302734,,,0.0246486663818359,0.0219144821166992,-0.0449609756469727,0.0210552215576172,0.0146484375,0.0238676071166992,0.0114450454711914,0.0098047256469726,0.0013675689697265,-0.0033206939697265,0.0110549926757812,-0.0258989334106445,-0.0327739715576172,-0.0223827362060547,-0.0009765625,-0.0429296493530273,-0.1027736663818359,-0.0224609375
640,0.0044918060302734,,,0.0247268676757812,0.0219144821166992,-0.0449609756469727,0.0210552215576172,0.0146484375,0.0238676071166992,0.0114450454711914,0.0098047256469726,0.0013675689697265,-0.0033206939697265,0.0110549926757812,-0.0258989334106445,-0.0327739715576172,-0.0223827362060547,-0.0009765625,-0.0429296493530273,-0.1027736663818359,-0.0225391387939453
645,0.0044918060302734,,,0.0247268676757812,0.0219144821166992,-0.0449609756469727,0.0210552215576172,0.0146484375,0.0238676071166992,0.0114450454711914,0.0098047256469726,0.0013675689697265,-0.0033206939697265,0.0110549926757812,-0.0258989334106445,-0.0327739715576172,-0.0223827362060547,-0.0009765625,-0.0429296493530273,-0.1027736663818359,-0.0225391387939453
650,0.0044918060302734,,,0.0247268676757812,0.0219144821166992,-0.0449609756469727,0.0210552215576172,0.0146484375,0.0238676071166992,0.0114450454711914,0.0098047256469726,0.0013675689697265,-0.0033206939697265,0.0110549926757812,-0.0258989334106445,-0.0327739715576172,-0.0223827362060547,-0.0009765625,-0.0429296493530273,-0.1027736663818359,-0.0224609375
655,0.0044918060302734,,,0.0247268676757812,0.0219144821166992,-0.0449609756469727,0.0210552215576172,0.0146484375,0.0238676071166992,0.0114450454711914,0.0098047256469726,0.0013675689697265,-0.0033206939697265,0.0110549926757812,-0.0258989334106445,-0.0327739715576172,-0.0223827362060547,-0.0009765625,-0.0429296493530273,-0.1027736663818359,-0.0225391387939453
660,0.0044918060302734,,,0.0246486663818359,0.0219144821166992,-0.0449609756469727,0.0210552215576172,0.0146484375,0.0238676071166992,0.0114450454711914,0.0098047256469726,0.0013675689697265,-0.0033206939697265,0.0110549926757812,-0.0258989334106445,-0.0327739715576172,-0.0223827362060547,-0.0009765625,-0.0429296493530273,-0.102695465087891,-0.0225391387939453
665,0.0044918060302734,,,0.0247268676757812,0.0219144821166992,-0.0449609756469727,0.0210552215576172,0.0146484375,0.0238676071166992,0.0114450454711914,0.0098047256469726,0.0013675689697265,-0.0033206939697265,0.0110549926757812,-0.0258989334106445,-0.0327739715576172,-0.0223827362060547,-0.0009765625,-0.0429296493530273,-0.102695465087891,-0.0225391387939453
670,0.0044918060302734,,,0.0247268676757812,0.0219144821166992,-0.0449609756469727,0.0210552215576172,0.0146484375,0.0238676071166992,0.0114450454711914,0.0098047256469726,0.0013675689697265,-0.0033206939697265,0.0110549926757812,-0.0258989334106445,-0.0327739715576172,-0.0223827362060547,-0.0009765625,-0.0429296493530273,-0.102695465087891,-0.0225391387939453
675,0.0044918060302734,,,0.0247268676757812,0.0219144821166992,-0.0449609756469727,0.0210552215576172,0.0146484375,0.0238676071166992,0.0114450454711914,0.0098047256469726,0.0013675689697265,-0.0033206939697265,0.0110549926757812,-0.0258989334106445,-0.0327739715576172,-0.0223827362060547,-0.0009765625,-0.0429296493530273,-0.102695465087891,-0.0225391387939453
680,0.0044918060302734,,,0.0247268676757812,0.0219144821166992,-0.0449609756469727,0.0210552215576172,0.0146484375,0.0238676071166992,0.0114450454711914,0.0098047256469726,0.0013675689697265,-0.0033206939697265,0.0110549926757812,-0.0258989334106445,-0.0327739715576172,-0.0223827362060547,-0.0009765625,-0.0429296493530273,-0.102695465087891,-0.0225391387939453
685,0.0044918060302734,,,0.0246486663818359,0.0219144821166992,-0.0449609756469727,0.0210552215576172,0.0146484375,0.0238676071166992,0.0114450454711914,0.0098829269409179,0.0013675689697265,-0.0033206939697265,0.0110549926757812,-0.0258989334106445,-0.0327739715576172,-0.0223827362060547,-0.0009765625,-0.0429296493530273,-0.1027736663818359,-0.0225391387939453
690,0.0044918060302734,,,0.0246486663818359,0.0219144821166992,-0.0449609756469727,0.0210552215576172,0.0146484375,0.0238676071166992,0.0114450454711914,0.0098047256469726,0.0013675689697265,-0.0033206939697265,0.0110549926757812,-0.0258989334106445,-0.0327739715576172,-0.0223827362060547,-0.0009765625,-0.0429296493530273,-0.102695465087891,-0.0225391387939453
695,0.0044918060302734,,,0.0246486663818359,0.0219144821166992,-0.0449609756469727,0.0210552215576172,0.0146484375,0.0238676071166992,0.0114450454711914,0.0098047256469726,0.0013675689697265,-0.0033206939697265,0.0110549926757812,-0.0258989334106445,-0.0327739715576172,-0.0223827362060547,-0.0009765625,-0.0429296493530273,-0.102695465087891,-0.0225391387939453
700,0.0044918060302734,,,0.0246486663818359,0.0219144821166992,-0.0449609756469727,0.0210552215576172,0.0146484375,0.0238676071166992,0.0114450454711914,0.0098047256469726,0.0013675689697265,-0.0033206939697265,0.0109767913818359,-0.0258989334106445,-0.0327739715576172,-0.0223827362060547,-0.0009765625,-0.0429296493530273,-0.102695465087891,-0.0225391387939453
705,0.0044918060302734,,,0.0246486663818359,0.0219144821166992,-0.0449609756469727,0.0210552215576172,0.0146484375,0.0238676071166992,0.0114450454711914,0.0098047256469726,0.0013675689697265,-0.0033206939697265,0.0110549926757812,-0.0258989334106445,-0.0327739715576172,-0.0223827362060547,-0.0009765625,-0.042851448059082,-0.102695465087891,-0.0225391387939453
710,0.0044918060302734,,,0.0246486663818359,0.0219144821166992,-0.0449609756469727,0.0210552215576172,0.0146484375,0.0238676071166992,0.0114450454711914,0.0098047256469726,0.0013675689697265,-0.0033206939697265,0.0109767913818359,-0.0258989334106445,-0.0327739715576172,-0.0223827362060547,-0.0009765625,-0.042851448059082,-0.1027736663818359,-0.0225391387939453
715,0.0044918060302734,,,0.0246486663818359,0.0219144821166992,-0.0449609756469727,0.0210552215576172,0.0146484375,0.0238676071166992,0.0114450454711914,0.0098047256469726,0.0013675689697265,-0.0033206939697265,0.0109767913818359,-0.0258989334106445,-0.0327739715576172,-0.0223827362060547,-0.0009765625,-0.042851448059082,-0.1027736663818359,-0.0225391387939453
720,0.0044918060302734,,,0.0246486663818359,0.0219144821166992,-0.0449609756469727,0.0210552215576172,0.0146484375,0.0238676071166992,0.0114450454711914,0.0098047256469726,0.0013675689697265,-0.0033206939697265,0.0109767913818359,-0.0258989334106445,-0.0327739715576172,-0.0223827362060547,-0.0009765625,-0.0429296493530273,-0.102695465087891,-0.0225391387939453
725,0.0044918060302734,,,0.0246486663818359,0.0219144821166992,-0.0449609756469727,0.0210552215576172,0.0146484375,0.0238676071166992,0.0114450454711914,0.0098047256469726,0.0013675689697265,-0.0033206939697265,0.0109767913818359,-0.0258989334106445,-0.0327739715576172,-0.0223827362060547,-0.0009765625,-0.0429296493530273,-0.102695465087891,-0.0225391387939453
730,0.0044918060302734,,,0.0246486663818359,0.0219144821166992,-0.0449609756469727,0.0210552215576172,0.0146484375,0.0238676071166992,0.0114450454711914,0.0098047256469726,0.0013675689697265,-0.0033206939697265,0.0109767913818359,-0.0258989334106445,-0.0327739715576172,-0.0223827362060547,-0.0009765625,-0.0429296493530273,-0.102695465087891,-0.0225391387939453
735,0.0044918060302734,,,0.0246486663818359,0.0219144821166992,-0.0449609756469727,0.0210552215576172,0.0146484375,0.0238676071166992,0.0114450454711914,0.0098829269409179,0.0013675689697265,-0.0033206939697265,0.0109767913818359,-0.0258989334106445,-0.0327739715576172,-0.0223827362060547,-0.0009765625,-0.0429296493530273,-0.102695465087891,-0.0225391387939453
740,0.0044918060302734,,,0.0246486663818359,0.0219144821166992,-0.0449609756469727,0.0209770202636719,0.0146484375,0.0238676071166992,0.0114450454711914,0.0098829269409179,0.0013675689697265,-0.0033206939697265,0.0109767913818359,-0.0258989334106445,-0.0327739715576172,-0.0223827362060547,-0.0009765625,-0.0429296493530273,-0.1027736663818359,-0.0225391387939453
745,0.0044918060302734,,,0.0246486663818359,0.0219144821166992,-0.0449609756469727,0.0209770202636719,0.0146484375,0.0237894058227539,0.0114450454711914,0.0098047256469726,0.0013675689697265,-0.0033206939697265,0.0109767913818359,-0.0258989334106445,-0.0327739715576172,-0.0223045349121094,-0.0009765625,-0.0429296493530273,-0.102695465087891,-0.0225391387939453
750,0.0044918060302734,,,0.0246486663818359,0.0219144821166992,-0.0449609756469727,0.0209770202636719,0.0146484375,0.0237894058227539,0.0114450454711914,0.0098047256469726,0.0013675689697265,-0.0033206939697265,0.0109767913818359,-0.0258989334106445,-0.0327739715576172,-0.0223827362060547,-0.0009765625,-0.0429296493530273,-0.102695465087891,-0.0225391387939453
755,0.0044918060302734,,,0.0246486663818359,0.0219144821166992,-0.0449609756469727,0.0209770202636719,0.0146484375,0.0237894058227539,0.0114450454711914,0.0098047256469726,0.0012893676757812,-0.0033206939697265,0.0109767913818359,-0.0258989334106445,-0.0327739715576172,-0.0223827362060547,-0.0009765625,-0.0429296493530273,-0.102695465087891,-0.0225391387939453
760,0.0044918060302734,,,0.0246486663818359,0.0218362808227539,-0.0449609756469727,0.0209770202636719,0.0146484375,0.0237894058227539,0.0114450454711914,0.0098829269409179,0.0013675689697265,-0.0033206939697265,0.0109767913818359,-0.0258989334106445,-0.0327739715576172,-0.0223827362060547,-0.0009765625,-0.0430078506469727,-0.102695465087891,-0.0225391387939453
765,0.0044918060302734,,,0.0246486663818359,0.0218362808227539,-0.0448827743530273,0.0209770202636719,0.0146484375,0.0237894058227539,0.0114450454711914,0.0098829269409179,0.0013675689697265,-0.0033206939697265,0.0109767913818359,-0.0258989334106445,-0.0327739715576172,-0.0223827362060547,-0.0009765625,-0.0430078506469727,-0.102695465087891,-0.0226173400878906
770,0.0044918060302734,,,0.0246486663818359,0.0218362808227539,-0.0449609756469727,0.0209770202636719,0.0146484375,0.0237894058227539,0.0114450454711914,0.0098047256469726,0.0013675689697265,-0.0033206939697265,0.0108985900878906,-0.0258989334106445,-0.0327739715576172,-0.0223827362060547,-0.0009765625,-0.0430078506469727,-0.102695465087891,-0.0226173400878906
775,0.0044918060302734,,,0.0246486663818359,0.0218362808227539,-0.0449609756469727,0.0209770202636719,0.0146484375,0.0237894058227539,0.0114450454711914,0.0098047256469726,0.0013675689697265,-0.0033206939697265,0.0108985900878906,-0.0258989334106445,-0.0327739715576172,-0.0223827362060547,-0.0009765625,-0.0430078506469727,-0.102695465087891,-0.0226173400878906
780,0.0044918060302734,,,0.0246486663818359,0.0218362808227539,-0.0448827743530273,0.0209770202636719,0.0146484375,0.0237894058227539,0.0114450454711914,0.0098829269409179,0.0013675689697265,-0.0033206939697265,0.0108985900878906,-0.0258989334106445,-0.0327739715576172,-0.0223827362060547,-0.0009765625,-0.0430078506469727,-0.102695465087891,-0.0226173400878906
785,0.0044918060302734,,,0.0246486663818359,0.0219144821166992,-0.0448827743530273,0.0209770202636719,0.0146484375,0.0237894058227539,0.0114450454711914,0.0098047256469726,0.0013675689697265,-0.0033206939697265,0.0108985900878906,-0.0258989334106445,-0.0327739715576172,-0.0223827362060547,-0.0009765625,-0.0430860519409179,-0.102695465087891,-0.0226173400878906
790,0.0044918060302734,,,0.0246486663818359,0.0218362808227539,-0.0448827743530273,0.0209770202636719,0.0146484375,0.0237894058227539,0.0114450454711914,0.0098047256469726,0.0013675689697265,-0.0033206939697265,0.0108985900878906,-0.0258989334106445,-0.0327739715576172,-0.0223827362060547,-0.0009765625,-0.0430860519409179,-0.102695465087891,-0.0226173400878906
795,0.0044918060302734,,,0.0246486663818359,0.0218362808227539,-0.0448827743530273,0.0209770202636719,0.0146484375,0.0237894058227539,0.0114450454711914,0.0098047256469726,0.0013675689697265,-0.0033206939697265,0.0108985900878906,-0.0258989334106445,-0.0327739715576172,-0.0223827362060547,-0.0009765625,-0.0430860519409179,-0.102695465087891,-0.0226173400878906
800,0.0044918060302734,,,0.0246486663818359,0.0218362808227539,-0.0448827743530273,0.0209770202636719,0.0146484375,0.0237894058227539,0.0114450454711914,0.0098047256469726,0.0012893676757812,-0.0033206939697265,0.0108985900878906,-0.0258989334106445,-0.0327739715576172,-0.0223827362060547,-0.0009765625,-0.0430860519409179,-0.102695465087891,-0.0226173400878906
805,0.0044918060302734,,,0.0246486663818359,0.0218362808227539,-0.0448827743530273,0.0209770202636719,0.0146484375,0.0237894058227539,0.0114450454711914,0.0098047256469726,0.0012893676757812,-0.0033206939697265,0.0108985900878906,-0.0258989334106445,-0.0327739715576172,-0.0223827362060547,-0.0009765625,-0.0430860519409179,-0.102695465087891,-0.0226173400878906
810,0.0044918060302734,,,0.0246486663818359,0.0218362808227539,-0.0448827743530273,0.0209770202636719,0.0146484375,0.0237894058227539,0.0114450454711914,0.0098047256469726,0.0013675689697265,-0.0033206939697265,0.0108985900878906,-0.0258989334106445,-0.0327739715576172,-0.0223827362060547,-0.0009765625,-0.0430860519409179,-0.102695465087891,-0.0226173400878906
815,0.0044918060302734,,,0.0246486663818359,0.0218362808227539,-0.0448827743530273,0.0209770202636719,0.0146484375,0.0237894058227539,0.0114450454711914,0.0098047256469726,0.0013675689697265,-0.0033206939697265,0.0108203887939453,-0.0258989334106445,-0.0327739715576172,-0.0223827362060547,-0.0009765625,-0.0430860519409179,-0.102695465087891,-0.0226173400878906
820,0.0044918060302734,,,0.0246486663818359,0.0218362808227539,-0.0448827743530273,0.0209770202636719,0.0146484375,0.0237894058227539,0.0114450454711914,0.0098829269409179,0.0013675689697265,-0.0033206939697265,0.0108203887939453,-0.0258989334106445,-0.0327739715576172,-0.0223827362060547,-0.0009765625,-0.0430860519409179,-0.102695465087891,-0.0226173400878906
825,0.0044918060302734,,,0.0246486663818359,0.0218362808227539,-0.0448827743530273,0.0209770202636719,0.0146484375,0.0237894058227539,0.0114450454711914,0.0098047256469726,0.0013675689697265,-0.0033206939697265,0.0108203887939453,-0.0258989334106445,-0.0327739715576172,-0.0223827362060547,-0.0009765625,-0.0430860519409179,-0.102695465087891,-0.0226173400878906
830,0.0044918060302734,,,0.0246486663818359,0.0218362808227539,-0.0448827743530273,0.0209770202636719,0.0146484375,0.0237894058227539,0.0114450454711914,0.0098047256469726,0.0012893676757812,-0.0033206939697265,0.0108203887939453,-0.0258989334106445,-0.0327739715576172,-0.0223827362060547,-0.0009765625,-0.0430860519409179,-0.102695465087891,-0.0226955413818359
835,0.0044918060302734,,,0.0246486663818359,0.0218362808227539,-0.0448827743530273,0.0209770202636719,0.0146484375,0.0237894058227539,0.0114450454711914,0.0098047256469726,0.0013675689697265,-0.0033206939697265,0.0108203887939453,-0.0258989334106445,-0.0327739715576172,-0.0223827362060547,-0.0009765625,-0.0430860519409179,-0.102695465087891,-0.0226955413818359
840,0.0044918060302734,,,0.0246486663818359,0.0218362808227539,-0.0448827743530273,0.0209770202636719,0.0146484375,0.0237894058227539,0.0114450454711914,0.0098047256469726,0.0012893676757812,-0.0033206939697265,0.0108203887939453,-0.0258989334106445,-0.0327739715576172,-0.0223827362060547,-0.0009765625,-0.0430860519409179,-0.102695465087891,-0.0226955413818359
845,0.0044918060302734,,,0.0246486663818359,0.0218362808227539,-0.0448827743530273,0.0209770202636719,0.0146484375,0.0237894058227539,0.0114450454711914,0.0098047256469726,0.0012893676757812,-0.0033206939697265,0.0108203887939453,-0.0258989334106445,-0.0327739715576172,-0.0223827362060547,-0.0009765625,-0.0430860519409179,-0.102695465087891,-0.0226955413818359
850,0.0044918060302734,,,0.0246486663818359,0.0218362808227539,-0.0448827743530273,0.0209770202636719,0.0146484375,0.0237894058227539,0.0114450454711914,0.0098829269409179,0.0013675689697265,-0.0033206939697265,0.0108203887939453,-0.0258989334106445,-0.0327739715576172,-0.0223827362060547,-0.0010547637939453,-0.0430860519409179,-0.102695465087891,-0.0226955413818359
855,0.0044918060302734,,,0.0246486663818359,0.0218362808227539,-0.0448827743530273,0.0209770202636719,0.0146484375,0.0237894058227539,0.0114450454711914,0.0098047256469726,0.0013675689697265,-0.0033206939697265,0.0108203887939453,-0.0258989334106445,-0.0327739715576172,-0.0223827362060547,-0.0010547637939453,-0.0430860519409179,-0.102695465087891,-0.0226955413818359
860,0.0044918060302734,,,0.0246486663818359,0.0218362808227539,-0.0448827743530273,0.0209770202636719,0.0146484375,0.0237894058227539,0.0114450454711914,0.0098829269409179,0.0013675689697265,-0.0033206939697265,0.0108203887939453,-0.0258989334106445,-0.0327739715576172,-0.0223827362060547,-0.0010547637939453,-0.0430860519409179,-0.102695465087891,-0.0226955413818359
865,0.0044918060302734,,,0.0246486663818359,0.0218362808227539,-0.0448827743530273,0.0209770202636719,0.0146484375,0.0237894058227539,0.0114450454711914,0.0098829269409179,0.0013675689697265,-0.0033206939697265,0.0108203887939453,-0.0258989334106445,-0.0327739715576172,-0.0223827362060547,-0.0010547637939453,-0.0430860519409179,-0.102695465087891,-0.0226955413818359
870,0.0044918060302734,,,0.0246486663818359,0.0218362808227539,-0.0448827743530273,0.0209770202636719,0.0146484375,0.0237894058227539,0.0114450454711914,0.0098047256469726,0.0013675689697265,-0.0033206939697265,0.0108203887939453,-0.0258989334106445,-0.0327739715576172,-0.0223827362060547,-0.0010547637939453,-0.0430860519409179,-0.102695465087891,-0.0226955413818359
875,0.0044918060302734,,,0.0246486663818359,0.0218362808227539,-0.0448827743530273,0.0209770202636719,0.0146484375,0.0237894058227539,0.0114450454711914,0.0098829269409179,0.0013675689697265,-0.0033206939697265,0.0108203887939453,-0.0258989334106445,-0.0327739715576172,-0.0223827362060547,-0.0010547637939453,-0.0430860519409179,-0.102695465087891,-0.0226955413818359
880,0.0044918060302734,,,0.0246486663818359,0.0218362808227539,-0.0448827743530273,0.0209770202636719,0.0146484375,0.0237894058227539,0.0114450454711914,0.0098829269409179,0.0012893676757812,-0.0033206939697265,0.0108203887939453,-0.0258989334106445,-0.0327739715576172,-0.0223827362060547,-0.0010547637939453,-0.0430860519409179,-0.102695465087891,-0.0226955413818359
885,0.0044918060302734,,,0.0246486663818359,0.0218362808227539,-0.0448827743530273,0.0209770202636719,0.0146484375,0.0237894058227539,0.0114450454711914,0.0098829269409179,0.0013675689697265,-0.0033206939697265,0.0108203887939453,-0.0258989334106445,-0.0327739715576172,-0.0223827362060547,-0.0010547637939453,-0.0430860519409179,-0.102695465087891,-0.0226955413818359
890,0.0044918060302734,,,0.0246486663818359,0.0218362808227539,-0.0448827743530273,0.0209770202636719,0.0146484375,0.0237894058227539,0.0114450454711914,0.0098829269409179,0.0013675689697265,-0.0033206939697265,0.0108203887939453,-0.0258989334106445,-0.0327739715576172,-0.0223827362060547,-0.0010547637939453,-0.0430860519409179,-0.102617263793945,-0.0226955413818359
895,0.0044918060302734,,,0.0246486663818359,0.0218362808227539,-0.0448827743530273,0.0209770202636719,0.0146484375,0.0237894058227539,0.0114450454711914,0.0098829269409179,0.0013675689697265,-0.0033206939697265,0.0108203887939453,-0.0258989334106445,-0.0327739715576172,-0.0223827362060547,-0.0010547637939453,-0.0430860519409179,-0.102695465087891,-0.0226955413818359
900,0.0044918060302734,,,0.0246486663818359,0.0218362808227539,-0.0448827743530273,0.0208988189697266,0.0146484375,0.0237894058227539,0.0114450454711914,0.0098829269409179,0.0013675689697265,-0.0033206939697265,0.0107421875,-0.0258989334106445,-0.0327739715576172,-0.0223827362060547,-0.0010547637939453,-0.0430860519409179,-0.102617263793945,-0.0226955413818359
905,0.0044918060302734,,,0.0246486663818359,0.0218362808227539,-0.0448827743530273,0.0208988189697266,0.0146484375,0.0237894058227539,0.0114450454711914,0.0098047256469726,0.0013675689697265,-0.0033206939697265,0.0107421875,-0.0258989334106445,-0.0327739715576172,-0.0223827362060547,-0.0010547637939453,-0.0430860519409179,-0.102617263793945,-0.0226955413818359
910,0.0044918060302734,,,0.0246486663818359,0.0218362808227539,-0.0448827743530273,0.0208988189697266,0.0146484375,0.0237894058227539,0.0114450454711914,0.0098829269409179,0.0013675689697265,-0.0033206939697265,0.0107421875,-0.0258989334106445,-0.0327739715576172,-0.0223827362060547,-0.0010547637939453,-0.0430860519409179,-0.102617263793945,-0.0226955413818359
915,0.0044918060302734,,,0.0246486663818359,0.0218362808227539,-0.044804573059082,0.0208988189697266,0.0146484375,0.0237894058227539,0.0114450454711914,0.0098829269409179,0.0013675689697265,-0.0033206939697265,0.0107421875,-0.0258989334106445,-0.0327739715576172,-0.0223827362060547,-0.0010547637939453,-0.0430860519409179,-0.102617263793945,-0.0226955413818359
920,0.0044918060302734,,,0.0246486663818359,0.0218362808227539,-0.044804573059082,0.0208988189697266,0.0146484375,0.0237894058227539,0.0114450454711914,0.0098829269409179,0.0013675689697265,-0.0033206939697265,0.0107421875,-0.0258989334106445,-0.0327739715576172,-0.0223827362060547,-0.0010547637939453,-0.0430860519409179,-0.102695465087891,-0.0226955413818359
925,0.0044918060302734,,,0.0246486663818359,0.0218362808227539,-0.044804573059082,0.0208988189697266,0.0146484375,0.0237894058227539,0.0114450454711914,0.0098047256469726,0.0012893676757812,-0.0033206939697265,0.0107421875,-0.0258989334106445,-0.0327739715576172,-0.0223827362060547,-0.0010547637939453,-0.0430860519409179,-0.102617263793945,-0.0226955413818359
930,0.0044918060302734,,,0.0246486663818359,0.0218362808227539,-0.044804573059082,0.0208988189697266,0.0146484375,0.0237894058227539,0.0114450454711914,0.0098829269409179,0.0012893676757812,-0.0033206939697265,0.0107421875,-0.0258989334106445,-0.0327739715576172,-0.0224609375,-0.0010547637939453,-0.0430860519409179,-0.102617263793945,-0.0226955413818359
935,0.0044918060302734,,,0.0246486663818359,0.0218362808227539,-0.044804573059082,0.0208988189697266,0.0146484375,0.0237894058227539,0.0114450454711914,0.0098829269409179,0.0013675689697265,-0.0033206939697265,0.0107421875,-0.0258989334106445,-0.0327739715576172,-0.0223827362060547,-0.0010547637939453,-0.0430078506469727,-0.102617263793945,-0.0226955413818359
940,0.0044918060302734,,,0.0246486663818359,0.0218362808227539,-0.044804573059082,0.0208988189697266,0.0146484375,0.0237894058227539,0.0114450454711914,0.0098829269409179,0.0013675689697265,-0.0033206939697265,0.0107421875,-0.0258989334106445,-0.0327739715576172,-0.0224609375,-0.0010547637939453,-0.0430860519409179,-0.102617263793945,-0.0226955413818359
945,0.0044918060302734,,,0.0246486663818359,0.0218362808227539,-0.044804573059082,0.0208988189697266,0.0146484375,0.0237894058227539,0.0114450454711914,0.0098829269409179,0.0012893676757812,-0.0033206939697265,0.0107421875,-0.0258989334106445,-0.0327739715576172,-0.0224609375,-0.0010547637939453,-0.0430078506469727,-0.102617263793945,-0.0226955413818359
950,0.0044918060302734,,,0.0246486663818359,0.0218362808227539,-0.044804573059082,0.0208988189697266,0.0146484375,0.0237894058227539,0.0114450454711914,0.0098829269409179,0.0012893676757812,-0.0033206939697265,0.0107421875,-0.0258989334106445,-0.0327739715576172,-0.0224609375,-0.0010547637939453,-0.0430078506469727,-0.102617263793945,-0.0226955413818359
955,0.0044918060302734,,,0.0246486663818359,0.0218362808227539,-0.044804573059082,0.0208988189697266,0.0146484375,0.0237894058227539,0.0114450454711914,0.0098047256469726,0.0012893676757812,-0.0033206939697265,0.0107421875,-0.0258989334106445,-0.0327739715576172,-0.0224609375,-0.0010547637939453,-0.0430078506469727,-0.102617263793945,-0.0227737426757812
960,0.0044918060302734,,,0.0246486663818359,0.0218362808227539,-0.044804573059082,0.0208988189697266,0.0146484375,0.0237894058227539,0.0114450454711914,0.0098047256469726,0.0012893676757812,-0.0033206939697265,0.0107421875,-0.0258989334106445,-0.0327739715576172,-0.0224609375,-0.0010547637939453,-0.0430078506469727,-0.102617263793945,-0.0227737426757812
965,0.0044918060302734,,,0.0246486663818359,0.0218362808227539,-0.044804573059082,0.0208988189697266,0.0146484375,0.0237894058227539,0.0114450454711914,0.0098047256469726,0.0012893676757812,-0.0033206939697265,0.0107421875,-0.0258989334106445,-0.0327739715576172,-0.0224609375,-0.0010547637939453,-0.0430078506469727,-0.102617263793945,-0.0227737426757812
970,0.0044918060302734,,,0.0246486663818359,0.0218362808227539,-0.044804573059082,0.0208988189697266,0.0146484375,0.0237894058227539,0.0114450454711914,0.0098047256469726,0.0012893676757812,-0.0033206939697265,0.0107421875,-0.0258989334106445,-0.0327739715576172,-0.0224609375,-0.0010547637939453,-0.0430078506469727,-0.102617263793945,-0.0227737426757812
975,0.0044918060302734,,,0.0246486663818359,0.0218362808227539,-0.044804573059082,0.0208988189697266,0.0146484375,0.0237112045288086,0.0114450454711914,0.0098047256469726,0.0012893676757812,-0.0033206939697265,0.0107421875,-0.0258989334106445,-0.0327739715576172,-0.0224609375,-0.0010547637939453,-0.0430078506469727,-0.102617263793945,-0.0227737426757812
980,0.0044918060302734,,,0.0246486663818359,0.0218362808227539,-0.044804573059082,0.0208988189697266,0.0146484375,0.0237112045288086,0.0114450454711914,0.0098047256469726,0.0012893676757812,-0.0033206939697265,0.0107421875,-0.0258989334106445,-0.0327739715576172,-0.0224609375,-0.0010547637939453,-0.0430078506469727,-0.102617263793945,-0.0227737426757812
985,0.0044918060302734,,,0.0246486663818359,0.0218362808227539,-0.044804573059082,0.0208988189697266,0.0146484375,0.0237112045288086,0.0114450454711914,0.0098047256469726,0.0012893676757812,-0.0033206939697265,0.0107421875,-0.0258989334106445,-0.0327739715576172,-0.0224609375,-0.0010547637939453,-0.0430078506469727,-0.102617263793945,-0.0227737426757812
990,0.0044918060302734,,,0.0246486663818359,0.0218362808227539,-0.044804573059082,0.0208988189697266,0.0146484375,0.0237894058227539,0.0114450454711914,0.0098047256469726,0.0012893676757812,-0.0033206939697265,0.0107421875,-0.0258989334106445,-0.0327739715576172,-0.0224609375,-0.0010547637939453,-0.0430078506469727,-0.102617263793945,-0.0227737426757812
995,0.0044918060302734,,,0.0246486663818359,0.0218362808227539,-0.044804573059082,0.0208988189697266,0.0146484375,0.0237112045288086,0.0114450454711914,0.0098047256469726,0.0012893676757812,-0.0033206939697265,0.0107421875,-0.0258989334106445,-0.0327739715576172,-0.0224609375,-0.0010547637939453,-0.0430078506469727,-0.102617263793945,-0.0227737426757812
1000,0.0044918060302734,,,0.0245704650878906,0.0218362808227539,-0.044804573059082,0.0208988189697266,0.0146484375,0.0237112045288086,0.0114450454711914,0.0098047256469726,0.0012893676757812,-0.0033206939697265,0.0107421875,-0.0258989334106445,-0.0327739715576172,-0.0224609375,-0.0010547637939453,-0.0430078506469727,-0.102617263793945,-0.0227737426757812
1005,0.0044918060302734,,,0.0246486663818359,0.0218362808227539,-0.044804573059082,0.0208988189697266,0.0146484375,0.0237112045288086,0.0114450454711914,0.0098829269409179,0.0012893676757812,-0.0033206939697265,0.0107421875,-0.0258989334106445,-0.0327739715576172,-0.0224609375,-0.0010547637939453,-0.0430078506469727,-0.102617263793945,-0.0227737426757812
1010,0.0044918060302734,,,0.0246486663818359,0.0218362808227539,-0.044804573059082,0.0208988189697266,0.0146484375,0.0237112045288086,0.0114450454711914,0.0098829269409179,0.0012893676757812,-0.0033206939697265,0.0107421875,-0.0258989334106445,-0.0327739715576172,-0.0224609375,-0.0010547637939453,-0.0430078506469727,-0.102617263793945,-0.0227737426757812
1015,0.0044918060302734,,,0.0245704650878906,0.0218362808227539,-0.044804573059082,0.0208988189697266,0.0146484375,0.0237112045288086,0.0114450454711914,0.0098829269409179,0.0013675689697265,-0.0033206939697265,0.0107421875,-0.0258989334106445,-0.0327739715576172,-0.0224609375,-0.0010547637939453,-0.0430078506469727,-0.102617263793945,-0.0227737426757812
1020,0.0044918060302734,,,0.0245704650878906,0.0218362808227539,-0.044804573059082,0.0208988189697266,0.0146484375,0.0237894058227539,0.0115232467651367,0.0098829269409179,0.0013675689697265,-0.0033206939697265,0.0107421875,-0.0258989334106445,-0.0327739715576172,-0.0224609375,-0.0010547637939453,-0.0430078506469727,-0.102617263793945,-0.0227737426757812
1025,0.0044918060302734,,,0.0245704650878906,0.0218362808227539,-0.0447263717651367,0.0208988189697266,0.0146484375,0.0237894058227539,0.0114450454711914,0.0098047256469726,0.0012893676757812,-0.0033206939697265,0.0107421875,-0.0258989334106445,-0.0327739715576172,-0.0224609375,-0.0010547637939453,-0.0430078506469727,-0.102617263793945,-0.0227737426757812
1030,0.0044918060302734,,,0.0245704650878906,0.0218362808227539,-0.0447263717651367,0.0208988189697266,0.0146484375,0.0237894058227539,0.0114450454711914,0.0098829269409179,0.0013675689697265,-0.0033206939697265,0.0107421875,-0.0258989334106445,-0.0327739715576172,-0.0224609375,-0.0010547637939453,-0.0430078506469727,-0.102617263793945,-0.0227737426757812
1035,0.0044918060302734,,,0.0245704650878906,0.0217580795288086,-0.0447263717651367,0.0208988189697266,0.0146484375,0.0237894058227539,0.0114450454711914,0.0098829269409179,0.0012893676757812,-0.0033206939697265,0.0107421875,-0.0258989334106445,-0.0327739715576172,-0.0224609375,-0.0010547637939453,-0.0430078506469727,-0.102617263793945,-0.0227737426757812
1040,0.0044918060302734,,,0.0245704650878906,0.0217580795288086,-0.0447263717651367,0.0208206176757812,0.0146484375,0.0237894058227539,0.0114450454711914,0.0098047256469726,0.0012893676757812,-0.0033206939697265,0.0107421875,-0.0258989334106445,-0.0327739715576172,-0.0224609375,-0.0010547637939453,-0.0430078506469727,-0.102617263793945,-0.0227737426757812
1045,0.0044918060302734,,,0.0245704650878906,0.0217580795288086,-0.0447263717651367,0.0208206176757812,0.0146484375,0.0237112045288086,0.0114450454711914,0.0098829269409179,0.0012893676757812,-0.0033206939697265,0.0107421875,-0.0258989334106445,-0.0327739715576172,-0.0224609375,-0.0010547637939453,-0.0430078506469727,-0.102617263793945,-0.0227737426757812
1050,0.0044918060302734,,,0.0245704650878906,0.0217580795288086,-0.0447263717651367,0.0208206176757812,0.0146484375,0.0237112045288086,0.0114450454711914,0.0098047256469726,0.0012893676757812,-0.0033206939697265,0.0107421875,-0.0258989334106445,-0.0327739715576172,-0.0224609375,-0.0010547637939453,-0.0430078506469727,-0.102617263793945,-0.0227737426757812
1055,0.0044918060302734,,,0.0245704650878906,0.0217580795288086,-0.0447263717651367,0.0208206176757812,0.0146484375,0.0237112045288086,0.0114450454711914,0.0098047256469726,0.0012893676757812,-0.0033206939697265,0.0107421875,-0.0258989334106445,-0.0327739715576172,-0.0224609375,-0.0010547637939453,-0.0430078506469727,-0.102617263793945,-0.0227737426757812
1060,0.0044918060302734,,,0.0245704650878906,0.0217580795288086,-0.0447263717651367,0.0208206176757812,0.0146484375,0.0237112045288086,0.0114450454711914,0.0098829269409179,0.0012893676757812,-0.0033206939697265,0.0107421875,-0.0258989334106445,-0.0327739715576172,-0.0224609375,-0.0010547637939453,-0.0430078506469727,-0.102617263793945,-0.0227737426757812
1065,0.0044918060302734,,,0.0245704650878906,0.0217580795288086,-0.0447263717651367,0.0208206176757812,0.0146484375,0.0237112045288086,0.0114450454711914,0.0098829269409179,0.0012893676757812,-0.0033206939697265,0.0107421875,-0.0258989334106445,-0.0327739715576172,-0.0224609375,-0.0010547637939453,-0.0430078506469727,-0.102617263793945,-0.0227737426757812
1070,0.0044918060302734,,,0.0245704650878906,0.0217580795288086,-0.0447263717651367,0.0208206176757812,0.0146484375,0.0237112045288086,0.0114450454711914,0.0098829269409179,0.0012893676757812,-0.0033206939697265,0.0107421875,-0.0258989334106445,-0.0328512191772461,-0.0224609375,-0.0010547637939453,-0.0430078506469727,-0.102617263793945,-0.0227737426757812
1075,0.0044918060302734,,,0.0245704650878906,0.0217580795288086,-0.0447263717651367,0.0208206176757812,0.0146484375,0.0237112045288086,0.0114450454711914,0.0098829269409179,0.0012893676757812,-0.0033206939697265,0.0107421875,-0.0258989334106445,-0.0327739715576172,-0.0224609375,-0.0010547637939453,-0.0430078506469727,-0.102617263793945,-0.0227737426757812
1080,0.0044918060302734,,,0.0245704650878906,0.0217580795288086,-0.0447263717651367,0.0208206176757812,0.0145702362060547,0.0237112045288086,0.0114450454711914,0.0098829269409179,0.0013675689697265,-0.0033206939697265,0.0107421875,-0.0258989334106445,-0.0327739715576172,-0.0224609375,-0.0010547637939453,-0.0430078506469727,-0.102617263793945,-0.0227737426757812
1085,0.0044918060302734,,,0.0245704650878906,0.0217580795288086,-0.0447263717651367,0.0208206176757812,0.0145702362060547,0.0237112045288086,0.0114450454711914,0.0098829269409179,0.0012893676757812,-0.0033206939697265,0.0107421875,-0.0258989334106445,-0.0327739715576172,-0.0224609375,-0.0010547637939453,-0.0430078506469727,-0.102617263793945,-0.0227737426757812
1090,0.0044918060302734,,,0.0245704650878906,0.0217580795288086,-0.0447263717651367,0.0208206176757812,0.0146484375,0.0237112045288086,0.0114450454711914,0.0098829269409179,0.0013675689697265,-0.0033206939697265,0.0107421875,-0.0258989334106445,-0.0327739715576172,-0.0224609375,-0.0010547637939453,-0.0430078506469727,-0.102617263793945,-0.0227737426757812
1095,0.0044918060302734,,,0.0245704650878906,0.0217580795288086,-0.0447263717651367,0.0208206176757812,0.0145702362060547,0.0237112045288086,0.0114450454711914,0.0098829269409179,0.0012893676757812,-0.0033206939697265,0.0107421875,-0.0258989334106445,-0.0327739715576172,-0.0224609375,-0.0010547637939453,-0.0430078506469727,-0.102617263793945,-0.0227737426757812
1100,0.0044918060302734,,,0.0245704650878906,0.0217580795288086,-0.0447263717651367,0.0208206176757812,0.0146484375,0.0237112045288086,0.0114450454711914,0.0098829269409179,0.0013675689697265,-0.0033206939697265,0.0107421875,-0.0258989334106445,-0.0327739715576172,-0.0224609375,-0.0010547637939453,-0.0430078506469727,-0.102617263793945,-0.0227737426757812
1105,0.0044918060302734,,,0.0245704650878906,0.0217580795288086,-0.0447263717651367,0.0208206176757812,0.0145702362060547,0.0237112045288086,0.0114450454711914,0.0098829269409179,0.0012893676757812,-0.0033206939697265,0.0107421875,-0.0258989334106445,-0.0328512191772461,-0.0224609375,-0.0010547637939453,-0.0430078506469727,-0.102617263793945,-0.0227737426757812
1110,0.0044918060302734,,,0.0245704650878906,0.0217580795288086,-0.0447263717651367,0.0208206176757812,0.0145702362060547,0.0237112045288086,0.0114450454711914,0.0098829269409179,0.0013675689697265,-0.0033206939697265,0.0107421875,-0.0259761810302734,-0.0328512191772461,-0.0224609375,-0.0010547637939453,-0.0429296493530273,-0.102617263793945,-0.0227737426757812
1115,0.0044918060302734,,,0.0245704650878906,0.0217580795288086,-0.0447263717651367,0.0208206176757812,0.0145702362060547,0.0237112045288086,0.0114450454711914,0.0098829269409179,0.0012893676757812,-0.0033206939697265,0.0107421875,-0.0258989334106445,-0.0327739715576172,-0.0224609375,-0.0010547637939453,-0.0429296493530273,-0.102617263793945,-0.0227737426757812
1120,0.0044918060302734,,,0.0245704650878906,0.0217580795288086,-0.0447263717651367,0.0208206176757812,0.0145702362060547,0.0237112045288086,0.0114450454711914,0.0098829269409179,0.0012893676757812,-0.0033206939697265,0.0107421875,-0.0258989334106445,-0.0327739715576172,-0.0224609375,-0.0010547637939453,-0.0429296493530273,-0.102617263793945,-0.0227737426757812
1125,0.0044918060302734,,,0.0245704650878906,0.0217580795288086,-0.0447263717651367,0.0208206176757812,0.0145702362060547,0.0237112045288086,0.0114450454711914,0.0098829269409179,0.0013675689697265,-0.0033206939697265,0.0107421875,-0.0258989334106445,-0.0327739715576172,-0.0224609375,-0.0010547637939453,-0.0429296493530273,-0.102617263793945,-0.0227737426757812
1130,0.0044918060302734,,,0.0245704650878906,0.0217580795288086,-0.0447263717651367,0.0208206176757812,0.0145702362060547,0.0237112045288086,0.0114450454711914,0.0098829269409179,0.0012893676757812,-0.0033206939697265,0.0107421875,-0.0258989334106445,-0.0327739715576172,-0.0224609375,-0.0010547637939453,-0.0429296493530273,-0.102617263793945,-0.0227737426757812
1135,0.0044918060302734,,,0.0245704650878906,0.0217580795288086,-0.0446481704711914,0.0208206176757812,0.0145702362060547,0.0237112045288086,0.0114450454711914,0.0098829269409179,0.0013675689697265,-0.0032424926757812,0.0107421875,-0.0258989334106445,-0.0327739715576172,-0.0224609375,-0.0010547637939453,-0.0429296493530273,-0.102617263793945,-0.0227737426757812
1140,0.0044918060302734,,,0.0245704650878906,0.0217580795288086,-0.0446481704711914,0.0208206176757812,0.0145702362060547,0.0237112045288086,0.0114450454711914,0.0098829269409179,0.0013675689697265,-0.0033206939697265,0.0107421875,-0.0258989334106445,-0.0328512191772461,-0.0224609375,-0.0010547637939453,-0.0429296493530273,-0.102617263793945,-0.0227737426757812
1145,0.0044918060302734,,,0.0245704650878906,0.0217580795288086,-0.0446481704711914,0.0208206176757812,0.0145702362060547,0.0237112045288086,0.0114450454711914,0.0098829269409179,0.0013675689697265,-0.0033206939697265,0.0107421875,-0.0258989334106445,-0.0328512191772461,-0.0224609375,-0.0010547637939453,-0.0429296493530273,-0.102617263793945,-0.0227737426757812
1150,0.0044918060302734,,,0.0245704650878906,0.0217580795288086,-0.0446481704711914,0.0208206176757812,0.0145702362060547,0.0237112045288086,0.0114450454711914,0.0098829269409179,0.0013675689697265,-0.0032424926757812,0.0107421875,-0.0258989334106445,-0.0328512191772461,-0.0224609375,-0.0010547637939453,-0.0429296493530273,-0.102617263793945,-0.0227737426757812
1155,0.0044918060302734,,,0.0245704650878906,0.0217580795288086,-0.0446481704711914,0.0208206176757812,0.0145702362060547,0.0237112045288086,0.0114450454711914,0.0098829269409179,0.0013675689697265,-0.0033206939697265,0.0107421875,-0.0258989334106445,-0.0328512191772461,-0.0224609375,-0.0010547637939453,-0.0429296493530273,-0.102617263793945,-0.0227737426757812
1160,0.0044918060302734,,,0.0245704650878906,0.0217580795288086,-0.0446481704711914,0.0208206176757812,0.0145702362060547,0.0237112045288086,0.0114450454711914,0.0098829269409179,0.0013675689697265,-0.0032424926757812,0.0107421875,-0.0259761810302734,-0.0328512191772461,-0.0224609375,-0.0010547637939453,-0.0429296493530273,-0.102617263793945,-0.0227737426757812
1165,0.0044918060302734,,,0.0245704650878906,0.0217580795288086,-0.0446481704711914,0.0207424163818359,0.0145702362060547,0.0237112045288086,0.0114450454711914,0.0098829269409179,0.0013675689697265,-0.0032424926757812,0.0107421875,-0.0258989334106445,-0.0328512191772461,-0.0224609375,-0.0010547637939453,-0.0429296493530273,-0.102617263793945,-0.0227737426757812
1170,0.0044918060302734,,,0.0245704650878906,0.0217580795288086,-0.0446481704711914,0.0207424163818359,0.0145702362060547,0.0237112045288086,0.0114450454711914,0.0098829269409179,0.0012893676757812,-0.0033206939697265,0.0107421875,-0.0259761810302734,-0.0328512191772461,-0.0224609375,-0.0010547637939453,-0.0429296493530273,-0.102617263793945,-0.0227737426757812
1175,0.0044918060302734,,,0.0245704650878906,0.0217580795288086,-0.0446481704711914,0.0207424163818359,0.0145702362060547,0.0237112045288086,0.0114450454711914,0.0098829269409179,0.0012893676757812,-0.0033206939697265,0.0107421875,-0.0259761810302734,-0.0328512191772461,-0.0224609375,-0.0010547637939453,-0.0429296493530273,-0.102617263793945,-0.0227737426757812
1180,0.0044918060302734,,,0.0245704650878906,0.0217580795288086,-0.0446481704711914,0.0207424163818359,0.0145702362060547,0.0237112045288086,0.0114450454711914,0.0098829269409179,0.0013675689697265,-0.0032424926757812,0.0107421875,-0.0259761810302734,-0.0328512191772461,-0.0224609375,-0.0010547637939453,-0.0429296493530273,-0.102617263793945,-0.0227737426757812
1185,0.0044918060302734,,,0.0245704650878906,0.0217580795288086,-0.0446481704711914,0.0207424163818359,0.0145702362060547,0.0237112045288086,0.0114450454711914,0.0098829269409179,0.0013675689697265,-0.0032424926757812,0.0107421875,-0.0259761810302734,-0.0328512191772461,-0.0224609375,-0.0010547637939453,-0.0429296493530273,-0.102617263793945,-0.0227737426757812
1190,0.0044918060302734,,,0.0245704650878906,0.0217580795288086,-0.0446481704711914,0.0207424163818359,0.0145702362060547,0.0237112045288086,0.0114450454711914,0.0098829269409179,0.0013675689697265,-0.0032424926757812,0.0107421875,-0.0258989334106445,-0.0328512191772461,-0.0224609375,-0.0010547637939453,-0.0429296493530273,-0.102617263793945,-0.0228519439697266
1195,0.0044918060302734,,,0.0245704650878906,0.0217580795288086,-0.0446481704711914,0.0207424163818359,0.0145702362060547,0.0237112045288086,0.0114450454711914,0.0098829269409179,0.0012893676757812,-0.0032424926757812,0.0107421875,-0.0259761810302734,-0.0328512191772461,-0.0224609375,-0.0010547637939453,-0.0429296493530273,-0.102617263793945,-0.0227737426757812
1200,0.0044918060302734,,,0.0245704650878906,0.0217580795288086,-0.0446481704711914,0.0207424163818359,0.0145702362060547,0.0237112045288086,0.0114450454711914,0.0098829269409179,0.0013675689697265,-0.0032424926757812,0.0107421875,-0.0259761810302734,-0.0328512191772461,-0.0224609375,-0.0010547637939453,-0.0429296493530273,-0.102617263793945,-0.0227737426757812
1205,0.0044918060302734,,,0.0245704650878906,0.0217580795288086,-0.0446481704711914,0.0207424163818359,0.0145702362060547,0.0237112045288086,0.0114450454711914,0.0098829269409179,0.0012893676757812,-0.0032424926757812,0.0107421875,-0.0258989334106445,-0.0328512191772461,-0.0224609375,-0.0010547637939453,-0.0429296493530273,-0.102617263793945,-0.0228519439697266
1210,0.0044918060302734,,,0.0245704650878906,0.0217580795288086,-0.0446481704711914,0.0207424163818359,0.0145702362060547,0.0237112045288086,0.0114450454711914,0.0098829269409179,0.0013675689697265,-0.0032424926757812,0.0107421875,-0.0259761810302734,-0.0328512191772461,-0.0224609375,-0.0010547637939453,-0.0429296493530273,-0.102617263793945,-0.0228519439697266
1215,0.0044918060302734,,,0.0245704650878906,0.0217580795288086,-0.0446481704711914,0.0207424163818359,0.0145702362060547,0.0237112045288086,0.0114450454711914,0.0098829269409179,0.0012893676757812,-0.0032424926757812,0.0107421875,-0.0259761810302734,-0.0328512191772461,-0.0224609375,-0.0010547637939453,-0.0429296493530273,-0.102617263793945,-0.0228519439697266
1220,0.0044918060302734,,,0.0245704650878906,0.0217580795288086,-0.0446481704711914,0.0207424163818359,0.0145702362060547,0.0237112045288086,0.0114450454711914,0.0098829269409179,0.0012893676757812,-0.0033206939697265,0.0107421875,-0.0259761810302734,-0.0328512191772461,-0.0224609375,-0.0010547637939453,-0.0429296493530273,-0.102617263793945,-0.0228519439697266
1225,0.0044918060302734,,,0.0245704650878906,0.0217580795288086,-0.0445699691772461,0.0207424163818359,0.0145702362060547,0.0237112045288086,0.0114450454711914,0.0098829269409179,0.0013675689697265,-0.0032424926757812,0.0107421875,-0.0259761810302734,-0.0328512191772461,-0.0224609375,-0.0010547637939453,-0.042851448059082,-0.1025390625,-0.0228519439697266
1230,0.0044918060302734,,,0.0245704650878906,0.0217580795288086,-0.0445699691772461,0.0207424163818359,0.0145702362060547,0.0237112045288086,0.0114450454711914,0.0098829269409179,0.0013675689697265,-0.0032424926757812,0.0107421875,-0.0258989334106445,-0.0328512191772461,-0.0224609375,-0.0010547637939453,-0.042851448059082,-0.102617263793945,-0.0228519439697266
1235,0.0044918060302734,,,0.0245704650878906,0.0217580795288086,-0.0446481704711914,0.0207424163818359,0.0145702362060547,0.0237112045288086,0.0114450454711914,0.0098829269409179,0.0013675689697265,-0.0032424926757812,0.0107421875,-0.0258989334106445,-0.0328512191772461,-0.0224609375,-0.0010547637939453,-0.042851448059082,-0.1025390625,-0.0228519439697266
1240,0.0044918060302734,,,0.0245704650878906,0.0217580795288086,-0.0445699691772461,0.0207424163818359,0.0145702362060547,0.0237112045288086,0.0114450454711914,0.0098829269409179,0.0013675689697265,-0.0032424926757812,0.0107421875,-0.0258989334106445,-0.0328512191772461,-0.0224609375,-0.0010547637939453,-0.042851448059082,-0.102617263793945,-0.0228519439697266
1245,0.0044918060302734,,,0.0245704650878906,0.0217580795288086,-0.0445699691772461,0.0207424163818359,0.0145702362060547,0.0237112045288086,0.0114450454711914,0.0098829269409179,0.0012893676757812,-0.0032424926757812,0.0107421875,-0.0259761810302734,-0.0328512191772461,-0.0224609375,-0.0010547637939453,-0.042851448059082,-0.102617263793945,-0.0228519439697266
1250,0.0044918060302734,,,0.0244922637939453,0.0217580795288086,-0.0445699691772461,0.0207424163818359,0.0145702362060547,0.0237112045288086,0.0114450454711914,0.0098829269409179,0.0013675689697265,-0.0032424926757812,0.0107421875,-0.0258989334106445,-0.0328512191772461,-0.0224609375,-0.0010547637939453,-0.042851448059082,-0.102617263793945,-0.0228519439697266
1255,0.0044918060302734,,,0.0244922637939453,0.0217580795288086,-0.0445699691772461,0.0207424163818359,0.0145702362060547,0.0237112045288086,0.0114450454711914,0.0098829269409179,0.0013675689697265,-0.0032424926757812,0.0107421875,-0.0259761810302734,-0.0328512191772461,-0.0224609375,-0.0010547637939453,-0.042851448059082,-0.1025390625,-0.0228519439697266
1260,0.0044918060302734,,,0.0244922637939453,0.0217580795288086,-0.0445699691772461,0.0207424163818359,0.0145702362060547,0.0236330032348633,0.0114450454711914,0.0098829269409179,0.0013675689697265,-0.0032424926757812,0.0107421875,-0.0258989334106445,-0.0328512191772461,-0.0224609375,-0.0010547637939453,-0.042851448059082,-0.102617263793945,-0.0228519439697266
1265,0.0044918060302734,,,0.0244922637939453,0.0217580795288086,-0.0445699691772461,0.0207424163818359,0.0145702362060547,0.0237112045288086,0.0114450454711914,0.0098829269409179,0.0013675689697265,-0.0032424926757812,0.0107421875,-0.0258989334106445,-0.0328512191772461,-0.0224609375,-0.0010547637939453,-0.042851448059082,-0.1025390625,-0.0228519439697266
1270,0.0044918060302734,,,0.0244922637939453,0.0217580795288086,-0.0445699691772461,0.0207424163818359,0.0145702362060547,0.0237112045288086,0.0114450454711914,0.0098829269409179,0.0013675689697265,-0.0032424926757812,0.0107421875,-0.0259761810302734,-0.0328512191772461,-0.0224609375,-0.0010547637939453,-0.042851448059082,-0.1025390625,-0.0228519439697266
1275,0.0044918060302734,,,0.0244922637939453,0.0217580795288086,-0.0445699691772461,0.0207424163818359,0.0145702362060547,0.0236330032348633,0.0114450454711914,0.0098829269409179,0.0012893676757812,-0.0032424926757812,0.0107421875,-0.0259761810302734,-0.0328512191772461,-0.0224609375,-0.0010547637939453,-0.042851448059082,-0.1025390625,-0.0228519439697266
1280,0.0044918060302734,,,0.0244922637939453,0.0217580795288086,-0.0445699691772461,0.0207424163818359,0.0145702362060547,0.0236330032348633,0.0114450454711914,0.0098829269409179,0.0012893676757812,-0.0032424926757812,0.0107421875,-0.0258989334106445,-0.0328512191772461,-0.0224609375,-0.0010547637939453,-0.042851448059082,-0.1025390625,-0.0228519439697266
1285,0.0044918060302734,,,0.0244922637939453,0.0217580795288086,-0.0445699691772461,0.0207424163818359,0.0145702362060547,0.0237112045288086,0.0114450454711914,0.0098829269409179,0.0013675689697265,-0.0032424926757812,0.0107421875,-0.0258989334106445,-0.0328512191772461,-0.0224609375,-0.0010547637939453,-0.042851448059082,-0.1025390625,-0.0228519439697266
1290,0.0044918060302734,,,0.0244922637939453,0.0217580795288086,-0.0445699691772461,0.0206642150878906,0.0145702362060547,0.0237112045288086,0.0114450454711914,0.0098829269409179,0.0013675689697265,-0.0032424926757812,0.0107421875,-0.0258989334106445,-0.0328512191772461,-0.0224609375,-0.0010547637939453,-0.042851448059082,-0.1025390625,-0.0228519439697266
1295,0.0044918060302734,,,0.0244922637939453,0.0217580795288086,-0.0445699691772461,0.0207424163818359,0.0145702362060547,0.0237112045288086,0.0114450454711914,0.0098829269409179,0.0013675689697265,-0.0032424926757812,0.0107421875,-0.0258989334106445,-0.0328512191772461,-0.0224609375,-0.0010547637939453,-0.042851448059082,-0.1025390625,-0.0228519439697266
1300,0.0044918060302734,,,0.0244922637939453,0.0217580795288086,-0.0445699691772461,0.0206642150878906,0.0145702362060547,0.0236330032348633,0.0114450454711914,0.0098829269409179,0.0013675689697265,-0.0032424926757812,0.0107421875,-0.0258989334106445,-0.0328512191772461,-0.0224609375,-0.0009765625,-0.042851448059082,-0.1025390625,-0.0228519439697266
1305,0.0044918060302734,,,0.0244922637939453,0.0217580795288086,-0.0445699691772461,0.0206642150878906,0.0145702362060547,0.0236330032348633,0.0114450454711914,0.0098829269409179,0.0013675689697265,-0.0032424926757812,0.0107421875,-0.0258989334106445,-0.0328512191772461,-0.0224609375,-0.0009765625,-0.042851448059082,-0.1025390625,-0.0228519439697266
1310,0.0044918060302734,,,0.0244922637939453,0.0217580795288086,-0.0445699691772461,0.0206642150878906,0.0145702362060547,0.0237112045288086,0.0114450454711914,0.0098829269409179,0.0013675689697265,-0.0032424926757812,0.0107421875,-0.0259761810302734,-0.0328512191772461,-0.0224609375,-0.0009765625,-0.042851448059082,-0.1025390625,-0.0228519439697266
1315,0.0044918060302734,,,0.0244922637939453,0.0217580795288086,-0.0445699691772461,0.0206642150878906,0.0145702362060547,0.0237112045288086,0.0114450454711914,0.0098829269409179,0.0013675689697265,-0.0032424926757812,0.0107421875,-0.0259761810302734,-0.0328512191772461,-0.0224609375,-0.0009765625,-0.042851448059082,-0.1025390625,-0.0228519439697266
1320,0.0044918060302734,,,0.0244922637939453,0.0217580795288086,-0.0445699691772461,0.0206642150878906,0.0145702362060547,0.0237112045288086,0.0114450454711914,0.0098829269409179,0.0013675689697265,-0.0032424926757812,0.0107421875,-0.0259761810302734,-0.0328512191772461,-0.0224609375,-0.0009765625,-0.042851448059082,-0.1025390625,-0.0228519439697266
1325,0.0044918060302734,,,0.0244922637939453,0.0217580795288086,-0.0445699691772461,0.0206642150878906,0.0145702362060547,0.0236330032348633,0.0115232467651367,0.0098829269409179,0.0013675689697265,-0.0032424926757812,0.0107421875,-0.0258989334106445,-0.0328512191772461,-0.0224609375,-0.0009765625,-0.042851448059082,-0.1025390625,-0.0228519439697266
1330,0.0044918060302734,,,0.0244922637939453,0.0217580795288086,-0.0445699691772461,0.0206642150878906,0.0145702362060547,0.0237112045288086,0.0114450454711914,0.0098829269409179,0.0013675689697265,-0.0032424926757812,0.0107421875,-0.0258989334106445,-0.0328512191772461,-0.0224609375,-0.0009765625,-0.042851448059082,-0.1025390625,-0.0228519439697266
1335,0.0044918060302734,,,0.0244922637939453,0.0217580795288086,-0.0445699691772461,0.0206642150878906,0.0145702362060547,0.0237112045288086,0.0114450454711914,0.0098829269409179,0.0013675689697265,-0.0032424926757812,0.0107421875,-0.0258989334106445,-0.0328512191772461,-0.0224609375,-0.0009765625,-0.0427732467651367,-0.1025390625,-0.0228519439697266
1340,0.0044918060302734,,,0.0244922637939453,0.0217580795288086,-0.0444927215576172,0.0206642150878906,0.0145702362060547,0.0236330032348633,0.0114450454711914,0.0098829269409179,0.0013675689697265,-0.0032424926757812,0.0107421875,-0.0258989334106445,-0.0328512191772461,-0.0224609375,-0.0009765625,-0.0427732467651367,-0.1025390625,-0.0228519439697266
1345,0.0044918060302734,,,0.0244922637939453,0.0216798782348633,-0.0445699691772461,0.0206642150878906,0.0145702362060547,0.0236330032348633,0.0114450454711914,0.0098829269409179,0.0013675689697265,-0.0032424926757812,0.0107421875,-0.0258989334106445,-0.0328512191772461,-0.0224609375,-0.0009765625,-0.0427732467651367,-0.1025390625,-0.0228519439697266
1350,0.0044918060302734,,,0.0244922637939453,0.0217580795288086,-0.0444927215576172,0.0206642150878906,0.0145702362060547,0.0236330032348633,0.0114450454711914,0.0098829269409179,0.0013675689697265,-0.0032424926757812,0.0107421875,-0.0258989334106445,-0.0328512191772461,-0.0224609375,-0.0009765625,-0.0427732467651367,-0.1025390625,-0.0228519439697266
1355,0.0044918060302734,,,0.0244922637939453,0.0216798782348633,-0.0444927215576172,0.0206642150878906,0.0145702362060547,0.0236330032348633,0.0114450454711914,0.0098829269409179,0.0013675689697265,-0.0032424926757812,0.0107421875,-0.0258989334106445,-0.0328512191772461,-0.0224609375,-0.0009765625,-0.0427732467651367,-0.1025390625,-0.0228519439697266
1360,0.0044918060302734,,,0.0244922637939453,0.0217580795288086,-0.0444927215576172,0.0206642150878906,0.0145702362060547,0.0236330032348633,0.0115232467651367,0.0098829269409179,0.0013675689697265,-0.0032424926757812,0.0107421875,-0.0258989334106445,-0.0328512191772461,-0.0224609375,-0.0009765625,-0.0427732467651367,-0.1025390625,-0.0228519439697266
1365,0.0044918060302734,,,0.0244922637939453,0.0217580795288086,-0.0444927215576172,0.0206642150878906,0.0145702362060547,0.0236330032348633,0.0115232467651367,0.0098829269409179,0.0013675689697265,-0.0032424926757812,0.0107421875,-0.0258989334106445,-0.0328512191772461,-0.0224609375,-0.0009765625,-0.0427732467651367,-0.1025390625,-0.0228519439697266
1370,0.0044918060302734,,,0.0244922637939453,0.0216798782348633,-0.0444927215576172,0.0206642150878906,0.0145702362060547,0.0236330032348633,0.0114450454711914,0.0098829269409179,0.0013675689697265,-0.0032424926757812,0.0107421875,-0.0258989334106445,-0.0328512191772461,-0.0224609375,-0.0009765625,-0.0427732467651367,-0.1025390625,-0.0228519439697266
1375,0.0044918060302734,,,0.0244922637939453,0.0216798782348633,-0.0444927215576172,0.0206642150878906,0.0145702362060547,0.0236330032348633,0.0114450454711914,0.0098829269409179,0.0013675689697265,-0.0032424926757812,0.0107421875,-0.0258989334106445,-0.0328512191772461,-0.0224609375,-0.0009765625,-0.0427732467651367,-0.1025390625,-0.0228519439697266
1380,0.0044918060302734,,,0.0244922637939453,0.0216798782348633,-0.0444927215576172,0.0206642150878906,0.0145702362060547,0.0236330032348633,0.0114450454711914,0.0098829269409179,0.0013675689697265,-0.0032424926757812,0.0107421875,-0.0258989334106445,-0.0328512191772461,-0.0224609375,-0.0009765625,-0.0427732467651367,-0.1025390625,-0.0228519439697266
1385,0.0044918060302734,,,0.0244922637939453,0.0216798782348633,-0.0444927215576172,0.0206642150878906,0.0145702362060547,0.0236330032348633,0.0114450454711914,0.0098829269409179,0.0012893676757812,-0.0032424926757812,0.0107421875,-0.0258989334106445,-0.0328512191772461,-0.0224609375,-0.0009765625,-0.0427732467651367,-0.1025390625,-0.0228519439697266
1390,0.0044918060302734,,,0.0244922637939453,0.0216798782348633,-0.0444927215576172,0.0206642150878906,0.0145702362060547,0.0236330032348633,0.0114450454711914,0.0098829269409179,0.0012893676757812,-0.0032424926757812,0.0107421875,-0.0259761810302734,-0.0328512191772461,-0.0224609375,-0.0009765625,-0.0427732467651367,-0.1025390625,-0.0228519439697266
1395,0.0044918060302734,,,0.0244922637939453,0.0216798782348633,-0.0444927215576172,0.0206642150878906,0.0145702362060547,0.0236330032348633,0.0114450454711914,0.0098829269409179,0.0013675689697265,-0.0032424926757812,0.0107421875,-0.0258989334106445,-0.0328512191772461,-0.0224609375,-0.0009765625,-0.0427732467651367,-0.1025390625,-0.0228519439697266
1400,0.0044918060302734,,,0.0244922637939453,0.0216798782348633,-0.0444927215576172,0.0205860137939453,0.0145702362060547,0.0236330032348633,0.0114450454711914,0.0098829269409179,0.0013675689697265,-0.0032424926757812,0.0107421875,-0.0258989334106445,-0.0328512191772461,-0.0224609375,-0.0009765625,-0.0427732467651367,-0.1025390625,-0.0228519439697266
1405,0.0044918060302734,,,0.0244922637939453,0.0216798782348633,-0.0444927215576172,0.0205860137939453,0.0145702362060547,0.0236330032348633,0.0114450454711914,0.0098829269409179,0.0013675689697265,-0.0032424926757812,0.0107421875,-0.0258989334106445,-0.0328512191772461,-0.0224609375,-0.0009765625,-0.0427732467651367,-0.1025390625,-0.0228519439697266
1410,0.0044918060302734,,,0.0244922637939453,0.0216798782348633,-0.0444927215576172,0.0205860137939453,0.0145702362060547,0.0236330032348633,0.0114450454711914,0.0098829269409179,0.0013675689697265,-0.0032424926757812,0.0107421875,-0.0258989334106445,-0.0328512191772461,-0.0224609375,-0.0009765625,-0.0427732467651367,-0.1025390625,-0.0228519439697266
1415,0.0044918060302734,,,0.0244922637939453,0.0216798782348633,-0.0444927215576172,0.0205860137939453,0.0145702362060547,0.0236330032348633,0.0114450454711914,0.0098829269409179,0.0013675689697265,-0.0032424926757812,0.0107421875,-0.0258989334106445,-0.0328512191772461,-0.0224609375,-0.0009765625,-0.0427732467651367,-0.1025390625,-0.0228519439697266
1420,0.0044918060302734,,,0.0244922637939453,0.0216798782348633,-0.0444927215576172,0.0205860137939453,0.0145702362060547,0.0236330032348633,0.0115232467651367,0.0098829269409179,0.0013675689697265,-0.0032424926757812,0.0107421875,-0.0258989334106445,-0.0328512191772461,-0.0224609375,-0.0009765625,-0.0427732467651367,-0.1025390625,-0.0228519439697266
1425,0.0044918060302734,,,0.0244922637939453,0.0216798782348633,-0.0444927215576172,0.0205860137939453,0.0145702362060547,0.0236330032348633,0.0114450454711914,0.0098829269409179,0.0013675689697265,-0.0032424926757812,0.0107421875,-0.0258989334106445,-0.0328512191772461,-0.0224609375,-0.0009765625,-0.0427732467651367,-0.1025390625,-0.0228519439697266
1430,0.0044918060302734,,,0.0244922637939453,0.0216798782348633,-0.0444927215576172,0.0205860137939453,0.0145702362060547,0.0236330032348633,0.0114450454711914,0.0098829269409179,0.0013675689697265,-0.0032424926757812,0.0107421875,-0.0258989334106445,-0.0328512191772461,-0.0224609375,-0.0009765625,-0.0427732467651367,-0.1025390625,-0.0228519439697266
1435,0.0044918060302734,,,0.0244922637939453,0.0216798782348633,-0.0444927215576172,0.0205860137939453,0.0145702362060547,0.0236330032348633,0.0114450454711914,0.0098829269409179,0.0012893676757812,-0.0032424926757812,0.0107421875,-0.0258989334106445,-0.0328512191772461,-0.0224609375,-0.0009765625,-0.0427732467651367,-0.1025390625,-0.0228519439697266
1440,0.0044918060302734,,,0.0244922637939453,0.0216798782348633,-0.0444927215576172,0.0205860137939453,0.0145702362060547,0.0236330032348633,0.0114450454711914,0.0098829269409179,0.0013675689697265,-0.0032424926757812,0.0107421875,-0.0258989334106445,-0.0328512191772461,-0.0224609375,-0.0009765625,-0.0427732467651367,-0.1025390625,-0.0228519439697266
1445,0.0044918060302734,,,0.0244140625,0.0216798782348633,-0.0444927215576172,0.0205860137939453,0.0145702362060547,0.0236330032348633,0.0114450454711914,0.0098829269409179,0.0013675689697265,-0.0032424926757812,0.0107421875,-0.0258989334106445,-0.0328512191772461,-0.0224609375,-0.0009765625,-0.0427732467651367,-0.1025390625,-0.0228519439697266
1450,0.0044918060302734,,,0.0244922637939453,0.0216798782348633,-0.0444927215576172,0.0205860137939453,0.0145702362060547,0.0236330032348633,0.0114450454711914,0.0098829269409179,0.0013675689697265,-0.0032424926757812,0.0107421875,-0.0258989334106445,-0.0328512191772461,-0.0223827362060547,-0.0009765625,-0.0427732467651367,-0.1025390625,-0.0228519439697266
1455,0.0044918060302734,,,0.0244140625,0.0216798782348633,-0.0444145202636719,0.0205860137939453,0.0145702362060547,0.0236330032348633,0.0114450454711914,0.0098829269409179,0.0013675689697265,-0.0032424926757812,0.0107421875,-0.0258989334106445,-0.0328512191772461,-0.0224609375,-0.0009765625,-0.0427732467651367,-0.1025390625,-0.0228519439697266
1460,0.0044918060302734,,,0.0244140625,0.0216798782348633,-0.0444145202636719,0.0205860137939453,0.0145702362060547,0.0236330032348633,0.0114450454711914,0.0098829269409179,0.0012893676757812,-0.0032424926757812,0.0107421875,-0.0258989334106445,-0.0328512191772461,-0.0223827362060547,-0.0009765625,-0.0427732467651367,-0.1025390625,-0.0228519439697266
1465,0.0044918060302734,,,0.0244140625,0.0216798782348633,-0.0444145202636719,0.0205860137939453,0.0145702362060547,0.0236330032348633,0.0114450454711914,0.0098829269409179,0.0013675689697265,-0.0032424926757812,0.0107421875,-0.0258989334106445,-0.0328512191772461,-0.0223827362060547,-0.0009765625,-0.0427732467651367,-0.1025390625,-0.0228519439697266
1470,0.0044918060302734,,,0.0244140625,0.0216798782348633,-0.0444145202636719,0.0205860137939453,0.0145702362060547,0.0236330032348633,0.0115232467651367,0.0099611282348632,0.0013675689697265,-0.0032424926757812,0.0107421875,-0.0258989334106445,-0.0328512191772461,-0.0223827362060547,-0.0009765625,-0.0427732467651367,-0.1025390625,-0.0228519439697266
1475,0.0044918060302734,,,0.0244140625,0.0216798782348633,-0.0444145202636719,0.0205860137939453,0.0144920349121094,0.0236330032348633,0.0114450454711914,0.0098829269409179,0.0013675689697265,-0.0032424926757812,0.0107421875,-0.0258989334106445,-0.0328512191772461,-0.0223827362060547,-0.0009765625,-0.0427732467651367,-0.1025390625,-0.0228519439697266
1480,0.0044918060302734,,,0.0244140625,0.0216798782348633,-0.0444145202636719,0.0205860137939453,0.0144920349121094,0.0236330032348633,0.0115232467651367,0.0099611282348632,0.0013675689697265,-0.0032424926757812,0.0107421875,-0.0258989334106445,-0.0328512191772461,-0.0223827362060547,-0.0009765625,-0.0427732467651367,-0.1025390625,-0.0228519439697266
1485,0.0044918060302734,,,0.0244140625,0.0216798782348633,-0.0444145202636719,0.0205860137939453,0.0144920349121094,0.0236330032348633,0.0114450454711914,0.0098829269409179,0.0013675689697265,-0.0032424926757812,0.0107421875,-0.0258989334106445,-0.0328512191772461,-0.0223827362060547,-0.0009765625,-0.0427732467651367,-0.1025390625,-0.0228519439697266
1490,0.0044918060302734,,,0.0244140625,0.0216798782348633,-0.0444145202636719,0.0205860137939453,0.0144920349121094,0.0236330032348633,0.0115232467651367,0.0098829269409179,0.0013675689697265,-0.0032424926757812,0.0107421875,-0.0258989334106445,-0.0328512191772461,-0.0223827362060547,-0.0009765625,-0.0427732467651367,-0.1025390625,-0.0228519439697266
1495,0.0044918060302734,,,0.0244140625,0.0216798782348633,-0.0444145202636719,0.0205860137939453,0.0144920349121094,0.0236330032348633,0.0114450454711914,0.0098829269409179,0.0013675689697265,-0.0032424926757812,0.0107421875,-0.0258989334106445,-0.0328512191772461,-0.0223827362060547,-0.0009765625,-0.0427732467651367,-0.1025390625,-0.0228519439697266
1500,0.0044918060302734,,,0.0244140625,0.0216798782348633,-0.0444145202636719,0.0205860137939453,0.0144920349121094,0.0236330032348633,0.0114450454711914,0.0098829269409179,0.0012893676757812,-0.0032424926757812,0.0107421875,-0.0258989334106445,-0.0328512191772461,-0.0224609375,-0.0009765625,-0.0427732467651367,-0.1025390625,-0.0228519439697266
1505,0.0044918060302734,,,0.0244140625,0.0216798782348633,-0.0444145202636719,0.0205860137939453,0.0144920349121094,0.0236330032348633,0.0114450454711914,0.0098829269409179,0.0013675689697265,-0.0032424926757812,0.0107421875,-0.0258989334106445,-0.0328512191772461,-0.0223827362060547,-0.0009765625,-0.0427732467651367,-0.1025390625,-0.0228519439697266
1510,0.0044918060302734,,,0.0244140625,0.0216798782348633,-0.0444145202636719,0.0205078125,0.0144920349121094,0.0236330032348633,0.0114450454711914,0.0098829269409179,0.0013675689697265,-0.0032424926757812,0.0107421875,-0.0258989334106445,-0.0328512191772461,-0.0223827362060547,-0.0009765625,-0.0427732467651367,-0.1025390625,-0.0228519439697266
1515,0.0044918060302734,,,0.0244140625,0.0216798782348633,-0.0444145202636719,0.0205078125,0.0144920349121094,0.0236330032348633,0.0114450454711914,0.0098829269409179,0.0013675689697265,-0.0032424926757812,0.0107421875,-0.0258989334106445,-0.0328512191772461,-0.0223827362060547,-0.0009765625,-0.0427732467651367,-0.1025390625,-0.0228519439697266
1520,0.0044918060302734,,,0.0244140625,0.0216798782348633,-0.0444145202636719,0.0205078125,0.0144920349121094,0.0236330032348633,0.0114450454711914,0.0099611282348632,0.0013675689697265,-0.0032424926757812,0.0107421875,-0.0258989334106445,-0.0328512191772461,-0.0223827362060547,-0.0009765625,-0.0427732467651367,-0.102460861206055,-0.0228519439697266
1525,0.0044918060302734,,,0.0244140625,0.0216798782348633,-0.0444145202636719,0.0205078125,0.0144920349121094,0.0236330032348633,0.0115232467651367,0.0099611282348632,0.0013675689697265,-0.0032424926757812,0.0107421875,-0.0258989334106445,-0.0328512191772461,-0.0223827362060547,-0.0009765625,-0.0427732467651367,-0.1025390625,-0.0228519439697266
1530,0.0044918060302734,,,0.0244140625,0.0216798782348633,-0.0444145202636719,0.0205078125,0.0144920349121094,0.0236330032348633,0.0114450454711914,0.0098829269409179,0.0013675689697265,-0.0032424926757812,0.0107421875,-0.0258989334106445,-0.0328512191772461,-0.0223827362060547,-0.0009765625,-0.0427732467651367,-0.1025390625,-0.0229301452636719
1535,0.0044918060302734,,,0.0244140625,0.0216798782348633,-0.0444145202636719,0.0205078125,0.0144920349121094,0.0236330032348633,0.0114450454711914,0.0098829269409179,0.0013675689697265,-0.0032424926757812,0.0107421875,-0.0258989334106445,-0.0328512191772461,-0.0223827362060547,-0.0009765625,-0.0427732467651367,-0.102460861206055,-0.0228519439697266
1540,0.0044918060302734,,,0.0244140625,0.0216798782348633,-0.0444145202636719,0.0205078125,0.0144920349121094,0.0236330032348633,0.0114450454711914,0.0099611282348632,0.0013675689697265,-0.0032424926757812,0.0107421875,-0.0258989334106445,-0.0328512191772461,-0.0223827362060547,-0.0009765625,-0.0427732467651367,-0.102460861206055,-0.0229301452636719
1545,0.0044918060302734,,,0.0244140625,0.0216798782348633,-0.0444145202636719,0.0205078125,0.0144920349121094,0.0236330032348633,0.0115232467651367,0.0099611282348632,0.0013675689697265,-0.0032424926757812,0.0107421875,-0.0258989334106445,-0.0328512191772461,-0.0223827362060547,-0.0009765625,-0.0427732467651367,-0.102460861206055,-0.0228519439697266
1550,0.0044918060302734,,,0.0244140625,0.0216798782348633,-0.0444145202636719,0.0205078125,0.0144920349121094,0.0236330032348633,0.0114450454711914,0.0099611282348632,0.0013675689697265,-0.0032424926757812,0.0107421875,-0.0258989334106445,-0.0328512191772461,-0.0223827362060547,-0.0009765625,-0.0427732467651367,-0.1025390625,-0.0228519439697266
1555,0.0044918060302734,,,0.0244140625,0.0216798782348633,-0.0444145202636719,0.0205078125,0.0144920349121094,0.0236330032348633,0.0114450454711914,0.0099611282348632,0.0013675689697265,-0.0032424926757812,0.0107421875,-0.0258989334106445,-0.0328512191772461,-0.0223827362060547,-0.0009765625,-0.0427732467651367,-0.102460861206055,-0.0228519439697266
1560,0.0044918060302734,,,0.0244140625,0.0216798782348633,-0.0443363189697266,0.0205078125,0.0144920349121094,0.0236330032348633,0.0114450454711914,0.0099611282348632,0.0013675689697265,-0.0032424926757812,0.0107421875,-0.0258989334106445,-0.0328512191772461,-0.0223827362060547,-0.0009765625,-0.0427732467651367,-0.102460861206055,-0.0229301452636719
1565,0.0044918060302734,,,0.0244140625,0.0216798782348633,-0.0444145202636719,0.0205078125,0.0144920349121094,0.0236330032348633,0.0115232467651367,0.0099611282348632,0.0013675689697265,-0.0032424926757812,0.0107421875,-0.0258989334106445,-0.0328512191772461,-0.0223827362060547,-0.0009765625,-0.0427732467651367,-0.102460861206055,-0.0228519439697266
1570,0.0044918060302734,,,0.0244140625,0.0216798782348633,-0.0443363189697266,0.0205078125,0.0144920349121094,0.0236330032348633,0.0115232467651367,0.0099611282348632,0.0013675689697265,-0.0032424926757812,0.0107421875,-0.0258989334106445,-0.0328512191772461,-0.0223827362060547,-0.0009765625,-0.0427732467651367,-0.102460861206055,-0.0228519439697266
1575,0.0044918060302734,,,0.0244140625,0.0216798782348633,-0.0443363189697266,0.0205078125,0.0144920349121094,0.0236330032348633,0.0115232467651367,0.0099611282348632,0.0013675689697265,-0.0032424926757812,0.0107421875,-0.0258989334106445,-0.0328512191772461,-0.0223827362060547,-0.0009765625,-0.0426950454711914,-0.102460861206055,-0.0228519439697266
1580,0.0045700073242187,,,0.0244140625,0.0216798782348633,-0.0443363189697266,0.0205078125,0.0144920349121094,0.0236330032348633,0.0115232467651367,0.0099611282348632,0.0013675689697265,-0.0032424926757812,0.0107421875,-0.0258989334106445,-0.0328512191772461,-0.0223827362060547,-0.0009765625,-0.0427732467651367,-0.102460861206055,-0.0229301452636719
1585,0.0044918060302734,,,0.0244140625,0.0216798782348633,-0.0443363189697266,0.0205078125,0.0144920349121094,0.0236330032348633,0.0115232467651367,0.0099611282348632,0.0013675689697265,-0.0032424926757812,0.0107421875,-0.0258989334106445,-0.0328512191772461,-0.0223827362060547,-0.0009765625,-0.0427732467651367,-0.102460861206055,-0.0229301452636719
1590,0.0044918060302734,,,0.0244140625,0.0216798782348633,-0.0443363189697266,0.0205078125,0.0144920349121094,0.0236330032348633,0.0115232467651367,0.0099611282348632,0.0013675689697265,-0.0032424926757812,0.0107421875,-0.0258989334106445,-0.0328512191772461,-0.0223827362060547,-0.0009765625,-0.0426950454711914,-0.102460861206055,-0.0229301452636719
1595,0.0044918060302734,,,0.0244140625,0.0216798782348633,-0.0443363189697266,0.0205078125,0.0144920349121094,0.0236330032348633,0.0115232467651367,0.0099611282348632,0.0013675689697265,-0.0032424926757812,0.0107421875,-0.0258989334106445,-0.0328512191772461,-0.0223827362060547,-0.0009765625,-0.0426950454711914,-0.102460861206055,-0.0229301452636719
1600,0.0044918060302734,,,0.0244140625,0.0216798782348633,-0.0443363189697266,0.0205078125,0.0144920349121094,0.0236330032348633,0.0114450454711914,0.0099611282348632,0.0013675689697265,-0.0032424926757812,0.0107421875,-0.0258989334106445,-0.0328512191772461,-0.0223827362060547,-0.0009765625,-0.0427732467651367,-0.102460861206055,-0.0229301452636719
1605,0.0044918060302734,,,0.0244140625,0.0216798782348633,-0.0443363189697266,0.0205078125,0.0144920349121094,0.0236330032348633,0.0115232467651367,0.0099611282348632,0.0013675689697265,-0.0032424926757812,0.0107421875,-0.0258989334106445,-0.0328512191772461,-0.0223827362060547,-0.0009765625,-0.0426950454711914,-0.102460861206055,-0.0229301452636719
1610,0.0044918060302734,,,0.0244140625,0.0216798782348633,-0.0443363189697266,0.0205078125,0.0144920349121094,0.0236330032348633,0.0115232467651367,0.0099611282348632,0.0013675689697265,-0.0032424926757812,0.0107421875,-0.0258989334106445,-0.0328512191772461,-0.0223827362060547,-0.0009765625,-0.0426950454711914,-0.102460861206055,-0.0229301452636719
1615,0.0044918060302734,,,0.0244140625,0.0216798782348633,-0.0443363189697266,0.0205078125,0.0144920349121094,0.023554801940918,0.0114450454711914,0.0099611282348632,0.0013675689697265,-0.0032424926757812,0.0107421875,-0.0258989334106445,-0.0328512191772461,-0.0223827362060547,-0.0009765625,-0.0426950454711914,-0.102460861206055,-0.0229301452636719
1620,0.0044918060302734,,,0.0244140625,0.0216798782348633,-0.0443363189697266,0.0205078125,0.0144920349121094,0.0236330032348633,0.0115232467651367,0.0099611282348632,0.0013675689697265,-0.0032424926757812,0.0107421875,-0.0258989334106445,-0.0328512191772461,-0.0223827362060547,-0.0009765625,-0.0426950454711914,-0.102460861206055,-0.0229301452636719
1625,0.0044918060302734,,,0.0244140625,0.0216798782348633,-0.0443363189697266,0.0205078125,0.0144920349121094,0.0236330032348633,0.0115232467651367,0.0099611282348632,0.0013675689697265,-0.0032424926757812,0.0107421875,-0.0258989334106445,-0.0328512191772461,-0.0223827362060547,-0.0009765625,-0.0426950454711914,-0.102460861206055,-0.0229301452636719
1630,0.0044918060302734,,,0.0244140625,0.0216798782348633,-0.0443363189697266,0.0204296112060547,0.0144920349121094,0.023554801940918,0.0115232467651367,0.0099611282348632,0.0013675689697265,-0.0032424926757812,0.0107421875,-0.0258989334106445,-0.0328512191772461,-0.0223827362060547,-0.0009765625,-0.0426950454711914,-0.102460861206055,-0.0229301452636719
1635,0.0044918060302734,,,0.0244140625,0.0216798782348633,-0.0443363189697266,0.0204296112060547,0.0144920349121094,0.023554801940918,0.0114450454711914,0.0099611282348632,0.0012893676757812,-0.0032424926757812,0.0107421875,-0.0258989334106445,-0.0328512191772461,-0.0223827362060547,-0.0009765625,-0.0426950454711914,-0.102460861206055,-0.0229301452636719
1640,0.0044918060302734,,,0.0244140625,0.0216798782348633,-0.0443363189697266,0.0204296112060547,0.0144920349121094,0.023554801940918,0.0114450454711914,0.0099611282348632,0.0013675689697265,-0.0032424926757812,0.0107421875,-0.0258989334106445,-0.0328512191772461,-0.0223827362060547,-0.0009765625,-0.0426950454711914,-0.102460861206055,-0.0229301452636719
1645,0.0044918060302734,,,0.0244140625,0.0216798782348633,-0.0443363189697266,0.0204296112060547,0.0144920349121094,0.023554801940918,0.0115232467651367,0.0099611282348632,0.0013675689697265,-0.0032424926757812,0.0107421875,-0.0258989334106445,-0.0328512191772461,-0.0223827362060547,-0.0008983612060546,-0.0426950454711914,-0.102460861206055,-0.0229301452636719
1650,0.0045700073242187,,,0.0244140625,0.0216798782348633,-0.0443363189697266,0.0204296112060547,0.0144920349121094,0.023554801940918,0.0115232467651367,0.0099611282348632,0.0013675689697265,-0.0032424926757812,0.0107421875,-0.0258989334106445,-0.0328512191772461,-0.0223827362060547,-0.0008983612060546,-0.0426950454711914,-0.102460861206055,-0.0229301452636719
1655,0.0044918060302734,,,0.0244140625,0.0216798782348633,-0.0443363189697266,0.0204296112060547,0.0144920349121094,0.023554801940918,0.0115232467651367,0.0099611282348632,0.0013675689697265,-0.0032424926757812,0.0107421875,-0.0258989334106445,-0.0328512191772461,-0.0223827362060547,-0.0008983612060546,-0.0426950454711914,-0.102460861206055,-0.0229301452636719
1660,0.0044918060302734,,,0.0244140625,0.0216798782348633,-0.0443363189697266,0.0204296112060547,0.0144920349121094,0.023554801940918,0.0115232467651367,0.0099611282348632,0.0013675689697265,-0.0032424926757812,0.0107421875,-0.0258989334106445,-0.0328512191772461,-0.0223827362060547,-0.0008983612060546,-0.0426950454711914,-0.102460861206055,-0.0229301452636719
1665,0.0044918060302734,,,0.0244140625,0.021601676940918,-0.0443363189697266,0.0204296112060547,0.0144920349121094,0.023554801940918,0.0115232467651367,0.0099611282348632,0.0013675689697265,-0.0032424926757812,0.0107421875,-0.0258989334106445,-0.0328512191772461,-0.0223827362060547,-0.0008983612060546,-0.0426950454711914,-0.102460861206055,-0.0229301452636719
1670,0.0044918060302734,,,0.0244140625,0.021601676940918,-0.0443363189697266,0.0204296112060547,0.0144920349121094,0.023554801940918,0.0115232467651367,0.0099611282348632,0.0013675689697265,-0.0032424926757812,0.0107421875,-0.0258989334106445,-0.0328512191772461,-0.0223827362060547,-0.0008983612060546,-0.0426950454711914,-0.102460861206055,-0.0229301452636719
1675,0.0044918060302734,,,0.0244140625,0.021601676940918,-0.0443363189697266,0.0204296112060547,0.0144920349121094,0.023554801940918,0.0115232467651367,0.0099611282348632,0.0013675689697265,-0.0032424926757812,0.0107421875,-0.0258989334106445,-0.0328512191772461,-0.0223827362060547,-0.0008983612060546,-0.0426950454711914,-0.102460861206055,-0.0229301452636719
1680,0.0044918060302734,,,0.0244140625,0.021601676940918,-0.0443363189697266,0.0204296112060547,0.0144920349121094,0.023554801940918,0.0114450454711914,0.0099611282348632,0.0013675689697265,-0.0032424926757812,0.0107421875,-0.0258989334106445,-0.0328512191772461,-0.0223827362060547,-0.0008983612060546,-0.0426950454711914,-0.102460861206055,-0.0229301452636719
1685,0.0044918060302734,,,0.0244140625,0.021601676940918,-0.0443363189697266,0.0204296112060547,0.0144920349121094,0.023554801940918,0.0115232467651367,0.0099611282348632,0.0013675689697265,-0.0032424926757812,0.0107421875,-0.0258989334106445,-0.0328512191772461,-0.0223827362060547,-0.0008983612060546,-0.0426950454711914,-0.102460861206055,-0.0229301452636719
1690,0.0044918060302734,,,0.0244140625,0.021601676940918,-0.0442581176757812,0.0204296112060547,0.0144920349121094,0.023554801940918,0.0115232467651367,0.0099611282348632,0.0013675689697265,-0.0032424926757812,0.0107421875,-0.0258989334106445,-0.0328512191772461,-0.0223827362060547,-0.0008983612060546,-0.0426950454711914,-0.102460861206055,-0.0229301452636719
1695,0.0044918060302734,,,0.0243358612060547,0.021601676940918,-0.0442581176757812,0.0204296112060547,0.0144920349121094,0.023554801940918,0.0115232467651367,0.0099611282348632,0.0013675689697265,-0.0032424926757812,0.0107421875,-0.0258989334106445,-0.0328512191772461,-0.0223827362060547,-0.0008983612060546,-0.0426950454711914,-0.102460861206055,-0.0229301452636719
1700,0.0044918060302734,,,0.0243358612060547,0.021601676940918,-0.0442581176757812,0.0204296112060547,0.0144920349121094,0.023554801940918,0.0115232467651367,0.0099611282348632,0.0013675689697265,-0.0032424926757812,0.0107421875,-0.0258989334106445,-0.0328512191772461,-0.0223827362060547,-0.0008983612060546,-0.0426950454711914,-0.102460861206055,-0.0229301452636719
1705,0.0044918060302734,,,0.0243358612060547,0.021601676940918,-0.0442581176757812,0.0204296112060547,0.0144920349121094,0.023554801940918,0.0115232467651367,0.0099611282348632,0.0013675689697265,-0.0032424926757812,0.0107421875,-0.0258989334106445,-0.0328512191772461,-0.0223827362060547,-0.0008983612060546,-0.0426950454711914,-0.102460861206055,-0.0229301452636719
1710,0.0044918060302734,,,0.0243358612060547,0.021601676940918,-0.0442581176757812,0.0204296112060547,0.0144920349121094,0.023554801940918,0.0114450454711914,0.0099611282348632,0.0013675689697265,-0.0032424926757812,0.0107421875,-0.0258989334106445,-0.0328512191772461,-0.0223827362060547,-0.0008983612060546,-0.0426950454711914,-0.102460861206055,-0.0229301452636719
1715,0.0044918060302734,,,0.0243358612060547,0.021601676940918,-0.0442581176757812,0.0204296112060547,0.0144920349121094,0.023554801940918,0.0115232467651367,0.0099611282348632,0.0013675689697265,-0.0032424926757812,0.0107421875,-0.0258989334106445,-0.0328512191772461,-0.0223827362060547,-0.0008983612060546,-0.0426950454711914,-0.102460861206055,-0.0229301452636719
1720,0.0044918060302734,,,0.0243358612060547,0.021601676940918,-0.0442581176757812,0.0204296112060547,0.0144920349121094,0.023554801940918,0.0114450454711914,0.0099611282348632,0.0013675689697265,-0.0032424926757812,0.0107421875,-0.0258989334106445,-0.0328512191772461,-0.0223827362060547,-0.0008983612060546,-0.0426950454711914,-0.102460861206055,-0.0229301452636719
1725,0.0044918060302734,,,0.0243358612060547,0.021601676940918,-0.0442581176757812,0.0204296112060547,0.0144920349121094,0.023554801940918,0.0115232467651367,0.0099611282348632,0.0013675689697265,-0.0032424926757812,0.0107421875,-0.0258989334106445,-0.0328512191772461,-0.0223827362060547,-0.0008983612060546,-0.0426950454711914,-0.102460861206055,-0.0229301452636719
1730,0.0044918060302734,,,0.0243358612060547,0.021601676940918,-0.0442581176757812,0.0203514099121094,0.0144920349121094,0.023554801940918,0.0115232467651367,0.0099611282348632,0.0013675689697265,-0.0032424926757812,0.0107421875,-0.0258989334106445,-0.0328512191772461,-0.0223827362060547,-0.0008983612060546,-0.0426950454711914,-0.102460861206055,-0.0229301452636719
1735,0.0044918060302734,,,0.0243358612060547,0.021601676940918,-0.0442581176757812,0.0203514099121094,0.0144920349121094,0.023554801940918,0.0114450454711914,0.0099611282348632,0.0013675689697265,-0.0032424926757812,0.0107421875,-0.0258989334106445,-0.0328512191772461,-0.0223827362060547,-0.0008983612060546,-0.0426950454711914,-0.102460861206055,-0.0229301452636719
1740,0.0044918060302734,,,0.0243358612060547,0.021601676940918,-0.0442581176757812,0.0203514099121094,0.0144920349121094,0.023554801940918,0.0115232467651367,0.0099611282348632,0.0013675689697265,-0.0032424926757812,0.0107421875,-0.0258989334106445,-0.0328512191772461,-0.0223827362060547,-0.0008983612060546,-0.0426950454711914,-0.102460861206055,-0.0229301452636719
1745,0.0044918060302734,,,0.0243358612060547,0.021601676940918,-0.0442581176757812,0.0203514099121094,0.0144920349121094,0.023554801940918,0.0114450454711914,0.0099611282348632,0.0013675689697265,-0.0032424926757812,0.0107421875,-0.0258989334106445,-0.0328512191772461,-0.0223827362060547,-0.0008983612060546,-0.0426168441772461,-0.102460861206055,-0.0229301452636719
1750,0.0044918060302734,,,0.0243358612060547,0.021601676940918,-0.0442581176757812,0.0203514099121094,0.0144920349121094,0.023554801940918,0.0115232467651367,0.0099611282348632,0.0013675689697265,-0.0032424926757812,0.0107421875,-0.0258989334106445,-0.0328512191772461,-0.0223827362060547,-0.0008983612060546,-0.0426168441772461,-0.102460861206055,-0.0229301452636719
1755,0.0044918060302734,,,0.0243358612060547,0.021601676940918,-0.0442581176757812,0.0203514099121094,0.0144920349121094,0.023554801940918,0.0115232467651367,0.0099611282348632,0.0013675689697265,-0.0032424926757812,0.0107421875,-0.0258989334106445,-0.0328512191772461,-0.0223827362060547,-0.0008983612060546,-0.0426168441772461,-0.102460861206055,-0.0229301452636719
1760,0.0044918060302734,,,0.0243358612060547,0.021601676940918,-0.0442581176757812,0.0203514099121094,0.0144920349121094,0.023554801940918,0.0115232467651367,0.0099611282348632,0.0013675689697265,-0.0032424926757812,0.0107421875,-0.0258989334106445,-0.0328512191772461,-0.0223827362060547,-0.0008983612060546,-0.0426168441772461,-0.102460861206055,-0.0229301452636719
1765,0.0044918060302734,,,0.0243358612060547,0.021601676940918,-0.0442581176757812,0.0203514099121094,0.0144920349121094,0.023554801940918,0.0115232467651367,0.0099611282348632,0.0013675689697265,-0.0032424926757812,0.0107421875,-0.0258989334106445,-0.0328512191772461,-0.0223827362060547,-0.0008983612060546,-0.0426168441772461,-0.102460861206055,-0.0229301452636719
1770,0.0044918060302734,,,0.0243358612060547,0.021601676940918,-0.0442581176757812,0.0203514099121094,0.0144920349121094,0.023554801940918,0.0115232467651367,0.0099611282348632,0.0013675689697265,-0.0032424926757812,0.0107421875,-0.0258989334106445,-0.0328512191772461,-0.0223827362060547,-0.0008983612060546,-0.0426168441772461,-0.102460861206055,-0.0229301452636719
1775,0.0044918060302734,,,0.0243358612060547,0.021601676940918,-0.0442581176757812,0.0203514099121094,0.0144920349121094,0.023554801940918,0.0115232467651367,0.0099611282348632,0.0013675689697265,-0.0032424926757812,0.0107421875,-0.0258989334106445,-0.0328512191772461,-0.0223827362060547,-0.0008983612060546,-0.0426168441772461,-0.102460861206055,-0.0229301452636719
1780,0.0044918060302734,,,0.0243358612060547,0.021601676940918,-0.0442581176757812,0.0203514099121094,0.0144920349121094,0.023554801940918,0.0115232467651367,0.0099611282348632,0.0013675689697265,-0.0032424926757812,0.0107421875,-0.0258989334106445,-0.0328512191772461,-0.0223827362060547,-0.0008983612060546,-0.0426168441772461,-0.102460861206055,-0.0229301452636719
1785,0.0044918060302734,,,0.0243358612060547,0.021601676940918,-0.0442581176757812,0.0203514099121094,0.0144920349121094,0.023554801940918,0.0114450454711914,0.0099611282348632,0.0013675689697265,-0.0032424926757812,0.0107421875,-0.0258989334106445,-0.0328512191772461,-0.0223827362060547,-0.0008983612060546,-0.0426168441772461,-0.102460861206055,-0.0229301452636719
1790,0.0044918060302734,,,0.0243358612060547,0.021601676940918,-0.0442581176757812,0.0203514099121094,0.0144920349121094,0.023554801940918,0.0115232467651367,0.0099611282348632,0.0013675689697265,-0.0032424926757812,0.0107421875,-0.0258989334106445,-0.0328512191772461,-0.0223827362060547,-0.0008983612060546,-0.0426168441772461,-0.102460861206055,-0.0229301452636719
1795,0.0044918060302734,,,0.0243358612060547,0.021601676940918,-0.0442581176757812,0.0203514099121094,0.0144138336181641,0.023554801940918,0.0115232467651367,0.0099611282348632,0.0013675689697265,-0.0032424926757812,0.0107421875,-0.0258989334106445,-0.0328512191772461,-0.0223827362060547,-0.0008983612060546,-0.0426168441772461,-0.102460861206055,-0.0229301452636719
1800,0.0044918060302734,,,0.0243358612060547,0.021601676940918,-0.0442581176757812,0.0203514099121094,0.0144138336181641,0.023554801940918,0.0115232467651367,0.0099611282348632,0.0013675689697265,-0.0032424926757812,0.0107421875,-0.0258989334106445,-0.0328512191772461,-0.0223827362060547,-0.0008983612060546,-0.0426168441772461,-0.102460861206055,-0.0229301452636719
1805,0.0044918060302734,,,0.0243358612060547,0.021601676940918,-0.0442581176757812,0.0203514099121094,0.0144138336181641,0.023554801940918,0.0115232467651367,0.0099611282348632,0.0013675689697265,-0.0032424926757812,0.0107421875,-0.0258989334106445,-0.0328512191772461,-0.0223827362060547,-0.0008983612060546,-0.0426168441772461,-0.102460861206055,-0.0229301452636719
1810,0.0044918060302734,,,0.0243358612060547,0.021601676940918,-0.0442581176757812,0.0203514099121094,0.0144138336181641,0.023554801940918,0.0114450454711914,0.0099611282348632,0.0013675689697265,-0.0032424926757812,0.0107421875,-0.0258989334106445,-0.0328512191772461,-0.0223827362060547,-0.0008983612060546,-0.0426168441772461,-0.102460861206055,-0.0229301452636719
1815,0.0044918060302734,,,0.0243358612060547,0.021601676940918,-0.0441799163818359,0.0203514099121094,0.0144138336181641,0.023554801940918,0.0115232467651367,0.0099611282348632,0.0013675689697265,-0.0032424926757812,0.0107421875,-0.0258989334106445,-0.0328512191772461,-0.0223827362060547,-0.0008983612060546,-0.0426168441772461,-0.102460861206055,-0.0229301452636719
1820,0.0044918060302734,,,0.0243358612060547,0.021601676940918,-0.0441799163818359,0.0203514099121094,0.0144138336181641,0.023554801940918,0.0115232467651367,0.0099611282348632,0.0013675689697265,-0.0032424926757812,0.0107421875,-0.0258989334106445,-0.0328512191772461,-0.0223827362060547,-0.0008983612060546,-0.0426168441772461,-0.102460861206055,-0.0229301452636719
1825,0.0044918060302734,,,0.0243358612060547,0.021601676940918,-0.0441799163818359,0.0203514099121094,0.0144138336181641,0.023554801940918,0.0115232467651367,0.0099611282348632,0.0013675689697265,-0.0032424926757812,0.0107421875,-0.0258989334106445,-0.0328512191772461,-0.0223827362060547,-0.0008983612060546,-0.0426168441772461,-0.102460861206055,-0.0229301452636719
1830,0.0044918060302734,,,0.0243358612060547,0.021601676940918,-0.0441799163818359,0.0203514099121094,0.0144138336181641,0.023554801940918,0.0115232467651367,0.0100393295288086,0.0013675689697265,-0.0032424926757812,0.0107421875,-0.0258207321166992,-0.0328512191772461,-0.0223827362060547,-0.0008983612060546,-0.0426168441772461,-0.1023836135864259,-0.0229301452636719
1835,0.0044918060302734,,,0.0243358612060547,0.021601676940918,-0.0441799163818359,0.0203514099121094,0.0144138336181641,0.023554801940918,0.0115232467651367,0.0100393295288086,0.0013675689697265,-0.0032424926757812,0.0107421875,-0.0258207321166992,-0.0328512191772461,-0.0223827362060547,-0.0008983612060546,-0.0426168441772461,-0.1023836135864259,-0.0229301452636719
1840,0.0044918060302734,,,0.0243358612060547,0.021601676940918,-0.0441799163818359,0.0202732086181641,0.0144138336181641,0.023554801940918,0.0115232467651367,0.0100393295288086,0.0013675689697265,-0.0032424926757812,0.0107421875,-0.0258989334106445,-0.0328512191772461,-0.0223827362060547,-0.0008983612060546,-0.0426168441772461,-0.1023836135864259,-0.0229301452636719
1845,0.0044918060302734,,,0.0243358612060547,0.021601676940918,-0.0441799163818359,0.0202732086181641,0.0144138336181641,0.023554801940918,0.0115232467651367,0.0100393295288086,0.0013675689697265,-0.0032424926757812,0.0107421875,-0.0258207321166992,-0.0328512191772461,-0.0223827362060547,-0.0008983612060546,-0.0426168441772461,-0.1023836135864259,-0.0229301452636719
1850,0.0044918060302734,,,0.0243358612060547,0.021601676940918,-0.0441799163818359,0.0202732086181641,0.0144138336181641,0.023554801940918,0.0115232467651367,0.0100393295288086,0.0013675689697265,-0.0032424926757812,0.0107421875,-0.0258207321166992,-0.0328512191772461,-0.0223827362060547,-0.0008983612060546,-0.0426168441772461,-0.1023836135864259,-0.0229301452636719
1855,0.0044918060302734,,,0.0243358612060547,0.021601676940918,-0.0441799163818359,0.0202732086181641,0.0144138336181641,0.023554801940918,0.0115232467651367,0.0099611282348632,0.0013675689697265,-0.0032424926757812,0.0107421875,-0.0258207321166992,-0.0328512191772461,-0.0223827362060547,-0.0008983612060546,-0.0426168441772461,-0.1023836135864259,-0.0229301452636719
1860,0.0044918060302734,,,0.0243358612060547,0.021601676940918,-0.0441799163818359,0.0202732086181641,0.0144138336181641,0.023554801940918,0.0115232467651367,0.0100393295288086,0.0013675689697265,-0.0032424926757812,0.0107421875,-0.0258207321166992,-0.0328512191772461,-0.0223827362060547,-0.0008983612060546,-0.0426168441772461,-0.1023836135864259,-0.0229301452636719
1865,0.0044918060302734,,,0.0243358612060547,0.021601676940918,-0.0441799163818359,0.0202732086181641,0.0144138336181641,0.023554801940918,0.0115232467651367,0.0100393295288086,0.0013675689697265,-0.0032424926757812,0.0107421875,-0.0258207321166992,-0.0328512191772461,-0.0223827362060547,-0.0008983612060546,-0.0426168441772461,-0.1023836135864259,-0.0229301452636719
1870,0.0044918060302734,,,0.0243358612060547,0.021601676940918,-0.0441799163818359,0.0202732086181641,0.0144138336181641,0.023554801940918,0.0115232467651367,0.0100393295288086,0.0013675689697265,-0.0032424926757812,0.0107421875,-0.0258207321166992,-0.0328512191772461,-0.0223827362060547,-0.0008983612060546,-0.0426168441772461,-0.1023836135864259,-0.0229301452636719
1875,0.0044918060302734,,,0.0243358612060547,0.021601676940918,-0.0441799163818359,0.0202732086181641,0.0144138336181641,0.023554801940918,0.0115232467651367,0.0100393295288086,0.0013675689697265,-0.0032424926757812,0.0107421875,-0.0258207321166992,-0.0328512191772461,-0.0223827362060547,-0.0008983612060546,-0.0426168441772461,-0.1023836135864259,-0.0230073928833008
1880,0.0044918060302734,,,0.0243358612060547,0.021601676940918,-0.0441799163818359,0.0202732086181641,0.0144138336181641,0.023554801940918,0.0115232467651367,0.0100393295288086,0.0013675689697265,-0.0032424926757812,0.0107421875,-0.0258207321166992,-0.0328512191772461,-0.0223827362060547,-0.0008983612060546,-0.0425395965576172,-0.1023836135864259,-0.0229301452636719
1885,0.0044918060302734,,,0.0243358612060547,0.021601676940918,-0.0441799163818359,0.0202732086181641,0.0144138336181641,0.023554801940918,0.0115232467651367,0.0100393295288086,0.0013675689697265,-0.0032424926757812,0.0107421875,-0.0258207321166992,-0.0328512191772461,-0.0223827362060547,-0.0008983612060546,-0.0425395965576172,-0.1023836135864259,-0.0229301452636719
1890,0.0044918060302734,,,0.0243358612060547,0.021601676940918,-0.0441799163818359,0.0202732086181641,0.0144138336181641,0.023554801940918,0.0115232467651367,0.0100393295288086,0.0013675689697265,-0.0032424926757812,0.0107421875,-0.0258207321166992,-0.0328512191772461,-0.0223827362060547,-0.0008983612060546,-0.0425395965576172,-0.1023836135864259,-0.0230073928833008
1895,0.0044918060302734,,,0.0243358612060547,0.021601676940918,-0.0441799163818359,0.0202732086181641,0.0144138336181641,0.023554801940918,0.0115232467651367,0.0100393295288086,0.0013675689697265,-0.0032424926757812,0.0107421875,-0.0258207321166992,-0.0328512191772461,-0.0223827362060547,-0.0008983612060546,-0.0425395965576172,-0.1023836135864259,-0.0229301452636719
1900,0.0044918060302734,,,0.0243358612060547,0.021601676940918,-0.0441799163818359,0.0202732086181641,0.0144138336181641,0.023554801940918,0.0115232467651367,0.0100393295288086,0.0013675689697265,-0.0032424926757812,0.0107421875,-0.0258207321166992,-0.0328512191772461,-0.0223827362060547,-0.0008983612060546,-0.0425395965576172,-0.1023836135864259,-0.0230073928833008
1905,0.0044918060302734,,,0.0243358612060547,0.021601676940918,-0.0441799163818359,0.0202732086181641,0.0144138336181641,0.023554801940918,0.0115232467651367,0.0100393295288086,0.0013675689697265,-0.0032424926757812,0.0107421875,-0.0258207321166992,-0.0328512191772461,-0.0223827362060547,-0.0008983612060546,-0.0425395965576172,-0.1023836135864259,-0.0229301452636719
1910,0.0044918060302734,,,0.0243358612060547,0.021601676940918,-0.0441799163818359,0.0202732086181641,0.0144138336181641,0.023554801940918,0.0115232467651367,0.0100393295288086,0.0013675689697265,-0.0032424926757812,0.0107421875,-0.0258207321166992,-0.0328512191772461,-0.0223827362060547,-0.0008983612060546,-0.0425395965576172,-0.1023836135864259,-0.0230073928833008
1915,0.0044918060302734,,,0.0243358612060547,0.021601676940918,-0.0441799163818359,0.0202732086181641,0.0144138336181641,0.0234766006469726,0.0115232467651367,0.0100393295288086,0.0013675689697265,-0.0032424926757812,0.0107421875,-0.0258207321166992,-0.0328512191772461,-0.0223827362060547,-0.0008983612060546,-0.0425395965576172,-0.1023836135864259,-0.0230073928833008
1920,-0.0012893676757812,,,0.0187110900878906,0.0084762573242187,-0.0437107086181641,0.0220708847045898,0.0119924545288086,0.0273828506469726,0.0181646347045898,0.0147266387939453,0.0041799545288085,-0.0008201599121093,0.0576171875,-0.0051956176757812,0.0008201599121093,0.0022268295288085,0.0278520584106445,-0.0148830413818359,-0.0737895965576172,-0.0023832321166992
1925,0.0024614334106445,,,0.0212888717651367,0.0112113952636719,-0.0414457321166992,0.0244922637939453,0.0212106704711914,0.0276174545288086,0.0182418823242188,0.0148830413818359,0.0044918060302734,-0.0006637573242187,0.0336332321166992,-0.0051174163818359,0.0008983612060546,0.0027732849121093,0.0281639099121094,-0.0148830413818359,-0.0738677978515625,-0.0017576217651367
1930,0.0048046112060546,,,0.0229301452636719,0.0133199691772461,-0.0397262573242188,0.0257425308227539,0.0251951217651367,0.0278520584106445,0.0183200836181641,0.0149612426757812,0.0047264099121093,-0.0004301071166992,0.0338668823242188,-0.0048828125,0.0010547637939453,0.0032424926757812,0.0283203125,-0.0147266387939453,-0.0737113952636719,-0.0015230178833007
1935,0.0063676834106445,,,0.0241012573242188,0.0148048400878906,-0.0387105941772461,0.0266017913818359,0.027226448059082,0.0280075073242188,0.0184764862060547,0.0151176452636719,0.0049610137939453,-0.0001955032348632,0.0340232849121094,-0.0047264099121093,0.0012111663818359,0.0036325454711914,0.0284767150878906,-0.0148830413818359,-0.0735549926757812,-0.0012893676757812
1940,0.007460594177246,,,0.0251169204711914,0.0158205032348633,-0.0380859375,0.0273046493530273,0.0282421112060547,0.0281639099121094,0.0185546875,0.0151958465576172,0.0051956176757812,-3.91006469726562e-05,0.0341796875,-0.0045700073242187,0.0012893676757812,0.0040235519409179,0.0285549163818359,-0.0151176452636719,-0.0734767913818359,-0.0011329650878906
1945,0.0082426071166992,,,0.0259771347045898,0.0166797637939453,-0.0374612808227539,0.0279302597045898,0.0288677215576172,0.0283985137939453,0.0187110900878906,0.0153512954711914,0.0054302215576171,0.0001173019409179,0.0343360900878906,-0.0044136047363281,0.0013675689697265,0.0043363571166992,0.0287113189697266,-0.0154294967651367,-0.0733203887939453,-0.0010547637939453
1950,0.0088672637939453,,,0.0266799926757812,0.017460823059082,-0.0368356704711914,0.0283985137939453,0.0292577743530273,0.0285549163818359,0.0187892913818359,0.0154294967651367,0.0055856704711914,0.0003519058227539,0.0344142913818359,-0.0043363571166992,0.0014457702636718,0.004648208618164,0.0287895202636719,-0.0155858993530272,-0.0732421875,-0.0008983612060546
1955,0.0093364715576171,,,0.0273046493530273,0.0182418823242188,-0.0363674163818359,0.0288677215576172,0.0295705795288086,0.0286331176757812,0.0188674926757812,0.0155858993530272,0.005742073059082,0.0005083084106445,0.0344924926757812,-0.0041799545288085,0.0015230178833007,0.0048828125,0.0288677215576172,-0.0155858993530272,-0.0730857849121094,-0.0008201599121093
1960,0.009648323059082,,,0.0278520584106445,0.0187892913818359,-0.0358982086181641,0.0292577743530273,0.0298833847045898,0.0287895202636719,0.0189456939697266,0.0156641006469727,0.0059766769409179,0.0006637573242187,0.0345706939697266,-0.0041017532348632,0.0015230178833007,0.0051174163818359,0.0289459228515625,-0.0155858993530272,-0.0730075836181641,-0.000741958618164
1965,0.0098829269409179,,,0.0283203125,0.0193357467651367,-0.0355081558227539,0.0295705795288086,0.0301170349121094,0.0289459228515625,0.0190238952636719,0.015742301940918,0.0060548782348632,0.000741958618164,0.0346488952636719,-0.0040235519409179,0.001601219177246,0.0052738189697265,0.0290231704711914,-0.0155858993530272,-0.0728521347045898,-0.0006637573242187
1970,0.0101175308227539,,,0.0287113189697266,0.0198049545288086,-0.0351171493530273,0.0298833847045898,0.0302734375,0.0290231704711914,0.0191020965576172,0.0158205032348633,0.0062112808227539,0.0008983612060546,0.0347270965576172,-0.0039453506469726,0.001601219177246,0.0054302215576171,0.0291013717651367,-0.015507698059082,-0.0727739334106445,-0.0005855560302734
1975,0.0102739334106445,,,0.0291013717651367,0.0201950073242188,-0.0348043441772461,0.0301170349121094,0.0304298400878906,0.0291013717651367,0.0191793441772461,0.0158987045288086,0.0063676834106445,0.0010547637939453,0.0348052978515625,-0.0039453506469726,0.001601219177246,0.0055856704711914,0.0291013717651367,-0.0154294967651367,-0.0726175308227539,-0.0005855560302734
1980,0.0104293823242188,,,0.029414176940918,0.0205860137939453,-0.0345706939697266,0.0304298400878906,0.0305080413818359,0.0292577743530273,0.0192575454711914,0.0159769058227539,0.0065231323242187,0.0011329650878906,0.0348052978515625,-0.0038671493530273,0.0016794204711914,0.005742073059082,0.029179573059082,-0.0152730941772461,-0.0724611282348633,-0.0005073547363281
1985,0.0105075836181641,,,0.0297269821166992,0.0208988189697266,-0.0342578887939453,0.0306644439697266,0.0306644439697266,0.0293359756469726,0.0193357467651367,0.0160551071166992,0.006601333618164,0.0012893676757812,0.0348825454711914,-0.003788948059082,0.0016794204711914,0.0058984756469726,0.029179573059082,-0.0151948928833008,-0.072382926940918,-0.0004301071166992
1990,0.0106639862060547,,,0.0299606323242188,0.0212888717651367,-0.0341014862060547,0.0308208465576172,0.0307426452636719,0.029414176940918,0.019413948059082,0.0161333084106445,0.0067577362060546,0.0014457702636718,0.0348825454711914,-0.003788948059082,0.0016794204711914,0.0059766769409179,0.0292577743530273,-0.0151176452636719,-0.0723047256469727,-0.0004301071166992
1995,0.0108203887939453,,,0.0301952362060547,0.021601676940918,-0.0338668823242188,0.0309762954711914,0.0307426452636719,0.0294923782348633,0.0194921493530273,0.0162115097045898,0.0068359375,0.0015230178833007,0.0348825454711914,-0.0037107467651367,0.0016794204711914,0.0060548782348632,0.0292577743530273,-0.0149612426757812,-0.072148323059082,-0.0003519058227539
2000,0.0110549926757812,,,0.0303516387939453,0.0219926834106445,-0.0337114334106445,0.031132698059082,0.0308208465576172,0.0295705795288086,0.0194921493530273,0.0162887573242188,0.0069923400878906,0.0016794204711914,0.0349607467651367,-0.0037107467651367,0.0017576217651367,0.0061330795288085,0.0293359756469726,-0.0148830413818359,-0.0720701217651367,-0.0003519058227539
2005,0.0112113952636719,,,0.0305080413818359,0.0223045349121094,-0.0335550308227539,0.0312891006469727,0.0308990478515625,0.0296487808227539,0.0195703506469726,0.0163669586181641,0.0070705413818359,0.0017576217651367,0.0349607467651367,-0.0036325454711914,0.0017576217651367,0.0062112808227539,0.0293359756469726,-0.0147266387939453,-0.0719146728515625,-0.0003519058227539
2010,0.0114450454711914,,,0.0305862426757812,0.0226173400878906,-0.0333986282348633,0.0314455032348633,0.0308990478515625,0.0297269821166992,0.019648551940918,0.0164451599121094,0.0071487426757812,0.0019140243530273,0.0349607467651367,-0.0036325454711914,0.0017576217651367,0.0062894821166992,0.029414176940918,-0.0146484375,-0.0717582702636719,-0.0002737045288085
2015,0.011601448059082,,,0.0307426452636719,0.0229301452636719,-0.0332422256469727,0.0315237045288086,0.0308990478515625,0.0298051834106445,0.019648551940918,0.0164451599121094,0.0072269439697265,0.0019922256469726,0.035038948059082,-0.003554344177246,0.0017576217651367,0.0063676834106445,0.029414176940918,-0.0145702362060547,-0.0716800689697266,-0.0002737045288085
2020,0.011836051940918,,,0.0308990478515625,0.0231637954711914,-0.033085823059082,0.0316019058227539,0.0308990478515625,0.0298051834106445,0.0197267532348633,0.0165233612060547,0.0073051452636718,0.0020704269409179,0.035038948059082,-0.003554344177246,0.0017576217651367,0.0064449310302734,0.029414176940918,-0.0144920349121094,-0.0715236663818359,-0.0002737045288085
2025,0.0120706558227539,,,0.0309762954711914,0.0234766006469726,-0.0330076217651367,0.0316801071166992,0.0308990478515625,0.0298833847045898,0.0197267532348633,0.0166015625,0.0073833465576171,0.0022268295288085,0.035038948059082,-0.003554344177246,0.0017576217651367,0.0065231323242187,0.0294923782348633,-0.0143356323242188,-0.0714454650878906,-0.0001955032348632
2030,0.0122270584106445,,,0.031132698059082,0.0237112045288086,-0.0328512191772461,0.0318365097045898,0.0308990478515625,0.0299606323242188,0.0198049545288086,0.0166015625,0.007460594177246,0.0023050308227539,0.035038948059082,-0.0034761428833007,0.001835823059082,0.0065231323242187,0.0294923782348633,-0.0142574310302734,-0.0712890625,-0.0001955032348632
2035,0.0124607086181641,,,0.0312108993530273,0.0239458084106445,-0.0326957702636719,0.0318365097045898,0.0308990478515625,0.0300388336181641,0.0198049545288086,0.0166797637939453,0.0075387954711914,0.0023832321166992,0.0351171493530273,-0.0034761428833007,0.001835823059082,0.006601333618164,0.0294923782348633,-0.0141792297363281,-0.0711326599121094,-0.0001955032348632
2040,0.0126171112060547,,,0.031367301940918,0.0241794586181641,-0.0326175689697266,0.0319919586181641,0.0308990478515625,0.0300388336181641,0.0198831558227539,0.0166797637939453,0.0076169967651367,0.0025386810302734,0.0351171493530273,-0.0034761428833007,0.001835823059082,0.006601333618164,0.0294923782348633,-0.0141019821166992,-0.0710544586181641,-0.0001955032348632
2045,0.0127735137939453,,,0.0315237045288086,0.0244140625,-0.0324611663818359,0.0320701599121094,0.0308990478515625,0.0301170349121094,0.0198831558227539,0.0167579650878906,0.007695198059082,0.0026168823242187,0.0351171493530273,-0.0033979415893554,0.001835823059082,0.0066795349121093,0.0295705795288086,-0.0140237808227539,-0.0708990097045898,-0.0001955032348632
2050,0.0129299163818359,,,0.0316019058227539,0.0246486663818359,-0.0323829650878906,0.0321483612060547,0.0308990478515625,0.0301170349121094,0.0198831558227539,0.0167579650878906,0.0077733993530273,0.002695083618164,0.0351171493530273,-0.0033979415893554,0.001835823059082,0.0066795349121093,0.0295705795288086,-0.0139455795288086,-0.0708208084106445,-0.0001173019409179
2055,0.0130863189697266,,,0.0317583084106445,0.0248050689697266,-0.0323047637939453,0.0321483612060547,0.0308208465576172,0.0301952362060547,0.0199613571166992,0.0168361663818359,0.0078516006469726,0.0027732849121093,0.0351171493530273,-0.0033979415893554,0.001835823059082,0.0067577362060546,0.0295705795288086,-0.0138673782348633,-0.0706644058227539,-0.0001173019409179
2060,0.0132427215576172,,,0.0319137573242188,0.0250387191772461,-0.0321483612060547,0.0322265625,0.0308208465576172,0.0301952362060547,0.0199613571166992,0.0168361663818359,0.0078516006469726,0.0028514862060546,0.0351953506469727,-0.0033979415893554,0.001835823059082,0.0067577362060546,0.0295705795288086,-0.013789176940918,-0.0705080032348633,-0.0001173019409179
2065,0.0133981704711914,,,0.0319919586181641,0.0251951217651367,-0.0320701599121094,0.0323047637939453,0.0308208465576172,0.0302734375,0.0200395584106445,0.0169143676757812,0.0079298019409179,0.0029296875,0.0351953506469727,-0.0033206939697265,0.001835823059082,0.0068359375,0.0296487808227539,-0.0137109756469727,-0.070429801940918,-0.0001173019409179
2070,0.013554573059082,,,0.0321483612060547,0.0253515243530273,-0.0319919586181641,0.0323829650878906,0.0308208465576172,0.0302734375,0.0200395584106445,0.0169143676757812,0.0080080032348632,0.0030078887939453,0.0351953506469727,-0.0033206939697265,0.0017576217651367,0.0068359375,0.0296487808227539,-0.0136327743530272,-0.0702733993530273,-0.0001173019409179
2075,0.0136327743530272,,,0.0322265625,0.025507926940918,-0.0319137573242188,0.0323829650878906,0.0307426452636719,0.0303516387939453,0.0200395584106445,0.0169925689697266,0.0080862045288085,0.0030860900878906,0.0351953506469727,-0.0033206939697265,0.0017576217651367,0.0068359375,0.0296487808227539,-0.013554573059082,-0.070195198059082,-0.0001173019409179
2080,0.013789176940918,,,0.0323829650878906,0.0256643295288086,-0.0318355560302733,0.0324611663818359,0.0307426452636719,0.0303516387939453,0.0200395584106445,0.0169925689697266,0.0080862045288085,0.0031642913818359,0.0351953506469727,-0.0033206939697265,0.0017576217651367,0.0068359375,0.0296487808227539,-0.0134763717651367,-0.0700397491455078,-0.0001173019409179
2085,0.0138673782348633,,,0.0324611663818359,0.0258989334106445,-0.0317583084106445,0.0325393676757812,0.0307426452636719,0.0304298400878906,0.0201177597045898,0.0170707702636719,0.0081644058227539,0.0032424926757812,0.0351953506469727,-0.0032424926757812,0.0017576217651367,0.0069141387939453,0.0296487808227539,-0.0134763717651367,-0.0699615478515625,-0.0001173019409179
2090,0.0140237808227539,,,0.0326175689697266,0.0259771347045898,-0.0316801071166992,0.0325393676757812,0.0306644439697266,0.0304298400878906,0.0201177597045898,0.0170707702636719,0.0081644058227539,0.0033206939697265,0.0351953506469727,-0.0032424926757812,0.0017576217651367,0.0069141387939453,0.0296487808227539,-0.0133981704711914,-0.0698051452636719,-0.0001173019409179
2095,0.0141019821166992,,,0.0326957702636719,0.0261325836181641,-0.0316801071166992,0.0326175689697266,0.0306644439697266,0.0304298400878906,0.0201177597045898,0.0170707702636719,0.0082426071166992,0.0033988952636718,0.0351953506469727,-0.0032424926757812,0.0017576217651367,0.0069141387939453,0.0296487808227539,-0.0133199691772461,-0.0697269439697266,-0.0001173019409179
2100,0.0141801834106445,,,0.0328521728515625,0.0262889862060547,-0.0316019058227539,0.0326957702636719,0.0305862426757812,0.0305080413818359,0.0201177597045898,0.0170707702636719,0.0083208084106445,0.0034761428833007,0.0351953506469727,-0.0032424926757812,0.0017576217651367,0.0069141387939453,0.0296487808227539,-0.0133199691772461,-0.0695705413818359,-0.0001173019409179
2105,0.0142574310302734,,,0.0329294204711914,0.0264453887939453,-0.0315237045288086,0.0326957702636719,0.0305862426757812,0.0305080413818359,0.0201177597045898,0.0171489715576172,0.0083208084106445,0.0034761428833007,0.0351953506469727,-0.0032424926757812,0.0017576217651367,0.0069141387939453,0.0297269821166992,-0.0132417678833008,-0.0694923400878906,-0.0001173019409179
2110,0.0143356323242188,,,0.0330076217651367,0.0265235900878906,-0.0314455032348633,0.0327739715576172,0.0305080413818359,0.0305080413818359,0.0201177597045898,0.0171489715576172,0.0083980560302734,0.003554344177246,0.0352735519409179,-0.0031642913818359,0.0017576217651367,0.0069923400878906,0.0297269821166992,-0.0131645202636719,-0.0693359375,-0.0001173019409179
2115,0.0144920349121094,,,0.0331640243530273,0.0266799926757812,-0.0314455032348633,0.0327739715576172,0.0305080413818359,0.0305862426757812,0.0201950073242188,0.0171489715576172,0.0083980560302734,0.0036325454711914,0.0352735519409179,-0.0031642913818359,0.0017576217651367,0.0069923400878906,0.0297269821166992,-0.0130863189697266,-0.0692577362060547,-3.91006469726562e-05
2120,0.0145702362060547,,,0.0332422256469727,0.0267581939697266,-0.031367301940918,0.0328521728515625,0.0305080413818359,0.0305862426757812,0.0201950073242188,0.0172262191772461,0.0084762573242187,0.0037107467651367,0.0352735519409179,-0.0031642913818359,0.0017576217651367,0.0069923400878906,0.0297269821166992,-0.0130863189697266,-0.0691013336181641,-3.91006469726562e-05
2125,0.0146484375,,,0.0333204269409179,0.0269145965576172,-0.0312891006469727,0.0328521728515625,0.0304298400878906,0.0305862426757812,0.0201950073242188,0.0172262191772461,0.0084762573242187,0.0037107467651367,0.0352735519409179,-0.0031642913818359,0.0016794204711914,0.0069923400878906,0.0297269821166992,-0.0130081176757812,-0.0690240859985352,-3.91006469726562e-05
2130,0.0146484375,,,0.0333986282348633,0.0269927978515625,-0.0312891006469727,0.0328521728515625,0.0304298400878906,0.0305862426757812,0.0201950073242188,0.0172262191772461,0.0084762573242187,0.003788948059082,0.0352735519409179,-0.0031642913818359,0.0016794204711914,0.0069923400878906,0.0297269821166992,-0.0130081176757812,-0.0688676834106445,-3.91006469726562e-05
2135,0.0147266387939453,,,0.0334768295288086,0.0270700454711914,-0.0312108993530273,0.0329294204711914,0.0304298400878906,0.0305862426757812,0.0201950073242188,0.0172262191772461,0.008554458618164,0.0038671493530273,0.0352735519409179,-0.0030860900878906,0.0016794204711914,0.0069923400878906,0.0297269821166992,-0.0129299163818359,-0.0687894821166992,-3.91006469726562e-05
2140,0.0148048400878906,,,0.0335550308227539,0.027226448059082,-0.0312108993530273,0.0329294204711914,0.0303516387939453,0.0306644439697266,0.0201950073242188,0.0172262191772461,0.008554458618164,0.0038671493530273,0.0352735519409179,-0.0030860900878906,0.0016794204711914,0.0069923400878906,0.0297269821166992,-0.0129299163818359,-0.0686330795288086,-3.91006469726562e-05
2145,0.0148830413818359,,,0.0336332321166992,0.0273046493530273,-0.031132698059082,0.0329294204711914,0.0303516387939453,0.0306644439697266,0.0202732086181641,0.0172262191772461,0.0086326599121093,0.0039453506469726,0.0352735519409179,-0.0030860900878906,0.0016794204711914,0.0069923400878906,0.0297269821166992,-0.0128517150878906,-0.0685548782348633,-3.91006469726562e-05
2150,0.0149612426757812,,,0.0336332321166992,0.0273828506469726,-0.031132698059082,0.0330076217651367,0.0302734375,0.0306644439697266,0.0202732086181641,0.0173044204711914,0.0086326599121093,0.0040235519409179,0.0352735519409179,-0.0030860900878906,0.0016794204711914,0.0069923400878906,0.0298051834106445,-0.0128517150878906,-0.068476676940918,-3.91006469726562e-05
2155,0.0150394439697266,,,0.0337114334106445,0.027461051940918,-0.0310544967651367,0.0330076217651367,0.0302734375,0.0306644439697266,0.0202732086181641,0.0173044204711914,0.0086326599121093,0.0040235519409179,0.0352735519409179,-0.0030860900878906,0.0016794204711914,0.0069923400878906,0.0298051834106445,-0.0127735137939453,-0.0683202743530273,-3.91006469726562e-05
2160,0.0150394439697266,,,0.0337896347045898,0.0275392532348633,-0.0310544967651367,0.0330076217651367,0.0301952362060547,0.0306644439697266,0.0202732086181641,0.0173044204711914,0.0087108612060546,0.0041017532348632,0.0352735519409179,-0.0030860900878906,0.0016794204711914,0.0069923400878906,0.0298051834106445,-0.0127735137939453,-0.068242073059082,-3.91006469726562e-05
2165,0.0151176452636719,,,0.0338668823242188,0.0276174545288086,-0.0309762954711914,0.0330076217651367,0.0301952362060547,0.0306644439697266,0.0202732086181641,0.0173044204711914,0.0087108612060546,0.0041017532348632,0.0352735519409179,-0.0030078887939453,0.0016794204711914,0.0069923400878906,0.0298051834106445,-0.0126953125,-0.0681638717651367,-3.91006469726562e-05
2170,0.0151958465576172,,,0.0339450836181641,0.0276956558227539,-0.0309762954711914,0.033085823059082,0.0301170349121094,0.0307426452636719,0.0202732086181641,0.0173044204711914,0.0087890625,0.0041799545288085,0.0352735519409179,-0.0030078887939453,0.0016794204711914,0.0069923400878906,0.0298051834106445,-0.0126953125,-0.0680084228515625,-3.91006469726562e-05
2175,0.0151958465576172,,,0.0339450836181641,0.0277738571166992,-0.0308980941772461,0.033085823059082,0.0301170349121094,0.0307426452636719,0.0202732086181641,0.0173044204711914,0.0087890625,0.0041799545288085,0.0352735519409179,-0.0030078887939453,0.0016794204711914,0.0069923400878906,0.0298051834106445,-0.0126171112060547,-0.0679302215576172,-3.91006469726562e-05
2180,0.0152730941772461,,,0.0340232849121094,0.0279302597045898,-0.0308980941772461,0.033085823059082,0.0301170349121094,0.0307426452636719,0.0202732086181641,0.0173044204711914,0.0087890625,0.0042581558227539,0.0352735519409179,-0.0030078887939453,0.001601219177246,0.0069923400878906,0.0298051834106445,-0.0126171112060547,-0.0678520202636719,-3.91006469726562e-05
2185,0.0153512954711914,,,0.0341014862060547,0.0280075073242188,-0.0308208465576172,0.033085823059082,0.0300388336181641,0.0307426452636719,0.0202732086181641,0.0173044204711914,0.0088672637939453,0.0042581558227539,0.0352735519409179,-0.0030078887939453,0.001601219177246,0.0069923400878906,0.0298051834106445,-0.0125389099121094,-0.0676956176757812,-3.91006469726562e-05
2190,0.0153512954711914,,,0.0341014862060547,0.0280075073242188,-0.0308208465576172,0.033085823059082,0.0300388336181641,0.0307426452636719,0.0202732086181641,0.0173044204711914,0.0088672637939453,0.0042581558227539,0.0352735519409179,-0.0030078887939453,0.001601219177246,0.0069923400878906,0.0298051834106445,-0.0125389099121094,-0.0676174163818359,-3.91006469726562e-05
2195,0.0154294967651367,,,0.0341796875,0.0280857086181641,-0.0308208465576172,0.033085823059082,0.0299606323242188,0.0307426452636719,0.0202732086181641,0.0173044204711914,0.0088672637939453,0.0043363571166992,0.0352735519409179,-0.0030078887939453,0.001601219177246,0.0069923400878906,0.0298051834106445,-0.0124607086181641,-0.0675392150878906,-3.91006469726562e-05
2200,0.0154294967651367,,,0.0341796875,0.0281639099121094,-0.0307426452636719,0.033085823059082,0.0299606323242188,0.0307426452636719,0.0202732086181641,0.0173044204711914,0.0088672637939453,0.0043363571166992,0.0352735519409179,-0.0029296875,0.001601219177246,0.0069923400878906,0.0298051834106445,-0.0124607086181641,-0.0674610137939453,-3.91006469726562e-05
2205,0.015507698059082,,,0.0342578887939453,0.0282421112060547,-0.0307426452636719,0.0331640243530273,0.0299606323242188,0.0307426452636719,0.0202732086181641,0.0173044204711914,0.0089454650878906,0.0043363571166992,0.0352735519409179,-0.0029296875,0.001601219177246,0.0069923400878906,0.0298051834106445,-0.0124607086181641,-0.0673046112060547,-3.91006469726562e-05
2210,0.015507698059082,,,0.0343360900878906,0.0283203125,-0.0307426452636719,0.0331640243530273,0.0298833847045898,0.0307426452636719,0.0202732086181641,0.0173044204711914,0.0089454650878906,0.0044145584106445,0.0352735519409179,-0.0029296875,0.001601219177246,0.0069923400878906,0.0298051834106445,-0.0123825073242188,-0.0672264099121094,-3.91006469726562e-05
2215,0.0155858993530272,,,0.0343360900878906,0.0283985137939453,-0.0306644439697266,0.0331640243530273,0.0298833847045898,0.0307426452636719,0.0202732086181641,0.0173044204711914,0.0089454650878906,0.0044145584106445,0.0352735519409179,-0.0029296875,0.001601219177246,0.0069923400878906,0.0298051834106445,-0.0123825073242188,-0.0671482086181641,-3.91006469726562e-05
2220,0.0155858993530272,,,0.0344142913818359,0.0283985137939453,-0.0306644439697266,0.0331640243530273,0.0298051834106445,0.0307426452636719,0.0201950073242188,0.0173044204711914,0.0089454650878906,0.0044918060302734,0.0352735519409179,-0.0029296875,0.001601219177246,0.0069923400878906,0.0298051834106445,-0.0123043060302734,-0.0670709609985352,-3.91006469726562e-05
2225,0.0156641006469727,,,0.0344142913818359,0.0284767150878906,-0.0306644439697266,0.0331640243530273,0.0298051834106445,0.0307426452636719,0.0201177597045898,0.0173044204711914,0.0089454650878906,0.0044918060302734,0.0352735519409179,-0.0029296875,0.0015230178833007,0.0069923400878906,0.0298051834106445,-0.0123043060302734,-0.0669927597045898,-3.91006469726562e-05
2230,0.0156641006469727,,,0.0344142913818359,0.0285549163818359,-0.0306644439697266,0.0331640243530273,0.0298051834106445,0.0307426452636719,0.0201177597045898,0.0173044204711914,0.0090236663818359,0.0044918060302734,0.0352735519409179,-0.0028514862060546,0.0015230178833007,0.0069923400878906,0.0298051834106445,-0.0122261047363281,-0.0668363571166992,-3.91006469726562e-05
2235,0.015742301940918,,,0.0344924926757812,0.0286331176757812,-0.0305862426757812,0.0331640243530273,0.0297269821166992,0.0307426452636719,0.0201177597045898,0.0173044204711914,0.0090236663818359,0.0044918060302734,0.0352735519409179,-0.0028514862060546,0.0015230178833007,0.0069923400878906,0.0298051834106445,-0.0122261047363281,-0.0667581558227539,-3.91006469726562e-05
2240,0.015742301940918,,,0.0344924926757812,0.0286331176757812,-0.0305862426757812,0.0332422256469727,0.0297269821166992,0.0307426452636719,0.0201177597045898,0.0173044204711914,0.0090236663818359,0.0045700073242187,0.0352735519409179,-0.0028514862060546,0.0015230178833007,0.0069923400878906,0.0298051834106445,-0.0121488571166992,-0.0666799545288086,-3.91006469726562e-05
2245,0.015742301940918,,,0.0345706939697266,0.0287113189697266,-0.0305862426757812,0.0331640243530273,0.0297269821166992,0.0307426452636719,0.0201177597045898,0.0173044204711914,0.0090236663818359,0.0045700073242187,0.0352735519409179,-0.0028514862060546,0.0015230178833007,0.0069923400878906,0.0298051834106445,-0.0121488571166992,-0.0666017532348633,-3.91006469726562e-05
2250,0.0158205032348633,,,0.0345706939697266,0.0287895202636719,-0.0305080413818359,0.0332422256469727,0.0296487808227539,0.0307426452636719,0.0201177597045898,0.0173044204711914,0.0090236663818359,0.0045700073242187,0.0351953506469727,-0.0028514862060546,0.0015230178833007,0.0069923400878906,0.0298051834106445,-0.0121488571166992,-0.066523551940918,-3.91006469726562e-05
2255,0.0158205032348633,,,0.0345706939697266,0.0287895202636719,-0.0305080413818359,0.0331640243530273,0.0296487808227539,0.0307426452636719,0.0201177597045898,0.0173044204711914,0.0090236663818359,0.0045700073242187,0.0351953506469727,-0.0028514862060546,0.0015230178833007,0.0069923400878906,0.0298051834106445,-0.0120706558227539,-0.0664453506469727,-3.91006469726562e-05
2260,0.0158987045288086,,,0.0346488952636719,0.0288677215576172,-0.0305080413818359,0.0332422256469727,0.0296487808227539,0.0307426452636719,0.0201177597045898,0.0173044204711914,0.0091018676757812,0.0045700073242187,0.0351953506469727,-0.0028514862060546,0.0015230178833007,0.0069923400878906,0.0298833847045898,-0.0120706558227539,-0.0663671493530273,-3.91006469726562e-05
2265,0.0158987045288086,,,0.0346488952636719,0.0289459228515625,-0.0305080413818359,0.0332422256469727,0.0295705795288086,0.0307426452636719,0.0200395584106445,0.0173044204711914,0.0091018676757812,0.0045700073242187,0.0351953506469727,-0.0027732849121093,0.0015230178833007,0.0069923400878906,0.0298833847045898,-0.0119924545288086,-0.066288948059082,-3.91006469726562e-05
2270,0.0158987045288086,,,0.0346488952636719,0.0289459228515625,-0.0304298400878906,0.0332422256469727,0.0295705795288086,0.0307426452636719,0.0200395584106445,0.0173044204711914,0.0091018676757812,0.004648208618164,0.0351953506469727,-0.0027732849121093,0.0015230178833007,0.0069923400878906,0.0298833847045898,-0.0119924545288086,-0.0662107467651367,-3.91006469726562e-05
2275,0.0159769058227539,,,0.0347270965576172,0.0290231704711914,-0.0304298400878906,0.0332422256469727,0.0294923782348633,0.0307426452636719,0.0200395584106445,0.0173044204711914,0.0091018676757812,0.004648208618164,0.0351953506469727,-0.0027732849121093,0.0014457702636718,0.0069923400878906,0.0298833847045898,-0.0119142532348633,-0.0660552978515625,-3.91006469726562e-05
2280,0.0159769058227539,,,0.0347270965576172,0.0291013717651367,-0.0304298400878906,0.0332422256469727,0.0294923782348633,0.0307426452636719,0.0200395584106445,0.0173044204711914,0.0091018676757812,0.004648208618164,0.0351953506469727,-0.0027732849121093,0.0014457702636718,0.0069923400878906,0.0298833847045898,-0.0119142532348633,-0.0659770965576172,-3.91006469726562e-05
2285,0.0159769058227539,,,0.0347270965576172,0.0291013717651367,-0.0304298400878906,0.0332422256469727,0.0294923782348633,0.0308208465576172,0.0200395584106445,0.0173044204711914,0.0091018676757812,0.004648208618164,0.0351953506469727,-0.0027732849121093,0.0014457702636718,0.0069923400878906,0.0298833847045898,-0.011836051940918,-0.0658988952636719,-3.91006469726562e-05
2290,0.0160551071166992,,,0.0347270965576172,0.029179573059082,-0.0303516387939453,0.0332422256469727,0.0294923782348633,0.0308208465576172,0.0200395584106445,0.0173044204711914,0.0091018676757812,0.004648208618164,0.0351953506469727,-0.0027732849121093,0.0014457702636718,0.0069141387939453,0.0298833847045898,-0.011836051940918,-0.0658206939697266,-3.91006469726562e-05
2295,0.0160551071166992,,,0.0348052978515625,0.029179573059082,-0.0303516387939453,0.0332422256469727,0.029414176940918,0.0308208465576172,0.0200395584106445,0.0173044204711914,0.0091018676757812,0.004648208618164,0.0351953506469727,-0.0027732849121093,0.0014457702636718,0.0069141387939453,0.0298833847045898,-0.011836051940918,-0.0657424926757812,-3.91006469726562e-05
2300,0.0160551071166992,,,0.0348052978515625,0.0292577743530273,-0.0303516387939453,0.0332422256469727,0.029414176940918,0.0308208465576172,0.0200395584106445,0.0173044204711914,0.0091018676757812,0.004648208618164,0.0351953506469727,-0.002695083618164,0.0014457702636718,0.0069141387939453,0.0298833847045898,-0.0117578506469727,-0.0656642913818359,-3.91006469726562e-05
2305,0.0160551071166992,,,0.0348052978515625,0.0292577743530273,-0.0303516387939453,0.0332422256469727,0.029414176940918,0.0308208465576172,0.0200395584106445,0.0173044204711914,0.0091018676757812,0.004648208618164,0.0351953506469727,-0.002695083618164,0.0014457702636718,0.0069141387939453,0.0298833847045898,-0.0117578506469727,-0.0656642913818359,-3.91006469726562e-05
2310,0.0161333084106445,,,0.0348052978515625,0.0293359756469726,-0.0303516387939453,0.0332422256469727,0.0293359756469726,0.0308208465576172,0.0200395584106445,0.0173044204711914,0.0091018676757812,0.004648208618164,0.0351953506469727,-0.002695083618164,0.0014457702636718,0.0069141387939453,0.0298833847045898,-0.0116796493530272,-0.0655860900878906,-0.0001173019409179
2315,0.0161333084106445,,,0.0348052978515625,0.0293359756469726,-0.0302734375,0.0332422256469727,0.0293359756469726,0.0308208465576172,0.0200395584106445,0.0173044204711914,0.0091018676757812,0.004648208618164,0.0351953506469727,-0.002695083618164,0.0013675689697265,0.0069141387939453,0.0298833847045898,-0.0116796493530272,-0.0655078887939453,-0.0001173019409179
2320,0.0161333084106445,,,0.0348825454711914,0.029414176940918,-0.0302734375,0.0332422256469727,0.0293359756469726,0.0308208465576172,0.0199613571166992,0.0173044204711914,0.0091018676757812,0.004648208618164,0.0351171493530273,-0.002695083618164,0.0013675689697265,0.0069141387939453,0.0298833847045898,-0.011601448059082,-0.0654296875,-3.91006469726562e-05
2325,0.0161333084106445,,,0.0348825454711914,0.029414176940918,-0.0302734375,0.0332422256469727,0.0293359756469726,0.0308208465576172,0.0199613571166992,0.0173044204711914,0.0091800689697265,0.0047264099121093,0.0351171493530273,-0.002695083618164,0.0013675689697265,0.0069141387939453,0.0298833847045898,-0.011601448059082,-0.0652732849121094,-3.91006469726562e-05
2330,0.0162115097045898,,,0.0348825454711914,0.0294923782348633,-0.0301952362060547,0.0332422256469727,0.0292577743530273,0.0308208465576172,0.0199613571166992,0.0173044204711914,0.0091800689697265,0.0047264099121093,0.0351171493530273,-0.002695083618164,0.0013675689697265,0.0069141387939453,0.0298833847045898,-0.0115232467651367,-0.0652732849121094,-0.0001173019409179
2335,0.0162115097045898,,,0.0348825454711914,0.0294923782348633,-0.0301952362060547,0.0332422256469727,0.0292577743530273,0.0308208465576172,0.0199613571166992,0.0173044204711914,0.0091800689697265,0.0047264099121093,0.0351171493530273,-0.002695083618164,0.0013675689697265,0.0069141387939453,0.0298833847045898,-0.0115232467651367,-0.0651950836181641,-0.0001173019409179
2340,0.0162115097045898,,,0.0348825454711914,0.0294923782348633,-0.0301952362060547,0.0332422256469727,0.0292577743530273,0.0308208465576172,0.0199613571166992,0.0173044204711914,0.0091800689697265,0.0047264099121093,0.0351171493530273,-0.0026168823242187,0.0013675689697265,0.0069141387939453,0.0299606323242188,-0.0115232467651367,-0.0651178359985352,-0.0001173019409179
2345,0.0162115097045898,,,0.0348825454711914,0.0295705795288086,-0.0301952362060547,0.0332422256469727,0.0292577743530273,0.0308208465576172,0.0199613571166992,0.0173044204711914,0.0091800689697265,0.0047264099121093,0.0351171493530273,-0.0026168823242187,0.0013675689697265,0.0069141387939453,0.0299606323242188,-0.0114450454711914,-0.0650396347045898,-0.0001173019409179
2350,0.0162887573242188,,,0.0348825454711914,0.0295705795288086,-0.0301952362060547,0.0332422256469727,0.029179573059082,0.0308208465576172,0.0199613571166992,0.0173044204711914,0.0091800689697265,0.0047264099121093,0.0351171493530273,-0.0026168823242187,0.0013675689697265,0.0069141387939453,0.0299606323242188,-0.0114450454711914,-0.0649614334106445,-0.0001173019409179
2355,0.0162887573242188,,,0.0349607467651367,0.0296487808227539,-0.0301170349121094,0.0332422256469727,0.029179573059082,0.0308208465576172,0.0199613571166992,0.0173044204711914,0.0091800689697265,0.0047264099121093,0.0351171493530273,-0.0026168823242187,0.0013675689697265,0.0069141387939453,0.0299606323242188,-0.0113668441772461,-0.0648832321166992,-0.0001173019409179
2360,0.0162887573242188,,,0.0349607467651367,0.0296487808227539,-0.0301170349121094,0.0332422256469727,0.029179573059082,0.0308208465576172,0.0199613571166992,0.0173044204711914,0.0091800689697265,0.0047264099121093,0.035038948059082,-0.0026168823242187,0.0013675689697265,0.0069141387939453,0.0299606323242188,-0.0113668441772461,-0.0648050308227539,-0.0001173019409179
2365,0.0162887573242188,,,0.0349607467651367,0.0296487808227539,-0.0301170349121094,0.0332422256469727,0.029179573059082,0.0308208465576172,0.0199613571166992,0.0173044204711914,0.0091018676757812,0.0047264099121093,0.035038948059082,-0.0026168823242187,0.0013675689697265,0.0069141387939453,0.0299606323242188,-0.0112886428833008,-0.0647268295288086,-0.0001173019409179
2370,0.0162887573242188,,,0.0349607467651367,0.0297269821166992,-0.0301170349121094,0.0332422256469727,0.0291013717651367,0.0308208465576172,0.0199613571166992,0.0173044204711914,0.0091018676757812,0.0047264099121093,0.035038948059082,-0.0026168823242187,0.0013675689697265,0.0069141387939453,0.0299606323242188,-0.0112886428833008,-0.0646486282348633,-0.0001173019409179
2375,0.0163669586181641,,,0.0349607467651367,0.0297269821166992,-0.0301170349121094,0.0332422256469727,0.0291013717651367,0.0308208465576172,0.0198831558227539,0.0173044204711914,0.0091018676757812,0.0047264099121093,0.035038948059082,-0.0025386810302734,0.0013675689697265,0.0069141387939453,0.0299606323242188,-0.0112886428833008,-0.064570426940918,-0.0001173019409179
2380,0.0163669586181641,,,0.0349607467651367,0.0297269821166992,-0.0301170349121094,0.0332422256469727,0.0291013717651367,0.0308208465576172,0.0198831558227539,0.0173044204711914,0.0091018676757812,0.0047264099121093,0.035038948059082,-0.0025386810302734,0.0013675689697265,0.0069141387939453,0.0299606323242188,-0.0112113952636719,-0.064570426940918,-0.0001173019409179
2385,0.0163669586181641,,,0.0349607467651367,0.0298051834106445,-0.0300388336181641,0.0332422256469727,0.0291013717651367,0.0308208465576172,0.0198831558227539,0.0173044204711914,0.0091018676757812,0.0047264099121093,0.035038948059082,-0.0025386810302734,0.0012893676757812,0.0069141387939453,0.0299606323242188,-0.0112113952636719,-0.0644922256469727,-0.0001173019409179
2390,0.0163669586181641,,,0.0349607467651367,0.0298051834106445,-0.0300388336181641,0.0332422256469727,0.0291013717651367,0.0308208465576172,0.0198831558227539,0.0173826217651367,0.0091800689697265,0.0047264099121093,0.035038948059082,-0.0025386810302734,0.0012893676757812,0.0069141387939453,0.0299606323242188,-0.0111331939697266,-0.0644140243530273,-0.0001173019409179
2395,0.0163669586181641,,,0.0349607467651367,0.0298051834106445,-0.0300388336181641,0.0332422256469727,0.0290231704711914,0.0308208465576172,0.0198831558227539,0.0173826217651367,0.0091800689697265,0.0047264099121093,0.035038948059082,-0.0025386810302734,0.0012893676757812,0.0069141387939453,0.0299606323242188,-0.0111331939697266,-0.064335823059082,-0.0001173019409179
2400,0.0163669586181641,,,0.0349607467651367,0.0298833847045898,-0.0300388336181641,0.0332422256469727,0.0290231704711914,0.0308208465576172,0.0198831558227539,0.0173826217651367,0.0091800689697265,0.0047264099121093,0.0349607467651367,-0.0025386810302734,0.0012893676757812,0.0069141387939453,0.0299606323242188,-0.0111331939697266,-0.064335823059082,-0.0001173019409179
2405,0.0164451599121094,,,0.0349607467651367,0.0298833847045898,-0.0300388336181641,0.0332422256469727,0.0290231704711914,0.0308208465576172,0.0198831558227539,0.0173826217651367,0.0091800689697265,0.0047264099121093,0.0349607467651367,-0.0025386810302734,0.0012893676757812,0.0069141387939453,0.0300388336181641,-0.0110549926757812,-0.0642576217651367,-0.0001173019409179
2410,0.0164451599121094,,,0.0349607467651367,0.0298833847045898,-0.0300388336181641,0.0332422256469727,0.0290231704711914,0.0308208465576172,0.0198831558227539,0.0173826217651367,0.0091800689697265,0.0047264099121093,0.0349607467651367,-0.0025386810302734,0.0012893676757812,0.0069141387939453,0.0300388336181641,-0.0110549926757812,-0.0641794204711914,-0.0001173019409179
2415,0.0164451599121094,,,0.0349607467651367,0.0298833847045898,-0.0299606323242188,0.0332422256469727,0.0290231704711914,0.0308208465576172,0.0198831558227539,0.0173826217651367,0.0091800689697265,0.0047264099121093,0.0349607467651367,-0.0024604797363281,0.0012893676757812,0.0069141387939453,0.0300388336181641,-0.0110549926757812,-0.0641021728515625,-0.0001173019409179
2420,0.0164451599121094,,,0.0349607467651367,0.0299606323242188,-0.0299606323242188,0.0332422256469727,0.0290231704711914,0.0308208465576172,0.0198831558227539,0.0173826217651367,0.0091800689697265,0.004648208618164,0.0349607467651367,-0.0024604797363281,0.0012893676757812,0.0069141387939453,0.0300388336181641,-0.0109767913818359,-0.0641021728515625,-0.0001173019409179
2425,0.0164451599121094,,,0.0349607467651367,0.0299606323242188,-0.0299606323242188,0.0332422256469727,0.0290231704711914,0.0308208465576172,0.0198831558227539,0.0173826217651367,0.0091800689697265,0.0047264099121093,0.0349607467651367,-0.0024604797363281,0.0012893676757812,0.0069141387939453,0.0300388336181641,-0.0109767913818359,-0.0640239715576172,-0.0001173019409179
2430,0.0164451599121094,,,0.0349607467651367,0.0299606323242188,-0.0299606323242188,0.0332422256469727,0.0289459228515625,0.0308990478515625,0.0198831558227539,0.0173826217651367,0.0091800689697265,0.0047264099121093,0.0349607467651367,-0.0024604797363281,0.0012893676757812,0.0069141387939453,0.0300388336181641,-0.0108985900878906,-0.0639457702636719,-0.0001173019409179
2435,0.0164451599121094,,,0.0349607467651367,0.0299606323242188,-0.0299606323242188,0.0332422256469727,0.0289459228515625,0.0308990478515625,0.0198831558227539,0.0173826217651367,0.0091800689697265,0.0047264099121093,0.0348825454711914,-0.0024604797363281,0.0012893676757812,0.0069141387939453,0.0300388336181641,-0.0108985900878906,-0.0638675689697266,-0.0001173019409179
2440,0.0165233612060547,,,0.0349607467651367,0.0299606323242188,-0.0299606323242188,0.0332422256469727,0.0289459228515625,0.0308990478515625,0.0198831558227539,0.0173826217651367,0.0091800689697265,0.0047264099121093,0.0348825454711914,-0.0024604797363281,0.0012893676757812,0.0069141387939453,0.0300388336181641,-0.0108203887939453,-0.0637893676757812,-0.0001173019409179
2445,0.0165233612060547,,,0.0349607467651367,0.0300388336181641,-0.0299606323242188,0.0332422256469727,0.0289459228515625,0.0308990478515625,0.0198831558227539,0.0173826217651367,0.0091800689697265,0.004648208618164,0.0348825454711914,-0.0024604797363281,0.0012893676757812,0.0069141387939453,0.0300388336181641,-0.0108203887939453,-0.0637893676757812,-0.0001173019409179
2450,0.0165233612060547,,,0.0349607467651367,0.0300388336181641,-0.0298824310302734,0.0332422256469727,0.0289459228515625,0.0308990478515625,0.0198831558227539,0.0173826217651367,0.0091800689697265,0.004648208618164,0.0348825454711914,-0.0023832321166992,0.0012893676757812,0.0069141387939453,0.0300388336181641,-0.0108203887939453,-0.0637111663818359,-0.0001173019409179
2455,0.0165233612060547,,,0.0349607467651367,0.0300388336181641,-0.0298824310302734,0.0332422256469727,0.0289459228515625,0.0308990478515625,0.0198831558227539,0.0173826217651367,0.0091800689697265,0.004648208618164,0.0348825454711914,-0.0023832321166992,0.0012893676757812,0.0069141387939453,0.0300388336181641,-0.0107421875,-0.0636329650878906,-0.0001173019409179
2460,0.0165233612060547,,,0.0349607467651367,0.0300388336181641,-0.0298824310302734,0.0332422256469727,0.0289459228515625,0.0308990478515625,0.0198831558227539,0.0173826217651367,0.0091800689697265,0.004648208618164,0.0348825454711914,-0.0023832321166992,0.0012893676757812,0.0069141387939453,0.0300388336181641,-0.0107421875,-0.0636329650878906,-0.0001173019409179
2465,0.0165233612060547,,,0.0349607467651367,0.0300388336181641,-0.0298824310302734,0.0331640243530273,0.0289459228515625,0.0308990478515625,0.0198831558227539,0.0173826217651367,0.0091800689697265,0.004648208618164,0.0348052978515625,-0.0023832321166992,0.0012111663818359,0.0069141387939453,0.0300388336181641,-0.0107421875,-0.0635547637939453,-0.0001173019409179
2470,0.0165233612060547,,,0.0349607467651367,0.0301170349121094,-0.0298824310302734,0.0331640243530273,0.0288677215576172,0.0308990478515625,0.0198831558227539,0.0173826217651367,0.0091800689697265,0.004648208618164,0.0348052978515625,-0.0023832321166992,0.0012111663818359,0.0069141387939453,0.0300388336181641,-0.0106639862060547,-0.0634765625,-0.0001173019409179
2475,0.0165233612060547,,,0.0349607467651367,0.0301170349121094,-0.0298824310302734,0.0331640243530273,0.0288677215576172,0.0308990478515625,0.0198831558227539,0.0173826217651367,0.0091800689697265,0.004648208618164,0.0348052978515625,-0.0023832321166992,0.0012111663818359,0.0069141387939453,0.0300388336181641,-0.0106639862060547,-0.0633983612060547,-0.0001173019409179
2480,0.0165233612060547,,,0.0349607467651367,0.0301170349121094,-0.0298824310302734,0.0331640243530273,0.0288677215576172,0.0308990478515625,0.0198831558227539,0.0173826217651367,0.0091800689697265,0.004648208618164,0.0348052978515625,-0.0023832321166992,0.0012111663818359,0.0069141387939453,0.0300388336181641,-0.0105857849121094,-0.0633983612060547,-0.0001173019409179
2485,0.0165233612060547,,,0.0349607467651367,0.0301170349121094,-0.0298051834106445,0.0331640243530273,0.0288677215576172,0.0308990478515625,0.0198831558227539,0.0173826217651367,0.0091800689697265,0.004648208618164,0.0348052978515625,-0.0023832321166992,0.0012111663818359,0.0069141387939453,0.0300388336181641,-0.0105857849121094,-0.0633201599121094,-0.0001173019409179
2490,0.0166015625,,,0.0349607467651367,0.0301170349121094,-0.0298051834106445,0.0331640243530273,0.0288677215576172,0.0308990478515625,0.0198831558227539,0.0173826217651367,0.0091800689697265,0.004648208618164,0.0347270965576172,-0.0023050308227539,0.0012111663818359,0.0069141387939453,0.0300388336181641,-0.0105857849121094,-0.0632419586181641,-0.0001173019409179
2495,0.0166015625,,,0.0349607467651367,0.0301170349121094,-0.0298051834106445,0.0331640243530273,0.0288677215576172,0.0308990478515625,0.0198831558227539,0.0173826217651367,0.0091800689697265,0.004648208618164,0.0347270965576172,-0.0023050308227539,0.0012111663818359,0.0069141387939453,0.0300388336181641,-0.0105075836181641,-0.0632419586181641,-0.0001173019409179
2500,0.0166015625,,,0.0349607467651367,0.0301170349121094,-0.0298051834106445,0.0331640243530273,0.0288677215576172,0.0308990478515625,0.0198831558227539,0.0173826217651367,0.0091800689697265,0.004648208618164,0.0347270965576172,-0.0023050308227539,0.0012111663818359,0.0069141387939453,0.0300388336181641,-0.0105075836181641,-0.0631647109985352,-0.0001173019409179
2505,0.0166015625,,,0.0348825454711914,0.0301952362060547,-0.0298051834106445,0.0331640243530273,0.0288677215576172,0.0308990478515625,0.0198049545288086,0.0173826217651367,0.0091800689697265,0.004648208618164,0.0347270965576172,-0.0023050308227539,0.0012111663818359,0.0069141387939453,0.0300388336181641,-0.0104293823242188,-0.0630865097045898,-0.0001173019409179
2510,0.0166015625,,,0.0348825454711914,0.0301952362060547,-0.0298051834106445,0.0331640243530273,0.0288677215576172,0.0308990478515625,0.0198049545288086,0.0173826217651367,0.0091800689697265,0.0045700073242187,0.0347270965576172,-0.0023050308227539,0.0012111663818359,0.0069141387939453,0.0300388336181641,-0.0104293823242188,-0.0630865097045898,-0.0001173019409179
2515,0.0166015625,,,0.0348825454711914,0.0301952362060547,-0.0298051834106445,0.0331640243530273,0.0288677215576172,0.0308990478515625,0.0198049545288086,0.0173826217651367,0.0092582702636718,0.004648208618164,0.0347270965576172,-0.0023050308227539,0.0012111663818359,0.0069141387939453,0.0300388336181641,-0.0104293823242188,-0.0630083084106445,-0.0001173019409179
2520,0.0166015625,,,0.0348825454711914,0.0301952362060547,-0.0298051834106445,0.0331640243530273,0.0288677215576172,0.0308990478515625,0.0198049545288086,0.0173826217651367,0.0092582702636718,0.004648208618164,0.0346488952636719,-0.0023050308227539,0.0012111663818359,0.0069141387939453,0.0300388336181641,-0.0103511810302734,-0.0629301071166991,-0.0001173019409179
2525,0.0166015625,,,0.0348825454711914,0.0301952362060547,-0.0298051834106445,0.0331640243530273,0.0287895202636719,0.0308990478515625,0.0198049545288086,0.0173826217651367,0.0092582702636718,0.004648208618164,0.0346488952636719,-0.0023050308227539,0.0012111663818359,0.0069141387939453,0.0300388336181641,-0.0103511810302734,-0.0629301071166991,-0.0001173019409179
2530,0.0166015625,,,0.0348825454711914,0.0301952362060547,-0.0298051834106445,0.0331640243530273,0.0287895202636719,0.0308990478515625,0.0198049545288086,0.0173826217651367,0.0092582702636718,0.0045700073242187,0.0346488952636719,-0.0022268295288085,0.0012111663818359,0.0069141387939453,0.0300388336181641,-0.0103511810302734,-0.0628519058227538,-0.0001173019409179
2535,0.0166015625,,,0.0348825454711914,0.0301952362060547,-0.0297269821166992,0.0331640243530273,0.0287895202636719,0.0308990478515625,0.0198049545288086,0.0173826217651367,0.0092582702636718,0.0045700073242187,0.0346488952636719,-0.0022268295288085,0.0012111663818359,0.0069141387939453,0.0300388336181641,-0.0102729797363281,-0.0627737045288086,-0.0001173019409179
2540,0.0166015625,,,0.0348825454711914,0.0301952362060547,-0.0297269821166992,0.0331640243530273,0.0287895202636719,0.0309762954711914,0.0198049545288086,0.0173826217651367,0.0092582702636718,0.0045700073242187,0.0346488952636719,-0.0022268295288085,0.0012111663818359,0.0069141387939453,0.0300388336181641,-0.0102729797363281,-0.0627737045288086,-0.0001173019409179
2545,0.0166015625,,,0.0348825454711914,0.0301952362060547,-0.0297269821166992,0.0331640243530273,0.0287895202636719,0.0309762954711914,0.0198049545288086,0.0173826217651367,0.0092582702636718,0.0045700073242187,0.0346488952636719,-0.0022268295288085,0.0012111663818359,0.0069141387939453,0.0300388336181641,-0.0101957321166992,-0.0626955032348633,-0.0001173019409179
2550,0.0166015625,,,0.0348825454711914,0.0301952362060547,-0.0297269821166992,0.0331640243530273,0.0287895202636719,0.0309762954711914,0.0198049545288086,0.0173826217651367,0.0092582702636718,0.0045700073242187,0.0345706939697266,-0.0022268295288085,0.0012111663818359,0.0069141387939453,0.0300388336181641,-0.0101957321166992,-0.062617301940918,-0.0001173019409179
2555,0.0166797637939453,,,0.0348825454711914,0.0301952362060547,-0.0297269821166992,0.0331640243530273,0.0287895202636719,0.0309762954711914,0.0198049545288086,0.017460823059082,0.0092582702636718,0.0045700073242187,0.0345706939697266,-0.0022268295288085,0.0012111663818359,0.0069141387939453,0.0300388336181641,-0.0101957321166992,-0.062617301940918,-0.0001173019409179
2560,0.0166797637939453,,,0.0348052978515625,0.0301952362060547,-0.0297269821166992,0.033085823059082,0.0287895202636719,0.0309762954711914,0.0198049545288086,0.0173826217651367,0.0092582702636718,0.0045700073242187,0.0345706939697266,-0.0021486282348632,0.0012111663818359,0.0069141387939453,0.0300388336181641,-0.0101175308227539,-0.0625391006469727,-0.0001173019409179
2565,0.0166797637939453,,,0.0348052978515625,0.0301952362060547,-0.0297269821166992,0.0331640243530273,0.0287895202636719,0.0309762954711914,0.0198049545288086,0.017460823059082,0.0093364715576171,0.0045700073242187,0.0345706939697266,-0.0021486282348632,0.0012111663818359,0.0069141387939453,0.0300388336181641,-0.0101175308227539,-0.0625391006469727,-0.0001173019409179
2570,0.0166797637939453,,,0.0348052978515625,0.0302734375,-0.0297269821166992,0.033085823059082,0.0287895202636719,0.0309762954711914,0.0198049545288086,0.017460823059082,0.0093364715576171,0.0045700073242187,0.0344924926757812,-0.0021486282348632,0.0012111663818359,0.0069141387939453,0.0300388336181641,-0.0100393295288086,-0.0624608993530273,-0.0001173019409179
2575,0.0166797637939453,,,0.0348052978515625,0.0301952362060547,-0.0297269821166992,0.033085823059082,0.0287895202636719,0.0309762954711914,0.0198049545288086,0.017460823059082,0.0093364715576171,0.0045700073242187,0.0344924926757812,-0.0021486282348632,0.0012111663818359,0.0069141387939453,0.0300388336181641,-0.0100393295288086,-0.062382698059082,-0.0001173019409179
2580,0.0166797637939453,,,0.0348052978515625,0.0301952362060547,-0.0297269821166992,0.033085823059082,0.0287895202636719,0.0309762954711914,0.0198049545288086,0.017460823059082,0.0093364715576171,0.0045700073242187,0.0344924926757812,-0.0021486282348632,0.0012111663818359,0.0069141387939453,0.0300388336181641,-0.0100393295288086,-0.062382698059082,-0.0001173019409179
2585,0.0166797637939453,,,0.0348052978515625,0.0302734375,-0.0297269821166992,0.033085823059082,0.0287895202636719,0.0309762954711914,0.0198049545288086,0.017460823059082,0.0093364715576171,0.0045700073242187,0.0344924926757812,-0.0021486282348632,0.0012111663818359,0.0069141387939453,0.0300388336181641,-0.0099611282348632,-0.0623044967651367,-0.0001173019409179
2590,0.0166797637939453,,,0.0348052978515625,0.0302734375,-0.0297269821166992,0.033085823059082,0.0287113189697266,0.0309762954711914,0.0198049545288086,0.017460823059082,0.0093364715576171,0.0045700073242187,0.0344924926757812,-0.0021486282348632,0.0012111663818359,0.0069141387939453,0.0300388336181641,-0.0099611282348632,-0.0623044967651367,-0.0001173019409179
2595,0.0166797637939453,,,0.0348052978515625,0.0302734375,-0.0297269821166992,0.033085823059082,0.0287113189697266,0.0309762954711914,0.0198049545288086,0.017460823059082,0.0093364715576171,0.0045700073242187,0.0344142913818359,-0.0021486282348632,0.0011329650878906,0.0069141387939453,0.0300388336181641,-0.0099611282348632,-0.0622262954711914,-0.0001173019409179
2600,0.0166797637939453,,,0.0347270965576172,0.0301952362060547,-0.0297269821166992,0.033085823059082,0.0287113189697266,0.0309762954711914,0.0198049545288086,0.017460823059082,0.0093364715576171,0.0045700073242187,0.0344142913818359,-0.0021486282348632,0.0011329650878906,0.0069141387939453,0.0300388336181641,-0.0098829269409179,-0.0622262954711914,-0.0001955032348632
2605,0.0166797637939453,,,0.0347270965576172,0.0302734375,-0.0296487808227539,0.033085823059082,0.0287113189697266,0.0309762954711914,0.0198049545288086,0.017460823059082,0.0093364715576171,0.0045700073242187,0.0344142913818359,-0.0021486282348632,0.0011329650878906,0.0069141387939453,0.0300388336181641,-0.0098829269409179,-0.0621490478515625,-0.0001173019409179
2610,0.0166797637939453,,,0.0347270965576172,0.0302734375,-0.0296487808227539,0.033085823059082,0.0287113189697266,0.0309762954711914,0.0198049545288086,0.017460823059082,0.0093364715576171,0.0044918060302734,0.0344142913818359,-0.0020704269409179,0.0011329650878906,0.0069141387939453,0.0300388336181641,-0.0098829269409179,-0.0621490478515625,-0.0001955032348632
2615,0.0166797637939453,,,0.0347270965576172,0.0301952362060547,-0.0296487808227539,0.033085823059082,0.0287113189697266,0.0309762954711914,0.0198049545288086,0.017460823059082,0.0093364715576171,0.0044918060302734,0.0343360900878906,-0.0020704269409179,0.0011329650878906,0.0069141387939453,0.0300388336181641,-0.0098047256469726,-0.0620708465576172,-0.0001955032348632
2620,0.0166797637939453,,,0.0347270965576172,0.0302734375,-0.0296487808227539,0.033085823059082,0.0287113189697266,0.0309762954711914,0.0198049545288086,0.017460823059082,0.009413719177246,0.0044918060302734,0.0343360900878906,-0.0020704269409179,0.0011329650878906,0.0069141387939453,0.0300388336181641,-0.0098047256469726,-0.0620708465576172,-0.0001955032348632
2625,0.0166797637939453,,,0.0347270965576172,0.0302734375,-0.0296487808227539,0.0330076217651367,0.0287113189697266,0.0309762954711914,0.0198049545288086,0.017460823059082,0.0093364715576171,0.0044918060302734,0.0343360900878906,-0.0020704269409179,0.0011329650878906,0.0069141387939453,0.0300388336181641,-0.0098047256469726,-0.0619926452636719,-0.0001955032348632
2630,0.0166797637939453,,,0.0346488952636719,0.0301952362060547,-0.0296487808227539,0.0330076217651367,0.0287113189697266,0.0309762954711914,0.0197267532348633,0.017460823059082,0.009413719177246,0.0044918060302734,0.0343360900878906,-0.0020704269409179,0.0011329650878906,0.0069141387939453,0.0300388336181641,-0.0097265243530273,-0.0619926452636719,-0.0001955032348632
2635,0.0166797637939453,,,0.0346488952636719,0.0301952362060547,-0.0296487808227539,0.0330076217651367,0.0287113189697266,0.0309762954711914,0.0197267532348633,0.017460823059082,0.009413719177246,0.0044918060302734,0.0342578887939453,-0.0020704269409179,0.0011329650878906,0.0069141387939453,0.0300388336181641,-0.0097265243530273,-0.0619144439697266,-0.0001955032348632
2640,0.0166797637939453,,,0.0346488952636719,0.0301952362060547,-0.0296487808227539,0.0330076217651367,0.0287113189697266,0.0309762954711914,0.0197267532348633,0.017460823059082,0.009413719177246,0.0044918060302734,0.0342578887939453,-0.0020704269409179,0.0011329650878906,0.0069141387939453,0.0300388336181641,-0.0097265243530273,-0.0618362426757812,-0.0001955032348632
2645,0.0166797637939453,,,0.0346488952636719,0.0301952362060547,-0.0296487808227539,0.0330076217651367,0.0286331176757812,0.0309762954711914,0.0197267532348633,0.017460823059082,0.009413719177246,0.0044918060302734,0.0342578887939453,-0.0020704269409179,0.0011329650878906,0.0069141387939453,0.0300388336181641,-0.009648323059082,-0.0618362426757812,-0.0001955032348632
2650,0.0166797637939453,,,0.0346488952636719,0.0301952362060547,-0.0296487808227539,0.0330076217651367,0.0286331176757812,0.0309762954711914,0.0197267532348633,0.017460823059082,0.009413719177246,0.0044918060302734,0.0341796875,-0.0019922256469726,0.0011329650878906,0.0069141387939453,0.0300388336181641,-0.009648323059082,-0.0617580413818359,-0.0001955032348632
2655,0.0166797637939453,,,0.0346488952636719,0.0301952362060547,-0.0296487808227539,0.0330076217651367,0.0286331176757812,0.0309762954711914,0.0197267532348633,0.017460823059082,0.009413719177246,0.0044145584106445,0.0341796875,-0.0019922256469726,0.0011329650878906,0.0069141387939453,0.0300388336181641,-0.009648323059082,-0.0617580413818359,-0.0001955032348632
2660,0.0166797637939453,,,0.0345706939697266,0.0302734375,-0.0296487808227539,0.0330076217651367,0.0286331176757812,0.0309762954711914,0.0197267532348633,0.017460823059082,0.009413719177246,0.0044145584106445,0.0341796875,-0.0019922256469726,0.0011329650878906,0.0069141387939453,0.0300388336181641,-0.0095701217651367,-0.0616798400878906,-0.0001955032348632
2665,0.0166797637939453,,,0.0345706939697266,0.0302734375,-0.0296487808227539,0.0330076217651367,0.0286331176757812,0.0309762954711914,0.0197267532348633,0.017460823059082,0.009413719177246,0.0044145584106445,0.0341796875,-0.0019922256469726,0.0011329650878906,0.0069141387939453,0.0300388336181641,-0.0095701217651367,-0.0616798400878906,-0.0001955032348632
2670,0.0166797637939453,,,0.0345706939697266,0.0301952362060547,-0.0296487808227539,0.0330076217651367,0.0286331176757812,0.0310544967651367,0.0197267532348633,0.017460823059082,0.009413719177246,0.0044145584106445,0.0341014862060547,-0.0019922256469726,0.0011329650878906,0.0069141387939453,0.0300388336181641,-0.0095701217651367,-0.0616016387939453,-0.0001955032348632
2675,0.0166797637939453,,,0.0345706939697266,0.0301952362060547,-0.0296487808227539,0.0329294204711914,0.0286331176757812,0.0309762954711914,0.0197267532348633,0.017460823059082,0.009413719177246,0.0044145584106445,0.0341014862060547,-0.0019922256469726,0.0011329650878906,0.0069141387939453,0.0300388336181641,-0.0094919204711914,-0.0616016387939453,-0.0001955032348632
2680,0.0166797637939453,,,0.0345706939697266,0.0301952362060547,-0.0296487808227539,0.0329294204711914,0.0286331176757812,0.0309762954711914,0.0197267532348633,0.017460823059082,0.0094919204711914,0.0044145584106445,0.0341014862060547,-0.0019922256469726,0.0011329650878906,0.0069141387939453,0.0300388336181641,-0.0094919204711914,-0.0615234375,-0.0001955032348632
2685,0.0166797637939453,,,0.0344924926757812,0.0301952362060547,-0.0296487808227539,0.0329294204711914,0.0286331176757812,0.0309762954711914,0.019648551940918,0.017460823059082,0.0094919204711914,0.0044145584106445,0.0340232849121094,-0.0019140243530273,0.0011329650878906,0.0069141387939453,0.0300388336181641,-0.0094919204711914,-0.0615234375,-0.0001955032348632
2690,0.0166797637939453,,,0.0344924926757812,0.0301952362060547,-0.0296487808227539,0.0329294204711914,0.0286331176757812,0.0310544967651367,0.019648551940918,0.017460823059082,0.0094919204711914,0.0044145584106445,0.0340232849121094,-0.0019140243530273,0.0011329650878906,0.0069141387939453,0.0300388336181641,-0.009413719177246,-0.0614452362060547,-0.0001955032348632
2695,0.0166797637939453,,,0.0344924926757812,0.0301952362060547,-0.0296487808227539,0.0329294204711914,0.0286331176757812,0.0309762954711914,0.019648551940918,0.017460823059082,0.0094919204711914,0.0044145584106445,0.0339450836181641,-0.0019140243530273,0.0011329650878906,0.0069141387939453,0.0300388336181641,-0.009413719177246,-0.0614452362060547,-0.0001955032348632
2700,0.0166797637939453,,,0.0344924926757812,0.0301952362060547,-0.0296487808227539,0.0329294204711914,0.0286331176757812,0.0309762954711914,0.019648551940918,0.017460823059082,0.0094919204711914,0.0044145584106445,0.0339450836181641,-0.0019140243530273,0.0011329650878906,0.0069141387939453,0.0300388336181641,-0.009413719177246,-0.0614452362060547,-0.0001955032348632
2705,0.0166797637939453,,,0.0344924926757812,0.0301952362060547,-0.0296487808227539,0.0329294204711914,0.0286331176757812,0.0309762954711914,0.019648551940918,0.017460823059082,0.0094919204711914,0.0044145584106445,0.0339450836181641,-0.0019140243530273,0.0011329650878906,0.0069141387939453,0.0300388336181641,-0.0093355178833007,-0.0613670349121094,-0.0001955032348632
2710,0.0166797637939453,,,0.0344142913818359,0.0301952362060547,-0.0296487808227539,0.0329294204711914,0.0286331176757812,0.0310544967651367,0.019648551940918,0.017460823059082,0.0094919204711914,0.0044145584106445,0.0338668823242188,-0.0019140243530273,0.0011329650878906,0.0069141387939453,0.0300388336181641,-0.0093355178833007,-0.0613670349121094,-0.0001955032348632
2715,0.0166797637939453,,,0.0344142913818359,0.0301952362060547,-0.0296487808227539,0.0328521728515625,0.0285549163818359,0.0310544967651367,0.019648551940918,0.017460823059082,0.0094919204711914,0.0044145584106445,0.0338668823242188,-0.0019140243530273,0.0011329650878906,0.0069141387939453,0.0300388336181641,-0.0092582702636718,-0.0612888336181641,-0.0001955032348632
2720,0.0166797637939453,,,0.0344142913818359,0.0301952362060547,-0.0296487808227539,0.0328521728515625,0.0285549163818359,0.0310544967651367,0.019648551940918,0.017460823059082,0.0094919204711914,0.0044145584106445,0.0338668823242188,-0.0019140243530273,0.0011329650878906,0.0069141387939453,0.0300388336181641,-0.0092582702636718,-0.0612888336181641,-0.0001955032348632
2725,0.0166797637939453,,,0.0344142913818359,0.0301952362060547,-0.0296487808227539,0.0328521728515625,0.0285549163818359,0.0310544967651367,0.0195703506469726,0.017460823059082,0.0094919204711914,0.0043363571166992,0.0337896347045898,-0.0019140243530273,0.0011329650878906,0.0069141387939453,0.0300388336181641,-0.0092582702636718,-0.0612115859985352,-0.0001955032348632
2730,0.0167579650878906,,,0.0344142913818359,0.0301952362060547,-0.0296487808227539,0.0328521728515625,0.0285549163818359,0.0310544967651367,0.0195703506469726,0.017460823059082,0.0094919204711914,0.0043363571166992,0.0337896347045898,-0.0019140243530273,0.0011329650878906,0.0069141387939453,0.0301170349121094,-0.0091800689697265,-0.0612115859985352,-0.0001955032348632
2735,0.0166797637939453,,,0.0343360900878906,0.0301952362060547,-0.0296487808227539,0.0328521728515625,0.0285549163818359,0.0310544967651367,0.0195703506469726,0.017460823059082,0.0095701217651367,0.0043363571166992,0.0337896347045898,-0.001835823059082,0.0011329650878906,0.0069141387939453,0.0301170349121094,-0.0091800689697265,-0.0611333847045898,-0.0001955032348632
2740,0.0166797637939453,,,0.0343360900878906,0.0301952362060547,-0.0296487808227539,0.0328521728515625,0.0285549163818359,0.0310544967651367,0.0195703506469726,0.017460823059082,0.0095701217651367,0.0043363571166992,0.0337114334106445,-0.001835823059082,0.0011329650878906,0.0069141387939453,0.0301170349121094,-0.0091800689697265,-0.0611333847045898,-0.0001955032348632
2745,0.0167579650878906,,,0.0343360900878906,0.0301952362060547,-0.0296487808227539,0.0328521728515625,0.0285549163818359,0.0310544967651367,0.0195703506469726,0.017460823059082,0.0095701217651367,0.0043363571166992,0.0337114334106445,-0.001835823059082,0.0011329650878906,0.0069141387939453,0.0301170349121094,-0.0091018676757812,-0.0610551834106445,-0.0001955032348632
2750,0.0167579650878906,,,0.0343360900878906,0.0301952362060547,-0.0296487808227539,0.0328521728515625,0.0285549163818359,0.0310544967651367,0.0195703506469726,0.017460823059082,0.0095701217651367,0.0043363571166992,0.0337114334106445,-0.001835823059082,0.0011329650878906,0.0069141387939453,0.0301170349121094,-0.0091018676757812,-0.0610551834106445,-0.0001955032348632
2755,0.0167579650878906,,,0.0343360900878906,0.0301952362060547,-0.0296487808227539,0.0327739715576172,0.0285549163818359,0.0310544967651367,0.0195703506469726,0.017460823059082,0.0095701217651367,0.0043363571166992,0.0336332321166992,-0.001835823059082,0.0011329650878906,0.0069141387939453,0.0301170349121094,-0.0091018676757812,-0.0609769821166992,-0.0001955032348632
2760,0.0167579650878906,,,0.0342578887939453,0.0301952362060547,-0.0296487808227539,0.0327739715576172,0.0285549163818359,0.0310544967651367,0.0194921493530273,0.017460823059082,0.0095701217651367,0.0043363571166992,0.0336332321166992,-0.001835823059082,0.0011329650878906,0.0069141387939453,0.0301170349121094,-0.0090236663818359,-0.0609769821166992,-0.0001955032348632
2765,0.0167579650878906,,,0.0342578887939453,0.0301952362060547,-0.0296487808227539,0.0327739715576172,0.0285549163818359,0.0310544967651367,0.0194921493530273,0.017460823059082,0.0095701217651367,0.0043363571166992,0.0335550308227539,-0.001835823059082,0.0011329650878906,0.0069141387939453,0.0301170349121094,-0.0090236663818359,-0.0608987808227539,-0.0001955032348632
2770,0.0167579650878906,,,0.0342578887939453,0.0301952362060547,-0.0296487808227539,0.0327739715576172,0.0285549163818359,0.0310544967651367,0.0194921493530273,0.017460823059082,0.0095701217651367,0.0043363571166992,0.0335550308227539,-0.001835823059082,0.0011329650878906,0.0069141387939453,0.0301170349121094,-0.0090236663818359,-0.0608987808227539,-0.0001955032348632
2775,0.0167579650878906,,,0.0342578887939453,0.0301952362060547,-0.0296487808227539,0.0327739715576172,0.0285549163818359,0.0310544967651367,0.0194921493530273,0.017460823059082,0.0095701217651367,0.0043363571166992,0.0335550308227539,-0.0017576217651367,0.0011329650878906,0.0069141387939453,0.0301170349121094,-0.0090236663818359,-0.0608987808227539,-0.0001955032348632
2780,0.0167579650878906,,,0.0341796875,0.0301952362060547,-0.0296487808227539,0.0327739715576172,0.0284767150878906,0.0310544967651367,0.0194921493530273,0.017460823059082,0.0095701217651367,0.0043363571166992,0.0334768295288086,-0.0017576217651367,0.0011329650878906,0.0069141387939453,0.0301170349121094,-0.0089454650878906,-0.0608205795288086,-0.0001955032348632
2785,0.0167579650878906,,,0.0341796875,0.0301952362060547,-0.0296487808227539,0.0327739715576172,0.0284767150878906,0.0310544967651367,0.0194921493530273,0.017460823059082,0.0095701217651367,0.0043363571166992,0.0334768295288086,-0.0017576217651367,0.0011329650878906,0.0069141387939453,0.0301170349121094,-0.0089454650878906,-0.0608205795288086,-0.0001955032348632
2790,0.0167579650878906,,,0.0341796875,0.0301952362060547,-0.0296487808227539,0.0327739715576172,0.0284767150878906,0.0310544967651367,0.0194921493530273,0.017460823059082,0.009648323059082,0.0043363571166992,0.0333986282348633,-0.0017576217651367,0.0011329650878906,0.0069141387939453,0.0301170349121094,-0.0088672637939453,-0.0607423782348633,-0.0001955032348632
2795,0.0167579650878906,,,0.0341796875,0.0301952362060547,-0.0296487808227539,0.0327739715576172,0.0284767150878906,0.0310544967651367,0.0194921493530273,0.017460823059082,0.009648323059082,0.0043363571166992,0.0333986282348633,-0.0017576217651367,0.0011329650878906,0.0069141387939453,0.0301170349121094,-0.0088672637939453,-0.0607423782348633,-0.0001955032348632
2800,0.0167579650878906,,,0.0341796875,0.0301952362060547,-0.0296487808227539,0.0326957702636719,0.0284767150878906,0.0310544967651367,0.019413948059082,0.017460823059082,0.009648323059082,0.0043363571166992,0.0333986282348633,-0.0017576217651367,0.0010547637939453,0.0069141387939453,0.0301170349121094,-0.0088672637939453,-0.0606641769409179,-0.0001955032348632
2805,0.0167579650878906,,,0.0341014862060547,0.0301952362060547,-0.0296487808227539,0.0326957702636719,0.0284767150878906,0.0310544967651367,0.019413948059082,0.017460823059082,0.009648323059082,0.0043363571166992,0.0333204269409179,-0.0017576217651367,0.0010547637939453,0.0069141387939453,0.0301170349121094,-0.0088672637939453,-0.0606641769409179,-0.0001955032348632
2810,0.0167579650878906,,,0.0341014862060547,0.0301952362060547,-0.0296487808227539,0.0326957702636719,0.0284767150878906,0.0310544967651367,0.019413948059082,0.017460823059082,0.009648323059082,0.0043363571166992,0.0333204269409179,-0.0017576217651367,0.0010547637939453,0.0069141387939453,0.0301170349121094,-0.0087890625,-0.0605859756469727,-0.0001955032348632
2815,0.0167579650878906,,,0.0341014862060547,0.0301952362060547,-0.0296487808227539,0.0326957702636719,0.0284767150878906,0.0310544967651367,0.019413948059082,0.017460823059082,0.009648323059082,0.0043363571166992,0.0332422256469727,-0.0016794204711914,0.0010547637939453,0.0069141387939453,0.0301170349121094,-0.0087890625,-0.0605859756469727,-0.0001955032348632
2820,0.0167579650878906,,,0.0341014862060547,0.0301952362060547,-0.0296487808227539,0.0326957702636719,0.0284767150878906,0.0310544967651367,0.019413948059082,0.017460823059082,0.009648323059082,0.0042581558227539,0.0332422256469727,-0.0016794204711914,0.0010547637939453,0.0069141387939453,0.0301170349121094,-0.0087890625,-0.0605859756469727,-0.0001955032348632
2825,0.0167579650878906,,,0.0341014862060547,0.0301952362060547,-0.0296487808227539,0.0326957702636719,0.0284767150878906,0.0310544967651367,0.019413948059082,0.017460823059082,0.009648323059082,0.0042581558227539,0.0331640243530273,-0.0016794204711914,0.0010547637939453,0.0069141387939453,0.0301170349121094,-0.0087890625,-0.0605077743530273,-0.0001955032348632
2830,0.0167579650878906,,,0.0340232849121094,0.0301170349121094,-0.0296487808227539,0.0326957702636719,0.0283985137939453,0.0310544967651367,0.019413948059082,0.017460823059082,0.009648323059082,0.0042581558227539,0.0331640243530273,-0.0016794204711914,0.0010547637939453,0.0069141387939453,0.0301170349121094,-0.0087108612060546,-0.0605077743530273,-0.0001955032348632
2835,0.0167579650878906,,,0.0340232849121094,0.0301952362060547,-0.0296487808227539,0.0326175689697266,0.0283985137939453,0.0310544967651367,0.0193357467651367,0.017460823059082,0.009648323059082,0.0042581558227539,0.0331640243530273,-0.0016794204711914,0.0010547637939453,0.0069141387939453,0.0301170349121094,-0.0087108612060546,-0.060429573059082,-0.0001955032348632
2840,0.0167579650878906,,,0.0340232849121094,0.0301952362060547,-0.0295705795288086,0.0326175689697266,0.0283985137939453,0.0310544967651367,0.0193357467651367,0.017460823059082,0.0097265243530273,0.0042581558227539,0.033085823059082,-0.0016794204711914,0.0010547637939453,0.0069141387939453,0.0301170349121094,-0.0087108612060546,-0.060429573059082,-0.0001955032348632
2845,0.0167579650878906,,,0.0339450836181641,0.0301952362060547,-0.0295705795288086,0.0326175689697266,0.0283985137939453,0.0310544967651367,0.0193357467651367,0.017460823059082,0.0097265243530273,0.0042581558227539,0.033085823059082,-0.0016794204711914,0.0010547637939453,0.0069141387939453,0.0301170349121094,-0.0086326599121093,-0.0603513717651367,-0.0001955032348632
2850,0.0167579650878906,,,0.0339450836181641,0.0301170349121094,-0.0295705795288086,0.0326175689697266,0.0283985137939453,0.0310544967651367,0.0193357467651367,0.017460823059082,0.0097265243530273,0.0042581558227539,0.0330076217651367,-0.0016794204711914,0.0010547637939453,0.0069141387939453,0.0301170349121094,-0.0086326599121093,-0.0603513717651367,-0.0001955032348632
2855,0.0167579650878906,,,0.0339450836181641,0.0301170349121094,-0.0296487808227539,0.0326175689697266,0.0283985137939453,0.0310544967651367,0.0193357467651367,0.017460823059082,0.0097265243530273,0.0042581558227539,0.0330076217651367,-0.0016794204711914,0.0010547637939453,0.0069141387939453,0.0301170349121094,-0.0086326599121093,-0.0603513717651367,-0.0001955032348632
2860,0.0167579650878906,,,0.0338668823242188,0.0301170349121094,-0.0295705795288086,0.0326175689697266,0.0283985137939453,0.0310544967651367,0.0193357467651367,0.017460823059082,0.0097265243530273,0.0042581558227539,0.0329294204711914,-0.001601219177246,0.0010547637939453,0.0069141387939453,0.0301952362060547,-0.0086326599121093,-0.0602731704711914,-0.0001955032348632
2865,0.0167579650878906,,,0.0338668823242188,0.0301170349121094,-0.0295705795288086,0.0326175689697266,0.0283985137939453,0.0310544967651367,0.0193357467651367,0.017460823059082,0.0097265243530273,0.0042581558227539,0.0329294204711914,-0.001601219177246,0.0011329650878906,0.0069141387939453,0.0301952362060547,-0.008554458618164,-0.0602731704711914,-0.0001955032348632
2870,0.0167579650878906,,,0.0338668823242188,0.0301170349121094,-0.0295705795288086,0.0326175689697266,0.0283985137939453,0.0310544967651367,0.0193357467651367,0.017460823059082,0.0097265243530273,0.0042581558227539,0.0328521728515625,-0.001601219177246,0.0010547637939453,0.0069141387939453,0.0301952362060547,-0.008554458618164,-0.0601959228515625,-0.0001955032348632
2875,0.0167579650878906,,,0.0338668823242188,0.0301952362060547,-0.0295705795288086,0.0325393676757812,0.0283985137939453,0.0310544967651367,0.0192575454711914,0.017460823059082,0.0097265243530273,0.0042581558227539,0.0328521728515625,-0.001601219177246,0.0010547637939453,0.0069141387939453,0.0301952362060547,-0.008554458618164,-0.0601959228515625,-0.0001955032348632
2880,0.0167579650878906,,,0.0337896347045898,0.0301170349121094,-0.0295705795288086,0.0325393676757812,0.0283203125,0.0310544967651367,0.0192575454711914,0.017460823059082,0.0097265243530273,0.0042581558227539,0.0327739715576172,-0.001601219177246,0.0010547637939453,0.0069141387939453,0.0301952362060547,-0.008554458618164,-0.0601959228515625,-0.0001955032348632
2885,0.0167579650878906,,,0.0337896347045898,0.0301170349121094,-0.0295705795288086,0.0325393676757812,0.0283203125,0.0310544967651367,0.0192575454711914,0.017460823059082,0.0097265243530273,0.0042581558227539,0.0327739715576172,-0.001601219177246,0.0010547637939453,0.0069141387939453,0.0301952362060547,-0.0084762573242187,-0.0601177215576172,-0.0001955032348632
2890,0.0167579650878906,,,0.0337896347045898,0.0301170349121094,-0.0295705795288086,0.0325393676757812,0.0283203125,0.0310544967651367,0.0192575454711914,0.017460823059082,0.0098047256469726,0.0042581558227539,0.0327739715576172,-0.001601219177246,0.0010547637939453,0.0069141387939453,0.0301952362060547,-0.0084762573242187,-0.0601177215576172,-0.0001173019409179
2895,0.0167579650878906,,,0.0337114334106445,0.0301170349121094,-0.0295705795288086,0.0325393676757812,0.0283203125,0.0310544967651367,0.0192575454711914,0.017460823059082,0.0098047256469726,0.0042581558227539,0.0326957702636719,-0.001601219177246,0.0010547637939453,0.0069141387939453,0.0301952362060547,-0.0084762573242187,-0.0600395202636719,-0.0001955032348632
2900,0.0167579650878906,,,0.0337114334106445,0.0301170349121094,-0.0295705795288086,0.0325393676757812,0.0283203125,0.0310544967651367,0.0192575454711914,0.017460823059082,0.0098047256469726,0.0042581558227539,0.0326957702636719,-0.0015230178833007,0.0010547637939453,0.0069141387939453,0.0301952362060547,-0.0083980560302734,-0.0600395202636719,-0.0001955032348632
2905,0.0167579650878906,,,0.0337114334106445,0.0301170349121094,-0.0295705795288086,0.0324611663818359,0.0283203125,0.0310544967651367,0.0191793441772461,0.017460823059082,0.0098047256469726,0.0042581558227539,0.0326175689697266,-0.0015230178833007,0.0010547637939453,0.0069141387939453,0.0301952362060547,-0.0083980560302734,-0.0600395202636719,-0.0001173019409179
2910,0.0167579650878906,,,0.0337114334106445,0.0301170349121094,-0.0295705795288086,0.0324611663818359,0.0283203125,0.0310544967651367,0.0191793441772461,0.017460823059082,0.0098047256469726,0.0042581558227539,0.0326175689697266,-0.0015230178833007,0.0010547637939453,0.0069141387939453,0.0301952362060547,-0.0083980560302734,-0.0599613189697266,-0.0001955032348632
2915,0.0167579650878906,,,0.0336332321166992,0.0301170349121094,-0.0295705795288086,0.0324611663818359,0.0283203125,0.0310544967651367,0.0191793441772461,0.017460823059082,0.0098047256469726,0.0042581558227539,0.0325393676757812,-0.0015230178833007,0.0010547637939453,0.0069141387939453,0.0301952362060547,-0.0083980560302734,-0.0599613189697266,-0.0001955032348632
2920,0.0167579650878906,,,0.0336332321166992,0.0301170349121094,-0.0295705795288086,0.0324611663818359,0.0283203125,0.0310544967651367,0.0191793441772461,0.017460823059082,0.0098047256469726,0.0042581558227539,0.0325393676757812,-0.0015230178833007,0.0010547637939453,0.0069141387939453,0.0301952362060547,-0.0083198547363281,-0.0598831176757812,-0.0001173019409179
2925,0.0167579650878906,,,0.0336332321166992,0.0301170349121094,-0.0295705795288086,0.0324611663818359,0.0283203125,0.0310544967651367,0.0191793441772461,0.017460823059082,0.0098047256469726,0.0042581558227539,0.0324611663818359,-0.0015230178833007,0.0010547637939453,0.0069141387939453,0.0301952362060547,-0.0083198547363281,-0.0598831176757812,-0.0001173019409179
2930,0.0167579650878906,,,0.0335550308227539,0.0301170349121094,-0.0295705795288086,0.0324611663818359,0.0283203125,0.0310544967651367,0.0191793441772461,0.017460823059082,0.0098047256469726,0.0042581558227539,0.0324611663818359,-0.0015230178833007,0.0010547637939453,0.0069141387939453,0.0301952362060547,-0.0083198547363281,-0.0598049163818359,-0.0001173019409179
2935,0.0167579650878906,,,0.0335550308227539,0.0301170349121094,-0.0295705795288086,0.0324611663818359,0.0282421112060547,0.0310544967651367,0.0191793441772461,0.017460823059082,0.0098047256469726,0.0042581558227539,0.0324611663818359,-0.0015230178833007,0.0010547637939453,0.0069141387939453,0.0301952362060547,-0.0083198547363281,-0.0598049163818359,-0.0001173019409179
2940,0.0167579650878906,,,0.0335550308227539,0.0301170349121094,-0.0295705795288086,0.0323829650878906,0.0282421112060547,0.0310544967651367,0.0191793441772461,0.017460823059082,0.0098047256469726,0.0042581558227539,0.0323829650878906,-0.0014448165893554,0.0010547637939453,0.0069141387939453,0.0301952362060547,-0.0082426071166992,-0.0597267150878906,-0.0001173019409179
2945,0.0167579650878906,,,0.0334768295288086,0.0301170349121094,-0.0295705795288086,0.0323829650878906,0.0282421112060547,0.0310544967651367,0.0191020965576172,0.017460823059082,0.0098047256469726,0.0042581558227539,0.0323829650878906,-0.0014448165893554,0.0010547637939453,0.0069141387939453,0.0301952362060547,-0.0082426071166992,-0.0597267150878906,-0.0001173019409179
2950,0.0167579650878906,,,0.0334768295288086,0.0301170349121094,-0.0295705795288086,0.0323829650878906,0.0282421112060547,0.0310544967651367,0.0191020965576172,0.017460823059082,0.0098047256469726,0.0042581558227539,0.0323047637939453,-0.0014448165893554,0.0010547637939453,0.0069141387939453,0.0301952362060547,-0.0082426071166992,-0.0597267150878906,-0.0001173019409179
2955,0.0167579650878906,,,0.0334768295288086,0.0301170349121094,-0.0295705795288086,0.0323829650878906,0.0282421112060547,0.0310544967651367,0.0191020965576172,0.017460823059082,0.0098829269409179,0.0042581558227539,0.0323047637939453,-0.0014448165893554,0.0010547637939453,0.0069923400878906,0.0301952362060547,-0.0082426071166992,-0.0596485137939453,-0.0001173019409179
2960,0.0167579650878906,,,0.0333986282348633,0.0301170349121094,-0.0295705795288086,0.0323829650878906,0.0282421112060547,0.0310544967651367,0.0191020965576172,0.017460823059082,0.0098829269409179,0.0042581558227539,0.0322265625,-0.0014448165893554,0.0010547637939453,0.0069923400878906,0.0301952362060547,-0.0082426071166992,-0.0596485137939453,-0.0001173019409179
2965,0.0167579650878906,,,0.0333986282348633,0.0301170349121094,-0.0295705795288086,0.0323829650878906,0.0282421112060547,0.0310544967651367,0.0191020965576172,0.017460823059082,0.0098829269409179,0.0042581558227539,0.0322265625,-0.0014448165893554,0.0010547637939453,0.0069923400878906,0.0302734375,-0.0081644058227539,-0.0596485137939453,-0.0001173019409179
2970,0.0167579650878906,,,0.0333986282348633,0.0301170349121094,-0.0295705795288086,0.0323047637939453,0.0282421112060547,0.0310544967651367,0.0190238952636719,0.017460823059082,0.0098829269409179,0.0042581558227539,0.0321483612060547,-0.0014448165893554,0.0010547637939453,0.0069923400878906,0.0302734375,-0.0081644058227539,-0.0595703125,-0.0001173019409179
2975,0.0167579650878906,,,0.0333986282348633,0.0301170349121094,-0.0295705795288086,0.0323047637939453,0.0281639099121094,0.0310544967651367,0.0190238952636719,0.017460823059082,0.0098829269409179,0.0042581558227539,0.0321483612060547,-0.0014448165893554,0.0010547637939453,0.0069923400878906,0.0302734375,-0.0081644058227539,-0.0595703125,-0.0001173019409179
2980,0.0167579650878906,,,0.0333204269409179,0.0301170349121094,-0.0295705795288086,0.0323047637939453,0.0281639099121094,0.0310544967651367,0.0190238952636719,0.017460823059082,0.0098829269409179,0.0042581558227539,0.0320701599121094,-0.0014448165893554,0.0010547637939453,0.0069923400878906,0.0302734375,-0.0081644058227539,-0.0594921112060547,-0.0001173019409179
2985,0.0167579650878906,,,0.0333204269409179,0.0301170349121094,-0.0295705795288086,0.0323047637939453,0.0281639099121094,0.0310544967651367,0.0190238952636719,0.017460823059082,0.0098829269409179,0.0042581558227539,0.0320701599121094,-0.0013675689697265,0.0010547637939453,0.0069923400878906,0.0302734375,-0.0081644058227539,-0.0594921112060547,-0.0001173019409179
2990,0.0167579650878906,,,0.0333204269409179,0.0301170349121094,-0.0295705795288086,0.0323047637939453,0.0281639099121094,0.0310544967651367,0.0190238952636719,0.017460823059082,0.0098829269409179,0.0042581558227539,0.0319919586181641,-0.0013675689697265,0.0010547637939453,0.0069923400878906,0.0302734375,-0.0080862045288085,-0.0594921112060547,-0.0001173019409179
2995,0.0166797637939453,,,0.0332422256469727,0.0301170349121094,-0.0295705795288086,0.0323047637939453,0.0281639099121094,0.0310544967651367,0.0190238952636719,0.017460823059082,0.0098829269409179,0.0042581558227539,0.0319919586181641,-0.0013675689697265,0.0010547637939453,0.0069923400878906,0.0302734375,-0.0080862045288085,-0.0594139099121094,-0.0001173019409179
3000,0.0166797637939453,,,0.0332422256469727,0.0301170349121094,-0.0295705795288086,0.0323047637939453,0.0281639099121094,0.0310544967651367,0.0190238952636719,0.017460823059082,0.0098829269409179,0.0042581558227539,0.0319137573242188,-0.0013675689697265,0.0010547637939453,0.0069923400878906,0.0302734375,-0.0080862045288085,-0.0594139099121094,-0.0001173019409179
3005,0.0166797637939453,,,0.0332422256469727,0.0301170349121094,-0.0295705795288086,0.0322265625,0.0281639099121094,0.0310544967651367,0.0189456939697266,0.017460823059082,0.0098829269409179,0.0042581558227539,0.0319137573242188,-0.0013675689697265,0.0010547637939453,0.0069923400878906,0.0302734375,-0.0080862045288085,-0.0593357086181641,-0.0001173019409179
3010,0.0166797637939453,,,0.0332422256469727,0.0301170349121094,-0.0295705795288086,0.0322265625,0.0281639099121094,0.0310544967651367,0.0189456939697266,0.017460823059082,0.0098829269409179,0.0042581558227539,0.0318365097045898,-0.0013675689697265,0.0010547637939453,0.0069923400878906,0.0302734375,-0.0080862045288085,-0.0593357086181641,-0.0001173019409179
3015,0.0166797637939453,,,0.0331640243530273,0.0301170349121094,-0.0294923782348633,0.0322265625,0.0280857086181641,0.0310544967651367,0.0189456939697266,0.017460823059082,0.0098829269409179,0.0042581558227539,0.0318365097045898,-0.0013675689697265,0.0010547637939453,0.0069923400878906,0.0302734375,-0.0080080032348632,-0.0593357086181641,-0.0001173019409179
3020,0.0166797637939453,,,0.0331640243530273,0.0301170349121094,-0.0295705795288086,0.0322265625,0.0280857086181641,0.0310544967651367,0.0189456939697266,0.017460823059082,0.0098829269409179,0.0042581558227539,0.0317583084106445,-0.0013675689697265,0.0010547637939453,0.0069923400878906,0.0302734375,-0.0080080032348632,-0.0592584609985352,-0.0001173019409179
3025,0.0166797637939453,,,0.0331640243530273,0.0301170349121094,-0.0294923782348633,0.0322265625,0.0280857086181641,0.0310544967651367,0.0189456939697266,0.017460823059082,0.0099611282348632,0.0042581558227539,0.0317583084106445,-0.0013675689697265,0.0010547637939453,0.0069923400878906,0.0302734375,-0.0080080032348632,-0.0592584609985352,-0.0001173019409179
3030,0.0166797637939453,,,0.033085823059082,0.0301170349121094,-0.0294923782348633,0.0322265625,0.0280857086181641,0.0310544967651367,0.0189456939697266,0.017460823059082,0.0099611282348632,0.0042581558227539,0.0316801071166992,-0.0012893676757812,0.0010547637939453,0.0069923400878906,0.0302734375,-0.0080080032348632,-0.0592584609985352,-0.0001173019409179
3035,0.0166797637939453,,,0.033085823059082,0.0301170349121094,-0.0294923782348633,0.0322265625,0.0280857086181641,0.0310544967651367,0.0188674926757812,0.017460823059082,0.0099611282348632,0.0042581558227539,0.0316801071166992,-0.0012893676757812,0.0010547637939453,0.0069923400878906,0.0302734375,-0.0080080032348632,-0.0591802597045898,-0.0001173019409179
3040,0.0166797637939453,,,0.033085823059082,0.0301170349121094,-0.0294923782348633,0.0321483612060547,0.0280857086181641,0.0310544967651367,0.0188674926757812,0.017460823059082,0.0099611282348632,0.0042581558227539,0.0316019058227539,-0.0012893676757812,0.0010547637939453,0.0070705413818359,0.0302734375,-0.0079298019409179,-0.0591802597045898,-0.0001173019409179
3045,0.0166797637939453,,,0.033085823059082,0.0301170349121094,-0.0294923782348633,0.0321483612060547,0.0280857086181641,0.0310544967651367,0.0188674926757812,0.017460823059082,0.0099611282348632,0.0042581558227539,0.0316019058227539,-0.0012893676757812,0.0010547637939453,0.0070705413818359,0.0302734375,-0.0079298019409179,-0.0591020584106445,-0.0001173019409179
3050,0.0166797637939453,,,0.0330076217651367,0.0301170349121094,-0.0294923782348633,0.0321483612060547,0.0280857086181641,0.0310544967651367,0.0188674926757812,0.017460823059082,0.0099611282348632,0.0042581558227539,0.0315237045288086,-0.0012893676757812,0.0010547637939453,0.0070705413818359,0.0302734375,-0.0079298019409179,-0.0591020584106445,-0.0001173019409179
3055,0.0166797637939453,,,0.0330076217651367,0.0301170349121094,-0.0294923782348633,0.0321483612060547,0.0280857086181641,0.0310544967651367,0.0188674926757812,0.017460823059082,0.0099611282348632,0.0042581558227539,0.0315237045288086,-0.0012893676757812,0.0010547637939453,0.0070705413818359,0.0302734375,-0.0079298019409179,-0.0591020584106445,-0.0001173019409179
3060,0.0166797637939453,,,0.0330076217651367,0.0301170349121094,-0.0294923782348633,0.0321483612060547,0.0280857086181641,0.0310544967651367,0.0188674926757812,0.017460823059082,0.0099611282348632,0.0042581558227539,0.0314455032348633,-0.0012893676757812,0.0010547637939453,0.0070705413818359,0.0302734375,-0.0079298019409179,-0.0590238571166992,-0.0001173019409179
3065,0.0166797637939453,,,0.0329294204711914,0.0301170349121094,-0.0294923782348633,0.0321483612060547,0.0280857086181641,0.0310544967651367,0.0188674926757812,0.017460823059082,0.0099611282348632,0.0042581558227539,0.0314455032348633,-0.0012893676757812,0.0010547637939453,0.0070705413818359,0.0302734375,-0.0078516006469726,-0.0590238571166992,-3.91006469726562e-05
3070,0.0166797637939453,,,0.0329294204711914,0.0301170349121094,-0.0294923782348633,0.0321483612060547,0.0280075073242188,0.0310544967651367,0.0187892913818359,0.017460823059082,0.0099611282348632,0.0042581558227539,0.031367301940918,-0.0012893676757812,0.0010547637939453,0.0070705413818359,0.0302734375,-0.0078516006469726,-0.0590238571166992,-0.0001173019409179
3075,0.0166797637939453,,,0.0329294204711914,0.0301170349121094,-0.0294923782348633,0.0321483612060547,0.0280075073242188,0.0310544967651367,0.0187892913818359,0.017460823059082,0.0099611282348632,0.0042581558227539,0.031367301940918,-0.0012111663818359,0.0010547637939453,0.0070705413818359,0.0303516387939453,-0.0078516006469726,-0.0589456558227539,-3.91006469726562e-05
3080,0.0166797637939453,,,0.0328521728515625,0.0301170349121094,-0.0294923782348633,0.0320701599121094,0.0280075073242188,0.0310544967651367,0.0187892913818359,0.017460823059082,0.0099611282348632,0.0042581558227539,0.031367301940918,-0.0012111663818359,0.0010547637939453,0.0070705413818359,0.0303516387939453,-0.0078516006469726,-0.0589456558227539,-3.91006469726562e-05
3085,0.0166797637939453,,,0.0328521728515625,0.0301170349121094,-0.0294923782348633,0.0320701599121094,0.0280075073242188,0.0310544967651367,0.0187892913818359,0.017460823059082,0.0100393295288086,0.0042581558227539,0.0312891006469727,-0.0012111663818359,0.0010547637939453,0.0070705413818359,0.0303516387939453,-0.0078516006469726,-0.0589456558227539,-3.91006469726562e-05
3090,0.0166797637939453,,,0.0328521728515625,0.0301170349121094,-0.0294923782348633,0.0320701599121094,0.0280075073242188,0.0310544967651367,0.0187892913818359,0.017460823059082,0.0100393295288086,0.0042581558227539,0.0312891006469727,-0.0012111663818359,0.0010547637939453,0.0071487426757812,0.0303516387939453,-0.0078516006469726,-0.0588674545288086,-3.91006469726562e-05
3095,0.0166797637939453,,,0.0328521728515625,0.0301170349121094,-0.0294923782348633,0.0320701599121094,0.0280075073242188,0.0310544967651367,0.0187892913818359,0.017460823059082,0.0100393295288086,0.0042581558227539,0.0312108993530273,-0.0012111663818359,0.0010547637939453,0.0071487426757812,0.0303516387939453,-0.0078516006469726,-0.0588674545288086,-3.91006469726562e-05
3100,0.0166797637939453,,,0.0327739715576172,0.0301170349121094,-0.0294923782348633,0.0320701599121094,0.0280075073242188,0.0310544967651367,0.0187892913818359,0.017460823059082,0.0100393295288086,0.0042581558227539,0.0312108993530273,-0.0012111663818359,0.0010547637939453,0.0071487426757812,0.0303516387939453,-0.0077733993530273,-0.0588674545288086,-3.91006469726562e-05
3105,0.0166797637939453,,,0.0327739715576172,0.0301170349121094,-0.0294923782348633,0.0320701599121094,0.0280075073242188,0.0310544967651367,0.0187110900878906,0.017460823059082,0.0100393295288086,0.0042581558227539,0.031132698059082,-0.0012111663818359,0.0010547637939453,0.0071487426757812,0.0303516387939453,-0.0077733993530273,-0.0587892532348633,-3.91006469726562e-05
3110,0.0166797637939453,,,0.0326957702636719,0.0301170349121094,-0.0294923782348633,0.0320701599121094,0.0279302597045898,0.0310544967651367,0.0187110900878906,0.017460823059082,0.0100393295288086,0.0042581558227539,0.031132698059082,-0.0012111663818359,0.0010547637939453,0.0071487426757812,0.0303516387939453,-0.0077733993530273,-0.0587892532348633,-3.91006469726562e-05
3115,0.0166797637939453,,,0.0326957702636719,0.0301170349121094,-0.0294923782348633,0.0319919586181641,0.0279302597045898,0.0310544967651367,0.0187110900878906,0.017460823059082,0.0100393295288086,0.0042581558227539,0.0310544967651367,-0.0012111663818359,0.0010547637939453,0.0071487426757812,0.0303516387939453,-0.0077733993530273,-0.0587110519409179,-3.91006469726562e-05
3120,0.0166797637939453,,,0.0326957702636719,0.0301170349121094,-0.0294923782348633,0.0320701599121094,0.0279302597045898,0.0310544967651367,0.0187110900878906,0.017460823059082,0.0100393295288086,0.0042581558227539,0.0310544967651367,-0.0012111663818359,0.0010547637939453,0.0071487426757812,0.0303516387939453,-0.0077733993530273,-0.0587110519409179,-3.91006469726562e-05
3125,0.0166797637939453,,,0.0326957702636719,0.0301170349121094,-0.0294923782348633,0.0319919586181641,0.0279302597045898,0.0310544967651367,0.0187110900878906,0.017460823059082,0.0100393295288086,0.0042581558227539,0.0309762954711914,-0.0011329650878906,0.0010547637939453,0.0071487426757812,0.0303516387939453,-0.0077733993530273,-0.0587110519409179,-3.91006469726562e-05
3130,0.0166797637939453,,,0.0326175689697266,0.0301170349121094,-0.0294923782348633,0.0319919586181641,0.0279302597045898,0.0310544967651367,0.0187110900878906,0.017460823059082,0.0100393295288086,0.0041799545288085,0.0309762954711914,-0.0011329650878906,0.0010547637939453,0.0071487426757812,0.0303516387939453,-0.007695198059082,-0.0587110519409179,-3.91006469726562e-05
3135,0.0166797637939453,,,0.0326175689697266,0.0301170349121094,-0.0294923782348633,0.0319919586181641,0.0279302597045898,0.0310544967651367,0.0186328887939453,0.017460823059082,0.0100393295288086,0.0041799545288085,0.0308990478515625,-0.0011329650878906,0.0010547637939453,0.0072269439697265,0.0303516387939453,-0.007695198059082,-0.0586328506469727,-3.91006469726562e-05
3140,0.0166797637939453,,,0.0326175689697266,0.0301170349121094,-0.0294923782348633,0.0319919586181641,0.0279302597045898,0.0310544967651367,0.0186328887939453,0.017460823059082,0.0100393295288086,0.0041799545288085,0.0308990478515625,-0.0011329650878906,0.0010547637939453,0.0072269439697265,0.0303516387939453,-0.007695198059082,-0.0586328506469727,-3.91006469726562e-05
3145,0.0166797637939453,,,0.0325393676757812,0.0301170349121094,-0.029414176940918,0.0319919586181641,0.0279302597045898,0.0310544967651367,0.0186328887939453,0.017460823059082,0.0100393295288086,0.0042581558227539,0.0308208465576172,-0.0011329650878906,0.0010547637939453,0.0072269439697265,0.0303516387939453,-0.007695198059082,-0.0585546493530273,-3.91006469726562e-05
3150,0.0166797637939453,,,0.0325393676757812,0.0301170349121094,-0.0294923782348633,0.0319919586181641,0.0278520584106445,0.0310544967651367,0.0186328887939453,0.017460823059082,0.0100393295288086,0.0041799545288085,0.0308208465576172,-0.0011329650878906,0.0010547637939453,0.0072269439697265,0.0303516387939453,-0.007695198059082,-0.0585546493530273,-3.91006469726562e-05
3155,0.0166797637939453,,,0.0325393676757812,0.0301170349121094,-0.0294923782348633,0.0319919586181641,0.0278520584106445,0.0310544967651367,0.0186328887939453,0.017460823059082,0.0100393295288086,0.0041799545288085,0.0307426452636719,-0.0011329650878906,0.0010547637939453,0.0072269439697265,0.0303516387939453,-0.007695198059082,-0.0585546493530273,-3.91006469726562e-05
3160,0.0166797637939453,,,0.0324611663818359,0.0301170349121094,-0.029414176940918,0.0319137573242188,0.0278520584106445,0.0310544967651367,0.0186328887939453,0.017460823059082,0.0101175308227539,0.0041799545288085,0.0307426452636719,-0.0010547637939453,0.0010547637939453,0.0072269439697265,0.0303516387939453,-0.0076169967651367,-0.058476448059082,-3.91006469726562e-05
3165,0.0166797637939453,,,0.0324611663818359,0.0301170349121094,-0.029414176940918,0.0319137573242188,0.0278520584106445,0.0310544967651367,0.0186328887939453,0.017460823059082,0.0101175308227539,0.0041799545288085,0.0306644439697266,-0.0011329650878906,0.0010547637939453,0.0072269439697265,0.0303516387939453,-0.0076169967651367,-0.058476448059082,-3.91006469726562e-05
3170,0.0166797637939453,,,0.0324611663818359,0.0301170349121094,-0.0294923782348633,0.0319137573242188,0.0278520584106445,0.0310544967651367,0.0185546875,0.0173826217651367,0.0100393295288086,0.0041799545288085,0.0305862426757812,-0.0010547637939453,0.0010547637939453,0.0073051452636718,0.0303516387939453,-0.0076169967651367,-0.058476448059082,-3.91006469726562e-05
3175,0.0166797637939453,,,0.0323829650878906,0.0301170349121094,-0.029414176940918,0.0319137573242188,0.0278520584106445,0.0310544967651367,0.0185546875,0.0173826217651367,0.0101175308227539,0.0041799545288085,0.0305862426757812,-0.0010547637939453,0.0010547637939453,0.0073051452636718,0.0303516387939453,-0.0076169967651367,-0.058476448059082,-3.91006469726562e-05
3180,0.0166797637939453,,,0.0323829650878906,0.0301170349121094,-0.029414176940918,0.0319137573242188,0.0278520584106445,0.0310544967651367,0.0185546875,0.0173826217651367,0.0101175308227539,0.0041799545288085,0.0305080413818359,-0.0010547637939453,0.0010547637939453,0.0073051452636718,0.0303516387939453,-0.0076169967651367,-0.0583982467651367,-3.91006469726562e-05
3185,0.0166797637939453,,,0.0323829650878906,0.0301170349121094,-0.0294923782348633,0.0318365097045898,0.0277738571166992,0.0310544967651367,0.0185546875,0.0173826217651367,0.0101175308227539,0.0041799545288085,0.0305080413818359,-0.0010547637939453,0.0010547637939453,0.0073051452636718,0.0304298400878906,-0.0076169967651367,-0.0583982467651367,-3.91006469726562e-05
3190,0.0166797637939453,,,0.0323047637939453,0.0301170349121094,-0.029414176940918,0.0318365097045898,0.0277738571166992,0.0310544967651367,0.0185546875,0.0173826217651367,0.0101175308227539,0.0041799545288085,0.0304298400878906,-0.0010547637939453,0.0010547637939453,0.0073051452636718,0.0304298400878906,-0.0076169967651367,-0.0583200454711914,-3.91006469726562e-05
3195,0.0166797637939453,,,0.0323047637939453,0.0301170349121094,-0.029414176940918,0.0318365097045898,0.0277738571166992,0.0310544967651367,0.0184764862060547,0.0173826217651367,0.0101175308227539,0.0041799545288085,0.0304298400878906,-0.0010547637939453,0.0010547637939453,0.0073833465576171,0.0304298400878906,-0.0076169967651367,-0.0583200454711914,-3.91006469726562e-05
3200,0.0166797637939453,,,0.0323047637939453,0.0301170349121094,-0.029414176940918,0.0318365097045898,0.0277738571166992,0.0310544967651367,0.0184764862060547,0.0173826217651367,0.0101175308227539,0.0041799545288085,0.0303516387939453,-0.0010547637939453,0.0011329650878906,0.0073833465576171,0.0304298400878906,-0.0075387954711914,-0.0582427978515625,3.91006469726562e-05
3205,0.0166797637939453,,,0.0322265625,0.0301170349121094,-0.029414176940918,0.0318365097045898,0.0277738571166992,0.0310544967651367,0.0184764862060547,0.0173826217651367,0.0101175308227539,0.0041799545288085,0.0303516387939453,-0.0010547637939453,0.0011329650878906,0.0073833465576171,0.0304298400878906,-0.0075387954711914,-0.0582427978515625,3.91006469726562e-05
3210,0.0166797637939453,,,0.0322265625,0.0301170349121094,-0.029414176940918,0.0318365097045898,0.0277738571166992,0.0310544967651367,0.0184764862060547,0.0173826217651367,0.0101175308227539,0.0041799545288085,0.0302734375,-0.0010547637939453,0.0011329650878906,0.0073833465576171,0.0304298400878906,-0.0075387954711914,-0.0582427978515625,-3.91006469726562e-05
3215,0.0166797637939453,,,0.0322265625,0.0301170349121094,-0.029414176940918,0.0318365097045898,0.0277738571166992,0.0310544967651367,0.0184764862060547,0.0173826217651367,0.0101175308227539,0.0041799545288085,0.0302734375,-0.0009765625,0.0011329650878906,0.0073833465576171,0.0304298400878906,-0.0075387954711914,-0.0581645965576172,3.91006469726562e-05
3220,0.0166797637939453,,,0.0321483612060547,0.0301170349121094,-0.029414176940918,0.0318365097045898,0.0276956558227539,0.0310544967651367,0.0184764862060547,0.0173826217651367,0.0101175308227539,0.0041799545288085,0.0301952362060547,-0.0009765625,0.0011329650878906,0.007460594177246,0.0304298400878906,-0.0075387954711914,-0.0581645965576172,3.91006469726562e-05
3225,0.0166797637939453,,,0.0321483612060547,0.0301170349121094,-0.029414176940918,0.0318365097045898,0.0276956558227539,0.0310544967651367,0.0183982849121094,0.0173826217651367,0.0101175308227539,0.0041799545288085,0.0301952362060547,-0.0009765625,0.0011329650878906,0.007460594177246,0.0304298400878906,-0.0075387954711914,-0.0581645965576172,3.91006469726562e-05
3230,0.0166797637939453,,,0.0321483612060547,0.0301170349121094,-0.029414176940918,0.0317583084106445,0.0276956558227539,0.0310544967651367,0.0183982849121094,0.017460823059082,0.0101175308227539,0.0041799545288085,0.0301170349121094,-0.0009765625,0.0011329650878906,0.007460594177246,0.0304298400878906,-0.0075387954711914,-0.0580863952636719,3.91006469726562e-05
3235,0.0166797637939453,,,0.0320701599121094,0.0301170349121094,-0.029414176940918,0.0317583084106445,0.0276956558227539,0.0309762954711914,0.0183982849121094,0.0173826217651367,0.0101175308227539,0.0041799545288085,0.0301170349121094,-0.0009765625,0.0011329650878906,0.007460594177246,0.0304298400878906,-0.0075387954711914,-0.0580863952636719,3.91006469726562e-05
3240,-0.0202732086181641,,,0.004648208618164,0.001601219177246,-0.062382698059082,-0.0003519058227539,-0.0202732086181641,0.0076169967651367,-0.005742073059082,-0.0073823928833007,-0.015742301940918,-0.0194921493530273,-0.006601333618164,-0.0087890625,-0.0187110900878906,-0.0058984756469726,0.0148830413818359,-0.0219144821166992,-0.0669927597045898,-0.0334768295288086
3245,-0.0175390243530273,,,0.0068359375,0.0045700073242187,-0.0602731704711914,0.0022268295288085,-0.0073051452636718,0.0078516006469726,-0.0055856704711914,-0.0073051452636718,-0.0156641006469727,-0.0194921493530273,0.0159769058227539,-0.0087890625,-0.0187110900878906,-0.0058202743530273,0.0148830413818359,-0.0219144821166992,-0.0669145584106445,-0.0333986282348633
3250,-0.0156641006469727,,,0.0079298019409179,0.0063676834106445,-0.0586328506469727,0.0037107467651367,-0.001601219177246,0.0080080032348632,-0.0051956176757812,-0.0069923400878906,-0.0153512954711914,-0.0192575454711914,0.0160551071166992,-0.0087108612060546,-0.0186328887939453,-0.0058202743530273,0.0149612426757812,-0.0218362808227539,-0.0668363571166992,-0.0332422256469727
3255,-0.0144920349121094,,,0.0086326599121093,0.0073051452636718,-0.0576171875,0.0048046112060546,0.0019922256469726,0.0083208084106445,-0.0048046112060546,-0.0066795349121093,-0.0151176452636719,-0.0190238952636719,0.0160551071166992,-0.0087108612060546,-0.0185546875,-0.005742073059082,0.0149612426757812,-0.0217580795288086,-0.0667581558227539,-0.0331640243530273
3260,-0.0136327743530272,,,0.0091018676757812,0.0079298019409179,-0.0569143295288086,0.0056638717651367,0.0041799545288085,0.008554458618164,-0.0044918060302734,-0.0064449310302734,-0.0148048400878906,-0.0187892913818359,0.0161333084106445,-0.0087108612060546,-0.0184764862060547,-0.005742073059082,0.0149612426757812,-0.0217580795288086,-0.0666799545288086,-0.033085823059082
3265,-0.0130081176757812,,,0.0094919204711914,0.008554458618164,-0.0564451217651367,0.0063676834106445,0.005507469177246,0.0087890625,-0.0041017532348632,-0.0061330795288085,-0.0145702362060547,-0.0184764862060547,0.0161333084106445,-0.0086326599121093,-0.0183982849121094,-0.005742073059082,0.0150394439697266,-0.0217580795288086,-0.0666799545288086,-0.0330076217651367
3270,-0.0124607086181641,,,0.0098829269409179,0.0091018676757812,-0.0559768676757812,0.0069141387939453,0.0062894821166992,0.0090236663818359,-0.003788948059082,-0.0058202743530273,-0.0142574310302734,-0.0182418823242188,0.0161333084106445,-0.0086326599121093,-0.0183200836181641,-0.0056638717651367,0.0150394439697266,-0.0216798782348633,-0.0666017532348633,-0.0329294204711914
3275,-0.0119924545288086,,,0.0101957321166992,0.0094919204711914,-0.0555076599121094,0.0073051452636718,0.0068359375,0.0092582702636718,-0.0034761428833007,-0.0055856704711914,-0.0140237808227539,-0.0180082321166992,0.0161333084106445,-0.0086326599121093,-0.0183200836181641,-0.0056638717651367,0.0151176452636719,-0.0216798782348633,-0.066523551940918,-0.0328512191772461
3280,-0.011601448059082,,,0.0105075836181641,0.0098829269409179,-0.0551176071166992,0.007695198059082,0.0071487426757812,0.009413719177246,-0.0031642913818359,-0.0053520202636718,-0.0138673782348633,-0.0177736282348633,0.0161333084106445,-0.0086326599121093,-0.0182418823242188,-0.0056638717651367,0.0151176452636719,-0.0216798782348633,-0.066523551940918,-0.0327739715576172
3285,-0.0111331939697266,,,0.0108203887939453,0.0102739334106445,-0.0548048019409179,0.0080080032348632,0.0073833465576171,0.0095701217651367,-0.0029296875,-0.0051174163818359,-0.0136327743530272,-0.0176172256469726,0.0161333084106445,-0.008554458618164,-0.0182418823242188,-0.0056638717651367,0.0151176452636719,-0.0216798782348633,-0.066523551940918,-0.0326957702636719
3290,-0.0107421875,,,0.0111331939697266,0.0105075836181641,-0.0544919967651367,0.0083208084106445,0.0076169967651367,0.0097265243530273,-0.0026168823242187,-0.0049610137939453,-0.0134763717651367,-0.0173826217651367,0.0161333084106445,-0.008554458618164,-0.0181636810302734,-0.0056638717651367,0.0151958465576172,-0.021601676940918,-0.0664453506469727,-0.0326957702636719
3295,-0.0103511810302734,,,0.0113668441772461,0.0108203887939453,-0.0542583465576172,0.0086326599121093,0.007695198059082,0.0098829269409179,-0.0023832321166992,-0.0047264099121093,-0.0132417678833008,-0.0172262191772461,0.0162115097045898,-0.0084762573242187,-0.0181636810302734,-0.0055856704711914,0.0151958465576172,-0.021601676940918,-0.0664453506469727,-0.0326175689697266
3300,-0.0100393295288086,,,0.0115232467651367,0.0110549926757812,-0.0539455413818359,0.0088672637939453,0.0078516006469726,0.0100393295288086,-0.0022268295288085,-0.0045700073242187,-0.0131645202636719,-0.0170707702636719,0.0162115097045898,-0.0084762573242187,-0.0180864334106445,-0.0055856704711914,0.0151958465576172,-0.021601676940918,-0.0664453506469727,-0.0325393676757812
3305,-0.0097265243530273,,,0.0117578506469727,0.0112895965576172,-0.0537109375,0.0091018676757812,0.0079298019409179,0.0101175308227539,-0.0019922256469726,-0.0044136047363281,-0.0130081176757812,-0.0169143676757812,0.0162115097045898,-0.0083980560302734,-0.0180864334106445,-0.0055856704711914,0.0152730941772461,-0.021601676940918,-0.0663671493530273,-0.0325393676757812
3310,-0.009413719177246,,,0.0119924545288086,0.0115232467651367,-0.0534763336181641,0.0093364715576171,0.0079298019409179,0.0102739334106445,-0.001835823059082,-0.0041799545288085,-0.0128517150878906,-0.0168361663818359,0.0162115097045898,-0.0083980560302734,-0.0180082321166992,-0.0055856704711914,0.0152730941772461,-0.021601676940918,-0.0663671493530273,-0.0324611663818359
3315,-0.0091018676757812,,,0.0121488571166992,0.0117578506469727,-0.0532426834106445,0.0095701217651367,0.0080080032348632,0.0103511810302734,-0.001601219177246,-0.0040235519409179,-0.0126953125,-0.0166797637939453,0.0162115097045898,-0.0083198547363281,-0.0180082321166992,-0.0055856704711914,0.0152730941772461,-0.021601676940918,-0.0663671493530273,-0.0323829650878906
3320,-0.0088672637939453,,,0.0123825073242188,0.0119924545288086,-0.0530080795288086,0.0097265243530273,0.0080862045288085,0.0105075836181641,-0.0014448165893554,-0.0038671493530273,-0.0125389099121094,-0.0165233612060547,0.0162115097045898,-0.0082426071166992,-0.0179300308227539,-0.0055856704711914,0.0152730941772461,-0.021601676940918,-0.066288948059082,-0.0323829650878906
3325,-0.008554458618164,,,0.0125389099121094,0.0121488571166992,-0.0528516769409179,0.0099611282348632,0.0080862045288085,0.0105857849121094,-0.0012893676757812,-0.0037107467651367,-0.0124607086181641,-0.0163669586181641,0.0161333084106445,-0.0082426071166992,-0.0179300308227539,-0.0055856704711914,0.0152730941772461,-0.021601676940918,-0.066288948059082,-0.0323047637939453
3330,-0.0083198547363281,,,0.0127735137939453,0.0123043060302734,-0.052617073059082,0.0101957321166992,0.0081644058227539,0.0107421875,-0.0010547637939453,-0.003554344177246,-0.0123043060302734,-0.0162887573242188,0.0161333084106445,-0.0081644058227539,-0.0179300308227539,-0.0055856704711914,0.0153512954711914,-0.021601676940918,-0.066288948059082,-0.0323047637939453
3335,-0.0080862045288085,,,0.0129299163818359,0.0124607086181641,-0.0524606704711914,0.0103511810302734,0.0081644058227539,0.0108203887939453,-0.0008983612060546,-0.0033979415893554,-0.0122261047363281,-0.0161333084106445,0.0161333084106445,-0.0080862045288085,-0.0179300308227539,-0.0055856704711914,0.0153512954711914,-0.021601676940918,-0.0662107467651367,-0.0322265625
3340,-0.0078516006469726,,,0.0130863189697266,0.0126171112060547,-0.0522270202636719,0.0105075836181641,0.0082426071166992,0.0108985900878906,-0.000741958618164,-0.0032424926757812,-0.0120706558227539,-0.0159769058227539,0.0161333084106445,-0.0080862045288085,-0.0178518295288086,-0.0055856704711914,0.0153512954711914,-0.0215234756469726,-0.0662107467651367,-0.0322265625
3345,-0.007695198059082,,,0.0132427215576172,0.0127735137939453,-0.0520706176757812,0.0106639862060547,0.0082426071166992,0.0109767913818359,-0.0005855560302734,-0.0031642913818359,-0.0119924545288086,-0.0158987045288086,0.0161333084106445,-0.0080080032348632,-0.0178518295288086,-0.005507469177246,0.0153512954711914,-0.0215234756469726,-0.0662107467651367,-0.0321483612060547
3350,-0.007460594177246,,,0.0133981704711914,0.0129299163818359,-0.0519142150878906,0.0108203887939453,0.0083208084106445,0.0110549926757812,-0.0005073547363281,-0.0030078887939453,-0.0119142532348633,-0.0158205032348633,0.0161333084106445,-0.0079298019409179,-0.0178518295288086,-0.005507469177246,0.0153512954711914,-0.0215234756469726,-0.0662107467651367,-0.0321483612060547
3355,-0.0073051452636718,,,0.013554573059082,0.0130863189697266,-0.0517578125,0.0109767913818359,0.0083208084106445,0.0111331939697266,-0.0003519058227539,-0.0028514862060546,-0.0117578506469727,-0.0156641006469727,0.0161333084106445,-0.0078516006469726,-0.0177736282348633,-0.005507469177246,0.0153512954711914,-0.0215234756469726,-0.0661334991455078,-0.0320701599121094
3360,-0.0070705413818359,,,0.0137109756469727,0.0133199691772461,-0.0516014099121094,0.0111331939697266,0.0083208084106445,0.0112113952636719,-0.0001955032348632,-0.0027732849121093,-0.0116796493530272,-0.0155858993530272,0.0161333084106445,-0.0077733993530273,-0.0177736282348633,-0.005507469177246,0.0154294967651367,-0.0215234756469726,-0.0661334991455078,-0.0320701599121094
3365,-0.0069141387939453,,,0.013789176940918,0.0134763717651367,-0.0514450073242188,0.0112895965576172,0.0083980560302734,0.0112895965576172,-0.0001173019409179,-0.0026168823242187,-0.011601448059082,-0.015507698059082,0.0161333084106445,-0.0077733993530273,-0.0177736282348633,-0.005507469177246,0.0154294967651367,-0.0215234756469726,-0.0661334991455078,-0.0319919586181641
3370,-0.0067577362060546,,,0.0139455795288086,0.013554573059082,-0.0512895584106445,0.0114450454711914,0.0083980560302734,0.0113668441772461,3.91006469726562e-05,-0.0025386810302734,-0.0115232467651367,-0.0154294967651367,0.0161333084106445,-0.007695198059082,-0.0177736282348633,-0.005507469177246,0.0154294967651367,-0.0215234756469726,-0.0661334991455078,-0.0319919586181641
3375,-0.006601333618164,,,0.0140237808227539,0.0137109756469727,-0.0512113571166992,0.011601448059082,0.0084762573242187,0.0114450454711914,0.0001173019409179,-0.0024604797363281,-0.0114450454711914,-0.0153512954711914,0.0161333084106445,-0.0076169967651367,-0.017695426940918,-0.005507469177246,0.0154294967651367,-0.0215234756469726,-0.0660552978515625,-0.0319137573242188
3380,-0.0064449310302734,,,0.0141801834106445,0.0138673782348633,-0.0510549545288086,0.0116796493530272,0.0084762573242187,0.0114450454711914,0.0001955032348632,-0.0023050308227539,-0.0113668441772461,-0.0152730941772461,0.0161333084106445,-0.0075387954711914,-0.017695426940918,-0.005507469177246,0.0154294967651367,-0.0215234756469726,-0.0660552978515625,-0.0319137573242188
3385,-0.0062894821166992,,,0.0142574310302734,0.0140237808227539,-0.0509767532348633,0.011836051940918,0.0084762573242187,0.0115232467651367,0.0002737045288085,-0.0022268295288085,-0.0112886428833008,-0.0151948928833008,0.0161333084106445,-0.0075387954711914,-0.017695426940918,-0.005507469177246,0.0154294967651367,-0.0215234756469726,-0.0660552978515625,-0.0319137573242188
3390,-0.0062112808227539,,,0.0144138336181641,0.0141019821166992,-0.0508203506469727,0.0119142532348633,0.008554458618164,0.0115232467651367,0.0003519058227539,-0.0021486282348632,-0.0112113952636719,-0.0151176452636719,0.0161333084106445,-0.007460594177246,-0.017695426940918,-0.005507469177246,0.0154294967651367,-0.0215234756469726,-0.0660552978515625,-0.0318355560302733
3395,-0.0060548782348632,,,0.0144920349121094,0.0142574310302734,-0.0507421493530273,0.0119924545288086,0.008554458618164,0.011601448059082,0.0004301071166992,-0.0020704269409179,-0.0111331939697266,-0.0150394439697266,0.0161333084106445,-0.0073823928833007,-0.017695426940918,-0.005507469177246,0.0154294967651367,-0.0215234756469726,-0.0660552978515625,-0.0318355560302733
3400,-0.0059766769409179,,,0.0145702362060547,0.0143356323242188,-0.050663948059082,0.0121488571166992,0.008554458618164,0.011601448059082,0.0005083084106445,-0.0019922256469726,-0.0110549926757812,-0.0150394439697266,0.0160551071166992,-0.0073051452636718,-0.017695426940918,-0.005507469177246,0.015507698059082,-0.0214452743530273,-0.0659770965576172,-0.0317583084106445
3405,-0.0058202743530273,,,0.0146484375,0.0144920349121094,-0.0505857467651367,0.0122270584106445,0.008554458618164,0.0116796493530272,0.0005855560302734,-0.0019140243530273,-0.0110549926757812,-0.0149612426757812,0.0160551071166992,-0.0073051452636718,-0.017695426940918,-0.005507469177246,0.015507698059082,-0.0215234756469726,-0.0659770965576172,-0.0317583084106445
3410,-0.005742073059082,,,0.0147266387939453,0.0145702362060547,-0.0504302978515625,0.0123043060302734,0.0086326599121093,0.0116796493530272,0.0006637573242187,-0.001835823059082,-0.0109767913818359,-0.0149612426757812,0.0160551071166992,-0.0072269439697265,-0.017695426940918,-0.005507469177246,0.015507698059082,-0.0214452743530273,-0.0659770965576172,-0.0317583084106445
3415,-0.0055856704711914,,,0.0148048400878906,0.0146484375,-0.0503520965576172,0.0123825073242188,0.0086326599121093,0.0116796493530272,0.000741958618164,-0.0017576217651367,-0.0108985900878906,-0.0148830413818359,0.0160551071166992,-0.0071487426757812,-0.017695426940918,-0.005507469177246,0.015507698059082,-0.0214452743530273,-0.0659770965576172,-0.0316801071166992
3420,-0.005507469177246,,,0.0148830413818359,0.0147266387939453,-0.0502738952636719,0.0125389099121094,0.0086326599121093,0.0117578506469727,0.0008201599121093,-0.0016794204711914,-0.0108985900878906,-0.0148048400878906,0.0160551071166992,-0.0071487426757812,-0.017695426940918,-0.005507469177246,0.015507698059082,-0.0214452743530273,-0.0659770965576172,-0.0316801071166992
3425,-0.0054292678833007,,,0.0149612426757812,0.0148048400878906,-0.0501956939697266,0.0126171112060547,0.0086326599121093,0.011836051940918,0.0008983612060546,-0.001601219177246,-0.0108203887939453,-0.0148048400878906,0.0160551071166992,-0.0070705413818359,-0.0176172256469726,-0.005507469177246,0.015507698059082,-0.0214452743530273,-0.0659770965576172,-0.0316801071166992
3430,-0.0053520202636718,,,0.0150394439697266,0.0149612426757812,-0.0501174926757812,0.0126953125,0.0087108612060546,0.011836051940918,0.0009765625,-0.0014448165893554,-0.0107421875,-0.0147266387939453,0.0160551071166992,-0.0069923400878906,-0.0176172256469726,-0.005507469177246,0.015507698059082,-0.0214452743530273,-0.0658988952636719,-0.0316019058227539
3435,-0.0051956176757812,,,0.0151176452636719,0.0150394439697266,-0.0500392913818359,0.0127735137939453,0.0087108612060546,0.0119142532348633,0.0009765625,-0.0013675689697265,-0.0106639862060547,-0.0146484375,0.0160551071166992,-0.0069923400878906,-0.0176172256469726,-0.005507469177246,0.0155858993530272,-0.0214452743530273,-0.0658988952636719,-0.0316019058227539
3440,-0.0051174163818359,,,0.0151958465576172,0.0151176452636719,-0.0499610900878906,0.0128517150878906,0.0087108612060546,0.0119142532348633,0.0010547637939453,-0.0012893676757812,-0.0106639862060547,-0.0146484375,0.0160551071166992,-0.0069141387939453,-0.0176172256469726,-0.005507469177246,0.0155858993530272,-0.0214452743530273,-0.0658988952636719,-0.0315237045288086
3445,-0.0050392150878906,,,0.0152730941772461,0.0151176452636719,-0.0498828887939453,0.0129299163818359,0.0087108612060546,0.0119924545288086,0.0011329650878906,-0.0012111663818359,-0.0105857849121094,-0.0145702362060547,0.0160551071166992,-0.0068359375,-0.0176172256469726,-0.005507469177246,0.0155858993530272,-0.0214452743530273,-0.0658988952636719,-0.0315237045288086
3450,-0.0049610137939453,,,0.0153512954711914,0.0151958465576172,-0.0498046875,0.0130081176757812,0.0087108612060546,0.0120706558227539,0.0012111663818359,-0.0011329650878906,-0.0105075836181641,-0.0144920349121094,0.0159769058227539,-0.0067577362060546,-0.0175390243530273,-0.005507469177246,0.0155858993530272,-0.0214452743530273,-0.0658206939697266,-0.0315237045288086
3455,-0.0048828125,,,0.0154294967651367,0.0152730941772461,-0.0497264862060547,0.0130081176757812,0.0087108612060546,0.0120706558227539,0.0012893676757812,-0.0010547637939453,-0.0104293823242188,-0.0144138336181641,0.0159769058227539,-0.0067577362060546,-0.0175390243530273,-0.005507469177246,0.0155858993530272,-0.0214452743530273,-0.0658988952636719,-0.0314455032348633
3460,-0.0048046112060546,,,0.0154294967651367,0.0153512954711914,-0.0497264862060547,0.0130863189697266,0.0087890625,0.0121488571166992,0.0013675689697265,-0.0008983612060546,-0.0104293823242188,-0.0144138336181641,0.0159769058227539,-0.0066795349121093,-0.0175390243530273,-0.005507469177246,0.0155858993530272,-0.0214452743530273,-0.0658206939697266,-0.0314455032348633
3465,-0.0047264099121093,,,0.015507698059082,0.0154294967651367,-0.0496482849121094,0.0131645202636719,0.0087890625,0.0121488571166992,0.0013675689697265,-0.0008201599121093,-0.0103511810302734,-0.0143356323242188,0.0159769058227539,-0.0066795349121093,-0.0175390243530273,-0.005507469177246,0.0155858993530272,-0.0214452743530273,-0.0658206939697266,-0.0314455032348633
3470,-0.004648208618164,,,0.0155858993530272,0.015507698059082,-0.0495700836181641,0.0132427215576172,0.0087890625,0.0122270584106445,0.0014457702636718,-0.000741958618164,-0.0103511810302734,-0.0143356323242188,0.0159769058227539,-0.006601333618164,-0.0175390243530273,-0.005507469177246,0.0155858993530272,-0.0214452743530273,-0.0658206939697266,-0.0314455032348633
3475,-0.004648208618164,,,0.0156641006469727,0.0155858993530272,-0.0494918823242188,0.0133199691772461,0.0087890625,0.0122270584106445,0.0015230178833007,-0.0006637573242187,-0.0102729797363281,-0.0142574310302734,0.0159769058227539,-0.0065231323242187,-0.0175390243530273,-0.005507469177246,0.0156641006469727,-0.0214452743530273,-0.0658206939697266,-0.031367301940918
3480,-0.0045700073242187,,,0.0156641006469727,0.0155858993530272,-0.0494146347045898,0.0133199691772461,0.0087890625,0.0122270584106445,0.0015230178833007,-0.0005855560302734,-0.0101957321166992,-0.0142574310302734,0.0158987045288086,-0.0065231323242187,-0.0175390243530273,-0.005507469177246,0.0156641006469727,-0.0214452743530273,-0.0658206939697266,-0.031367301940918
3485,-0.0044918060302734,,,0.015742301940918,0.0156641006469727,-0.0494146347045898,0.0133981704711914,0.0087890625,0.0122270584106445,0.001601219177246,-0.0005073547363281,-0.0101957321166992,-0.0142574310302734,0.0158987045288086,-0.0064449310302734,-0.0175390243530273,-0.0055856704711914,0.0156641006469727,-0.0214452743530273,-0.0658206939697266,-0.031367301940918
3490,-0.0044136047363281,,,0.015742301940918,0.015742301940918,-0.0493364334106445,0.0134763717651367,0.0087890625,0.0122270584106445,0.001601219177246,-0.0004301071166992,-0.0101957321166992,-0.0141792297363281,0.0158987045288086,-0.0064449310302734,-0.0175390243530273,-0.0055856704711914,0.0156641006469727,-0.0214452743530273,-0.0658206939697266,-0.031367301940918
3495,-0.0044136047363281,,,0.0158205032348633,0.015742301940918,-0.0492582321166992,0.013554573059082,0.0087890625,0.0123043060302734,0.0016794204711914,-0.0003519058227539,-0.0101175308227539,-0.0141792297363281,0.0158987045288086,-0.0063667297363281,-0.0175390243530273,-0.0055856704711914,0.0156641006469727,-0.0214452743530273,-0.0658206939697266,-0.0312891006469727
3500,-0.0043363571166992,,,0.0158987045288086,0.0158205032348633,-0.0492582321166992,0.013554573059082,0.0087890625,0.0123043060302734,0.0016794204711914,-0.0002737045288085,-0.0100393295288086,-0.0141019821166992,0.0158987045288086,-0.0063667297363281,-0.0175390243530273,-0.0055856704711914,0.0156641006469727,-0.0214452743530273,-0.0658206939697266,-0.0312891006469727
3505,-0.0042581558227539,,,0.0158987045288086,0.0158987045288086,-0.0491800308227539,0.0136327743530272,0.0087890625,0.0123825073242188,0.0017576217651367,-0.0001955032348632,-0.0100393295288086,-0.0141019821166992,0.0158987045288086,-0.0062894821166992,-0.0175390243530273,-0.0055856704711914,0.0156641006469727,-0.0214452743530273,-0.0657424926757812,-0.0312891006469727
3510,-0.0041799545288085,,,0.0159769058227539,0.0158987045288086,-0.0491018295288086,0.0136327743530272,0.0088672637939453,0.0124607086181641,0.001835823059082,-0.0001173019409179,-0.0099611282348632,-0.0140237808227539,0.0158205032348633,-0.0062894821166992,-0.0175390243530273,-0.0055856704711914,0.0156641006469727,-0.0214452743530273,-0.0657424926757812,-0.0312108993530273
3515,-0.0041799545288085,,,0.0159769058227539,0.0159769058227539,-0.0491018295288086,0.0137109756469727,0.0088672637939453,0.0124607086181641,0.0019140243530273,3.91006469726562e-05,-0.0099611282348632,-0.0139455795288086,0.0158205032348633,-0.0062112808227539,-0.017460823059082,-0.0055856704711914,0.0156641006469727,-0.0214452743530273,-0.0657424926757812,-0.0312108993530273
3520,-0.0041017532348632,,,0.0160551071166992,0.0159769058227539,-0.0490236282348633,0.013789176940918,0.0088672637939453,0.0125389099121094,0.0019140243530273,0.0001173019409179,-0.0098829269409179,-0.0139455795288086,0.0158205032348633,-0.0061330795288085,-0.017460823059082,-0.005507469177246,0.0156641006469727,-0.0214452743530273,-0.0656642913818359,-0.0312108993530273
3525,-0.0040235519409179,,,0.0160551071166992,0.0160551071166992,-0.0490236282348633,0.013789176940918,0.0088672637939453,0.0125389099121094,0.0019922256469726,0.0001955032348632,-0.0098047256469726,-0.0138673782348633,0.0158205032348633,-0.0061330795288085,-0.017460823059082,-0.005507469177246,0.0156641006469727,-0.0214452743530273,-0.0656642913818359,-0.031132698059082
3530,-0.0040235519409179,,,0.0161333084106445,0.0161333084106445,-0.0489454269409179,0.0138673782348633,0.0088672637939453,0.0125389099121094,0.0020704269409179,0.0002737045288085,-0.0098047256469726,-0.0138673782348633,0.0158205032348633,-0.0060548782348632,-0.017460823059082,-0.0055856704711914,0.0156641006469727,-0.0214452743530273,-0.0656642913818359,-0.031132698059082
3535,-0.0039453506469726,,,0.0161333084106445,0.0161333084106445,-0.0489454269409179,0.0138673782348633,0.0088672637939453,0.0126171112060547,0.0020704269409179,0.0003519058227539,-0.0097265243530273,-0.013789176940918,0.0158205032348633,-0.0060548782348632,-0.017460823059082,-0.0055856704711914,0.0156641006469727,-0.021367073059082,-0.0656642913818359,-0.031132698059082
3540,-0.0039453506469726,,,0.0162115097045898,0.0162115097045898,-0.0488672256469727,0.0139455795288086,0.0088672637939453,0.0126171112060547,0.0021486282348632,0.0004301071166992,-0.0097265243530273,-0.013789176940918,0.0158205032348633,-0.0059766769409179,-0.017460823059082,-0.0055856704711914,0.015742301940918,-0.021367073059082,-0.0656642913818359,-0.0310544967651367
3545,-0.0038671493530273,,,0.0162115097045898,0.0162115097045898,-0.0487890243530273,0.0139455795288086,0.0088672637939453,0.0126171112060547,0.0021486282348632,0.0005855560302734,-0.009648323059082,-0.0137109756469727,0.0158205032348633,-0.0059766769409179,-0.017460823059082,-0.0055856704711914,0.015742301940918,-0.021367073059082,-0.0656642913818359,-0.0310544967651367
3550,-0.003788948059082,,,0.0162887573242188,0.0162887573242188,-0.0487890243530273,0.0140237808227539,0.0088672637939453,0.0126953125,0.0022268295288085,0.0006637573242187,-0.009648323059082,-0.0137109756469727,0.015742301940918,-0.0058984756469726,-0.0173826217651367,-0.005507469177246,0.015742301940918,-0.021367073059082,-0.0655860900878906,-0.0310544967651367
3555,-0.003788948059082,,,0.0162887573242188,0.0162887573242188,-0.048710823059082,0.0140237808227539,0.0088672637939453,0.0126953125,0.0023050308227539,0.000741958618164,-0.009648323059082,-0.0136327743530272,0.015742301940918,-0.0058984756469726,-0.0173826217651367,-0.0055856704711914,0.015742301940918,-0.021367073059082,-0.0655860900878906,-0.0310544967651367
3560,-0.0037107467651367,,,0.0163669586181641,0.0162887573242188,-0.048710823059082,0.0141019821166992,0.0088672637939453,0.0126953125,0.0023050308227539,0.0008201599121093,-0.0095701217651367,-0.0136327743530272,0.015742301940918,-0.0058202743530273,-0.0173826217651367,-0.0055856704711914,0.015742301940918,-0.021367073059082,-0.0655860900878906,-0.0309762954711914
3565,-0.0037107467651367,,,0.0163669586181641,0.0163669586181641,-0.0486326217651367,0.0141019821166992,0.0088672637939453,0.0127735137939453,0.0023832321166992,0.0008983612060546,-0.0095701217651367,-0.013554573059082,0.015742301940918,-0.005742073059082,-0.0173826217651367,-0.0055856704711914,0.015742301940918,-0.021367073059082,-0.0655860900878906,-0.0309762954711914
3570,-0.0036325454711914,,,0.0163669586181641,0.0163669586181641,-0.0486326217651367,0.0141019821166992,0.0088672637939453,0.0127735137939453,0.0023832321166992,0.0009765625,-0.0094919204711914,-0.013554573059082,0.015742301940918,-0.005742073059082,-0.0173826217651367,-0.0055856704711914,0.015742301940918,-0.021367073059082,-0.0655860900878906,-0.0309762954711914
3575,-0.0036325454711914,,,0.0164451599121094,0.0164451599121094,-0.0485544204711914,0.0141801834106445,0.0088672637939453,0.0127735137939453,0.0024614334106445,0.0010547637939453,-0.0094919204711914,-0.013554573059082,0.015742301940918,-0.0056638717651367,-0.0173826217651367,-0.0055856704711914,0.015742301940918,-0.021367073059082,-0.0655078887939453,-0.0309762954711914
3580,-0.0036325454711914,,,0.0164451599121094,0.0164451599121094,-0.0485544204711914,0.0141801834106445,0.0088672637939453,0.0128517150878906,0.0024614334106445,0.0011329650878906,-0.009413719177246,-0.0134763717651367,0.015742301940918,-0.0056638717651367,-0.0173826217651367,-0.0055856704711914,0.015742301940918,-0.021367073059082,-0.0655078887939453,-0.0308980941772461
3585,-0.003554344177246,,,0.0164451599121094,0.0164451599121094,-0.0485544204711914,0.0141801834106445,0.0088672637939453,0.0128517150878906,0.0025386810302734,0.0012111663818359,-0.009413719177246,-0.0134763717651367,0.015742301940918,-0.0055856704711914,-0.0173826217651367,-0.0055856704711914,0.015742301940918,-0.021367073059082,-0.0655078887939453,-0.0308980941772461
3590,-0.003554344177246,,,0.0165233612060547,0.0165233612060547,-0.0484771728515625,0.0142574310302734,0.0089454650878906,0.0129299163818359,0.0026168823242187,0.0013675689697265,-0.0093355178833007,-0.0133981704711914,0.015742301940918,-0.0055856704711914,-0.0173826217651367,-0.005507469177246,0.015742301940918,-0.021367073059082,-0.0655078887939453,-0.0308980941772461
3595,-0.0034761428833007,,,0.0165233612060547,0.0165233612060547,-0.0484771728515625,0.0142574310302734,0.0089454650878906,0.0129299163818359,0.0026168823242187,0.0014457702636718,-0.0093355178833007,-0.0133981704711914,0.015742301940918,-0.005507469177246,-0.0173826217651367,-0.0055856704711914,0.015742301940918,-0.0212888717651367,-0.0655078887939453,-0.0308208465576172
3600,-0.0034761428833007,,,0.0166015625,0.0166015625,-0.0483989715576172,0.0143356323242188,0.0089454650878906,0.0129299163818359,0.002695083618164,0.0015230178833007,-0.0093355178833007,-0.0133199691772461,0.0156641006469727,-0.0054292678833007,-0.0173044204711914,-0.005507469177246,0.015742301940918,-0.0212888717651367,-0.0654296875,-0.0308208465576172
3605,-0.0033979415893554,,,0.0166015625,0.0166015625,-0.0483989715576172,0.0143356323242188,0.0089454650878906,0.0129299163818359,0.002695083618164,0.001601219177246,-0.0092582702636718,-0.0133199691772461,0.0156641006469727,-0.0054292678833007,-0.0173044204711914,-0.0055856704711914,0.015742301940918,-0.0212888717651367,-0.0654296875,-0.0308208465576172
3610,-0.0033979415893554,,,0.0166015625,0.0166015625,-0.0483207702636719,0.0143356323242188,0.0089454650878906,0.0130081176757812,0.002695083618164,0.0016794204711914,-0.0092582702636718,-0.0133199691772461,0.0156641006469727,-0.0054292678833007,-0.0173044204711914,-0.0055856704711914,0.015742301940918,-0.0212888717651367,-0.0654296875,-0.0308208465576172
3615,-0.0033979415893554,,,0.0166797637939453,0.0166797637939453,-0.0483207702636719,0.0144138336181641,0.0089454650878906,0.0130081176757812,0.0027732849121093,0.0017576217651367,-0.0092582702636718,-0.0132417678833008,0.0156641006469727,-0.0053520202636718,-0.0173044204711914,-0.0055856704711914,0.015742301940918,-0.0212888717651367,-0.0654296875,-0.0308208465576172
3620,-0.0033206939697265,,,0.0166797637939453,0.0166797637939453,-0.0483207702636719,0.0144138336181641,0.0089454650878906,0.0130081176757812,0.0027732849121093,0.001835823059082,-0.0091800689697265,-0.0132417678833008,0.0156641006469727,-0.0053520202636718,-0.0173044204711914,-0.0055856704711914,0.015742301940918,-0.0212888717651367,-0.0654296875,-0.0307426452636719
3625,-0.0033206939697265,,,0.0166797637939453,0.0166797637939453,-0.0482425689697266,0.0144138336181641,0.0089454650878906,0.0130081176757812,0.0028514862060546,0.0019140243530273,-0.0091800689697265,-0.0131645202636719,0.0156641006469727,-0.0052738189697265,-0.0173044204711914,-0.0055856704711914,0.015742301940918,-0.0212888717651367,-0.0654296875,-0.0307426452636719
3630,-0.0032424926757812,,,0.0166797637939453,0.0167579650878906,-0.0482425689697266,0.0144138336181641,0.0089454650878906,0.0130863189697266,0.0028514862060546,0.0019922256469726,-0.0091800689697265,-0.0131645202636719,0.0156641006469727,-0.0052738189697265,-0.0173044204711914,-0.0055856704711914,0.015742301940918,-0.0212888717651367,-0.0654296875,-0.0307426452636719
3635,-0.0032424926757812,,,0.0167579650878906,0.0167579650878906,-0.0482425689697266,0.0144920349121094,0.0089454650878906,0.0130863189697266,0.0028514862060546,0.0020704269409179,-0.0091018676757812,-0.0131645202636719,0.0156641006469727,-0.0051956176757812,-0.0173044204711914,-0.0055856704711914,0.015742301940918,-0.0212888717651367,-0.0653514862060547,-0.0307426452636719
3640,-0.0032424926757812,,,0.0167579650878906,0.0167579650878906,-0.0481643676757812,0.0144920349121094,0.0089454650878906,0.0130863189697266,0.0029296875,0.0021486282348632,-0.0091018676757812,-0.0131645202636719,0.0156641006469727,-0.0051956176757812,-0.0173044204711914,-0.0055856704711914,0.015742301940918,-0.0212888717651367,-0.0653514862060547,-0.0307426452636719
3645,-0.0032424926757812,,,0.0167579650878906,0.0167579650878906,-0.0481643676757812,0.0144920349121094,0.0089454650878906,0.0130863189697266,0.0029296875,0.0022268295288085,-0.0091018676757812,-0.0130863189697266,0.0156641006469727,-0.0051174163818359,-0.0173044204711914,-0.0055856704711914,0.015742301940918,-0.0212888717651367,-0.0653514862060547,-0.0306644439697266
3650,-0.0031642913818359,,,0.0167579650878906,0.0168361663818359,-0.0481643676757812,0.0145702362060547,0.0089454650878906,0.0130863189697266,0.0030078887939453,0.0023050308227539,-0.0090236663818359,-0.0130863189697266,0.0156641006469727,-0.0051174163818359,-0.0173044204711914,-0.0055856704711914,0.015742301940918,-0.0212888717651367,-0.0653514862060547,-0.0306644439697266
3655,-0.0031642913818359,,,0.0168361663818359,0.0168361663818359,-0.0480861663818359,0.0145702362060547,0.0089454650878906,0.0131645202636719,0.0030078887939453,0.0023832321166992,-0.0090236663818359,-0.0130081176757812,0.0156641006469727,-0.0050392150878906,-0.0173044204711914,-0.0055856704711914,0.015742301940918,-0.0212888717651367,-0.0652732849121094,-0.0306644439697266
3660,-0.0030860900878906,,,0.0168361663818359,0.0168361663818359,-0.0480861663818359,0.0145702362060547,0.0089454650878906,0.0131645202636719,0.0030078887939453,0.0024614334106445,-0.0090236663818359,-0.0130081176757812,0.0155858993530272,-0.0050392150878906,-0.0173044204711914,-0.0055856704711914,0.015742301940918,-0.0212888717651367,-0.0652732849121094,-0.0306644439697266
3665,-0.0030860900878906,,,0.0168361663818359,0.0168361663818359,-0.0480861663818359,0.0145702362060547,0.0089454650878906,0.0131645202636719,0.0030860900878906,0.0025386810302734,-0.0089454650878906,-0.0130081176757812,0.0155858993530272,-0.0049610137939453,-0.0173044204711914,-0.0055856704711914,0.015742301940918,-0.0212888717651367,-0.0652732849121094,-0.0305862426757812
3670,-0.0030860900878906,,,0.0168361663818359,0.0168361663818359,-0.0480079650878906,0.0145702362060547,0.0089454650878906,0.0132427215576172,0.0030860900878906,0.0026168823242187,-0.0089454650878906,-0.0129299163818359,0.0155858993530272,-0.0049610137939453,-0.0173044204711914,-0.0055856704711914,0.015742301940918,-0.0212888717651367,-0.0652732849121094,-0.0305862426757812
3675,-0.0030860900878906,,,0.0168361663818359,0.0168361663818359,-0.0480079650878906,0.0146484375,0.0089454650878906,0.0132427215576172,0.0031642913818359,0.002695083618164,-0.0089454650878906,-0.0129299163818359,0.0155858993530272,-0.0048828125,-0.0173044204711914,-0.0055856704711914,0.015742301940918,-0.0212888717651367,-0.0652732849121094,-0.0305862426757812
3680,-0.0030078887939453,,,0.0168361663818359,0.0169143676757812,-0.0480079650878906,0.0146484375,0.0089454650878906,0.0132427215576172,0.0031642913818359,0.0027732849121093,-0.0088672637939453,-0.0129299163818359,0.0155858993530272,-0.0048828125,-0.0173044204711914,-0.0055856704711914,0.015742301940918,-0.0212888717651367,-0.0652732849121094,-0.0305862426757812
3685,-0.0030078887939453,,,0.0169143676757812,0.0169143676757812,-0.0479297637939453,0.0146484375,0.0089454650878906,0.0132427215576172,0.0031642913818359,0.0028514862060546,-0.0088672637939453,-0.0128517150878906,0.0155858993530272,-0.0048046112060546,-0.0173044204711914,-0.0055856704711914,0.015742301940918,-0.0212888717651367,-0.0652732849121094,-0.0305862426757812
3690,-0.0030078887939453,,,0.0169143676757812,0.0169143676757812,-0.0479297637939453,0.0146484375,0.0090236663818359,0.0132427215576172,0.0032424926757812,0.0029296875,-0.0088672637939453,-0.0128517150878906,0.0155858993530272,-0.0048046112060546,-0.0173044204711914,-0.0055856704711914,0.015742301940918,-0.0212888717651367,-0.0652732849121094,-0.0305862426757812
3695,-0.0029296875,,,0.0169143676757812,0.0169143676757812,-0.0479297637939453,0.0147266387939453,0.0090236663818359,0.0132427215576172,0.0032424926757812,0.0030078887939453,-0.0088672637939453,-0.0128517150878906,0.0155858993530272,-0.0048046112060546,-0.0173044204711914,-0.0055856704711914,0.015742301940918,-0.0212888717651367,-0.0652732849121094,-0.0305080413818359
3700,-0.0029296875,,,0.0169143676757812,0.0169143676757812,-0.0479297637939453,0.0147266387939453,0.0090236663818359,0.0132427215576172,0.0032424926757812,0.0030078887939453,-0.0087890625,-0.0128517150878906,0.0155858993530272,-0.0047264099121093,-0.0173044204711914,-0.0055856704711914,0.015742301940918,-0.0212888717651367,-0.0651950836181641,-0.0305080413818359
3705,-0.0029296875,,,0.0169143676757812,0.0169143676757812,-0.0478515625,0.0147266387939453,0.0090236663818359,0.0132427215576172,0.0032424926757812,0.0030860900878906,-0.0087890625,-0.0128517150878906,0.0155858993530272,-0.0047264099121093,-0.0173044204711914,-0.0055856704711914,0.015742301940918,-0.0212888717651367,-0.0651950836181641,-0.0305080413818359
3710,-0.0029296875,,,0.0169925689697266,0.0169925689697266,-0.0478515625,0.0147266387939453,0.0090236663818359,0.0132427215576172,0.0033206939697265,0.0031642913818359,-0.0087890625,-0.0127735137939453,0.0155858993530272,-0.0047264099121093,-0.0173044204711914,-0.0055856704711914,0.015742301940918,-0.0212888717651367,-0.0652732849121094,-0.0305080413818359
3715,-0.0029296875,,,0.0169925689697266,0.0169925689697266,-0.0478515625,0.0147266387939453,0.0090236663818359,0.0133199691772461,0.0033206939697265,0.0032424926757812,-0.0087890625,-0.0127735137939453,0.0155858993530272,-0.004648208618164,-0.0173044204711914,-0.0055856704711914,0.015742301940918,-0.0212888717651367,-0.0651950836181641,-0.0305080413818359
3720,-0.0028514862060546,,,0.0169925689697266,0.0169925689697266,-0.0478515625,0.0147266387939453,0.0090236663818359,0.0133199691772461,0.0033206939697265,0.0033206939697265,-0.0087890625,-0.0127735137939453,0.015507698059082,-0.004648208618164,-0.0173044204711914,-0.0055856704711914,0.015742301940918,-0.0212888717651367,-0.0651950836181641,-0.0305080413818359
3725,-0.0028514862060546,,,0.0169925689697266,0.0169925689697266,-0.0477733612060547,0.0148048400878906,0.0090236663818359,0.0133199691772461,0.0033206939697265,0.0033988952636718,-0.0087108612060546,-0.0127735137939453,0.015507698059082,-0.0045700073242187,-0.0173044204711914,-0.0055856704711914,0.015742301940918,-0.0212888717651367,-0.0651950836181641,-0.0304298400878906
3730,-0.0028514862060546,,,0.0169925689697266,0.0169925689697266,-0.0477733612060547,0.0148048400878906,0.0090236663818359,0.0133199691772461,0.0033988952636718,0.0033988952636718,-0.0087108612060546,-0.0126953125,0.015507698059082,-0.0045700073242187,-0.0173044204711914,-0.0055856704711914,0.015742301940918,-0.0212106704711914,-0.0651950836181641,-0.0304298400878906
3735,-0.0028514862060546,,,0.0169925689697266,0.0169925689697266,-0.0477733612060547,0.0148048400878906,0.0090236663818359,0.0133199691772461,0.0033988952636718,0.0034761428833007,-0.0087108612060546,-0.0126953125,0.015507698059082,-0.0045700073242187,-0.0172262191772461,-0.0055856704711914,0.015742301940918,-0.0212106704711914,-0.0651178359985352,-0.0304298400878906
3740,-0.0027732849121093,,,0.0169925689697266,0.0169925689697266,-0.0477733612060547,0.0148048400878906,0.0090236663818359,0.0133981704711914,0.0033988952636718,0.003554344177246,-0.0086326599121093,-0.0126953125,0.015507698059082,-0.0044918060302734,-0.0172262191772461,-0.0055856704711914,0.015742301940918,-0.0212106704711914,-0.0651178359985352,-0.0304298400878906
3745,-0.0027732849121093,,,0.0169925689697266,0.0169925689697266,-0.0477733612060547,0.0148048400878906,0.0090236663818359,0.0133981704711914,0.0034761428833007,0.0036325454711914,-0.0086326599121093,-0.0126171112060547,0.015507698059082,-0.0044918060302734,-0.0172262191772461,-0.0055856704711914,0.015742301940918,-0.0212106704711914,-0.0651178359985352,-0.0304298400878906
3750,-0.0027732849121093,,,0.0169925689697266,0.0170707702636719,-0.0476951599121094,0.0148048400878906,0.0090236663818359,0.0133981704711914,0.0034761428833007,0.0037107467651367,-0.0086326599121093,-0.0126171112060547,0.015507698059082,-0.0044136047363281,-0.0172262191772461,-0.0055856704711914,0.015742301940918,-0.0212106704711914,-0.0651178359985352,-0.0304298400878906
3755,-0.0027732849121093,,,0.0170707702636719,0.0170707702636719,-0.0476951599121094,0.0148830413818359,0.0090236663818359,0.0133981704711914,0.0034761428833007,0.0037107467651367,-0.0086326599121093,-0.0126171112060547,0.015507698059082,-0.0044136047363281,-0.0172262191772461,-0.0055856704711914,0.015742301940918,-0.0212106704711914,-0.0651178359985352,-0.0303516387939453
3760,-0.0027732849121093,,,0.0170707702636719,0.0170707702636719,-0.0476951599121094,0.0148830413818359,0.0090236663818359,0.0133981704711914,0.003554344177246,0.003788948059082,-0.0086326599121093,-0.0125389099121094,0.015507698059082,-0.0044136047363281,-0.0172262191772461,-0.0055856704711914,0.015742301940918,-0.0212106704711914,-0.0651178359985352,-0.0303516387939453
3765,-0.002695083618164,,,0.0170707702636719,0.0170707702636719,-0.0476951599121094,0.0148830413818359,0.0090236663818359,0.0134763717651367,0.003554344177246,0.0038671493530273,-0.008554458618164,-0.0125389099121094,0.015507698059082,-0.0043363571166992,-0.0172262191772461,-0.0055856704711914,0.0158205032348633,-0.0212106704711914,-0.0650396347045898,-0.0303516387939453
3770,-0.002695083618164,,,0.0170707702636719,0.0170707702636719,-0.0476951599121094,0.0148830413818359,0.0090236663818359,0.0134763717651367,0.003554344177246,0.0039453506469726,-0.008554458618164,-0.0125389099121094,0.015507698059082,-0.0043363571166992,-0.0172262191772461,-0.0055856704711914,0.015742301940918,-0.0212106704711914,-0.0650396347045898,-0.0303516387939453
3775,-0.002695083618164,,,0.0170707702636719,0.0170707702636719,-0.0476951599121094,0.0148830413818359,0.0090236663818359,0.0134763717651367,0.0036325454711914,0.0040235519409179,-0.008554458618164,-0.0124607086181641,0.015507698059082,-0.0042581558227539,-0.0172262191772461,-0.0055856704711914,0.015742301940918,-0.0212106704711914,-0.0650396347045898,-0.0303516387939453
3780,-0.002695083618164,,,0.0170707702636719,0.0170707702636719,-0.0476951599121094,0.0148830413818359,0.0090236663818359,0.0134763717651367,0.0036325454711914,0.0041017532348632,-0.008554458618164,-0.0124607086181641,0.015507698059082,-0.0042581558227539,-0.0172262191772461,-0.0055856704711914,0.0158205032348633,-0.0212106704711914,-0.0650396347045898,-0.0302734375
3785,-0.002695083618164,,,0.0170707702636719,0.0170707702636719,-0.0476951599121094,0.0148830413818359,0.0090236663818359,0.0134763717651367,0.0036325454711914,0.0041799545288085,-0.0084762573242187,-0.0124607086181641,0.015507698059082,-0.0042581558227539,-0.0172262191772461,-0.0055856704711914,0.015742301940918,-0.0212106704711914,-0.0650396347045898,-0.0302734375
3790,-0.002695083618164,,,0.0170707702636719,0.0170707702636719,-0.0476169586181641,0.0148830413818359,0.0090236663818359,0.0134763717651367,0.0036325454711914,0.0041799545288085,-0.0084762573242187,-0.0124607086181641,0.015507698059082,-0.0041799545288085,-0.0172262191772461,-0.0055856704711914,0.0158205032348633,-0.0212106704711914,-0.0650396347045898,-0.0302734375
3795,-0.002695083618164,,,0.0170707702636719,0.0170707702636719,-0.0476169586181641,0.0148830413818359,0.0090236663818359,0.0134763717651367,0.0036325454711914,0.0042581558227539,-0.0084762573242187,-0.0124607086181641,0.0154294967651367,-0.0041799545288085,-0.0172262191772461,-0.0055856704711914,0.0158205032348633,-0.0212106704711914,-0.0650396347045898,-0.0302734375
3800,-0.0026168823242187,,,0.0170707702636719,0.0170707702636719,-0.0476169586181641,0.0149612426757812,0.0090236663818359,0.0134763717651367,0.0037107467651367,0.0043363571166992,-0.0084762573242187,-0.0124607086181641,0.0154294967651367,-0.0041799545288085,-0.0172262191772461,-0.0055856704711914,0.0158205032348633,-0.0212106704711914,-0.0649614334106445,-0.0302734375
3805,-0.0026168823242187,,,0.0170707702636719,0.0170707702636719,-0.0476169586181641,0.0149612426757812,0.0090236663818359,0.013554573059082,0.0037107467651367,0.0044145584106445,-0.0084762573242187,-0.0123825073242188,0.0154294967651367,-0.0041017532348632,-0.0172262191772461,-0.0055856704711914,0.0158205032348633,-0.0212106704711914,-0.0649614334106445,-0.0302734375
3810,-0.0026168823242187,,,0.0170707702636719,0.0170707702636719,-0.0476169586181641,0.0149612426757812,0.0090236663818359,0.013554573059082,0.0037107467651367,0.0044145584106445,-0.0084762573242187,-0.0123825073242188,0.0154294967651367,-0.0041017532348632,-0.0172262191772461,-0.0055856704711914,0.0158205032348633,-0.0211324691772461,-0.0649614334106445,-0.0302734375
3815,-0.0026168823242187,,,0.0170707702636719,0.0170707702636719,-0.0476169586181641,0.0149612426757812,0.0090236663818359,0.013554573059082,0.003788948059082,0.0044918060302734,-0.0083980560302734,-0.0123825073242188,0.0154294967651367,-0.0040235519409179,-0.0172262191772461,-0.0055856704711914,0.0158205032348633,-0.0211324691772461,-0.0649614334106445,-0.0301952362060547
3820,-0.0026168823242187,,,0.0171489715576172,0.0170707702636719,-0.0476169586181641,0.0149612426757812,0.0090236663818359,0.013554573059082,0.003788948059082,0.0045700073242187,-0.0083980560302734,-0.0123043060302734,0.0154294967651367,-0.0040235519409179,-0.0171480178833008,-0.0055856704711914,0.0158205032348633,-0.0211324691772461,-0.0649614334106445,-0.0301952362060547
3825,-0.0026168823242187,,,0.0171489715576172,0.0170707702636719,-0.0476169586181641,0.0149612426757812,0.0090236663818359,0.0136327743530272,0.003788948059082,0.004648208618164,-0.0083980560302734,-0.0123043060302734,0.0154294967651367,-0.0040235519409179,-0.0171480178833008,-0.0055856704711914,0.0158205032348633,-0.0211324691772461,-0.0648832321166992,-0.0301952362060547
3830,-0.0026168823242187,,,0.0171489715576172,0.0170707702636719,-0.0476169586181641,0.0149612426757812,0.0090236663818359,0.0136327743530272,0.0038671493530273,0.004648208618164,-0.0083198547363281,-0.0123043060302734,0.0154294967651367,-0.0039453506469726,-0.0171480178833008,-0.0055856704711914,0.0158205032348633,-0.0211324691772461,-0.0648832321166992,-0.0301952362060547
3835,-0.0025386810302734,,,0.0171489715576172,0.0170707702636719,-0.0476169586181641,0.0149612426757812,0.0090236663818359,0.0136327743530272,0.0038671493530273,0.0047264099121093,-0.0083198547363281,-0.0123043060302734,0.0154294967651367,-0.0039453506469726,-0.0171480178833008,-0.0055856704711914,0.0158205032348633,-0.0211324691772461,-0.0648832321166992,-0.0301952362060547
3840,-0.0025386810302734,,,0.0171489715576172,0.0170707702636719,-0.0475387573242188,0.0149612426757812,0.0090236663818359,0.0136327743530272,0.0039453506469726,0.0048046112060546,-0.0083198547363281,-0.0122261047363281,0.0154294967651367,-0.0038671493530273,-0.0171480178833008,-0.0055856704711914,0.0158205032348633,-0.0211324691772461,-0.0648832321166992,-0.0301952362060547
3845,-0.0025386810302734,,,0.0171489715576172,0.0171489715576172,-0.0475387573242188,0.0150394439697266,0.0091018676757812,0.0137109756469727,0.0039453506469726,0.0048828125,-0.0082426071166992,-0.0122261047363281,0.0154294967651367,-0.0038671493530273,-0.0171480178833008,-0.0055856704711914,0.0158205032348633,-0.0211324691772461,-0.0648832321166992,-0.0301952362060547
3850,-0.0025386810302734,,,0.0171489715576172,0.0170707702636719,-0.0475387573242188,0.0150394439697266,0.0090236663818359,0.0137109756469727,0.0039453506469726,0.0049610137939453,-0.0082426071166992,-0.0122261047363281,0.0154294967651367,-0.003788948059082,-0.0171480178833008,-0.0055856704711914,0.0158205032348633,-0.0211324691772461,-0.0648832321166992,-0.0301170349121094
3855,-0.0025386810302734,,,0.0171489715576172,0.0170707702636719,-0.0475387573242188,0.0150394439697266,0.0090236663818359,0.0137109756469727,0.0039453506469726,0.0049610137939453,-0.0082426071166992,-0.0121488571166992,0.0154294967651367,-0.003788948059082,-0.0171480178833008,-0.0055856704711914,0.0158205032348633,-0.0211324691772461,-0.0648050308227539,-0.0301170349121094
3860,-0.0025386810302734,,,0.0171489715576172,0.0171489715576172,-0.0475387573242188,0.0150394439697266,0.0091018676757812,0.0137109756469727,0.0040235519409179,0.0050392150878906,-0.0082426071166992,-0.0121488571166992,0.0154294967651367,-0.003788948059082,-0.0171480178833008,-0.0055856704711914,0.0158205032348633,-0.0211324691772461,-0.0648050308227539,-0.0301170349121094
3865,-0.0025386810302734,,,0.0171489715576172,0.0171489715576172,-0.0475387573242188,0.0150394439697266,0.0091018676757812,0.0137109756469727,0.0040235519409179,0.0051174163818359,-0.0082426071166992,-0.0121488571166992,0.0154294967651367,-0.0037107467651367,-0.0171480178833008,-0.0055856704711914,0.0158205032348633,-0.0211324691772461,-0.0648050308227539,-0.0301170349121094
3870,-0.0024604797363281,,,0.0171489715576172,0.0170707702636719,-0.0475387573242188,0.0150394439697266,0.0091018676757812,0.0137109756469727,0.0040235519409179,0.0051956176757812,-0.0082426071166992,-0.0121488571166992,0.0154294967651367,-0.0037107467651367,-0.0171480178833008,-0.0055856704711914,0.0158205032348633,-0.0211324691772461,-0.0648050308227539,-0.0301170349121094
3875,-0.0024604797363281,,,0.0171489715576172,0.0171489715576172,-0.0475387573242188,0.0150394439697266,0.0091018676757812,0.0137109756469727,0.0040235519409179,0.0051956176757812,-0.0081644058227539,-0.0120706558227539,0.0153512954711914,-0.0036325454711914,-0.0171480178833008,-0.0056638717651367,0.0158205032348633,-0.0211324691772461,-0.0648050308227539,-0.0301170349121094
3880,-0.0024604797363281,,,0.0171489715576172,0.0171489715576172,-0.0474615097045898,0.0150394439697266,0.0091018676757812,0.013789176940918,0.0041017532348632,0.0052738189697265,-0.0081644058227539,-0.0120706558227539,0.0153512954711914,-0.0036325454711914,-0.0171480178833008,-0.0055856704711914,0.0158205032348633,-0.0211324691772461,-0.0648050308227539,-0.0301170349121094
3885,-0.0024604797363281,,,0.0171489715576172,0.0171489715576172,-0.0474615097045898,0.0151176452636719,0.0091018676757812,0.013789176940918,0.0041017532348632,0.0053520202636718,-0.0081644058227539,-0.0120706558227539,0.0153512954711914,-0.0036325454711914,-0.0171480178833008,-0.0056638717651367,0.0158205032348633,-0.0211324691772461,-0.0647268295288086,-0.0300388336181641
3890,-0.0024604797363281,,,0.0171489715576172,0.0171489715576172,-0.0474615097045898,0.0151176452636719,0.0091018676757812,0.013789176940918,0.0041017532348632,0.0054302215576171,-0.0081644058227539,-0.0120706558227539,0.0153512954711914,-0.003554344177246,-0.0171480178833008,-0.0056638717651367,0.0158205032348633,-0.0211324691772461,-0.0647268295288086,-0.0300388336181641
3895,-0.0024604797363281,,,0.0171489715576172,0.0171489715576172,-0.0474615097045898,0.0151176452636719,0.0091018676757812,0.013789176940918,0.0041799545288085,0.0054302215576171,-0.0080862045288085,-0.0119924545288086,0.0153512954711914,-0.003554344177246,-0.0171480178833008,-0.0055856704711914,0.0158205032348633,-0.0211324691772461,-0.0647268295288086,-0.0300388336181641
3900,-0.0024604797363281,,,0.0171489715576172,0.0171489715576172,-0.0474615097045898,0.0151176452636719,0.0091018676757812,0.0138673782348633,0.0041799545288085,0.005507469177246,-0.0080862045288085,-0.0119924545288086,0.0153512954711914,-0.0034761428833007,-0.0171480178833008,-0.0056638717651367,0.0158205032348633,-0.0210542678833008,-0.0647268295288086,-0.0300388336181641
3905,-0.0024604797363281,,,0.0171489715576172,0.0171489715576172,-0.0474615097045898,0.0151176452636719,0.0091018676757812,0.0138673782348633,0.0041799545288085,0.0055856704711914,-0.0080862045288085,-0.0119924545288086,0.0153512954711914,-0.0034761428833007,-0.0171480178833008,-0.0056638717651367,0.0158205032348633,-0.0210542678833008,-0.0647268295288086,-0.0300388336181641
3910,-0.0024604797363281,,,0.0171489715576172,0.0171489715576172,-0.0474615097045898,0.0151176452636719,0.0091018676757812,0.0138673782348633,0.0042581558227539,0.0056638717651367,-0.0080080032348632,-0.0119924545288086,0.0153512954711914,-0.0034761428833007,-0.0171480178833008,-0.0056638717651367,0.0158205032348633,-0.0210542678833008,-0.0647268295288086,-0.0300388336181641
3915,-0.0024604797363281,,,0.0171489715576172,0.0171489715576172,-0.0474615097045898,0.0151176452636719,0.0091018676757812,0.0138673782348633,0.0042581558227539,0.0056638717651367,-0.0080080032348632,-0.0119142532348633,0.0153512954711914,-0.0033979415893554,-0.0170707702636719,-0.0055856704711914,0.0158205032348633,-0.0210542678833008,-0.0646486282348633,-0.0300388336181641
3920,-0.0023832321166992,,,0.0171489715576172,0.0171489715576172,-0.0473833084106445,0.0151958465576172,0.0091018676757812,0.0138673782348633,0.0042581558227539,0.005742073059082,-0.0080080032348632,-0.0119142532348633,0.0153512954711914,-0.0033979415893554,-0.0170707702636719,-0.0056638717651367,0.0158205032348633,-0.0210542678833008,-0.0646486282348633,-0.0299606323242188
3925,-0.0023832321166992,,,0.0171489715576172,0.0171489715576172,-0.0473833084106445,0.0151958465576172,0.0091018676757812,0.0139455795288086,0.0042581558227539,0.0058202743530273,-0.0080080032348632,-0.0119142532348633,0.0153512954711914,-0.0033206939697265,-0.0170707702636719,-0.0056638717651367,0.0158205032348633,-0.0210542678833008,-0.0646486282348633,-0.0299606323242188
3930,-0.0023832321166992,,,0.0171489715576172,0.0171489715576172,-0.0473833084106445,0.0151958465576172,0.0091018676757812,0.0139455795288086,0.0042581558227539,0.0058202743530273,-0.0080080032348632,-0.0119142532348633,0.0153512954711914,-0.0033206939697265,-0.0170707702636719,-0.0056638717651367,0.0158205032348633,-0.0210542678833008,-0.0646486282348633,-0.0299606323242188
3935,-0.0023832321166992,,,0.0171489715576172,0.0171489715576172,-0.0473833084106445,0.0151958465576172,0.0091018676757812,0.0139455795288086,0.0043363571166992,0.0058984756469726,-0.0079298019409179,-0.011836051940918,0.0153512954711914,-0.0033206939697265,-0.0170707702636719,-0.0056638717651367,0.0158205032348633,-0.0210542678833008,-0.0646486282348633,-0.0299606323242188
3940,-0.0023832321166992,,,0.0171489715576172,0.0171489715576172,-0.0473833084106445,0.0151958465576172,0.0091018676757812,0.0139455795288086,0.0043363571166992,0.0059766769409179,-0.0079298019409179,-0.011836051940918,0.0153512954711914,-0.0032424926757812,-0.0170707702636719,-0.0056638717651367,0.0158205032348633,-0.0210542678833008,-0.0646486282348633,-0.0299606323242188
3945,-0.0023832321166992,,,0.0171489715576172,0.0171489715576172,-0.0473833084106445,0.0151958465576172,0.0091018676757812,0.0139455795288086,0.0043363571166992,0.0059766769409179,-0.0079298019409179,-0.011836051940918,0.0153512954711914,-0.0032424926757812,-0.0170707702636719,-0.0056638717651367,0.0158205032348633,-0.0210542678833008,-0.064570426940918,-0.0299606323242188
3950,-0.0023832321166992,,,0.0171489715576172,0.0171489715576172,-0.0473833084106445,0.0151958465576172,0.0091018676757812,0.0140237808227539,0.0044145584106445,0.0060548782348632,-0.0079298019409179,-0.011836051940918,0.0153512954711914,-0.0031642913818359,-0.0170707702636719,-0.0056638717651367,0.0158205032348633,-0.0210542678833008,-0.064570426940918,-0.0299606323242188
3955,-0.0023832321166992,,,0.0171489715576172,0.0171489715576172,-0.0473051071166992,0.0152730941772461,0.0091018676757812,0.0140237808227539,0.0044145584106445,0.0061330795288085,-0.0078516006469726,-0.0117578506469727,0.0152730941772461,-0.0031642913818359,-0.0170707702636719,-0.0056638717651367,0.0158205032348633,-0.0210542678833008,-0.064570426940918,-0.0299606323242188
3960,-0.0023832321166992,,,0.0171489715576172,0.0171489715576172,-0.0473051071166992,0.0152730941772461,0.0091018676757812,0.0140237808227539,0.0044145584106445,0.0062112808227539,-0.0078516006469726,-0.0117578506469727,0.0152730941772461,-0.0031642913818359,-0.0170707702636719,-0.0056638717651367,0.0158205032348633,-0.0210542678833008,-0.064570426940918,-0.0298824310302734
3965,-0.0023832321166992,,,0.0171489715576172,0.0171489715576172,-0.0473051071166992,0.0152730941772461,0.0091018676757812,0.0141019821166992,0.0044918060302734,0.0062112808227539,-0.0078516006469726,-0.0117578506469727,0.0152730941772461,-0.0030860900878906,-0.0170707702636719,-0.0056638717651367,0.0158205032348633,-0.0210542678833008,-0.0644922256469727,-0.0298824310302734
3970,-0.0023050308227539,,,0.0171489715576172,0.0171489715576172,-0.0473051071166992,0.0152730941772461,0.0091018676757812,0.0141019821166992,0.0044918060302734,0.0062894821166992,-0.0078516006469726,-0.0116796493530272,0.0152730941772461,-0.0030860900878906,-0.0170707702636719,-0.0056638717651367,0.0158205032348633,-0.0210542678833008,-0.0644922256469727,-0.0298824310302734
3975,-0.0023050308227539,,,0.0171489715576172,0.0171489715576172,-0.0473051071166992,0.0152730941772461,0.0091018676757812,0.0141019821166992,0.0044918060302734,0.0063676834106445,-0.0077733993530273,-0.0116796493530272,0.0152730941772461,-0.0030078887939453,-0.0170707702636719,-0.0056638717651367,0.0158205032348633,-0.0209770202636719,-0.0644922256469727,-0.0298824310302734
3980,-0.0023050308227539,,,0.0171489715576172,0.0171489715576172,-0.0473051071166992,0.0152730941772461,0.0091018676757812,0.0141019821166992,0.0044918060302734,0.0063676834106445,-0.0077733993530273,-0.0116796493530272,0.0152730941772461,-0.0030078887939453,-0.0170707702636719,-0.0056638717651367,0.0158205032348633,-0.0210542678833008,-0.0644922256469727,-0.0298824310302734
3985,-0.0023050308227539,,,0.0171489715576172,0.0171489715576172,-0.0473051071166992,0.0152730941772461,0.0091018676757812,0.0141019821166992,0.0045700073242187,0.0064449310302734,-0.0077733993530273,-0.0116796493530272,0.0152730941772461,-0.0029296875,-0.0170707702636719,-0.0056638717651367,0.0158205032348633,-0.0209770202636719,-0.0644922256469727,-0.0298824310302734
3990,-0.0023050308227539,,,0.0171489715576172,0.0171489715576172,-0.0473051071166992,0.0152730941772461,0.0091018676757812,0.0141801834106445,0.0045700073242187,0.0065231323242187,-0.0077733993530273,-0.011601448059082,0.0152730941772461,-0.0029296875,-0.0169925689697266,-0.0056638717651367,0.0158205032348633,-0.0209770202636719,-0.0644922256469727,-0.0298824310302734
3995,-0.0023050308227539,,,0.0171489715576172,0.0171489715576172,-0.0472269058227539,0.0153512954711914,0.0091018676757812,0.0141801834106445,0.0045700073242187,0.0065231323242187,-0.007695198059082,-0.011601448059082,0.0152730941772461,-0.0029296875,-0.0170707702636719,-0.0056638717651367,0.0158205032348633,-0.0209770202636719,-0.0644140243530273,-0.0298824310302734
4000,-0.0023050308227539,,,0.0171489715576172,0.0171489715576172,-0.0472269058227539,0.0153512954711914,0.0091018676757812,0.0141801834106445,0.004648208618164,0.006601333618164,-0.007695198059082,-0.011601448059082,0.0152730941772461,-0.0028514862060546,-0.0169925689697266,-0.0056638717651367,0.0158205032348633,-0.0209770202636719,-0.0644140243530273,-0.0298824310302734
4005,-0.0023050308227539,,,0.0170707702636719,0.0171489715576172,-0.0472269058227539,0.0153512954711914,0.0091018676757812,0.0141801834106445,0.004648208618164,0.0066795349121093,-0.007695198059082,-0.011601448059082,0.0152730941772461,-0.0028514862060546,-0.0169925689697266,-0.0056638717651367,0.0158205032348633,-0.0209770202636719,-0.0644140243530273,-0.0298051834106445
4010,-0.0023050308227539,,,0.0170707702636719,0.0171489715576172,-0.0472269058227539,0.0153512954711914,0.0091018676757812,0.0141801834106445,0.004648208618164,0.0066795349121093,-0.007695198059082,-0.011601448059082,0.0152730941772461,-0.0027732849121093,-0.0169925689697266,-0.0056638717651367,0.0158205032348633,-0.0209770202636719,-0.0644140243530273,-0.0298051834106445
4015,-0.0023050308227539,,,0.0170707702636719,0.0171489715576172,-0.0472269058227539,0.0153512954711914,0.0091018676757812,0.0142574310302734,0.004648208618164,0.0067577362060546,-0.007695198059082,-0.011601448059082,0.0152730941772461,-0.0027732849121093,-0.0169925689697266,-0.0056638717651367,0.0158205032348633,-0.0209770202636719,-0.0644140243530273,-0.0298051834106445
4020,-0.0023050308227539,,,0.0170707702636719,0.0171489715576172,-0.0472269058227539,0.0153512954711914,0.0091018676757812,0.0142574310302734,0.004648208618164,0.0068359375,-0.007695198059082,-0.0115232467651367,0.0152730941772461,-0.0027732849121093,-0.0169925689697266,-0.0056638717651367,0.0158205032348633,-0.0209770202636719,-0.0644140243530273,-0.0298051834106445
4025,-0.0023050308227539,,,0.0171489715576172,0.0171489715576172,-0.0472269058227539,0.0153512954711914,0.0091018676757812,0.0142574310302734,0.0047264099121093,0.0068359375,-0.0076169967651367,-0.0115232467651367,0.0152730941772461,-0.002695083618164,-0.0169925689697266,-0.0056638717651367,0.0158987045288086,-0.0209770202636719,-0.064335823059082,-0.0298051834106445
4030,-0.0022268295288085,,,0.0170707702636719,0.0171489715576172,-0.0472269058227539,0.0153512954711914,0.0091018676757812,0.0142574310302734,0.0047264099121093,0.0069141387939453,-0.0076169967651367,-0.0115232467651367,0.0151958465576172,-0.002695083618164,-0.0169925689697266,-0.0056638717651367,0.0158987045288086,-0.0209770202636719,-0.064335823059082,-0.0298051834106445
4035,-0.0022268295288085,,,0.0170707702636719,0.0171489715576172,-0.0471487045288086,0.0154294967651367,0.0091018676757812,0.0143356323242188,0.0047264099121093,0.0069923400878906,-0.0076169967651367,-0.0115232467651367,0.0151958465576172,-0.0026168823242187,-0.0169925689697266,-0.0056638717651367,0.0158987045288086,-0.0209770202636719,-0.064335823059082,-0.0298051834106445
4040,-0.0022268295288085,,,0.0170707702636719,0.0171489715576172,-0.0471487045288086,0.0154294967651367,0.0091018676757812,0.0143356323242188,0.0047264099121093,0.0069923400878906,-0.0076169967651367,-0.0115232467651367,0.0151958465576172,-0.0026168823242187,-0.0169925689697266,-0.0056638717651367,0.0158987045288086,-0.0209770202636719,-0.064335823059082,-0.0298051834106445
4045,-0.0022268295288085,,,0.0170707702636719,0.0171489715576172,-0.0471487045288086,0.0154294967651367,0.0091018676757812,0.0143356323242188,0.0048046112060546,0.0070705413818359,-0.0075387954711914,-0.0114450454711914,0.0151958465576172,-0.0026168823242187,-0.0169925689697266,-0.0056638717651367,0.0158987045288086,-0.0209770202636719,-0.064335823059082,-0.0298051834106445
4050,-0.0022268295288085,,,0.0170707702636719,0.0171489715576172,-0.0471487045288086,0.0154294967651367,0.0091018676757812,0.0143356323242188,0.0048046112060546,0.0071487426757812,-0.0075387954711914,-0.0114450454711914,0.0151958465576172,-0.0025386810302734,-0.0169925689697266,-0.0056638717651367,0.0158987045288086,-0.0209770202636719,-0.0642576217651367,-0.0298051834106445
4055,-0.0022268295288085,,,0.0170707702636719,0.0171489715576172,-0.0471487045288086,0.0154294967651367,0.0091018676757812,0.0143356323242188,0.0048046112060546,0.0071487426757812,-0.0075387954711914,-0.0114450454711914,0.0151958465576172,-0.0025386810302734,-0.0169925689697266,-0.0056638717651367,0.0158987045288086,-0.0209770202636719,-0.0642576217651367,-0.0298051834106445
4060,-0.0022268295288085,,,0.0170707702636719,0.0171489715576172,-0.0471487045288086,0.0154294967651367,0.0091018676757812,0.0144138336181641,0.0048046112060546,0.0072269439697265,-0.0075387954711914,-0.0114450454711914,0.0151958465576172,-0.0024604797363281,-0.0169925689697266,-0.0056638717651367,0.0158987045288086,-0.0209770202636719,-0.0642576217651367,-0.0297269821166992
4065,-0.0022268295288085,,,0.0170707702636719,0.0171489715576172,-0.0471487045288086,0.0154294967651367,0.0091018676757812,0.0144138336181641,0.0048828125,0.0073051452636718,-0.007460594177246,-0.0113668441772461,0.0151958465576172,-0.0024604797363281,-0.0169925689697266,-0.0056638717651367,0.0158987045288086,-0.0208988189697266,-0.0642576217651367,-0.0297269821166992
4070,-0.0022268295288085,,,0.0170707702636719,0.0171489715576172,-0.0471487045288086,0.0154294967651367,0.0091800689697265,0.0144138336181641,0.0048828125,0.0073051452636718,-0.007460594177246,-0.0113668441772461,0.0151958465576172,-0.0024604797363281,-0.0169925689697266,-0.0056638717651367,0.0158987045288086,-0.0208988189697266,-0.0641794204711914,-0.0297269821166992
4075,-0.0022268295288085,,,0.0170707702636719,0.0171489715576172,-0.0471487045288086,0.015507698059082,0.0091800689697265,0.0144920349121094,0.0048828125,0.0073833465576171,-0.007460594177246,-0.0113668441772461,0.0151958465576172,-0.0023832321166992,-0.0169925689697266,-0.0056638717651367,0.0158987045288086,-0.0208988189697266,-0.0641794204711914,-0.0297269821166992
4080,-0.0022268295288085,,,0.0170707702636719,0.0171489715576172,-0.0470705032348633,0.015507698059082,0.0091800689697265,0.0144920349121094,0.0049610137939453,0.007460594177246,-0.007460594177246,-0.0113668441772461,0.0151958465576172,-0.0023832321166992,-0.0169925689697266,-0.0056638717651367,0.0158987045288086,-0.0208988189697266,-0.0641794204711914,-0.0297269821166992
4085,-0.0021486282348632,,,0.0170707702636719,0.0171489715576172,-0.0470705032348633,0.015507698059082,0.0091800689697265,0.0144920349121094,0.0049610137939453,0.007460594177246,-0.0073823928833007,-0.0113668441772461,0.0151958465576172,-0.0023050308227539,-0.0169925689697266,-0.0056638717651367,0.0158987045288086,-0.0208988189697266,-0.0641794204711914,-0.0297269821166992
4090,-0.0021486282348632,,,0.0170707702636719,0.0171489715576172,-0.0470705032348633,0.015507698059082,0.0091800689697265,0.0144920349121094,0.0049610137939453,0.0075387954711914,-0.0073823928833007,-0.0112886428833008,0.0151958465576172,-0.0023050308227539,-0.0169925689697266,-0.0056638717651367,0.0158987045288086,-0.0208988189697266,-0.0641794204711914,-0.0297269821166992
4095,-0.0021486282348632,,,0.0170707702636719,0.0171489715576172,-0.0470705032348633,0.015507698059082,0.0091800689697265,0.0144920349121094,0.0049610137939453,0.0076169967651367,-0.0073823928833007,-0.0112886428833008,0.0151176452636719,-0.0022268295288085,-0.0169143676757812,-0.0056638717651367,0.0158987045288086,-0.0208988189697266,-0.0641794204711914,-0.0297269821166992
4100,-0.0021486282348632,,,0.0170707702636719,0.0171489715576172,-0.0470705032348633,0.015507698059082,0.0091800689697265,0.0145702362060547,0.0050392150878906,0.0076169967651367,-0.0073823928833007,-0.0112886428833008,0.0151176452636719,-0.0022268295288085,-0.0169143676757812,-0.0056638717651367,0.0158987045288086,-0.0208988189697266,-0.0641021728515625,-0.0297269821166992
4105,-0.0021486282348632,,,0.0170707702636719,0.0171489715576172,-0.0470705032348633,0.015507698059082,0.0091800689697265,0.0145702362060547,0.0050392150878906,0.007695198059082,-0.0073823928833007,-0.0112886428833008,0.0151176452636719,-0.0022268295288085,-0.0169143676757812,-0.0056638717651367,0.0158987045288086,-0.0208988189697266,-0.0641021728515625,-0.0296487808227539
4110,-0.0021486282348632,,,0.0170707702636719,0.0171489715576172,-0.0470705032348633,0.015507698059082,0.0091800689697265,0.0145702362060547,0.0050392150878906,0.0077733993530273,-0.0073051452636718,-0.0112886428833008,0.0151176452636719,-0.0021486282348632,-0.0169143676757812,-0.0056638717651367,0.0158987045288086,-0.0208988189697266,-0.0641021728515625,-0.0296487808227539
4115,-0.0021486282348632,,,0.0170707702636719,0.0171489715576172,-0.0470705032348633,0.015507698059082,0.0091800689697265,0.0145702362060547,0.0050392150878906,0.0077733993530273,-0.0073051452636718,-0.0112113952636719,0.0151176452636719,-0.0021486282348632,-0.0169143676757812,-0.0056638717651367,0.0158987045288086,-0.0208988189697266,-0.0641021728515625,-0.0296487808227539
4120,-0.0021486282348632,,,0.0170707702636719,0.0171489715576172,-0.0470705032348633,0.015507698059082,0.0091800689697265,0.0145702362060547,0.0050392150878906,0.0078516006469726,-0.0073051452636718,-0.0112113952636719,0.0151176452636719,-0.0020704269409179,-0.0169143676757812,-0.0056638717651367,0.0158987045288086,-0.0208988189697266,-0.0641021728515625,-0.0296487808227539
4125,-0.0021486282348632,,,0.0170707702636719,0.0171489715576172,-0.0470705032348633,0.0155858993530272,0.0091800689697265,0.0146484375,0.0051174163818359,0.0078516006469726,-0.0073051452636718,-0.0112113952636719,0.0151176452636719,-0.0020704269409179,-0.0169143676757812,-0.0056638717651367,0.0158987045288086,-0.0208988189697266,-0.0640239715576172,-0.0296487808227539
4130,-0.0021486282348632,,,0.0170707702636719,0.0171489715576172,-0.0469923019409179,0.0155858993530272,0.0091800689697265,0.0146484375,0.0051174163818359,0.0079298019409179,-0.0073051452636718,-0.0112113952636719,0.0151176452636719,-0.0019922256469726,-0.0169143676757812,-0.0056638717651367,0.0158987045288086,-0.0208988189697266,-0.0640239715576172,-0.0296487808227539
4135,-0.0021486282348632,,,0.0170707702636719,0.0171489715576172,-0.0469923019409179,0.0155858993530272,0.0091800689697265,0.0146484375,0.0051174163818359,0.0080080032348632,-0.0072269439697265,-0.0112113952636719,0.0151176452636719,-0.0019922256469726,-0.0169143676757812,-0.0056638717651367,0.0158987045288086,-0.0208206176757812,-0.0640239715576172,-0.0296487808227539
4140,-0.0021486282348632,,,0.0170707702636719,0.0171489715576172,-0.0469923019409179,0.0155858993530272,0.0091800689697265,0.0147266387939453,0.0051956176757812,0.0080080032348632,-0.0072269439697265,-0.0111331939697266,0.0151176452636719,-0.0019922256469726,-0.0169143676757812,-0.0056638717651367,0.0158987045288086,-0.0208206176757812,-0.0640239715576172,-0.0296487808227539
4145,-0.0021486282348632,,,0.0170707702636719,0.0171489715576172,-0.0469923019409179,0.0155858993530272,0.0091800689697265,0.0147266387939453,0.0051956176757812,0.0080862045288085,-0.0072269439697265,-0.0111331939697266,0.0151176452636719,-0.0019140243530273,-0.0169143676757812,-0.0056638717651367,0.0158987045288086,-0.0208206176757812,-0.0640239715576172,-0.0296487808227539
4150,-0.0021486282348632,,,0.0170707702636719,0.0171489715576172,-0.0469923019409179,0.0155858993530272,0.0091800689697265,0.0147266387939453,0.0051956176757812,0.0081644058227539,-0.0072269439697265,-0.0111331939697266,0.0150394439697266,-0.0019140243530273,-0.0169143676757812,-0.0056638717651367,0.0158987045288086,-0.0208206176757812,-0.0640239715576172,-0.0296487808227539
4155,-0.0020704269409179,,,0.0170707702636719,0.0171489715576172,-0.0469923019409179,0.0155858993530272,0.0091800689697265,0.0147266387939453,0.0051956176757812,0.0081644058227539,-0.0072269439697265,-0.0111331939697266,0.0150394439697266,-0.001835823059082,-0.0169143676757812,-0.0056638717651367,0.0158987045288086,-0.0208206176757812,-0.0639457702636719,-0.0296487808227539
4160,-0.0020704269409179,,,0.0170707702636719,0.0171489715576172,-0.0469923019409179,0.0155858993530272,0.0091800689697265,0.0147266387939453,0.0051956176757812,0.0082426071166992,-0.0072269439697265,-0.0111331939697266,0.0150394439697266,-0.001835823059082,-0.0169143676757812,-0.0056638717651367,0.0158987045288086,-0.0208206176757812,-0.0639457702636719,-0.0296487808227539
4165,-0.0020704269409179,,,0.0170707702636719,0.0171489715576172,-0.0469923019409179,0.0155858993530272,0.0091800689697265,0.0147266387939453,0.0051956176757812,0.0082426071166992,-0.0072269439697265,-0.0111331939697266,0.0150394439697266,-0.001835823059082,-0.0169143676757812,-0.0056638717651367,0.0158987045288086,-0.0208206176757812,-0.0639457702636719,-0.0296487808227539
4170,-0.0020704269409179,,,0.0169925689697266,0.0171489715576172,-0.0469923019409179,0.0156641006469727,0.0091800689697265,0.0147266387939453,0.0051956176757812,0.0083208084106445,-0.0071487426757812,-0.0111331939697266,0.0150394439697266,-0.0017576217651367,-0.0169143676757812,-0.0056638717651367,0.0158987045288086,-0.0208206176757812,-0.0639457702636719,-0.0295705795288086
4175,-0.0020704269409179,,,0.0169925689697266,0.0171489715576172,-0.0469923019409179,0.0156641006469727,0.0091800689697265,0.0147266387939453,0.0052738189697265,0.0083980560302734,-0.0071487426757812,-0.0111331939697266,0.0150394439697266,-0.0017576217651367,-0.0169143676757812,-0.0056638717651367,0.0158987045288086,-0.0208206176757812,-0.0639457702636719,-0.0295705795288086
4180,-0.0020704269409179,,,0.0169925689697266,0.0171489715576172,-0.0469141006469727,0.0156641006469727,0.0091800689697265,0.0148048400878906,0.0052738189697265,0.0083980560302734,-0.0071487426757812,-0.0110549926757812,0.0150394439697266,-0.0016794204711914,-0.0169143676757812,-0.0056638717651367,0.0159769058227539,-0.0208206176757812,-0.0638675689697266,-0.0295705795288086
4185,-0.0020704269409179,,,0.0170707702636719,0.0171489715576172,-0.0469141006469727,0.0156641006469727,0.0091800689697265,0.0148048400878906,0.0052738189697265,0.0084762573242187,-0.0071487426757812,-0.0110549926757812,0.0150394439697266,-0.0016794204711914,-0.0169143676757812,-0.0056638717651367,0.0159769058227539,-0.0208206176757812,-0.0638675689697266,-0.0295705795288086
4190,-0.0020704269409179,,,0.0169925689697266,0.0171489715576172,-0.0469141006469727,0.0156641006469727,0.0091800689697265,0.0148048400878906,0.0052738189697265,0.0084762573242187,-0.0071487426757812,-0.0110549926757812,0.0150394439697266,-0.0016794204711914,-0.0169143676757812,-0.0056638717651367,0.0159769058227539,-0.0208206176757812,-0.0638675689697266,-0.0295705795288086
4195,-0.0020704269409179,,,0.0169925689697266,0.0171489715576172,-0.0469141006469727,0.0156641006469727,0.0091800689697265,0.0148048400878906,0.0052738189697265,0.008554458618164,-0.0071487426757812,-0.0110549926757812,0.0150394439697266,-0.001601219177246,-0.0169143676757812,-0.0056638717651367,0.0159769058227539,-0.0208206176757812,-0.0638675689697266,-0.0295705795288086
4200,-0.0020704269409179,,,0.0169925689697266,0.0171489715576172,-0.0469141006469727,0.0156641006469727,0.0091800689697265,0.0148048400878906,0.0052738189697265,0.008554458618164,-0.0071487426757812,-0.0110549926757812,0.0149612426757812,-0.001601219177246,-0.0169143676757812,-0.0056638717651367,0.0159769058227539,-0.0208206176757812,-0.0638675689697266,-0.0295705795288086
4205,-0.0020704269409179,,,0.0169925689697266,0.0171489715576172,-0.0469141006469727,0.0156641006469727,0.0091800689697265,0.0148048400878906,0.0053520202636718,0.0086326599121093,-0.0070705413818359,-0.0110549926757812,0.0149612426757812,-0.001601219177246,-0.0169143676757812,-0.0056638717651367,0.0159769058227539,-0.0207424163818359,-0.0637893676757812,-0.0295705795288086
4210,-0.0020704269409179,,,0.0169925689697266,0.0172262191772461,-0.0469141006469727,0.0156641006469727,0.0091800689697265,0.0148830413818359,0.0053520202636718,0.0087108612060546,-0.0070705413818359,-0.0110549926757812,0.0149612426757812,-0.0015230178833007,-0.0169143676757812,-0.0056638717651367,0.0159769058227539,-0.0207424163818359,-0.0637893676757812,-0.0295705795288086
4215,-0.0019922256469726,,,0.0169925689697266,0.0171489715576172,-0.0469141006469727,0.015742301940918,0.0091800689697265,0.0148830413818359,0.0053520202636718,0.0087108612060546,-0.0070705413818359,-0.0110549926757812,0.0149612426757812,-0.0015230178833007,-0.0169143676757812,-0.0056638717651367,0.0159769058227539,-0.0207424163818359,-0.0637893676757812,-0.0295705795288086
4220,-0.0020704269409179,,,0.0169925689697266,0.0171489715576172,-0.0469141006469727,0.015742301940918,0.0091800689697265,0.0148830413818359,0.0053520202636718,0.0087890625,-0.0070705413818359,-0.0110549926757812,0.0149612426757812,-0.0015230178833007,-0.0169143676757812,-0.0056638717651367,0.0159769058227539,-0.0207424163818359,-0.0637893676757812,-0.0295705795288086
4225,-0.0019922256469726,,,0.0169925689697266,0.0171489715576172,-0.0468358993530273,0.015742301940918,0.0091800689697265,0.0148830413818359,0.0053520202636718,0.0087890625,-0.0070705413818359,-0.0109767913818359,0.0149612426757812,-0.0014448165893554,-0.0169143676757812,-0.0056638717651367,0.0159769058227539,-0.0207424163818359,-0.0637893676757812,-0.0295705795288086
4230,-0.0019922256469726,,,0.0169925689697266,0.0172262191772461,-0.0468358993530273,0.015742301940918,0.0092582702636718,0.0148830413818359,0.0053520202636718,0.0088672637939453,-0.0070705413818359,-0.0109767913818359,0.0149612426757812,-0.0014448165893554,-0.0169143676757812,-0.0056638717651367,0.0159769058227539,-0.0207424163818359,-0.0637893676757812,-0.0295705795288086
4235,-0.0019922256469726,,,0.0169925689697266,0.0171489715576172,-0.0468358993530273,0.015742301940918,0.0092582702636718,0.0148830413818359,0.0053520202636718,0.0088672637939453,-0.0070705413818359,-0.0109767913818359,0.0149612426757812,-0.0013675689697265,-0.0169143676757812,-0.0056638717651367,0.0159769058227539,-0.0207424163818359,-0.0637893676757812,-0.0295705795288086
4240,-0.0019922256469726,,,0.0169925689697266,0.0172262191772461,-0.0468358993530273,0.015742301940918,0.0092582702636718,0.0149612426757812,0.0054302215576171,0.0089454650878906,-0.0069923400878906,-0.0109767913818359,0.0148830413818359,-0.0013675689697265,-0.0169143676757812,-0.0056638717651367,0.0159769058227539,-0.0207424163818359,-0.0637111663818359,-0.0295705795288086
4245,-0.0019922256469726,,,0.0169925689697266,0.0172262191772461,-0.0468358993530273,0.015742301940918,0.0092582702636718,0.0149612426757812,0.0054302215576171,0.0090236663818359,-0.0069923400878906,-0.0109767913818359,0.0148830413818359,-0.0013675689697265,-0.0169143676757812,-0.0056638717651367,0.0159769058227539,-0.0207424163818359,-0.0637111663818359,-0.0294923782348633
4250,-0.0019922256469726,,,0.0169925689697266,0.0172262191772461,-0.0468358993530273,0.015742301940918,0.0091800689697265,0.0149612426757812,0.0054302215576171,0.0090236663818359,-0.0069923400878906,-0.0109767913818359,0.0148830413818359,-0.0012893676757812,-0.0169143676757812,-0.0056638717651367,0.0159769058227539,-0.0207424163818359,-0.0637111663818359,-0.0294923782348633
4255,-0.0019922256469726,,,0.0169925689697266,0.0172262191772461,-0.0468358993530273,0.015742301940918,0.0092582702636718,0.0149612426757812,0.0054302215576171,0.0091018676757812,-0.0069923400878906,-0.0109767913818359,0.0148830413818359,-0.0012893676757812,-0.0169143676757812,-0.0056638717651367,0.0159769058227539,-0.0207424163818359,-0.0637111663818359,-0.0294923782348633
4260,-0.0019922256469726,,,0.0169925689697266,0.0172262191772461,-0.0468358993530273,0.015742301940918,0.0092582702636718,0.0149612426757812,0.0054302215576171,0.0091800689697265,-0.0069923400878906,-0.0108985900878906,0.0148830413818359,-0.0012111663818359,-0.0169143676757812,-0.0056638717651367,0.0159769058227539,-0.0207424163818359,-0.0637111663818359,-0.0294923782348633
4265,-0.0019922256469726,,,0.0169925689697266,0.0172262191772461,-0.0468358993530273,0.0158205032348633,0.0092582702636718,0.0150394439697266,0.005507469177246,0.0091800689697265,-0.0069923400878906,-0.0108985900878906,0.0148830413818359,-0.0012111663818359,-0.0168361663818359,-0.0056638717651367,0.0159769058227539,-0.0207424163818359,-0.0636329650878906,-0.0294923782348633
4270,-0.0019922256469726,,,0.0169925689697266,0.0172262191772461,-0.046757698059082,0.0158205032348633,0.0092582702636718,0.0150394439697266,0.005507469177246,0.0092582702636718,-0.0069141387939453,-0.0108985900878906,0.0148830413818359,-0.0012111663818359,-0.0169143676757812,-0.0056638717651367,0.0159769058227539,-0.0207424163818359,-0.0636329650878906,-0.0294923782348633
4275,-0.0019922256469726,,,0.0169925689697266,0.0172262191772461,-0.046757698059082,0.0158205032348633,0.0092582702636718,0.0150394439697266,0.005507469177246,0.0092582702636718,-0.0069141387939453,-0.0108985900878906,0.0148830413818359,-0.0011329650878906,-0.0169143676757812,-0.0056638717651367,0.0159769058227539,-0.0207424163818359,-0.0636329650878906,-0.0294923782348633
4280,-0.0019922256469726,,,0.0169925689697266,0.0172262191772461,-0.046757698059082,0.0158205032348633,0.0092582702636718,0.0150394439697266,0.005507469177246,0.0093364715576171,-0.0069141387939453,-0.0108985900878906,0.0148048400878906,-0.0011329650878906,-0.0169143676757812,-0.0056638717651367,0.0159769058227539,-0.0207424163818359,-0.0637111663818359,-0.0294923782348633
4285,-0.0019922256469726,,,0.0169925689697266,0.0172262191772461,-0.046757698059082,0.0158205032348633,0.0092582702636718,0.0150394439697266,0.0054302215576171,0.0093364715576171,-0.0069141387939453,-0.0108985900878906,0.0148048400878906,-0.0011329650878906,-0.0169143676757812,-0.0056638717651367,0.0159769058227539,-0.0207424163818359,-0.0637111663818359,-0.0294923782348633
4290,-0.0019140243530273,,,0.0169925689697266,0.0172262191772461,-0.046757698059082,0.0158205032348633,0.0092582702636718,0.0149612426757812,0.0054302215576171,0.009413719177246,-0.0069141387939453,-0.0108985900878906,0.0148048400878906,-0.0010547637939453,-0.0169143676757812,-0.0056638717651367,0.0159769058227539,-0.0207424163818359,-0.0637111663818359,-0.0294923782348633
4295,-0.0019140243530273,,,0.0169925689697266,0.0172262191772461,-0.046757698059082,0.0158205032348633,0.0092582702636718,0.0150394439697266,0.0054302215576171,0.009413719177246,-0.0069141387939453,-0.0108985900878906,0.0148048400878906,-0.0010547637939453,-0.0169143676757812,-0.0056638717651367,0.0159769058227539,-0.0207424163818359,-0.0636329650878906,-0.0294923782348633
4300,-0.0019140243530273,,,0.0169925689697266,0.0172262191772461,-0.046757698059082,0.0158205032348633,0.0092582702636718,0.0150394439697266,0.0054302215576171,0.0094919204711914,-0.0069141387939453,-0.0108985900878906,0.0148048400878906,-0.0010547637939453,-0.0169143676757812,-0.0056638717651367,0.0159769058227539,-0.0207424163818359,-0.0636329650878906,-0.0294923782348633
4305,-0.0019140243530273,,,0.0169925689697266,0.0172262191772461,-0.046757698059082,0.0158205032348633,0.0092582702636718,0.0150394439697266,0.005507469177246,0.0094919204711914,-0.0069141387939453,-0.0108985900878906,0.0148048400878906,-0.0009765625,-0.0169143676757812,-0.0056638717651367,0.0159769058227539,-0.0207424163818359,-0.0636329650878906,-0.0294923782348633
4310,-0.0019140243530273,,,0.0169925689697266,0.0172262191772461,-0.046757698059082,0.0158205032348633,0.0092582702636718,0.0150394439697266,0.005507469177246,0.0095701217651367,-0.0069141387939453,-0.0108985900878906,0.0148048400878906,-0.0009765625,-0.0169143676757812,-0.0056638717651367,0.0159769058227539,-0.0207424163818359,-0.0636329650878906,-0.0294923782348633
4315,-0.0019140243530273,,,0.0169143676757812,0.0172262191772461,-0.046757698059082,0.0158205032348633,0.0092582702636718,0.0151176452636719,0.005507469177246,0.0095701217651367,-0.0069141387939453,-0.0108985900878906,0.0147266387939453,-0.0009765625,-0.0169143676757812,-0.0056638717651367,0.0159769058227539,-0.0206642150878906,-0.0635547637939453,-0.0294923782348633
4320,-0.0019140243530273,,,0.0169143676757812,0.0172262191772461,-0.046757698059082,0.0158205032348633,0.0092582702636718,0.0151176452636719,0.005507469177246,0.009648323059082,-0.0069141387939453,-0.0108203887939453,0.0147266387939453,-0.0008983612060546,-0.0169143676757812,-0.0056638717651367,0.0159769058227539,-0.0206642150878906,-0.0635547637939453,-0.0294923782348633
4325,-0.0019140243530273,,,0.0169143676757812,0.0172262191772461,-0.0466794967651367,0.0158987045288086,0.0092582702636718,0.0151176452636719,0.005507469177246,0.0097265243530273,-0.0068359375,-0.0108203887939453,0.0147266387939453,-0.0008983612060546,-0.0168361663818359,-0.0056638717651367,0.0159769058227539,-0.0206642150878906,-0.0635547637939453,-0.0294923782348633
4330,-0.0019140243530273,,,0.0169143676757812,0.0172262191772461,-0.0466794967651367,0.0158987045288086,0.0092582702636718,0.0151176452636719,0.0055856704711914,0.0097265243530273,-0.0068359375,-0.0108203887939453,0.0147266387939453,-0.0008983612060546,-0.0168361663818359,-0.0056638717651367,0.0159769058227539,-0.0206642150878906,-0.0635547637939453,-0.0294923782348633
4335,-0.0019140243530273,,,0.0169143676757812,0.0172262191772461,-0.0466794967651367,0.0158987045288086,0.0092582702636718,0.0151176452636719,0.0055856704711914,0.0098047256469726,-0.0068359375,-0.0108203887939453,0.0147266387939453,-0.0008201599121093,-0.0169143676757812,-0.0056638717651367,0.0159769058227539,-0.0206642150878906,-0.0635547637939453,-0.0294923782348633
4340,-0.0019140243530273,,,0.0169143676757812,0.0172262191772461,-0.0466794967651367,0.0158987045288086,0.0092582702636718,0.0151176452636719,0.0055856704711914,0.0098047256469726,-0.0068359375,-0.0108203887939453,0.0147266387939453,-0.0008201599121093,-0.0169143676757812,-0.0056638717651367,0.0159769058227539,-0.0206642150878906,-0.0635547637939453,-0.0294923782348633
4345,-0.0019140243530273,,,0.0169143676757812,0.0172262191772461,-0.0466794967651367,0.0158987045288086,0.0092582702636718,0.0151958465576172,0.0055856704711914,0.0098829269409179,-0.0068359375,-0.0108203887939453,0.0147266387939453,-0.0008201599121093,-0.0168361663818359,-0.0056638717651367,0.0159769058227539,-0.0206642150878906,-0.0635547637939453,-0.0294923782348633
4350,-0.0019140243530273,,,0.0169143676757812,0.0172262191772461,-0.0466794967651367,0.0158987045288086,0.0092582702636718,0.0151958465576172,0.0055856704711914,0.0098829269409179,-0.0068359375,-0.0108203887939453,0.0147266387939453,-0.000741958618164,-0.0168361663818359,-0.0056638717651367,0.0159769058227539,-0.0206642150878906,-0.0634765625,-0.0294923782348633
4355,-0.0019140243530273,,,0.0169143676757812,0.0172262191772461,-0.0466794967651367,0.0158987045288086,0.0092582702636718,0.0151958465576172,0.0055856704711914,0.0099611282348632,-0.0068359375,-0.0108203887939453,0.0147266387939453,-0.000741958618164,-0.0168361663818359,-0.0056638717651367,0.0159769058227539,-0.0206642150878906,-0.0634765625,-0.0294923782348633
4360,-0.001835823059082,,,0.0169143676757812,0.0172262191772461,-0.0466794967651367,0.0158987045288086,0.0092582702636718,0.0151958465576172,0.0055856704711914,0.0099611282348632,-0.0068359375,-0.0108203887939453,0.0146484375,-0.0006637573242187,-0.0168361663818359,-0.0056638717651367,0.0159769058227539,-0.0206642150878906,-0.0634765625,-0.0294923782348633
4365,-0.0019140243530273,,,0.0169143676757812,0.0172262191772461,-0.0466012954711914,0.0158987045288086,0.0092582702636718,0.0151958465576172,0.0055856704711914,0.0100393295288086,-0.0067577362060546,-0.0107421875,0.0146484375,-0.0006637573242187,-0.0168361663818359,-0.0056638717651367,0.0159769058227539,-0.0206642150878906,-0.0634765625,-0.0294923782348633
4370,-0.001835823059082,,,0.0169143676757812,0.0172262191772461,-0.0466012954711914,0.0158987045288086,0.0092582702636718,0.0152730941772461,0.0056638717651367,0.0101175308227539,-0.0067577362060546,-0.0107421875,0.0146484375,-0.0006637573242187,-0.0168361663818359,-0.0056638717651367,0.0159769058227539,-0.0206642150878906,-0.0633983612060547,-0.029414176940918
4375,-0.001835823059082,,,0.0169143676757812,0.0172262191772461,-0.0466012954711914,0.0159769058227539,0.0092582702636718,0.0152730941772461,0.0056638717651367,0.0101175308227539,-0.0067577362060546,-0.0107421875,0.0146484375,-0.0005855560302734,-0.0168361663818359,-0.0056638717651367,0.0159769058227539,-0.0205860137939453,-0.0633983612060547,-0.029414176940918
4380,-0.001835823059082,,,0.0169143676757812,0.0172262191772461,-0.0466012954711914,0.0159769058227539,0.0093364715576171,0.0152730941772461,0.0056638717651367,0.0101957321166992,-0.0067577362060546,-0.0107421875,0.0146484375,-0.0005855560302734,-0.0168361663818359,-0.0056638717651367,0.0159769058227539,-0.0206642150878906,-0.0633983612060547,-0.029414176940918
4385,-0.001835823059082,,,0.0169143676757812,0.0172262191772461,-0.0466012954711914,0.0159769058227539,0.0093364715576171,0.0152730941772461,0.0056638717651367,0.0101957321166992,-0.0067577362060546,-0.0107421875,0.0146484375,-0.0005073547363281,-0.0168361663818359,-0.0056638717651367,0.0159769058227539,-0.0205860137939453,-0.0633983612060547,-0.029414176940918
4390,-0.001835823059082,,,0.0169143676757812,0.0172262191772461,-0.0466012954711914,0.0159769058227539,0.0093364715576171,0.0153512954711914,0.0056638717651367,0.0102739334106445,-0.0067577362060546,-0.0107421875,0.0146484375,-0.0005073547363281,-0.0168361663818359,-0.0056638717651367,0.0159769058227539,-0.0205860137939453,-0.0633983612060547,-0.029414176940918
4395,-0.001835823059082,,,0.0169143676757812,0.0172262191772461,-0.0466012954711914,0.0159769058227539,0.0092582702636718,0.0153512954711914,0.0056638717651367,0.0102739334106445,-0.0067577362060546,-0.0107421875,0.0145702362060547,-0.0005073547363281,-0.0168361663818359,-0.0056638717651367,0.0159769058227539,-0.0205860137939453,-0.0633983612060547,-0.029414176940918
4400,-0.001835823059082,,,0.0169143676757812,0.0172262191772461,-0.0466012954711914,0.0159769058227539,0.0093364715576171,0.0153512954711914,0.005742073059082,0.0103511810302734,-0.0066795349121093,-0.0106639862060547,0.0145702362060547,-0.0004301071166992,-0.0168361663818359,-0.0056638717651367,0.0159769058227539,-0.0205860137939453,-0.0633201599121094,-0.029414176940918
4405,-0.001835823059082,,,0.0169143676757812,0.0172262191772461,-0.0466012954711914,0.0159769058227539,0.0093364715576171,0.0153512954711914,0.005742073059082,0.0103511810302734,-0.0066795349121093,-0.0106639862060547,0.0145702362060547,-0.0004301071166992,-0.0168361663818359,-0.0056638717651367,0.0159769058227539,-0.0205860137939453,-0.0633201599121094,-0.029414176940918
4410,-0.001835823059082,,,0.0169143676757812,0.0172262191772461,-0.0466012954711914,0.0159769058227539,0.0093364715576171,0.0153512954711914,0.005742073059082,0.0104293823242188,-0.0066795349121093,-0.0106639862060547,0.0145702362060547,-0.0003519058227539,-0.0168361663818359,-0.0056638717651367,0.0159769058227539,-0.0205860137939453,-0.0633201599121094,-0.029414176940918
4415,-0.001835823059082,,,0.0169143676757812,0.0172262191772461,-0.0465240478515625,0.0159769058227539,0.0093364715576171,0.0153512954711914,0.005742073059082,0.0104293823242188,-0.0066795349121093,-0.0106639862060547,0.0145702362060547,-0.0003519058227539,-0.0167579650878906,-0.0056638717651367,0.0159769058227539,-0.0205860137939453,-0.0633201599121094,-0.029414176940918
4420,-0.001835823059082,,,0.0169143676757812,0.0172262191772461,-0.0465240478515625,0.0159769058227539,0.0093364715576171,0.0154294967651367,0.005742073059082,0.0105075836181641,-0.0066795349121093,-0.0106639862060547,0.0145702362060547,-0.0002737045288085,-0.0167579650878906,-0.0056638717651367,0.0159769058227539,-0.0205860137939453,-0.0632419586181641,-0.029414176940918
4425,-0.001835823059082,,,0.0169143676757812,0.0172262191772461,-0.0465240478515625,0.0159769058227539,0.0093364715576171,0.0154294967651367,0.005742073059082,0.0105075836181641,-0.0066795349121093,-0.0106639862060547,0.0145702362060547,-0.0002737045288085,-0.0167579650878906,-0.0056638717651367,0.0159769058227539,-0.0205860137939453,-0.0632419586181641,-0.029414176940918
4430,-0.001835823059082,,,0.0169143676757812,0.0173044204711914,-0.0465240478515625,0.0160551071166992,0.0093364715576171,0.0154294967651367,0.0058202743530273,0.0105857849121094,-0.0066795349121093,-0.0106639862060547,0.0145702362060547,-0.0002737045288085,-0.0167579650878906,-0.0056638717651367,0.0159769058227539,-0.0205860137939453,-0.0632419586181641,-0.029414176940918
4435,-0.001835823059082,,,0.0169143676757812,0.0173044204711914,-0.0465240478515625,0.0160551071166992,0.0093364715576171,0.0154294967651367,0.0058202743530273,0.0105857849121094,-0.0066795349121093,-0.0106639862060547,0.0144920349121094,-0.0001955032348632,-0.0167579650878906,-0.0056638717651367,0.0159769058227539,-0.0205860137939453,-0.0632419586181641,-0.029414176940918
4440,-0.001835823059082,,,0.0169143676757812,0.0172262191772461,-0.0465240478515625,0.0160551071166992,0.0093364715576171,0.0154294967651367,0.0058202743530273,0.0105857849121094,-0.0066795349121093,-0.0106639862060547,0.0144920349121094,-0.0001955032348632,-0.0167579650878906,-0.0055856704711914,0.0159769058227539,-0.0205860137939453,-0.0632419586181641,-0.029414176940918
4445,-0.001835823059082,,,0.0169143676757812,0.0172262191772461,-0.0465240478515625,0.0160551071166992,0.0093364715576171,0.0154294967651367,0.0058202743530273,0.0106639862060547,-0.006601333618164,-0.0106639862060547,0.0144920349121094,-0.0001173019409179,-0.0167579650878906,-0.0056638717651367,0.0159769058227539,-0.0205860137939453,-0.0631647109985352,-0.029414176940918
4450,-0.001835823059082,,,0.0169143676757812,0.0173044204711914,-0.0465240478515625,0.0160551071166992,0.0093364715576171,0.015507698059082,0.0058202743530273,0.0106639862060547,-0.006601333618164,-0.0105857849121094,0.0144920349121094,-0.0001173019409179,-0.0167579650878906,-0.0056638717651367,0.0159769058227539,-0.0205860137939453,-0.0631647109985352,-0.029414176940918
4455,-0.001835823059082,,,0.0169143676757812,0.0173044204711914,-0.0465240478515625,0.0160551071166992,0.0093364715576171,0.015507698059082,0.0058202743530273,0.0107421875,-0.006601333618164,-0.0105857849121094,0.0143356323242188,-0.0001173019409179,-0.0167579650878906,-0.0056638717651367,0.0159769058227539,-0.0205078125,-0.0631647109985352,-0.0293359756469726
4460,-0.0017576217651367,,,0.0169143676757812,0.0173044204711914,-0.0465240478515625,0.0160551071166992,0.0093364715576171,0.015507698059082,0.0058202743530273,0.0107421875,-0.006601333618164,-0.0105857849121094,0.0141801834106445,-3.91006469726562e-05,-0.0167579650878906,-0.0055856704711914,0.0159769058227539,-0.0205078125,-0.0631647109985352,-0.0293359756469726
4465,-0.0017576217651367,,,0.0169143676757812,0.0173044204711914,-0.0464458465576172,0.0160551071166992,0.0093364715576171,0.015507698059082,0.0058202743530273,0.0108203887939453,-0.006601333618164,-0.0105857849121094,0.0141801834106445,-3.91006469726562e-05,-0.0167579650878906,-0.0055856704711914,0.0159769058227539,-0.0205078125,-0.0631647109985352,-0.0293359756469726
4470,-0.0017576217651367,,,0.0169143676757812,0.0173044204711914,-0.0464458465576172,0.0160551071166992,0.0093364715576171,0.015507698059082,0.0058202743530273,0.0108203887939453,-0.006601333618164,-0.0105857849121094,0.0141801834106445,3.91006469726562e-05,-0.0167579650878906,-0.0055856704711914,0.0159769058227539,-0.0205078125,-0.0630865097045898,-0.0293359756469726
4475,-0.0017576217651367,,,0.0169143676757812,0.0173044204711914,-0.0464458465576172,0.0160551071166992,0.0093364715576171,0.015507698059082,0.0058202743530273,0.0108203887939453,-0.006601333618164,-0.0105857849121094,0.0141801834106445,3.91006469726562e-05,-0.0167579650878906,-0.0055856704711914,0.0159769058227539,-0.0205078125,-0.0630865097045898,-0.0293359756469726
4480,-0.0017576217651367,,,0.0169143676757812,0.0173044204711914,-0.0464458465576172,0.0160551071166992,0.0093364715576171,0.015507698059082,0.0058984756469726,0.0108985900878906,-0.006601333618164,-0.0105857849121094,0.0141801834106445,3.91006469726562e-05,-0.0167579650878906,-0.0055856704711914,0.0159769058227539,-0.0205078125,-0.0630865097045898,-0.0293359756469726
4485,-0.0017576217651367,,,0.0169143676757812,0.0173044204711914,-0.0464458465576172,0.0160551071166992,0.0093364715576171,0.0155858993530272,0.0058984756469726,0.0108985900878906,-0.006601333618164,-0.0105857849121094,0.0141801834106445,0.0001173019409179,-0.0167579650878906,-0.0055856704711914,0.0159769058227539,-0.0205078125,-0.0630865097045898,-0.0293359756469726
4490,-0.0017576217651367,,,0.0168361663818359,0.0173044204711914,-0.0464458465576172,0.0160551071166992,0.0093364715576171,0.0155858993530272,0.0058984756469726,0.0109767913818359,-0.006601333618164,-0.0105857849121094,0.0141801834106445,0.0001173019409179,-0.0167579650878906,-0.0055856704711914,0.0159769058227539,-0.0205078125,-0.0630865097045898,-0.0293359756469726
4495,-0.0017576217651367,,,0.0168361663818359,0.0173044204711914,-0.0464458465576172,0.0160551071166992,0.0093364715576171,0.0155858993530272,0.0058984756469726,0.0109767913818359,-0.0065231323242187,-0.0105075836181641,0.0141801834106445,0.0001173019409179,-0.0167579650878906,-0.0055856704711914,0.0159769058227539,-0.0205078125,-0.0630083084106445,-0.0293359756469726
4500,-0.0017576217651367,,,0.0168361663818359,0.0173044204711914,-0.0464458465576172,0.0161333084106445,0.0093364715576171,0.0155858993530272,0.0058984756469726,0.0109767913818359,-0.0065231323242187,-0.0105075836181641,0.0141801834106445,0.0001955032348632,-0.0167579650878906,-0.0055856704711914,0.0159769058227539,-0.0205078125,-0.0630083084106445,-0.0293359756469726
4505,-0.0017576217651367,,,0.0168361663818359,0.0173044204711914,-0.0464458465576172,0.0161333084106445,0.0093364715576171,0.0155858993530272,0.0058984756469726,0.0110549926757812,-0.0065231323242187,-0.0105075836181641,0.0141801834106445,0.0001955032348632,-0.0166797637939453,-0.0055856704711914,0.0160551071166992,-0.0205078125,-0.0630083084106445,-0.0293359756469726
4510,-0.0017576217651367,,,0.0168361663818359,0.0173044204711914,-0.0464458465576172,0.0161333084106445,0.0093364715576171,0.0155858993530272,0.0059766769409179,0.0110549926757812,-0.0065231323242187,-0.0105075836181641,0.0141801834106445,0.0002737045288085,-0.0166797637939453,-0.0055856704711914,0.0160551071166992,-0.0205078125,-0.0630083084106445,-0.0293359756469726
4515,-0.0017576217651367,,,0.0168361663818359,0.0173044204711914,-0.0463676452636719,0.0161333084106445,0.0093364715576171,0.0156641006469727,0.0059766769409179,0.0110549926757812,-0.0065231323242187,-0.0105075836181641,0.0141801834106445,0.0002737045288085,-0.0166797637939453,-0.0055856704711914,0.0160551071166992,-0.0205078125,-0.0629301071166991,-0.0293359756469726
4520,-0.0017576217651367,,,0.0168361663818359,0.0173044204711914,-0.0463676452636719,0.0161333084106445,0.0093364715576171,0.0156641006469727,0.0059766769409179,0.0111331939697266,-0.0065231323242187,-0.0105075836181641,0.0141801834106445,0.0002737045288085,-0.0166797637939453,-0.0055856704711914,0.0160551071166992,-0.0204296112060547,-0.0629301071166991,-0.0293359756469726
4525,-0.0017576217651367,,,0.0168361663818359,0.0173044204711914,-0.0463676452636719,0.0161333084106445,0.0093364715576171,0.0156641006469727,0.0059766769409179,0.0111331939697266,-0.0065231323242187,-0.0105075836181641,0.0141801834106445,0.0003519058227539,-0.0166797637939453,-0.0055856704711914,0.0160551071166992,-0.0204296112060547,-0.0629301071166991,-0.0293359756469726
4530,-0.0017576217651367,,,0.0168361663818359,0.0173044204711914,-0.0463676452636719,0.0161333084106445,0.0093364715576171,0.0156641006469727,0.0059766769409179,0.0111331939697266,-0.0065231323242187,-0.0105075836181641,0.0141801834106445,0.0003519058227539,-0.0166797637939453,-0.0055856704711914,0.0160551071166992,-0.0204296112060547,-0.0629301071166991,-0.0292577743530273
4535,-0.0017576217651367,,,0.0168361663818359,0.0173044204711914,-0.0463676452636719,0.0161333084106445,0.0093364715576171,0.0156641006469727,0.0059766769409179,0.0112113952636719,-0.0065231323242187,-0.0105075836181641,0.0141801834106445,0.0004301071166992,-0.0166797637939453,-0.0055856704711914,0.0160551071166992,-0.0204296112060547,-0.0628519058227538,-0.0292577743530273
4540,-0.0017576217651367,,,0.0168361663818359,0.0173044204711914,-0.0463676452636719,0.0161333084106445,0.0093364715576171,0.0156641006469727,0.0059766769409179,0.0112113952636719,-0.0065231323242187,-0.0105075836181641,0.0141801834106445,0.0004301071166992,-0.0166797637939453,-0.0055856704711914,0.0160551071166992,-0.0204296112060547,-0.0628519058227538,-0.0292577743530273
4545,-0.0017576217651367,,,0.0168361663818359,0.0173044204711914,-0.0463676452636719,0.0161333084106445,0.0093364715576171,0.0156641006469727,0.0059766769409179,0.0112113952636719,-0.0065231323242187,-0.0105075836181641,0.0141801834106445,0.0005083084106445,-0.0166797637939453,-0.0055856704711914,0.0160551071166992,-0.0204296112060547,-0.0628519058227538,-0.0292577743530273
4550,-0.0017576217651367,,,0.0168361663818359,0.0173044204711914,-0.0463676452636719,0.0161333084106445,0.0093364715576171,0.0156641006469727,0.0059766769409179,0.0112895965576172,-0.0065231323242187,-0.0105075836181641,0.0141801834106445,0.0005083084106445,-0.0166797637939453,-0.0055856704711914,0.0160551071166992,-0.0204296112060547,-0.0628519058227538,-0.0292577743530273
4555,-0.0016794204711914,,,0.0168361663818359,0.0173044204711914,-0.0463676452636719,0.0161333084106445,0.0093364715576171,0.015742301940918,0.0060548782348632,0.0112895965576172,-0.0065231323242187,-0.0105075836181641,0.0141801834106445,0.0005083084106445,-0.0166797637939453,-0.0055856704711914,0.0160551071166992,-0.0204296112060547,-0.0628519058227538,-0.0292577743530273
4560,-0.0016794204711914,,,0.0168361663818359,0.0173044204711914,-0.0462894439697266,0.0162115097045898,0.0093364715576171,0.015742301940918,0.0060548782348632,0.0112895965576172,-0.0065231323242187,-0.0105075836181641,0.0141801834106445,0.0005855560302734,-0.0166797637939453,-0.0055856704711914,0.0160551071166992,-0.0204296112060547,-0.0627737045288086,-0.0292577743530273
4565,-0.0016794204711914,,,0.0168361663818359,0.0173826217651367,-0.0462894439697266,0.0162115097045898,0.0093364715576171,0.015742301940918,0.0060548782348632,0.0112895965576172,-0.0064449310302734,-0.0104293823242188,0.0141801834106445,0.0005855560302734,-0.0166797637939453,-0.0055856704711914,0.0160551071166992,-0.0204296112060547,-0.0627737045288086,-0.0292577743530273
4570,-0.0016794204711914,,,0.0168361663818359,0.0173826217651367,-0.0462894439697266,0.0162115097045898,0.0093364715576171,0.015742301940918,0.0060548782348632,0.0112895965576172,-0.0064449310302734,-0.0104293823242188,0.0141801834106445,0.0006637573242187,-0.0166797637939453,-0.0055856704711914,0.0160551071166992,-0.0204296112060547,-0.0627737045288086,-0.0292577743530273
4575,-0.0016794204711914,,,0.0168361663818359,0.0173044204711914,-0.0462894439697266,0.0162115097045898,0.0093364715576171,0.015742301940918,0.0060548782348632,0.0113668441772461,-0.0065231323242187,-0.0104293823242188,0.0141801834106445,0.0006637573242187,-0.0166797637939453,-0.0055856704711914,0.0160551071166992,-0.0204296112060547,-0.0627737045288086,-0.0292577743530273
4580,-0.0016794204711914,,,0.0168361663818359,0.0173826217651367,-0.0462894439697266,0.0162115097045898,0.0093364715576171,0.015742301940918,0.0060548782348632,0.0113668441772461,-0.0064449310302734,-0.0104293823242188,0.0141019821166992,0.0006637573242187,-0.0166797637939453,-0.0055856704711914,0.0160551071166992,-0.0204296112060547,-0.0626955032348633,-0.0292577743530273
4585,-0.0016794204711914,,,0.0168361663818359,0.0173826217651367,-0.0462894439697266,0.0162115097045898,0.0093364715576171,0.015742301940918,0.0060548782348632,0.0113668441772461,-0.0064449310302734,-0.0104293823242188,0.0141019821166992,0.000741958618164,-0.0166797637939453,-0.0055856704711914,0.0160551071166992,-0.0204296112060547,-0.0626955032348633,-0.0292577743530273
4590,-0.0016794204711914,,,0.0168361663818359,0.0173826217651367,-0.0462894439697266,0.0162115097045898,0.0093364715576171,0.015742301940918,0.0060548782348632,0.0114450454711914,-0.0064449310302734,-0.0104293823242188,0.0141019821166992,0.000741958618164,-0.0166797637939453,-0.0055856704711914,0.0160551071166992,-0.0204296112060547,-0.0626955032348633,-0.0292577743530273
4595,-0.0016794204711914,,,0.0168361663818359,0.0173826217651367,-0.0462894439697266,0.0162115097045898,0.0093364715576171,0.015742301940918,0.0060548782348632,0.0114450454711914,-0.0064449310302734,-0.0104293823242188,0.0141019821166992,0.000741958618164,-0.0166797637939453,-0.0055856704711914,0.0160551071166992,-0.0204296112060547,-0.0626955032348633,-0.0292577743530273
4600,-0.0016794204711914,,,0.0168361663818359,0.0173826217651367,-0.0462894439697266,0.0162115097045898,0.0093364715576171,0.015742301940918,0.0061330795288085,0.0114450454711914,-0.0064449310302734,-0.0104293823242188,0.0141019821166992,0.0008201599121093,-0.0166797637939453,-0.0055856704711914,0.0160551071166992,-0.0204296112060547,-0.0626955032348633,-0.0292577743530273
4605,-0.0016794204711914,,,0.0168361663818359,0.0173826217651367,-0.0462894439697266,0.0162115097045898,0.009413719177246,0.0158205032348633,0.0061330795288085,0.0114450454711914,-0.0064449310302734,-0.0104293823242188,0.0141019821166992,0.0008201599121093,-0.0166797637939453,-0.0055856704711914,0.0160551071166992,-0.0204296112060547,-0.062617301940918,-0.029179573059082
4610,-0.0016794204711914,,,0.0168361663818359,0.0173826217651367,-0.0462894439697266,0.0162115097045898,0.009413719177246,0.0158205032348633,0.0061330795288085,0.0114450454711914,-0.0064449310302734,-0.0104293823242188,0.0141019821166992,0.0008201599121093,-0.0166797637939453,-0.0055856704711914,0.0160551071166992,-0.0204296112060547,-0.062617301940918,-0.029179573059082
4615,-0.0016794204711914,,,0.0168361663818359,0.0173826217651367,-0.0462112426757812,0.0162115097045898,0.009413719177246,0.0158205032348633,0.0061330795288085,0.0114450454711914,-0.0064449310302734,-0.0104293823242188,0.0141019821166992,0.0008983612060546,-0.0166797637939453,-0.0055856704711914,0.0160551071166992,-0.0203514099121094,-0.062617301940918,-0.029179573059082
4620,-0.0016794204711914,,,0.0168361663818359,0.0173826217651367,-0.0462112426757812,0.0162115097045898,0.009413719177246,0.0158205032348633,0.0061330795288085,0.0114450454711914,-0.0064449310302734,-0.0104293823242188,0.0141019821166992,0.0008983612060546,-0.0166797637939453,-0.0055856704711914,0.0160551071166992,-0.0203514099121094,-0.062617301940918,-0.029179573059082
4625,-0.0016794204711914,,,0.0168361663818359,0.0173826217651367,-0.0462112426757812,0.0162115097045898,0.009413719177246,0.0158205032348633,0.0061330795288085,0.0114450454711914,-0.0064449310302734,-0.0104293823242188,0.0140237808227539,0.0009765625,-0.0166797637939453,-0.0055856704711914,0.0160551071166992,-0.0203514099121094,-0.062617301940918,-0.029179573059082
4630,-0.0016794204711914,,,0.0168361663818359,0.0173826217651367,-0.0462112426757812,0.0162115097045898,0.009413719177246,0.0158205032348633,0.0061330795288085,0.0115232467651367,-0.0064449310302734,-0.0104293823242188,0.0140237808227539,0.0009765625,-0.0166797637939453,-0.0055856704711914,0.0160551071166992,-0.0203514099121094,-0.0625391006469727,-0.029179573059082
4635,-0.0016794204711914,,,0.0168361663818359,0.0173826217651367,-0.0462112426757812,0.0162887573242188,0.009413719177246,0.0158205032348633,0.0061330795288085,0.0115232467651367,-0.0064449310302734,-0.0104293823242188,0.0140237808227539,0.0009765625,-0.0166797637939453,-0.0055856704711914,0.0160551071166992,-0.0203514099121094,-0.0625391006469727,-0.029179573059082
4640,-0.0016794204711914,,,0.0168361663818359,0.0173826217651367,-0.0462112426757812,0.0162887573242188,0.009413719177246,0.0158205032348633,0.0061330795288085,0.0115232467651367,-0.0064449310302734,-0.0104293823242188,0.0140237808227539,0.0010547637939453,-0.0166797637939453,-0.0055856704711914,0.0160551071166992,-0.0203514099121094,-0.0625391006469727,-0.029179573059082
4645,-0.001601219177246,,,0.0168361663818359,0.0173826217651367,-0.0462112426757812,0.0162887573242188,0.009413719177246,0.0158205032348633,0.0061330795288085,0.0115232467651367,-0.0064449310302734,-0.0104293823242188,0.0140237808227539,0.0010547637939453,-0.0166797637939453,-0.0055856704711914,0.0160551071166992,-0.0203514099121094,-0.0625391006469727,-0.029179573059082
4650,-0.001601219177246,,,0.0167579650878906,0.0173826217651367,-0.0462112426757812,0.0162887573242188,0.009413719177246,0.0158987045288086,0.0062112808227539,0.0115232467651367,-0.0064449310302734,-0.0104293823242188,0.0140237808227539,0.0010547637939453,-0.0166797637939453,-0.0055856704711914,0.0160551071166992,-0.0203514099121094,-0.0625391006469727,-0.029179573059082
4655,-0.001601219177246,,,0.0167579650878906,0.0173826217651367,-0.0462112426757812,0.0162887573242188,0.009413719177246,0.0158987045288086,0.0062112808227539,0.0115232467651367,-0.0064449310302734,-0.0104293823242188,0.0140237808227539,0.0011329650878906,-0.0166797637939453,-0.0055856704711914,0.0160551071166992,-0.0203514099121094,-0.0624608993530273,-0.029179573059082
4660,-0.001601219177246,,,0.0167579650878906,0.0173826217651367,-0.0462112426757812,0.0162887573242188,0.009413719177246,0.0158987045288086,0.0062112808227539,0.0115232467651367,-0.0064449310302734,-0.0104293823242188,0.0140237808227539,0.0011329650878906,-0.0166797637939453,-0.0055856704711914,0.0160551071166992,-0.0203514099121094,-0.0624608993530273,-0.029179573059082
4665,-0.001601219177246,,,0.0167579650878906,0.0173826217651367,-0.0462112426757812,0.0162887573242188,0.009413719177246,0.0158987045288086,0.0062112808227539,0.0115232467651367,-0.0064449310302734,-0.0103511810302734,0.0140237808227539,0.0011329650878906,-0.0166797637939453,-0.0055856704711914,0.0160551071166992,-0.0203514099121094,-0.0624608993530273,-0.029179573059082
4670,-0.001601219177246,,,0.0167579650878906,0.0173826217651367,-0.0462112426757812,0.0162887573242188,0.009413719177246,0.0158987045288086,0.0062112808227539,0.0115232467651367,-0.0064449310302734,-0.0104293823242188,0.0139455795288086,0.0012111663818359,-0.0166797637939453,-0.0055856704711914,0.0160551071166992,-0.0203514099121094,-0.0624608993530273,-0.029179573059082
4675,-0.001601219177246,,,0.0167579650878906,0.0173826217651367,-0.0461330413818359,0.0162887573242188,0.009413719177246,0.0158205032348633,0.0062112808227539,0.0115232467651367,-0.0064449310302734,-0.0104293823242188,0.0139455795288086,0.0012111663818359,-0.0166797637939453,-0.0055856704711914,0.0160551071166992,-0.0203514099121094,-0.0624608993530273,-0.029179573059082
4680,-0.001601219177246,,,0.0167579650878906,0.0173826217651367,-0.0461330413818359,0.0162887573242188,0.009413719177246,0.0158205032348633,0.0062112808227539,0.0115232467651367,-0.0064449310302734,-0.0104293823242188,0.0139455795288086,0.0012111663818359,-0.0166797637939453,-0.0055856704711914,0.0160551071166992,-0.0203514099121094,-0.0624608993530273,-0.029179573059082
4685,-0.001601219177246,,,0.0167579650878906,0.0173826217651367,-0.0461330413818359,0.0162887573242188,0.009413719177246,0.0158987045288086,0.0062112808227539,0.0115232467651367,-0.0064449310302734,-0.0104293823242188,0.0139455795288086,0.0012893676757812,-0.0166797637939453,-0.0055856704711914,0.0160551071166992,-0.0203514099121094,-0.0624608993530273,-0.029179573059082
4690,-0.001601219177246,,,0.0167579650878906,0.0173826217651367,-0.0461330413818359,0.0162887573242188,0.009413719177246,0.0158987045288086,0.0062112808227539,0.0115232467651367,-0.0064449310302734,-0.0104293823242188,0.0139455795288086,0.0012893676757812,-0.0166797637939453,-0.0055856704711914,0.0160551071166992,-0.0203514099121094,-0.0624608993530273,-0.0291013717651367
4695,-0.001601219177246,,,0.0167579650878906,0.0173826217651367,-0.0461330413818359,0.0162887573242188,0.009413719177246,0.0158987045288086,0.0062112808227539,0.0115232467651367,-0.0064449310302734,-0.0104293823242188,0.0139455795288086,0.0012893676757812,-0.0166797637939453,-0.0055856704711914,0.0161333084106445,-0.0203514099121094,-0.0624608993530273,-0.0291013717651367
4700,-0.001601219177246,,,0.0167579650878906,0.0173826217651367,-0.0461330413818359,0.0163669586181641,0.009413719177246,0.0158987045288086,0.0062112808227539,0.0115232467651367,-0.0064449310302734,-0.0104293823242188,0.0139455795288086,0.0012893676757812,-0.0166797637939453,-0.0055856704711914,0.0161333084106445,-0.0203514099121094,-0.062382698059082,-0.0291013717651367
4705,-0.001601219177246,,,0.0167579650878906,0.0173826217651367,-0.0461330413818359,0.0163669586181641,0.009413719177246,0.0158987045288086,0.0062112808227539,0.0115232467651367,-0.0064449310302734,-0.0104293823242188,0.0139455795288086,0.0013675689697265,-0.0166797637939453,-0.0055856704711914,0.0161333084106445,-0.0203514099121094,-0.0624608993530273,-0.0291013717651367
4710,-0.001601219177246,,,0.0167579650878906,0.0173826217651367,-0.0461330413818359,0.0163669586181641,0.009413719177246,0.0158205032348633,0.0062112808227539,0.0115232467651367,-0.0064449310302734,-0.0104293823242188,0.0138673782348633,0.0013675689697265,-0.0166797637939453,-0.0055856704711914,0.0161333084106445,-0.0203514099121094,-0.0624608993530273,-0.0291013717651367
4715,-0.001601219177246,,,0.0167579650878906,0.0173826217651367,-0.0461330413818359,0.0163669586181641,0.009413719177246,0.0158205032348633,0.0062112808227539,0.0115232467651367,-0.0064449310302734,-0.0104293823242188,0.0138673782348633,0.0013675689697265,-0.0166797637939453,-0.0055856704711914,0.0160551071166992,-0.0203514099121094,-0.062382698059082,-0.0291013717651367
4720,-0.001601219177246,,,0.0167579650878906,0.0173826217651367,-0.0461330413818359,0.0163669586181641,0.009413719177246,0.0158205032348633,0.0062112808227539,0.0115232467651367,-0.0064449310302734,-0.0104293823242188,0.0138673782348633,0.0013675689697265,-0.0166797637939453,-0.0055856704711914,0.0161333084106445,-0.0203514099121094,-0.062382698059082,-0.0291013717651367
4725,-0.001601219177246,,,0.0167579650878906,0.0173826217651367,-0.0461330413818359,0.0163669586181641,0.009413719177246,0.0158987045288086,0.0062112808227539,0.0115232467651367,-0.0064449310302734,-0.0104293823242188,0.0138673782348633,0.0014457702636718,-0.0166797637939453,-0.0055856704711914,0.0161333084106445,-0.0203514099121094,-0.062382698059082,-0.0291013717651367
4730,-0.001601219177246,,,0.0167579650878906,0.0173826217651367,-0.0460548400878906,0.0163669586181641,0.009413719177246,0.0158987045288086,0.0062112808227539,0.0115232467651367,-0.0064449310302734,-0.0104293823242188,0.0138673782348633,0.0014457702636718,-0.0167579650878906,-0.0055856704711914,0.0161333084106445,-0.0203514099121094,-0.062382698059082,-0.0291013717651367
4735,-0.001601219177246,,,0.0167579650878906,0.0173826217651367,-0.0460548400878906,0.0163669586181641,0.009413719177246,0.0158205032348633,0.0062112808227539,0.0115232467651367,-0.0064449310302734,-0.0104293823242188,0.0138673782348633,0.0014457702636718,-0.0167579650878906,-0.0055856704711914,0.0161333084106445,-0.0203514099121094,-0.062382698059082,-0.0291013717651367
4740,-0.001601219177246,,,0.0166797637939453,0.0173826217651367,-0.0460548400878906,0.0163669586181641,0.009413719177246,0.0158987045288086,0.0062112808227539,0.0115232467651367,-0.0064449310302734,-0.0104293823242188,0.013789176940918,0.0014457702636718,-0.0167579650878906,-0.0055856704711914,0.0161333084106445,-0.0203514099121094,-0.062382698059082,-0.0291013717651367
4745,-0.001601219177246,,,0.0167579650878906,0.0173826217651367,-0.0460548400878906,0.0163669586181641,0.009413719177246,0.0158987045288086,0.0062112808227539,0.0115232467651367,-0.0065231323242187,-0.0104293823242188,0.013789176940918,0.0014457702636718,-0.0166797637939453,-0.0055856704711914,0.0161333084106445,-0.0203514099121094,-0.062382698059082,-0.0291013717651367
4750,-0.001601219177246,,,0.0166797637939453,0.0173826217651367,-0.0460548400878906,0.0163669586181641,0.009413719177246,0.0158987045288086,0.0062112808227539,0.0115232467651367,-0.0064449310302734,-0.0104293823242188,0.013789176940918,0.0015230178833007,-0.0166797637939453,-0.0055856704711914,0.0161333084106445,-0.0203514099121094,-0.0623044967651367,-0.0291013717651367
4755,-0.001601219177246,,,0.0166797637939453,0.017460823059082,-0.0460548400878906,0.0163669586181641,0.009413719177246,0.0159769058227539,0.0062894821166992,0.0115232467651367,-0.0064449310302734,-0.0104293823242188,0.013789176940918,0.0015230178833007,-0.0166797637939453,-0.0055856704711914,0.0161333084106445,-0.0203514099121094,-0.0623044967651367,-0.0291013717651367
4760,-0.0015230178833007,,,0.0166797637939453,0.017460823059082,-0.0460548400878906,0.0163669586181641,0.0094919204711914,0.0159769058227539,0.0062894821166992,0.0115232467651367,-0.0064449310302734,-0.0104293823242188,0.013789176940918,0.0015230178833007,-0.0166797637939453,-0.0055856704711914,0.0161333084106445,-0.0202732086181641,-0.0623044967651367,-0.0291013717651367
4765,-0.0015230178833007,,,0.0166797637939453,0.017460823059082,-0.0460548400878906,0.0163669586181641,0.0094919204711914,0.0159769058227539,0.0062894821166992,0.0115232467651367,-0.0064449310302734,-0.0103511810302734,0.013789176940918,0.0015230178833007,-0.0166797637939453,-0.0055856704711914,0.0161333084106445,-0.0202732086181641,-0.0623044967651367,-0.0291013717651367
4770,-0.0015230178833007,,,0.0166797637939453,0.017460823059082,-0.0460548400878906,0.0163669586181641,0.0094919204711914,0.0160551071166992,0.0063676834106445,0.0115232467651367,-0.0064449310302734,-0.0103511810302734,0.013789176940918,0.001601219177246,-0.0166797637939453,-0.0055856704711914,0.0161333084106445,-0.0202732086181641,-0.0623044967651367,-0.0290231704711914
4775,-0.0015230178833007,,,0.0166797637939453,0.017460823059082,-0.0460548400878906,0.0164451599121094,0.0094919204711914,0.0160551071166992,0.0063676834106445,0.0115232467651367,-0.0064449310302734,-0.0103511810302734,0.013789176940918,0.001601219177246,-0.0166797637939453,-0.0055856704711914,0.0161333084106445,-0.0202732086181641,-0.0623044967651367,-0.0290231704711914
4780,-0.0015230178833007,,,0.0166797637939453,0.017460823059082,-0.0460548400878906,0.0163669586181641,0.0094919204711914,0.0160551071166992,0.0063676834106445,0.0115232467651367,-0.0064449310302734,-0.0103511810302734,0.013789176940918,0.001601219177246,-0.0166015625,-0.005507469177246,0.0161333084106445,-0.0202732086181641,-0.0622262954711914,-0.0290231704711914
4785,-0.0015230178833007,,,0.0166797637939453,0.017460823059082,-0.0460548400878906,0.0164451599121094,0.0094919204711914,0.0160551071166992,0.0063676834106445,0.0115232467651367,-0.0063667297363281,-0.0103511810302734,0.013789176940918,0.001601219177246,-0.0166015625,-0.0055856704711914,0.0161333084106445,-0.0202732086181641,-0.0622262954711914,-0.0290231704711914
4790,-0.0015230178833007,,,0.0166797637939453,0.017460823059082,-0.0459766387939453,0.0164451599121094,0.0094919204711914,0.0160551071166992,0.0064449310302734,0.0115232467651367,-0.0063667297363281,-0.0103511810302734,0.0137109756469727,0.0016794204711914,-0.0166015625,-0.005507469177246,0.0161333084106445,-0.0202732086181641,-0.0622262954711914,-0.0290231704711914
4795,-0.0015230178833007,,,0.0166797637939453,0.017460823059082,-0.0459766387939453,0.0164451599121094,0.0094919204711914,0.0160551071166992,0.0064449310302734,0.0115232467651367,-0.0063667297363281,-0.0103511810302734,0.0137109756469727,0.0016794204711914,-0.0166797637939453,-0.0055856704711914,0.0161333084106445,-0.0202732086181641,-0.0622262954711914,-0.0290231704711914
4800,-0.0015230178833007,,,0.0166797637939453,0.017460823059082,-0.0459766387939453,0.0164451599121094,0.0094919204711914,0.0160551071166992,0.0064449310302734,0.0115232467651367,-0.0063667297363281,-0.0103511810302734,0.0137109756469727,0.0016794204711914,-0.0166797637939453,-0.0055856704711914,0.0161333084106445,-0.0202732086181641,-0.0623044967651367,-0.0290231704711914
4805,-0.0015230178833007,,,0.0166797637939453,0.017460823059082,-0.0459766387939453,0.0164451599121094,0.0094919204711914,0.0159769058227539,0.0063676834106445,0.0115232467651367,-0.0064449310302734,-0.0104293823242188,0.0137109756469727,0.0016794204711914,-0.0166797637939453,-0.0055856704711914,0.0161333084106445,-0.0202732086181641,-0.0623044967651367,-0.0290231704711914
4810,-0.0015230178833007,,,0.0166797637939453,0.017460823059082,-0.0459766387939453,0.0164451599121094,0.0094919204711914,0.0159769058227539,0.0063676834106445,0.0114450454711914,-0.0064449310302734,-0.0104293823242188,0.0137109756469727,0.0016794204711914,-0.0166797637939453,-0.0055856704711914,0.0161333084106445,-0.0202732086181641,-0.0623044967651367,-0.0290231704711914
4815,-0.0015230178833007,,,0.0166797637939453,0.017460823059082,-0.0459766387939453,0.0164451599121094,0.0094919204711914,0.0159769058227539,0.0063676834106445,0.0114450454711914,-0.0064449310302734,-0.0104293823242188,0.0136327743530272,0.0017576217651367,-0.0166797637939453,-0.0055856704711914,0.0161333084106445,-0.0202732086181641,-0.0623044967651367,-0.0290231704711914
4820,-0.0015230178833007,,,0.0166797637939453,0.017460823059082,-0.0459766387939453,0.0164451599121094,0.0094919204711914,0.0159769058227539,0.0063676834106445,0.0114450454711914,-0.0064449310302734,-0.0104293823242188,0.0136327743530272,0.0017576217651367,-0.0166797637939453,-0.0055856704711914,0.0161333084106445,-0.0202732086181641,-0.0622262954711914,-0.0290231704711914
4825,-0.0015230178833007,,,0.0166797637939453,0.017460823059082,-0.0459766387939453,0.0164451599121094,0.0094919204711914,0.0159769058227539,0.0063676834106445,0.0114450454711914,-0.0064449310302734,-0.0104293823242188,0.0136327743530272,0.0017576217651367,-0.0166797637939453,-0.0055856704711914,0.0161333084106445,-0.0202732086181641,-0.0622262954711914,-0.0290231704711914
4830,-0.0015230178833007,,,0.0166797637939453,0.017460823059082,-0.0459766387939453,0.0164451599121094,0.0094919204711914,0.0159769058227539,0.0063676834106445,0.0114450454711914,-0.0064449310302734,-0.0104293823242188,0.0136327743530272,0.0017576217651367,-0.0166797637939453,-0.0055856704711914,0.0161333084106445,-0.0202732086181641,-0.0622262954711914,-0.0290231704711914
4835,-0.0015230178833007,,,0.0166797637939453,0.017460823059082,-0.0459766387939453,0.0164451599121094,0.0094919204711914,0.0160551071166992,0.0063676834106445,0.0114450454711914,-0.0064449310302734,-0.0104293823242188,0.0136327743530272,0.0017576217651367,-0.0166797637939453,-0.0055856704711914,0.0161333084106445,-0.0202732086181641,-0.0622262954711914,-0.0290231704711914
4840,-0.0015230178833007,,,0.0166797637939453,0.017460823059082,-0.0459766387939453,0.0164451599121094,0.0094919204711914,0.0159769058227539,0.0063676834106445,0.0114450454711914,-0.0064449310302734,-0.0104293823242188,0.0136327743530272,0.001835823059082,-0.0166797637939453,-0.0055856704711914,0.0161333084106445,-0.0202732086181641,-0.0623044967651367,-0.0290231704711914
4845,-0.0015230178833007,,,0.0166797637939453,0.017460823059082,-0.0459766387939453,0.0164451599121094,0.0094919204711914,0.0159769058227539,0.0063676834106445,0.0113668441772461,-0.0064449310302734,-0.0104293823242188,0.0136327743530272,0.001835823059082,-0.0167579650878906,-0.0055856704711914,0.0161333084106445,-0.0202732086181641,-0.0623044967651367,-0.0290231704711914
4850,-0.0015230178833007,,,0.0166797637939453,0.017460823059082,-0.0459766387939453,0.0164451599121094,0.0094919204711914,0.0159769058227539,0.0063676834106445,0.0113668441772461,-0.0064449310302734,-0.0104293823242188,0.013554573059082,0.001835823059082,-0.0166797637939453,-0.0055856704711914,0.0161333084106445,-0.0202732086181641,-0.0623044967651367,-0.0290231704711914
4855,-0.0015230178833007,,,0.0166797637939453,0.017460823059082,-0.0459766387939453,0.0164451599121094,0.0094919204711914,0.0159769058227539,0.0063676834106445,0.0113668441772461,-0.0064449310302734,-0.0104293823242188,0.013554573059082,0.001835823059082,-0.0166797637939453,-0.0055856704711914,0.0161333084106445,-0.0202732086181641,-0.0622262954711914,-0.0290231704711914
4860,-0.0015230178833007,,,0.0166015625,0.017460823059082,-0.0459766387939453,0.0164451599121094,0.0094919204711914,0.0159769058227539,0.0063676834106445,0.0113668441772461,-0.0064449310302734,-0.0104293823242188,0.013554573059082,0.001835823059082,-0.0166797637939453,-0.0055856704711914,0.0161333084106445,-0.0202732086181641,-0.0622262954711914,-0.0290231704711914
4865,-0.0015230178833007,,,0.0166797637939453,0.017460823059082,-0.0459766387939453,0.0165233612060547,0.0094919204711914,0.0159769058227539,0.0063676834106445,0.0113668441772461,-0.0064449310302734,-0.0104293823242188,0.013554573059082,0.0019140243530273,-0.0166797637939453,-0.0055856704711914,0.0161333084106445,-0.0202732086181641,-0.0622262954711914,-0.0290231704711914
4870,-0.0015230178833007,,,0.0166797637939453,0.017460823059082,-0.0459766387939453,0.0165233612060547,0.0094919204711914,0.0160551071166992,0.0064449310302734,0.0113668441772461,-0.0064449310302734,-0.0104293823242188,0.013554573059082,0.0019140243530273,-0.0166797637939453,-0.0055856704711914,0.0161333084106445,-0.0202732086181641,-0.0622262954711914,-0.0290231704711914
4875,-0.0015230178833007,,,0.0166797637939453,0.017460823059082,-0.0458984375,0.0165233612060547,0.0094919204711914,0.0160551071166992,0.0064449310302734,0.0113668441772461,-0.0064449310302734,-0.0104293823242188,0.013554573059082,0.0019140243530273,-0.0166797637939453,-0.0055856704711914,0.0161333084106445,-0.0202732086181641,-0.0621490478515625,-0.0290231704711914
4880,-0.0014448165893554,,,0.0166015625,0.017460823059082,-0.0458984375,0.0165233612060547,0.0094919204711914,0.0160551071166992,0.0064449310302734,0.0113668441772461,-0.0064449310302734,-0.0104293823242188,0.013554573059082,0.0019922256469726,-0.0166015625,-0.0055856704711914,0.0161333084106445,-0.0202732086181641,-0.0621490478515625,-0.0290231704711914
4885,-0.0014448165893554,,,0.0166015625,0.017460823059082,-0.0458984375,0.0165233612060547,0.0094919204711914,0.0161333084106445,0.0065231323242187,0.0113668441772461,-0.0064449310302734,-0.0103511810302734,0.013554573059082,0.0019922256469726,-0.0166015625,-0.005507469177246,0.0162115097045898,-0.0201950073242188,-0.0621490478515625,-0.0289449691772461
4890,-0.0014448165893554,,,0.0166797637939453,0.017460823059082,-0.0458984375,0.0165233612060547,0.0094919204711914,0.0161333084106445,0.0065231323242187,0.0113668441772461,-0.0063667297363281,-0.0103511810302734,0.013554573059082,0.0019922256469726,-0.0166015625,-0.005507469177246,0.0162115097045898,-0.0201950073242188,-0.0621490478515625,-0.0289449691772461
4895,-0.0014448165893554,,,0.0166797637939453,0.017460823059082,-0.0458984375,0.0165233612060547,0.0094919204711914,0.0162115097045898,0.006601333618164,0.0113668441772461,-0.0063667297363281,-0.0103511810302734,0.0134763717651367,0.0020704269409179,-0.0166015625,-0.005507469177246,0.0162115097045898,-0.0201950073242188,-0.0621490478515625,-0.0289449691772461
4900,-0.0014448165893554,,,0.0166797637939453,0.017460823059082,-0.0458984375,0.0165233612060547,0.0094919204711914,0.0162115097045898,0.006601333618164,0.0113668441772461,-0.0063667297363281,-0.0103511810302734,0.0134763717651367,0.0020704269409179,-0.0166015625,-0.005507469177246,0.0162115097045898,-0.0201950073242188,-0.0620708465576172,-0.0289449691772461
4905,-0.0014448165893554,,,0.0166797637939453,0.017460823059082,-0.0458984375,0.0165233612060547,0.0094919204711914,0.0162115097045898,0.006601333618164,0.0113668441772461,-0.0063667297363281,-0.0103511810302734,0.0134763717651367,0.0020704269409179,-0.0166015625,-0.005507469177246,0.0162115097045898,-0.0201950073242188,-0.0620708465576172,-0.0289449691772461
4910,-0.0014448165893554,,,0.0166797637939453,0.017460823059082,-0.0458984375,0.0165233612060547,0.0094919204711914,0.0162115097045898,0.006601333618164,0.0113668441772461,-0.0063667297363281,-0.0102729797363281,0.0134763717651367,0.0021486282348632,-0.0166015625,-0.005507469177246,0.0162115097045898,-0.0201950073242188,-0.0620708465576172,-0.0289449691772461
4915,-0.0014448165893554,,,0.0166797637939453,0.0175390243530273,-0.0458984375,0.0165233612060547,0.0094919204711914,0.0162887573242188,0.0066795349121093,0.0113668441772461,-0.0062894821166992,-0.0102729797363281,0.0134763717651367,0.0021486282348632,-0.0166015625,-0.005507469177246,0.0162115097045898,-0.0201950073242188,-0.0620708465576172,-0.0289449691772461
4920,-0.0014448165893554,,,0.0166797637939453,0.017460823059082,-0.0458984375,0.0165233612060547,0.0094919204711914,0.0162887573242188,0.0066795349121093,0.0113668441772461,-0.0062894821166992,-0.0102729797363281,0.0134763717651367,0.0021486282348632,-0.0166015625,-0.005507469177246,0.0162115097045898,-0.0201950073242188,-0.0620708465576172,-0.0289449691772461
4925,-0.0014448165893554,,,0.0166797637939453,0.0175390243530273,-0.0458202362060547,0.0165233612060547,0.0094919204711914,0.0162887573242188,0.0066795349121093,0.0113668441772461,-0.0062894821166992,-0.0102729797363281,0.0134763717651367,0.0022268295288085,-0.0166015625,-0.005507469177246,0.0162115097045898,-0.0201950073242188,-0.0620708465576172,-0.0289449691772461
4930,-0.0014448165893554,,,0.0166797637939453,0.0175390243530273,-0.0458202362060547,0.0165233612060547,0.0094919204711914,0.0162887573242188,0.0066795349121093,0.0113668441772461,-0.0062894821166992,-0.0102729797363281,0.0134763717651367,0.0022268295288085,-0.0165233612060547,-0.005507469177246,0.0162115097045898,-0.0201950073242188,-0.0620708465576172,-0.0289449691772461
4935,-0.0014448165893554,,,0.0166797637939453,0.0175390243530273,-0.0458202362060547,0.0165233612060547,0.0094919204711914,0.0162887573242188,0.0067577362060546,0.0113668441772461,-0.0062894821166992,-0.0102729797363281,0.0134763717651367,0.0022268295288085,-0.0165233612060547,-0.005507469177246,0.0162115097045898,-0.0201950073242188,-0.0619926452636719,-0.0289449691772461
4940,-0.0014448165893554,,,0.0166797637939453,0.0175390243530273,-0.0458202362060547,0.0166015625,0.0094919204711914,0.0162887573242188,0.0067577362060546,0.0113668441772461,-0.0062894821166992,-0.0102729797363281,0.0133981704711914,0.0023050308227539,-0.0165233612060547,-0.005507469177246,0.0162115097045898,-0.0201168060302734,-0.0619926452636719,-0.0288677215576172
4945,-0.0014448165893554,,,0.0166797637939453,0.0175390243530273,-0.0458202362060547,0.0166015625,0.0094919204711914,0.0162887573242188,0.0067577362060546,0.0112895965576172,-0.0062894821166992,-0.0102729797363281,0.0133981704711914,0.0023050308227539,-0.0165233612060547,-0.005507469177246,0.0162115097045898,-0.0201168060302734,-0.0619926452636719,-0.0288677215576172
4950,-0.0013675689697265,,,0.0166797637939453,0.0175390243530273,-0.0458202362060547,0.0166015625,0.0095701217651367,0.0163669586181641,0.0067577362060546,0.0113668441772461,-0.0062894821166992,-0.0102729797363281,0.0133981704711914,0.0023050308227539,-0.0165233612060547,-0.005507469177246,0.0162115097045898,-0.0201168060302734,-0.0619926452636719,-0.0288677215576172
4955,-0.0013675689697265,,,0.0166797637939453,0.0175390243530273,-0.0458202362060547,0.0166015625,0.0095701217651367,0.0163669586181641,0.0068359375,0.0112895965576172,-0.0062894821166992,-0.0102729797363281,0.0133981704711914,0.0023832321166992,-0.0165233612060547,-0.005507469177246,0.0162115097045898,-0.0201168060302734,-0.0619926452636719,-0.0288677215576172
4960,-0.0013675689697265,,,0.0166797637939453,0.0175390243530273,-0.0458202362060547,0.0166015625,0.0095701217651367,0.0163669586181641,0.0068359375,0.0112895965576172,-0.0062112808227539,-0.0101957321166992,0.0133981704711914,0.0023832321166992,-0.0165233612060547,-0.005507469177246,0.0162115097045898,-0.0201168060302734,-0.0619144439697266,-0.0288677215576172
4965,-0.0013675689697265,,,0.0166797637939453,0.0175390243530273,-0.0458202362060547,0.0166015625,0.0095701217651367,0.0163669586181641,0.0068359375,0.0112895965576172,-0.0062112808227539,-0.0101957321166992,0.0133981704711914,0.0023832321166992,-0.0165233612060547,-0.005507469177246,0.0162115097045898,-0.0201168060302734,-0.0619144439697266,-0.0288677215576172
4970,-0.0013675689697265,,,0.0166797637939453,0.0175390243530273,-0.0458202362060547,0.0166015625,0.0095701217651367,0.0163669586181641,0.0068359375,0.0112895965576172,-0.0062112808227539,-0.0101957321166992,0.0133981704711914,0.0024614334106445,-0.0165233612060547,-0.005507469177246,0.0162887573242188,-0.0201168060302734,-0.0619144439697266,-0.0288677215576172
4975,-0.0013675689697265,,,0.0166797637939453,0.0175390243530273,-0.0457420349121094,0.0166015625,0.0095701217651367,0.0164451599121094,0.0068359375,0.0112895965576172,-0.0062112808227539,-0.0101957321166992,0.0133981704711914,0.0024614334106445,-0.0165233612060547,-0.005507469177246,0.0162887573242188,-0.0201168060302734,-0.0619144439697266,-0.0288677215576172
4980,-0.0013675689697265,,,0.0166797637939453,0.0175390243530273,-0.0457420349121094,0.0166015625,0.0095701217651367,0.0164451599121094,0.0069141387939453,0.0112895965576172,-0.0062112808227539,-0.0101957321166992,0.0133981704711914,0.0024614334106445,-0.0165233612060547,-0.005507469177246,0.0162887573242188,-0.0201168060302734,-0.0619144439697266,-0.0288677215576172
4985,-0.0013675689697265,,,0.0166797637939453,0.0175390243530273,-0.0457420349121094,0.0166015625,0.0095701217651367,0.0164451599121094,0.0069141387939453,0.0112895965576172,-0.0062112808227539,-0.0101957321166992,0.0133981704711914,0.0025386810302734,-0.0165233612060547,-0.005507469177246,0.0162887573242188,-0.0201168060302734,-0.0619144439697266,-0.0288677215576172
4990,-0.0013675689697265,,,0.0166797637939453,0.0175390243530273,-0.0457420349121094,0.0166015625,0.0095701217651367,0.0164451599121094,0.0069141387939453,0.0112895965576172,-0.0062112808227539,-0.0101957321166992,0.0133199691772461,0.0025386810302734,-0.0165233612060547,-0.005507469177246,0.0162887573242188,-0.0201168060302734,-0.0618362426757812,-0.0288677215576172
4995,-0.0013675689697265,,,0.0166797637939453,0.0175390243530273,-0.0457420349121094,0.0166015625,0.0095701217651367,0.0164451599121094,0.0069141387939453,0.0112895965576172,-0.0062112808227539,-0.0101957321166992,0.0133199691772461,0.0025386810302734,-0.0165233612060547,-0.0054292678833007,0.0162887573242188,-0.0201168060302734,-0.0618362426757812,-0.0288677215576172
5000,-0.0013675689697265,,,0.0166797637939453,0.0176172256469726,-0.0457420349121094,0.0166797637939453,0.0095701217651367,0.0164451599121094,0.0069141387939453,0.0112895965576172,-0.0061330795288085,-0.0101957321166992,0.0133199691772461,0.0026168823242187,-0.0165233612060547,-0.0054292678833007,0.0162887573242188,-0.0201168060302734,-0.0618362426757812,-0.0288677215576172
5005,-0.0013675689697265,,,0.0166797637939453,0.0176172256469726,-0.0457420349121094,0.0166797637939453,0.0095701217651367,0.0164451599121094,0.0069923400878906,0.0112895965576172,-0.0061330795288085,-0.0101957321166992,0.0133199691772461,0.0026168823242187,-0.0165233612060547,-0.0054292678833007,0.0162887573242188,-0.0200395584106445,-0.0618362426757812,-0.0288677215576172
5010,-0.0013675689697265,,,0.0166797637939453,0.0176172256469726,-0.0457420349121094,0.0166797637939453,0.0095701217651367,0.0164451599121094,0.0069923400878906,0.0112895965576172,-0.0061330795288085,-0.0101957321166992,0.0133199691772461,0.0026168823242187,-0.0165233612060547,-0.0054292678833007,0.0162887573242188,-0.0201168060302734,-0.0617580413818359,-0.0288677215576172
5015,-0.0013675689697265,,,0.0166797637939453,0.0176172256469726,-0.0457420349121094,0.0166797637939453,0.0095701217651367,0.0165233612060547,0.0069923400878906,0.0112895965576172,-0.0061330795288085,-0.0101175308227539,0.0133199691772461,0.0026168823242187,-0.0164451599121094,-0.0054292678833007,0.0162887573242188,-0.0200395584106445,-0.0617580413818359,-0.0288677215576172
5020,-0.0013675689697265,,,0.0166797637939453,0.0176172256469726,-0.0457420349121094,0.0166797637939453,0.0095701217651367,0.0165233612060547,0.0069923400878906,0.0112895965576172,-0.0061330795288085,-0.0101175308227539,0.0133199691772461,0.002695083618164,-0.0164451599121094,-0.0054292678833007,0.0162887573242188,-0.0200395584106445,-0.0617580413818359,-0.0287895202636719
5025,-0.0013675689697265,,,0.0166797637939453,0.0176172256469726,-0.0457420349121094,0.0166797637939453,0.0095701217651367,0.0165233612060547,0.0069923400878906,0.0112895965576172,-0.0061330795288085,-0.0101175308227539,0.0133199691772461,0.002695083618164,-0.0164451599121094,-0.0054292678833007,0.0162887573242188,-0.0200395584106445,-0.0617580413818359,-0.0287895202636719
5030,-0.0013675689697265,,,0.0166797637939453,0.0176172256469726,-0.0456638336181641,0.0166797637939453,0.0095701217651367,0.0165233612060547,0.0070705413818359,0.0112895965576172,-0.0061330795288085,-0.0101175308227539,0.0132427215576172,0.002695083618164,-0.0164451599121094,-0.0054292678833007,0.0162887573242188,-0.0200395584106445,-0.0617580413818359,-0.0287895202636719
5035,-0.0013675689697265,,,0.0166797637939453,0.0176172256469726,-0.0456638336181641,0.0166797637939453,0.0095701217651367,0.0165233612060547,0.0070705413818359,0.0112895965576172,-0.0061330795288085,-0.0101175308227539,0.0132427215576172,0.0027732849121093,-0.0164451599121094,-0.0054292678833007,0.0162887573242188,-0.0200395584106445,-0.0616798400878906,-0.0287895202636719
5040,-0.0013675689697265,,,0.0166797637939453,0.0176172256469726,-0.0456638336181641,0.0166797637939453,0.0095701217651367,0.0165233612060547,0.0070705413818359,0.0112895965576172,-0.0061330795288085,-0.0101175308227539,0.0132427215576172,0.0027732849121093,-0.0164451599121094,-0.0054292678833007,0.0162887573242188,-0.0200395584106445,-0.0616798400878906,-0.0287895202636719
5045,-0.0013675689697265,,,0.0166797637939453,0.0176172256469726,-0.0456638336181641,0.0166797637939453,0.0095701217651367,0.0165233612060547,0.0070705413818359,0.0112895965576172,-0.0061330795288085,-0.0101175308227539,0.0132427215576172,0.0027732849121093,-0.0164451599121094,-0.0054292678833007,0.0162887573242188,-0.0200395584106445,-0.0616798400878906,-0.0287895202636719
5050,-0.0012893676757812,,,0.0166797637939453,0.0176172256469726,-0.0456638336181641,0.0166797637939453,0.0095701217651367,0.0165233612060547,0.0070705413818359,0.0112895965576172,-0.0061330795288085,-0.0101175308227539,0.0132427215576172,0.0028514862060546,-0.0164451599121094,-0.0054292678833007,0.0162887573242188,-0.0200395584106445,-0.0616798400878906,-0.0287895202636719
5055,-0.0012893676757812,,,0.0166797637939453,0.0176172256469726,-0.0456638336181641,0.0166797637939453,0.0095701217651367,0.0165233612060547,0.0070705413818359,0.0112895965576172,-0.0060548782348632,-0.0101175308227539,0.0132427215576172,0.0028514862060546,-0.0164451599121094,-0.0054292678833007,0.0162887573242188,-0.0200395584106445,-0.0616016387939453,-0.0287895202636719
5060,-0.0012893676757812,,,0.0166797637939453,0.0176172256469726,-0.0456638336181641,0.0166797637939453,0.0095701217651367,0.0165233612060547,0.0071487426757812,0.0112895965576172,-0.0060548782348632,-0.0101175308227539,0.0132427215576172,0.0028514862060546,-0.0164451599121094,-0.0054292678833007,0.0163669586181641,-0.0200395584106445,-0.0616016387939453,-0.0287895202636719
5065,-0.0012893676757812,,,0.0166797637939453,0.0176172256469726,-0.0456638336181641,0.0166797637939453,0.0095701217651367,0.0166015625,0.0071487426757812,0.0112895965576172,-0.0060548782348632,-0.0101175308227539,0.0132427215576172,0.0029296875,-0.0164451599121094,-0.0054292678833007,0.0163669586181641,-0.0200395584106445,-0.0616016387939453,-0.0287895202636719
5070,-0.0012893676757812,,,0.0166797637939453,0.0176172256469726,-0.0456638336181641,0.0166797637939453,0.0095701217651367,0.0166015625,0.0071487426757812,0.0112895965576172,-0.0060548782348632,-0.0101175308227539,0.0132427215576172,0.0029296875,-0.0164451599121094,-0.0054292678833007,0.0163669586181641,-0.0200395584106445,-0.0616016387939453,-0.0287895202636719
5075,-0.0012893676757812,,,0.0166797637939453,0.0176172256469726,-0.0456638336181641,0.0166797637939453,0.0095701217651367,0.0166015625,0.0071487426757812,0.0112895965576172,-0.0060548782348632,-0.0101175308227539,0.0131645202636719,0.0029296875,-0.0164451599121094,-0.0054292678833007,0.0163669586181641,-0.0200395584106445,-0.0616016387939453,-0.0287895202636719
5080,-0.0012893676757812,,,0.0166797637939453,0.0176172256469726,-0.0455856323242188,0.0167579650878906,0.0095701217651367,0.0166015625,0.0071487426757812,0.0112895965576172,-0.0060548782348632,-0.0101175308227539,0.0131645202636719,0.0029296875,-0.0164451599121094,-0.0054292678833007,0.0163669586181641,-0.0200395584106445,-0.0615234375,-0.0287895202636719
5085,-0.0012893676757812,,,0.0166797637939453,0.0176172256469726,-0.0455856323242188,0.0167579650878906,0.0095701217651367,0.0166015625,0.0071487426757812,0.0112895965576172,-0.0060548782348632,-0.0101175308227539,0.0131645202636719,0.0030078887939453,-0.0164451599121094,-0.0054292678833007,0.0163669586181641,-0.0200395584106445,-0.0615234375,-0.0287895202636719
5090,-0.0012893676757812,,,0.0166797637939453,0.0176172256469726,-0.0455856323242188,0.0167579650878906,0.0095701217651367,0.0166015625,0.0072269439697265,0.0112895965576172,-0.0060548782348632,-0.0101175308227539,0.0131645202636719,0.0030078887939453,-0.0164451599121094,-0.0054292678833007,0.0163669586181641,-0.0200395584106445,-0.0615234375,-0.0287895202636719
5095,-0.0012893676757812,,,0.0166797637939453,0.0176172256469726,-0.0455856323242188,0.0167579650878906,0.0095701217651367,0.0166015625,0.0071487426757812,0.0112895965576172,-0.0060548782348632,-0.0101175308227539,0.0131645202636719,0.0030078887939453,-0.0164451599121094,-0.0054292678833007,0.0163669586181641,-0.0200395584106445,-0.0615234375,-0.0287895202636719
5100,-0.0012893676757812,,,0.0166797637939453,0.017695426940918,-0.0455856323242188,0.0167579650878906,0.0095701217651367,0.0166015625,0.0072269439697265,0.0112895965576172,-0.0060548782348632,-0.0101175308227539,0.0131645202636719,0.0030860900878906,-0.0164451599121094,-0.0054292678833007,0.0163669586181641,-0.0200395584106445,-0.0615234375,-0.0287895202636719
5105,-0.0012893676757812,,,0.0166797637939453,0.017695426940918,-0.0455856323242188,0.0167579650878906,0.0095701217651367,0.0166015625,0.0072269439697265,0.0112895965576172,-0.0060548782348632,-0.0101175308227539,0.0131645202636719,0.0030860900878906,-0.0165233612060547,-0.0054292678833007,0.0163669586181641,-0.0200395584106445,-0.0615234375,-0.0287895202636719
5110,-0.0012893676757812,,,0.0166797637939453,0.017695426940918,-0.0455856323242188,0.0167579650878906,0.0095701217651367,0.0166015625,0.0071487426757812,0.0112113952636719,-0.0060548782348632,-0.0101175308227539,0.0131645202636719,0.0030860900878906,-0.0165233612060547,-0.0054292678833007,0.0163669586181641,-0.0200395584106445,-0.0615234375,-0.0287895202636719
5115,-0.0012893676757812,,,0.0166797637939453,0.017695426940918,-0.0455856323242188,0.0167579650878906,0.0095701217651367,0.0166015625,0.0072269439697265,0.0112113952636719,-0.0060548782348632,-0.0101175308227539,0.0130863189697266,0.0030860900878906,-0.0164451599121094,-0.0054292678833007,0.0163669586181641,-0.0199613571166992,-0.0615234375,-0.0287895202636719
5120,-0.0488672256469727,,,-0.0253515243530273,-0.025273323059082,-0.0974617004394531,-0.0341796875,-0.0442581176757812,-0.0318355560302733,-0.0358982086181641,-0.0415239334106445,-0.0566015243530273,-0.0595703125,-0.0415239334106445,-0.0772266387939453,-0.0712108612060547,-0.0577735900878906,-0.0318355560302733,-0.066523551940918,-0.104961395263672,-0.0933208465576172
5125,-0.0492582321166992,,,-0.0283203125,-0.0258207321166992,-0.0980863571166992,-0.0339450836181641,-0.0448827743530273,-0.0316801071166992,-0.0358200073242188,-0.0414457321166992,-0.056523323059082,-0.0594139099121094,-0.0414457321166992,-0.0772266387939453,-0.0712108612060547,-0.0577735900878906,-0.0318355560302733,-0.066523551940918,-0.104961395263672,-0.0933208465576172
5130,-0.0496482849121094,,,-0.0285549163818359,-0.0262107849121094,-0.0983209609985352,-0.0338668823242188,-0.0453519821166992,-0.0315237045288086,-0.0355863571166992,-0.0414457321166992,-0.0563669204711914,-0.0593357086181641,-0.0414457321166992,-0.0772266387939453,-0.0712108612060547,-0.0577735900878906,-0.0318355560302733,-0.066523551940918,-0.104961395263672,-0.0932426452636719
5135,-0.0500392913818359,,,-0.0287895202636719,-0.0265235900878906,-0.0983991622924805,-0.0337886810302734,-0.0456638336181641,-0.0314455032348633,-0.0354299545288086,-0.0413675308227539,-0.0562114715576172,-0.0591802597045898,-0.0413675308227539,-0.0771484375,-0.0712108612060547,-0.0577735900878906,-0.0318355560302733,-0.066523551940918,-0.104961395263672,-0.0932426452636719
5140,-0.0502738952636719,,,-0.0290231704711914,-0.0268363952636719,-0.0983991622924805,-0.0337886810302734,-0.0458984375,-0.0312891006469727,-0.0352735519409179,-0.0412893295288086,-0.0561332702636719,-0.0591020584106445,-0.0412893295288086,-0.0771484375,-0.0711326599121094,-0.0577735900878906,-0.0318355560302733,-0.066523551940918,-0.104961395263672,-0.0932426452636719
5145,-0.0505857467651367,,,-0.029179573059082,-0.0269918441772461,-0.0983991622924805,-0.0337114334106445,-0.0460548400878906,-0.0312108993530273,-0.0351171493530273,-0.0412111282348633,-0.0559768676757812,-0.0589456558227539,-0.0412893295288086,-0.0771484375,-0.0711326599121094,-0.0577735900878906,-0.0318355560302733,-0.0666017532348633,-0.104961395263672,-0.0931644439697266
5150,-0.0507421493530273,,,-0.0293359756469726,-0.0271482467651367,-0.0983991622924805,-0.0336332321166992,-0.0462112426757812,-0.031132698059082,-0.035038948059082,-0.0412111282348633,-0.0558986663818359,-0.0588674545288086,-0.0412111282348633,-0.0771484375,-0.0711326599121094,-0.0577735900878906,-0.0318355560302733,-0.0666017532348633,-0.104961395263672,-0.0931644439697266
5155,-0.0508985519409179,,,-0.029414176940918,-0.0271482467651367,-0.0983991622924805,-0.0335550308227539,-0.0462112426757812,-0.0310544967651367,-0.0348825454711914,-0.0411329269409179,-0.0558204650878906,-0.0587892532348633,-0.0411329269409179,-0.0770702362060547,-0.0711326599121094,-0.0577735900878906,-0.0318355560302733,-0.0666017532348633,-0.104961395263672,-0.0931644439697266
5160,-0.0509767532348633,,,-0.0293359756469726,-0.027226448059082,-0.0983209609985352,-0.0334768295288086,-0.0462894439697266,-0.0309762954711914,-0.0347270965576172,-0.0411329269409179,-0.0557422637939453,-0.0587110519409179,-0.0411329269409179,-0.0770702362060547,-0.0711326599121094,-0.0576953887939453,-0.0318355560302733,-0.0666017532348633,-0.104961395263672,-0.0930862426757812
5165,-0.0510549545288086,,,-0.0293359756469726,-0.0273046493530273,-0.0982427597045898,-0.0333986282348633,-0.0462112426757812,-0.0308980941772461,-0.0346488952636719,-0.0410547256469727,-0.0556640625,-0.0586328506469727,-0.0410547256469727,-0.0770702362060547,-0.0711326599121094,-0.0576953887939453,-0.0318355560302733,-0.0666017532348633,-0.104961395263672,-0.0930862426757812
5170,-0.0434770584106445,,,-0.0275392532348633,-0.029179573059082,-0.0972270965576172,-0.0326175689697266,-0.0416793823242188,-0.0307426452636719,-0.0343360900878906,-0.040898323059082,-0.0553522109985352,-0.058476448059082,-0.0323047637939453,-0.0768365859985352,-0.0710544586181641,-0.0577735900878906,-0.0319137573242188,-0.0664453506469727,-0.1047267913818359,-0.0930862426757812
5175,-0.0464458465576172,,,-0.0298051834106445,-0.0299606323242188,-0.0981645584106445,-0.0322265625,-0.0408201217651367,-0.0306644439697266,-0.0342578887939453,-0.0409765243530273,-0.0553522109985352,-0.058476448059082,-0.040898323059082,-0.0770702362060547,-0.0710544586181641,-0.0576953887939453,-0.0318355560302733,-0.0666017532348633,-0.104961395263672,-0.0930080413818359
5180,-0.0476169586181641,,,-0.0302734375,-0.0298051834106445,-0.0980081558227539,-0.0321483612060547,-0.0411329269409179,-0.0305862426757812,-0.0341796875,-0.040898323059082,-0.0552740097045898,-0.0583982467651367,-0.040898323059082,-0.0769920349121094,-0.0710544586181641,-0.0576953887939453,-0.0318355560302733,-0.0666017532348633,-0.104961395263672,-0.0930080413818359
5185,-0.0480079650878906,,,-0.0301170349121094,-0.0295705795288086,-0.097773551940918,-0.0320701599121094,-0.0412893295288086,-0.0305080413818359,-0.0340232849121094,-0.040898323059082,-0.0551958084106445,-0.0583200454711914,-0.0408201217651367,-0.0769920349121094,-0.0710544586181641,-0.0576953887939453,-0.0318355560302733,-0.0666017532348633,-0.104961395263672,-0.0930080413818359
5190,-0.0480861663818359,,,-0.0299606323242188,-0.029414176940918,-0.0976171493530273,-0.0319919586181641,-0.0414457321166992,-0.0305080413818359,-0.0339450836181641,-0.0408201217651367,-0.0551176071166992,-0.0582427978515625,-0.0408201217651367,-0.0769920349121094,-0.0710544586181641,-0.0576953887939453,-0.0318355560302733,-0.0666017532348633,-0.104961395263672,-0.0929298400878906
5195,-0.0481643676757812,,,-0.0298824310302734,-0.0293359756469726,-0.0974617004394531,-0.0319919586181641,-0.0415239334106445,-0.0304298400878906,-0.0338668823242188,-0.0408201217651367,-0.0551176071166992,-0.0582427978515625,-0.0407419204711914,-0.0769920349121094,-0.0710544586181641,-0.0576953887939453,-0.0318355560302733,-0.0666799545288086,-0.104961395263672,-0.0929298400878906
5200,-0.0481643676757812,,,-0.0298051834106445,-0.0292577743530273,-0.0973052978515625,-0.0319919586181641,-0.0416021347045898,-0.0303516387939453,-0.0337114334106445,-0.0407419204711914,-0.0550394058227539,-0.0581645965576172,-0.0406637191772461,-0.0769147872924805,-0.0709772109985352,-0.0576953887939453,-0.0318355560302733,-0.0666799545288086,-0.104961395263672,-0.0929298400878906
5205,-0.0481643676757812,,,-0.0297269821166992,-0.029179573059082,-0.0972270965576172,-0.0319919586181641,-0.0416793823242188,-0.0302734375,-0.0336332321166992,-0.0406637191772461,-0.0549612045288086,-0.0580863952636719,-0.0406637191772461,-0.0769147872924805,-0.0709772109985352,-0.0576953887939453,-0.0318355560302733,-0.0666799545288086,-0.104961395263672,-0.0928516387939453
5210,-0.0481643676757812,,,-0.0297269821166992,-0.029179573059082,-0.0971488952636719,-0.0319919586181641,-0.0417575836181641,-0.0302734375,-0.0335550308227539,-0.0406637191772461,-0.0548830032348633,-0.0580081939697266,-0.0405864715576172,-0.0769147872924805,-0.0709772109985352,-0.0576953887939453,-0.0318355560302733,-0.0666799545288086,-0.104961395263672,-0.0928516387939453
5215,-0.0481643676757812,,,-0.0296487808227539,-0.029179573059082,-0.0970706939697266,-0.0319919586181641,-0.0417575836181641,-0.0301952362060547,-0.0334768295288086,-0.0406637191772461,-0.0548048019409179,-0.0580081939697266,-0.0405864715576172,-0.0769147872924805,-0.0709772109985352,-0.0576953887939453,-0.0318355560302733,-0.0666799545288086,-0.104961395263672,-0.0928516387939453
5220,-0.0481643676757812,,,-0.0295705795288086,-0.0291013717651367,-0.0969924926757812,-0.0319919586181641,-0.0418357849121094,-0.0301170349121094,-0.0333204269409179,-0.0405864715576172,-0.0548048019409179,-0.0579299926757812,-0.0405082702636719,-0.0769147872924805,-0.0709772109985352,-0.0576953887939453,-0.0318355560302733,-0.0666799545288086,-0.104961395263672,-0.0928516387939453
5225,-0.0481643676757812,,,-0.0295705795288086,-0.029179573059082,-0.0969142913818359,-0.0320701599121094,-0.0419139862060547,-0.0300388336181641,-0.0332422256469727,-0.0405864715576172,-0.0547266006469727,-0.0578517913818359,-0.0405082702636719,-0.0769147872924805,-0.0709772109985352,-0.0576953887939453,-0.0318355560302733,-0.0666799545288086,-0.104961395263672,-0.0927734375
5230,-0.0481643676757812,,,-0.0295705795288086,-0.029179573059082,-0.0969142913818359,-0.0320701599121094,-0.0419139862060547,-0.0300388336181641,-0.0331640243530273,-0.0405082702636719,-0.0546483993530273,-0.0578517913818359,-0.0404300689697266,-0.0768365859985352,-0.0709772109985352,-0.0576953887939453,-0.0318355560302733,-0.0666799545288086,-0.104961395263672,-0.0927734375
5235,-0.0481643676757812,,,-0.0294923782348633,-0.029179573059082,-0.0968360900878906,-0.0320701599121094,-0.0419921875,-0.0299606323242188,-0.033085823059082,-0.0405082702636719,-0.0546483993530273,-0.0577735900878906,-0.0404300689697266,-0.0768365859985352,-0.0709772109985352,-0.0576953887939453,-0.0318355560302733,-0.0666799545288086,-0.104961395263672,-0.0927734375
5240,-0.0481643676757812,,,-0.0294923782348633,-0.029179573059082,-0.0967578887939453,-0.0320701599121094,-0.0419921875,-0.0298824310302734,-0.0330076217651367,-0.0404300689697266,-0.054570198059082,-0.0576953887939453,-0.0403518676757812,-0.0768365859985352,-0.0709772109985352,-0.0576953887939453,-0.0318355560302733,-0.0667581558227539,-0.104961395263672,-0.0926952362060547
5245,-0.0481643676757812,,,-0.0294923782348633,-0.029179573059082,-0.0967578887939453,-0.0320701599121094,-0.0419921875,-0.0298824310302734,-0.0329294204711914,-0.0404300689697266,-0.054570198059082,-0.0576953887939453,-0.0403518676757812,-0.0768365859985352,-0.0708990097045898,-0.0576953887939453,-0.0318355560302733,-0.0667581558227539,-0.104961395263672,-0.0926952362060547
5250,-0.0482425689697266,,,-0.0294923782348633,-0.029179573059082,-0.0966796875,-0.0320701599121094,-0.0420703887939453,-0.0298051834106445,-0.0328512191772461,-0.0403518676757812,-0.0544919967651367,-0.0576171875,-0.0402736663818359,-0.0768365859985352,-0.0708990097045898,-0.0576953887939453,-0.0318355560302733,-0.0667581558227539,-0.104961395263672,-0.0926952362060547
5255,-0.0482425689697266,,,-0.029414176940918,-0.029179573059082,-0.0966796875,-0.0320701599121094,-0.0420703887939453,-0.0297269821166992,-0.0327739715576172,-0.0403518676757812,-0.0544137954711914,-0.0576171875,-0.0402736663818359,-0.0767583847045898,-0.0708990097045898,-0.0576953887939453,-0.0318355560302733,-0.0667581558227539,-0.104961395263672,-0.0926952362060547
5260,-0.0482425689697266,,,-0.029414176940918,-0.029179573059082,-0.0966014862060547,-0.0321483612060547,-0.0420703887939453,-0.0297269821166992,-0.0326957702636719,-0.0402736663818359,-0.0544137954711914,-0.0575389862060547,-0.0401954650878906,-0.0767583847045898,-0.0708990097045898,-0.0576953887939453,-0.0318355560302733,-0.0667581558227539,-0.104961395263672,-0.0926170349121094
5265,-0.0482425689697266,,,-0.029414176940918,-0.029179573059082,-0.0966014862060547,-0.0321483612060547,-0.0421485900878906,-0.0296487808227539,-0.0326175689697266,-0.0402736663818359,-0.0543365478515625,-0.0575389862060547,-0.0401954650878906,-0.0767583847045898,-0.0708990097045898,-0.0576953887939453,-0.0318355560302733,-0.0667581558227539,-0.104961395263672,-0.0926170349121094
5270,-0.0482425689697266,,,-0.0293359756469726,-0.029179573059082,-0.0966014862060547,-0.0321483612060547,-0.0421485900878906,-0.0296487808227539,-0.0325393676757812,-0.0401954650878906,-0.0543365478515625,-0.0574607849121094,-0.0401172637939453,-0.0767583847045898,-0.0708990097045898,-0.0576953887939453,-0.0318355560302733,-0.0667581558227539,-0.104961395263672,-0.0926170349121094
5275,-0.0482425689697266,,,-0.0293359756469726,-0.029179573059082,-0.0965242385864258,-0.0321483612060547,-0.0421485900878906,-0.0295705795288086,-0.0324611663818359,-0.0401954650878906,-0.0542583465576172,-0.0574607849121094,-0.0401172637939453,-0.0767583847045898,-0.0708990097045898,-0.0576171875,-0.0318355560302733,-0.0667581558227539,-0.104961395263672,-0.0926170349121094
5280,-0.0482425689697266,,,-0.0293359756469726,-0.029179573059082,-0.0965242385864258,-0.0321483612060547,-0.0422267913818359,-0.0295705795288086,-0.0323829650878906,-0.0401172637939453,-0.0542583465576172,-0.0573825836181641,-0.0401172637939453,-0.0767583847045898,-0.0708990097045898,-0.0576171875,-0.0318355560302733,-0.0667581558227539,-0.104961395263672,-0.0925397872924805
5285,-0.0482425689697266,,,-0.0293359756469726,-0.0292577743530273,-0.0964460372924805,-0.0321483612060547,-0.0422267913818359,-0.0294923782348633,-0.0323047637939453,-0.0401172637939453,-0.0541801452636719,-0.0573825836181641,-0.0400390625,-0.0766801834106445,-0.0708990097045898,-0.0576171875,-0.0318355560302733,-0.0667581558227539,-0.104961395263672,-0.0925397872924805
5290,-0.0482425689697266,,,-0.0293359756469726,-0.0292577743530273,-0.0964460372924805,-0.0321483612060547,-0.0422267913818359,-0.029414176940918,-0.0322265625,-0.0401172637939453,-0.0541801452636719,-0.0573053359985352,-0.0400390625,-0.0766801834106445,-0.0708990097045898,-0.0576953887939453,-0.0318355560302733,-0.0668363571166992,-0.104961395263672,-0.0925397872924805
5295,-0.0483207702636719,,,-0.0293359756469726,-0.0292577743530273,-0.0963678359985352,-0.0321483612060547,-0.0422267913818359,-0.029414176940918,-0.0321483612060547,-0.0400390625,-0.0541019439697266,-0.0573053359985352,-0.0399608612060547,-0.0766801834106445,-0.0708990097045898,-0.0576171875,-0.0318355560302733,-0.0668363571166992,-0.104961395263672,-0.0925397872924805
5300,-0.0483207702636719,,,-0.0292577743530273,-0.0292577743530273,-0.0963678359985352,-0.0321483612060547,-0.0422267913818359,-0.0293359756469726,-0.0320701599121094,-0.0400390625,-0.0541019439697266,-0.0573053359985352,-0.0399608612060547,-0.0766801834106445,-0.0708208084106445,-0.0576171875,-0.0318355560302733,-0.0668363571166992,-0.104961395263672,-0.0924615859985352
5305,-0.0483207702636719,,,-0.0292577743530273,-0.0292577743530273,-0.0963678359985352,-0.0322265625,-0.0423049926757812,-0.0293359756469726,-0.0320701599121094,-0.0399608612060547,-0.0540237426757812,-0.0572271347045898,-0.0398826599121094,-0.0766801834106445,-0.0708208084106445,-0.0576171875,-0.0318355560302733,-0.0668363571166992,-0.104961395263672,-0.0924615859985352
5310,-0.0483207702636719,,,-0.0292577743530273,-0.0292577743530273,-0.0962896347045898,-0.0322265625,-0.0423049926757812,-0.0292577743530273,-0.0319919586181641,-0.0399608612060547,-0.0540237426757812,-0.0572271347045898,-0.0398826599121094,-0.0766801834106445,-0.0708208084106445,-0.0576171875,-0.0318355560302733,-0.0668363571166992,-0.104961395263672,-0.0924615859985352
5315,-0.0483207702636719,,,-0.0292577743530273,-0.0292577743530273,-0.0962896347045898,-0.0322265625,-0.0423049926757812,-0.0292577743530273,-0.0319137573242188,-0.0398826599121094,-0.0540237426757812,-0.0571489334106445,-0.0398044586181641,-0.0766019821166992,-0.0708208084106445,-0.0576171875,-0.0319137573242188,-0.0668363571166992,-0.104961395263672,-0.0924615859985352
5320,-0.0483207702636719,,,-0.029179573059082,-0.0292577743530273,-0.0962114334106445,-0.0322265625,-0.0423049926757812,-0.029179573059082,-0.0318355560302733,-0.0398826599121094,-0.0539455413818359,-0.0571489334106445,-0.0398044586181641,-0.0766019821166992,-0.0708208084106445,-0.0576171875,-0.0318355560302733,-0.0668363571166992,-0.104961395263672,-0.0923833847045898
5325,-0.0483207702636719,,,-0.029179573059082,-0.0292577743530273,-0.0962114334106445,-0.0322265625,-0.0423049926757812,-0.029179573059082,-0.0317583084106445,-0.0398044586181641,-0.0539455413818359,-0.0571489334106445,-0.0397262573242188,-0.0766019821166992,-0.0708208084106445,-0.0576171875,-0.0319137573242188,-0.0668363571166992,-0.104961395263672,-0.0923833847045898
5330,-0.0483207702636719,,,-0.029179573059082,-0.0292577743530273,-0.0962114334106445,-0.0322265625,-0.0423049926757812,-0.0291013717651367,-0.0316801071166992,-0.0398044586181641,-0.0538673400878906,-0.0570707321166992,-0.0397262573242188,-0.0766019821166992,-0.0708208084106445,-0.0576171875,-0.0319137573242188,-0.0668363571166992,-0.104961395263672,-0.0923833847045898
5335,-0.0483207702636719,,,-0.029179573059082,-0.0292577743530273,-0.0961332321166992,-0.0322265625,-0.0423049926757812,-0.0291013717651367,-0.0316801071166992,-0.0398044586181641,-0.0538673400878906,-0.0570707321166992,-0.0397262573242188,-0.0766019821166992,-0.0708208084106445,-0.0576171875,-0.0319137573242188,-0.0668363571166992,-0.104961395263672,-0.0923833847045898
5340,-0.0483207702636719,,,-0.0291013717651367,-0.0293359756469726,-0.0961332321166992,-0.0322265625,-0.0423049926757812,-0.0290231704711914,-0.0316019058227539,-0.0397262573242188,-0.0538673400878906,-0.0569925308227539,-0.0396490097045898,-0.0765237808227539,-0.0708208084106445,-0.0576171875,-0.0319137573242188,-0.0668363571166992,-0.104961395263672,-0.0923051834106445
5345,-0.0483207702636719,,,-0.0291013717651367,-0.0293359756469726,-0.0961332321166992,-0.0322265625,-0.0423049926757812,-0.0290231704711914,-0.0315237045288086,-0.0397262573242188,-0.0537891387939453,-0.0569925308227539,-0.0396490097045898,-0.0765237808227539,-0.0708208084106445,-0.0576171875,-0.0319137573242188,-0.0669145584106445,-0.104961395263672,-0.0923051834106445
5350,-0.0483207702636719,,,-0.0291013717651367,-0.0293359756469726,-0.0960550308227539,-0.0322265625,-0.0423049926757812,-0.0289449691772461,-0.0314455032348633,-0.0396490097045898,-0.0537891387939453,-0.0569925308227539,-0.0395708084106445,-0.0765237808227539,-0.0707426071166992,-0.0576171875,-0.0319137573242188,-0.0669145584106445,-0.104961395263672,-0.0923051834106445
5355,-0.0483207702636719,,,-0.0291013717651367,-0.0293359756469726,-0.0960550308227539,-0.0322265625,-0.0423049926757812,-0.0289449691772461,-0.031367301940918,-0.0396490097045898,-0.0537109375,-0.0569143295288086,-0.0395708084106445,-0.0765237808227539,-0.0707426071166992,-0.0576171875,-0.0319137573242188,-0.0669145584106445,-0.104961395263672,-0.0923051834106445
5360,-0.0483207702636719,,,-0.0291013717651367,-0.0293359756469726,-0.0960550308227539,-0.0322265625,-0.0423831939697266,-0.0288677215576172,-0.031367301940918,-0.0395708084106445,-0.0537109375,-0.0569143295288086,-0.0395708084106445,-0.0765237808227539,-0.0707426071166992,-0.0576171875,-0.0319137573242188,-0.0669145584106445,-0.104961395263672,-0.0922269821166992
5365,-0.0483207702636719,,,-0.0290231704711914,-0.0293359756469726,-0.0959768295288086,-0.0322265625,-0.0423831939697266,-0.0288677215576172,-0.0312891006469727,-0.0395708084106445,-0.0537109375,-0.0569143295288086,-0.0394926071166992,-0.0765237808227539,-0.0707426071166992,-0.0576171875,-0.0319137573242188,-0.0669145584106445,-0.104961395263672,-0.0922269821166992
5370,-0.0483207702636719,,,-0.0290231704711914,-0.0293359756469726,-0.0959768295288086,-0.0322265625,-0.0423831939697266,-0.0287895202636719,-0.0312108993530273,-0.0394926071166992,-0.0536327362060547,-0.0568361282348633,-0.0394926071166992,-0.0764455795288086,-0.0707426071166992,-0.0576171875,-0.0319137573242188,-0.0669145584106445,-0.104961395263672,-0.0922269821166992
5375,-0.0483207702636719,,,-0.0290231704711914,-0.0293359756469726,-0.0959768295288086,-0.0322265625,-0.0423831939697266,-0.0287895202636719,-0.0312108993530273,-0.0394926071166992,-0.0536327362060547,-0.0568361282348633,-0.0394144058227539,-0.0764455795288086,-0.0707426071166992,-0.0576171875,-0.0319137573242188,-0.0669145584106445,-0.104961395263672,-0.0922269821166992
5380,-0.0483207702636719,,,-0.0290231704711914,-0.0293359756469726,-0.0959768295288086,-0.0322265625,-0.0423831939697266,-0.0287113189697266,-0.031132698059082,-0.0394926071166992,-0.0536327362060547,-0.0568361282348633,-0.0394144058227539,-0.0764455795288086,-0.0707426071166992,-0.0576171875,-0.0319137573242188,-0.0669145584106445,-0.104961395263672,-0.0922269821166992
5385,-0.0483207702636719,,,-0.0290231704711914,-0.0293359756469726,-0.0958986282348633,-0.0322265625,-0.0423831939697266,-0.0287113189697266,-0.0310544967651367,-0.0394144058227539,-0.0536327362060547,-0.0568361282348633,-0.0393362045288086,-0.0764455795288086,-0.0707426071166992,-0.0576171875,-0.0319137573242188,-0.0669145584106445,-0.104961395263672,-0.0921487808227539
5390,-0.0483207702636719,,,-0.0289449691772461,-0.0293359756469726,-0.0958986282348633,-0.0322265625,-0.0423831939697266,-0.0286331176757812,-0.0309762954711914,-0.0394144058227539,-0.0535545349121094,-0.0567579269409179,-0.0393362045288086,-0.0764455795288086,-0.0707426071166992,-0.0576171875,-0.0319137573242188,-0.0669145584106445,-0.104961395263672,-0.0921487808227539
5395,-0.0483207702636719,,,-0.0289449691772461,-0.0293359756469726,-0.0958986282348633,-0.0322265625,-0.0423831939697266,-0.0286331176757812,-0.0309762954711914,-0.0393362045288086,-0.0535545349121094,-0.0567579269409179,-0.0393362045288086,-0.0764455795288086,-0.0707426071166992,-0.0576171875,-0.0319137573242188,-0.0669145584106445,-0.104883193969727,-0.0921487808227539
5400,-0.0483207702636719,,,-0.0289449691772461,-0.0293359756469726,-0.095820426940918,-0.0322265625,-0.0423831939697266,-0.0285549163818359,-0.0308980941772461,-0.0393362045288086,-0.0535545349121094,-0.0567579269409179,-0.0392580032348633,-0.0763673782348633,-0.0707426071166992,-0.0576171875,-0.0319137573242188,-0.0669145584106445,-0.104883193969727,-0.0921487808227539
5405,-0.0483989715576172,,,-0.0289449691772461,-0.0293359756469726,-0.095820426940918,-0.0322265625,-0.0423831939697266,-0.0285549163818359,-0.0308208465576172,-0.0393362045288086,-0.0534763336181641,-0.0567579269409179,-0.0392580032348633,-0.0763673782348633,-0.0707426071166992,-0.0576171875,-0.0319137573242188,-0.0669927597045898,-0.104961395263672,-0.0920705795288086
5410,-0.0483989715576172,,,-0.0289449691772461,-0.0293359756469726,-0.095820426940918,-0.0322265625,-0.0423831939697266,-0.0285549163818359,-0.0308208465576172,-0.0392580032348633,-0.0534763336181641,-0.0566797256469727,-0.0391798019409179,-0.0763673782348633,-0.0706644058227539,-0.0576171875,-0.0319137573242188,-0.0669927597045898,-0.104961395263672,-0.0920705795288086
5415,-0.0483989715576172,,,-0.0288677215576172,-0.0293359756469726,-0.095820426940918,-0.0322265625,-0.0423831939697266,-0.0284767150878906,-0.0307426452636719,-0.0392580032348633,-0.0534763336181641,-0.0566797256469727,-0.0391798019409179,-0.0763673782348633,-0.0706644058227539,-0.0576171875,-0.0319137573242188,-0.0669927597045898,-0.104883193969727,-0.0920705795288086
5420,-0.0483207702636719,,,-0.0288677215576172,-0.0293359756469726,-0.0957422256469727,-0.0322265625,-0.0423831939697266,-0.0284767150878906,-0.0306644439697266,-0.0391798019409179,-0.0534763336181641,-0.0566797256469727,-0.0391798019409179,-0.0763673782348633,-0.0707426071166992,-0.0576171875,-0.0319137573242188,-0.0669927597045898,-0.104883193969727,-0.0920705795288086
5425,-0.0483989715576172,,,-0.0288677215576172,-0.0293359756469726,-0.0957422256469727,-0.0322265625,-0.0423831939697266,-0.0283985137939453,-0.0306644439697266,-0.0391798019409179,-0.0533981323242188,-0.0566797256469727,-0.0391016006469727,-0.0763673782348633,-0.0706644058227539,-0.0576171875,-0.0319137573242188,-0.0669927597045898,-0.104883193969727,-0.0920705795288086
5430,-0.0483989715576172,,,-0.0288677215576172,-0.029414176940918,-0.0957422256469727,-0.0322265625,-0.0423831939697266,-0.0283985137939453,-0.0305862426757812,-0.0391798019409179,-0.0533981323242188,-0.0566015243530273,-0.0391016006469727,-0.0763673782348633,-0.0706644058227539,-0.0576171875,-0.0319137573242188,-0.0669927597045898,-0.104883193969727,-0.0919923782348633
5435,-0.0483989715576172,,,-0.0288677215576172,-0.029414176940918,-0.0957422256469727,-0.0322265625,-0.0423831939697266,-0.0283985137939453,-0.0305862426757812,-0.0391016006469727,-0.0533981323242188,-0.0566015243530273,-0.0390233993530273,-0.076289176940918,-0.0706644058227539,-0.0576171875,-0.0319137573242188,-0.0669927597045898,-0.104883193969727,-0.0919923782348633
5440,-0.0483989715576172,,,-0.0288677215576172,-0.029414176940918,-0.0956640243530273,-0.0322265625,-0.0423831939697266,-0.0283203125,-0.0305080413818359,-0.0391016006469727,-0.0533981323242188,-0.0566015243530273,-0.0390233993530273,-0.076289176940918,-0.0706644058227539,-0.0576171875,-0.0319137573242188,-0.0669927597045898,-0.104883193969727,-0.0919923782348633
5445,-0.0483989715576172,,,-0.0287895202636719,-0.0293359756469726,-0.0956640243530273,-0.0321483612060547,-0.0423831939697266,-0.0283203125,-0.0304298400878906,-0.0391016006469727,-0.0533208847045898,-0.0566015243530273,-0.0390233993530273,-0.076289176940918,-0.0706644058227539,-0.0576171875,-0.0319137573242188,-0.0669927597045898,-0.104883193969727,-0.0919923782348633
5450,-0.0483989715576172,,,-0.0287895202636719,-0.029414176940918,-0.0956640243530273,-0.0322265625,-0.0423831939697266,-0.0282421112060547,-0.0304298400878906,-0.0390233993530273,-0.0533208847045898,-0.056523323059082,-0.038945198059082,-0.076289176940918,-0.0706644058227539,-0.0576171875,-0.0319137573242188,-0.0669927597045898,-0.104883193969727,-0.091914176940918
5455,-0.0483989715576172,,,-0.0287895202636719,-0.029414176940918,-0.0956640243530273,-0.0322265625,-0.0423831939697266,-0.0282421112060547,-0.0303516387939453,-0.0390233993530273,-0.0533208847045898,-0.056523323059082,-0.038945198059082,-0.076289176940918,-0.0706644058227539,-0.0576171875,-0.0319137573242188,-0.0669927597045898,-0.104883193969727,-0.091914176940918
5460,-0.0483989715576172,,,-0.0287895202636719,-0.029414176940918,-0.095585823059082,-0.0322265625,-0.0423831939697266,-0.0282421112060547,-0.0303516387939453,-0.0390233993530273,-0.0533208847045898,-0.056523323059082,-0.038945198059082,-0.076289176940918,-0.0706644058227539,-0.0576171875,-0.0319137573242188,-0.0669927597045898,-0.104883193969727,-0.091914176940918
5465,-0.0483989715576172,,,-0.0287895202636719,-0.029414176940918,-0.095585823059082,-0.0321483612060547,-0.0423831939697266,-0.0281639099121094,-0.0302734375,-0.038945198059082,-0.0532426834106445,-0.056523323059082,-0.0388669967651367,-0.0762109756469727,-0.0706644058227539,-0.0576171875,-0.0319919586181641,-0.0670709609985352,-0.104883193969727,-0.091914176940918
5470,-0.0483989715576172,,,-0.0287895202636719,-0.029414176940918,-0.095585823059082,-0.0321483612060547,-0.0423831939697266,-0.0281639099121094,-0.0302734375,-0.038945198059082,-0.0532426834106445,-0.056523323059082,-0.0388669967651367,-0.0762109756469727,-0.0706644058227539,-0.0576171875,-0.0319919586181641,-0.0670709609985352,-0.104883193969727,-0.091914176940918
5475,-0.0483989715576172,,,-0.0287895202636719,-0.029414176940918,-0.095585823059082,-0.0322265625,-0.0423831939697266,-0.0281639099121094,-0.0301952362060547,-0.0388669967651367,-0.0532426834106445,-0.0564451217651367,-0.0388669967651367,-0.0762109756469727,-0.0706644058227539,-0.0576171875,-0.0319919586181641,-0.0670709609985352,-0.104883193969727,-0.091914176940918
5480,-0.0483989715576172,,,-0.0287895202636719,-0.029414176940918,-0.095585823059082,-0.0321483612060547,-0.0423831939697266,-0.0280857086181641,-0.0301952362060547,-0.0388669967651367,-0.0532426834106445,-0.0564451217651367,-0.0387887954711914,-0.0762109756469727,-0.0706644058227539,-0.0576171875,-0.0319919586181641,-0.0670709609985352,-0.104883193969727,-0.0918359756469727
5485,-0.0483989715576172,,,-0.0287113189697266,-0.029414176940918,-0.0955085754394531,-0.0321483612060547,-0.0423831939697266,-0.0280857086181641,-0.0301170349121094,-0.0388669967651367,-0.0532426834106445,-0.0564451217651367,-0.0387887954711914,-0.0762109756469727,-0.0706644058227539,-0.0576171875,-0.0319919586181641,-0.0670709609985352,-0.104883193969727,-0.0918359756469727
5490,-0.0483989715576172,,,-0.0287113189697266,-0.029414176940918,-0.0955085754394531,-0.0321483612060547,-0.0423831939697266,-0.0280857086181641,-0.0300388336181641,-0.0387887954711914,-0.0531644821166992,-0.0564451217651367,-0.0387105941772461,-0.0762109756469727,-0.0705862045288086,-0.0575389862060547,-0.0319919586181641,-0.0670709609985352,-0.104883193969727,-0.0918359756469727
5495,-0.0483989715576172,,,-0.0287113189697266,-0.029414176940918,-0.0955085754394531,-0.0321483612060547,-0.0423831939697266,-0.0280075073242188,-0.0300388336181641,-0.0387887954711914,-0.0531644821166992,-0.0564451217651367,-0.0387105941772461,-0.0761327743530273,-0.0705862045288086,-0.0575389862060547,-0.0319919586181641,-0.0670709609985352,-0.104883193969727,-0.0918359756469727
5500,-0.0483989715576172,,,-0.0287113189697266,-0.029414176940918,-0.0955085754394531,-0.0321483612060547,-0.0423831939697266,-0.0280075073242188,-0.0299606323242188,-0.0387887954711914,-0.0531644821166992,-0.0563669204711914,-0.0387105941772461,-0.0761327743530273,-0.0705862045288086,-0.0575389862060547,-0.0319919586181641,-0.0670709609985352,-0.104883193969727,-0.0918359756469727
5505,-0.0483989715576172,,,-0.0287113189697266,-0.029414176940918,-0.0954303741455078,-0.0321483612060547,-0.0423831939697266,-0.0280075073242188,-0.0299606323242188,-0.0387105941772461,-0.0531644821166992,-0.0563669204711914,-0.0386333465576172,-0.0761327743530273,-0.0705862045288086,-0.0575389862060547,-0.0319919586181641,-0.0670709609985352,-0.104883193969727,-0.0917577743530273
5510,-0.0483989715576172,,,-0.0287113189697266,-0.029414176940918,-0.0954303741455078,-0.0321483612060547,-0.0423831939697266,-0.0279293060302734,-0.0298824310302734,-0.0387105941772461,-0.0531644821166992,-0.0563669204711914,-0.0386333465576172,-0.0761327743530273,-0.0705862045288086,-0.0575389862060547,-0.0319919586181641,-0.0670709609985352,-0.104883193969727,-0.0917577743530273
5515,-0.0483989715576172,,,-0.0287113189697266,-0.029414176940918,-0.0954303741455078,-0.0321483612060547,-0.0423831939697266,-0.0279293060302734,-0.0298824310302734,-0.0386333465576172,-0.0531644821166992,-0.0563669204711914,-0.0386333465576172,-0.0761327743530273,-0.0705862045288086,-0.0575389862060547,-0.0319919586181641,-0.0670709609985352,-0.104883193969727,-0.0917577743530273
5520,-0.0483989715576172,,,-0.0287113189697266,-0.029414176940918,-0.0954303741455078,-0.0321483612060547,-0.0423831939697266,-0.0279293060302734,-0.0298051834106445,-0.0386333465576172,-0.0530862808227539,-0.0563669204711914,-0.0385551452636719,-0.0761327743530273,-0.0705862045288086,-0.0575389862060547,-0.0319919586181641,-0.0670709609985352,-0.104883193969727,-0.0917577743530273
5525,-0.0484771728515625,,,-0.0286331176757812,-0.029414176940918,-0.0954303741455078,-0.0321483612060547,-0.0423831939697266,-0.0278520584106445,-0.0298051834106445,-0.0386333465576172,-0.0530862808227539,-0.0563669204711914,-0.0385551452636719,-0.076054573059082,-0.0705862045288086,-0.0575389862060547,-0.0319919586181641,-0.0671482086181641,-0.104883193969727,-0.0917577743530273
5530,-0.0483989715576172,,,-0.0286331176757812,-0.029414176940918,-0.0953521728515625,-0.0321483612060547,-0.0423831939697266,-0.0278520584106445,-0.0297269821166992,-0.0385551452636719,-0.0530862808227539,-0.0562896728515625,-0.0384769439697266,-0.076054573059082,-0.0705862045288086,-0.0575389862060547,-0.0319919586181641,-0.0671482086181641,-0.104883193969727,-0.091679573059082
5535,-0.0483989715576172,,,-0.0286331176757812,-0.029414176940918,-0.0953521728515625,-0.0321483612060547,-0.0423831939697266,-0.0277738571166992,-0.0297269821166992,-0.0385551452636719,-0.0530862808227539,-0.0562896728515625,-0.0384769439697266,-0.076054573059082,-0.0705862045288086,-0.0575389862060547,-0.0319919586181641,-0.0671482086181641,-0.104883193969727,-0.091679573059082
5540,-0.0483989715576172,,,-0.0286331176757812,-0.029414176940918,-0.0953521728515625,-0.0321483612060547,-0.0423831939697266,-0.0277738571166992,-0.0296487808227539,-0.0385551452636719,-0.0530862808227539,-0.0562896728515625,-0.0384769439697266,-0.076054573059082,-0.0705862045288086,-0.0575389862060547,-0.0319919586181641,-0.0671482086181641,-0.104883193969727,-0.091679573059082
5545,-0.0484771728515625,,,-0.0286331176757812,-0.029414176940918,-0.0953521728515625,-0.0321483612060547,-0.0423831939697266,-0.0277738571166992,-0.0296487808227539,-0.0384769439697266,-0.0530080795288086,-0.0562896728515625,-0.0383987426757812,-0.076054573059082,-0.0705862045288086,-0.0575389862060547,-0.0319919586181641,-0.0671482086181641,-0.104804992675781,-0.091679573059082
5550,-0.0484771728515625,,,-0.0286331176757812,-0.029414176940918,-0.0953521728515625,-0.0321483612060547,-0.0423831939697266,-0.0277738571166992,-0.0295705795288086,-0.0384769439697266,-0.0530080795288086,-0.0562896728515625,-0.0383987426757812,-0.076054573059082,-0.0705862045288086,-0.0575389862060547,-0.0319919586181641,-0.0671482086181641,-0.104883193969727,-0.091679573059082
5555,-0.0484771728515625,,,-0.0286331176757812,-0.029414176940918,-0.0952739715576172,-0.0321483612060547,-0.0423831939697266,-0.0276956558227539,-0.0295705795288086,-0.0384769439697266,-0.0530080795288086,-0.0562896728515625,-0.0383987426757812,-0.076054573059082,-0.0705862045288086,-0.0575389862060547,-0.0319919586181641,-0.0671482086181641,-0.104804992675781,-0.091679573059082
5560,-0.0484771728515625,,,-0.0286331176757812,-0.029414176940918,-0.0952739715576172,-0.0321483612060547,-0.0423831939697266,-0.0276956558227539,-0.0294923782348633,-0.0384769439697266,-0.0530080795288086,-0.0562896728515625,-0.0383205413818359,-0.076054573059082,-0.0705862045288086,-0.0575389862060547,-0.0319919586181641,-0.0671482086181641,-0.104883193969727,-0.0916023254394531
5565,-0.0484771728515625,,,-0.0286331176757812,-0.029414176940918,-0.0952739715576172,-0.0321483612060547,-0.0423831939697266,-0.0276956558227539,-0.0294923782348633,-0.0383987426757812,-0.0530080795288086,-0.0562114715576172,-0.0383205413818359,-0.0759763717651367,-0.0705080032348633,-0.0575389862060547,-0.0319919586181641,-0.0671482086181641,-0.104804992675781,-0.0916023254394531
5570,-0.0484771728515625,,,-0.0286331176757812,-0.029414176940918,-0.0952739715576172,-0.0321483612060547,-0.0423831939697266,-0.0276956558227539,-0.029414176940918,-0.0383987426757812,-0.0530080795288086,-0.0562114715576172,-0.0383205413818359,-0.0759763717651367,-0.0705080032348633,-0.0575389862060547,-0.0319919586181641,-0.0671482086181641,-0.104804992675781,-0.0916023254394531
5575,-0.0484771728515625,,,-0.0285549163818359,-0.029414176940918,-0.0952739715576172,-0.0321483612060547,-0.0423831939697266,-0.0276174545288086,-0.029414176940918,-0.0383987426757812,-0.0530080795288086,-0.0562114715576172,-0.0382423400878906,-0.0759763717651367,-0.0705080032348633,-0.0575389862060547,-0.0319919586181641,-0.0671482086181641,-0.104804992675781,-0.0916023254394531
5580,-0.0484771728515625,,,-0.0285549163818359,-0.029414176940918,-0.0952739715576172,-0.0321483612060547,-0.0423049926757812,-0.0276174545288086,-0.029414176940918,-0.0383205413818359,-0.0529298782348633,-0.0562114715576172,-0.0382423400878906,-0.0759763717651367,-0.0705080032348633,-0.0575389862060547,-0.0319919586181641,-0.0672264099121094,-0.104804992675781,-0.0916023254394531
5585,-0.0484771728515625,,,-0.0285549163818359,-0.029414176940918,-0.0951957702636719,-0.0321483612060547,-0.0423831939697266,-0.0276174545288086,-0.0293359756469726,-0.0383205413818359,-0.0529298782348633,-0.0562114715576172,-0.0382423400878906,-0.0759763717651367,-0.0705080032348633,-0.0575389862060547,-0.0320701599121094,-0.0672264099121094,-0.104804992675781,-0.0915241241455078
5590,-0.0484771728515625,,,-0.0285549163818359,-0.029414176940918,-0.0951957702636719,-0.0321483612060547,-0.0423049926757812,-0.0276174545288086,-0.0293359756469726,-0.0383205413818359,-0.0529298782348633,-0.0562114715576172,-0.0381641387939453,-0.0759763717651367,-0.0705080032348633,-0.0575389862060547,-0.0319919586181641,-0.0672264099121094,-0.104804992675781,-0.0915241241455078
5595,-0.0484771728515625,,,-0.0285549163818359,-0.029414176940918,-0.0951957702636719,-0.0321483612060547,-0.0423049926757812,-0.0275392532348633,-0.0292577743530273,-0.0382423400878906,-0.0529298782348633,-0.0562114715576172,-0.0381641387939453,-0.0759763717651367,-0.0705080032348633,-0.0575389862060547,-0.0320701599121094,-0.0672264099121094,-0.104804992675781,-0.0915241241455078
5600,-0.0484771728515625,,,-0.0285549163818359,-0.029414176940918,-0.0951957702636719,-0.0321483612060547,-0.0423049926757812,-0.0275392532348633,-0.0292577743530273,-0.0382423400878906,-0.0529298782348633,-0.0561332702636719,-0.0381641387939453,-0.0759763717651367,-0.0705080032348633,-0.0575389862060547,-0.0320701599121094,-0.0672264099121094,-0.104804992675781,-0.0915241241455078
5605,-0.0484771728515625,,,-0.0285549163818359,-0.029414176940918,-0.0951957702636719,-0.0321483612060547,-0.0423049926757812,-0.0275392532348633,-0.029179573059082,-0.0382423400878906,-0.0529298782348633,-0.0561332702636719,-0.0380859375,-0.0758991241455078,-0.0705080032348633,-0.0575389862060547,-0.0320701599121094,-0.0672264099121094,-0.104804992675781,-0.0915241241455078
5610,-0.0484771728515625,,,-0.0285549163818359,-0.029414176940918,-0.0951957702636719,-0.0321483612060547,-0.0423049926757812,-0.027461051940918,-0.029179573059082,-0.0382423400878906,-0.0529298782348633,-0.0561332702636719,-0.0380859375,-0.0758991241455078,-0.0705080032348633,-0.0575389862060547,-0.0320701599121094,-0.0672264099121094,-0.104804992675781,-0.0915241241455078
5615,-0.0484771728515625,,,-0.0285549163818359,-0.029414176940918,-0.0951175689697266,-0.0321483612060547,-0.0423049926757812,-0.027461051940918,-0.0291013717651367,-0.0381641387939453,-0.0528516769409179,-0.0561332702636719,-0.0380859375,-0.0758991241455078,-0.0705080032348633,-0.0575389862060547,-0.0320701599121094,-0.0672264099121094,-0.104804992675781,-0.0914459228515625
5620,-0.0484771728515625,,,-0.0285549163818359,-0.029414176940918,-0.0951175689697266,-0.0320701599121094,-0.0423049926757812,-0.027461051940918,-0.0291013717651367,-0.0381641387939453,-0.0528516769409179,-0.0561332702636719,-0.0380077362060547,-0.0758991241455078,-0.0705080032348633,-0.0575389862060547,-0.0320701599121094,-0.0672264099121094,-0.104804992675781,-0.0914459228515625
5625,-0.0484771728515625,,,-0.0285549163818359,-0.029414176940918,-0.0951175689697266,-0.0320701599121094,-0.0423049926757812,-0.027461051940918,-0.0291013717651367,-0.0381641387939453,-0.0528516769409179,-0.0561332702636719,-0.0380077362060547,-0.0758991241455078,-0.0705080032348633,-0.0575389862060547,-0.0320701599121094,-0.0672264099121094,-0.104804992675781,-0.0914459228515625
5630,-0.0484771728515625,,,-0.0285549163818359,-0.029414176940918,-0.0951175689697266,-0.0320701599121094,-0.0423049926757812,-0.027461051940918,-0.0290231704711914,-0.0380859375,-0.0528516769409179,-0.0561332702636719,-0.0380077362060547,-0.0758991241455078,-0.0705080032348633,-0.0575389862060547,-0.0320701599121094,-0.0672264099121094,-0.104804992675781,-0.0914459228515625
5635,-0.0484771728515625,,,-0.0285549163818359,-0.029414176940918,-0.0951175689697266,-0.0320701599121094,-0.0423049926757812,-0.0273828506469726,-0.0290231704711914,-0.0380859375,-0.0528516769409179,-0.0560550689697266,-0.0379295349121094,-0.0758991241455078,-0.0705080032348633,-0.0575389862060547,-0.0320701599121094,-0.0673046112060547,-0.104804992675781,-0.0914459228515625
5640,-0.0484771728515625,,,-0.0285549163818359,-0.029414176940918,-0.0951175689697266,-0.0320701599121094,-0.0423049926757812,-0.0273828506469726,-0.0289449691772461,-0.0380859375,-0.0528516769409179,-0.0560550689697266,-0.0379295349121094,-0.0758991241455078,-0.0705080032348633,-0.0575389862060547,-0.0320701599121094,-0.0673046112060547,-0.104804992675781,-0.0914459228515625
5645,-0.0484771728515625,,,-0.0285549163818359,-0.029414176940918,-0.0950393676757812,-0.0320701599121094,-0.0423049926757812,-0.0273828506469726,-0.0289449691772461,-0.0380859375,-0.0528516769409179,-0.0560550689697266,-0.0379295349121094,-0.0758209228515625,-0.0705080032348633,-0.0575389862060547,-0.0320701599121094,-0.0673046112060547,-0.1047267913818359,-0.0913677215576172
5650,-0.0484771728515625,,,-0.0285549163818359,-0.029414176940918,-0.0950393676757812,-0.0320701599121094,-0.0423049926757812,-0.0273828506469726,-0.0288677215576172,-0.0380077362060547,-0.0527734756469727,-0.0560550689697266,-0.0378513336181641,-0.0758209228515625,-0.0705080032348633,-0.0575389862060547,-0.0320701599121094,-0.0673046112060547,-0.1047267913818359,-0.0913677215576172
5655,-0.0484771728515625,,,-0.0285549163818359,-0.029414176940918,-0.0950393676757812,-0.0320701599121094,-0.0423049926757812,-0.0273046493530273,-0.0288677215576172,-0.0380077362060547,-0.0528516769409179,-0.0560550689697266,-0.0378513336181641,-0.0758209228515625,-0.0705080032348633,-0.0575389862060547,-0.0320701599121094,-0.0673046112060547,-0.1047267913818359,-0.0913677215576172
5660,-0.0484771728515625,,,-0.0285549163818359,-0.029414176940918,-0.0950393676757812,-0.0320701599121094,-0.0423049926757812,-0.0273046493530273,-0.0288677215576172,-0.0380077362060547,-0.0527734756469727,-0.0560550689697266,-0.0378513336181641,-0.0758209228515625,-0.0705080032348633,-0.0575389862060547,-0.0320701599121094,-0.0673046112060547,-0.1047267913818359,-0.0913677215576172
5665,-0.0484771728515625,,,-0.0285549163818359,-0.029414176940918,-0.0950393676757812,-0.0320701599121094,-0.0423049926757812,-0.0273046493530273,-0.0287895202636719,-0.0380077362060547,-0.0527734756469727,-0.0560550689697266,-0.0377731323242188,-0.0758209228515625,-0.0705080032348633,-0.0575389862060547,-0.0320701599121094,-0.0673046112060547,-0.1047267913818359,-0.0913677215576172
5670,-0.0484771728515625,,,-0.0285549163818359,-0.029414176940918,-0.0950393676757812,-0.0320701599121094,-0.0423049926757812,-0.0273046493530273,-0.0287895202636719,-0.0379295349121094,-0.0527734756469727,-0.0560550689697266,-0.0377731323242188,-0.0758209228515625,-0.0705080032348633,-0.0575389862060547,-0.0320701599121094,-0.0673046112060547,-0.1047267913818359,-0.0913677215576172
5675,-0.0484771728515625,,,-0.0285549163818359,-0.029414176940918,-0.0950393676757812,-0.0320701599121094,-0.0423049926757812,-0.0273046493530273,-0.0287113189697266,-0.0379295349121094,-0.0527734756469727,-0.0560550689697266,-0.0377731323242188,-0.0758209228515625,-0.0705080032348633,-0.0575389862060547,-0.0320701599121094,-0.0673046112060547,-0.1047267913818359,-0.0912895202636719
5680,-0.0484771728515625,,,-0.0285549163818359,-0.029414176940918,-0.0949611663818359,-0.0320701599121094,-0.0423049926757812,-0.027226448059082,-0.0287113189697266,-0.0379295349121094,-0.0527734756469727,-0.0560550689697266,-0.0376958847045898,-0.0758209228515625,-0.070429801940918,-0.0575389862060547,-0.0320701599121094,-0.0673046112060547,-0.1047267913818359,-0.0912895202636719
5685,-0.0484771728515625,,,-0.0285549163818359,-0.029414176940918,-0.0949611663818359,-0.0320701599121094,-0.0423049926757812,-0.027226448059082,-0.0287113189697266,-0.0379295349121094,-0.0527734756469727,-0.0559768676757812,-0.0376958847045898,-0.0758209228515625,-0.070429801940918,-0.0575389862060547,-0.0320701599121094,-0.0673046112060547,-0.1047267913818359,-0.0912895202636719
5690,-0.0484771728515625,,,-0.0285549163818359,-0.029414176940918,-0.0949611663818359,-0.0320701599121094,-0.0423049926757812,-0.027226448059082,-0.0286331176757812,-0.0378513336181641,-0.0527734756469727,-0.0559768676757812,-0.0376958847045898,-0.0757427215576172,-0.070429801940918,-0.0575389862060547,-0.0320701599121094,-0.0673828125,-0.1047267913818359,-0.0912895202636719
5695,-0.0484771728515625,,,-0.0285549163818359,-0.029414176940918,-0.0949611663818359,-0.0320701599121094,-0.0423049926757812,-0.027226448059082,-0.0286331176757812,-0.0378513336181641,-0.0527734756469727,-0.0559768676757812,-0.0376176834106445,-0.0757427215576172,-0.070429801940918,-0.0575389862060547,-0.0320701599121094,-0.0673828125,-0.1047267913818359,-0.0912895202636719
5700,-0.0484771728515625,,,-0.0285549163818359,-0.029414176940918,-0.0949611663818359,-0.0320701599121094,-0.0423049926757812,-0.027226448059082,-0.0285549163818359,-0.0378513336181641,-0.0526952743530273,-0.0559768676757812,-0.0376176834106445,-0.0757427215576172,-0.070429801940918,-0.0575389862060547,-0.0320701599121094,-0.0673828125,-0.1047267913818359,-0.0912895202636719
5705,-0.0484771728515625,,,-0.0285549163818359,-0.029414176940918,-0.0949611663818359,-0.0320701599121094,-0.0423049926757812,-0.027226448059082,-0.0285549163818359,-0.0378513336181641,-0.0526952743530273,-0.0559768676757812,-0.0376176834106445,-0.0757427215576172,-0.070429801940918,-0.0575389862060547,-0.0320701599121094,-0.0673828125,-0.1047267913818359,-0.0912113189697266
5710,-0.0485544204711914,,,-0.0285549163818359,-0.029414176940918,-0.0949611663818359,-0.0320701599121094,-0.0423049926757812,-0.0271482467651367,-0.0285549163818359,-0.0377731323242188,-0.0526952743530273,-0.0559768676757812,-0.0376176834106445,-0.0757427215576172,-0.070429801940918,-0.0575389862060547,-0.0321483612060547,-0.0673828125,-0.1047267913818359,-0.0912113189697266
5715,-0.0484771728515625,,,-0.0285549163818359,-0.029414176940918,-0.0948829650878906,-0.0320701599121094,-0.0423049926757812,-0.0271482467651367,-0.0284767150878906,-0.0377731323242188,-0.0526952743530273,-0.0559768676757812,-0.0375394821166992,-0.0757427215576172,-0.070429801940918,-0.0575389862060547,-0.0321483612060547,-0.0673828125,-0.1047267913818359,-0.0912113189697266
5720,-0.0485544204711914,,,-0.0285549163818359,-0.029414176940918,-0.0948829650878906,-0.0320701599121094,-0.0422267913818359,-0.0271482467651367,-0.0284767150878906,-0.0377731323242188,-0.0526952743530273,-0.0559768676757812,-0.0375394821166992,-0.0757427215576172,-0.070429801940918,-0.0575389862060547,-0.0321483612060547,-0.0673828125,-0.104648590087891,-0.0912113189697266
5725,-0.0485544204711914,,,-0.0285549163818359,-0.029414176940918,-0.0948829650878906,-0.0320701599121094,-0.0422267913818359,-0.0271482467651367,-0.0283985137939453,-0.0377731323242188,-0.0526952743530273,-0.0559768676757812,-0.0375394821166992,-0.0757427215576172,-0.070429801940918,-0.0575389862060547,-0.0321483612060547,-0.0673828125,-0.104648590087891,-0.0912113189697266
5730,-0.0484771728515625,,,-0.0285549163818359,-0.029414176940918,-0.0948829650878906,-0.0319919586181641,-0.0422267913818359,-0.0271482467651367,-0.0283985137939453,-0.0377731323242188,-0.0526952743530273,-0.0559768676757812,-0.0374612808227539,-0.0757427215576172,-0.070429801940918,-0.0575389862060547,-0.0321483612060547,-0.0673828125,-0.104648590087891,-0.0912113189697266
5735,-0.0485544204711914,,,-0.0285549163818359,-0.029414176940918,-0.0948829650878906,-0.0319919586181641,-0.0422267913818359,-0.0270700454711914,-0.0283985137939453,-0.0376958847045898,-0.0526952743530273,-0.0559768676757812,-0.0374612808227539,-0.0757427215576172,-0.070429801940918,-0.0575389862060547,-0.0321483612060547,-0.0673828125,-0.104648590087891,-0.0912113189697266
5740,-0.0485544204711914,,,-0.0286331176757812,-0.029414176940918,-0.0948829650878906,-0.0319919586181641,-0.0422267913818359,-0.0270700454711914,-0.0283203125,-0.0376958847045898,-0.0526952743530273,-0.0559768676757812,-0.0374612808227539,-0.0757427215576172,-0.070429801940918,-0.0575389862060547,-0.0321483612060547,-0.0673828125,-0.104648590087891,-0.0911331176757812
5745,-0.0485544204711914,,,-0.0286331176757812,-0.029414176940918,-0.0948829650878906,-0.0319919586181641,-0.0422267913818359,-0.0270700454711914,-0.0283203125,-0.0376958847045898,-0.052617073059082,-0.0558986663818359,-0.0373830795288086,-0.0756645202636719,-0.070429801940918,-0.0575389862060547,-0.0321483612060547,-0.0674610137939453,-0.104648590087891,-0.0911331176757812
5750,-0.0484771728515625,,,-0.0285549163818359,-0.029414176940918,-0.0948047637939453,-0.0319919586181641,-0.0422267913818359,-0.0270700454711914,-0.0283203125,-0.0376958847045898,-0.052617073059082,-0.0558986663818359,-0.0373830795288086,-0.0756645202636719,-0.070429801940918,-0.0575389862060547,-0.0321483612060547,-0.0674610137939453,-0.104648590087891,-0.0911331176757812
5755,-0.0485544204711914,,,-0.0285549163818359,-0.029414176940918,-0.0948047637939453,-0.0319919586181641,-0.0422267913818359,-0.0270700454711914,-0.0282421112060547,-0.0376958847045898,-0.052617073059082,-0.0558986663818359,-0.0373830795288086,-0.0756645202636719,-0.070429801940918,-0.0575389862060547,-0.0321483612060547,-0.0674610137939453,-0.104648590087891,-0.0911331176757812
5760,-0.0485544204711914,,,-0.0286331176757812,-0.029414176940918,-0.0948047637939453,-0.0319919586181641,-0.0422267913818359,-0.0270700454711914,-0.0282421112060547,-0.0376176834106445,-0.052617073059082,-0.0558986663818359,-0.0373830795288086,-0.0756645202636719,-0.070429801940918,-0.0575389862060547,-0.0321483612060547,-0.0674610137939453,-0.104648590087891,-0.0911331176757812
5765,-0.0485544204711914,,,-0.0286331176757812,-0.029414176940918,-0.0948047637939453,-0.0319919586181641,-0.0422267913818359,-0.0270700454711914,-0.0282421112060547,-0.0376176834106445,-0.052617073059082,-0.0558986663818359,-0.0373048782348633,-0.0756645202636719,-0.070429801940918,-0.0575389862060547,-0.0321483612060547,-0.0674610137939453,-0.104648590087891,-0.0911331176757812
5770,-0.0485544204711914,,,-0.0286331176757812,-0.029414176940918,-0.0948047637939453,-0.0319919586181641,-0.0422267913818359,-0.0269918441772461,-0.0281639099121094,-0.0376176834106445,-0.052617073059082,-0.0558986663818359,-0.0373048782348633,-0.0756645202636719,-0.070429801940918,-0.0575389862060547,-0.0321483612060547,-0.0674610137939453,-0.104648590087891,-0.0911331176757812
5775,-0.0485544204711914,,,-0.0286331176757812,-0.029414176940918,-0.0948047637939453,-0.0319919586181641,-0.0422267913818359,-0.0269918441772461,-0.0281639099121094,-0.0376176834106445,-0.052617073059082,-0.0558986663818359,-0.0373048782348633,-0.0756645202636719,-0.070429801940918,-0.0575389862060547,-0.0321483612060547,-0.0674610137939453,-0.104648590087891,-0.0910549163818359
5780,-0.0485544204711914,,,-0.0286331176757812,-0.0294923782348633,-0.0948047637939453,-0.0319919586181641,-0.0422267913818359,-0.0269918441772461,-0.0281639099121094,-0.0376176834106445,-0.052617073059082,-0.0558986663818359,-0.0372266769409179,-0.0756645202636719,-0.070429801940918,-0.0575389862060547,-0.0321483612060547,-0.0674610137939453,-0.104648590087891,-0.0910549163818359
5785,-0.0485544204711914,,,-0.0286331176757812,-0.029414176940918,-0.0948047637939453,-0.0319919586181641,-0.0422267913818359,-0.0269918441772461,-0.0280857086181641,-0.0376176834106445,-0.052617073059082,-0.0558986663818359,-0.0372266769409179,-0.0756645202636719,-0.070429801940918,-0.0575389862060547,-0.0321483612060547,-0.0674610137939453,-0.104648590087891,-0.0910549163818359
5790,-0.0485544204711914,,,-0.0286331176757812,-0.029414176940918,-0.0948047637939453,-0.0319919586181641,-0.0422267913818359,-0.0269918441772461,-0.0280857086181641,-0.0376176834106445,-0.052617073059082,-0.0558986663818359,-0.0372266769409179,-0.0756645202636719,-0.070429801940918,-0.0575389862060547,-0.0321483612060547,-0.0674610137939453,-0.104648590087891,-0.0910549163818359
5795,-0.0485544204711914,,,-0.0286331176757812,-0.029414176940918,-0.0947265625,-0.0319919586181641,-0.0422267913818359,-0.0269918441772461,-0.0280857086181641,-0.0375394821166992,-0.052617073059082,-0.0558986663818359,-0.0372266769409179,-0.0756645202636719,-0.070429801940918,-0.0575389862060547,-0.0321483612060547,-0.0675392150878906,-0.104648590087891,-0.0910549163818359
5800,-0.0485544204711914,,,-0.0286331176757812,-0.029414176940918,-0.0947265625,-0.0319919586181641,-0.0422267913818359,-0.0269918441772461,-0.0280075073242188,-0.0375394821166992,-0.052617073059082,-0.0558986663818359,-0.0371484756469727,-0.0756645202636719,-0.070429801940918,-0.0575389862060547,-0.0321483612060547,-0.0675392150878906,-0.104648590087891,-0.0910549163818359
5805,-0.0485544204711914,,,-0.0286331176757812,-0.029414176940918,-0.0947265625,-0.0319919586181641,-0.0422267913818359,-0.0269918441772461,-0.0280075073242188,-0.0375394821166992,-0.0525388717651367,-0.0558986663818359,-0.0371484756469727,-0.0755863189697266,-0.070429801940918,-0.0575389862060547,-0.0321483612060547,-0.0675392150878906,-0.104648590087891,-0.0909767150878906
5810,-0.0485544204711914,,,-0.0286331176757812,-0.029414176940918,-0.0947265625,-0.0319919586181641,-0.0422267913818359,-0.0269145965576172,-0.0279293060302734,-0.0375394821166992,-0.0525388717651367,-0.0558986663818359,-0.0371484756469727,-0.0755863189697266,-0.0703516006469727,-0.0575389862060547,-0.0321483612060547,-0.0675392150878906,-0.104648590087891,-0.0909767150878906
5815,-0.0484771728515625,,,-0.0286331176757812,-0.029414176940918,-0.0947265625,-0.0319919586181641,-0.0422267913818359,-0.0269145965576172,-0.0279293060302734,-0.0375394821166992,-0.0525388717651367,-0.0558986663818359,-0.0370702743530273,-0.0755863189697266,-0.0703516006469727,-0.0575389862060547,-0.0321483612060547,-0.0675392150878906,-0.104570388793945,-0.0909767150878906
5820,-0.0484771728515625,,,-0.0286331176757812,-0.0294923782348633,-0.0947265625,-0.0319919586181641,-0.0422267913818359,-0.0269145965576172,-0.0279293060302734,-0.0374612808227539,-0.0525388717651367,-0.0558204650878906,-0.0370702743530273,-0.0755863189697266,-0.070429801940918,-0.0575389862060547,-0.0322265625,-0.0675392150878906,-0.104570388793945,-0.0909767150878906
5825,-0.0484771728515625,,,-0.0286331176757812,-0.029414176940918,-0.0947265625,-0.0319919586181641,-0.0422267913818359,-0.0269145965576172,-0.0278520584106445,-0.0374612808227539,-0.0525388717651367,-0.0558204650878906,-0.0370702743530273,-0.0755863189697266,-0.0703516006469727,-0.0575389862060547,-0.0321483612060547,-0.0675392150878906,-0.104570388793945,-0.0909767150878906
5830,-0.0484771728515625,,,-0.0286331176757812,-0.0294923782348633,-0.0946483612060547,-0.0319919586181641,-0.0422267913818359,-0.0269145965576172,-0.0278520584106445,-0.0374612808227539,-0.0525388717651367,-0.0558204650878906,-0.0370702743530273,-0.0755863189697266,-0.0703516006469727,-0.0575389862060547,-0.0322265625,-0.0675392150878906,-0.104570388793945,-0.0909767150878906
5835,-0.0484771728515625,,,-0.0286331176757812,-0.0294923782348633,-0.0946483612060547,-0.0319919586181641,-0.0422267913818359,-0.0269145965576172,-0.0278520584106445,-0.0374612808227539,-0.0525388717651367,-0.0558204650878906,-0.036992073059082,-0.0755863189697266,-0.0703516006469727,-0.0575389862060547,-0.0322265625,-0.0675392150878906,-0.104570388793945,-0.0909767150878906
5840,-0.0484771728515625,,,-0.0286331176757812,-0.0294923782348633,-0.0946483612060547,-0.0319919586181641,-0.0422267913818359,-0.0269145965576172,-0.0277738571166992,-0.0374612808227539,-0.0525388717651367,-0.0558204650878906,-0.036992073059082,-0.0755863189697266,-0.0703516006469727,-0.0575389862060547,-0.0322265625,-0.0675392150878906,-0.104570388793945,-0.0908985137939453
5845,-0.0484771728515625,,,-0.0286331176757812,-0.0294923782348633,-0.0946483612060547,-0.0319137573242188,-0.0421485900878906,-0.0269145965576172,-0.0277738571166992,-0.0374612808227539,-0.0525388717651367,-0.0558204650878906,-0.036992073059082,-0.0755863189697266,-0.070429801940918,-0.0575389862060547,-0.0322265625,-0.0675392150878906,-0.104570388793945,-0.0908985137939453
5850,-0.0484771728515625,,,-0.0286331176757812,-0.0294923782348633,-0.0946483612060547,-0.0319137573242188,-0.0422267913818359,-0.0269145965576172,-0.0277738571166992,-0.0374612808227539,-0.0525388717651367,-0.0558204650878906,-0.036992073059082,-0.0755863189697266,-0.0703516006469727,-0.0575389862060547,-0.0322265625,-0.0675392150878906,-0.104570388793945,-0.0908985137939453
5855,-0.0484771728515625,,,-0.0286331176757812,-0.0294923782348633,-0.0946483612060547,-0.0319137573242188,-0.0421485900878906,-0.0268363952636719,-0.0276956558227539,-0.0374612808227539,-0.0525388717651367,-0.0558204650878906,-0.0369138717651367,-0.0755863189697266,-0.0703516006469727,-0.0575389862060547,-0.0322265625,-0.0676174163818359,-0.104570388793945,-0.0908985137939453
5860,-0.0484771728515625,,,-0.0286331176757812,-0.0294923782348633,-0.0946483612060547,-0.0319137573242188,-0.0421485900878906,-0.0268363952636719,-0.0276956558227539,-0.0373830795288086,-0.0525388717651367,-0.0558204650878906,-0.0369138717651367,-0.0755863189697266,-0.0703516006469727,-0.0575389862060547,-0.0322265625,-0.0676174163818359,-0.104570388793945,-0.0908985137939453
5865,-0.0485544204711914,,,-0.0286331176757812,-0.0294923782348633,-0.0946483612060547,-0.0319137573242188,-0.0421485900878906,-0.0268363952636719,-0.0276956558227539,-0.0373830795288086,-0.0525388717651367,-0.0558204650878906,-0.0369138717651367,-0.0755863189697266,-0.0703516006469727,-0.0575389862060547,-0.0322265625,-0.0676174163818359,-0.104570388793945,-0.0908985137939453
5870,-0.0484771728515625,,,-0.0286331176757812,-0.0294923782348633,-0.0946483612060547,-0.0319137573242188,-0.0421485900878906,-0.0268363952636719,-0.0276174545288086,-0.0373830795288086,-0.0525388717651367,-0.0558204650878906,-0.0368356704711914,-0.0755081176757812,-0.0703516006469727,-0.0575389862060547,-0.0322265625,-0.0676174163818359,-0.104570388793945,-0.0908985137939453
5875,-0.0484771728515625,,,-0.0286331176757812,-0.0294923782348633,-0.0946483612060547,-0.0319137573242188,-0.0421485900878906,-0.0268363952636719,-0.0276174545288086,-0.0373830795288086,-0.0525388717651367,-0.0558204650878906,-0.0368356704711914,-0.0755081176757812,-0.0703516006469727,-0.0575389862060547,-0.0322265625,-0.0676174163818359,-0.104570388793945,-0.0908985137939453
5880,-0.0484771728515625,,,-0.0286331176757812,-0.0294923782348633,-0.0945701599121094,-0.0319137573242188,-0.0421485900878906,-0.0268363952636719,-0.0276174545288086,-0.0373830795288086,-0.0525388717651367,-0.0558204650878906,-0.0368356704711914,-0.0755081176757812,-0.0703516006469727,-0.0575389862060547,-0.0322265625,-0.0676174163818359,-0.104570388793945,-0.0908203125
5885,-0.0484771728515625,,,-0.0286331176757812,-0.0294923782348633,-0.0945701599121094,-0.0319137573242188,-0.0421485900878906,-0.0268363952636719,-0.0275392532348633,-0.0373830795288086,-0.0524606704711914,-0.0558204650878906,-0.0368356704711914,-0.0755081176757812,-0.0703516006469727,-0.0575389862060547,-0.0322265625,-0.0676174163818359,-0.104570388793945,-0.0908203125
5890,-0.0484771728515625,,,-0.0286331176757812,-0.0294923782348633,-0.0945701599121094,-0.0319137573242188,-0.0421485900878906,-0.0268363952636719,-0.0275392532348633,-0.0373830795288086,-0.0524606704711914,-0.0558204650878906,-0.0367574691772461,-0.0755081176757812,-0.0703516006469727,-0.0575389862060547,-0.0322265625,-0.0676174163818359,-0.104570388793945,-0.0908203125
5895,-0.0484771728515625,,,-0.0286331176757812,-0.0294923782348633,-0.0945701599121094,-0.0319137573242188,-0.0421485900878906,-0.0268363952636719,-0.0275392532348633,-0.0373830795288086,-0.0524606704711914,-0.0558204650878906,-0.0367574691772461,-0.0755081176757812,-0.0703516006469727,-0.0575389862060547,-0.0322265625,-0.0676174163818359,-0.104570388793945,-0.0908203125
5900,-0.0484771728515625,,,-0.0286331176757812,-0.0294923782348633,-0.0945701599121094,-0.0319137573242188,-0.0421485900878906,-0.0268363952636719,-0.027461051940918,-0.0373830795288086,-0.0524606704711914,-0.0558204650878906,-0.0367574691772461,-0.0755081176757812,-0.0703516006469727,-0.0575389862060547,-0.0322265625,-0.0676956176757812,-0.104570388793945,-0.0908203125
5905,-0.0484771728515625,,,-0.0286331176757812,-0.0294923782348633,-0.0945701599121094,-0.0319137573242188,-0.0421485900878906,-0.0268363952636719,-0.027461051940918,-0.0373048782348633,-0.0524606704711914,-0.0558204650878906,-0.0367574691772461,-0.0755081176757812,-0.0703516006469727,-0.0575389862060547,-0.0322265625,-0.0676956176757812,-0.104570388793945,-0.0908203125
5910,-0.0484771728515625,,,-0.0286331176757812,-0.0294923782348633,-0.0945701599121094,-0.0319137573242188,-0.0421485900878906,-0.0268363952636719,-0.027461051940918,-0.0373048782348633,-0.0524606704711914,-0.0558204650878906,-0.0366802215576172,-0.0755081176757812,-0.0703516006469727,-0.0575389862060547,-0.0323047637939453,-0.0676956176757812,-0.104570388793945,-0.0908203125
5915,-0.0484771728515625,,,-0.0286331176757812,-0.0294923782348633,-0.0945701599121094,-0.0319137573242188,-0.0421485900878906,-0.0268363952636719,-0.0273828506469726,-0.0373048782348633,-0.0524606704711914,-0.0558204650878906,-0.0366802215576172,-0.0755081176757812,-0.0703516006469727,-0.0575389862060547,-0.0322265625,-0.0676956176757812,-0.104570388793945,-0.0908203125
5920,-0.0484771728515625,,,-0.0286331176757812,-0.0294923782348633,-0.0945701599121094,-0.0319137573242188,-0.0421485900878906,-0.0267581939697266,-0.0273828506469726,-0.0373048782348633,-0.0524606704711914,-0.0558204650878906,-0.0366802215576172,-0.0755081176757812,-0.0703516006469727,-0.0575389862060547,-0.0323047637939453,-0.0676956176757812,-0.104570388793945,-0.0908203125
5925,-0.0484771728515625,,,-0.0286331176757812,-0.0294923782348633,-0.0944929122924805,-0.0319137573242188,-0.0421485900878906,-0.0267581939697266,-0.0273828506469726,-0.0373048782348633,-0.0524606704711914,-0.0557422637939453,-0.0366802215576172,-0.0755081176757812,-0.0703516006469727,-0.0575389862060547,-0.0323047637939453,-0.0676956176757812,-0.104570388793945,-0.0907421112060547
5930,-0.0484771728515625,,,-0.0286331176757812,-0.0294923782348633,-0.0944929122924805,-0.0319137573242188,-0.0421485900878906,-0.0267581939697266,-0.0273828506469726,-0.0373048782348633,-0.0524606704711914,-0.0557422637939453,-0.0366020202636719,-0.0755081176757812,-0.0703516006469727,-0.0575389862060547,-0.0323047637939453,-0.0676956176757812,-0.1044921875,-0.0907421112060547
5935,-0.0484771728515625,,,-0.0286331176757812,-0.0294923782348633,-0.0944929122924805,-0.0319137573242188,-0.0421485900878906,-0.0267581939697266,-0.0273046493530273,-0.0373048782348633,-0.0524606704711914,-0.0557422637939453,-0.0366020202636719,-0.0755081176757812,-0.0703516006469727,-0.0575389862060547,-0.0323047637939453,-0.0676956176757812,-0.1044921875,-0.0907421112060547
5940,-0.0484771728515625,,,-0.0286331176757812,-0.0294923782348633,-0.0944929122924805,-0.0319137573242188,-0.0421485900878906,-0.0267581939697266,-0.0273046493530273,-0.0373048782348633,-0.0524606704711914,-0.0557422637939453,-0.0366020202636719,-0.0755081176757812,-0.0703516006469727,-0.0575389862060547,-0.0323047637939453,-0.0676956176757812,-0.1044921875,-0.0907421112060547
5945,-0.0484771728515625,,,-0.0286331176757812,-0.0294923782348633,-0.0944929122924805,-0.0318355560302733,-0.0421485900878906,-0.0267581939697266,-0.027226448059082,-0.0373048782348633,-0.0524606704711914,-0.0557422637939453,-0.0366020202636719,-0.0754299163818359,-0.0703516006469727,-0.0575389862060547,-0.0323047637939453,-0.0676956176757812,-0.1044921875,-0.0907421112060547
5950,-0.0484771728515625,,,-0.0286331176757812,-0.0294923782348633,-0.0944929122924805,-0.0318355560302733,-0.0421485900878906,-0.0267581939697266,-0.027226448059082,-0.0373048782348633,-0.0523834228515625,-0.0557422637939453,-0.0365238189697266,-0.0754299163818359,-0.0703516006469727,-0.0575389862060547,-0.0323047637939453,-0.0676956176757812,-0.1044921875,-0.0907421112060547
5955,-0.0484771728515625,,,-0.0286331176757812,-0.0294923782348633,-0.0944929122924805,-0.0318355560302733,-0.0420703887939453,-0.0267581939697266,-0.027226448059082,-0.0373048782348633,-0.0523834228515625,-0.0557422637939453,-0.0365238189697266,-0.0754299163818359,-0.0703516006469727,-0.0575389862060547,-0.0323047637939453,-0.0676956176757812,-0.1044921875,-0.0907421112060547
5960,-0.0484771728515625,,,-0.0286331176757812,-0.0294923782348633,-0.0944929122924805,-0.0318355560302733,-0.0421485900878906,-0.0267581939697266,-0.027226448059082,-0.0372266769409179,-0.0523834228515625,-0.0557422637939453,-0.0365238189697266,-0.0754299163818359,-0.0703516006469727,-0.0575389862060547,-0.0323047637939453,-0.0677738189697266,-0.1044921875,-0.0907421112060547
5965,-0.0484771728515625,,,-0.0286331176757812,-0.0294923782348633,-0.0944929122924805,-0.0318355560302733,-0.0420703887939453,-0.0267581939697266,-0.0271482467651367,-0.0372266769409179,-0.0523834228515625,-0.0557422637939453,-0.0365238189697266,-0.0754299163818359,-0.0703516006469727,-0.0575389862060547,-0.0323047637939453,-0.0677738189697266,-0.1044921875,-0.0906639099121094
5970,-0.0484771728515625,,,-0.0286331176757812,-0.0294923782348633,-0.0944929122924805,-0.0318355560302733,-0.0420703887939453,-0.0267581939697266,-0.0271482467651367,-0.0372266769409179,-0.0523834228515625,-0.0557422637939453,-0.0365238189697266,-0.0754299163818359,-0.0703516006469727,-0.0575389862060547,-0.0323047637939453,-0.0677738189697266,-0.1044921875,-0.0906639099121094
5975,-0.0484771728515625,,,-0.0286331176757812,-0.0295705795288086,-0.0944147109985352,-0.0318355560302733,-0.0420703887939453,-0.0267581939697266,-0.0271482467651367,-0.0372266769409179,-0.0523834228515625,-0.0557422637939453,-0.0364456176757812,-0.0754299163818359,-0.0703516006469727,-0.0575389862060547,-0.0323047637939453,-0.0677738189697266,-0.1044921875,-0.0906639099121094
5980,-0.0484771728515625,,,-0.0286331176757812,-0.0294923782348633,-0.0944147109985352,-0.0318355560302733,-0.0420703887939453,-0.0267581939697266,-0.0270700454711914,-0.0372266769409179,-0.0523834228515625,-0.0557422637939453,-0.0364456176757812,-0.0754299163818359,-0.0703516006469727,-0.0575389862060547,-0.0323047637939453,-0.0677738189697266,-0.1044921875,-0.0906639099121094
5985,-0.0484771728515625,,,-0.0286331176757812,-0.0294923782348633,-0.0944147109985352,-0.0318355560302733,-0.0420703887939453,-0.0267581939697266,-0.0270700454711914,-0.0372266769409179,-0.0523834228515625,-0.0557422637939453,-0.0364456176757812,-0.0754299163818359,-0.0703516006469727,-0.0575389862060547,-0.0323047637939453,-0.0677738189697266,-0.1044921875,-0.0906639099121094
5990,-0.0484771728515625,,,-0.0286331176757812,-0.0294923782348633,-0.0944147109985352,-0.0318355560302733,-0.0420703887939453,-0.0266799926757812,-0.0270700454711914,-0.0372266769409179,-0.0523834228515625,-0.0557422637939453,-0.0363674163818359,-0.0754299163818359,-0.0703516006469727,-0.0575389862060547,-0.0323047637939453,-0.0677738189697266,-0.1044921875,-0.0906639099121094
5995,-0.0484771728515625,,,-0.0286331176757812,-0.0295705795288086,-0.0944147109985352,-0.0318355560302733,-0.0420703887939453,-0.0266799926757812,-0.0269918441772461,-0.0372266769409179,-0.0523834228515625,-0.0557422637939453,-0.0363674163818359,-0.0754299163818359,-0.0703516006469727,-0.0575389862060547,-0.0323047637939453,-0.0677738189697266,-0.1044921875,-0.0906639099121094
6000,-0.0484771728515625,,,-0.0286331176757812,-0.0295705795288086,-0.0944147109985352,-0.0318355560302733,-0.0420703887939453,-0.0266799926757812,-0.0269918441772461,-0.0372266769409179,-0.0523834228515625,-0.0557422637939453,-0.0363674163818359,-0.0754299163818359,-0.0703516006469727,-0.0575389862060547,-0.0323047637939453,-0.0677738189697266,-0.1044921875,-0.0905866622924805
6005,-0.0484771728515625,,,-0.0286331176757812,-0.0294923782348633,-0.0943365097045898,-0.0318355560302733,-0.0420703887939453,-0.0266799926757812,-0.0269918441772461,-0.0372266769409179,-0.0523834228515625,-0.0557422637939453,-0.0363674163818359,-0.0754299163818359,-0.0703516006469727,-0.0575389862060547,-0.0323047637939453,-0.0677738189697266,-0.1044921875,-0.0905866622924805
6010,-0.0484771728515625,,,-0.0286331176757812,-0.0295705795288086,-0.0943365097045898,-0.0318355560302733,-0.0420703887939453,-0.0266799926757812,-0.0269145965576172,-0.0372266769409179,-0.0523834228515625,-0.0557422637939453,-0.0363674163818359,-0.0754299163818359,-0.0703516006469727,-0.0575389862060547,-0.0323047637939453,-0.0678520202636719,-0.1044921875,-0.0905866622924805
6015,-0.0484771728515625,,,-0.0286331176757812,-0.0295705795288086,-0.0943365097045898,-0.0318355560302733,-0.0420703887939453,-0.0266799926757812,-0.0269145965576172,-0.0372266769409179,-0.0523834228515625,-0.0557422637939453,-0.0362892150878906,-0.0754299163818359,-0.0703516006469727,-0.0574607849121094,-0.0323047637939453,-0.0678520202636719,-0.1044921875,-0.0905866622924805
6020,-0.0483989715576172,,,-0.0286331176757812,-0.0295705795288086,-0.0943365097045898,-0.0318355560302733,-0.0420703887939453,-0.0266799926757812,-0.0269145965576172,-0.0372266769409179,-0.0523834228515625,-0.0557422637939453,-0.0362892150878906,-0.0754299163818359,-0.0703516006469727,-0.0575389862060547,-0.0323829650878906,-0.0678520202636719,-0.1044921875,-0.0905866622924805
6025,-0.0483989715576172,,,-0.0286331176757812,-0.0295705795288086,-0.0943365097045898,-0.0318355560302733,-0.0420703887939453,-0.0266799926757812,-0.0268363952636719,-0.0372266769409179,-0.0523834228515625,-0.0557422637939453,-0.0362892150878906,-0.0753517150878906,-0.0703516006469727,-0.0574607849121094,-0.0323047637939453,-0.0678520202636719,-0.1044921875,-0.0905866622924805
6030,-0.0483989715576172,,,-0.0286331176757812,-0.0295705795288086,-0.0943365097045898,-0.0318355560302733,-0.0420703887939453,-0.0266799926757812,-0.0268363952636719,-0.0372266769409179,-0.0523834228515625,-0.0557422637939453,-0.0362892150878906,-0.0753517150878906,-0.0703516006469727,-0.0575389862060547,-0.0323829650878906,-0.0678520202636719,-0.1044921875,-0.0905866622924805
6035,-0.0483989715576172,,,-0.0286331176757812,-0.0295705795288086,-0.0943365097045898,-0.0318355560302733,-0.0420703887939453,-0.0266799926757812,-0.0268363952636719,-0.0372266769409179,-0.0523834228515625,-0.0557422637939453,-0.0362892150878906,-0.0754299163818359,-0.0703516006469727,-0.0575389862060547,-0.0323829650878906,-0.0678520202636719,-0.1044921875,-0.0905866622924805
6040,-0.0483989715576172,,,-0.0286331176757812,-0.0295705795288086,-0.0943365097045898,-0.0318355560302733,-0.0420703887939453,-0.0266799926757812,-0.0268363952636719,-0.0372266769409179,-0.0523052215576172,-0.0557422637939453,-0.0362110137939453,-0.0753517150878906,-0.0703516006469727,-0.0575389862060547,-0.0323829650878906,-0.0678520202636719,-0.104413986206055,-0.0905866622924805
6045,-0.0483989715576172,,,-0.0286331176757812,-0.0295705795288086,-0.0943365097045898,-0.0318355560302733,-0.0420703887939453,-0.0266799926757812,-0.0267581939697266,-0.0372266769409179,-0.0523052215576172,-0.0557422637939453,-0.0362110137939453,-0.0753517150878906,-0.0703516006469727,-0.0575389862060547,-0.0323829650878906,-0.0678520202636719,-0.104413986206055,-0.0905084609985352
6050,-0.0483989715576172,,,-0.0286331176757812,-0.0295705795288086,-0.0943365097045898,-0.0318355560302733,-0.0420703887939453,-0.0266799926757812,-0.0267581939697266,-0.0371484756469727,-0.0523052215576172,-0.0557422637939453,-0.0362110137939453,-0.0753517150878906,-0.0703516006469727,-0.0575389862060547,-0.0323829650878906,-0.0678520202636719,-0.104413986206055,-0.0905084609985352
6055,-0.0483989715576172,,,-0.0286331176757812,-0.0295705795288086,-0.0942583084106445,-0.0317583084106445,-0.0420703887939453,-0.0266799926757812,-0.0267581939697266,-0.0371484756469727,-0.0523052215576172,-0.0557422637939453,-0.0362110137939453,-0.0753517150878906,-0.0703516006469727,-0.0575389862060547,-0.0323829650878906,-0.0678520202636719,-0.104413986206055,-0.0905084609985352
6060,-0.0483989715576172,,,-0.0286331176757812,-0.0295705795288086,-0.0942583084106445,-0.0317583084106445,-0.0419921875,-0.0266799926757812,-0.0266799926757812,-0.0371484756469727,-0.0523052215576172,-0.0557422637939453,-0.0361328125,-0.0753517150878906,-0.0703516006469727,-0.0575389862060547,-0.0323829650878906,-0.0678520202636719,-0.104413986206055,-0.0905084609985352
6065,-0.0483989715576172,,,-0.0286331176757812,-0.0295705795288086,-0.0942583084106445,-0.0317583084106445,-0.0419921875,-0.0266799926757812,-0.0266799926757812,-0.0371484756469727,-0.0523052215576172,-0.0557422637939453,-0.0361328125,-0.0753517150878906,-0.0703516006469727,-0.0574607849121094,-0.0323829650878906,-0.0679302215576172,-0.104413986206055,-0.0905084609985352
6070,-0.0483989715576172,,,-0.0286331176757812,-0.0295705795288086,-0.0942583084106445,-0.0317583084106445,-0.0419921875,-0.0266799926757812,-0.0266799926757812,-0.0371484756469727,-0.0523052215576172,-0.0557422637939453,-0.0361328125,-0.0753517150878906,-0.0703516006469727,-0.0575389862060547,-0.0323829650878906,-0.0679302215576172,-0.104413986206055,-0.0905084609985352
6075,-0.0483989715576172,,,-0.0286331176757812,-0.0295705795288086,-0.0942583084106445,-0.0317583084106445,-0.0419921875,-0.0266799926757812,-0.0266017913818359,-0.0371484756469727,-0.0523052215576172,-0.0557422637939453,-0.0361328125,-0.0753517150878906,-0.0703516006469727,-0.0575389862060547,-0.0323829650878906,-0.0679302215576172,-0.104413986206055,-0.0905084609985352
6080,-0.0483989715576172,,,-0.0286331176757812,-0.0295705795288086,-0.0942583084106445,-0.0317583084106445,-0.0419921875,-0.0266799926757812,-0.0266017913818359,-0.0371484756469727,-0.0523052215576172,-0.0557422637939453,-0.0361328125,-0.0753517150878906,-0.0703516006469727,-0.0575389862060547,-0.0323829650878906,-0.0679302215576172,-0.104413986206055,-0.0905084609985352
6085,-0.0483989715576172,,,-0.0286331176757812,-0.0295705795288086,-0.0942583084106445,-0.0317583084106445,-0.0419921875,-0.0266799926757812,-0.0266017913818359,-0.0371484756469727,-0.0523052215576172,-0.0557422637939453,-0.0360546112060547,-0.0753517150878906,-0.0703516006469727,-0.0575389862060547,-0.0323829650878906,-0.0679302215576172,-0.104413986206055,-0.0905084609985352
6090,-0.0483989715576172,,,-0.0286331176757812,-0.0295705795288086,-0.0942583084106445,-0.0317583084106445,-0.0419921875,-0.0266799926757812,-0.0265235900878906,-0.0371484756469727,-0.0523052215576172,-0.0557422637939453,-0.0360546112060547,-0.0753517150878906,-0.0703516006469727,-0.0575389862060547,-0.0323829650878906,-0.0679302215576172,-0.104413986206055,-0.0905084609985352
6095,-0.0483989715576172,,,-0.0286331176757812,-0.0295705795288086,-0.0941801071166992,-0.0317583084106445,-0.0419921875,-0.0266799926757812,-0.0265235900878906,-0.0371484756469727,-0.0523052215576172,-0.0557422637939453,-0.0360546112060547,-0.0753517150878906,-0.0703516006469727,-0.0575389862060547,-0.0323829650878906,-0.0679302215576172,-0.104413986206055,-0.0904302597045898
6100,-0.0483989715576172,,,-0.0286331176757812,-0.0295705795288086,-0.0941801071166992,-0.0317583084106445,-0.0419921875,-0.0266799926757812,-0.0265235900878906,-0.0371484756469727,-0.0523052215576172,-0.0557422637939453,-0.0360546112060547,-0.0753517150878906,-0.0703516006469727,-0.0575389862060547,-0.0323829650878906,-0.0679302215576172,-0.104413986206055,-0.0904302597045898
6105,-0.0483989715576172,,,-0.0286331176757812,-0.0295705795288086,-0.0941801071166992,-0.0317583084106445,-0.0419921875,-0.0266799926757812,-0.0264453887939453,-0.0371484756469727,-0.0523052215576172,-0.0557422637939453,-0.0360546112060547,-0.0753517150878906,-0.0703516006469727,-0.0575389862060547,-0.0323829650878906,-0.0679302215576172,-0.104413986206055,-0.0904302597045898
6110,-0.0483989715576172,,,-0.0286331176757812,-0.0295705795288086,-0.0941801071166992,-0.0317583084106445,-0.0419921875,-0.0266017913818359,-0.0264453887939453,-0.0371484756469727,-0.0523052215576172,-0.0557422637939453,-0.0359764099121094,-0.0753517150878906,-0.0703516006469727,-0.0575389862060547,-0.0323829650878906,-0.0680084228515625,-0.104413986206055,-0.0904302597045898
6115,-0.0483207702636719,,,-0.0286331176757812,-0.0295705795288086,-0.0941801071166992,-0.0317583084106445,-0.0419921875,-0.0266017913818359,-0.0264453887939453,-0.0371484756469727,-0.0523052215576172,-0.0557422637939453,-0.0359764099121094,-0.0753517150878906,-0.0703516006469727,-0.0575389862060547,-0.0324611663818359,-0.0680084228515625,-0.104413986206055,-0.0904302597045898
6120,-0.0483989715576172,,,-0.0286331176757812,-0.0295705795288086,-0.0941801071166992,-0.0317583084106445,-0.0419921875,-0.0266017913818359,-0.0264453887939453,-0.0371484756469727,-0.0523052215576172,-0.0556640625,-0.0359764099121094,-0.0753517150878906,-0.0703516006469727,-0.0575389862060547,-0.0324611663818359,-0.0680084228515625,-0.104413986206055,-0.0904302597045898
6125,-0.0483207702636719,,,-0.0286331176757812,-0.0295705795288086,-0.0941801071166992,-0.0317583084106445,-0.0419921875,-0.0266017913818359,-0.0263671875,-0.0371484756469727,-0.0523052215576172,-0.0556640625,-0.0359764099121094,-0.0752735137939453,-0.0702733993530273,-0.0575389862060547,-0.0324611663818359,-0.0680084228515625,-0.104413986206055,-0.0904302597045898
6130,-0.0483207702636719,,,-0.0286331176757812,-0.0296487808227539,-0.0941801071166992,-0.0317583084106445,-0.0419921875,-0.0266017913818359,-0.0263671875,-0.0371484756469727,-0.0523052215576172,-0.0556640625,-0.0358982086181641,-0.0752735137939453,-0.0702733993530273,-0.0575389862060547,-0.0324611663818359,-0.0680084228515625,-0.104413986206055,-0.0904302597045898
6135,-0.0483207702636719,,,-0.0286331176757812,-0.0296487808227539,-0.0941801071166992,-0.0317583084106445,-0.0419921875,-0.0266017913818359,-0.0263671875,-0.0371484756469727,-0.0522270202636719,-0.0556640625,-0.0358982086181641,-0.0752735137939453,-0.0702733993530273,-0.0575389862060547,-0.0324611663818359,-0.0680084228515625,-0.104413986206055,-0.0904302597045898
6140,-0.0483207702636719,,,-0.0286331176757812,-0.0296487808227539,-0.0941801071166992,-0.0317583084106445,-0.0419921875,-0.0266017913818359,-0.0262889862060547,-0.0371484756469727,-0.0522270202636719,-0.0556640625,-0.0358982086181641,-0.0752735137939453,-0.0702733993530273,-0.0575389862060547,-0.0324611663818359,-0.0680084228515625,-0.104413986206055,-0.0903520584106445
6145,-0.0483207702636719,,,-0.0286331176757812,-0.0296487808227539,-0.0941019058227539,-0.0317583084106445,-0.0419921875,-0.0266017913818359,-0.0262889862060547,-0.0371484756469727,-0.0522270202636719,-0.0556640625,-0.0358982086181641,-0.0752735137939453,-0.0702733993530273,-0.0575389862060547,-0.0324611663818359,-0.0680084228515625,-0.104413986206055,-0.0903520584106445
6150,-0.0483207702636719,,,-0.0286331176757812,-0.0296487808227539,-0.0941019058227539,-0.0317583084106445,-0.0419921875,-0.0266017913818359,-0.0262889862060547,-0.0371484756469727,-0.0522270202636719,-0.0556640625,-0.0358982086181641,-0.0752735137939453,-0.0702733993530273,-0.0575389862060547,-0.0324611663818359,-0.0680084228515625,-0.104413986206055,-0.0903520584106445
6155,-0.0483207702636719,,,-0.0286331176757812,-0.0296487808227539,-0.0941019058227539,-0.0317583084106445,-0.0419921875,-0.0266017913818359,-0.0262107849121094,-0.0371484756469727,-0.0522270202636719,-0.0556640625,-0.0358982086181641,-0.0752735137939453,-0.0702733993530273,-0.0575389862060547,-0.0324611663818359,-0.0680084228515625,-0.104413986206055,-0.0903520584106445
6160,-0.0483207702636719,,,-0.0286331176757812,-0.0296487808227539,-0.0941019058227539,-0.0317583084106445,-0.0419921875,-0.0266017913818359,-0.0262107849121094,-0.0371484756469727,-0.0522270202636719,-0.0556640625,-0.0358200073242188,-0.0752735137939453,-0.0702733993530273,-0.0575389862060547,-0.0324611663818359,-0.0680084228515625,-0.104413986206055,-0.0903520584106445
6165,-0.0483207702636719,,,-0.0286331176757812,-0.0296487808227539,-0.0941019058227539,-0.0317583084106445,-0.0419921875,-0.0266017913818359,-0.0262107849121094,-0.0371484756469727,-0.0522270202636719,-0.0556640625,-0.0358200073242188,-0.0752735137939453,-0.0702733993530273,-0.0575389862060547,-0.0324611663818359,-0.0680084228515625,-0.104413986206055,-0.0903520584106445
6170,-0.0483207702636719,,,-0.0286331176757812,-0.0296487808227539,-0.0941019058227539,-0.0317583084106445,-0.0419921875,-0.0266017913818359,-0.0261325836181641,-0.0371484756469727,-0.0522270202636719,-0.0556640625,-0.0358200073242188,-0.0752735137939453,-0.0702733993530273,-0.0575389862060547,-0.0324611663818359,-0.0680866241455078,-0.104413986206055,-0.0903520584106445
6175,-0.0483207702636719,,,-0.0286331176757812,-0.0296487808227539,-0.0941019058227539,-0.0316801071166992,-0.0419921875,-0.0266017913818359,-0.0261325836181641,-0.0371484756469727,-0.0522270202636719,-0.0556640625,-0.0358200073242188,-0.0752735137939453,-0.0702733993530273,-0.0575389862060547,-0.0324611663818359,-0.0680866241455078,-0.104413986206055,-0.0903520584106445
6180,-0.0483207702636719,,,-0.0286331176757812,-0.0296487808227539,-0.0941019058227539,-0.0316801071166992,-0.0419921875,-0.0266017913818359,-0.0261325836181641,-0.0371484756469727,-0.0522270202636719,-0.0556640625,-0.0357427597045898,-0.0752735137939453,-0.0702733993530273,-0.0575389862060547,-0.0324611663818359,-0.0680866241455078,-0.104413986206055,-0.0903520584106445
6185,-0.0483207702636719,,,-0.0286331176757812,-0.0296487808227539,-0.0940237045288086,-0.0316801071166992,-0.0419921875,-0.0266017913818359,-0.0261325836181641,-0.0371484756469727,-0.0522270202636719,-0.0556640625,-0.0357427597045898,-0.0752735137939453,-0.0702733993530273,-0.0575389862060547,-0.0324611663818359,-0.0680866241455078,-0.104413986206055,-0.0903520584106445
6190,-0.0483207702636719,,,-0.0286331176757812,-0.0296487808227539,-0.0940237045288086,-0.0316801071166992,-0.0419921875,-0.0266017913818359,-0.0260543823242188,-0.0371484756469727,-0.0522270202636719,-0.0556640625,-0.0357427597045898,-0.0751953125,-0.0702733993530273,-0.0575389862060547,-0.0324611663818359,-0.0680866241455078,-0.104413986206055,-0.0902738571166992
6195,-0.0482425689697266,,,-0.0286331176757812,-0.0296487808227539,-0.0940237045288086,-0.0316801071166992,-0.0419921875,-0.0266017913818359,-0.0260543823242188,-0.0371484756469727,-0.0522270202636719,-0.0556640625,-0.0357427597045898,-0.0752735137939453,-0.0702733993530273,-0.0575389862060547,-0.0324611663818359,-0.0680866241455078,-0.104413986206055,-0.0902738571166992
6200,-0.0483207702636719,,,-0.0286331176757812,-0.0296487808227539,-0.0940237045288086,-0.0316801071166992,-0.0419921875,-0.0266017913818359,-0.0260543823242188,-0.0371484756469727,-0.0522270202636719,-0.0556640625,-0.0357427597045898,-0.0751953125,-0.0702733993530273,-0.0575389862060547,-0.0324611663818359,-0.0680866241455078,-0.104413986206055,-0.0902738571166992
6205,-0.0482425689697266,,,-0.0286331176757812,-0.0296487808227539,-0.0940237045288086,-0.0316801071166992,-0.0419921875,-0.0266017913818359,-0.0259761810302734,-0.0372266769409179,-0.0522270202636719,-0.0556640625,-0.0357427597045898,-0.0751953125,-0.0702733993530273,-0.0575389862060547,-0.0325393676757812,-0.0680866241455078,-0.104413986206055,-0.0902738571166992
6210,-0.0482425689697266,,,-0.0286331176757812,-0.0296487808227539,-0.0940237045288086,-0.0316801071166992,-0.0419921875,-0.0266017913818359,-0.0259761810302734,-0.0372266769409179,-0.0522270202636719,-0.0556640625,-0.0356645584106445,-0.0751953125,-0.0702733993530273,-0.0575389862060547,-0.0325393676757812,-0.0680866241455078,-0.104413986206055,-0.0902738571166992
6215,-0.0482425689697266,,,-0.0286331176757812,-0.0296487808227539,-0.0940237045288086,-0.0316801071166992,-0.0419921875,-0.0266017913818359,-0.0259761810302734,-0.0372266769409179,-0.0522270202636719,-0.0556640625,-0.0356645584106445,-0.0751953125,-0.0702733993530273,-0.0575389862060547,-0.0325393676757812,-0.0680866241455078,-0.104413986206055,-0.0902738571166992
6220,-0.0482425689697266,,,-0.0286331176757812,-0.0296487808227539,-0.0940237045288086,-0.0316801071166992,-0.0419921875,-0.0266017913818359,-0.0259761810302734,-0.0372266769409179,-0.0521488189697266,-0.0556640625,-0.0356645584106445,-0.0751953125,-0.0702733993530273,-0.0575389862060547,-0.0325393676757812,-0.0681638717651367,-0.104413986206055,-0.0902738571166992
6225,-0.0482425689697266,,,-0.0286331176757812,-0.0296487808227539,-0.0940237045288086,-0.0316801071166992,-0.0419921875,-0.0266017913818359,-0.0258989334106445,-0.0372266769409179,-0.0521488189697266,-0.0556640625,-0.0356645584106445,-0.0751953125,-0.0702733993530273,-0.0575389862060547,-0.0325393676757812,-0.0681638717651367,-0.104413986206055,-0.0902738571166992
6230,-0.0482425689697266,,,-0.0286331176757812,-0.0296487808227539,-0.0940237045288086,-0.0316801071166992,-0.0419921875,-0.0266017913818359,-0.0258989334106445,-0.0372266769409179,-0.0521488189697266,-0.0556640625,-0.0356645584106445,-0.0751953125,-0.0702733993530273,-0.0575389862060547,-0.0325393676757812,-0.0681638717651367,-0.104413986206055,-0.0902738571166992
6235,-0.0482425689697266,,,-0.0286331176757812,-0.0296487808227539,-0.0939455032348633,-0.0316801071166992,-0.0419921875,-0.0266017913818359,-0.0258989334106445,-0.0372266769409179,-0.0521488189697266,-0.0556640625,-0.0355863571166992,-0.0751953125,-0.0702733993530273,-0.0575389862060547,-0.0325393676757812,-0.0681638717651367,-0.1043367385864259,-0.0902738571166992
6240,-0.0482425689697266,,,-0.0286331176757812,-0.0296487808227539,-0.0939455032348633,-0.0316801071166992,-0.0419921875,-0.0266017913818359,-0.0258207321166992,-0.0372266769409179,-0.0521488189697266,-0.0556640625,-0.0355863571166992,-0.0751953125,-0.0702733993530273,-0.0575389862060547,-0.0325393676757812,-0.0681638717651367,-0.1043367385864259,-0.0901956558227539
6245,-0.0482425689697266,,,-0.0286331176757812,-0.0296487808227539,-0.0939455032348633,-0.0316801071166992,-0.0419921875,-0.0266017913818359,-0.0258207321166992,-0.0372266769409179,-0.0521488189697266,-0.0556640625,-0.0355863571166992,-0.0751953125,-0.0702733993530273,-0.0575389862060547,-0.0325393676757812,-0.0681638717651367,-0.1043367385864259,-0.0901956558227539
6250,-0.0482425689697266,,,-0.0286331176757812,-0.0296487808227539,-0.0939455032348633,-0.0316801071166992,-0.0419921875,-0.0266017913818359,-0.0258207321166992,-0.0372266769409179,-0.0521488189697266,-0.0556640625,-0.0355863571166992,-0.0751953125,-0.0702733993530273,-0.0575389862060547,-0.0325393676757812,-0.0681638717651367,-0.1043367385864259,-0.0901956558227539
6255,-0.0482425689697266,,,-0.0286331176757812,-0.0296487808227539,-0.0939455032348633,-0.0316801071166992,-0.0419921875,-0.0266017913818359,-0.0257425308227539,-0.0372266769409179,-0.0521488189697266,-0.0556640625,-0.0355863571166992,-0.0751953125,-0.0702733993530273,-0.0575389862060547,-0.0325393676757812,-0.0681638717651367,-0.1043367385864259,-0.0901956558227539
6260,-0.0482425689697266,,,-0.0286331176757812,-0.0296487808227539,-0.0939455032348633,-0.0316801071166992,-0.0419921875,-0.0265235900878906,-0.0257425308227539,-0.0372266769409179,-0.0521488189697266,-0.0556640625,-0.0355081558227539,-0.0751953125,-0.0702733993530273,-0.0575389862060547,-0.0325393676757812,-0.0681638717651367,-0.1043367385864259,-0.0901956558227539
6265,-0.0482425689697266,,,-0.0286331176757812,-0.0296487808227539,-0.0939455032348633,-0.0316801071166992,-0.0419921875,-0.0265235900878906,-0.0257425308227539,-0.0372266769409179,-0.0521488189697266,-0.0556640625,-0.0355081558227539,-0.0751953125,-0.0702733993530273,-0.0575389862060547,-0.0325393676757812,-0.0681638717651367,-0.1043367385864259,-0.0901956558227539
6270,-0.0482425689697266,,,-0.0286331176757812,-0.0296487808227539,-0.0939455032348633,-0.0316801071166992,-0.0419921875,-0.0265235900878906,-0.0257425308227539,-0.0372266769409179,-0.0521488189697266,-0.0556640625,-0.0355081558227539,-0.0751953125,-0.0702733993530273,-0.0575389862060547,-0.0325393676757812,-0.0681638717651367,-0.1043367385864259,-0.0901956558227539
6275,-0.0482425689697266,,,-0.0286331176757812,-0.0296487808227539,-0.093867301940918,-0.0316801071166992,-0.0419921875,-0.0265235900878906,-0.0256643295288086,-0.0372266769409179,-0.0521488189697266,-0.0556640625,-0.0355081558227539,-0.0751171112060547,-0.0702733993530273,-0.0575389862060547,-0.0325393676757812,-0.068242073059082,-0.1043367385864259,-0.0901956558227539
6280,-0.0481643676757812,,,-0.0286331176757812,-0.0296487808227539,-0.093867301940918,-0.0316801071166992,-0.0419921875,-0.0265235900878906,-0.0256643295288086,-0.0372266769409179,-0.0521488189697266,-0.0556640625,-0.0355081558227539,-0.0751171112060547,-0.0702733993530273,-0.0575389862060547,-0.0325393676757812,-0.068242073059082,-0.1043367385864259,-0.0901956558227539
6285,-0.0481643676757812,,,-0.0286331176757812,-0.0297269821166992,-0.093867301940918,-0.0316801071166992,-0.0419139862060547,-0.0265235900878906,-0.0256643295288086,-0.0372266769409179,-0.0521488189697266,-0.0556640625,-0.0354299545288086,-0.0751171112060547,-0.0702733993530273,-0.0575389862060547,-0.0325393676757812,-0.068242073059082,-0.1043367385864259,-0.0901956558227539
6290,-0.0481643676757812,,,-0.0286331176757812,-0.0297269821166992,-0.093867301940918,-0.0316801071166992,-0.0419139862060547,-0.0265235900878906,-0.0255861282348633,-0.0372266769409179,-0.0521488189697266,-0.0556640625,-0.0354299545288086,-0.0751171112060547,-0.0702733993530273,-0.0575389862060547,-0.0325393676757812,-0.068242073059082,-0.1043367385864259,-0.0901956558227539
6295,-0.0481643676757812,,,-0.0286331176757812,-0.0297269821166992,-0.093867301940918,-0.0316801071166992,-0.0419139862060547,-0.0265235900878906,-0.0255861282348633,-0.0372266769409179,-0.0521488189697266,-0.0556640625,-0.0354299545288086,-0.0751171112060547,-0.0702733993530273,-0.0575389862060547,-0.0325393676757812,-0.068242073059082,-0.1043367385864259,-0.0901174545288086
6300,-0.0481643676757812,,,-0.0286331176757812,-0.0297269821166992,-0.093867301940918,-0.0316801071166992,-0.0419139862060547,-0.0265235900878906,-0.0255861282348633,-0.0372266769409179,-0.0521488189697266,-0.0556640625,-0.0354299545288086,-0.0751171112060547,-0.0702733993530273,-0.0575389862060547,-0.0325393676757812,-0.068242073059082,-0.1043367385864259,-0.0901174545288086
6305,-0.0481643676757812,,,-0.0286331176757812,-0.0297269821166992,-0.093867301940918,-0.0316801071166992,-0.0419139862060547,-0.0265235900878906,-0.025507926940918,-0.0372266769409179,-0.0521488189697266,-0.0556640625,-0.0354299545288086,-0.0751171112060547,-0.0702733993530273,-0.0575389862060547,-0.0325393676757812,-0.068242073059082,-0.1043367385864259,-0.0901174545288086
6310,-0.0481643676757812,,,-0.0286331176757812,-0.0297269821166992,-0.093867301940918,-0.0316801071166992,-0.0419139862060547,-0.0265235900878906,-0.025507926940918,-0.0372266769409179,-0.0520706176757812,-0.0556640625,-0.0354299545288086,-0.0751171112060547,-0.0702733993530273,-0.0575389862060547,-0.0325393676757812,-0.068242073059082,-0.1043367385864259,-0.0901174545288086
6315,-0.0481643676757812,,,-0.0286331176757812,-0.0297269821166992,-0.093867301940918,-0.0316801071166992,-0.0419139862060547,-0.0265235900878906,-0.025507926940918,-0.0372266769409179,-0.0520706176757812,-0.0556640625,-0.0353517532348633,-0.0751171112060547,-0.0702733993530273,-0.0575389862060547,-0.0325393676757812,-0.068242073059082,-0.1043367385864259,-0.0901174545288086
6320,-0.0481643676757812,,,-0.0286331176757812,-0.0297269821166992,-0.0937891006469727,-0.0316801071166992,-0.0419139862060547,-0.0265235900878906,-0.025507926940918,-0.0372266769409179,-0.0520706176757812,-0.0556640625,-0.0353517532348633,-0.0751171112060547,-0.0702733993530273,-0.0575389862060547,-0.0326175689697266,-0.068242073059082,-0.1043367385864259,-0.0901174545288086
6325,-0.0481643676757812,,,-0.0286331176757812,-0.0297269821166992,-0.0937891006469727,-0.0316801071166992,-0.0419139862060547,-0.0265235900878906,-0.0254297256469726,-0.0372266769409179,-0.0520706176757812,-0.0556640625,-0.0353517532348633,-0.0751171112060547,-0.0702733993530273,-0.0575389862060547,-0.0326175689697266,-0.068242073059082,-0.1043367385864259,-0.0901174545288086
6330,-0.0481643676757812,,,-0.0286331176757812,-0.0297269821166992,-0.0937891006469727,-0.0316801071166992,-0.0419139862060547,-0.0265235900878906,-0.0254297256469726,-0.0372266769409179,-0.0520706176757812,-0.0556640625,-0.0353517532348633,-0.0751171112060547,-0.0702733993530273,-0.0575389862060547,-0.0326175689697266,-0.0683202743530273,-0.1043367385864259,-0.0901174545288086
6335,-0.0481643676757812,,,-0.0286331176757812,-0.0297269821166992,-0.0937891006469727,-0.0316801071166992,-0.0419139862060547,-0.0265235900878906,-0.0254297256469726,-0.0372266769409179,-0.0520706176757812,-0.0556640625,-0.0353517532348633,-0.0751171112060547,-0.0702733993530273,-0.0575389862060547,-0.0326175689697266,-0.0683202743530273,-0.1043367385864259,-0.0901174545288086
6340,-0.0481643676757812,,,-0.0286331176757812,-0.0297269821166992,-0.0937891006469727,-0.0316801071166992,-0.0419139862060547,-0.0265235900878906,-0.0254297256469726,-0.0372266769409179,-0.0520706176757812,-0.0556640625,-0.0352735519409179,-0.0751171112060547,-0.0702733993530273,-0.0575389862060547,-0.0326175689697266,-0.0683202743530273,-0.1043367385864259,-0.0901174545288086
6345,-0.0480861663818359,,,-0.0286331176757812,-0.0297269821166992,-0.0937891006469727,-0.0316019058227539,-0.0419139862060547,-0.0265235900878906,-0.0253515243530273,-0.0372266769409179,-0.0520706176757812,-0.0556640625,-0.0352735519409179,-0.0751171112060547,-0.0702733993530273,-0.0575389862060547,-0.0326175689697266,-0.0683202743530273,-0.1043367385864259,-0.0901174545288086
6350,-0.0480861663818359,,,-0.0286331176757812,-0.0297269821166992,-0.0937891006469727,-0.0316019058227539,-0.0419139862060547,-0.0265235900878906,-0.0253515243530273,-0.0372266769409179,-0.0520706176757812,-0.0556640625,-0.0352735519409179,-0.0751171112060547,-0.0702733993530273,-0.0575389862060547,-0.0326175689697266,-0.0683202743530273,-0.1043367385864259,-0.0901174545288086
6355,-0.0480861663818359,,,-0.0286331176757812,-0.0297269821166992,-0.0937891006469727,-0.0316019058227539,-0.0419139862060547,-0.0265235900878906,-0.0253515243530273,-0.0372266769409179,-0.0520706176757812,-0.0556640625,-0.0352735519409179,-0.0751171112060547,-0.0702733993530273,-0.0575389862060547,-0.0326175689697266,-0.0683202743530273,-0.10425853729248,-0.0900392532348633
6360,-0.0480861663818359,,,-0.0286331176757812,-0.0297269821166992,-0.0937108993530273,-0.0316019058227539,-0.0419139862060547,-0.0265235900878906,-0.025273323059082,-0.0372266769409179,-0.0520706176757812,-0.0556640625,-0.0352735519409179,-0.0751171112060547,-0.0702733993530273,-0.0575389862060547,-0.0326175689697266,-0.0683202743530273,-0.10425853729248,-0.0900392532348633
6365,-0.0480861663818359,,,-0.0286331176757812,-0.0297269821166992,-0.0937108993530273,-0.0316019058227539,-0.0419139862060547,-0.0265235900878906,-0.025273323059082,-0.0372266769409179,-0.0520706176757812,-0.0556640625,-0.0351953506469727,-0.0750389099121094,-0.0702733993530273,-0.0575389862060547,-0.0326175689697266,-0.0683202743530273,-0.10425853729248,-0.0900392532348633
6370,-0.0480861663818359,,,-0.0286331176757812,-0.0297269821166992,-0.0937108993530273,-0.0316019058227539,-0.0419139862060547,-0.0264453887939453,-0.025273323059082,-0.0372266769409179,-0.0520706176757812,-0.0555076599121094,-0.0351953506469727,-0.0750389099121094,-0.0702733993530273,-0.0575389862060547,-0.0326175689697266,-0.0683202743530273,-0.10425853729248,-0.0900392532348633
6375,-0.0480861663818359,,,-0.0286331176757812,-0.0297269821166992,-0.0937108993530273,-0.0316019058227539,-0.0419139862060547,-0.0264453887939453,-0.0251951217651367,-0.0372266769409179,-0.0520706176757812,-0.0555076599121094,-0.0351953506469727,-0.0750389099121094,-0.0702733993530273,-0.0575389862060547,-0.0326175689697266,-0.0683202743530273,-0.10425853729248,-0.0900392532348633
6380,-0.0480861663818359,,,-0.0286331176757812,-0.0297269821166992,-0.0937108993530273,-0.0316019058227539,-0.0419139862060547,-0.0264453887939453,-0.0251951217651367,-0.0372266769409179,-0.0519924163818359,-0.0556640625,-0.0351953506469727,-0.0750389099121094,-0.0702733993530273,-0.0575389862060547,-0.0326175689697266,-0.0683202743530273,-0.10425853729248,-0.0900392532348633
6385,-0.0480861663818359,,,-0.0286331176757812,-0.0297269821166992,-0.0937108993530273,-0.0316019058227539,-0.0419139862060547,-0.0264453887939453,-0.0251951217651367,-0.0372266769409179,-0.0519924163818359,-0.0555076599121094,-0.0351953506469727,-0.0750389099121094,-0.0702733993530273,-0.0575389862060547,-0.0326175689697266,-0.0683202743530273,-0.10425853729248,-0.0900392532348633
6390,-0.0480861663818359,,,-0.0286331176757812,-0.0297269821166992,-0.0937108993530273,-0.0316019058227539,-0.0419139862060547,-0.0264453887939453,-0.0251951217651367,-0.0372266769409179,-0.0519924163818359,-0.0555076599121094,-0.0351953506469727,-0.0750389099121094,-0.0702733993530273,-0.0575389862060547,-0.0326175689697266,-0.0683202743530273,-0.10425853729248,-0.0900392532348633
6395,-0.0480079650878906,,,-0.0286331176757812,-0.0297269821166992,-0.093632698059082,-0.0316019058227539,-0.0419139862060547,-0.0264453887939453,-0.0251169204711914,-0.0372266769409179,-0.0519924163818359,-0.0555076599121094,-0.0351171493530273,-0.0750389099121094,-0.0702733993530273,-0.0575389862060547,-0.0326175689697266,-0.0683202743530273,-0.10425853729248,-0.0900392532348633
6400,-0.0480079650878906,,,-0.0286331176757812,-0.0297269821166992,-0.093632698059082,-0.0316019058227539,-0.0419139862060547,-0.0264453887939453,-0.0251169204711914,-0.0372266769409179,-0.0519924163818359,-0.0555076599121094,-0.0351171493530273,-0.0750389099121094,-0.0702733993530273,-0.0575389862060547,-0.0326175689697266,-0.0683984756469727,-0.10425853729248,-0.089961051940918
6405,-0.0480079650878906,,,-0.0286331176757812,-0.0297269821166992,-0.093632698059082,-0.0316019058227539,-0.0419139862060547,-0.0264453887939453,-0.0251169204711914,-0.0372266769409179,-0.0519924163818359,-0.0555076599121094,-0.0351171493530273,-0.0750389099121094,-0.0702733993530273,-0.0575389862060547,-0.0326175689697266,-0.0683984756469727,-0.10425853729248,-0.089961051940918
6410,-0.0480079650878906,,,-0.0286331176757812,-0.0297269821166992,-0.093632698059082,-0.0316019058227539,-0.0419139862060547,-0.0264453887939453,-0.0250387191772461,-0.0373048782348633,-0.0519924163818359,-0.0555076599121094,-0.0351171493530273,-0.0750389099121094,-0.0702733993530273,-0.0575389862060547,-0.0326175689697266,-0.0683984756469727,-0.10425853729248,-0.089961051940918
6415,-0.0480079650878906,,,-0.0286331176757812,-0.0297269821166992,-0.093632698059082,-0.0316019058227539,-0.0419139862060547,-0.0264453887939453,-0.0250387191772461,-0.0373048782348633,-0.0519924163818359,-0.0555076599121094,-0.0351171493530273,-0.0750389099121094,-0.0702733993530273,-0.0575389862060547,-0.0326175689697266,-0.0683984756469727,-0.10425853729248,-0.089961051940918
6420,-0.0480079650878906,,,-0.0286331176757812,-0.0297269821166992,-0.093632698059082,-0.0316019058227539,-0.0419139862060547,-0.0264453887939453,-0.0250387191772461,-0.0373048782348633,-0.0519924163818359,-0.0555076599121094,-0.035038948059082,-0.0750389099121094,-0.0702733993530273,-0.0575389862060547,-0.0326175689697266,-0.0683984756469727,-0.10425853729248,-0.089961051940918
6425,-0.0480079650878906,,,-0.0286331176757812,-0.0297269821166992,-0.093632698059082,-0.0316019058227539,-0.0419139862060547,-0.0264453887939453,-0.0249605178833008,-0.0373048782348633,-0.0519924163818359,-0.0555076599121094,-0.035038948059082,-0.0750389099121094,-0.0702733993530273,-0.0575389862060547,-0.0326175689697266,-0.0683984756469727,-0.10425853729248,-0.089961051940918
6430,-0.0480079650878906,,,-0.0286331176757812,-0.0297269821166992,-0.093632698059082,-0.0316019058227539,-0.0419139862060547,-0.0264453887939453,-0.0249605178833008,-0.0373048782348633,-0.0519924163818359,-0.0555076599121094,-0.035038948059082,-0.0749607086181641,-0.0702733993530273,-0.0575389862060547,-0.0326175689697266,-0.0683984756469727,-0.10425853729248,-0.089961051940918
6435,-0.0480079650878906,,,-0.0286331176757812,-0.0297269821166992,-0.0935554504394531,-0.0316019058227539,-0.0419139862060547,-0.0264453887939453,-0.0249605178833008,-0.0373048782348633,-0.0519924163818359,-0.0555076599121094,-0.035038948059082,-0.0749607086181641,-0.0702733993530273,-0.0575389862060547,-0.0326175689697266,-0.0683984756469727,-0.10425853729248,-0.089961051940918
6440,-0.0480079650878906,,,-0.0286331176757812,-0.0297269821166992,-0.0935554504394531,-0.0316019058227539,-0.0419139862060547,-0.0264453887939453,-0.0249605178833008,-0.0373048782348633,-0.0519924163818359,-0.0555076599121094,-0.035038948059082,-0.0749607086181641,-0.0702733993530273,-0.0575389862060547,-0.0326175689697266,-0.0683984756469727,-0.10425853729248,-0.089961051940918
6445,-0.0479297637939453,,,-0.0285549163818359,-0.0297269821166992,-0.0935554504394531,-0.0316019058227539,-0.0419139862060547,-0.0264453887939453,-0.0248832702636719,-0.0373048782348633,-0.0519924163818359,-0.0555076599121094,-0.035038948059082,-0.0749607086181641,-0.0702733993530273,-0.0575389862060547,-0.0326175689697266,-0.0683984756469727,-0.10425853729248,-0.089961051940918
6450,-0.0479297637939453,,,-0.0286331176757812,-0.0297269821166992,-0.0935554504394531,-0.0316019058227539,-0.0419139862060547,-0.0264453887939453,-0.0248832702636719,-0.0373048782348633,-0.0519924163818359,-0.0555076599121094,-0.0349607467651367,-0.0749607086181641,-0.0702733993530273,-0.0575389862060547,-0.0326175689697266,-0.0683984756469727,-0.10425853729248,-0.089961051940918
6455,-0.0479297637939453,,,-0.0286331176757812,-0.0297269821166992,-0.0935554504394531,-0.0316019058227539,-0.0419139862060547,-0.0264453887939453,-0.0248832702636719,-0.0373048782348633,-0.0519924163818359,-0.0555076599121094,-0.0349607467651367,-0.0749607086181641,-0.0702733993530273,-0.0575389862060547,-0.0326175689697266,-0.0683984756469727,-0.10425853729248,-0.0898828506469727
6460,-0.0479297637939453,,,-0.0286331176757812,-0.0297269821166992,-0.0935554504394531,-0.0316019058227539,-0.0418357849121094,-0.0264453887939453,-0.0248832702636719,-0.0373048782348633,-0.0519924163818359,-0.0555076599121094,-0.0349607467651367,-0.0749607086181641,-0.0702733993530273,-0.0575389862060547,-0.0326175689697266,-0.068476676940918,-0.10425853729248,-0.089961051940918
6465,-0.0479297637939453,,,-0.0286331176757812,-0.0297269821166992,-0.0935554504394531,-0.0316019058227539,-0.0419139862060547,-0.0264453887939453,-0.0248050689697266,-0.0373048782348633,-0.0519142150878906,-0.0555076599121094,-0.0349607467651367,-0.0749607086181641,-0.0702733993530273,-0.0575389862060547,-0.0326175689697266,-0.068476676940918,-0.104180335998535,-0.0898828506469727
6470,-0.0479297637939453,,,-0.0286331176757812,-0.0297269821166992,-0.0935554504394531,-0.0316019058227539,-0.0419139862060547,-0.0264453887939453,-0.0248050689697266,-0.0373048782348633,-0.0519142150878906,-0.0555076599121094,-0.0349607467651367,-0.0749607086181641,-0.0702733993530273,-0.0575389862060547,-0.0326957702636719,-0.068476676940918,-0.10425853729248,-0.0898828506469727
6475,-0.0479297637939453,,,-0.0286331176757812,-0.0297269821166992,-0.0934772491455078,-0.0316019058227539,-0.0419139862060547,-0.0264453887939453,-0.0248050689697266,-0.0373048782348633,-0.0519142150878906,-0.0555076599121094,-0.0349607467651367,-0.0749607086181641,-0.0702733993530273,-0.0575389862060547,-0.0326957702636719,-0.068476676940918,-0.104180335998535,-0.0898828506469727
6480,-0.0479297637939453,,,-0.0286331176757812,-0.0297269821166992,-0.0934772491455078,-0.0315237045288086,-0.0419139862060547,-0.0264453887939453,-0.0248050689697266,-0.0373048782348633,-0.0519142150878906,-0.0555076599121094,-0.0348825454711914,-0.0749607086181641,-0.0702733993530273,-0.0575389862060547,-0.0326175689697266,-0.068476676940918,-0.104180335998535,-0.0898828506469727
6485,-0.0478515625,,,-0.0286331176757812,-0.0297269821166992,-0.0934772491455078,-0.0315237045288086,-0.0419139862060547,-0.0264453887939453,-0.0247268676757812,-0.0373048782348633,-0.0519142150878906,-0.0555076599121094,-0.0348825454711914,-0.0749607086181641,-0.0702733993530273,-0.0575389862060547,-0.0326957702636719,-0.068476676940918,-0.104180335998535,-0.0898828506469727
6490,-0.0478515625,,,-0.0286331176757812,-0.0297269821166992,-0.0934772491455078,-0.0315237045288086,-0.0419139862060547,-0.0263671875,-0.0247268676757812,-0.0373048782348633,-0.0519142150878906,-0.0555076599121094,-0.0348825454711914,-0.0749607086181641,-0.0702733993530273,-0.0575389862060547,-0.0326957702636719,-0.068476676940918,-0.104180335998535,-0.0898828506469727
6495,-0.0478515625,,,-0.0286331176757812,-0.0298051834106445,-0.0934772491455078,-0.0315237045288086,-0.0419139862060547,-0.0263671875,-0.0247268676757812,-0.0373048782348633,-0.0519142150878906,-0.0555076599121094,-0.0348825454711914,-0.0749607086181641,-0.0702733993530273,-0.0575389862060547,-0.0326957702636719,-0.068476676940918,-0.104180335998535,-0.0898828506469727
6500,-0.0478515625,,,-0.0286331176757812,-0.0298051834106445,-0.0934772491455078,-0.0315237045288086,-0.0419139862060547,-0.0263671875,-0.0246486663818359,-0.0373048782348633,-0.0519142150878906,-0.0555076599121094,-0.0348825454711914,-0.0749607086181641,-0.0702733993530273,-0.0575389862060547,-0.0326957702636719,-0.068476676940918,-0.104180335998535,-0.0898828506469727
6505,-0.0478515625,,,-0.0285549163818359,-0.0297269821166992,-0.0934772491455078,-0.0315237045288086,-0.0419139862060547,-0.0263671875,-0.0246486663818359,-0.0373048782348633,-0.0519142150878906,-0.0555076599121094,-0.0348825454711914,-0.0749607086181641,-0.0702733993530273,-0.0575389862060547,-0.0326957702636719,-0.068476676940918,-0.104180335998535,-0.0898828506469727
6510,-0.0478515625,,,-0.0286331176757812,-0.0298051834106445,-0.0933990478515625,-0.0315237045288086,-0.0419139862060547,-0.0263671875,-0.0246486663818359,-0.0373048782348633,-0.0519142150878906,-0.0555076599121094,-0.0348043441772461,-0.0748834609985352,-0.0702733993530273,-0.0575389862060547,-0.0326957702636719,-0.068476676940918,-0.104180335998535,-0.0898828506469727
6515,-0.0478515625,,,-0.0286331176757812,-0.0298051834106445,-0.0933990478515625,-0.0315237045288086,-0.0419139862060547,-0.0263671875,-0.0246486663818359,-0.0373048782348633,-0.0519142150878906,-0.0555076599121094,-0.0348043441772461,-0.0748834609985352,-0.0702733993530273,-0.0575389862060547,-0.0326957702636719,-0.068476676940918,-0.104180335998535,-0.0898046493530273
6520,-0.0478515625,,,-0.0286331176757812,-0.0298051834106445,-0.0933990478515625,-0.0315237045288086,-0.0419139862060547,-0.0263671875,-0.0245704650878906,-0.0373048782348633,-0.0519142150878906,-0.0554294586181641,-0.0348043441772461,-0.0748834609985352,-0.0702733993530273,-0.0575389862060547,-0.0326957702636719,-0.068476676940918,-0.104180335998535,-0.0898046493530273
6525,-0.0478515625,,,-0.0285549163818359,-0.0298051834106445,-0.0933990478515625,-0.0315237045288086,-0.0419139862060547,-0.0263671875,-0.0245704650878906,-0.0373830795288086,-0.0519142150878906,-0.0555076599121094,-0.0348043441772461,-0.0748834609985352,-0.0702733993530273,-0.0575389862060547,-0.0326957702636719,-0.0685548782348633,-0.104180335998535,-0.0898046493530273
6530,-0.0477733612060547,,,-0.0285549163818359,-0.0298051834106445,-0.0933990478515625,-0.0315237045288086,-0.0419139862060547,-0.0263671875,-0.0245704650878906,-0.0373830795288086,-0.0519142150878906,-0.0555076599121094,-0.0348043441772461,-0.0748834609985352,-0.0702733993530273,-0.0575389862060547,-0.0326957702636719,-0.0685548782348633,-0.104180335998535,-0.0898046493530273
6535,-0.0477733612060547,,,-0.0285549163818359,-0.0298051834106445,-0.0933990478515625,-0.0315237045288086,-0.0419139862060547,-0.0263671875,-0.0245704650878906,-0.0373830795288086,-0.0519142150878906,-0.0554294586181641,-0.0348043441772461,-0.0748834609985352,-0.0702733993530273,-0.0575389862060547,-0.0326957702636719,-0.0685548782348633,-0.104180335998535,-0.0898046493530273
6540,-0.0477733612060547,,,-0.0285549163818359,-0.0298051834106445,-0.0933208465576172,-0.0315237045288086,-0.0419139862060547,-0.0263671875,-0.0244922637939453,-0.0373830795288086,-0.0518360137939453,-0.0554294586181641,-0.0348043441772461,-0.0748834609985352,-0.0702733993530273,-0.0575389862060547,-0.0326957702636719,-0.0685548782348633,-0.104180335998535,-0.0898046493530273
6545,-0.0477733612060547,,,-0.0285549163818359,-0.0298051834106445,-0.0933208465576172,-0.0315237045288086,-0.0419139862060547,-0.0263671875,-0.0244922637939453,-0.0373830795288086,-0.0518360137939453,-0.0554294586181641,-0.0347270965576172,-0.0748834609985352,-0.0702733993530273,-0.0575389862060547,-0.0326957702636719,-0.0685548782348633,-0.104180335998535,-0.0898046493530273
6550,-0.0477733612060547,,,-0.0285549163818359,-0.0298051834106445,-0.0933208465576172,-0.0315237045288086,-0.0419139862060547,-0.0263671875,-0.0244922637939453,-0.0373830795288086,-0.0518360137939453,-0.0554294586181641,-0.0347270965576172,-0.0748834609985352,-0.0702733993530273,-0.0575389862060547,-0.0326957702636719,-0.0685548782348633,-0.104180335998535,-0.0898046493530273
6555,-0.0477733612060547,,,-0.0285549163818359,-0.0298051834106445,-0.0933208465576172,-0.0315237045288086,-0.0419139862060547,-0.0263671875,-0.0244922637939453,-0.0373830795288086,-0.0518360137939453,-0.0554294586181641,-0.0347270965576172,-0.0748834609985352,-0.070195198059082,-0.0575389862060547,-0.0326957702636719,-0.0685548782348633,-0.104180335998535,-0.0898046493530273
6560,-0.0477733612060547,,,-0.0286331176757812,-0.0298051834106445,-0.0933208465576172,-0.0315237045288086,-0.0419921875,-0.0263671875,-0.0244140625,-0.0373830795288086,-0.0518360137939453,-0.0554294586181641,-0.0347270965576172,-0.0748834609985352,-0.0702733993530273,-0.0575389862060547,-0.0326957702636719,-0.0685548782348633,-0.104180335998535,-0.0898046493530273
6565,-0.0477733612060547,,,-0.0285549163818359,-0.0298051834106445,-0.0933208465576172,-0.0315237045288086,-0.0419921875,-0.0263671875,-0.0244140625,-0.0373830795288086,-0.0518360137939453,-0.0554294586181641,-0.0347270965576172,-0.0748834609985352,-0.0702733993530273,-0.0575389862060547,-0.0326957702636719,-0.0685548782348633,-0.104180335998535,-0.0898046493530273
6570,-0.0476951599121094,,,-0.0285549163818359,-0.0298051834106445,-0.0933208465576172,-0.0315237045288086,-0.0419921875,-0.0263671875,-0.0244140625,-0.0373830795288086,-0.0518360137939453,-0.0554294586181641,-0.0346488952636719,-0.0748834609985352,-0.0702733993530273,-0.0575389862060547,-0.0326957702636719,-0.0685548782348633,-0.104180335998535,-0.089726448059082
6575,-0.0476951599121094,,,-0.0285549163818359,-0.0298051834106445,-0.0932426452636719,-0.0315237045288086,-0.0419921875,-0.0263671875,-0.0243358612060547,-0.0373830795288086,-0.0518360137939453,-0.0554294586181641,-0.0346488952636719,-0.0748834609985352,-0.0702733993530273,-0.0575389862060547,-0.0326957702636719,-0.0685548782348633,-0.104180335998535,-0.089726448059082
6580,-0.0476951599121094,,,-0.0285549163818359,-0.0298051834106445,-0.0932426452636719,-0.0315237045288086,-0.0419921875,-0.0263671875,-0.0243358612060547,-0.0373830795288086,-0.0518360137939453,-0.0554294586181641,-0.0346488952636719,-0.0748834609985352,-0.070195198059082,-0.0575389862060547,-0.0326957702636719,-0.0685548782348633,-0.104180335998535,-0.089726448059082
6585,-0.0476951599121094,,,-0.0286331176757812,-0.0298051834106445,-0.0932426452636719,-0.0315237045288086,-0.0419921875,-0.0263671875,-0.0243358612060547,-0.0373830795288086,-0.0518360137939453,-0.0554294586181641,-0.0346488952636719,-0.0748834609985352,-0.070195198059082,-0.0575389862060547,-0.0326957702636719,-0.0685548782348633,-0.104180335998535,-0.089726448059082
6590,-0.0476951599121094,,,-0.0285549163818359,-0.0298051834106445,-0.0932426452636719,-0.0315237045288086,-0.0419921875,-0.0263671875,-0.0243358612060547,-0.0373830795288086,-0.0518360137939453,-0.0554294586181641,-0.0346488952636719,-0.0748834609985352,-0.0702733993530273,-0.0575389862060547,-0.0326957702636719,-0.0685548782348633,-0.104180335998535,-0.089726448059082
6595,-0.0476951599121094,,,-0.0286331176757812,-0.0298051834106445,-0.0932426452636719,-0.0315237045288086,-0.0419921875,-0.0263671875,-0.0242576599121094,-0.0373830795288086,-0.0518360137939453,-0.0554294586181641,-0.0346488952636719,-0.0748834609985352,-0.0702733993530273,-0.0575389862060547,-0.0326957702636719,-0.0686330795288086,-0.104180335998535,-0.089726448059082
6600,-0.0476951599121094,,,-0.0285549163818359,-0.0298051834106445,-0.0932426452636719,-0.0315237045288086,-0.0419921875,-0.0263671875,-0.0242576599121094,-0.0373830795288086,-0.0518360137939453,-0.0554294586181641,-0.0346488952636719,-0.0748834609985352,-0.0702733993530273,-0.0575389862060547,-0.0326957702636719,-0.0686330795288086,-0.104180335998535,-0.089726448059082
6605,-0.0476951599121094,,,-0.0285549163818359,-0.0298051834106445,-0.0932426452636719,-0.0315237045288086,-0.0420703887939453,-0.0263671875,-0.0242576599121094,-0.0373830795288086,-0.0518360137939453,-0.0554294586181641,-0.0345706939697266,-0.0748834609985352,-0.0702733993530273,-0.0575389862060547,-0.0326957702636719,-0.0686330795288086,-0.104180335998535,-0.089726448059082
6610,-0.0476169586181641,,,-0.0286331176757812,-0.0298051834106445,-0.0931644439697266,-0.0315237045288086,-0.0420703887939453,-0.0263671875,-0.0242576599121094,-0.0373830795288086,-0.0518360137939453,-0.0554294586181641,-0.0345706939697266,-0.0748052597045898,-0.070195198059082,-0.0575389862060547,-0.0326957702636719,-0.0686330795288086,-0.104180335998535,-0.089726448059082
6615,-0.0476169586181641,,,-0.0285549163818359,-0.0298051834106445,-0.0931644439697266,-0.0315237045288086,-0.0420703887939453,-0.0263671875,-0.0241794586181641,-0.0373830795288086,-0.0518360137939453,-0.0554294586181641,-0.0345706939697266,-0.0748052597045898,-0.070195198059082,-0.0575389862060547,-0.0326957702636719,-0.0686330795288086,-0.104180335998535,-0.089726448059082
6620,-0.0476169586181641,,,-0.0285549163818359,-0.0298051834106445,-0.0931644439697266,-0.0314455032348633,-0.0420703887939453,-0.0262889862060547,-0.0241794586181641,-0.0373830795288086,-0.0518360137939453,-0.0554294586181641,-0.0345706939697266,-0.0748052597045898,-0.070195198059082,-0.0575389862060547,-0.0326957702636719,-0.0686330795288086,-0.104180335998535,-0.089726448059082
6625,-0.0476169586181641,,,-0.0285549163818359,-0.0298051834106445,-0.0931644439697266,-0.0314455032348633,-0.0420703887939453,-0.0262889862060547,-0.0241794586181641,-0.0373830795288086,-0.0518360137939453,-0.0554294586181641,-0.0345706939697266,-0.0748052597045898,-0.070195198059082,-0.0575389862060547,-0.0326957702636719,-0.0686330795288086,-0.104180335998535,-0.089726448059082
6630,-0.0476169586181641,,,-0.0285549163818359,-0.0298051834106445,-0.0931644439697266,-0.0314455032348633,-0.0420703887939453,-0.0262889862060547,-0.0241012573242188,-0.0373830795288086,-0.0518360137939453,-0.0554294586181641,-0.0345706939697266,-0.0748052597045898,-0.0702733993530273,-0.0575389862060547,-0.0326957702636719,-0.0686330795288086,-0.104180335998535,-0.0896492004394531
6635,-0.0475387573242188,,,-0.0285549163818359,-0.0298051834106445,-0.0931644439697266,-0.0314455032348633,-0.0420703887939453,-0.0262889862060547,-0.0241012573242188,-0.0374612808227539,-0.0518360137939453,-0.0554294586181641,-0.0345706939697266,-0.0748052597045898,-0.0702733993530273,-0.0575389862060547,-0.0326957702636719,-0.0686330795288086,-0.104180335998535,-0.0896492004394531
6640,-0.0476169586181641,,,-0.0285549163818359,-0.0298051834106445,-0.0930862426757812,-0.0314455032348633,-0.0420703887939453,-0.0262889862060547,-0.0241012573242188,-0.0374612808227539,-0.0518360137939453,-0.0554294586181641,-0.0344924926757812,-0.0748052597045898,-0.070195198059082,-0.0575389862060547,-0.0326957702636719,-0.0686330795288086,-0.104180335998535,-0.0896492004394531
6645,-0.0475387573242188,,,-0.0285549163818359,-0.0298051834106445,-0.0930862426757812,-0.0314455032348633,-0.0420703887939453,-0.0262889862060547,-0.0241012573242188,-0.0374612808227539,-0.0518360137939453,-0.0554294586181641,-0.0344924926757812,-0.0748052597045898,-0.070195198059082,-0.0575389862060547,-0.0326957702636719,-0.0686330795288086,-0.104180335998535,-0.0896492004394531
6650,-0.0475387573242188,,,-0.0285549163818359,-0.0298051834106445,-0.0930862426757812,-0.0314455032348633,-0.0420703887939453,-0.0262889862060547,-0.0240230560302734,-0.0374612808227539,-0.0518360137939453,-0.0553522109985352,-0.0344924926757812,-0.0748052597045898,-0.070195198059082,-0.0575389862060547,-0.0327739715576172,-0.0686330795288086,-0.104180335998535,-0.0896492004394531
6655,-0.0475387573242188,,,-0.0285549163818359,-0.0298051834106445,-0.0930862426757812,-0.0314455032348633,-0.0420703887939453,-0.0262889862060547,-0.0240230560302734,-0.0374612808227539,-0.0518360137939453,-0.0554294586181641,-0.0344924926757812,-0.0748052597045898,-0.070195198059082,-0.0575389862060547,-0.0327739715576172,-0.0686330795288086,-0.104180335998535,-0.0896492004394531
6660,-0.0475387573242188,,,-0.0285549163818359,-0.0298051834106445,-0.0930862426757812,-0.0314455032348633,-0.0420703887939453,-0.0262889862060547,-0.0240230560302734,-0.0374612808227539,-0.0517578125,-0.0553522109985352,-0.0344924926757812,-0.0748052597045898,-0.070195198059082,-0.0575389862060547,-0.0327739715576172,-0.0686330795288086,-0.104180335998535,-0.0896492004394531
6665,-0.0475387573242188,,,-0.0285549163818359,-0.0298051834106445,-0.0930862426757812,-0.0314455032348633,-0.0420703887939453,-0.0262889862060547,-0.0240230560302734,-0.0374612808227539,-0.0517578125,-0.0553522109985352,-0.0344924926757812,-0.0748052597045898,-0.070195198059082,-0.0575389862060547,-0.0327739715576172,-0.0686330795288086,-0.104180335998535,-0.0896492004394531
6670,-0.0475387573242188,,,-0.0285549163818359,-0.0298051834106445,-0.0930080413818359,-0.0314455032348633,-0.0420703887939453,-0.0262889862060547,-0.0239458084106445,-0.0374612808227539,-0.0517578125,-0.0553522109985352,-0.0344142913818359,-0.0748052597045898,-0.070195198059082,-0.0575389862060547,-0.0327739715576172,-0.0686330795288086,-0.104180335998535,-0.0896492004394531
6675,-0.0474615097045898,,,-0.0285549163818359,-0.0298051834106445,-0.0930080413818359,-0.0314455032348633,-0.0420703887939453,-0.0262889862060547,-0.0239458084106445,-0.0374612808227539,-0.0517578125,-0.0553522109985352,-0.0344142913818359,-0.0748052597045898,-0.070195198059082,-0.0575389862060547,-0.0327739715576172,-0.0687112808227539,-0.10410213470459,-0.0896492004394531
6680,-0.0474615097045898,,,-0.0285549163818359,-0.0298051834106445,-0.0930080413818359,-0.0314455032348633,-0.0420703887939453,-0.0262889862060547,-0.0239458084106445,-0.0374612808227539,-0.0517578125,-0.0553522109985352,-0.0344142913818359,-0.0748052597045898,-0.070195198059082,-0.0575389862060547,-0.0327739715576172,-0.0687112808227539,-0.104180335998535,-0.0896492004394531
6685,-0.0474615097045898,,,-0.0285549163818359,-0.0298051834106445,-0.0930080413818359,-0.0314455032348633,-0.0420703887939453,-0.0262889862060547,-0.0239458084106445,-0.0374612808227539,-0.0517578125,-0.0553522109985352,-0.0344142913818359,-0.0748052597045898,-0.070195198059082,-0.0575389862060547,-0.0327739715576172,-0.0687112808227539,-0.104180335998535,-0.0896492004394531
6690,-0.0474615097045898,,,-0.0285549163818359,-0.0298051834106445,-0.0930080413818359,-0.0314455032348633,-0.0421485900878906,-0.0262889862060547,-0.0238676071166992,-0.0374612808227539,-0.0517578125,-0.0553522109985352,-0.0344142913818359,-0.0748052597045898,-0.070195198059082,-0.0575389862060547,-0.0327739715576172,-0.0687112808227539,-0.104180335998535,-0.0896492004394531
6695,-0.0474615097045898,,,-0.0285549163818359,-0.0298051834106445,-0.0930080413818359,-0.0314455032348633,-0.0421485900878906,-0.0262889862060547,-0.0238676071166992,-0.0374612808227539,-0.0517578125,-0.0553522109985352,-0.0344142913818359,-0.0748052597045898,-0.070195198059082,-0.0575389862060547,-0.0327739715576172,-0.0687112808227539,-0.104180335998535,-0.0895709991455078
6700,-0.0474615097045898,,,-0.0285549163818359,-0.0298051834106445,-0.0929298400878906,-0.0314455032348633,-0.0421485900878906,-0.0262889862060547,-0.0238676071166992,-0.0374612808227539,-0.0517578125,-0.0553522109985352,-0.0344142913818359,-0.0748052597045898,-0.070195198059082,-0.0575389862060547,-0.0327739715576172,-0.0687112808227539,-0.104180335998535,-0.0895709991455078
6705,-0.0474615097045898,,,-0.0285549163818359,-0.0298051834106445,-0.0929298400878906,-0.0314455032348633,-0.0421485900878906,-0.0262889862060547,-0.0238676071166992,-0.0375394821166992,-0.0517578125,-0.0553522109985352,-0.0344142913818359,-0.0748052597045898,-0.070195198059082,-0.0575389862060547,-0.0327739715576172,-0.0687112808227539,-0.104180335998535,-0.0895709991455078
6710,-0.0473833084106445,,,-0.0285549163818359,-0.0298051834106445,-0.0929298400878906,-0.0314455032348633,-0.0421485900878906,-0.0262889862060547,-0.0237894058227539,-0.0375394821166992,-0.0517578125,-0.0553522109985352,-0.0343360900878906,-0.0748052597045898,-0.070195198059082,-0.0575389862060547,-0.0327739715576172,-0.0687112808227539,-0.10410213470459,-0.0895709991455078
6715,-0.0473833084106445,,,-0.0285549163818359,-0.0298051834106445,-0.0929298400878906,-0.0314455032348633,-0.0421485900878906,-0.0262889862060547,-0.0237894058227539,-0.0375394821166992,-0.0517578125,-0.0553522109985352,-0.0343360900878906,-0.0748052597045898,-0.070195198059082,-0.0575389862060547,-0.0327739715576172,-0.0687112808227539,-0.10410213470459,-0.0895709991455078
6720,-0.0473833084106445,,,-0.0285549163818359,-0.0298051834106445,-0.0929298400878906,-0.0314455032348633,-0.0421485900878906,-0.0262889862060547,-0.0237894058227539,-0.0375394821166992,-0.0517578125,-0.0553522109985352,-0.0343360900878906,-0.0748052597045898,-0.070195198059082,-0.0575389862060547,-0.0327739715576172,-0.0687112808227539,-0.104180335998535,-0.0895709991455078
6725,-0.0473833084106445,,,-0.0285549163818359,-0.0298051834106445,-0.0929298400878906,-0.0314455032348633,-0.0421485900878906,-0.0262889862060547,-0.0237894058227539,-0.0375394821166992,-0.0517578125,-0.0553522109985352,-0.0343360900878906,-0.0748052597045898,-0.0702733993530273,-0.0576171875,-0.0327739715576172,-0.0687112808227539,-0.104180335998535,-0.0895709991455078
6730,-0.0473833084106445,,,-0.0285549163818359,-0.0298824310302734,-0.0929298400878906,-0.0314455032348633,-0.0421485900878906,-0.0262889862060547,-0.0237112045288086,-0.0375394821166992,-0.0517578125,-0.0553522109985352,-0.0343360900878906,-0.0748052597045898,-0.070195198059082,-0.0575389862060547,-0.0327739715576172,-0.0687112808227539,-0.10410213470459,-0.0895709991455078
6735,-0.0473833084106445,,,-0.0285549163818359,-0.0298824310302734,-0.0928516387939453,-0.0314455032348633,-0.0421485900878906,-0.0262889862060547,-0.0237112045288086,-0.0375394821166992,-0.0517578125,-0.0553522109985352,-0.0343360900878906,-0.0748052597045898,-0.070195198059082,-0.0575389862060547,-0.0327739715576172,-0.0687894821166992,-0.104180335998535,-0.0895709991455078
6740,-0.0473833084106445,,,-0.0285549163818359,-0.0298051834106445,-0.0928516387939453,-0.0314455032348633,-0.0421485900878906,-0.0262889862060547,-0.0237112045288086,-0.0375394821166992,-0.0517578125,-0.0553522109985352,-0.0343360900878906,-0.0748052597045898,-0.070195198059082,-0.0576171875,-0.0327739715576172,-0.0687894821166992,-0.104180335998535,-0.0895709991455078
6745,-0.0473833084106445,,,-0.0285549163818359,-0.0298824310302734,-0.0928516387939453,-0.0314455032348633,-0.0422267913818359,-0.0262889862060547,-0.0237112045288086,-0.0375394821166992,-0.0517578125,-0.0553522109985352,-0.0343360900878906,-0.0747270584106445,-0.070195198059082,-0.0575389862060547,-0.0327739715576172,-0.0687894821166992,-0.10410213470459,-0.0895709991455078
6750,-0.0473051071166992,,,-0.0285549163818359,-0.0298051834106445,-0.0928516387939453,-0.0314455032348633,-0.0421485900878906,-0.0262889862060547,-0.0236330032348633,-0.0375394821166992,-0.0517578125,-0.0553522109985352,-0.0342578887939453,-0.0747270584106445,-0.070195198059082,-0.0575389862060547,-0.0327739715576172,-0.0687894821166992,-0.10410213470459,-0.0895709991455078
6755,-0.0473051071166992,,,-0.0285549163818359,-0.0298051834106445,-0.0928516387939453,-0.0314455032348633,-0.0422267913818359,-0.0262889862060547,-0.0236330032348633,-0.0375394821166992,-0.0517578125,-0.0553522109985352,-0.0342578887939453,-0.0747270584106445,-0.070195198059082,-0.0575389862060547,-0.0327739715576172,-0.0687894821166992,-0.10410213470459,-0.0894927978515625
6760,-0.0473051071166992,,,-0.0285549163818359,-0.0298824310302734,-0.0927734375,-0.0314455032348633,-0.0422267913818359,-0.0262889862060547,-0.0236330032348633,-0.0375394821166992,-0.0517578125,-0.0553522109985352,-0.0342578887939453,-0.0747270584106445,-0.070195198059082,-0.0575389862060547,-0.0327739715576172,-0.0687894821166992,-0.10410213470459,-0.0894927978515625
6765,-0.0473051071166992,,,-0.0285549163818359,-0.0298824310302734,-0.0927734375,-0.0314455032348633,-0.0422267913818359,-0.0262889862060547,-0.0236330032348633,-0.0375394821166992,-0.0517578125,-0.0553522109985352,-0.0342578887939453,-0.0747270584106445,-0.070195198059082,-0.0576171875,-0.0327739715576172,-0.0687894821166992,-0.10410213470459,-0.0894927978515625
6770,-0.0473051071166992,,,-0.0285549163818359,-0.0298824310302734,-0.0927734375,-0.0314455032348633,-0.0422267913818359,-0.0262889862060547,-0.023554801940918,-0.0375394821166992,-0.0517578125,-0.0553522109985352,-0.0342578887939453,-0.0747270584106445,-0.070195198059082,-0.0576171875,-0.0327739715576172,-0.0687894821166992,-0.10410213470459,-0.0894927978515625
6775,-0.0473051071166992,,,-0.0285549163818359,-0.0298824310302734,-0.0927734375,-0.0314455032348633,-0.0422267913818359,-0.0262889862060547,-0.023554801940918,-0.0376176834106445,-0.0517578125,-0.0553522109985352,-0.0342578887939453,-0.0747270584106445,-0.070195198059082,-0.0576171875,-0.0327739715576172,-0.0687894821166992,-0.10410213470459,-0.0894927978515625
6780,-0.0472269058227539,,,-0.0285549163818359,-0.0298824310302734,-0.0927734375,-0.031367301940918,-0.0422267913818359,-0.0262107849121094,-0.023554801940918,-0.0376176834106445,-0.0517578125,-0.0552740097045898,-0.0341796875,-0.0747270584106445,-0.070195198059082,-0.0576171875,-0.0327739715576172,-0.0687894821166992,-0.104180335998535,-0.0894927978515625
6785,-0.0472269058227539,,,-0.0285549163818359,-0.0298824310302734,-0.0927734375,-0.031367301940918,-0.0422267913818359,-0.0262107849121094,-0.023554801940918,-0.0376176834106445,-0.0517578125,-0.0553522109985352,-0.0341796875,-0.0747270584106445,-0.070195198059082,-0.0576171875,-0.0327739715576172,-0.0687894821166992,-0.10410213470459,-0.0894927978515625
6790,-0.0472269058227539,,,-0.0285549163818359,-0.0298824310302734,-0.0926952362060547,-0.031367301940918,-0.0422267913818359,-0.0262107849121094,-0.0234766006469726,-0.0376176834106445,-0.0517578125,-0.0553522109985352,-0.0341796875,-0.0747270584106445,-0.070195198059082,-0.0576171875,-0.0327739715576172,-0.0687894821166992,-0.104180335998535,-0.0894927978515625
6795,-0.0472269058227539,,,-0.0285549163818359,-0.0298824310302734,-0.0926952362060547,-0.031367301940918,-0.0422267913818359,-0.0262107849121094,-0.0234766006469726,-0.0376176834106445,-0.0517578125,-0.0552740097045898,-0.0341796875,-0.0747270584106445,-0.070195198059082,-0.0576171875,-0.0327739715576172,-0.0688676834106445,-0.104180335998535,-0.0894927978515625
6800,-0.0472269058227539,,,-0.0285549163818359,-0.0298824310302734,-0.0926952362060547,-0.031367301940918,-0.0422267913818359,-0.0262107849121094,-0.0234766006469726,-0.0376176834106445,-0.0517578125,-0.0552740097045898,-0.0341796875,-0.0747270584106445,-0.070195198059082,-0.0576171875,-0.0327739715576172,-0.0688676834106445,-0.104180335998535,-0.0894927978515625
6805,-0.0472269058227539,,,-0.0285549163818359,-0.0298824310302734,-0.0926952362060547,-0.031367301940918,-0.0423049926757812,-0.0262107849121094,-0.0234766006469726,-0.0376176834106445,-0.0517578125,-0.0552740097045898,-0.0341796875,-0.0747270584106445,-0.070195198059082,-0.0576171875,-0.0327739715576172,-0.0688676834106445,-0.104180335998535,-0.0894927978515625
6810,-0.0471487045288086,,,-0.0285549163818359,-0.0298824310302734,-0.0926952362060547,-0.031367301940918,-0.0423049926757812,-0.0262107849121094,-0.0233983993530273,-0.0376176834106445,-0.0517578125,-0.0552740097045898,-0.0341796875,-0.0747270584106445,-0.070195198059082,-0.0576171875,-0.0327739715576172,-0.0688676834106445,-0.104180335998535,-0.0894927978515625
6815,-0.0471487045288086,,,-0.0285549163818359,-0.0298824310302734,-0.0926952362060547,-0.031367301940918,-0.0423049926757812,-0.0262107849121094,-0.0233983993530273,-0.0376176834106445,-0.0517578125,-0.0552740097045898,-0.0341796875,-0.0747270584106445,-0.070195198059082,-0.0576171875,-0.0328512191772461,-0.0688676834106445,-0.104180335998535,-0.0894927978515625
6820,-0.0471487045288086,,,-0.0285549163818359,-0.0298824310302734,-0.0926170349121094,-0.031367301940918,-0.0423049926757812,-0.0262107849121094,-0.0233983993530273,-0.0376176834106445,-0.0517578125,-0.0552740097045898,-0.0341796875,-0.0747270584106445,-0.070195198059082,-0.0576171875,-0.0328512191772461,-0.0688676834106445,-0.104180335998535,-0.0894927978515625
6825,-0.0471487045288086,,,-0.0285549163818359,-0.0298824310302734,-0.0926170349121094,-0.031367301940918,-0.0423049926757812,-0.0262107849121094,-0.0233983993530273,-0.0376176834106445,-0.0517578125,-0.0552740097045898,-0.0341014862060547,-0.0747270584106445,-0.070195198059082,-0.0576171875,-0.0327739715576172,-0.0688676834106445,-0.104180335998535,-0.0894927978515625
6830,-0.0471487045288086,,,-0.0285549163818359,-0.0298824310302734,-0.0926170349121094,-0.031367301940918,-0.0423049926757812,-0.0262107849121094,-0.023320198059082,-0.0376176834106445,-0.0517578125,-0.0552740097045898,-0.0341014862060547,-0.0747270584106445,-0.070195198059082,-0.0576171875,-0.0328512191772461,-0.0688676834106445,-0.104180335998535,-0.0894927978515625
6835,-0.0471487045288086,,,-0.0285549163818359,-0.0298824310302734,-0.0926170349121094,-0.031367301940918,-0.0423049926757812,-0.0262107849121094,-0.023320198059082,-0.0376176834106445,-0.0517578125,-0.0552740097045898,-0.0341014862060547,-0.0747270584106445,-0.070195198059082,-0.0576171875,-0.0328512191772461,-0.0688676834106445,-0.104180335998535,-0.0894145965576172
6840,-0.0471487045288086,,,-0.0285549163818359,-0.0298824310302734,-0.0926170349121094,-0.031367301940918,-0.0423049926757812,-0.0262107849121094,-0.023320198059082,-0.0376958847045898,-0.0517578125,-0.0552740097045898,-0.0341014862060547,-0.0747270584106445,-0.070195198059082,-0.0576171875,-0.0328512191772461,-0.0688676834106445,-0.104180335998535,-0.0894145965576172
6845,-0.0471487045288086,,,-0.0285549163818359,-0.0298824310302734,-0.0925397872924805,-0.031367301940918,-0.0423049926757812,-0.0262107849121094,-0.023320198059082,-0.0376958847045898,-0.0517578125,-0.0552740097045898,-0.0341014862060547,-0.0747270584106445,-0.070195198059082,-0.0576171875,-0.0328512191772461,-0.0688676834106445,-0.104180335998535,-0.0894145965576172
6850,-0.0470705032348633,,,-0.0285549163818359,-0.0298824310302734,-0.0925397872924805,-0.031367301940918,-0.0423049926757812,-0.0262107849121094,-0.023320198059082,-0.0376958847045898,-0.0516796112060547,-0.0552740097045898,-0.0341014862060547,-0.0747270584106445,-0.070195198059082,-0.0576171875,-0.0328512191772461,-0.0688676834106445,-0.104180335998535,-0.0894145965576172
6855,-0.0470705032348633,,,-0.0285549163818359,-0.0298824310302734,-0.0925397872924805,-0.031367301940918,-0.0423049926757812,-0.0262107849121094,-0.0232419967651367,-0.0376958847045898,-0.0516796112060547,-0.0552740097045898,-0.0341014862060547,-0.0747270584106445,-0.070195198059082,-0.0576171875,-0.0328512191772461,-0.0688676834106445,-0.104180335998535,-0.0894145965576172
6860,-0.0470705032348633,,,-0.0285549163818359,-0.0298824310302734,-0.0925397872924805,-0.031367301940918,-0.0423049926757812,-0.0262107849121094,-0.0232419967651367,-0.0376958847045898,-0.0516796112060547,-0.0552740097045898,-0.0340232849121094,-0.0747270584106445,-0.070195198059082,-0.0576171875,-0.0328512191772461,-0.0688676834106445,-0.104180335998535,-0.0894145965576172
6865,-0.0470705032348633,,,-0.0285549163818359,-0.0298824310302734,-0.0925397872924805,-0.031367301940918,-0.0423049926757812,-0.0262107849121094,-0.0232419967651367,-0.0376958847045898,-0.0517578125,-0.0552740097045898,-0.0340232849121094,-0.0747270584106445,-0.070195198059082,-0.0576171875,-0.0328512191772461,-0.0689458847045898,-0.104180335998535,-0.0894145965576172
6870,-0.0470705032348633,,,-0.0285549163818359,-0.0298824310302734,-0.0925397872924805,-0.031367301940918,-0.0423049926757812,-0.0262107849121094,-0.0231637954711914,-0.0376958847045898,-0.0516796112060547,-0.0552740097045898,-0.0340232849121094,-0.0747270584106445,-0.070195198059082,-0.0576171875,-0.0328512191772461,-0.0689458847045898,-0.104180335998535,-0.0894145965576172
6875,-0.0470705032348633,,,-0.0285549163818359,-0.0298824310302734,-0.0924615859985352,-0.031367301940918,-0.0423831939697266,-0.0262107849121094,-0.0231637954711914,-0.0376958847045898,-0.0516796112060547,-0.0552740097045898,-0.0340232849121094,-0.0747270584106445,-0.070195198059082,-0.0576171875,-0.0328512191772461,-0.0689458847045898,-0.104180335998535,-0.0894145965576172
6880,-0.0470705032348633,,,-0.0285549163818359,-0.0298824310302734,-0.0924615859985352,-0.031367301940918,-0.0423831939697266,-0.0262107849121094,-0.0231637954711914,-0.0376958847045898,-0.0516796112060547,-0.0552740097045898,-0.0340232849121094,-0.0747270584106445,-0.070195198059082,-0.0576171875,-0.0328512191772461,-0.0689458847045898,-0.104180335998535,-0.0894145965576172
6885,-0.0469923019409179,,,-0.0285549163818359,-0.0298824310302734,-0.0924615859985352,-0.031367301940918,-0.0423831939697266,-0.0262107849121094,-0.0231637954711914,-0.0376958847045898,-0.0516796112060547,-0.0552740097045898,-0.0340232849121094,-0.0747270584106445,-0.070195198059082,-0.0576171875,-0.0328512191772461,-0.0689458847045898,-0.104180335998535,-0.0894145965576172
6890,-0.0469923019409179,,,-0.0285549163818359,-0.0298824310302734,-0.0924615859985352,-0.031367301940918,-0.0423831939697266,-0.0262107849121094,-0.0231637954711914,-0.0376958847045898,-0.0516796112060547,-0.0552740097045898,-0.0340232849121094,-0.0747270584106445,-0.070195198059082,-0.0576171875,-0.0328512191772461,-0.0689458847045898,-0.104180335998535,-0.0894145965576172
6895,-0.0469923019409179,,,-0.0285549163818359,-0.0298824310302734,-0.0924615859985352,-0.031367301940918,-0.0423831939697266,-0.0262107849121094,-0.0230855941772461,-0.0376958847045898,-0.0516796112060547,-0.0552740097045898,-0.0340232849121094,-0.0747270584106445,-0.070195198059082,-0.0576171875,-0.0328512191772461,-0.0689458847045898,-0.104180335998535,-0.0894145965576172
6900,-0.0469923019409179,,,-0.0285549163818359,-0.0298824310302734,-0.0923833847045898,-0.031367301940918,-0.0423831939697266,-0.0262107849121094,-0.0230855941772461,-0.0377731323242188,-0.0516796112060547,-0.0552740097045898,-0.0339450836181641,-0.0747270584106445,-0.070195198059082,-0.0576171875,-0.0328512191772461,-0.0689458847045898,-0.104180335998535,-0.0894145965576172
6905,-0.0469923019409179,,,-0.0285549163818359,-0.0298824310302734,-0.0923833847045898,-0.031367301940918,-0.0423831939697266,-0.0262107849121094,-0.0230855941772461,-0.0377731323242188,-0.0516796112060547,-0.0552740097045898,-0.0339450836181641,-0.0747270584106445,-0.070195198059082,-0.0576171875,-0.0328512191772461,-0.0689458847045898,-0.104180335998535,-0.0893363952636719
6910,-0.0469923019409179,,,-0.0285549163818359,-0.0298824310302734,-0.0923833847045898,-0.031367301940918,-0.0423831939697266,-0.0262107849121094,-0.0230855941772461,-0.0377731323242188,-0.0516796112060547,-0.0552740097045898,-0.0339450836181641,-0.0747270584106445,-0.070195198059082,-0.0576171875,-0.0328512191772461,-0.0689458847045898,-0.104180335998535,-0.0893363952636719
6915,-0.0469923019409179,,,-0.0285549163818359,-0.0298824310302734,-0.0923833847045898,-0.031367301940918,-0.0423831939697266,-0.0262107849121094,-0.0230073928833008,-0.0377731323242188,-0.0516796112060547,-0.0552740097045898,-0.0339450836181641,-0.0747270584106445,-0.070195198059082,-0.0576171875,-0.0328512191772461,-0.0689458847045898,-0.104180335998535,-0.0893363952636719
6920,-0.0469141006469727,,,-0.0285549163818359,-0.0298824310302734,-0.0923833847045898,-0.031367301940918,-0.0423831939697266,-0.0262107849121094,-0.0230073928833008,-0.0377731323242188,-0.0516796112060547,-0.0552740097045898,-0.0339450836181641,-0.0747270584106445,-0.070195198059082,-0.0576171875,-0.0328512191772461,-0.0689458847045898,-0.104180335998535,-0.0893363952636719
6925,-0.0469141006469727,,,-0.0285549163818359,-0.0298824310302734,-0.0923051834106445,-0.0312891006469727,-0.0423831939697266,-0.0262107849121094,-0.0230073928833008,-0.0377731323242188,-0.0516796112060547,-0.0552740097045898,-0.0339450836181641,-0.0747270584106445,-0.070195198059082,-0.0576171875,-0.0328512191772461,-0.0689458847045898,-0.10410213470459,-0.0893363952636719
6930,-0.0469141006469727,,,-0.0285549163818359,-0.0298824310302734,-0.0923051834106445,-0.0312891006469727,-0.0423831939697266,-0.0262107849121094,-0.0230073928833008,-0.0377731323242188,-0.0516796112060547,-0.0552740097045898,-0.0339450836181641,-0.0747270584106445,-0.070195198059082,-0.0576171875,-0.0328512191772461,-0.0689458847045898,-0.10410213470459,-0.0893363952636719
6935,-0.0469141006469727,,,-0.0285549163818359,-0.0298824310302734,-0.0923051834106445,-0.0312891006469727,-0.0423831939697266,-0.0262107849121094,-0.0229301452636719,-0.0377731323242188,-0.0516796112060547,-0.0552740097045898,-0.0339450836181641,-0.0746488571166992,-0.070195198059082,-0.0576171875,-0.0328512191772461,-0.0689458847045898,-0.10410213470459,-0.0893363952636719
6940,-0.0469141006469727,,,-0.0285549163818359,-0.0298824310302734,-0.0923051834106445,-0.0312891006469727,-0.0423831939697266,-0.0261325836181641,-0.0229301452636719,-0.0377731323242188,-0.0516796112060547,-0.0551958084106445,-0.0338668823242188,-0.0746488571166992,-0.070195198059082,-0.0576171875,-0.0328512191772461,-0.0689458847045898,-0.10410213470459,-0.0893363952636719
6945,-0.0469141006469727,,,-0.0285549163818359,-0.0298824310302734,-0.0923051834106445,-0.0312891006469727,-0.0423831939697266,-0.0261325836181641,-0.0229301452636719,-0.0377731323242188,-0.0516796112060547,-0.0551958084106445,-0.0338668823242188,-0.0747270584106445,-0.070195198059082,-0.0576171875,-0.0328512191772461,-0.0689458847045898,-0.10410213470459,-0.0893363952636719
6950,-0.0468358993530273,,,-0.0285549163818359,-0.0298824310302734,-0.0922269821166992,-0.0312891006469727,-0.0423831939697266,-0.0261325836181641,-0.0229301452636719,-0.0377731323242188,-0.0516796112060547,-0.0551958084106445,-0.0338668823242188,-0.0746488571166992,-0.070195198059082,-0.0576171875,-0.0328512191772461,-0.0689458847045898,-0.10410213470459,-0.0893363952636719
6955,-0.0468358993530273,,,-0.0285549163818359,-0.0298824310302734,-0.0922269821166992,-0.0312891006469727,-0.0424613952636719,-0.0261325836181641,-0.0228519439697266,-0.0377731323242188,-0.0516796112060547,-0.0551958084106445,-0.0338668823242188,-0.0747270584106445,-0.070195198059082,-0.0576171875,-0.0328512191772461,-0.0690240859985352,-0.10410213470459,-0.0893363952636719
6960,-0.0468358993530273,,,-0.0285549163818359,-0.0298824310302734,-0.0922269821166992,-0.0312891006469727,-0.0424613952636719,-0.0261325836181641,-0.0228519439697266,-0.0377731323242188,-0.0516796112060547,-0.0552740097045898,-0.0338668823242188,-0.0746488571166992,-0.070195198059082,-0.0576171875,-0.0328512191772461,-0.0690240859985352,-0.10410213470459,-0.0893363952636719
6965,-0.0468358993530273,,,-0.0284767150878906,-0.0298824310302734,-0.0922269821166992,-0.0312891006469727,-0.0424613952636719,-0.0261325836181641,-0.0228519439697266,-0.0377731323242188,-0.0516796112060547,-0.0551958084106445,-0.0338668823242188,-0.0746488571166992,-0.070195198059082,-0.0576171875,-0.0328512191772461,-0.0690240859985352,-0.10410213470459,-0.0893363952636719
6970,-0.0468358993530273,,,-0.0284767150878906,-0.0298824310302734,-0.0921487808227539,-0.0312891006469727,-0.0424613952636719,-0.0261325836181641,-0.0228519439697266,-0.0378513336181641,-0.0516796112060547,-0.0551958084106445,-0.0338668823242188,-0.0746488571166992,-0.070195198059082,-0.0576171875,-0.0328512191772461,-0.0690240859985352,-0.10410213470459,-0.0893363952636719
6975,-0.0468358993530273,,,-0.0284767150878906,-0.0298824310302734,-0.0921487808227539,-0.0312891006469727,-0.0424613952636719,-0.0261325836181641,-0.0228519439697266,-0.0378513336181641,-0.0516796112060547,-0.0551958084106445,-0.0338668823242188,-0.0746488571166992,-0.070195198059082,-0.0576171875,-0.0328512191772461,-0.0690240859985352,-0.10410213470459,-0.0893363952636719
6980,-0.0468358993530273,,,-0.0284767150878906,-0.0298824310302734,-0.0921487808227539,-0.0312891006469727,-0.0424613952636719,-0.0261325836181641,-0.0227737426757812,-0.0378513336181641,-0.0516796112060547,-0.0551958084106445,-0.0337886810302734,-0.0746488571166992,-0.070195198059082,-0.0576171875,-0.0328512191772461,-0.0690240859985352,-0.10410213470459,-0.0892581939697266
6985,-0.046757698059082,,,-0.0284767150878906,-0.0298824310302734,-0.0921487808227539,-0.0312891006469727,-0.0424613952636719,-0.0261325836181641,-0.0227737426757812,-0.0378513336181641,-0.0516796112060547,-0.0551958084106445,-0.0337886810302734,-0.0746488571166992,-0.070195198059082,-0.0576171875,-0.0328512191772461,-0.0690240859985352,-0.10410213470459,-0.0892581939697266
6990,-0.046757698059082,,,-0.0284767150878906,-0.0298824310302734,-0.0921487808227539,-0.0312891006469727,-0.0424613952636719,-0.0261325836181641,-0.0227737426757812,-0.0378513336181641,-0.0516796112060547,-0.0551958084106445,-0.0337886810302734,-0.0746488571166992,-0.070195198059082,-0.0576171875,-0.0328512191772461,-0.0690240859985352,-0.10410213470459,-0.0892581939697266
6995,-0.046757698059082,,,-0.0284767150878906,-0.0299606323242188,-0.0921487808227539,-0.0312891006469727,-0.0424613952636719,-0.0261325836181641,-0.0227737426757812,-0.0378513336181641,-0.0516796112060547,-0.0551958084106445,-0.0337886810302734,-0.0746488571166992,-0.070195198059082,-0.0576171875,-0.0328512191772461,-0.0690240859985352,-0.10410213470459,-0.0892581939697266
7000,-0.046757698059082,,,-0.0284767150878906,-0.0299606323242188,-0.0920705795288086,-0.0312891006469727,-0.0424613952636719,-0.0261325836181641,-0.0226955413818359,-0.0378513336181641,-0.0516796112060547,-0.0551958084106445,-0.0337886810302734,-0.0746488571166992,-0.070195198059082,-0.0576171875,-0.0328512191772461,-0.0690240859985352,-0.10410213470459,-0.0892581939697266
7005,-0.046757698059082,,,-0.0284767150878906,-0.0298824310302734,-0.0920705795288086,-0.0312891006469727,-0.0424613952636719,-0.0261325836181641,-0.0226955413818359,-0.0378513336181641,-0.0516796112060547,-0.0551958084106445,-0.0337886810302734,-0.0746488571166992,-0.070195198059082,-0.0576171875,-0.0328512191772461,-0.0690240859985352,-0.10410213470459,-0.0892581939697266
7010,-0.046757698059082,,,-0.0284767150878906,-0.0298824310302734,-0.0920705795288086,-0.0312891006469727,-0.0424613952636719,-0.0261325836181641,-0.0226955413818359,-0.0378513336181641,-0.0516796112060547,-0.0551958084106445,-0.0337886810302734,-0.0746488571166992,-0.070195198059082,-0.0576171875,-0.0328512191772461,-0.0690240859985352,-0.10410213470459,-0.0892581939697266
7015,-0.046757698059082,,,-0.0284767150878906,-0.0299606323242188,-0.0920705795288086,-0.0312891006469727,-0.0424613952636719,-0.0261325836181641,-0.0226955413818359,-0.0378513336181641,-0.0516796112060547,-0.0551958084106445,-0.0337886810302734,-0.0746488571166992,-0.070195198059082,-0.0576171875,-0.0329294204711914,-0.0691013336181641,-0.10410213470459,-0.0892581939697266
7020,-0.046757698059082,,,-0.0284767150878906,-0.0299606323242188,-0.0920705795288086,-0.0312891006469727,-0.0425395965576172,-0.0261325836181641,-0.0226955413818359,-0.0378513336181641,-0.0516796112060547,-0.0551958084106445,-0.0337886810302734,-0.0746488571166992,-0.070195198059082,-0.0576171875,-0.0328512191772461,-0.0691013336181641,-0.10410213470459,-0.0892581939697266
7025,-0.046757698059082,,,-0.0284767150878906,-0.0299606323242188,-0.0919923782348633,-0.0312891006469727,-0.0425395965576172,-0.0261325836181641,-0.0226173400878906,-0.0379295349121094,-0.0516796112060547,-0.0551958084106445,-0.0337114334106445,-0.0746488571166992,-0.070195198059082,-0.0576171875,-0.0329294204711914,-0.0691013336181641,-0.10410213470459,-0.0892581939697266
7030,-0.0466794967651367,,,-0.0284767150878906,-0.0299606323242188,-0.0919923782348633,-0.0312891006469727,-0.0425395965576172,-0.0261325836181641,-0.0226173400878906,-0.0379295349121094,-0.0516796112060547,-0.0551958084106445,-0.0337114334106445,-0.0746488571166992,-0.070195198059082,-0.0576171875,-0.0329294204711914,-0.0691013336181641,-0.10410213470459,-0.0892581939697266
7035,-0.0466794967651367,,,-0.0284767150878906,-0.0299606323242188,-0.0919923782348633,-0.0312891006469727,-0.0425395965576172,-0.0261325836181641,-0.0226173400878906,-0.0379295349121094,-0.0516796112060547,-0.0551958084106445,-0.0337114334106445,-0.0746488571166992,-0.070195198059082,-0.0576171875,-0.0329294204711914,-0.0691013336181641,-0.10410213470459,-0.0892581939697266
7040,-0.0466794967651367,,,-0.0284767150878906,-0.0299606323242188,-0.0919923782348633,-0.0312891006469727,-0.0425395965576172,-0.0261325836181641,-0.0226173400878906,-0.0379295349121094,-0.0516796112060547,-0.0551958084106445,-0.0337114334106445,-0.0746488571166992,-0.070195198059082,-0.0576171875,-0.0329294204711914,-0.0691013336181641,-0.10410213470459,-0.0892581939697266
7045,-0.0466794967651367,,,-0.0284767150878906,-0.0299606323242188,-0.091914176940918,-0.0312891006469727,-0.0425395965576172,-0.0261325836181641,-0.0226173400878906,-0.0379295349121094,-0.0516796112060547,-0.0551958084106445,-0.0337114334106445,-0.0746488571166992,-0.070195198059082,-0.0576171875,-0.0329294204711914,-0.0691013336181641,-0.10410213470459,-0.0892581939697266
7050,-0.0466794967651367,,,-0.0284767150878906,-0.0299606323242188,-0.091914176940918,-0.0312891006469727,-0.0425395965576172,-0.0261325836181641,-0.0225391387939453,-0.0379295349121094,-0.0516796112060547,-0.0551958084106445,-0.0337114334106445,-0.0746488571166992,-0.070195198059082,-0.0576171875,-0.0329294204711914,-0.0691013336181641,-0.10410213470459,-0.0892581939697266
7055,-0.0466794967651367,,,-0.0284767150878906,-0.0299606323242188,-0.091914176940918,-0.0312891006469727,-0.0425395965576172,-0.0261325836181641,-0.0225391387939453,-0.0379295349121094,-0.0516796112060547,-0.0551958084106445,-0.0337114334106445,-0.0746488571166992,-0.070195198059082,-0.0576171875,-0.0329294204711914,-0.0691013336181641,-0.10410213470459,-0.0892581939697266
7060,-0.0466794967651367,,,-0.0284767150878906,-0.0299606323242188,-0.091914176940918,-0.0312891006469727,-0.0425395965576172,-0.0261325836181641,-0.0225391387939453,-0.0379295349121094,-0.0516796112060547,-0.0551958084106445,-0.0337114334106445,-0.0746488571166992,-0.070195198059082,-0.0576171875,-0.0329294204711914,-0.0691013336181641,-0.10410213470459,-0.0892581939697266
7065,-0.0466794967651367,,,-0.0284767150878906,-0.0299606323242188,-0.0918359756469727,-0.0312891006469727,-0.0426168441772461,-0.0261325836181641,-0.0225391387939453,-0.0379295349121094,-0.0516796112060547,-0.0551958084106445,-0.0336332321166992,-0.0746488571166992,-0.070195198059082,-0.0576171875,-0.0329294204711914,-0.0691013336181641,-0.10410213470459,-0.0891799926757812
7070,-0.0466012954711914,,,-0.0284767150878906,-0.0299606323242188,-0.0918359756469727,-0.0312891006469727,-0.0426168441772461,-0.0261325836181641,-0.0224609375,-0.0379295349121094,-0.0516796112060547,-0.0551958084106445,-0.0336332321166992,-0.0746488571166992,-0.070195198059082,-0.0576171875,-0.0329294204711914,-0.0691013336181641,-0.10410213470459,-0.0891799926757812
7075,-0.0946483612060547,,,-0.0858983993530273,-0.0893363952636719,-0.142695426940918,-0.088007926940918,-0.109726905822754,-0.0692577362060547,-0.0377731323242188,-0.091679573059082,-0.1101961135864259,-0.112382888793945,-0.0797271728515625,-0.1313676834106449,-0.126445770263672,-0.111289024353027,-0.0812892913818359,-0.1125392913818359,-0.143008232116699,-0.1634769439697269
7080,-0.0929298400878906,,,-0.0844926834106445,-0.0891017913818359,,-0.0866804122924805,-0.110039710998535,-0.0691013336181641,-0.0376958847045898,-0.091679573059082,-0.11011791229248,-0.1123046875,-0.0797271728515625,-0.1313676834106449,-0.126445770263672,-0.111289024353027,-0.0812892913818359,-0.1125392913818359,-0.143008232116699,-0.1634769439697269
7085,-0.0917577743530273,,,-0.0833206176757812,-0.0890235900878906,,-0.0857429504394531,-0.1101961135864259,-0.0691013336181641,-0.0376176834106445,-0.091679573059082,-0.11011791229248,-0.1123046875,-0.0796489715576172,-0.1313676834106449,-0.126367568969727,-0.111289024353027,-0.0812892913818359,-0.1125392913818359,-0.143008232116699,-0.1634769439697269
7090,-0.0909767150878906,,,-0.0822267532348633,-0.0891799926757812,,-0.0848827362060547,-0.1103515625,-0.0690240859985352,-0.0374612808227539,-0.091679573059082,-0.110039710998535,-0.112226486206055,-0.0796489715576172,-0.1313676834106449,-0.126367568969727,-0.111289024353027,-0.0812892913818359,-0.112617492675781,-0.143008232116699,-0.163398742675781
7095,-0.0904302597045898,,,-0.0814456939697266,-0.0892581939697266,,-0.0842580795288086,-0.110429763793945,-0.0689458847045898,-0.0373830795288086,-0.091679573059082,-0.10996150970459,-0.112226486206055,-0.0796489715576172,-0.1313676834106449,-0.126367568969727,-0.111289024353027,-0.0812892913818359,-0.112617492675781,-0.143008232116699,-0.163398742675781
7100,-0.0900392532348633,,,-0.0808982849121094,-0.0894145965576172,,-0.0836334228515625,-0.110429763793945,-0.0688676834106445,-0.0373048782348633,-0.091679573059082,-0.10996150970459,-0.1121492385864259,-0.0795707702636719,-0.1313676834106449,-0.126367568969727,-0.111289024353027,-0.0812892913818359,-0.112617492675781,-0.143008232116699,-0.163320541381836
7105,-0.0896492004394531,,,-0.0804300308227539,-0.0894927978515625,,-0.0831642150878906,-0.1103515625,-0.0687894821166992,-0.0372266769409179,-0.091679573059082,-0.109883308410645,-0.1121492385864259,-0.0795707702636719,-0.1313676834106449,-0.126367568969727,-0.111289024353027,-0.0812892913818359,-0.112617492675781,-0.1430864334106449,-0.163320541381836
7110,-0.0894145965576172,,,-0.0800390243530273,-0.0894927978515625,,-0.0826959609985352,-0.110273361206055,-0.0687112808227539,-0.0371484756469727,-0.091679573059082,-0.109883308410645,-0.11207103729248,-0.0795707702636719,-0.1313676834106449,-0.126289367675781,-0.111289024353027,-0.0812892913818359,-0.112617492675781,-0.1430864334106449,-0.1632423400878909
7115,-0.0892581939697266,,,-0.0797271728515625,-0.0895709991455078,,-0.0823049545288086,-0.1101961135864259,-0.0687112808227539,-0.0371484756469727,-0.091679573059082,-0.109805107116699,-0.11207103729248,-0.0794925689697266,-0.1313676834106449,-0.126289367675781,-0.111289024353027,-0.0812892913818359,-0.112695693969727,-0.1430864334106449,-0.1632423400878909
7120,-0.0891017913818359,,,-0.0794143676757812,-0.0896492004394531,,-0.081913948059082,-0.1101961135864259,-0.0686330795288086,-0.0370702743530273,-0.091679573059082,-0.109805107116699,-0.11207103729248,-0.0794925689697266,-0.1313676834106449,-0.126289367675781,-0.111289024353027,-0.0812892913818359,-0.112695693969727,-0.1430864334106449,-0.163165092468262
7125,-0.0889453887939453,,,-0.0791797637939453,-0.089726448059082,,-0.0816802978515625,-0.1101961135864259,-0.0685548782348633,-0.036992073059082,-0.091679573059082,-0.109726905822754,-0.111992835998535,-0.0794925689697266,-0.1313676834106449,-0.126289367675781,-0.111289024353027,-0.0812892913818359,-0.112695693969727,-0.1430864334106449,-0.163165092468262
7130,-0.0888671875,,,-0.0789451599121094,-0.0898046493530273,,-0.0813674926757812,-0.1101961135864259,-0.0685548782348633,-0.0369138717651367,-0.091679573059082,-0.109726905822754,-0.111992835998535,-0.0794925689697266,-0.1313676834106449,-0.126289367675781,-0.111289024353027,-0.0812892913818359,-0.112695693969727,-0.1430864334106449,-0.163086891174316
7135,-0.0888671875,,,-0.0787897109985352,-0.0898046493530273,,-0.0810546875,-0.1101961135864259,-0.068476676940918,-0.0368356704711914,-0.0917577743530273,-0.109726905822754,-0.11191463470459,-0.0794143676757812,-0.1314458847045899,-0.126211166381836,-0.111289024353027,-0.0812892913818359,-0.112773895263672,-0.1430864334106449,-0.163086891174316
7140,-0.0887889862060547,,,-0.0785551071166992,-0.089961051940918,,-0.0808210372924805,-0.11011791229248,-0.068476676940918,-0.0367574691772461,-0.091679573059082,-0.109648704528809,-0.11191463470459,-0.0794143676757812,-0.1314458847045899,-0.126211166381836,-0.111289024353027,-0.0812892913818359,-0.112773895263672,-0.1430864334106449,-0.163008689880371
7145,-0.0887889862060547,,,-0.0783987045288086,-0.0900392532348633,,-0.0805864334106445,-0.11011791229248,-0.0683984756469727,-0.0367574691772461,-0.0917577743530273,-0.109648704528809,-0.11191463470459,-0.0794143676757812,-0.1314458847045899,-0.126211166381836,-0.111289024353027,-0.0812892913818359,-0.112773895263672,-0.1430864334106449,-0.163008689880371
7150,-0.0887889862060547,,,-0.078242301940918,-0.0901174545288086,,-0.0803518295288086,-0.11011791229248,-0.0683984756469727,-0.0366802215576172,-0.091679573059082,-0.109570503234863,-0.111836433410645,-0.0794143676757812,-0.1314458847045899,-0.126211166381836,-0.111289024353027,-0.0812892913818359,-0.112852096557617,-0.1430864334106449,-0.162930488586426
7155,-0.0888671875,,,-0.0780858993530273,-0.0901956558227539,,-0.080195426940918,-0.110039710998535,-0.0683202743530273,-0.0366020202636719,-0.091679573059082,-0.109570503234863,-0.111836433410645,-0.0793361663818359,-0.1314458847045899,-0.126211166381836,-0.111289024353027,-0.0812892913818359,-0.112852096557617,-0.1430864334106449,-0.16285228729248
7160,-0.0888671875,,,-0.0779294967651367,-0.0902738571166992,,-0.0800390243530273,-0.110039710998535,-0.0683202743530273,-0.0366020202636719,-0.0917577743530273,-0.109570503234863,-0.111836433410645,-0.0793361663818359,-0.1314458847045899,-0.1261329650878909,-0.111211776733398,-0.0812892913818359,-0.112852096557617,-0.1430864334106449,-0.16285228729248
7165,-0.0889453887939453,,,-0.0778522491455078,-0.0903520584106445,,-0.0798826217651367,-0.10996150970459,-0.068242073059082,-0.0365238189697266,-0.091679573059082,-0.109492301940918,-0.111836433410645,-0.0793361663818359,-0.1314458847045899,-0.1261329650878909,-0.111211776733398,-0.0812892913818359,-0.112930297851562,-0.1430864334106449,-0.162774085998535
7170,-0.0889453887939453,,,-0.0776958465576172,-0.0904302597045898,,-0.0797271728515625,-0.109883308410645,-0.068242073059082,-0.0364456176757812,-0.0917577743530273,-0.109492301940918,-0.111758232116699,-0.0793361663818359,-0.1314458847045899,-0.1261329650878909,-0.111211776733398,-0.0812892913818359,-0.112930297851562,-0.1430864334106449,-0.162774085998535
7175,-0.0889453887939453,,,-0.0776176452636719,-0.0905084609985352,,-0.0795707702636719,-0.109726905822754,-0.068242073059082,-0.0364456176757812,-0.0917577743530273,-0.109492301940918,-0.111758232116699,-0.0792579650878906,-0.1314458847045899,-0.1261329650878909,-0.111211776733398,-0.0812892913818359,-0.112930297851562,-0.1430864334106449,-0.1626958847045899
7180,-0.0890235900878906,,,-0.0775394439697266,-0.0905866622924805,,-0.0794143676757812,-0.109726905822754,-0.0681638717651367,-0.0363674163818359,-0.0917577743530273,-0.109414100646973,-0.111758232116699,-0.0792579650878906,-0.1314458847045899,-0.1261329650878909,-0.111211776733398,-0.0812892913818359,-0.1130084991455079,-0.1430864334106449,-0.1626958847045899
7185,-0.0890235900878906,,,-0.0775394439697266,-0.0906639099121094,,-0.0793361663818359,-0.109648704528809,-0.0681638717651367,-0.0362892150878906,-0.0917577743530273,-0.109414100646973,-0.111680030822754,-0.0792579650878906,-0.1314458847045899,-0.1261329650878909,-0.111211776733398,-0.0812892913818359,-0.1130084991455079,-0.1430864334106449,-0.1626176834106449
7190,-0.0890235900878906,,,-0.0774612426757812,-0.0907421112060547,,-0.0791797637939453,-0.109648704528809,-0.0681638717651367,-0.0362892150878906,-0.0917577743530273,-0.109414100646973,-0.111680030822754,-0.0792579650878906,-0.1314458847045899,-0.126054763793945,-0.111211776733398,-0.0812110900878906,-0.1130084991455079,-0.1430864334106449,-0.1626176834106449
7195,-0.0890235900878906,,,-0.0774612426757812,-0.0907421112060547,,-0.0791015625,-0.109570503234863,-0.0680866241455078,-0.0362110137939453,-0.0917577743530273,-0.109335899353027,-0.111680030822754,-0.0792579650878906,-0.1314458847045899,-0.126054763793945,-0.111211776733398,-0.0812892913818359,-0.113086700439453,-0.1430864334106449,-0.162539482116699
7200,-0.0890235900878906,,,-0.0773830413818359,-0.0908203125,,-0.0790233612060547,-0.109570503234863,-0.0680866241455078,-0.0362110137939453,-0.0917577743530273,-0.109335899353027,-0.111601829528809,-0.0791797637939453,-0.1314458847045899,-0.126054763793945,-0.111211776733398,-0.0812110900878906,-0.113086700439453,-0.1431646347045899,-0.162539482116699
7205,-0.0890235900878906,,,-0.0773830413818359,-0.0908985137939453,,-0.0788679122924805,-0.109492301940918,-0.0680866241455078,-0.0361328125,-0.0917577743530273,-0.109335899353027,-0.111601829528809,-0.0791797637939453,-0.1314458847045899,-0.126054763793945,-0.111211776733398,-0.0812110900878906,-0.113086700439453,-0.1431646347045899,-0.162461280822754
7210,-0.0890235900878906,,,-0.0773830413818359,-0.0908985137939453,,-0.0787897109985352,-0.109414100646973,-0.0680866241455078,-0.0361328125,-0.0917577743530273,-0.109335899353027,-0.111601829528809,-0.0791797637939453,-0.1314458847045899,-0.126054763793945,-0.111211776733398,-0.0812110900878906,-0.113164901733398,-0.1431646347045899,-0.162461280822754
7215,-0.0890235900878906,,,-0.0773048400878906,-0.0908985137939453,,-0.0787115097045898,-0.109414100646973,-0.0680084228515625,-0.0360546112060547,-0.0917577743530273,-0.109258651733398,-0.111601829528809,-0.0791797637939453,-0.1314458847045899,-0.126054763793945,-0.111211776733398,-0.0812892913818359,-0.113164901733398,-0.1431646347045899,-0.1623830795288089
7220,-0.0891017913818359,,,-0.0773048400878906,-0.0909767150878906,,-0.0786333084106445,-0.109335899353027,-0.0680084228515625,-0.0360546112060547,-0.0917577743530273,-0.109258651733398,-0.111523628234863,-0.0791797637939453,-0.1314458847045899,-0.126054763793945,-0.111211776733398,-0.0812892913818359,-0.113242149353027,-0.1431646347045899,-0.1623830795288089
7225,-0.0891017913818359,,,-0.0772266387939453,-0.0910549163818359,,-0.0786333084106445,-0.109335899353027,-0.0680084228515625,-0.0359764099121094,-0.0917577743530273,-0.109258651733398,-0.111523628234863,-0.0791015625,-0.1314458847045899,-0.126054763793945,-0.111211776733398,-0.0812892913818359,-0.113242149353027,-0.1431646347045899,-0.162304878234863
7230,-0.0891017913818359,,,-0.0772266387939453,-0.0911331176757812,,-0.0785551071166992,-0.109258651733398,-0.0680084228515625,-0.0359764099121094,-0.0917577743530273,-0.109258651733398,-0.111523628234863,-0.0791015625,-0.1314458847045899,-0.1259765625,-0.111211776733398,-0.0812110900878906,-0.113242149353027,-0.1431646347045899,-0.162304878234863
7235,-0.0891017913818359,,,-0.0771484375,-0.0911331176757812,,-0.0784769058227539,-0.109258651733398,-0.0680084228515625,-0.0358982086181641,-0.0917577743530273,-0.109180450439453,-0.111523628234863,-0.0791015625,-0.1314458847045899,-0.1259765625,-0.111211776733398,-0.0812110900878906,-0.113242149353027,-0.1431646347045899,-0.162226676940918
7240,-0.0891017913818359,,,-0.0771484375,-0.0912113189697266,,-0.0784769058227539,-0.109180450439453,-0.0679302215576172,-0.0358982086181641,-0.0917577743530273,-0.109180450439453,-0.111445426940918,-0.0791015625,-0.1314458847045899,-0.1259765625,-0.111211776733398,-0.0812110900878906,-0.113320350646973,-0.1431646347045899,-0.162226676940918
7245,-0.0891017913818359,,,-0.0770702362060547,-0.0912113189697266,,-0.0783987045288086,-0.109180450439453,-0.0679302215576172,-0.0358200073242188,-0.0917577743530273,-0.109180450439453,-0.111445426940918,-0.0791015625,-0.1314458847045899,-0.1259765625,-0.111211776733398,-0.0812110900878906,-0.113320350646973,-0.1431646347045899,-0.162149429321289
7250,-0.0891799926757812,,,-0.0769920349121094,-0.0912113189697266,,-0.0783987045288086,-0.1091022491455079,-0.0679302215576172,-0.0358200073242188,-0.0917577743530273,-0.109180450439453,-0.111445426940918,-0.0790233612060547,-0.1314458847045899,-0.1259765625,-0.111211776733398,-0.0812110900878906,-0.113320350646973,-0.1431646347045899,-0.162149429321289
7255,-0.0891799926757812,,,-0.0769920349121094,-0.0912895202636719,,-0.0783205032348633,-0.1091022491455079,-0.0679302215576172,-0.0357427597045898,-0.0917577743530273,-0.1091022491455079,-0.111445426940918,-0.0790233612060547,-0.1314458847045899,-0.1259765625,-0.111133575439453,-0.0812110900878906,-0.113398551940918,-0.1431646347045899,-0.162071228027344
7260,-0.0891799926757812,,,-0.0769147872924805,-0.0912895202636719,,-0.0783205032348633,-0.109024047851562,-0.0679302215576172,-0.0357427597045898,-0.0917577743530273,-0.1091022491455079,-0.111367225646973,-0.0790233612060547,-0.1314458847045899,-0.1259765625,-0.111133575439453,-0.0812110900878906,-0.113398551940918,-0.1431646347045899,-0.162071228027344
7265,-0.0891799926757812,,,-0.0769147872924805,-0.0912895202636719,,-0.0783205032348633,-0.109024047851562,-0.0679302215576172,-0.0356645584106445,-0.0917577743530273,-0.1091022491455079,-0.111367225646973,-0.0790233612060547,-0.1314458847045899,-0.1259765625,-0.111133575439453,-0.0812110900878906,-0.113398551940918,-0.1431646347045899,-0.161993026733398
7270,-0.0892581939697266,,,-0.0768365859985352,-0.0912895202636719,,-0.0783205032348633,-0.108945846557617,-0.0679302215576172,-0.0356645584106445,-0.0917577743530273,-0.1091022491455079,-0.111367225646973,-0.0790233612060547,-0.1314458847045899,-0.1259765625,-0.111133575439453,-0.0812110900878906,-0.113476753234863,-0.1431646347045899,-0.161993026733398
7275,-0.0892581939697266,,,-0.0767583847045898,-0.0913677215576172,,-0.078242301940918,-0.108945846557617,-0.0678520202636719,-0.0356645584106445,-0.0917577743530273,-0.109024047851562,-0.111367225646973,-0.0789451599121094,-0.1314458847045899,-0.1258993148803709,-0.111133575439453,-0.0812110900878906,-0.113476753234863,-0.1431646347045899,-0.161914825439453
7280,-0.0892581939697266,,,-0.0767583847045898,-0.0913677215576172,,-0.078242301940918,-0.108867645263672,-0.0678520202636719,-0.0355863571166992,-0.0917577743530273,-0.109024047851562,-0.111289024353027,-0.0789451599121094,-0.1314458847045899,-0.1258993148803709,-0.111133575439453,-0.0812110900878906,-0.113476753234863,-0.1431646347045899,-0.161914825439453
7285,-0.0892581939697266,,,-0.0766801834106445,-0.0913677215576172,,-0.078242301940918,-0.108867645263672,-0.0678520202636719,-0.0355863571166992,-0.0917577743530273,-0.109024047851562,-0.111289024353027,-0.0789451599121094,-0.1314458847045899,-0.1258993148803709,-0.111133575439453,-0.0812110900878906,-0.113476753234863,-0.1431646347045899,-0.161914825439453
7290,-0.0893363952636719,,,-0.0766801834106445,-0.0913677215576172,,-0.0781641006469727,-0.108789443969727,-0.0678520202636719,-0.0355863571166992,-0.0917577743530273,-0.109024047851562,-0.111289024353027,-0.0789451599121094,-0.1314458847045899,-0.1258993148803709,-0.111133575439453,-0.0812110900878906,-0.113554954528809,-0.1431646347045899,-0.161836624145508
7295,-0.0893363952636719,,,-0.0766019821166992,-0.0913677215576172,,-0.0781641006469727,-0.108789443969727,-0.0678520202636719,-0.0355081558227539,-0.0917577743530273,-0.109024047851562,-0.111289024353027,-0.0789451599121094,-0.1314458847045899,-0.1258993148803709,-0.111133575439453,-0.0812110900878906,-0.113554954528809,-0.1431646347045899,-0.161836624145508
7300,-0.0893363952636719,,,-0.0766019821166992,-0.0913677215576172,,-0.0781641006469727,-0.108711242675781,-0.0678520202636719,-0.0355081558227539,-0.0917577743530273,-0.108945846557617,-0.111289024353027,-0.0789451599121094,-0.1314458847045899,-0.1258993148803709,-0.111133575439453,-0.0812110900878906,-0.113554954528809,-0.1431646347045899,-0.161758422851562
7305,-0.0893363952636719,,,-0.0765237808227539,-0.0914459228515625,,-0.0781641006469727,-0.108711242675781,-0.0678520202636719,-0.0354299545288086,-0.0917577743530273,-0.108945846557617,-0.111211776733398,-0.0788679122924805,-0.1314458847045899,-0.1258993148803709,-0.111133575439453,-0.0812110900878906,-0.113554954528809,-0.1431646347045899,-0.161758422851562
7310,-0.0894145965576172,,,-0.0765237808227539,-0.0914459228515625,,-0.0781641006469727,-0.1086330413818359,-0.0678520202636719,-0.0354299545288086,-0.0918359756469727,-0.108945846557617,-0.111211776733398,-0.0788679122924805,-0.1314458847045899,-0.1258993148803709,-0.111133575439453,-0.0812892913818359,-0.113633155822754,-0.143242835998535,-0.161680221557617
7315,-0.0894145965576172,,,-0.0765237808227539,-0.0914459228515625,,-0.0781641006469727,-0.1086330413818359,-0.0678520202636719,-0.0354299545288086,-0.0917577743530273,-0.108945846557617,-0.111211776733398,-0.0788679122924805,-0.1314458847045899,-0.1258993148803709,-0.111133575439453,-0.0812892913818359,-0.113633155822754,-0.143242835998535,-0.161680221557617
7320,-0.0894145965576172,,,-0.0764455795288086,-0.0914459228515625,,-0.0781641006469727,-0.1086330413818359,-0.0677738189697266,-0.0353517532348633,-0.0918359756469727,-0.108945846557617,-0.111211776733398,-0.0788679122924805,-0.1314458847045899,-0.125821113586426,-0.111133575439453,-0.0812892913818359,-0.113633155822754,-0.143242835998535,-0.161680221557617
7325,-0.0894145965576172,,,-0.0764455795288086,-0.0914459228515625,,-0.0781641006469727,-0.108554840087891,-0.0677738189697266,-0.0353517532348633,-0.0918359756469727,-0.108945846557617,-0.111211776733398,-0.0788679122924805,-0.1314458847045899,-0.1258993148803709,-0.111133575439453,-0.0812892913818359,-0.113633155822754,-0.143242835998535,-0.1616020202636719
7330,-0.0894927978515625,,,-0.0764455795288086,-0.0914459228515625,,-0.0781641006469727,-0.108554840087891,-0.0677738189697266,-0.0353517532348633,-0.0918359756469727,-0.108867645263672,-0.111211776733398,-0.0788679122924805,-0.1314458847045899,-0.125821113586426,-0.111133575439453,-0.0812892913818359,-0.113633155822754,-0.143242835998535,-0.1616020202636719
7335,-0.0894927978515625,,,-0.0763673782348633,-0.0914459228515625,,-0.0781641006469727,-0.108476638793945,-0.0677738189697266,-0.0352735519409179,-0.0918359756469727,-0.108867645263672,-0.111133575439453,-0.0788679122924805,-0.1314458847045899,-0.125821113586426,-0.111133575439453,-0.0812892913818359,-0.113711357116699,-0.143242835998535,-0.1615238189697269
7340,-0.0894927978515625,,,-0.0763673782348633,-0.0914459228515625,,-0.0781641006469727,-0.108476638793945,-0.0677738189697266,-0.0352735519409179,-0.0918359756469727,-0.108867645263672,-0.111133575439453,-0.0787897109985352,-0.1314458847045899,-0.125821113586426,-0.111133575439453,-0.0812892913818359,-0.113711357116699,-0.143242835998535,-0.1615238189697269
7345,-0.0894927978515625,,,-0.076289176940918,-0.0914459228515625,,-0.0781641006469727,-0.108476638793945,-0.0677738189697266,-0.0352735519409179,-0.0918359756469727,-0.108867645263672,-0.111133575439453,-0.0787897109985352,-0.1314458847045899,-0.125821113586426,-0.111133575439453,-0.0812892913818359,-0.113711357116699,-0.143242835998535,-0.161445617675781
7350,-0.0894927978515625,,,-0.076289176940918,-0.0914459228515625,,-0.0781641006469727,-0.1083984375,-0.0677738189697266,-0.0351953506469727,-0.0918359756469727,-0.108867645263672,-0.111133575439453,-0.0787897109985352,-0.1314458847045899,-0.125821113586426,-0.111133575439453,-0.0812892913818359,-0.113711357116699,-0.143242835998535,-0.161445617675781
7355,-0.0895709991455078,,,-0.0762109756469727,-0.0914459228515625,,-0.0781641006469727,-0.1083984375,-0.0677738189697266,-0.0351953506469727,-0.0918359756469727,-0.108867645263672,-0.111133575439453,-0.0787897109985352,-0.1314458847045899,-0.125821113586426,-0.111133575439453,-0.0812892913818359,-0.113711357116699,-0.143242835998535,-0.161445617675781
7360,-0.0895709991455078,,,-0.0762109756469727,-0.0915241241455078,,-0.0781641006469727,-0.108320236206055,-0.0676956176757812,-0.0351953506469727,-0.0918359756469727,-0.108789443969727,-0.111133575439453,-0.0787897109985352,-0.1314458847045899,-0.125821113586426,-0.111133575439453,-0.0812892913818359,-0.113711357116699,-0.143242835998535,-0.161367416381836
7365,-0.0895709991455078,,,-0.0761327743530273,-0.0915241241455078,,-0.0781641006469727,-0.108320236206055,-0.0676956176757812,-0.0351171493530273,-0.0918359756469727,-0.108789443969727,-0.1110553741455079,-0.0787115097045898,-0.1314458847045899,-0.125821113586426,-0.111133575439453,-0.0812892913818359,-0.113789558410645,-0.143242835998535,-0.161367416381836
7370,-0.0895709991455078,,,-0.0761327743530273,-0.0915241241455078,,-0.0781641006469727,-0.1082429885864259,-0.0676956176757812,-0.0351171493530273,-0.0918359756469727,-0.108789443969727,-0.1110553741455079,-0.0787115097045898,-0.1314458847045899,-0.125821113586426,-0.111133575439453,-0.0812892913818359,-0.113789558410645,-0.143242835998535,-0.1612892150878909
7375,-0.0896492004394531,,,-0.0761327743530273,-0.0915241241455078,,-0.0781641006469727,-0.1082429885864259,-0.0676956176757812,-0.0351171493530273,-0.0918359756469727,-0.108789443969727,-0.1110553741455079,-0.0787115097045898,-0.1314458847045899,-0.125821113586426,-0.111133575439453,-0.0812892913818359,-0.113789558410645,-0.143242835998535,-0.1612892150878909
7380,-0.0896492004394531,,,-0.076054573059082,-0.0915241241455078,,-0.0781641006469727,-0.1082429885864259,-0.0676956176757812,-0.0351171493530273,-0.0918359756469727,-0.108789443969727,-0.1110553741455079,-0.0787115097045898,-0.1314458847045899,-0.12574291229248,-0.111133575439453,-0.0812892913818359,-0.113789558410645,-0.143242835998535,-0.161211967468262
7385,-0.0896492004394531,,,-0.076054573059082,-0.0915241241455078,,-0.0781641006469727,-0.10816478729248,-0.0676956176757812,-0.035038948059082,-0.0918359756469727,-0.108789443969727,-0.1110553741455079,-0.0787115097045898,-0.1314458847045899,-0.12574291229248,-0.111133575439453,-0.0812892913818359,-0.113789558410645,-0.143242835998535,-0.161211967468262
7390,-0.0896492004394531,,,-0.0759763717651367,-0.0915241241455078,,-0.0781641006469727,-0.10816478729248,-0.0676956176757812,-0.035038948059082,-0.0918359756469727,-0.108711242675781,-0.1110553741455079,-0.0787115097045898,-0.1314458847045899,-0.12574291229248,-0.111133575439453,-0.0812892913818359,-0.113789558410645,-0.143242835998535,-0.161211967468262
7395,-0.089726448059082,,,-0.0759763717651367,-0.0915241241455078,,-0.0781641006469727,-0.10816478729248,-0.0676956176757812,-0.035038948059082,-0.0918359756469727,-0.108711242675781,-0.110977172851562,-0.0787115097045898,-0.1314458847045899,-0.12574291229248,-0.111133575439453,-0.0812892913818359,-0.113789558410645,-0.143242835998535,-0.161133766174316
7400,-0.089726448059082,,,-0.0759763717651367,-0.0915241241455078,,-0.0781641006469727,-0.108086585998535,-0.0676956176757812,-0.0349607467651367,-0.0918359756469727,-0.108711242675781,-0.110977172851562,-0.0786333084106445,-0.1314458847045899,-0.12574291229248,-0.111133575439453,-0.0812892913818359,-0.113789558410645,-0.143242835998535,-0.161133766174316
7405,-0.089726448059082,,,-0.0758991241455078,-0.0915241241455078,,-0.0781641006469727,-0.108086585998535,-0.0676956176757812,-0.0349607467651367,-0.0918359756469727,-0.108711242675781,-0.110977172851562,-0.0786333084106445,-0.1314458847045899,-0.12574291229248,-0.111133575439453,-0.0812892913818359,-0.11386775970459,-0.143242835998535,-0.161133766174316
7410,-0.0898046493530273,,,-0.0758991241455078,-0.0915241241455078,,-0.0781641006469727,-0.108086585998535,-0.0676956176757812,-0.0349607467651367,-0.0918359756469727,-0.108711242675781,-0.110977172851562,-0.0786333084106445,-0.1314458847045899,-0.12574291229248,-0.111133575439453,-0.0812892913818359,-0.11386775970459,-0.14332103729248,-0.161055564880371
7415,-0.0898046493530273,,,-0.0758991241455078,-0.0915241241455078,,-0.0781641006469727,-0.10800838470459,-0.0676956176757812,-0.0349607467651367,-0.0918359756469727,-0.108711242675781,-0.110977172851562,-0.0786333084106445,-0.1314458847045899,-0.12574291229248,-0.111133575439453,-0.0812892913818359,-0.11386775970459,-0.14332103729248,-0.161055564880371
7420,-0.0898046493530273,,,-0.0758209228515625,-0.0915241241455078,,-0.0781641006469727,-0.10800838470459,-0.0676956176757812,-0.0348825454711914,-0.0918359756469727,-0.108711242675781,-0.110977172851562,-0.0786333084106445,-0.1314458847045899,-0.12574291229248,-0.111133575439453,-0.0812892913818359,-0.11386775970459,-0.14332103729248,-0.160977363586426
7425,-0.0898046493530273,,,-0.0758209228515625,-0.0915241241455078,,-0.0780858993530273,-0.10800838470459,-0.0676956176757812,-0.0348825454711914,-0.0918359756469727,-0.1086330413818359,-0.110898971557617,-0.0786333084106445,-0.1314458847045899,-0.12574291229248,-0.111133575439453,-0.0812892913818359,-0.11386775970459,-0.14332103729248,-0.160977363586426
7430,-0.0898828506469727,,,-0.0758209228515625,-0.0915241241455078,,-0.0781641006469727,-0.107930183410645,-0.0676956176757812,-0.0348825454711914,-0.0918359756469727,-0.1086330413818359,-0.110898971557617,-0.0786333084106445,-0.1314458847045899,-0.12574291229248,-0.111133575439453,-0.0813674926757812,-0.11386775970459,-0.14332103729248,-0.160977363586426
7435,-0.0898828506469727,,,-0.0758209228515625,-0.0915241241455078,,-0.0780858993530273,-0.107930183410645,-0.0676956176757812,-0.0348825454711914,-0.0918359756469727,-0.1086330413818359,-0.110898971557617,-0.0786333084106445,-0.1314458847045899,-0.125664710998535,-0.111133575439453,-0.0813674926757812,-0.11386775970459,-0.14332103729248,-0.16089916229248
7440,-0.0898828506469727,,,-0.0757427215576172,-0.0916023254394531,,-0.0781641006469727,-0.107930183410645,-0.0676956176757812,-0.0348043441772461,-0.0918359756469727,-0.1086330413818359,-0.110898971557617,-0.0785551071166992,-0.1314458847045899,-0.125664710998535,-0.111133575439453,-0.0813674926757812,-0.113945960998535,-0.14332103729248,-0.16089916229248
7445,-0.089961051940918,,,-0.0757427215576172,-0.0916023254394531,,-0.0781641006469727,-0.107851982116699,-0.0676956176757812,-0.0348043441772461,-0.0918359756469727,-0.1086330413818359,-0.110898971557617,-0.0785551071166992,-0.1314458847045899,-0.125664710998535,-0.111133575439453,-0.0813674926757812,-0.113945960998535,-0.14332103729248,-0.16089916229248
7450,-0.089961051940918,,,-0.0757427215576172,-0.0916023254394531,,-0.0781641006469727,-0.107851982116699,-0.0676956176757812,-0.0348043441772461,-0.0918359756469727,-0.1086330413818359,-0.110898971557617,-0.0785551071166992,-0.1314458847045899,-0.125664710998535,-0.111133575439453,-0.0813674926757812,-0.113945960998535,-0.14332103729248,-0.160820960998535
7455,-0.089961051940918,,,-0.0757427215576172,-0.0916023254394531,,-0.0781641006469727,-0.107851982116699,-0.0676956176757812,-0.0348043441772461,-0.091914176940918,-0.1086330413818359,-0.110898971557617,-0.0785551071166992,-0.1314458847045899,-0.125664710998535,-0.111133575439453,-0.0813674926757812,-0.113945960998535,-0.14332103729248,-0.160820960998535
7460,-0.089961051940918,,,-0.0757427215576172,-0.0916023254394531,,-0.0781641006469727,-0.107773780822754,-0.0676956176757812,-0.0347270965576172,-0.0918359756469727,-0.1086330413818359,-0.110898971557617,-0.0785551071166992,-0.1314458847045899,-0.125664710998535,-0.111133575439453,-0.0813674926757812,-0.113945960998535,-0.14332103729248,-0.160820960998535
7465,-0.0900392532348633,,,-0.0756645202636719,-0.0916023254394531,,-0.0781641006469727,-0.107773780822754,-0.0676956176757812,-0.0347270965576172,-0.091914176940918,-0.108554840087891,-0.110898971557617,-0.0785551071166992,-0.1314458847045899,-0.125664710998535,-0.111133575439453,-0.0813674926757812,-0.113945960998535,-0.14332103729248,-0.1607427597045899
7470,-0.0900392532348633,,,-0.0756645202636719,-0.0916023254394531,,-0.0780858993530273,-0.107773780822754,-0.0676956176757812,-0.0347270965576172,-0.091914176940918,-0.108554840087891,-0.110820770263672,-0.0785551071166992,-0.1314458847045899,-0.125664710998535,-0.111133575439453,-0.0813674926757812,-0.113945960998535,-0.14332103729248,-0.1607427597045899
7475,-0.0900392532348633,,,-0.0756645202636719,-0.0916023254394531,,-0.0780858993530273,-0.107695579528809,-0.0676956176757812,-0.0347270965576172,-0.091914176940918,-0.108554840087891,-0.110820770263672,-0.0784769058227539,-0.1314458847045899,-0.125664710998535,-0.111133575439453,-0.0813674926757812,-0.113945960998535,-0.14332103729248,-0.1607427597045899
7480,-0.0900392532348633,,,-0.0756645202636719,-0.091679573059082,,-0.0780858993530273,-0.107695579528809,-0.0676956176757812,-0.0347270965576172,-0.091914176940918,-0.108554840087891,-0.110820770263672,-0.0784769058227539,-0.1314458847045899,-0.125664710998535,-0.111133575439453,-0.0813674926757812,-0.113945960998535,-0.14332103729248,-0.1606645584106449
7485,-0.0901174545288086,,,-0.0755863189697266,-0.091679573059082,,-0.0780858993530273,-0.107695579528809,-0.0676956176757812,-0.0346488952636719,-0.091914176940918,-0.108554840087891,-0.110820770263672,-0.0784769058227539,-0.1314458847045899,-0.125664710998535,-0.111133575439453,-0.0813674926757812,-0.11402416229248,-0.14332103729248,-0.1606645584106449
7490,-0.0901174545288086,,,-0.0755863189697266,-0.091679573059082,,-0.0780858993530273,-0.107617378234863,-0.0676956176757812,-0.0346488952636719,-0.091914176940918,-0.108554840087891,-0.110820770263672,-0.0784769058227539,-0.1314458847045899,-0.125664710998535,-0.1110553741455079,-0.0813674926757812,-0.11402416229248,-0.14332103729248,-0.160586357116699
7495,-0.0901174545288086,,,-0.0755863189697266,-0.091679573059082,,-0.0780858993530273,-0.107617378234863,-0.0676956176757812,-0.0346488952636719,-0.091914176940918,-0.108554840087891,-0.110820770263672,-0.0784769058227539,-0.1314458847045899,-0.125664710998535,-0.111133575439453,-0.0813674926757812,-0.11402416229248,-0.14332103729248,-0.160586357116699
7500,-0.0901174545288086,,,-0.0755863189697266,-0.091679573059082,,-0.0781641006469727,-0.107617378234863,-0.0676956176757812,-0.0346488952636719,-0.091914176940918,-0.108554840087891,-0.110820770263672,-0.0784769058227539,-0.1314458847045899,-0.12558650970459,-0.1110553741455079,-0.0814456939697266,-0.11402416229248,-0.143399238586426,-0.160586357116699
7505,-0.0901956558227539,,,-0.0755863189697266,-0.091679573059082,,-0.0780858993530273,-0.107539176940918,-0.0676956176757812,-0.0345706939697266,-0.091914176940918,-0.108554840087891,-0.110820770263672,-0.0784769058227539,-0.1314458847045899,-0.12558650970459,-0.111133575439453,-0.0814456939697266,-0.11402416229248,-0.143399238586426,-0.160586357116699
7510,-0.0901956558227539,,,-0.0755863189697266,-0.091679573059082,,-0.0781641006469727,-0.107539176940918,-0.0676956176757812,-0.0345706939697266,-0.091914176940918,-0.108476638793945,-0.110742568969727,-0.0784769058227539,-0.1314458847045899,-0.12558650970459,-0.111133575439453,-0.0814456939697266,-0.11402416229248,-0.143399238586426,-0.160508155822754
7515,-0.0901956558227539,,,-0.0755081176757812,-0.091679573059082,,-0.0781641006469727,-0.107539176940918,-0.0676956176757812,-0.0345706939697266,-0.091914176940918,-0.108476638793945,-0.110742568969727,-0.0783987045288086,-0.1314458847045899,-0.12558650970459,-0.111133575439453,-0.0814456939697266,-0.11402416229248,-0.143399238586426,-0.160508155822754
7520,-0.0901956558227539,,,-0.0755081176757812,-0.091679573059082,,-0.0781641006469727,-0.107539176940918,-0.0676956176757812,-0.0345706939697266,-0.091914176940918,-0.108476638793945,-0.110742568969727,-0.0783987045288086,-0.1314458847045899,-0.12558650970459,-0.111133575439453,-0.0814456939697266,-0.11402416229248,-0.143399238586426,-0.160508155822754
7525,-0.0902738571166992,,,-0.0755081176757812,-0.0917577743530273,,-0.0781641006469727,-0.107460975646973,-0.0676956176757812,-0.0345706939697266,-0.091914176940918,-0.108476638793945,-0.110742568969727,-0.0783987045288086,-0.1314458847045899,-0.12558650970459,-0.111133575439453,-0.0814456939697266,-0.11402416229248,-0.143399238586426,-0.1604299545288089
7530,-0.0902738571166992,,,-0.0755081176757812,-0.0917577743530273,,-0.0780858993530273,-0.107460975646973,-0.0676956176757812,-0.0344924926757812,-0.091914176940918,-0.108476638793945,-0.110742568969727,-0.0783987045288086,-0.1314458847045899,-0.12558650970459,-0.111133575439453,-0.0814456939697266,-0.11402416229248,-0.143399238586426,-0.1604299545288089
7535,-0.0902738571166992,,,-0.0754299163818359,-0.0917577743530273,,-0.0780858993530273,-0.107460975646973,-0.0676956176757812,-0.0344924926757812,-0.091914176940918,-0.108476638793945,-0.110742568969727,-0.0783987045288086,-0.1314458847045899,-0.12558650970459,-0.111133575439453,-0.0814456939697266,-0.1141023635864259,-0.143399238586426,-0.1604299545288089
7540,-0.0902738571166992,,,-0.0754299163818359,-0.0917577743530273,,-0.0780858993530273,-0.107382774353027,-0.0676956176757812,-0.0344924926757812,-0.091914176940918,-0.108476638793945,-0.110742568969727,-0.0783987045288086,-0.1314458847045899,-0.12558650970459,-0.111133575439453,-0.0814456939697266,-0.1141023635864259,-0.143399238586426,-0.160351753234863
7545,-0.0902738571166992,,,-0.0754299163818359,-0.0917577743530273,,-0.0780858993530273,-0.107382774353027,-0.0676956176757812,-0.0344924926757812,-0.091914176940918,-0.108476638793945,-0.110664367675781,-0.0783987045288086,-0.1314458847045899,-0.12558650970459,-0.1110553741455079,-0.0814456939697266,-0.1141023635864259,-0.143399238586426,-0.160351753234863
7550,-0.0902738571166992,,,-0.0754299163818359,-0.0917577743530273,,-0.0780858993530273,-0.107305526733398,-0.0676956176757812,-0.0344924926757812,-0.091914176940918,-0.108476638793945,-0.110664367675781,-0.0783987045288086,-0.1314458847045899,-0.12558650970459,-0.111133575439453,-0.0814456939697266,-0.1141023635864259,-0.143399238586426,-0.160351753234863
7555,-0.0903520584106445,,,-0.0754299163818359,-0.0917577743530273,,-0.0781641006469727,-0.107305526733398,-0.0676956176757812,-0.0344142913818359,-0.091914176940918,-0.108476638793945,-0.110664367675781,-0.0783205032348633,-0.1313676834106449,-0.12558650970459,-0.111133575439453,-0.0814456939697266,-0.1141023635864259,-0.143399238586426,-0.160273551940918
7560,-0.0903520584106445,,,-0.0753517150878906,-0.0917577743530273,,-0.0781641006469727,-0.107305526733398,-0.0676956176757812,-0.0344142913818359,-0.091914176940918,-0.1083984375,-0.110664367675781,-0.0783205032348633,-0.1313676834106449,-0.12558650970459,-0.1110553741455079,-0.0814456939697266,-0.1141023635864259,-0.143399238586426,-0.160273551940918
7565,-0.0903520584106445,,,-0.0753517150878906,-0.0917577743530273,,-0.0781641006469727,-0.107227325439453,-0.0676956176757812,-0.0344142913818359,-0.091914176940918,-0.1083984375,-0.110664367675781,-0.0783205032348633,-0.1313676834106449,-0.125508308410645,-0.111133575439453,-0.0815238952636719,-0.1141023635864259,-0.143399238586426,-0.160273551940918
7570,-0.0903520584106445,,,-0.0753517150878906,-0.0917577743530273,,-0.0781641006469727,-0.107227325439453,-0.0676956176757812,-0.0344142913818359,-0.091914176940918,-0.1083984375,-0.110664367675781,-0.0783205032348633,-0.1313676834106449,-0.125508308410645,-0.111133575439453,-0.0815238952636719,-0.1141023635864259,-0.143399238586426,-0.160196304321289
7575,-0.0903520584106445,,,-0.0753517150878906,-0.0917577743530273,,-0.0781641006469727,-0.1071491241455079,-0.0676956176757812,-0.0344142913818359,-0.091914176940918,-0.1083984375,-0.110664367675781,-0.0783205032348633,-0.1313676834106449,-0.125508308410645,-0.111133575439453,-0.0815238952636719,-0.1141023635864259,-0.143399238586426,-0.160196304321289
7580,-0.0904302597045898,,,-0.0753517150878906,-0.0917577743530273,,-0.0781641006469727,-0.1071491241455079,-0.0676956176757812,-0.0344142913818359,-0.091914176940918,-0.1083984375,-0.110664367675781,-0.0783205032348633,-0.1313676834106449,-0.125508308410645,-0.111133575439453,-0.0815238952636719,-0.114179611206055,-0.143399238586426,-0.160196304321289
7585,-0.0904302597045898,,,-0.0753517150878906,-0.0917577743530273,,-0.0781641006469727,-0.107070922851562,-0.0676956176757812,-0.0343360900878906,-0.091914176940918,-0.1083984375,-0.110664367675781,-0.0783205032348633,-0.1313676834106449,-0.125508308410645,-0.111133575439453,-0.0815238952636719,-0.114179611206055,-0.143399238586426,-0.160118103027344
7590,-0.0904302597045898,,,-0.0753517150878906,-0.0917577743530273,,-0.0781641006469727,-0.107070922851562,-0.0676956176757812,-0.0343360900878906,-0.091914176940918,-0.1083984375,-0.1105861663818359,-0.0783205032348633,-0.1313676834106449,-0.125508308410645,-0.111133575439453,-0.0815238952636719,-0.114179611206055,-0.143399238586426,-0.160118103027344
7595,-0.0904302597045898,,,-0.0753517150878906,-0.0918359756469727,,-0.0781641006469727,-0.106992721557617,-0.0676956176757812,-0.0343360900878906,-0.0919923782348633,-0.1083984375,-0.110664367675781,-0.0783205032348633,-0.1313676834106449,-0.125508308410645,-0.111133575439453,-0.0815238952636719,-0.114179611206055,-0.143399238586426,-0.160118103027344
7600,-0.0905084609985352,,,-0.0752735137939453,-0.0918359756469727,,-0.0781641006469727,-0.106992721557617,-0.0676956176757812,-0.0343360900878906,-0.0919923782348633,-0.1083984375,-0.1105861663818359,-0.0783205032348633,-0.1313676834106449,-0.125508308410645,-0.111133575439453,-0.0815238952636719,-0.114179611206055,-0.143399238586426,-0.160039901733398
7605,-0.0905084609985352,,,-0.0752735137939453,-0.0918359756469727,,-0.0781641006469727,-0.106914520263672,-0.0676956176757812,-0.0343360900878906,-0.0919923782348633,-0.1083984375,-0.1105861663818359,-0.0783205032348633,-0.1313676834106449,-0.125508308410645,-0.111133575439453,-0.0815238952636719,-0.114179611206055,-0.143477439880371,-0.160039901733398
7610,-0.0905084609985352,,,-0.0752735137939453,-0.0918359756469727,,-0.0781641006469727,-0.106914520263672,-0.0676956176757812,-0.0343360900878906,-0.0919923782348633,-0.1083984375,-0.1105861663818359,-0.0783205032348633,-0.1313676834106449,-0.125508308410645,-0.111133575439453,-0.0815238952636719,-0.114179611206055,-0.143477439880371,-0.160039901733398
7615,-0.0905084609985352,,,-0.0752735137939453,-0.0918359756469727,,-0.0781641006469727,-0.106836318969727,-0.0676956176757812,-0.0343360900878906,-0.0919923782348633,-0.108320236206055,-0.1105861663818359,-0.078242301940918,-0.1313676834106449,-0.125508308410645,-0.111133575439453,-0.0816020965576172,-0.114179611206055,-0.143477439880371,-0.160039901733398
7620,-0.0905084609985352,,,-0.0752735137939453,-0.0918359756469727,,-0.0781641006469727,-0.106836318969727,-0.0676956176757812,-0.0342578887939453,-0.0919923782348633,-0.108320236206055,-0.1105861663818359,-0.078242301940918,-0.1313676834106449,-0.125508308410645,-0.111133575439453,-0.0816020965576172,-0.1142578125,-0.143477439880371,-0.159961700439453
7625,-0.0905866622924805,,,-0.0752735137939453,-0.0918359756469727,,-0.078242301940918,-0.106758117675781,-0.0676956176757812,-0.0342578887939453,-0.0919923782348633,-0.108320236206055,-0.1105861663818359,-0.078242301940918,-0.1313676834106449,-0.125508308410645,-0.111133575439453,-0.0816020965576172,-0.1142578125,-0.143477439880371,-0.159961700439453
7630,-0.0905866622924805,,,-0.0751953125,-0.0918359756469727,,-0.078242301940918,-0.106758117675781,-0.0676956176757812,-0.0342578887939453,-0.0919923782348633,-0.108320236206055,-0.1105861663818359,-0.078242301940918,-0.1313676834106449,-0.125508308410645,-0.111133575439453,-0.0816020965576172,-0.1142578125,-0.143477439880371,-0.159961700439453
7635,-0.0905866622924805,,,-0.0751953125,-0.0918359756469727,,-0.078242301940918,-0.1066799163818359,-0.0676956176757812,-0.0342578887939453,-0.0919923782348633,-0.108320236206055,-0.1105861663818359,-0.078242301940918,-0.1313676834106449,-0.125508308410645,-0.111133575439453,-0.0816020965576172,-0.1142578125,-0.143477439880371,-0.159883499145508
7640,-0.0905866622924805,,,-0.0751953125,-0.0918359756469727,,-0.078242301940918,-0.1066799163818359,-0.0677738189697266,-0.0342578887939453,-0.0919923782348633,-0.108320236206055,-0.1105861663818359,-0.078242301940918,-0.1313676834106449,-0.125508308410645,-0.111133575439453,-0.0816020965576172,-0.1142578125,-0.143477439880371,-0.159883499145508
7645,-0.0906639099121094,,,-0.0751953125,-0.0918359756469727,,-0.078242301940918,-0.106601715087891,-0.0677738189697266,-0.0342578887939453,-0.0919923782348633,-0.108320236206055,-0.1105861663818359,-0.078242301940918,-0.1313676834106449,-0.125430107116699,-0.111133575439453,-0.0816020965576172,-0.1142578125,-0.143477439880371,-0.159883499145508
7650,-0.0906639099121094,,,-0.0751953125,-0.0918359756469727,,-0.078242301940918,-0.1064453125,-0.0677738189697266,-0.0342578887939453,-0.0919923782348633,-0.108320236206055,-0.1105861663818359,-0.078242301940918,-0.1313676834106449,-0.125430107116699,-0.111133575439453,-0.0816020965576172,-0.1142578125,-0.143477439880371,-0.159883499145508
7655,-0.0906639099121094,,,-0.0751171112060547,-0.0918359756469727,,-0.078242301940918,-0.10621166229248,-0.0677738189697266,-0.0341796875,-0.0919923782348633,-0.108320236206055,-0.110507965087891,-0.078242301940918,-0.1313676834106449,-0.125430107116699,-0.111133575439453,-0.0816020965576172,-0.1142578125,-0.143477439880371,-0.159805297851562
7660,-0.0906639099121094,,,-0.0751171112060547,-0.0918359756469727,,-0.078242301940918,-0.10605525970459,-0.0677738189697266,-0.0341796875,-0.0919923782348633,-0.108320236206055,-0.1105861663818359,-0.078242301940918,-0.1314458847045899,-0.125430107116699,-0.111133575439453,-0.0816020965576172,-0.1142578125,-0.143477439880371,-0.159805297851562
7665,-0.0906639099121094,,,-0.0751171112060547,-0.0918359756469727,,-0.078242301940918,-0.105977058410645,-0.0677738189697266,-0.0341796875,-0.0919923782348633,-0.108320236206055,-0.110507965087891,-0.0781641006469727,-0.1313676834106449,-0.125430107116699,-0.111133575439453,-0.0816020965576172,-0.1142578125,-0.143477439880371,-0.159805297851562
7670,-0.0906639099121094,,,-0.0751171112060547,-0.091914176940918,,-0.078242301940918,-0.105898857116699,-0.0677738189697266,-0.0341796875,-0.0919923782348633,-0.108320236206055,-0.110507965087891,-0.0781641006469727,-0.1313676834106449,-0.125430107116699,-0.111133575439453,-0.0816020965576172,-0.114336013793945,-0.143477439880371,-0.159805297851562
7675,-0.0907421112060547,,,-0.0751171112060547,-0.091914176940918,,-0.078242301940918,-0.105742454528809,-0.0677738189697266,-0.0341796875,-0.0919923782348633,-0.108320236206055,-0.110507965087891,-0.0781641006469727,-0.1314458847045899,-0.125430107116699,-0.111133575439453,-0.0816020965576172,-0.114336013793945,-0.143477439880371,-0.159727096557617
7680,-0.0907421112060547,,,-0.0750389099121094,-0.091914176940918,,-0.078242301940918,-0.105664253234863,-0.0677738189697266,-0.0341796875,-0.0920705795288086,-0.108320236206055,-0.110507965087891,-0.0781641006469727,-0.1314458847045899,-0.125430107116699,-0.111133575439453,-0.0816802978515625,-0.114336013793945,-0.143477439880371,-0.159727096557617
7685,-0.0907421112060547,,,-0.0750389099121094,-0.091914176940918,,-0.078242301940918,-0.105586051940918,-0.0677738189697266,-0.0341796875,-0.0920705795288086,-0.108320236206055,-0.110507965087891,-0.0781641006469727,-0.1314458847045899,-0.125430107116699,-0.111133575439453,-0.0816802978515625,-0.114336013793945,-0.143477439880371,-0.159727096557617
7690,-0.0907421112060547,,,-0.0750389099121094,-0.091914176940918,,-0.078242301940918,-0.105429649353027,-0.0677738189697266,-0.0341014862060547,-0.0920705795288086,-0.1082429885864259,-0.110507965087891,-0.0781641006469727,-0.1313676834106449,-0.125430107116699,-0.111133575439453,-0.0816802978515625,-0.114336013793945,-0.143477439880371,-0.1596488952636719
7695,-0.0907421112060547,,,-0.0750389099121094,-0.091914176940918,,-0.078242301940918,-0.105351448059082,-0.0677738189697266,-0.0341014862060547,-0.0920705795288086,-0.1082429885864259,-0.110507965087891,-0.0781641006469727,-0.1313676834106449,-0.125430107116699,-0.111133575439453,-0.0816802978515625,-0.114336013793945,-0.143477439880371,-0.1596488952636719
7700,-0.0907421112060547,,,-0.0749607086181641,-0.091914176940918,,-0.078242301940918,-0.1051959991455079,-0.0677738189697266,-0.0341014862060547,-0.0920705795288086,-0.1082429885864259,-0.110507965087891,-0.0781641006469727,-0.1313676834106449,-0.125430107116699,-0.111133575439453,-0.0816802978515625,-0.114336013793945,-0.143555641174316,-0.1596488952636719
7705,-0.0907421112060547,,,-0.0749607086181641,-0.091914176940918,,-0.078242301940918,-0.105039596557617,-0.0677738189697266,-0.0341014862060547,-0.0920705795288086,-0.1082429885864259,-0.110507965087891,-0.0781641006469727,-0.1313676834106449,-0.125430107116699,-0.111133575439453,-0.0816802978515625,-0.114336013793945,-0.143555641174316,-0.1596488952636719
7710,-0.0908203125,,,-0.0749607086181641,-0.091914176940918,,-0.078242301940918,-0.104961395263672,-0.0677738189697266,-0.0341014862060547,-0.0920705795288086,-0.1082429885864259,-0.110507965087891,-0.0781641006469727,-0.1313676834106449,-0.125430107116699,-0.111133575439453,-0.0816802978515625,-0.114336013793945,-0.143555641174316,-0.1595706939697269
7715,-0.0908203125,,,-0.0749607086181641,-0.091914176940918,,-0.078242301940918,-0.104804992675781,-0.0677738189697266,-0.0341014862060547,-0.0920705795288086,-0.1082429885864259,-0.110507965087891,-0.0781641006469727,-0.1313676834106449,-0.125430107116699,-0.111133575439453,-0.0816802978515625,-0.114336013793945,-0.143555641174316,-0.1595706939697269
7720,-0.0908203125,,,-0.0749607086181641,-0.091914176940918,,-0.078242301940918,-0.104648590087891,-0.0677738189697266,-0.0341014862060547,-0.0920705795288086,-0.1082429885864259,-0.110507965087891,-0.0781641006469727,-0.1313676834106449,-0.125430107116699,-0.111133575439453,-0.0816802978515625,-0.114414215087891,-0.143555641174316,-0.1595706939697269
7725,-0.0908203125,,,-0.0748834609985352,-0.091914176940918,,-0.078242301940918,-0.104570388793945,-0.0677738189697266,-0.0341014862060547,-0.0920705795288086,-0.1082429885864259,-0.110507965087891,-0.0780858993530273,-0.1313676834106449,-0.125430107116699,-0.111133575439453,-0.0816802978515625,-0.114414215087891,-0.143555641174316,-0.1595706939697269
7730,-0.0908203125,,,-0.0748834609985352,-0.091914176940918,,-0.078242301940918,-0.104413986206055,-0.0677738189697266,-0.0340232849121094,-0.0920705795288086,-0.1082429885864259,-0.110507965087891,-0.0780858993530273,-0.1313676834106449,-0.125430107116699,-0.111133575439453,-0.0816802978515625,-0.114414215087891,-0.143555641174316,-0.159492492675781
7735,-0.0908203125,,,-0.0748834609985352,-0.091914176940918,,-0.078242301940918,-0.1043367385864259,-0.0677738189697266,-0.0340232849121094,-0.0920705795288086,-0.1082429885864259,-0.110429763793945,-0.0780858993530273,-0.1313676834106449,-0.125351905822754,-0.111133575439453,-0.0816802978515625,-0.114414215087891,-0.143555641174316,-0.159492492675781
7740,-0.0908203125,,,-0.0748834609985352,-0.091914176940918,,-0.078242301940918,-0.104180335998535,-0.0677738189697266,-0.0340232849121094,-0.0920705795288086,-0.1082429885864259,-0.110429763793945,-0.0780858993530273,-0.1313676834106449,-0.125351905822754,-0.111133575439453,-0.0816802978515625,-0.114414215087891,-0.143555641174316,-0.159492492675781
7745,-0.0908203125,,,-0.0748834609985352,-0.091914176940918,,-0.078242301940918,-0.10410213470459,-0.0677738189697266,-0.0340232849121094,-0.0920705795288086,-0.1082429885864259,-0.110429763793945,-0.0780858993530273,-0.1313676834106449,-0.125351905822754,-0.111211776733398,-0.0816802978515625,-0.114414215087891,-0.143555641174316,-0.159492492675781
7750,-0.0908203125,,,-0.0748834609985352,-0.091914176940918,,-0.078242301940918,-0.103945732116699,-0.0677738189697266,-0.0340232849121094,-0.0920705795288086,-0.10816478729248,-0.110429763793945,-0.0780858993530273,-0.1313676834106449,-0.125351905822754,-0.111211776733398,-0.0817584991455078,-0.114414215087891,-0.143555641174316,-0.159414291381836
7755,-0.0908985137939453,,,-0.0748834609985352,-0.091914176940918,,-0.078242301940918,-0.103945732116699,-0.0677738189697266,-0.0340232849121094,-0.0920705795288086,-0.10816478729248,-0.110429763793945,-0.0780858993530273,-0.1313676834106449,-0.125351905822754,-0.111133575439453,-0.0817584991455078,-0.114414215087891,-0.143555641174316,-0.159414291381836
7760,-0.0908985137939453,,,-0.0748834609985352,-0.0919923782348633,,-0.078242301940918,-0.103789329528809,-0.0677738189697266,-0.0340232849121094,-0.0921487808227539,-0.10816478729248,-0.110429763793945,-0.0780858993530273,-0.1313676834106449,-0.125351905822754,-0.111211776733398,-0.0817584991455078,-0.114414215087891,-0.143555641174316,-0.159414291381836
7765,-0.0908985137939453,,,-0.0748052597045898,-0.091914176940918,,-0.078242301940918,-0.103711128234863,-0.0678520202636719,-0.0340232849121094,-0.0920705795288086,-0.10816478729248,-0.110429763793945,-0.0780858993530273,-0.1313676834106449,-0.125351905822754,-0.111211776733398,-0.0817584991455078,-0.114414215087891,-0.143555641174316,-0.159414291381836
7770,-0.0908985137939453,,,-0.0748052597045898,-0.0919923782348633,,-0.078242301940918,-0.103632926940918,-0.0678520202636719,-0.0339450836181641,-0.0921487808227539,-0.10816478729248,-0.110429763793945,-0.0780858993530273,-0.1313676834106449,-0.125351905822754,-0.111211776733398,-0.0817584991455078,-0.114414215087891,-0.143555641174316,-0.1593360900878909
7775,-0.0908985137939453,,,-0.0748052597045898,-0.0919923782348633,,-0.078242301940918,-0.103554725646973,-0.0678520202636719,-0.0339450836181641,-0.0921487808227539,-0.10816478729248,-0.110429763793945,-0.0780858993530273,-0.1313676834106449,-0.125351905822754,-0.111211776733398,-0.0817584991455078,-0.1144924163818359,-0.143555641174316,-0.1593360900878909
7780,-0.0908985137939453,,,-0.0748052597045898,-0.0919923782348633,,-0.078242301940918,-0.103476524353027,-0.0678520202636719,-0.0339450836181641,-0.0921487808227539,-0.10816478729248,-0.110429763793945,-0.078007698059082,-0.1313676834106449,-0.125351905822754,-0.111211776733398,-0.0817584991455078,-0.1144924163818359,-0.143555641174316,-0.1593360900878909
7785,-0.0908985137939453,,,-0.0748052597045898,-0.0919923782348633,,-0.078242301940918,-0.103321075439453,-0.0678520202636719,-0.0339450836181641,-0.0921487808227539,-0.10816478729248,-0.110429763793945,-0.078007698059082,-0.1313676834106449,-0.125351905822754,-0.111211776733398,-0.0817584991455078,-0.1144924163818359,-0.143555641174316,-0.1593360900878909
7790,-0.0908985137939453,,,-0.0748052597045898,-0.0919923782348633,,-0.078242301940918,-0.1032428741455079,-0.0678520202636719,-0.0339450836181641,-0.0921487808227539,-0.10816478729248,-0.110429763793945,-0.078007698059082,-0.1313676834106449,-0.125351905822754,-0.111211776733398,-0.0817584991455078,-0.1144924163818359,-0.143555641174316,-0.159258842468262
7795,-0.0908985137939453,,,-0.0748052597045898,-0.0919923782348633,,-0.078242301940918,-0.103164672851562,-0.0678520202636719,-0.0339450836181641,-0.0921487808227539,-0.10816478729248,-0.110429763793945,-0.078007698059082,-0.1313676834106449,-0.125351905822754,-0.111211776733398,-0.0817584991455078,-0.1144924163818359,-0.143555641174316,-0.159258842468262
7800,-0.0908985137939453,,,-0.0748052597045898,-0.0919923782348633,,-0.078242301940918,-0.103086471557617,-0.0678520202636719,-0.0339450836181641,-0.0921487808227539,-0.10816478729248,-0.110429763793945,-0.078007698059082,-0.1313676834106449,-0.125351905822754,-0.111211776733398,-0.0817584991455078,-0.1144924163818359,-0.143555641174316,-0.159258842468262
7805,-0.0908985137939453,,,-0.0748052597045898,-0.0919923782348633,,-0.078242301940918,-0.103008270263672,-0.0678520202636719,-0.0339450836181641,-0.0921487808227539,-0.10816478729248,-0.110429763793945,-0.078007698059082,-0.1313676834106449,-0.125351905822754,-0.111211776733398,-0.0817584991455078,-0.1144924163818359,-0.143555641174316,-0.159258842468262
7810,-0.0908985137939453,,,-0.0748052597045898,-0.0919923782348633,,-0.078242301940918,-0.102930068969727,-0.0678520202636719,-0.0339450836181641,-0.0921487808227539,-0.10816478729248,-0.110429763793945,-0.078007698059082,-0.1313676834106449,-0.125351905822754,-0.111211776733398,-0.0818357467651367,-0.1144924163818359,-0.143632888793945,-0.159180641174316
7815,-0.0908985137939453,,,-0.0747270584106445,-0.0919923782348633,,-0.078242301940918,-0.102851867675781,-0.0678520202636719,-0.0338668823242188,-0.0921487808227539,-0.10816478729248,-0.110429763793945,-0.078007698059082,-0.1313676834106449,-0.125273704528809,-0.111211776733398,-0.0818357467651367,-0.1144924163818359,-0.143632888793945,-0.159180641174316
7820,-0.0908985137939453,,,-0.0747270584106445,-0.0919923782348633,,-0.078242301940918,-0.1027736663818359,-0.0678520202636719,-0.0338668823242188,-0.0921487808227539,-0.10816478729248,-0.110429763793945,-0.078007698059082,-0.1313676834106449,-0.125273704528809,-0.111211776733398,-0.0818357467651367,-0.114570617675781,-0.143632888793945,-0.159180641174316
7825,-0.0908985137939453,,,-0.0747270584106445,-0.0919923782348633,,-0.078242301940918,-0.102695465087891,-0.0678520202636719,-0.0338668823242188,-0.0921487808227539,-0.10816478729248,-0.1103515625,-0.078007698059082,-0.1313676834106449,-0.125273704528809,-0.111211776733398,-0.0818357467651367,-0.114570617675781,-0.143632888793945,-0.159180641174316
7830,-0.0908985137939453,,,-0.0747270584106445,-0.0919923782348633,,-0.0783205032348633,-0.102695465087891,-0.0678520202636719,-0.0338668823242188,-0.0921487808227539,-0.108086585998535,-0.1103515625,-0.078007698059082,-0.1313676834106449,-0.125273704528809,-0.111211776733398,-0.0818357467651367,-0.114570617675781,-0.143632888793945,-0.159102439880371
7835,-0.0908985137939453,,,-0.0747270584106445,-0.0919923782348633,,-0.0783205032348633,-0.102695465087891,-0.0679302215576172,-0.0338668823242188,-0.0922269821166992,-0.10816478729248,-0.1103515625,-0.078007698059082,-0.1313676834106449,-0.125273704528809,-0.111211776733398,-0.0818357467651367,-0.114570617675781,-0.143632888793945,-0.159102439880371
7840,-0.0908985137939453,,,-0.0747270584106445,-0.0919923782348633,,-0.0783205032348633,-0.1027736663818359,-0.0679302215576172,-0.0338668823242188,-0.0921487808227539,-0.108086585998535,-0.1103515625,-0.0779294967651367,-0.1313676834106449,-0.125273704528809,-0.111211776733398,-0.0818357467651367,-0.114570617675781,-0.143632888793945,-0.159102439880371
7845,-0.0908985137939453,,,-0.0747270584106445,-0.0919923782348633,,-0.0783205032348633,-0.102695465087891,-0.0679302215576172,-0.0338668823242188,-0.0922269821166992,-0.108086585998535,-0.1103515625,-0.0779294967651367,-0.1313676834106449,-0.125273704528809,-0.111211776733398,-0.0818357467651367,-0.114570617675781,-0.143632888793945,-0.159024238586426
7850,-0.0908985137939453,,,-0.0747270584106445,-0.0919923782348633,,-0.0783205032348633,-0.102695465087891,-0.0679302215576172,-0.0338668823242188,-0.0922269821166992,-0.108086585998535,-0.1103515625,-0.0779294967651367,-0.1313676834106449,-0.125273704528809,-0.111211776733398,-0.0818357467651367,-0.114570617675781,-0.143632888793945,-0.159024238586426
7855,-0.0908985137939453,,,-0.0747270584106445,-0.0919923782348633,,-0.0783205032348633,-0.102617263793945,-0.0679302215576172,-0.0337886810302734,-0.0922269821166992,-0.108086585998535,-0.1103515625,-0.0779294967651367,-0.1313676834106449,-0.125273704528809,-0.111211776733398,-0.0818357467651367,-0.114570617675781,-0.143632888793945,-0.159024238586426
7860,-0.0908985137939453,,,-0.0747270584106445,-0.0919923782348633,,-0.0783205032348633,-0.102617263793945,-0.0679302215576172,-0.0337886810302734,-0.0922269821166992,-0.108086585998535,-0.1103515625,-0.0779294967651367,-0.1313676834106449,-0.125273704528809,-0.111211776733398,-0.0818357467651367,-0.114570617675781,-0.143632888793945,-0.15894603729248
7865,-0.0908985137939453,,,-0.0747270584106445,-0.0919923782348633,,-0.0783205032348633,-0.102617263793945,-0.0679302215576172,-0.0337886810302734,-0.0922269821166992,-0.108086585998535,-0.1103515625,-0.0779294967651367,-0.1313676834106449,-0.125273704528809,-0.111211776733398,-0.0818357467651367,-0.114648818969727,-0.143632888793945,-0.15894603729248
7870,-0.0908985137939453,,,-0.0747270584106445,-0.0919923782348633,,-0.0783205032348633,-0.102617263793945,-0.0679302215576172,-0.0337886810302734,-0.0922269821166992,-0.108086585998535,-0.1103515625,-0.0779294967651367,-0.1313676834106449,-0.125273704528809,-0.111211776733398,-0.0818357467651367,-0.114648818969727,-0.143632888793945,-0.15894603729248
7875,-0.0908985137939453,,,-0.0747270584106445,-0.0919923782348633,,-0.0783205032348633,-0.102617263793945,-0.0679302215576172,-0.0337886810302734,-0.0922269821166992,-0.108086585998535,-0.1103515625,-0.0779294967651367,-0.1313676834106449,-0.125273704528809,-0.111211776733398,-0.0818357467651367,-0.114648818969727,-0.143632888793945,-0.15894603729248
7880,-0.0908985137939453,,,-0.0747270584106445,-0.0919923782348633,,-0.0783205032348633,-0.1025390625,-0.0679302215576172,-0.0337886810302734,-0.0922269821166992,-0.108086585998535,-0.1103515625,-0.0779294967651367,-0.1313676834106449,-0.125273704528809,-0.111211776733398,-0.081913948059082,-0.114648818969727,-0.143632888793945,-0.158867835998535
7885,-0.0908985137939453,,,-0.0747270584106445,-0.0919923782348633,,-0.0783205032348633,-0.1025390625,-0.0679302215576172,-0.0337886810302734,-0.0922269821166992,-0.108086585998535,-0.1103515625,-0.0779294967651367,-0.1313676834106449,-0.125273704528809,-0.111211776733398,-0.081913948059082,-0.114648818969727,-0.143632888793945,-0.158867835998535
7890,-0.0908985137939453,,,-0.0747270584106445,-0.0919923782348633,,-0.0783205032348633,-0.1025390625,-0.0679302215576172,-0.0337886810302734,-0.0922269821166992,-0.108086585998535,-0.1103515625,-0.0778522491455078,-0.1313676834106449,-0.125273704528809,-0.111211776733398,-0.081913948059082,-0.114648818969727,-0.143632888793945,-0.158867835998535
7895,-0.0908985137939453,,,-0.0747270584106445,-0.0919923782348633,,-0.0783205032348633,-0.1025390625,-0.0679302215576172,-0.0337886810302734,-0.0922269821166992,-0.108086585998535,-0.1103515625,-0.0778522491455078,-0.1313676834106449,-0.125273704528809,-0.111289024353027,-0.081913948059082,-0.114648818969727,-0.143632888793945,-0.158867835998535
7900,-0.0908985137939453,,,-0.0747270584106445,-0.0919923782348633,,-0.0783205032348633,-0.1023836135864259,-0.0679302215576172,-0.0337114334106445,-0.0922269821166992,-0.108086585998535,-0.1103515625,-0.0778522491455078,-0.1313676834106449,-0.125195503234863,-0.111211776733398,-0.081913948059082,-0.114648818969727,-0.143632888793945,-0.1587896347045899
7905,-0.0908985137939453,,,-0.0746488571166992,-0.0919923782348633,,-0.0783205032348633,-0.102460861206055,-0.0679302215576172,-0.0337114334106445,-0.0922269821166992,-0.108086585998535,-0.1103515625,-0.0778522491455078,-0.1313676834106449,-0.125195503234863,-0.111289024353027,-0.081913948059082,-0.114648818969727,-0.143632888793945,-0.1587896347045899
7910,-0.0908985137939453,,,-0.0746488571166992,-0.0919923782348633,,-0.0783205032348633,-0.102460861206055,-0.0679302215576172,-0.0337114334106445,-0.0922269821166992,-0.10800838470459,-0.1103515625,-0.0778522491455078,-0.131289482116699,-0.125195503234863,-0.111211776733398,-0.081913948059082,-0.114648818969727,-0.143632888793945,-0.1587896347045899
7915,-0.0908985137939453,,,-0.0746488571166992,-0.0919923782348633,,-0.0783205032348633,-0.102460861206055,-0.0679302215576172,-0.0337114334106445,-0.0922269821166992,-0.10800838470459,-0.1103515625,-0.0778522491455078,-0.131289482116699,-0.125195503234863,-0.111289024353027,-0.081913948059082,-0.114648818969727,-0.1437110900878909,-0.1587896347045899
7920,-0.0908985137939453,,,-0.0746488571166992,-0.0919923782348633,,-0.0783205032348633,-0.1023836135864259,-0.0679302215576172,-0.0337114334106445,-0.0923051834106445,-0.10800838470459,-0.1103515625,-0.0778522491455078,-0.131289482116699,-0.125195503234863,-0.111289024353027,-0.081913948059082,-0.114727020263672,-0.1437110900878909,-0.1587114334106449
7925,-0.0908985137939453,,,-0.0746488571166992,-0.0919923782348633,,-0.0783205032348633,-0.102227210998535,-0.0679302215576172,-0.0337114334106445,-0.0923051834106445,-0.10800838470459,-0.1103515625,-0.0778522491455078,-0.131289482116699,-0.125195503234863,-0.111289024353027,-0.081913948059082,-0.114727020263672,-0.1437110900878909,-0.1587114334106449
7930,-0.0908985137939453,,,-0.0746488571166992,-0.0919923782348633,,-0.0783205032348633,-0.10214900970459,-0.0679302215576172,-0.0337114334106445,-0.0923051834106445,-0.10800838470459,-0.110273361206055,-0.0778522491455078,-0.131289482116699,-0.125195503234863,-0.111289024353027,-0.081913948059082,-0.114727020263672,-0.1437110900878909,-0.1587114334106449
7935,-0.0908985137939453,,,-0.0746488571166992,-0.0919923782348633,,-0.0783205032348633,-0.102227210998535,-0.0680084228515625,-0.0337114334106445,-0.0923051834106445,-0.10800838470459,-0.1103515625,-0.0778522491455078,-0.131289482116699,-0.125195503234863,-0.111289024353027,-0.081913948059082,-0.114727020263672,-0.1437110900878909,-0.1587114334106449
7940,-0.0908985137939453,,,-0.0746488571166992,-0.0919923782348633,,-0.0783205032348633,-0.102227210998535,-0.0680084228515625,-0.0337114334106445,-0.0923051834106445,-0.10800838470459,-0.1103515625,-0.0778522491455078,-0.131289482116699,-0.125195503234863,-0.111289024353027,-0.081913948059082,-0.114727020263672,-0.1437110900878909,-0.1587114334106449
7945,-0.0908985137939453,,,-0.0746488571166992,-0.0919923782348633,,-0.0783205032348633,-0.102227210998535,-0.0680084228515625,-0.0337114334106445,-0.0923051834106445,-0.10800838470459,-0.1103515625,-0.0777740478515625,-0.131289482116699,-0.125195503234863,-0.111289024353027,-0.081913948059082,-0.114727020263672,-0.1437110900878909,-0.158633232116699
7950,-0.0908985137939453,,,-0.0746488571166992,-0.0919923782348633,,-0.0783205032348633,-0.102070808410645,-0.0680084228515625,-0.0336332321166992,-0.0923051834106445,-0.10800838470459,-0.110273361206055,-0.0777740478515625,-0.131289482116699,-0.125195503234863,-0.111289024353027,-0.081913948059082,-0.114727020263672,-0.1437110900878909,-0.158633232116699
7955,-0.0908985137939453,,,-0.0746488571166992,-0.0919923782348633,,-0.0783205032348633,-0.101992607116699,-0.0680084228515625,-0.0336332321166992,-0.0923051834106445,-0.10800838470459,-0.110273361206055,-0.0777740478515625,-0.131289482116699,-0.125195503234863,-0.111289024353027,-0.081913948059082,-0.114727020263672,-0.1437110900878909,-0.158633232116699
7960,-0.0908985137939453,,,-0.0746488571166992,-0.0919923782348633,,-0.0783205032348633,-0.101836204528809,-0.0680084228515625,-0.0336332321166992,-0.0923051834106445,-0.10800838470459,-0.110273361206055,-0.0777740478515625,-0.131289482116699,-0.125195503234863,-0.111289024353027,-0.0819921493530273,-0.114727020263672,-0.1437110900878909,-0.158633232116699
7965,-0.0908985137939453,,,-0.0745706558227539,-0.0919923782348633,,-0.0783205032348633,-0.101836204528809,-0.0680084228515625,-0.0336332321166992,-0.0923051834106445,-0.10800838470459,-0.110273361206055,-0.0777740478515625,-0.131289482116699,-0.125195503234863,-0.111289024353027,-0.0819921493530273,-0.114727020263672,-0.1437110900878909,-0.158633232116699
7970,-0.0908985137939453,,,-0.0745706558227539,-0.0919923782348633,,-0.0783205032348633,-0.101914405822754,-0.0680084228515625,-0.0336332321166992,-0.0923051834106445,-0.10800838470459,-0.110273361206055,-0.0777740478515625,-0.131289482116699,-0.125195503234863,-0.111289024353027,-0.0819921493530273,-0.114805221557617,-0.1437110900878909,-0.158555030822754
7975,-0.0908985137939453,,,-0.0745706558227539,-0.0919923782348633,,-0.0783205032348633,-0.101914405822754,-0.0680084228515625,-0.0336332321166992,-0.0923051834106445,-0.10800838470459,-0.110273361206055,-0.0777740478515625,-0.131289482116699,-0.125195503234863,-0.111289024353027,-0.0819921493530273,-0.114805221557617,-0.1437110900878909,-0.158555030822754
7980,-0.0908985137939453,,,-0.0745706558227539,-0.0919923782348633,,-0.0783205032348633,-0.101914405822754,-0.0680084228515625,-0.0336332321166992,-0.0923051834106445,-0.10800838470459,-0.110273361206055,-0.0777740478515625,-0.131289482116699,-0.125195503234863,-0.111289024353027,-0.0819921493530273,-0.114805221557617,-0.1437110900878909,-0.158555030822754
7985,-0.0908985137939453,,,-0.0745706558227539,-0.0919923782348633,,-0.0783205032348633,-0.101914405822754,-0.0680084228515625,-0.0336332321166992,-0.0923051834106445,-0.10800838470459,-0.110273361206055,-0.0777740478515625,-0.131289482116699,-0.125195503234863,-0.111289024353027,-0.0819921493530273,-0.114805221557617,-0.1437110900878909,-0.158555030822754
7990,-0.0908985137939453,,,-0.0745706558227539,-0.0919923782348633,,-0.0783205032348633,-0.101836204528809,-0.0680084228515625,-0.0336332321166992,-0.0923051834106445,-0.10800838470459,-0.110273361206055,-0.0777740478515625,-0.131289482116699,-0.125195503234863,-0.111289024353027,-0.0819921493530273,-0.114805221557617,-0.1437110900878909,-0.1584768295288089
7995,-0.0908985137939453,,,-0.0745706558227539,-0.0919923782348633,,-0.0783205032348633,-0.101679801940918,-0.0680084228515625,-0.0335550308227539,-0.0923051834106445,-0.107930183410645,-0.110273361206055,-0.0776958465576172,-0.131289482116699,-0.125117301940918,-0.111289024353027,-0.0819921493530273,-0.114805221557617,-0.1437110900878909,-0.1584768295288089
8000,-0.0908985137939453,,,-0.0745706558227539,-0.0919923782348633,,-0.0783205032348633,-0.101679801940918,-0.0680084228515625,-0.0335550308227539,-0.0923051834106445,-0.107930183410645,-0.110273361206055,-0.0776958465576172,-0.131289482116699,-0.125117301940918,-0.111289024353027,-0.0819921493530273,-0.114805221557617,-0.1437110900878909,-0.1584768295288089
8005,-0.0908985137939453,,,-0.0745706558227539,-0.0919923782348633,,-0.0783205032348633,-0.101679801940918,-0.0680084228515625,-0.0335550308227539,-0.0923051834106445,-0.107930183410645,-0.110273361206055,-0.0776958465576172,-0.131289482116699,-0.125117301940918,-0.111289024353027,-0.0819921493530273,-0.114805221557617,-0.1437110900878909,-0.1584768295288089
8010,-0.0908985137939453,,,-0.0745706558227539,-0.0919923782348633,,-0.0783205032348633,-0.101679801940918,-0.0680084228515625,-0.0335550308227539,-0.0923051834106445,-0.107930183410645,-0.110273361206055,-0.0776958465576172,-0.131289482116699,-0.125117301940918,-0.111289024353027,-0.0819921493530273,-0.114805221557617,-0.1437110900878909,-0.1584768295288089
8015,-0.0908985137939453,,,-0.0745706558227539,-0.0919923782348633,,-0.0783205032348633,-0.101679801940918,-0.0680084228515625,-0.0335550308227539,-0.0923833847045898,-0.107930183410645,-0.110273361206055,-0.0776958465576172,-0.131289482116699,-0.125117301940918,-0.111289024353027,-0.0819921493530273,-0.114805221557617,-0.1437110900878909,-0.158398628234863
8020,-0.0908985137939453,,,-0.0745706558227539,-0.0919923782348633,,-0.0783205032348633,-0.101679801940918,-0.0680084228515625,-0.0335550308227539,-0.0923833847045898,-0.107930183410645,-0.110273361206055,-0.0776958465576172,-0.131289482116699,-0.125117301940918,-0.111289024353027,-0.0819921493530273,-0.114805221557617,-0.1437110900878909,-0.158398628234863
8025,-0.0908985137939453,,,-0.0745706558227539,-0.0919923782348633,,-0.0783205032348633,-0.101445198059082,-0.0680084228515625,-0.0335550308227539,-0.0923833847045898,-0.107930183410645,-0.110273361206055,-0.0776958465576172,-0.131289482116699,-0.125117301940918,-0.111289024353027,-0.0819921493530273,-0.114883422851562,-0.1437110900878909,-0.158398628234863
8030,-0.0908203125,,,-0.0745706558227539,-0.0919923782348633,,-0.0783205032348633,-0.101367950439453,-0.0680084228515625,-0.0335550308227539,-0.0923833847045898,-0.107930183410645,-0.110273361206055,-0.0776958465576172,-0.131289482116699,-0.125117301940918,-0.111289024353027,-0.0819921493530273,-0.114883422851562,-0.143789291381836,-0.158398628234863
8035,-0.0908203125,,,-0.0744924545288086,-0.0919923782348633,,-0.0783205032348633,-0.101211547851562,-0.0680084228515625,-0.0335550308227539,-0.0923833847045898,-0.107930183410645,-0.110273361206055,-0.0776958465576172,-0.131289482116699,-0.125117301940918,-0.111367225646973,-0.0819921493530273,-0.114883422851562,-0.143789291381836,-0.158398628234863
8040,-0.0908203125,,,-0.0744924545288086,-0.0919923782348633,,-0.0783205032348633,-0.101133346557617,-0.0680084228515625,-0.0335550308227539,-0.0923833847045898,-0.107930183410645,-0.110273361206055,-0.0776958465576172,-0.131289482116699,-0.125117301940918,-0.111367225646973,-0.0819921493530273,-0.114883422851562,-0.143789291381836,-0.158320426940918
8045,-0.0908203125,,,-0.0744924545288086,-0.0919923782348633,,-0.0783205032348633,-0.101055145263672,-0.0680866241455078,-0.0335550308227539,-0.0923833847045898,-0.107930183410645,-0.110273361206055,-0.0776958465576172,-0.131211280822754,-0.125117301940918,-0.111367225646973,-0.0819921493530273,-0.114883422851562,-0.143789291381836,-0.158320426940918
8050,-0.0908203125,,,-0.0744924545288086,-0.0919923782348633,,-0.0783205032348633,-0.100976943969727,-0.0680084228515625,-0.0335550308227539,-0.0923833847045898,-0.107930183410645,-0.110273361206055,-0.0776958465576172,-0.131211280822754,-0.125117301940918,-0.111367225646973,-0.0819921493530273,-0.114883422851562,-0.143789291381836,-0.158320426940918
8055,-0.0908203125,,,-0.0744924545288086,-0.0919923782348633,,-0.0783205032348633,-0.100898742675781,-0.0680866241455078,-0.0334768295288086,-0.0923833847045898,-0.107930183410645,-0.110273361206055,-0.0776958465576172,-0.131211280822754,-0.125117301940918,-0.111367225646973,-0.0820703506469727,-0.114883422851562,-0.143789291381836,-0.158320426940918
8060,-0.0908203125,,,-0.0744924545288086,-0.0919923782348633,,-0.0783205032348633,-0.100976943969727,-0.0680866241455078,-0.0334768295288086,-0.0923833847045898,-0.107930183410645,-0.110273361206055,-0.0776176452636719,-0.131211280822754,-0.125117301940918,-0.111367225646973,-0.0820703506469727,-0.114883422851562,-0.143789291381836,-0.158243179321289
8065,-0.0908203125,,,-0.0744924545288086,-0.0919923782348633,,-0.0783205032348633,-0.100976943969727,-0.0680866241455078,-0.0334768295288086,-0.0923833847045898,-0.107930183410645,-0.110273361206055,-0.0776176452636719,-0.131211280822754,-0.125117301940918,-0.111367225646973,-0.0820703506469727,-0.114883422851562,-0.143789291381836,-0.158243179321289
8070,-0.0908203125,,,-0.0744924545288086,-0.0919923782348633,,-0.078242301940918,-0.100976943969727,-0.0680866241455078,-0.0334768295288086,-0.0923833847045898,-0.107930183410645,-0.110273361206055,-0.0776176452636719,-0.131211280822754,-0.125117301940918,-0.111367225646973,-0.0820703506469727,-0.1149616241455079,-0.143789291381836,-0.158243179321289
8075,-0.0908203125,,,-0.0744924545288086,-0.0919923782348633,,-0.078242301940918,-0.100976943969727,-0.0680866241455078,-0.0334768295288086,-0.0923833847045898,-0.107930183410645,-0.110273361206055,-0.0776176452636719,-0.131211280822754,-0.125117301940918,-0.111367225646973,-0.0820703506469727,-0.1149616241455079,-0.143789291381836,-0.158243179321289
8080,-0.0908203125,,,-0.0744924545288086,-0.091914176940918,,-0.078242301940918,-0.100898742675781,-0.0680866241455078,-0.0334768295288086,-0.0923833847045898,-0.107930183410645,-0.110273361206055,-0.0776176452636719,-0.131211280822754,-0.125117301940918,-0.111367225646973,-0.0820703506469727,-0.1149616241455079,-0.143789291381836,-0.158243179321289
8085,-0.0908203125,,,-0.0744924545288086,-0.091914176940918,,-0.078242301940918,-0.1008205413818359,-0.0680866241455078,-0.0334768295288086,-0.0923833847045898,-0.107930183410645,-0.110273361206055,-0.0776176452636719,-0.131211280822754,-0.125117301940918,-0.111367225646973,-0.0820703506469727,-0.1149616241455079,-0.143789291381836,-0.158164978027344
8090,-0.0908203125,,,-0.0744924545288086,-0.091914176940918,,-0.078242301940918,-0.100742340087891,-0.0680866241455078,-0.0334768295288086,-0.0923833847045898,-0.107930183410645,-0.110273361206055,-0.0776176452636719,-0.131211280822754,-0.125117301940918,-0.111367225646973,-0.0820703506469727,-0.1149616241455079,-0.143789291381836,-0.158164978027344
8095,-0.0908203125,,,-0.0744924545288086,-0.091914176940918,,-0.078242301940918,-0.100664138793945,-0.0680866241455078,-0.0334768295288086,-0.0923833847045898,-0.107930183410645,-0.110273361206055,-0.0776176452636719,-0.131211280822754,-0.125117301940918,-0.111367225646973,-0.0820703506469727,-0.1149616241455079,-0.143789291381836,-0.158164978027344
8100,-0.0908203125,,,-0.0744142532348633,-0.091914176940918,,-0.078242301940918,-0.1005859375,-0.0680866241455078,-0.0334768295288086,-0.0923833847045898,-0.107851982116699,-0.1101961135864259,-0.0776176452636719,-0.131211280822754,-0.125117301940918,-0.111367225646973,-0.0820703506469727,-0.1149616241455079,-0.143789291381836,-0.158164978027344
8105,-0.0908203125,,,-0.0744142532348633,-0.091914176940918,,-0.078242301940918,-0.100507736206055,-0.0680866241455078,-0.0334768295288086,-0.0923833847045898,-0.107930183410645,-0.110273361206055,-0.0776176452636719,-0.131211280822754,-0.125039100646973,-0.111367225646973,-0.0820703506469727,-0.1149616241455079,-0.143789291381836,-0.158164978027344
8110,-0.0908203125,,,-0.0744142532348633,-0.091914176940918,,-0.078242301940918,-0.1004304885864259,-0.0680866241455078,-0.0334768295288086,-0.0924615859985352,-0.107851982116699,-0.110273361206055,-0.0775394439697266,-0.131211280822754,-0.125039100646973,-0.111367225646973,-0.0820703506469727,-0.1149616241455079,-0.143789291381836,-0.158086776733398
8115,-0.0908203125,,,-0.0744142532348633,-0.091914176940918,,-0.078242301940918,-0.10035228729248,-0.0680866241455078,-0.0333986282348633,-0.0923833847045898,-0.107851982116699,-0.1101961135864259,-0.0775394439697266,-0.131211280822754,-0.125117301940918,-0.111367225646973,-0.0820703506469727,-0.1149616241455079,-0.143789291381836,-0.158086776733398
8120,-0.0908203125,,,-0.0744142532348633,-0.091914176940918,,-0.078242301940918,-0.100274085998535,-0.0680866241455078,-0.0333986282348633,-0.0924615859985352,-0.107851982116699,-0.1101961135864259,-0.0775394439697266,-0.131211280822754,-0.125039100646973,-0.111367225646973,-0.0820703506469727,-0.115039825439453,-0.143867492675781,-0.158086776733398
8125,-0.0908203125,,,-0.0744142532348633,-0.091914176940918,,-0.078242301940918,-0.100117683410645,-0.0680866241455078,-0.0333986282348633,-0.0924615859985352,-0.107851982116699,-0.1101961135864259,-0.0775394439697266,-0.131211280822754,-0.125039100646973,-0.111367225646973,-0.0820703506469727,-0.115039825439453,-0.143867492675781,-0.158086776733398
8130,-0.0908203125,,,-0.0744142532348633,-0.091914176940918,,-0.078242301940918,-0.0999612808227539,-0.0680866241455078,-0.0333986282348633,-0.0924615859985352,-0.107851982116699,-0.1101961135864259,-0.0775394439697266,-0.131211280822754,-0.125039100646973,-0.111367225646973,-0.0820703506469727,-0.115039825439453,-0.143867492675781,-0.158086776733398
8135,-0.0908203125,,,-0.0744142532348633,-0.091914176940918,,-0.078242301940918,-0.0998048782348633,-0.0680866241455078,-0.0333986282348633,-0.0924615859985352,-0.107851982116699,-0.1101961135864259,-0.0775394439697266,-0.131211280822754,-0.125039100646973,-0.111367225646973,-0.0820703506469727,-0.115039825439453,-0.143867492675781,-0.158008575439453
8140,-0.0908203125,,,-0.0744142532348633,-0.091914176940918,,-0.078242301940918,-0.099726676940918,-0.0680866241455078,-0.0333986282348633,-0.0924615859985352,-0.107851982116699,-0.1101961135864259,-0.0775394439697266,-0.131211280822754,-0.125039100646973,-0.111367225646973,-0.0820703506469727,-0.115039825439453,-0.143867492675781,-0.158008575439453
8145,-0.0908203125,,,-0.0744142532348633,-0.091914176940918,,-0.078242301940918,-0.0995702743530273,-0.0680866241455078,-0.0333986282348633,-0.0924615859985352,-0.107851982116699,-0.1101961135864259,-0.0775394439697266,-0.131211280822754,-0.125039100646973,-0.111367225646973,-0.0820703506469727,-0.115039825439453,-0.143867492675781,-0.158008575439453
8150,-0.0908203125,,,-0.074336051940918,-0.091914176940918,,-0.078242301940918,-0.099492073059082,-0.0680866241455078,-0.0333986282348633,-0.0924615859985352,-0.107851982116699,-0.1101961135864259,-0.0775394439697266,-0.131211280822754,-0.125039100646973,-0.111367225646973,-0.0820703506469727,-0.115039825439453,-0.143867492675781,-0.158008575439453
8155,-0.0908203125,,,-0.0744142532348633,-0.091914176940918,,-0.078242301940918,-0.099492073059082,-0.0680866241455078,-0.0333986282348633,-0.0924615859985352,-0.107851982116699,-0.1101961135864259,-0.0775394439697266,-0.131211280822754,-0.125039100646973,-0.111367225646973,-0.0820703506469727,-0.115039825439453,-0.143867492675781,-0.158008575439453
8160,-0.0908203125,,,-0.074336051940918,-0.091914176940918,,-0.078242301940918,-0.0994148254394531,-0.0680866241455078,-0.0333986282348633,-0.0924615859985352,-0.107851982116699,-0.1101961135864259,-0.0774612426757812,-0.131211280822754,-0.125039100646973,-0.111367225646973,-0.0820703506469727,-0.115039825439453,-0.143867492675781,-0.157930374145508
8165,-0.0908203125,,,-0.074336051940918,-0.091914176940918,,-0.078242301940918,-0.0994148254394531,-0.0680866241455078,-0.0333986282348633,-0.0924615859985352,-0.107851982116699,-0.1101961135864259,-0.0774612426757812,-0.131211280822754,-0.125039100646973,-0.111367225646973,-0.0820703506469727,-0.115039825439453,-0.143867492675781,-0.157930374145508
8170,-0.0908203125,,,-0.074336051940918,-0.091914176940918,,-0.078242301940918,-0.0993366241455078,-0.0680866241455078,-0.0333986282348633,-0.0924615859985352,-0.107851982116699,-0.1101961135864259,-0.0774612426757812,-0.131211280822754,-0.125039100646973,-0.111445426940918,-0.082148551940918,-0.115118026733398,-0.143867492675781,-0.157930374145508
8175,-0.0908203125,,,-0.074336051940918,-0.091914176940918,,-0.078242301940918,-0.0993366241455078,-0.0680866241455078,-0.0333204269409179,-0.0924615859985352,-0.107851982116699,-0.1101961135864259,-0.0774612426757812,-0.131211280822754,-0.125039100646973,-0.111367225646973,-0.082148551940918,-0.115039825439453,-0.143867492675781,-0.157930374145508
8180,-0.0908203125,,,-0.074336051940918,-0.091914176940918,,-0.078242301940918,-0.0992584228515625,-0.0680866241455078,-0.0333204269409179,-0.0924615859985352,-0.107851982116699,-0.1101961135864259,-0.0774612426757812,-0.1311330795288089,-0.125039100646973,-0.111445426940918,-0.082148551940918,-0.115118026733398,-0.143867492675781,-0.157930374145508
8185,-0.0908203125,,,-0.074336051940918,-0.091914176940918,,-0.078242301940918,-0.0991802215576172,-0.0680866241455078,-0.0333204269409179,-0.0924615859985352,-0.107851982116699,-0.1101961135864259,-0.0774612426757812,-0.1311330795288089,-0.125039100646973,-0.111367225646973,-0.082148551940918,-0.115118026733398,-0.143867492675781,-0.157852172851562
8190,-0.0908203125,,,-0.074336051940918,-0.091914176940918,,-0.078242301940918,-0.0991020202636719,-0.0680866241455078,-0.0333204269409179,-0.0924615859985352,-0.107851982116699,-0.1101961135864259,-0.0774612426757812,-0.1311330795288089,-0.125039100646973,-0.111367225646973,-0.082148551940918,-0.115118026733398,-0.143867492675781,-0.157852172851562
8195,-0.0908203125,,,-0.074336051940918,-0.091914176940918,,-0.078242301940918,-0.0991020202636719,-0.0680866241455078,-0.0333204269409179,-0.0924615859985352,-0.107851982116699,-0.1101961135864259,-0.0774612426757812,-0.1311330795288089,-0.125039100646973,-0.111445426940918,-0.082148551940918,-0.115118026733398,-0.143867492675781,-0.157852172851562
8200,-0.0908203125,,,-0.074336051940918,-0.091914176940918,,-0.078242301940918,-0.0991020202636719,-0.0681638717651367,-0.0333204269409179,-0.0924615859985352,-0.107851982116699,-0.1101961135864259,-0.0774612426757812,-0.1311330795288089,-0.125039100646973,-0.111445426940918,-0.082148551940918,-0.115118026733398,-0.143867492675781,-0.157852172851562
8205,-0.0908203125,,,-0.074336051940918,-0.091914176940918,,-0.078242301940918,-0.0990238189697266,-0.0681638717651367,-0.0333204269409179,-0.0924615859985352,-0.107851982116699,-0.1101961135864259,-0.0774612426757812,-0.1311330795288089,-0.125039100646973,-0.111445426940918,-0.082148551940918,-0.115118026733398,-0.143867492675781,-0.157773971557617
8210,-0.0908203125,,,-0.074336051940918,-0.091914176940918,,-0.078242301940918,-0.0990238189697266,-0.0681638717651367,-0.0333204269409179,-0.0924615859985352,-0.107851982116699,-0.1101961135864259,-0.0773830413818359,-0.1311330795288089,-0.125039100646973,-0.111445426940918,-0.082148551940918,-0.115118026733398,-0.143867492675781,-0.157773971557617
8215,-0.0908203125,,,-0.074336051940918,-0.091914176940918,,-0.078242301940918,-0.0989456176757812,-0.0681638717651367,-0.0333204269409179,-0.0925397872924805,-0.107851982116699,-0.1101961135864259,-0.0773830413818359,-0.1311330795288089,-0.125039100646973,-0.111445426940918,-0.082148551940918,-0.115118026733398,-0.143867492675781,-0.157773971557617
8220,-0.0908203125,,,-0.074336051940918,-0.091914176940918,,-0.078242301940918,-0.0988674163818359,-0.0681638717651367,-0.0333204269409179,-0.0925397872924805,-0.107851982116699,-0.1101961135864259,-0.0773830413818359,-0.1311330795288089,-0.125039100646973,-0.111445426940918,-0.082148551940918,-0.115118026733398,-0.143867492675781,-0.157773971557617
8225,-0.0908203125,,,-0.0742578506469727,-0.091914176940918,,-0.078242301940918,-0.0988674163818359,-0.0681638717651367,-0.0333204269409179,-0.0925397872924805,-0.107773780822754,-0.1101961135864259,-0.0773830413818359,-0.1311330795288089,-0.125039100646973,-0.111445426940918,-0.082148551940918,-0.115195274353027,-0.143867492675781,-0.157773971557617
8230,-0.0908203125,,,-0.0742578506469727,-0.091914176940918,,-0.078242301940918,-0.0987892150878906,-0.0681638717651367,-0.0333204269409179,-0.0925397872924805,-0.107773780822754,-0.1101961135864259,-0.0773830413818359,-0.1311330795288089,-0.125039100646973,-0.111445426940918,-0.082148551940918,-0.115195274353027,-0.143867492675781,-0.157773971557617
8235,-0.0908203125,,,-0.0742578506469727,-0.091914176940918,,-0.078242301940918,-0.0987892150878906,-0.0681638717651367,-0.0333204269409179,-0.0925397872924805,-0.107773780822754,-0.1101961135864259,-0.0773830413818359,-0.1311330795288089,-0.125039100646973,-0.111445426940918,-0.082148551940918,-0.115195274353027,-0.143867492675781,-0.1576957702636719
8240,-0.0908203125,,,-0.0742578506469727,-0.091914176940918,,-0.078242301940918,-0.0987110137939453,-0.0681638717651367,-0.0333204269409179,-0.0925397872924805,-0.107773780822754,-0.1101961135864259,-0.0773830413818359,-0.1311330795288089,-0.125039100646973,-0.111445426940918,-0.082148551940918,-0.115195274353027,-0.143867492675781,-0.1576957702636719
8245,-0.0908203125,,,-0.0742578506469727,-0.091914176940918,,-0.078242301940918,-0.0987110137939453,-0.0681638717651367,-0.0333204269409179,-0.0925397872924805,-0.107773780822754,-0.1101961135864259,-0.0773830413818359,-0.1311330795288089,-0.124960899353027,-0.111445426940918,-0.082148551940918,-0.115195274353027,-0.1439456939697269,-0.1576957702636719
8250,-0.0908203125,,,-0.0742578506469727,-0.091914176940918,,-0.078242301940918,-0.0986328125,-0.0681638717651367,-0.0332422256469727,-0.0925397872924805,-0.107773780822754,-0.1101961135864259,-0.0773048400878906,-0.1311330795288089,-0.124960899353027,-0.111445426940918,-0.082148551940918,-0.115195274353027,-0.1439456939697269,-0.1576957702636719
8255,-0.0908203125,,,-0.0742578506469727,-0.091914176940918,,-0.078242301940918,-0.0986328125,-0.0681638717651367,-0.0332422256469727,-0.0925397872924805,-0.107773780822754,-0.1101961135864259,-0.0773048400878906,-0.1311330795288089,-0.125039100646973,-0.111445426940918,-0.082148551940918,-0.115195274353027,-0.1439456939697269,-0.1576175689697269
8260,-0.0908203125,,,-0.0742578506469727,-0.091914176940918,,-0.078242301940918,-0.0985546112060547,-0.0681638717651367,-0.0332422256469727,-0.0925397872924805,-0.107773780822754,-0.1101961135864259,-0.0773048400878906,-0.1311330795288089,-0.124960899353027,-0.111445426940918,-0.082148551940918,-0.115195274353027,-0.1439456939697269,-0.1576175689697269
8265,-0.0907421112060547,,,-0.0742578506469727,-0.091914176940918,,-0.078242301940918,-0.0985546112060547,-0.0681638717651367,-0.0332422256469727,-0.0925397872924805,-0.107773780822754,-0.1101961135864259,-0.0773048400878906,-0.1311330795288089,-0.124960899353027,-0.111445426940918,-0.082148551940918,-0.115195274353027,-0.1439456939697269,-0.1576175689697269
8270,-0.0907421112060547,,,-0.0742578506469727,-0.091914176940918,,-0.078242301940918,-0.0984773635864258,-0.0681638717651367,-0.0332422256469727,-0.0925397872924805,-0.107773780822754,-0.1101961135864259,-0.0773048400878906,-0.1311330795288089,-0.124960899353027,-0.111445426940918,-0.082148551940918,-0.115195274353027,-0.1439456939697269,-0.1576175689697269
8275,-0.0907421112060547,,,-0.0742578506469727,-0.091914176940918,,-0.078242301940918,-0.0984773635864258,-0.0681638717651367,-0.0332422256469727,-0.0925397872924805,-0.107773780822754,-0.1101961135864259,-0.0773048400878906,-0.1311330795288089,-0.124960899353027,-0.111445426940918,-0.082148551940918,-0.115195274353027,-0.1439456939697269,-0.1576175689697269
8280,-0.0908203125,,,-0.0742578506469727,-0.091914176940918,,-0.078242301940918,-0.0983991622924805,-0.0681638717651367,-0.0332422256469727,-0.0925397872924805,-0.107773780822754,-0.1101961135864259,-0.0773048400878906,-0.1311330795288089,-0.124960899353027,-0.111445426940918,-0.082148551940918,-0.115195274353027,-0.1439456939697269,-0.157539367675781
8285,-0.0908203125,,,-0.0742578506469727,-0.091914176940918,,-0.078242301940918,-0.0983991622924805,-0.0681638717651367,-0.0332422256469727,-0.0925397872924805,-0.107773780822754,-0.1101961135864259,-0.0773048400878906,-0.1311330795288089,-0.124960899353027,-0.111445426940918,-0.082148551940918,-0.115273475646973,-0.1439456939697269,-0.157539367675781
8290,-0.0908203125,,,-0.0741796493530273,-0.091914176940918,,-0.078242301940918,-0.0983209609985352,-0.0681638717651367,-0.0332422256469727,-0.0925397872924805,-0.107773780822754,-0.1101961135864259,-0.0773048400878906,-0.1311330795288089,-0.124960899353027,-0.111445426940918,-0.082148551940918,-0.115273475646973,-0.1439456939697269,-0.157539367675781
8295,-0.0908203125,,,-0.0741796493530273,-0.091914176940918,,-0.078242301940918,-0.0983209609985352,-0.0681638717651367,-0.0332422256469727,-0.0925397872924805,-0.107773780822754,-0.1101961135864259,-0.0773048400878906,-0.1311330795288089,-0.124960899353027,-0.111445426940918,-0.082148551940918,-0.115273475646973,-0.1439456939697269,-0.157539367675781
8300,-0.0908203125,,,-0.0741796493530273,-0.091914176940918,,-0.078242301940918,-0.0982427597045898,-0.0681638717651367,-0.0332422256469727,-0.0925397872924805,-0.107773780822754,-0.1101961135864259,-0.0772266387939453,-0.131054878234863,-0.124960899353027,-0.111445426940918,-0.082148551940918,-0.115273475646973,-0.1439456939697269,-0.157539367675781
8305,-0.0908203125,,,-0.0741796493530273,-0.091914176940918,,-0.078242301940918,-0.0982427597045898,-0.0681638717651367,-0.0332422256469727,-0.0925397872924805,-0.107773780822754,-0.1101961135864259,-0.0772266387939453,-0.131054878234863,-0.124960899353027,-0.111445426940918,-0.082148551940918,-0.115273475646973,-0.1439456939697269,-0.157539367675781
8310,-0.0908203125,,,-0.0741796493530273,-0.091914176940918,,-0.078242301940918,-0.0981645584106445,-0.0681638717651367,-0.0332422256469727,-0.0925397872924805,-0.107773780822754,-0.1101961135864259,-0.0772266387939453,-0.131054878234863,-0.124960899353027,-0.111445426940918,-0.082148551940918,-0.115273475646973,-0.1439456939697269,-0.157461166381836
8315,-0.0908203125,,,-0.0741796493530273,-0.091914176940918,,-0.078242301940918,-0.0980863571166992,-0.0681638717651367,-0.0332422256469727,-0.0925397872924805,-0.107773780822754,-0.1101961135864259,-0.0772266387939453,-0.131054878234863,-0.124960899353027,-0.111445426940918,-0.082148551940918,-0.115273475646973,-0.1439456939697269,-0.157461166381836
8320,-0.0908203125,,,-0.0741796493530273,-0.091914176940918,,-0.078242301940918,-0.0980081558227539,-0.0681638717651367,-0.0332422256469727,-0.0925397872924805,-0.107773780822754,-0.1101961135864259,-0.0772266387939453,-0.131054878234863,-0.124960899353027,-0.111523628234863,-0.082148551940918,-0.115273475646973,-0.1439456939697269,-0.157461166381836
8325,-0.0908203125,,,-0.0741796493530273,-0.091914176940918,,-0.078242301940918,-0.0979299545288086,-0.0681638717651367,-0.0332422256469727,-0.0926170349121094,-0.107773780822754,-0.1101961135864259,-0.0772266387939453,-0.131054878234863,-0.124960899353027,-0.111523628234863,-0.082148551940918,-0.115273475646973,-0.1439456939697269,-0.157461166381836
8330,-0.0908203125,,,-0.0741796493530273,-0.091914176940918,,-0.078242301940918,-0.0978517532348633,-0.0681638717651367,-0.0331640243530273,-0.0925397872924805,-0.107773780822754,-0.1101961135864259,-0.0772266387939453,-0.131054878234863,-0.124960899353027,-0.111523628234863,-0.082148551940918,-0.115273475646973,-0.1439456939697269,-0.157461166381836
8335,-0.0908203125,,,-0.0741796493530273,-0.091914176940918,,-0.078242301940918,-0.097773551940918,-0.0681638717651367,-0.0331640243530273,-0.0926170349121094,-0.107773780822754,-0.1101961135864259,-0.0772266387939453,-0.131054878234863,-0.124960899353027,-0.111523628234863,-0.082148551940918,-0.115273475646973,-0.1439456939697269,-0.1573829650878909
8340,-0.0908203125,,,-0.0741796493530273,-0.091914176940918,,-0.078242301940918,-0.0976953506469727,-0.0681638717651367,-0.0331640243530273,-0.0926170349121094,-0.107773780822754,-0.1101961135864259,-0.0772266387939453,-0.131054878234863,-0.124960899353027,-0.111523628234863,-0.0822267532348633,-0.115351676940918,-0.1439456939697269,-0.1573829650878909
8345,-0.0908203125,,,-0.0741796493530273,-0.091914176940918,,-0.078242301940918,-0.0976171493530273,-0.0681638717651367,-0.0331640243530273,-0.0926170349121094,-0.107773780822754,-0.11011791229248,-0.0772266387939453,-0.131054878234863,-0.124960899353027,-0.111523628234863,-0.0822267532348633,-0.115351676940918,-0.1439456939697269,-0.1573829650878909
8350,-0.0908203125,,,-0.0741796493530273,-0.091914176940918,,-0.078242301940918,-0.097538948059082,-0.0681638717651367,-0.0331640243530273,-0.0926170349121094,-0.107773780822754,-0.1101961135864259,-0.0771484375,-0.131054878234863,-0.124960899353027,-0.111523628234863,-0.0822267532348633,-0.115351676940918,-0.1439456939697269,-0.1573829650878909
8355,-0.0908203125,,,-0.0741796493530273,-0.091914176940918,,-0.078242301940918,-0.097538948059082,-0.0681638717651367,-0.0331640243530273,-0.0926170349121094,-0.107773780822754,-0.1101961135864259,-0.0771484375,-0.131054878234863,-0.124960899353027,-0.111523628234863,-0.0822267532348633,-0.115351676940918,-0.1439456939697269,-0.1573829650878909
8360,-0.0908203125,,,-0.074101448059082,-0.091914176940918,,-0.078242301940918,-0.0974617004394531,-0.0681638717651367,-0.0331640243530273,-0.0926170349121094,-0.107773780822754,-0.11011791229248,-0.0771484375,-0.131054878234863,-0.124960899353027,-0.111523628234863,-0.0822267532348633,-0.115351676940918,-0.1439456939697269,-0.157305717468262
8365,-0.0908203125,,,-0.074101448059082,-0.091914176940918,,-0.078242301940918,-0.0973834991455078,-0.0681638717651367,-0.0331640243530273,-0.0926170349121094,-0.107773780822754,-0.11011791229248,-0.0771484375,-0.131054878234863,-0.124960899353027,-0.111523628234863,-0.0822267532348633,-0.115351676940918,-0.1439456939697269,-0.157305717468262
8370,-0.0908203125,,,-0.074101448059082,-0.091914176940918,,-0.078242301940918,-0.0973052978515625,-0.0681638717651367,-0.0331640243530273,-0.0926170349121094,-0.107773780822754,-0.11011791229248,-0.0771484375,-0.131054878234863,-0.124960899353027,-0.111523628234863,-0.0822267532348633,-0.115351676940918,-0.1440238952636719,-0.157305717468262
8375,-0.0908203125,,,-0.074101448059082,-0.091914176940918,,-0.078242301940918,-0.0973052978515625,-0.068242073059082,-0.0331640243530273,-0.0926170349121094,-0.107773780822754,-0.11011791229248,-0.0771484375,-0.131054878234863,-0.124960899353027,-0.111523628234863,-0.0822267532348633,-0.115351676940918,-0.1440238952636719,-0.157305717468262
8380,-0.0908203125,,,-0.074101448059082,-0.091914176940918,,-0.078242301940918,-0.0972270965576172,-0.0681638717651367,-0.0331640243530273,-0.0926170349121094,-0.107695579528809,-0.11011791229248,-0.0771484375,-0.131054878234863,-0.124960899353027,-0.111523628234863,-0.0822267532348633,-0.115351676940918,-0.1440238952636719,-0.157305717468262
8385,-0.0908203125,,,-0.074101448059082,-0.091914176940918,,-0.078242301940918,-0.0971488952636719,-0.0681638717651367,-0.0331640243530273,-0.0926170349121094,-0.107695579528809,-0.11011791229248,-0.0771484375,-0.131054878234863,-0.124960899353027,-0.111523628234863,-0.0822267532348633,-0.115351676940918,-0.1440238952636719,-0.157227516174316
8390,-0.0908203125,,,-0.074101448059082,-0.091914176940918,,-0.078242301940918,-0.0970706939697266,-0.0681638717651367,-0.0331640243530273,-0.0926170349121094,-0.107695579528809,-0.11011791229248,-0.0771484375,-0.131054878234863,-0.124960899353027,-0.111523628234863,-0.0822267532348633,-0.115429878234863,-0.1440238952636719,-0.157227516174316
8395,-0.0908203125,,,-0.074101448059082,-0.091914176940918,,-0.078242301940918,-0.0970706939697266,-0.0681638717651367,-0.0331640243530273,-0.0926170349121094,-0.107695579528809,-0.11011791229248,-0.0771484375,-0.131054878234863,-0.124960899353027,-0.111523628234863,-0.0822267532348633,-0.115429878234863,-0.1440238952636719,-0.157227516174316
8400,-0.0908203125,,,-0.074101448059082,-0.091914176940918,,-0.078242301940918,-0.0969924926757812,-0.0681638717651367,-0.0331640243530273,-0.0926170349121094,-0.107695579528809,-0.11011791229248,-0.0771484375,-0.130976676940918,-0.124960899353027,-0.111523628234863,-0.0822267532348633,-0.115429878234863,-0.1440238952636719,-0.157227516174316
8405,-0.0908203125,,,-0.074101448059082,-0.091914176940918,,-0.078242301940918,-0.0969142913818359,-0.0681638717651367,-0.033085823059082,-0.0926170349121094,-0.107695579528809,-0.11011791229248,-0.0771484375,-0.131054878234863,-0.124960899353027,-0.111523628234863,-0.0822267532348633,-0.115429878234863,-0.1440238952636719,-0.157227516174316
8410,-0.0908203125,,,-0.074101448059082,-0.091914176940918,,-0.078242301940918,-0.0969142913818359,-0.068242073059082,-0.0331640243530273,-0.0926170349121094,-0.107695579528809,-0.11011791229248,-0.0770702362060547,-0.130976676940918,-0.124960899353027,-0.111523628234863,-0.0822267532348633,-0.115429878234863,-0.1440238952636719,-0.157227516174316
8415,-0.0908203125,,,-0.074101448059082,-0.091914176940918,,-0.078242301940918,-0.0968360900878906,-0.068242073059082,-0.033085823059082,-0.0926170349121094,-0.107695579528809,-0.11011791229248,-0.0770702362060547,-0.130976676940918,-0.124883651733398,-0.111523628234863,-0.0822267532348633,-0.115429878234863,-0.1440238952636719,-0.157149314880371
8420,-0.0908203125,,,-0.074101448059082,-0.091914176940918,,-0.078242301940918,-0.0968360900878906,-0.068242073059082,-0.033085823059082,-0.0926170349121094,-0.107695579528809,-0.11011791229248,-0.0770702362060547,-0.130976676940918,-0.124883651733398,-0.111523628234863,-0.0822267532348633,-0.115429878234863,-0.1440238952636719,-0.157149314880371
8425,-0.0908203125,,,-0.074101448059082,-0.091914176940918,,-0.078242301940918,-0.0967578887939453,-0.068242073059082,-0.033085823059082,-0.0926170349121094,-0.107695579528809,-0.11011791229248,-0.0770702362060547,-0.130976676940918,-0.124883651733398,-0.111523628234863,-0.0822267532348633,-0.115429878234863,-0.1440238952636719,-0.157149314880371
8430,-0.0908203125,,,-0.0740232467651367,-0.091914176940918,,-0.078242301940918,-0.0967578887939453,-0.068242073059082,-0.033085823059082,-0.0926170349121094,-0.107695579528809,-0.11011791229248,-0.0770702362060547,-0.130976676940918,-0.124883651733398,-0.111523628234863,-0.0822267532348633,-0.115429878234863,-0.1440238952636719,-0.157149314880371
8435,-0.0908203125,,,-0.0740232467651367,-0.091914176940918,,-0.078242301940918,-0.0966796875,-0.068242073059082,-0.033085823059082,-0.0926170349121094,-0.107695579528809,-0.11011791229248,-0.0770702362060547,-0.130976676940918,-0.124883651733398,-0.111523628234863,-0.0822267532348633,-0.115429878234863,-0.1440238952636719,-0.157149314880371
8440,-0.0908203125,,,-0.0740232467651367,-0.091914176940918,,-0.078242301940918,-0.0966796875,-0.068242073059082,-0.033085823059082,-0.0926170349121094,-0.107695579528809,-0.11011791229248,-0.0770702362060547,-0.130976676940918,-0.124883651733398,-0.111523628234863,-0.0822267532348633,-0.115429878234863,-0.1440238952636719,-0.157071113586426
8445,-0.0908203125,,,-0.0740232467651367,-0.091914176940918,,-0.078242301940918,-0.0966014862060547,-0.068242073059082,-0.033085823059082,-0.0926170349121094,-0.107695579528809,-0.11011791229248,-0.0770702362060547,-0.130976676940918,-0.124883651733398,-0.111523628234863,-0.0822267532348633,-0.115429878234863,-0.1440238952636719,-0.157071113586426
8450,-0.0908203125,,,-0.0740232467651367,-0.091914176940918,,-0.078242301940918,-0.0966014862060547,-0.068242073059082,-0.033085823059082,-0.0926170349121094,-0.107695579528809,-0.11011791229248,-0.0770702362060547,-0.130976676940918,-0.124883651733398,-0.111523628234863,-0.0822267532348633,-0.115429878234863,-0.1440238952636719,-0.157071113586426
8455,-0.0908203125,,,-0.0740232467651367,-0.091914176940918,,-0.078242301940918,-0.0965242385864258,-0.068242073059082,-0.033085823059082,-0.0926170349121094,-0.107695579528809,-0.11011791229248,-0.0769920349121094,-0.130976676940918,-0.124883651733398,-0.111523628234863,-0.0822267532348633,-0.115429878234863,-0.1440238952636719,-0.157071113586426
8460,-0.0908203125,,,-0.0740232467651367,-0.091914176940918,,-0.078242301940918,-0.0965242385864258,-0.068242073059082,-0.033085823059082,-0.0926170349121094,-0.107695579528809,-0.11011791229248,-0.0769920349121094,-0.130976676940918,-0.124883651733398,-0.111523628234863,-0.0822267532348633,-0.115508079528809,-0.1440238952636719,-0.157071113586426
8465,-0.0908203125,,,-0.0740232467651367,-0.091914176940918,,-0.078242301940918,-0.0964460372924805,-0.068242073059082,-0.033085823059082,-0.0926170349121094,-0.107695579528809,-0.11011791229248,-0.0769920349121094,-0.130976676940918,-0.124883651733398,-0.111523628234863,-0.0822267532348633,-0.115508079528809,-0.1440238952636719,-0.15699291229248
8470,-0.0908203125,,,-0.0740232467651367,-0.091914176940918,,-0.0781641006469727,-0.0964460372924805,-0.068242073059082,-0.033085823059082,-0.0926170349121094,-0.107695579528809,-0.11011791229248,-0.0769920349121094,-0.130976676940918,-0.124883651733398,-0.111523628234863,-0.0822267532348633,-0.115508079528809,-0.1440238952636719,-0.15699291229248
8475,-0.0908203125,,,-0.0740232467651367,-0.091914176940918,,-0.078242301940918,-0.0963678359985352,-0.068242073059082,-0.033085823059082,-0.0926170349121094,-0.107695579528809,-0.11011791229248,-0.0769920349121094,-0.130976676940918,-0.124883651733398,-0.111523628234863,-0.0822267532348633,-0.115508079528809,-0.1440238952636719,-0.15699291229248
8480,-0.0908203125,,,-0.0740232467651367,-0.091914176940918,,-0.078242301940918,-0.0962896347045898,-0.068242073059082,-0.033085823059082,-0.0926170349121094,-0.107695579528809,-0.11011791229248,-0.0769920349121094,-0.130976676940918,-0.124883651733398,-0.111601829528809,-0.0822267532348633,-0.115508079528809,-0.1440238952636719,-0.15699291229248
8485,-0.0908203125,,,-0.0740232467651367,-0.091914176940918,,-0.078242301940918,-0.0962896347045898,-0.068242073059082,-0.033085823059082,-0.0926170349121094,-0.107695579528809,-0.11011791229248,-0.0769920349121094,-0.130976676940918,-0.124883651733398,-0.111601829528809,-0.0822267532348633,-0.115508079528809,-0.1440238952636719,-0.15699291229248
8490,-0.0908203125,,,-0.0739459991455078,-0.091914176940918,,-0.0781641006469727,-0.0962114334106445,-0.068242073059082,-0.033085823059082,-0.0926952362060547,-0.107695579528809,-0.11011791229248,-0.0769920349121094,-0.130976676940918,-0.124883651733398,-0.111601829528809,-0.0822267532348633,-0.115508079528809,-0.1440238952636719,-0.156914710998535
8495,-0.0908203125,,,-0.0739459991455078,-0.091914176940918,,-0.0781641006469727,-0.0962114334106445,-0.068242073059082,-0.033085823059082,-0.0926952362060547,-0.107695579528809,-0.11011791229248,-0.0769920349121094,-0.130976676940918,-0.124883651733398,-0.111601829528809,-0.0822267532348633,-0.115508079528809,-0.1440238952636719,-0.156914710998535
8500,-0.0908203125,,,-0.0739459991455078,-0.091914176940918,,-0.0781641006469727,-0.0961332321166992,-0.068242073059082,-0.033085823059082,-0.0926952362060547,-0.107695579528809,-0.11011791229248,-0.0769920349121094,-0.130898475646973,-0.124883651733398,-0.111601829528809,-0.0822267532348633,-0.115508079528809,-0.1440238952636719,-0.156914710998535
8505,-0.0908203125,,,-0.0739459991455078,-0.091914176940918,,-0.0781641006469727,-0.0960550308227539,-0.068242073059082,-0.0330076217651367,-0.0926952362060547,-0.107695579528809,-0.11011791229248,-0.0769147872924805,-0.130898475646973,-0.124883651733398,-0.111601829528809,-0.0822267532348633,-0.115508079528809,-0.1440238952636719,-0.156914710998535
8510,-0.0908203125,,,-0.0739459991455078,-0.091914176940918,,-0.0781641006469727,-0.0960550308227539,-0.068242073059082,-0.0330076217651367,-0.0926952362060547,-0.107617378234863,-0.11011791229248,-0.0769147872924805,-0.130898475646973,-0.124883651733398,-0.111601829528809,-0.0822267532348633,-0.115508079528809,-0.1440238952636719,-0.156914710998535
8515,-0.0908203125,,,-0.0739459991455078,-0.091914176940918,,-0.0781641006469727,-0.0959768295288086,-0.068242073059082,-0.0330076217651367,-0.0926952362060547,-0.107695579528809,-0.11011791229248,-0.0769147872924805,-0.130898475646973,-0.124883651733398,-0.111601829528809,-0.0822267532348633,-0.115508079528809,-0.1440238952636719,-0.156914710998535
8520,-0.0908203125,,,-0.0739459991455078,-0.091914176940918,,-0.0781641006469727,-0.0958986282348633,-0.068242073059082,-0.0330076217651367,-0.0926952362060547,-0.107695579528809,-0.11011791229248,-0.0769147872924805,-0.130898475646973,-0.124883651733398,-0.111601829528809,-0.0822267532348633,-0.115586280822754,-0.1440238952636719,-0.1568365097045899
8525,-0.0908203125,,,-0.0739459991455078,-0.091914176940918,,-0.0781641006469727,-0.0958986282348633,-0.068242073059082,-0.0330076217651367,-0.0926952362060547,-0.107695579528809,-0.11011791229248,-0.0769147872924805,-0.130898475646973,-0.124883651733398,-0.111601829528809,-0.0822267532348633,-0.115586280822754,-0.1440238952636719,-0.1568365097045899
8530,-0.0908203125,,,-0.0739459991455078,-0.091914176940918,,-0.0781641006469727,-0.095820426940918,-0.068242073059082,-0.0330076217651367,-0.0926952362060547,-0.107617378234863,-0.11011791229248,-0.0769147872924805,-0.130898475646973,-0.124883651733398,-0.111601829528809,-0.0822267532348633,-0.115586280822754,-0.1440238952636719,-0.1568365097045899
8535,-0.0908203125,,,-0.0739459991455078,-0.091914176940918,,-0.0781641006469727,-0.0957422256469727,-0.068242073059082,-0.0330076217651367,-0.0926952362060547,-0.107617378234863,-0.11011791229248,-0.0769147872924805,-0.130898475646973,-0.124883651733398,-0.111601829528809,-0.0822267532348633,-0.115586280822754,-0.1440238952636719,-0.1568365097045899
8540,-0.0908203125,,,-0.0739459991455078,-0.091914176940918,,-0.0781641006469727,-0.0956640243530273,-0.068242073059082,-0.0330076217651367,-0.0926952362060547,-0.107617378234863,-0.11011791229248,-0.0769147872924805,-0.130898475646973,-0.124883651733398,-0.111601829528809,-0.0822267532348633,-0.115586280822754,-0.1440238952636719,-0.1568365097045899
8545,-0.0908203125,,,-0.0739459991455078,-0.091914176940918,,-0.0781641006469727,-0.0956640243530273,-0.068242073059082,-0.0330076217651367,-0.0926952362060547,-0.107617378234863,-0.11011791229248,-0.0769147872924805,-0.130898475646973,-0.124883651733398,-0.111601829528809,-0.0822267532348633,-0.115586280822754,-0.1440238952636719,-0.1567583084106449
8550,-0.0908203125,,,-0.0738677978515625,-0.091914176940918,,-0.0781641006469727,-0.0955085754394531,-0.068242073059082,-0.0330076217651367,-0.0926952362060547,-0.107617378234863,-0.11011791229248,-0.0769147872924805,-0.130898475646973,-0.124883651733398,-0.111601829528809,-0.0822267532348633,-0.115586280822754,-0.1440238952636719,-0.1567583084106449
8555,-0.0908203125,,,-0.0738677978515625,-0.091914176940918,,-0.0781641006469727,-0.0953521728515625,-0.068242073059082,-0.0330076217651367,-0.0926952362060547,-0.107617378234863,-0.11011791229248,-0.0769147872924805,-0.130898475646973,-0.124883651733398,-0.111601829528809,-0.0822267532348633,-0.115586280822754,-0.1440238952636719,-0.1567583084106449
8560,-0.0908203125,,,-0.0738677978515625,-0.091914176940918,,-0.0781641006469727,-0.0951957702636719,-0.068242073059082,-0.0330076217651367,-0.0926952362060547,-0.107617378234863,-0.11011791229248,-0.0769147872924805,-0.130898475646973,-0.124883651733398,-0.111601829528809,-0.0822267532348633,-0.115586280822754,-0.1440238952636719,-0.1567583084106449
8565,-0.0908203125,,,-0.0738677978515625,-0.091914176940918,,-0.0781641006469727,-0.0950393676757812,-0.068242073059082,-0.0330076217651367,-0.0926952362060547,-0.107617378234863,-0.11011791229248,-0.0768365859985352,-0.130898475646973,-0.124883651733398,-0.111601829528809,-0.0822267532348633,-0.115586280822754,-0.1440238952636719,-0.1567583084106449
8570,-0.0908203125,,,-0.0738677978515625,-0.091914176940918,,-0.0781641006469727,-0.0949611663818359,-0.068242073059082,-0.0330076217651367,-0.0926952362060547,-0.107617378234863,-0.110039710998535,-0.0768365859985352,-0.130898475646973,-0.124883651733398,-0.111601829528809,-0.0822267532348633,-0.115586280822754,-0.1440238952636719,-0.156680107116699
8575,-0.0908203125,,,-0.0738677978515625,-0.091914176940918,,-0.0781641006469727,-0.0948047637939453,-0.068242073059082,-0.0330076217651367,-0.0926952362060547,-0.107617378234863,-0.110039710998535,-0.0768365859985352,-0.130898475646973,-0.124883651733398,-0.111601829528809,-0.0822267532348633,-0.115586280822754,-0.1440238952636719,-0.156680107116699
8580,-0.0908203125,,,-0.0738677978515625,-0.091914176940918,,-0.0781641006469727,-0.0947265625,-0.068242073059082,-0.0330076217651367,-0.0926952362060547,-0.107617378234863,-0.110039710998535,-0.0768365859985352,-0.130898475646973,-0.124883651733398,-0.111601829528809,-0.0822267532348633,-0.115586280822754,-0.1440238952636719,-0.156680107116699
8585,-0.0908203125,,,-0.0738677978515625,-0.091914176940918,,-0.0781641006469727,-0.0945701599121094,-0.068242073059082,-0.0329294204711914,-0.0926952362060547,-0.107617378234863,-0.110039710998535,-0.0768365859985352,-0.130898475646973,-0.124883651733398,-0.111601829528809,-0.0822267532348633,-0.115586280822754,-0.1440238952636719,-0.156680107116699
8590,-0.0908203125,,,-0.0738677978515625,-0.091914176940918,,-0.0781641006469727,-0.0944929122924805,-0.068242073059082,-0.0329294204711914,-0.0926952362060547,-0.107617378234863,-0.110039710998535,-0.0768365859985352,-0.130898475646973,-0.124883651733398,-0.111601829528809,-0.0822267532348633,-0.115586280822754,-0.144102096557617,-0.156680107116699
8595,-0.0908203125,,,-0.0738677978515625,-0.091914176940918,,-0.0781641006469727,-0.0943365097045898,-0.068242073059082,-0.0329294204711914,-0.0926952362060547,-0.107617378234863,-0.110039710998535,-0.0768365859985352,-0.130821228027344,-0.124883651733398,-0.111601829528809,-0.0822267532348633,-0.115664482116699,-0.1440238952636719,-0.156601905822754
8600,-0.0908203125,,,-0.0738677978515625,-0.091914176940918,,-0.0780858993530273,-0.0942583084106445,-0.068242073059082,-0.0329294204711914,-0.0926952362060547,-0.107617378234863,-0.110039710998535,-0.0768365859985352,-0.130821228027344,-0.124805450439453,-0.111601829528809,-0.0822267532348633,-0.115586280822754,-0.1440238952636719,-0.156601905822754
8605,-0.0908203125,,,-0.0738677978515625,-0.091914176940918,,-0.0780858993530273,-0.0941801071166992,-0.068242073059082,-0.0329294204711914,-0.0926952362060547,-0.107617378234863,-0.110039710998535,-0.0767583847045898,-0.130821228027344,-0.124883651733398,-0.111601829528809,-0.0822267532348633,-0.115664482116699,-0.144102096557617,-0.156601905822754
8610,-0.0908985137939453,,,-0.0737895965576172,-0.091914176940918,,-0.0780858993530273,-0.0940237045288086,-0.068242073059082,-0.0329294204711914,-0.0926952362060547,-0.107617378234863,-0.110039710998535,-0.0767583847045898,-0.130821228027344,-0.124805450439453,-0.111601829528809,-0.0822267532348633,-0.115664482116699,-0.144102096557617,-0.156601905822754
8615,-0.0908203125,,,-0.0737895965576172,-0.091914176940918,,-0.0780858993530273,-0.0939455032348633,-0.068242073059082,-0.0329294204711914,-0.0926952362060547,-0.107617378234863,-0.110039710998535,-0.0767583847045898,-0.130821228027344,-0.124805450439453,-0.111601829528809,-0.0822267532348633,-0.115664482116699,-0.144102096557617,-0.156601905822754
8620,-0.0908985137939453,,,-0.0737895965576172,-0.091914176940918,,-0.0780858993530273,-0.093867301940918,-0.068242073059082,-0.0329294204711914,-0.0926952362060547,-0.107617378234863,-0.110039710998535,-0.0767583847045898,-0.130821228027344,-0.124805450439453,-0.111601829528809,-0.0822267532348633,-0.115664482116699,-0.144102096557617,-0.156601905822754
8625,-0.0908985137939453,,,-0.0737895965576172,-0.091914176940918,,-0.0780858993530273,-0.0937108993530273,-0.068242073059082,-0.0329294204711914,-0.0926952362060547,-0.107617378234863,-0.110039710998535,-0.0767583847045898,-0.130821228027344,-0.124805450439453,-0.111601829528809,-0.0822267532348633,-0.115664482116699,-0.144102096557617,-0.1565237045288089
8630,-0.0908985137939453,,,-0.0737895965576172,-0.091914176940918,,-0.0780858993530273,-0.093632698059082,-0.068242073059082,-0.0329294204711914,-0.0926952362060547,-0.107617378234863,-0.110039710998535,-0.0767583847045898,-0.130821228027344,-0.124805450439453,-0.111601829528809,-0.0822267532348633,-0.115664482116699,-0.144102096557617,-0.1565237045288089
8635,-0.0908985137939453,,,-0.0737895965576172,-0.091914176940918,,-0.0780858993530273,-0.0935554504394531,-0.068242073059082,-0.0329294204711914,-0.0926952362060547,-0.107617378234863,-0.110039710998535,-0.0767583847045898,-0.130821228027344,-0.124805450439453,-0.111601829528809,-0.0822267532348633,-0.115664482116699,-0.144102096557617,-0.1565237045288089
8640,-0.0908985137939453,,,-0.0737895965576172,-0.091914176940918,,-0.0780858993530273,-0.0933990478515625,-0.068242073059082,-0.0329294204711914,-0.0926952362060547,-0.107617378234863,-0.110039710998535,-0.0767583847045898,-0.130821228027344,-0.124805450439453,-0.111601829528809,-0.0822267532348633,-0.115664482116699,-0.144102096557617,-0.1565237045288089
8645,-0.0908985137939453,,,-0.0737895965576172,-0.091914176940918,,-0.0780858993530273,-0.0933208465576172,-0.068242073059082,-0.0329294204711914,-0.0926952362060547,-0.107617378234863,-0.110039710998535,-0.0767583847045898,-0.130821228027344,-0.124805450439453,-0.111601829528809,-0.0822267532348633,-0.115664482116699,-0.144102096557617,-0.1565237045288089
8650,-0.0908985137939453,,,-0.0737895965576172,-0.091914176940918,,-0.0780858993530273,-0.0932426452636719,-0.068242073059082,-0.0329294204711914,-0.0926952362060547,-0.107617378234863,-0.110039710998535,-0.0767583847045898,-0.130821228027344,-0.124805450439453,-0.111601829528809,-0.0822267532348633,-0.115664482116699,-0.144102096557617,-0.156445503234863
8655,-0.0908985137939453,,,-0.0737895965576172,-0.091914176940918,,-0.0780858993530273,-0.0931644439697266,-0.068242073059082,-0.0329294204711914,-0.0926952362060547,-0.107617378234863,-0.110039710998535,-0.0766801834106445,-0.130821228027344,-0.124805450439453,-0.111601829528809,-0.0822267532348633,-0.115664482116699,-0.144102096557617,-0.156445503234863
8660,-0.0908985137939453,,,-0.0737895965576172,-0.091914176940918,,-0.0780858993530273,-0.0930080413818359,-0.068242073059082,-0.0329294204711914,-0.0927734375,-0.107617378234863,-0.110039710998535,-0.0766801834106445,-0.130821228027344,-0.124805450439453,-0.111601829528809,-0.0822267532348633,-0.115742683410645,-0.144102096557617,-0.156445503234863
8665,-0.0908985137939453,,,-0.0737895965576172,-0.091914176940918,,-0.0780858993530273,-0.0929298400878906,-0.068242073059082,-0.0329294204711914,-0.0926952362060547,-0.107617378234863,-0.110039710998535,-0.0766801834106445,-0.130821228027344,-0.124805450439453,-0.111601829528809,-0.0822267532348633,-0.115742683410645,-0.144102096557617,-0.156445503234863
8670,-0.0908985137939453,,,-0.0737895965576172,-0.091914176940918,,-0.0780858993530273,-0.0928516387939453,-0.068242073059082,-0.0328512191772461,-0.0926952362060547,-0.107617378234863,-0.110039710998535,-0.0766801834106445,-0.130821228027344,-0.124805450439453,-0.111601829528809,-0.0822267532348633,-0.115742683410645,-0.144102096557617,-0.156445503234863
8675,-0.0908985137939453,,,-0.0737895965576172,-0.091914176940918,,-0.0780858993530273,-0.0927734375,-0.068242073059082,-0.0329294204711914,-0.0927734375,-0.107617378234863,-0.110039710998535,-0.0766801834106445,-0.130821228027344,-0.124805450439453,-0.111601829528809,-0.0822267532348633,-0.115742683410645,-0.144102096557617,-0.156445503234863
8680,-0.0908985137939453,,,-0.0737895965576172,-0.091914176940918,,-0.0780858993530273,-0.0926952362060547,-0.068242073059082,-0.0328512191772461,-0.0927734375,-0.107539176940918,-0.110039710998535,-0.0766801834106445,-0.130821228027344,-0.124805450439453,-0.111680030822754,-0.0822267532348633,-0.115742683410645,-0.144102096557617,-0.156367301940918
8685,-0.0908985137939453,,,-0.0737113952636719,-0.091914176940918,,-0.0780858993530273,-0.0926170349121094,-0.068242073059082,-0.0328512191772461,-0.0927734375,-0.107539176940918,-0.110039710998535,-0.0766801834106445,-0.130821228027344,-0.124805450439453,-0.111680030822754,-0.0822267532348633,-0.115742683410645,-0.144102096557617,-0.156367301940918
8690,-0.0908985137939453,,,-0.0737113952636719,-0.091914176940918,,-0.0780858993530273,-0.0924615859985352,-0.068242073059082,-0.0328512191772461,-0.0927734375,-0.107539176940918,-0.110039710998535,-0.0766801834106445,-0.130821228027344,-0.124805450439453,-0.111680030822754,-0.0822267532348633,-0.115742683410645,-0.144102096557617,-0.156367301940918
8695,-0.0908985137939453,,,-0.0737113952636719,-0.091914176940918,,-0.0780858993530273,-0.0923833847045898,-0.068242073059082,-0.0328512191772461,-0.0927734375,-0.107539176940918,-0.110039710998535,-0.0766801834106445,-0.130743026733398,-0.124805450439453,-0.111680030822754,-0.0822267532348633,-0.115742683410645,-0.144102096557617,-0.156367301940918
8700,-0.0908985137939453,,,-0.0737113952636719,-0.091914176940918,,-0.0780858993530273,-0.0923833847045898,-0.068242073059082,-0.0328512191772461,-0.0927734375,-0.107539176940918,-0.110039710998535,-0.0766801834106445,-0.130821228027344,-0.124805450439453,-0.111680030822754,-0.0822267532348633,-0.115742683410645,-0.144102096557617,-0.156367301940918
8705,-0.0909767150878906,,,-0.0737113952636719,-0.091914176940918,,-0.0780858993530273,-0.0923051834106445,-0.068242073059082,-0.0328512191772461,-0.0927734375,-0.107539176940918,-0.110039710998535,-0.0766801834106445,-0.130743026733398,-0.124805450439453,-0.111680030822754,-0.0822267532348633,-0.115742683410645,-0.144102096557617,-0.156367301940918
8710,-0.0909767150878906,,,-0.0737113952636719,-0.091914176940918,,-0.0780858993530273,-0.0922269821166992,-0.068242073059082,-0.0328512191772461,-0.0927734375,-0.107539176940918,-0.110039710998535,-0.0766019821166992,-0.130743026733398,-0.124805450439453,-0.111680030822754,-0.0822267532348633,-0.115742683410645,-0.144102096557617,-0.156290054321289
8715,-0.0909767150878906,,,-0.0737113952636719,-0.091914176940918,,-0.0780858993530273,-0.0921487808227539,-0.068242073059082,-0.0328512191772461,-0.0927734375,-0.107539176940918,-0.110039710998535,-0.0766019821166992,-0.130743026733398,-0.124805450439453,-0.111680030822754,-0.0822267532348633,-0.115742683410645,-0.144102096557617,-0.156290054321289
8720,-0.0909767150878906,,,-0.0737113952636719,-0.091914176940918,,-0.0780858993530273,-0.0920705795288086,-0.068242073059082,-0.0328512191772461,-0.0927734375,-0.107539176940918,-0.110039710998535,-0.0766019821166992,-0.130743026733398,-0.124805450439453,-0.111680030822754,-0.0822267532348633,-0.115742683410645,-0.144102096557617,-0.156290054321289
8725,-0.0909767150878906,,,-0.0737113952636719,-0.0919923782348633,,-0.0780858993530273,-0.0919923782348633,-0.068242073059082,-0.0328512191772461,-0.0927734375,-0.107539176940918,-0.110039710998535,-0.0766019821166992,-0.130743026733398,-0.124805450439453,-0.111680030822754,-0.0822267532348633,-0.115742683410645,-0.144102096557617,-0.156290054321289
8730,-0.0909767150878906,,,-0.0737113952636719,-0.091914176940918,,-0.0780858993530273,-0.091914176940918,-0.068242073059082,-0.0328512191772461,-0.0927734375,-0.107539176940918,-0.110039710998535,-0.0766019821166992,-0.130743026733398,-0.124805450439453,-0.111680030822754,-0.0822267532348633,-0.115742683410645,-0.144102096557617,-0.156290054321289
8735,-0.0909767150878906,,,-0.0737113952636719,-0.091914176940918,,-0.0780858993530273,-0.0918359756469727,-0.068242073059082,-0.0328512191772461,-0.0927734375,-0.107539176940918,-0.110039710998535,-0.0766019821166992,-0.130743026733398,-0.124805450439453,-0.111680030822754,-0.0822267532348633,-0.11582088470459,-0.144102096557617,-0.156290054321289
8740,-0.0909767150878906,,,-0.0737113952636719,-0.0919923782348633,,-0.0780858993530273,-0.0918359756469727,-0.068242073059082,-0.0328512191772461,-0.0927734375,-0.107539176940918,-0.110039710998535,-0.0766019821166992,-0.130743026733398,-0.124805450439453,-0.111680030822754,-0.0822267532348633,-0.11582088470459,-0.144102096557617,-0.156211853027344
8745,-0.0909767150878906,,,-0.0737113952636719,-0.091914176940918,,-0.0780858993530273,-0.0917577743530273,-0.068242073059082,-0.0328512191772461,-0.0927734375,-0.107539176940918,-0.110039710998535,-0.0766019821166992,-0.130743026733398,-0.124805450439453,-0.111680030822754,-0.0822267532348633,-0.11582088470459,-0.144102096557617,-0.156211853027344
8750,-0.0909767150878906,,,-0.0737113952636719,-0.0919923782348633,,-0.0780858993530273,-0.091679573059082,-0.068242073059082,-0.0328512191772461,-0.0927734375,-0.107539176940918,-0.110039710998535,-0.0766019821166992,-0.130743026733398,-0.124805450439453,-0.111680030822754,-0.0822267532348633,-0.11582088470459,-0.144102096557617,-0.156211853027344
8755,-0.0909767150878906,,,-0.0737113952636719,-0.0919923782348633,,-0.0780858993530273,-0.0916023254394531,-0.068242073059082,-0.0328512191772461,-0.0927734375,-0.107539176940918,-0.110039710998535,-0.0766019821166992,-0.130743026733398,-0.124805450439453,-0.111680030822754,-0.0822267532348633,-0.11582088470459,-0.144102096557617,-0.156211853027344
8760,-0.0909767150878906,,,-0.0737113952636719,-0.091914176940918,,-0.0780858993530273,-0.0915241241455078,-0.068242073059082,-0.0328512191772461,-0.0927734375,-0.107539176940918,-0.110039710998535,-0.0766019821166992,-0.130743026733398,-0.124805450439453,-0.111680030822754,-0.0822267532348633,-0.11582088470459,-0.144102096557617,-0.156211853027344
8765,-0.0909767150878906,,,-0.0737113952636719,-0.091914176940918,,-0.078007698059082,-0.0915241241455078,-0.068242073059082,-0.0328512191772461,-0.0927734375,-0.107539176940918,-0.110039710998535,-0.0765237808227539,-0.130743026733398,-0.124805450439453,-0.111680030822754,-0.0822267532348633,-0.11582088470459,-0.144102096557617,-0.156133651733398
8770,-0.0909767150878906,,,-0.0736331939697266,-0.091914176940918,,-0.078007698059082,-0.0914459228515625,-0.068242073059082,-0.0328512191772461,-0.0927734375,-0.107539176940918,-0.110039710998535,-0.0765237808227539,-0.130743026733398,-0.124805450439453,-0.111680030822754,-0.0822267532348633,-0.11582088470459,-0.144102096557617,-0.156133651733398
8775,-0.0909767150878906,,,-0.0736331939697266,-0.091914176940918,,-0.078007698059082,-0.0913677215576172,-0.068242073059082,-0.0328512191772461,-0.0927734375,-0.107539176940918,-0.110039710998535,-0.0765237808227539,-0.130743026733398,-0.124805450439453,-0.111680030822754,-0.0822267532348633,-0.11582088470459,-0.144102096557617,-0.156133651733398
8780,-0.0909767150878906,,,-0.0736331939697266,-0.091914176940918,,-0.078007698059082,-0.0912895202636719,-0.068242073059082,-0.0327739715576172,-0.0927734375,-0.107539176940918,-0.110039710998535,-0.0765237808227539,-0.130743026733398,-0.124805450439453,-0.111680030822754,-0.0822267532348633,-0.11582088470459,-0.144102096557617,-0.156133651733398
8785,-0.0909767150878906,,,-0.0736331939697266,-0.0919923782348633,,-0.078007698059082,-0.0912113189697266,-0.068242073059082,-0.0327739715576172,-0.0927734375,-0.107539176940918,-0.110039710998535,-0.0765237808227539,-0.130743026733398,-0.124805450439453,-0.111680030822754,-0.0822267532348633,-0.11582088470459,-0.144102096557617,-0.156133651733398
8790,-0.0909767150878906,,,-0.0736331939697266,-0.091914176940918,,-0.078007698059082,-0.0912113189697266,-0.068242073059082,-0.0327739715576172,-0.0927734375,-0.107539176940918,-0.110039710998535,-0.0765237808227539,-0.130743026733398,-0.124805450439453,-0.111680030822754,-0.0822267532348633,-0.11582088470459,-0.144102096557617,-0.156133651733398
8795,-0.0909767150878906,,,-0.0736331939697266,-0.091914176940918,,-0.078007698059082,-0.0911331176757812,-0.068242073059082,-0.0327739715576172,-0.0927734375,-0.107539176940918,-0.110039710998535,-0.0765237808227539,-0.130743026733398,-0.124805450439453,-0.111680030822754,-0.0822267532348633,-0.11582088470459,-0.144102096557617,-0.156055450439453
8800,-0.0910549163818359,,,-0.0736331939697266,-0.091914176940918,,-0.078007698059082,-0.0910549163818359,-0.068242073059082,-0.0327739715576172,-0.0927734375,-0.107539176940918,-0.110039710998535,-0.0765237808227539,-0.130743026733398,-0.124805450439453,-0.111680030822754,-0.0822267532348633,-0.11582088470459,-0.144102096557617,-0.156055450439453
8805,-0.0910549163818359,,,-0.0736331939697266,-0.091914176940918,,-0.078007698059082,-0.0909767150878906,-0.068242073059082,-0.0327739715576172,-0.0927734375,-0.107539176940918,-0.110039710998535,-0.0765237808227539,-0.130743026733398,-0.124805450439453,-0.111680030822754,-0.0822267532348633,-0.11582088470459,-0.144102096557617,-0.156055450439453
8810,-0.0910549163818359,,,-0.0736331939697266,-0.091914176940918,,-0.078007698059082,-0.0909767150878906,-0.068242073059082,-0.0327739715576172,-0.0927734375,-0.107539176940918,-0.110039710998535,-0.0764455795288086,-0.130743026733398,-0.124805450439453,-0.111680030822754,-0.0822267532348633,-0.115899085998535,-0.144102096557617,-0.156055450439453
8815,-0.0910549163818359,,,-0.0736331939697266,-0.091914176940918,,-0.078007698059082,-0.0908985137939453,-0.068242073059082,-0.0327739715576172,-0.0927734375,-0.107539176940918,-0.110039710998535,-0.0764455795288086,-0.130743026733398,-0.124805450439453,-0.111680030822754,-0.0822267532348633,-0.115899085998535,-0.144102096557617,-0.156055450439453
8820,-0.0910549163818359,,,-0.0736331939697266,-0.091914176940918,,-0.078007698059082,-0.0908203125,-0.068242073059082,-0.0327739715576172,-0.0927734375,-0.107539176940918,-0.110039710998535,-0.0764455795288086,-0.130743026733398,-0.124805450439453,-0.111680030822754,-0.0822267532348633,-0.115899085998535,-0.144180297851562,-0.156055450439453
8825,-0.0910549163818359,,,-0.0736331939697266,-0.0919923782348633,,-0.078007698059082,-0.0907421112060547,-0.068242073059082,-0.0327739715576172,-0.0927734375,-0.107539176940918,-0.110039710998535,-0.0764455795288086,-0.130743026733398,-0.124805450439453,-0.111680030822754,-0.0822267532348633,-0.115899085998535,-0.144180297851562,-0.155977249145508
8830,-0.0910549163818359,,,-0.0736331939697266,-0.091914176940918,,-0.078007698059082,-0.0907421112060547,-0.068242073059082,-0.0327739715576172,-0.0927734375,-0.107539176940918,-0.110039710998535,-0.0764455795288086,-0.130743026733398,-0.124805450439453,-0.111680030822754,-0.0822267532348633,-0.115899085998535,-0.144180297851562,-0.155977249145508
8835,-0.0910549163818359,,,-0.0735549926757812,-0.091914176940918,,-0.078007698059082,-0.0906639099121094,-0.068242073059082,-0.0327739715576172,-0.0927734375,-0.107539176940918,-0.110039710998535,-0.0764455795288086,-0.130664825439453,-0.124805450439453,-0.111680030822754,-0.0822267532348633,-0.115899085998535,-0.144180297851562,-0.155977249145508
8840,-0.0910549163818359,,,-0.0736331939697266,-0.0919923782348633,,-0.078007698059082,-0.0905866622924805,-0.068242073059082,-0.0327739715576172,-0.0927734375,-0.107539176940918,-0.110039710998535,-0.0764455795288086,-0.130743026733398,-0.124805450439453,-0.111680030822754,-0.0822267532348633,-0.115899085998535,-0.144180297851562,-0.155977249145508
8845,-0.0910549163818359,,,-0.0735549926757812,-0.091914176940918,,-0.078007698059082,-0.0905084609985352,-0.068242073059082,-0.0327739715576172,-0.0927734375,-0.107460975646973,-0.10996150970459,-0.0764455795288086,-0.130664825439453,-0.124805450439453,-0.111680030822754,-0.0822267532348633,-0.115899085998535,-0.144102096557617,-0.155977249145508
8850,-0.0910549163818359,,,-0.0735549926757812,-0.091914176940918,,-0.078007698059082,-0.0905084609985352,-0.068242073059082,-0.0327739715576172,-0.0927734375,-0.107460975646973,-0.10996150970459,-0.0764455795288086,-0.130664825439453,-0.124805450439453,-0.111680030822754,-0.0822267532348633,-0.115899085998535,-0.144102096557617,-0.155899047851562
8855,-0.0910549163818359,,,-0.0735549926757812,-0.091914176940918,,-0.078007698059082,-0.0904302597045898,-0.068242073059082,-0.0327739715576172,-0.0927734375,-0.107460975646973,-0.10996150970459,-0.0764455795288086,-0.130664825439453,-0.124805450439453,-0.111680030822754,-0.0822267532348633,-0.115899085998535,-0.144180297851562,-0.155899047851562
8860,-0.0910549163818359,,,-0.0735549926757812,-0.091914176940918,,-0.078007698059082,-0.0904302597045898,-0.068242073059082,-0.0327739715576172,-0.0927734375,-0.107460975646973,-0.10996150970459,-0.0764455795288086,-0.130664825439453,-0.124805450439453,-0.111680030822754,-0.0822267532348633,-0.115899085998535,-0.144180297851562,-0.155899047851562
8865,-0.0910549163818359,,,-0.0735549926757812,-0.091914176940918,,-0.078007698059082,-0.0903520584106445,-0.068242073059082,-0.0327739715576172,-0.0927734375,-0.107460975646973,-0.10996150970459,-0.0764455795288086,-0.130664825439453,-0.124805450439453,-0.111680030822754,-0.0822267532348633,-0.115899085998535,-0.144180297851562,-0.155899047851562
8870,-0.0910549163818359,,,-0.0735549926757812,-0.091914176940918,,-0.078007698059082,-0.0903520584106445,-0.068242073059082,-0.0327739715576172,-0.0927734375,-0.107460975646973,-0.10996150970459,-0.0763673782348633,-0.130664825439453,-0.124805450439453,-0.111758232116699,-0.0822267532348633,-0.115899085998535,-0.144180297851562,-0.155899047851562
8875,-0.0910549163818359,,,-0.0735549926757812,-0.091914176940918,,-0.078007698059082,-0.0902738571166992,-0.068242073059082,-0.0327739715576172,-0.0927734375,-0.107460975646973,-0.10996150970459,-0.0763673782348633,-0.130664825439453,-0.124805450439453,-0.111680030822754,-0.0822267532348633,-0.115899085998535,-0.144180297851562,-0.155899047851562
8880,-0.0910549163818359,,,-0.0735549926757812,-0.091914176940918,,-0.078007698059082,-0.0902738571166992,-0.0681638717651367,-0.0326957702636719,-0.0927734375,-0.107460975646973,-0.10996150970459,-0.0763673782348633,-0.130664825439453,-0.124805450439453,-0.111758232116699,-0.0822267532348633,-0.115899085998535,-0.144180297851562,-0.155820846557617
8885,-0.0910549163818359,,,-0.0735549926757812,-0.091914176940918,,-0.078007698059082,-0.0902738571166992,-0.068242073059082,-0.0326957702636719,-0.0928516387939453,-0.107460975646973,-0.10996150970459,-0.0763673782348633,-0.130664825439453,-0.124805450439453,-0.111758232116699,-0.0822267532348633,-0.11597728729248,-0.144180297851562,-0.155820846557617
8890,-0.0911331176757812,,,-0.0735549926757812,-0.091914176940918,,-0.078007698059082,-0.0901956558227539,-0.068242073059082,-0.0326957702636719,-0.0928516387939453,-0.107460975646973,-0.10996150970459,-0.0763673782348633,-0.130664825439453,-0.124805450439453,-0.111758232116699,-0.0822267532348633,-0.11597728729248,-0.144180297851562,-0.155820846557617
8895,-0.0911331176757812,,,-0.0735549926757812,-0.091914176940918,,-0.078007698059082,-0.0901956558227539,-0.068242073059082,-0.0326957702636719,-0.0928516387939453,-0.107460975646973,-0.10996150970459,-0.0763673782348633,-0.130664825439453,-0.124805450439453,-0.111758232116699,-0.0822267532348633,-0.11597728729248,-0.144180297851562,-0.155820846557617
8900,-0.0911331176757812,,,-0.0735549926757812,-0.0919923782348633,,-0.078007698059082,-0.0901174545288086,-0.068242073059082,-0.0326957702636719,-0.0928516387939453,-0.107460975646973,-0.10996150970459,-0.0763673782348633,-0.130664825439453,-0.124805450439453,-0.111758232116699,-0.0822267532348633,-0.11597728729248,-0.144180297851562,-0.155820846557617
8905,-0.0911331176757812,,,-0.0735549926757812,-0.091914176940918,,-0.078007698059082,-0.0901174545288086,-0.0681638717651367,-0.0326957702636719,-0.0928516387939453,-0.107460975646973,-0.10996150970459,-0.0763673782348633,-0.130664825439453,-0.124805450439453,-0.111758232116699,-0.0822267532348633,-0.11597728729248,-0.144180297851562,-0.155820846557617
8910,-0.0911331176757812,,,-0.0735549926757812,-0.091914176940918,,-0.078007698059082,-0.0901174545288086,-0.068242073059082,-0.0326957702636719,-0.0928516387939453,-0.107460975646973,-0.10996150970459,-0.0763673782348633,-0.130664825439453,-0.124805450439453,-0.111758232116699,-0.0822267532348633,-0.11597728729248,-0.144180297851562,-0.155820846557617
8915,-0.0911331176757812,,,-0.0735549926757812,-0.0919923782348633,,-0.078007698059082,-0.0900392532348633,-0.068242073059082,-0.0326957702636719,-0.0928516387939453,-0.107460975646973,-0.10996150970459,-0.0763673782348633,-0.130664825439453,-0.124805450439453,-0.111758232116699,-0.0822267532348633,-0.11597728729248,-0.144180297851562,-0.1557426452636719
8920,-0.0911331176757812,,,-0.0734767913818359,-0.091914176940918,,-0.078007698059082,-0.0900392532348633,-0.068242073059082,-0.0326957702636719,-0.0928516387939453,-0.107460975646973,-0.10996150970459,-0.0763673782348633,-0.130664825439453,-0.124805450439453,-0.111758232116699,-0.0822267532348633,-0.11597728729248,-0.144180297851562,-0.1557426452636719
8925,-0.0911331176757812,,,-0.0734767913818359,-0.091914176940918,,-0.078007698059082,-0.089961051940918,-0.0681638717651367,-0.0326957702636719,-0.0928516387939453,-0.107460975646973,-0.10996150970459,-0.076289176940918,-0.130664825439453,-0.1247272491455079,-0.111758232116699,-0.0822267532348633,-0.11597728729248,-0.144180297851562,-0.1557426452636719
8930,-0.0911331176757812,,,-0.0734767913818359,-0.091914176940918,,-0.078007698059082,-0.089961051940918,-0.068242073059082,-0.0326957702636719,-0.0928516387939453,-0.107460975646973,-0.10996150970459,-0.076289176940918,-0.130664825439453,-0.124805450439453,-0.111758232116699,-0.0822267532348633,-0.11597728729248,-0.144180297851562,-0.1557426452636719
8935,-0.0911331176757812,,,-0.0734767913818359,-0.0919923782348633,,-0.078007698059082,-0.0898828506469727,-0.068242073059082,-0.0326957702636719,-0.0928516387939453,-0.107460975646973,-0.10996150970459,-0.076289176940918,-0.130664825439453,-0.124805450439453,-0.111758232116699,-0.0822267532348633,-0.11597728729248,-0.144180297851562,-0.1557426452636719
8940,-0.0911331176757812,,,-0.0734767913818359,-0.0919923782348633,,-0.078007698059082,-0.0898828506469727,-0.068242073059082,-0.0326957702636719,-0.0928516387939453,-0.107460975646973,-0.10996150970459,-0.076289176940918,-0.130664825439453,-0.124805450439453,-0.111758232116699,-0.0822267532348633,-0.11597728729248,-0.144180297851562,-0.1556644439697269
8945,-0.138633728027344,,,-0.106914520263672,-0.140195846557617,,-0.123320579528809,-0.14722728729248,-0.118946075439453,-0.0444145202636719,-0.135117530822754,-0.159180641174316,-0.160351753234863,-0.0683984756469727,-0.1888675689697269,-0.173633575439453,-0.157930374145508,-0.123007774353027,-0.149726867675781,-0.1762895584106449,-0.228945732116699
8950,-0.102080464363098,,,-0.102080464363098,-0.102080464363098,,-0.102080464363098,-0.102080464363098,-0.102080464363098,-0.0430708639323711,-0.102080464363098,-0.102080464363098,-0.102080464363098,-0.102080464363098,-0.102080464363098,-0.102080464363098,-0.102080464363098,-0.102080464363098,-0.102080464363098,-0.102080464363098,-0.102080464363098
8955,-0.1386919021606449,,,-0.1070433631539339,-0.139770030975342,,-0.123262219130993,-0.144426345825195,-0.118707470595837,-0.0429728515446186,-0.13594189286232,-0.159027963876724,-0.160184189677238,-0.107473090291023,-0.1891296356916429,-0.173481091856956,-0.157840445637703,-0.122910596430302,-0.14975443482399,-0.176356121897697,-0.228465706110001
8960,-0.138555526733398,,,-0.106992721557617,-0.139649391174316,,-0.123164176940918,-0.1440238952636719,-0.118555068969727,-0.0427732467651367,-0.135820388793945,-0.158867835998535,-0.160039901733398,-0.107305526733398,-0.189023971557617,-0.173398971557617,-0.1576957702636719,-0.1227741241455079,-0.1495704650878909,-0.1762895584106449,-0.228321075439453
8965,-0.138555526733398,,,-0.106992721557617,-0.139649391174316,,-0.123164176940918,-0.143789291381836,-0.118555068969727,-0.0427732467651367,-0.1358985900878909,-0.158867835998535,-0.160039901733398,-0.1071491241455079,-0.189023971557617,-0.173398971557617,-0.1576957702636719,-0.1227741241455079,-0.1495704650878909,-0.1762895584106449,-0.228242874145508
8970,-0.138633728027344,,,-0.106992721557617,-0.139649391174316,,-0.123164176940918,-0.143555641174316,-0.118555068969727,-0.0426950454711914,-0.1358985900878909,-0.1587896347045899,-0.159961700439453,-0.107070922851562,-0.189023971557617,-0.173398971557617,-0.1576175689697269,-0.1227741241455079,-0.1495704650878909,-0.1762895584106449,-0.228242874145508
8975,-0.138633728027344,,,-0.107070922851562,-0.139649391174316,,-0.123164176940918,-0.14332103729248,-0.118555068969727,-0.0426950454711914,-0.1358985900878909,-0.1587896347045899,-0.159961700439453,-0.106992721557617,-0.1889457702636719,-0.173398971557617,-0.1576175689697269,-0.1227741241455079,-0.1495704650878909,-0.1762895584106449,-0.228164672851562
8980,-0.138633728027344,,,-0.107070922851562,-0.139649391174316,,-0.123164176940918,-0.143008232116699,-0.118555068969727,-0.0426168441772461,-0.1358985900878909,-0.1587896347045899,-0.159961700439453,-0.106836318969727,-0.1889457702636719,-0.173398971557617,-0.1576175689697269,-0.1227741241455079,-0.1495704650878909,-0.1762895584106449,-0.228164672851562
8985,-0.138633728027344,,,-0.107070922851562,-0.139649391174316,,-0.123164176940918,-0.142773628234863,-0.118555068969727,-0.0426168441772461,-0.1358985900878909,-0.1587896347045899,-0.159961700439453,-0.106758117675781,-0.1889457702636719,-0.173398971557617,-0.1576175689697269,-0.1227741241455079,-0.149492263793945,-0.1762895584106449,-0.228086471557617
8990,-0.138633728027344,,,-0.1071491241455079,-0.139649391174316,,-0.123242378234863,-0.142617225646973,-0.118555068969727,-0.0425395965576172,-0.1358985900878909,-0.1587114334106449,-0.159961700439453,-0.1066799163818359,-0.1889457702636719,-0.173398971557617,-0.1576175689697269,-0.1227741241455079,-0.149492263793945,-0.1762895584106449,-0.228086471557617
8995,-0.138633728027344,,,-0.1071491241455079,-0.139649391174316,,-0.123242378234863,-0.142383575439453,-0.118476867675781,-0.0425395965576172,-0.135976791381836,-0.1587114334106449,-0.159883499145508,-0.106523513793945,-0.1889457702636719,-0.173398971557617,-0.157539367675781,-0.1227741241455079,-0.149492263793945,-0.1762895584106449,-0.2280082702636719
9000,-0.138633728027344,,,-0.1071491241455079,-0.139649391174316,,-0.123242378234863,-0.142148971557617,-0.118476867675781,-0.0424613952636719,-0.135976791381836,-0.1587114334106449,-0.159883499145508,-0.1064453125,-0.1888675689697269,-0.1733207702636719,-0.157539367675781,-0.1227741241455079,-0.149492263793945,-0.1762895584106449,-0.2280082702636719
9005,-0.138633728027344,,,-0.1071491241455079,-0.139726638793945,,-0.123242378234863,-0.141914367675781,-0.118476867675781,-0.0424613952636719,-0.135976791381836,-0.1587114334106449,-0.159883499145508,-0.106367111206055,-0.1888675689697269,-0.1733207702636719,-0.157539367675781,-0.122695922851562,-0.149492263793945,-0.1762895584106449,-0.2279300689697269
9010,-0.138633728027344,,,-0.1071491241455079,-0.139726638793945,,-0.123242378234863,-0.141679763793945,-0.118476867675781,-0.0423831939697266,-0.135976791381836,-0.158633232116699,-0.159883499145508,-0.10621166229248,-0.1888675689697269,-0.1733207702636719,-0.157539367675781,-0.122695922851562,-0.149415016174316,-0.1762895584106449,-0.2279300689697269
9015,-0.138633728027344,,,-0.1071491241455079,-0.139726638793945,,-0.123242378234863,-0.141524314880371,-0.118476867675781,-0.0423831939697266,-0.135976791381836,-0.158633232116699,-0.159805297851562,-0.106133460998535,-0.1888675689697269,-0.1733207702636719,-0.157539367675781,-0.122695922851562,-0.149415016174316,-0.1762895584106449,-0.227852821350098
9020,-0.138633728027344,,,-0.107227325439453,-0.139726638793945,,-0.123242378234863,-0.141289710998535,-0.118476867675781,-0.0423049926757812,-0.135976791381836,-0.158633232116699,-0.159805297851562,-0.10605525970459,-0.188789367675781,-0.1733207702636719,-0.157539367675781,-0.122695922851562,-0.149415016174316,-0.1762895584106449,-0.227852821350098
9025,-0.138633728027344,,,-0.107227325439453,-0.139726638793945,,-0.123242378234863,-0.141055107116699,-0.118476867675781,-0.0423049926757812,-0.136054992675781,-0.158633232116699,-0.159805297851562,-0.105898857116699,-0.188789367675781,-0.1733207702636719,-0.157461166381836,-0.122695922851562,-0.149415016174316,-0.1762895584106449,-0.227774620056152
9030,-0.138633728027344,,,-0.107227325439453,-0.139726638793945,,-0.123320579528809,-0.1408987045288089,-0.118476867675781,-0.0422267913818359,-0.136054992675781,-0.158555030822754,-0.159805297851562,-0.105820655822754,-0.188789367675781,-0.1733207702636719,-0.157461166381836,-0.122695922851562,-0.149415016174316,-0.1762895584106449,-0.227774620056152
9035,-0.138710975646973,,,-0.107227325439453,-0.139726638793945,,-0.123320579528809,-0.140664100646973,-0.1183986663818359,-0.0422267913818359,-0.136054992675781,-0.158555030822754,-0.159805297851562,-0.105742454528809,-0.188789367675781,-0.1733207702636719,-0.157461166381836,-0.122695922851562,-0.149415016174316,-0.1762895584106449,-0.227696418762207
9040,-0.138710975646973,,,-0.107227325439453,-0.139726638793945,,-0.123320579528809,-0.140430450439453,-0.1183986663818359,-0.0422267913818359,-0.136054992675781,-0.158555030822754,-0.159727096557617,-0.105664253234863,-0.188711166381836,-0.1733207702636719,-0.157461166381836,-0.122695922851562,-0.149336814880371,-0.1762895584106449,-0.227696418762207
9045,-0.138710975646973,,,-0.107227325439453,-0.139726638793945,,-0.123320579528809,-0.140274047851562,-0.1183986663818359,-0.0422267913818359,-0.136054992675781,-0.158555030822754,-0.159727096557617,-0.105507850646973,-0.188711166381836,-0.1732425689697269,-0.157461166381836,-0.122695922851562,-0.149336814880371,-0.1762895584106449,-0.227618217468262
9050,-0.138710975646973,,,-0.107305526733398,-0.1398048400878909,,-0.123320579528809,-0.1400394439697269,-0.1183986663818359,-0.0421485900878906,-0.136054992675781,-0.1584768295288089,-0.159727096557617,-0.105429649353027,-0.188711166381836,-0.1732425689697269,-0.1573829650878909,-0.122695922851562,-0.149336814880371,-0.1762895584106449,-0.227618217468262
9055,-0.138710975646973,,,-0.107305526733398,-0.1398048400878909,,-0.123320579528809,-0.139883041381836,-0.1183986663818359,-0.0421485900878906,-0.136054992675781,-0.1584768295288089,-0.159727096557617,-0.105351448059082,-0.188711166381836,-0.1732425689697269,-0.1573829650878909,-0.122617721557617,-0.149336814880371,-0.1762895584106449,-0.227540016174316
9060,-0.138710975646973,,,-0.107305526733398,-0.1398048400878909,,-0.123320579528809,-0.139649391174316,-0.1183986663818359,-0.0421485900878906,-0.136054992675781,-0.1584768295288089,-0.1596488952636719,-0.105274200439453,-0.188711166381836,-0.1732425689697269,-0.1573829650878909,-0.122617721557617,-0.149336814880371,-0.1762895584106449,-0.227540016174316
9065,-0.138710975646973,,,-0.107305526733398,-0.1398048400878909,,-0.123320579528809,-0.139492988586426,-0.1183986663818359,-0.0420703887939453,-0.1361331939697269,-0.1584768295288089,-0.1596488952636719,-0.1051959991455079,-0.188633918762207,-0.1732425689697269,-0.1573829650878909,-0.122617721557617,-0.149336814880371,-0.1762895584106449,-0.227461814880371
9070,-0.138710975646973,,,-0.107305526733398,-0.1398048400878909,,-0.123398780822754,-0.1392583847045899,-0.1183986663818359,-0.0420703887939453,-0.1361331939697269,-0.1584768295288089,-0.1596488952636719,-0.105039596557617,-0.188633918762207,-0.1732425689697269,-0.1573829650878909,-0.122617721557617,-0.149336814880371,-0.1762895584106449,-0.227461814880371
9075,-0.138710975646973,,,-0.107305526733398,-0.1398048400878909,,-0.123398780822754,-0.139101982116699,-0.1183986663818359,-0.0420703887939453,-0.1361331939697269,-0.158398628234863,-0.1596488952636719,-0.104961395263672,-0.188633918762207,-0.1732425689697269,-0.1573829650878909,-0.122617721557617,-0.149336814880371,-0.1762895584106449,-0.227383613586426
9080,-0.138710975646973,,,-0.107305526733398,-0.1398048400878909,,-0.123398780822754,-0.138867378234863,-0.118320465087891,-0.0420703887939453,-0.1361331939697269,-0.158398628234863,-0.1596488952636719,-0.104883193969727,-0.188633918762207,-0.1732425689697269,-0.157305717468262,-0.122617721557617,-0.149258613586426,-0.176211357116699,-0.227383613586426
9085,-0.138710975646973,,,-0.107305526733398,-0.1398048400878909,,-0.123398780822754,-0.138710975646973,-0.118320465087891,-0.0420703887939453,-0.1361331939697269,-0.158398628234863,-0.1595706939697269,-0.104804992675781,-0.188555717468262,-0.173164367675781,-0.157305717468262,-0.122617721557617,-0.149258613586426,-0.176211357116699,-0.22730541229248
9090,-0.138710975646973,,,-0.107305526733398,-0.139883041381836,,-0.123398780822754,-0.138555526733398,-0.118320465087891,-0.0419921875,-0.1361331939697269,-0.158398628234863,-0.1595706939697269,-0.1047267913818359,-0.188555717468262,-0.173164367675781,-0.157305717468262,-0.122617721557617,-0.149258613586426,-0.176211357116699,-0.22730541229248
9095,-0.138710975646973,,,-0.107305526733398,-0.139883041381836,,-0.123398780822754,-0.138320922851562,-0.118320465087891,-0.0419921875,-0.1361331939697269,-0.158398628234863,-0.1595706939697269,-0.104648590087891,-0.188555717468262,-0.173164367675781,-0.157305717468262,-0.122617721557617,-0.149258613586426,-0.176211357116699,-0.227227210998535
9100,-0.138710975646973,,,-0.107305526733398,-0.139883041381836,,-0.123398780822754,-0.1381645202636719,-0.118320465087891,-0.0419921875,-0.1361331939697269,-0.158320426940918,-0.1595706939697269,-0.1044921875,-0.188555717468262,-0.173164367675781,-0.157227516174316,-0.122617721557617,-0.149258613586426,-0.176133155822754,-0.227227210998535
9105,-0.138710975646973,,,-0.107305526733398,-0.139883041381836,,-0.123398780822754,-0.138008117675781,-0.118320465087891,-0.0419921875,-0.1361331939697269,-0.158320426940918,-0.1595706939697269,-0.104413986206055,-0.188555717468262,-0.173164367675781,-0.157227516174316,-0.122617721557617,-0.149258613586426,-0.176133155822754,-0.2271490097045899
9110,-0.138710975646973,,,-0.107305526733398,-0.139883041381836,,-0.123398780822754,-0.137773513793945,-0.118320465087891,-0.0419921875,-0.1361331939697269,-0.158320426940918,-0.159492492675781,-0.1043367385864259,-0.188477516174316,-0.173164367675781,-0.157227516174316,-0.122539520263672,-0.14918041229248,-0.176133155822754,-0.2271490097045899
9115,-0.138710975646973,,,-0.107305526733398,-0.139883041381836,,-0.123476982116699,-0.137618064880371,-0.118320465087891,-0.0419921875,-0.1362113952636719,-0.158320426940918,-0.159492492675781,-0.10425853729248,-0.188477516174316,-0.173164367675781,-0.157227516174316,-0.122539520263672,-0.14918041229248,-0.176133155822754,-0.2270708084106449
9120,-0.138710975646973,,,-0.107305526733398,-0.139883041381836,,-0.123476982116699,-0.13746166229248,-0.118320465087891,-0.0419921875,-0.1362113952636719,-0.158320426940918,-0.159492492675781,-0.104180335998535,-0.188477516174316,-0.173164367675781,-0.157227516174316,-0.122539520263672,-0.14918041229248,-0.176133155822754,-0.2270708084106449
9125,-0.138710975646973,,,-0.107305526733398,-0.139883041381836,,-0.123476982116699,-0.1373052597045899,-0.118320465087891,-0.0419921875,-0.1362113952636719,-0.158243179321289,-0.159492492675781,-0.10410213470459,-0.188477516174316,-0.173164367675781,-0.157227516174316,-0.122539520263672,-0.14918041229248,-0.1760549545288089,-0.226992607116699
9130,-0.138710975646973,,,-0.107305526733398,-0.139883041381836,,-0.123476982116699,-0.137148857116699,-0.118242263793945,-0.0419139862060547,-0.1362113952636719,-0.158243179321289,-0.159492492675781,-0.104023933410645,-0.188477516174316,-0.173086166381836,-0.157149314880371,-0.122539520263672,-0.14918041229248,-0.1760549545288089,-0.226992607116699
9135,-0.138710975646973,,,-0.107305526733398,-0.139883041381836,,-0.123476982116699,-0.1369924545288089,-0.118242263793945,-0.0419139862060547,-0.1362113952636719,-0.158243179321289,-0.159492492675781,-0.103945732116699,-0.188399314880371,-0.173086166381836,-0.157149314880371,-0.122539520263672,-0.14918041229248,-0.1760549545288089,-0.22691535949707
9140,-0.138710975646973,,,-0.107305526733398,-0.139883041381836,,-0.123476982116699,-0.136836051940918,-0.118242263793945,-0.0419139862060547,-0.1362113952636719,-0.158243179321289,-0.159414291381836,-0.103867530822754,-0.188399314880371,-0.173086166381836,-0.157149314880371,-0.122539520263672,-0.14918041229248,-0.1760549545288089,-0.22691535949707
9145,-0.138710975646973,,,-0.107305526733398,-0.139883041381836,,-0.123476982116699,-0.136680603027344,-0.118242263793945,-0.0419139862060547,-0.1362113952636719,-0.158243179321289,-0.159414291381836,-0.103789329528809,-0.188399314880371,-0.173086166381836,-0.157149314880371,-0.122539520263672,-0.14918041229248,-0.1760549545288089,-0.226837158203125
9150,-0.138710975646973,,,-0.107305526733398,-0.139961242675781,,-0.123476982116699,-0.136524200439453,-0.118242263793945,-0.0419139862060547,-0.1362113952636719,-0.158243179321289,-0.159414291381836,-0.103711128234863,-0.188399314880371,-0.173086166381836,-0.157149314880371,-0.122539520263672,-0.14918041229248,-0.175976753234863,-0.226837158203125
9155,-0.138710975646973,,,-0.107305526733398,-0.139961242675781,,-0.123555183410645,-0.136367797851562,-0.118242263793945,-0.0419139862060547,-0.1362113952636719,-0.158164978027344,-0.159414291381836,-0.103632926940918,-0.188399314880371,-0.173086166381836,-0.157149314880371,-0.122539520263672,-0.149102210998535,-0.175976753234863,-0.22675895690918
9160,-0.138710975646973,,,-0.107305526733398,-0.139961242675781,,-0.123555183410645,-0.1362113952636719,-0.118242263793945,-0.0419139862060547,-0.1362113952636719,-0.158164978027344,-0.159414291381836,-0.103554725646973,-0.188321113586426,-0.173086166381836,-0.157071113586426,-0.122539520263672,-0.149102210998535,-0.175976753234863,-0.22675895690918
9165,-0.138710975646973,,,-0.107305526733398,-0.139961242675781,,-0.123555183410645,-0.136054992675781,-0.118242263793945,-0.0419139862060547,-0.136289596557617,-0.158164978027344,-0.159414291381836,-0.103476524353027,-0.188321113586426,-0.173086166381836,-0.157071113586426,-0.122461318969727,-0.149102210998535,-0.175976753234863,-0.226680755615234
9170,-0.138710975646973,,,-0.107305526733398,-0.139961242675781,,-0.123555183410645,-0.1358985900878909,-0.118242263793945,-0.0419139862060547,-0.136289596557617,-0.158164978027344,-0.159414291381836,-0.103398323059082,-0.188321113586426,-0.1730079650878909,-0.157071113586426,-0.122461318969727,-0.149102210998535,-0.175976753234863,-0.226680755615234
9175,-0.138710975646973,,,-0.107305526733398,-0.139961242675781,,-0.123555183410645,-0.135820388793945,-0.118242263793945,-0.0419139862060547,-0.136289596557617,-0.158164978027344,-0.1593360900878909,-0.103321075439453,-0.188321113586426,-0.1730079650878909,-0.157071113586426,-0.122461318969727,-0.149102210998535,-0.175899505615234,-0.226602554321289
9180,-0.138710975646973,,,-0.107305526733398,-0.139961242675781,,-0.123555183410645,-0.135664939880371,-0.118242263793945,-0.0419139862060547,-0.136289596557617,-0.158164978027344,-0.1593360900878909,-0.1032428741455079,-0.188321113586426,-0.1730079650878909,-0.157071113586426,-0.122461318969727,-0.149102210998535,-0.175899505615234,-0.226602554321289
9185,-0.138710975646973,,,-0.107305526733398,-0.139961242675781,,-0.12363338470459,-0.13550853729248,-0.118242263793945,-0.0419139862060547,-0.136289596557617,-0.158164978027344,-0.1593360900878909,-0.103164672851562,-0.18824291229248,-0.1730079650878909,-0.15699291229248,-0.122461318969727,-0.149102210998535,-0.175899505615234,-0.226524353027344
9190,-0.138710975646973,,,-0.107305526733398,-0.139961242675781,,-0.12363338470459,-0.135430335998535,-0.1181640625,-0.0419139862060547,-0.136289596557617,-0.158164978027344,-0.1593360900878909,-0.103086471557617,-0.18824291229248,-0.1730079650878909,-0.15699291229248,-0.122461318969727,-0.149102210998535,-0.175899505615234,-0.226524353027344
9195,-0.138710975646973,,,-0.107305526733398,-0.139961242675781,,-0.12363338470459,-0.1352739334106449,-0.1181640625,-0.0419139862060547,-0.136289596557617,-0.158086776733398,-0.1593360900878909,-0.103008270263672,-0.18824291229248,-0.1730079650878909,-0.15699291229248,-0.122461318969727,-0.149102210998535,-0.175899505615234,-0.226524353027344
9200,-0.138710975646973,,,-0.107305526733398,-0.139961242675781,,-0.12363338470459,-0.135117530822754,-0.1181640625,-0.0419139862060547,-0.136289596557617,-0.158086776733398,-0.1593360900878909,-0.102930068969727,-0.18824291229248,-0.1730079650878909,-0.15699291229248,-0.122461318969727,-0.149102210998535,-0.175899505615234,-0.226446151733398
9205,-0.138710975646973,,,-0.107305526733398,-0.139961242675781,,-0.12363338470459,-0.1350393295288089,-0.1181640625,-0.0419139862060547,-0.136289596557617,-0.158086776733398,-0.1593360900878909,-0.102851867675781,-0.188164710998535,-0.1730079650878909,-0.15699291229248,-0.122461318969727,-0.149102210998535,-0.175899505615234,-0.226446151733398
9210,-0.138710975646973,,,-0.107305526733398,-0.1400394439697269,,-0.12363338470459,-0.134882926940918,-0.1181640625,-0.0419139862060547,-0.136289596557617,-0.158086776733398,-0.159258842468262,-0.1027736663818359,-0.188164710998535,-0.1730079650878909,-0.15699291229248,-0.122461318969727,-0.149102210998535,-0.175821304321289,-0.226367950439453
9215,-0.138710975646973,,,-0.107305526733398,-0.1400394439697269,,-0.123711585998535,-0.134727478027344,-0.1181640625,-0.0419139862060547,-0.136367797851562,-0.158086776733398,-0.159258842468262,-0.102695465087891,-0.188164710998535,-0.1730079650878909,-0.156914710998535,-0.122461318969727,-0.1490240097045899,-0.175821304321289,-0.226367950439453
9220,-0.138710975646973,,,-0.107305526733398,-0.1400394439697269,,-0.123711585998535,-0.134649276733398,-0.1181640625,-0.0419139862060547,-0.136367797851562,-0.158086776733398,-0.159258842468262,-0.102617263793945,-0.188164710998535,-0.172930717468262,-0.156914710998535,-0.122383117675781,-0.1490240097045899,-0.175821304321289,-0.226289749145508
9225,-0.138710975646973,,,-0.107305526733398,-0.1400394439697269,,-0.123711585998535,-0.134492874145508,-0.1181640625,-0.0419139862060547,-0.136367797851562,-0.158086776733398,-0.159258842468262,-0.1025390625,-0.188164710998535,-0.172930717468262,-0.156914710998535,-0.122383117675781,-0.1490240097045899,-0.175821304321289,-0.226289749145508
9230,-0.138710975646973,,,-0.107305526733398,-0.1400394439697269,,-0.123711585998535,-0.134414672851562,-0.1181640625,-0.0419139862060547,-0.136367797851562,-0.158086776733398,-0.159258842468262,-0.102460861206055,-0.1880865097045899,-0.172930717468262,-0.156914710998535,-0.122383117675781,-0.1490240097045899,-0.175821304321289,-0.226211547851562
9235,-0.138710975646973,,,-0.107305526733398,-0.1400394439697269,,-0.123711585998535,-0.1342582702636719,-0.1181640625,-0.0419139862060547,-0.136367797851562,-0.158008575439453,-0.159258842468262,-0.1023836135864259,-0.1880865097045899,-0.172930717468262,-0.156914710998535,-0.122383117675781,-0.1490240097045899,-0.175821304321289,-0.226211547851562
9240,-0.138710975646973,,,-0.107305526733398,-0.1400394439697269,,-0.123711585998535,-0.1341800689697269,-0.1181640625,-0.0419139862060547,-0.136367797851562,-0.158008575439453,-0.159258842468262,-0.10230541229248,-0.1880865097045899,-0.172930717468262,-0.1568365097045899,-0.122383117675781,-0.1490240097045899,-0.175821304321289,-0.226133346557617
9245,-0.138710975646973,,,-0.107305526733398,-0.1400394439697269,,-0.12378978729248,-0.134023666381836,-0.1181640625,-0.0419139862060547,-0.136367797851562,-0.158008575439453,-0.159258842468262,-0.10230541229248,-0.1880865097045899,-0.172930717468262,-0.1568365097045899,-0.122383117675781,-0.1490240097045899,-0.175821304321289,-0.226133346557617
9250,-0.138710975646973,,,-0.107305526733398,-0.1400394439697269,,-0.12378978729248,-0.1339454650878909,-0.1181640625,-0.0419139862060547,-0.136367797851562,-0.158008575439453,-0.159258842468262,-0.102227210998535,-0.1880865097045899,-0.172930717468262,-0.1568365097045899,-0.122383117675781,-0.1490240097045899,-0.175743103027344,-0.2260551452636719
9255,-0.138710975646973,,,-0.107305526733398,-0.1400394439697269,,-0.12378978729248,-0.133867263793945,-0.1181640625,-0.0419139862060547,-0.136367797851562,-0.158008575439453,-0.159180641174316,-0.10214900970459,-0.1880083084106449,-0.172930717468262,-0.1568365097045899,-0.122383117675781,-0.1490240097045899,-0.175743103027344,-0.2260551452636719
9260,-0.138710975646973,,,-0.107305526733398,-0.1400394439697269,,-0.12378978729248,-0.1337890625,-0.1181640625,-0.0419139862060547,-0.136367797851562,-0.158008575439453,-0.159180641174316,-0.102070808410645,-0.1880083084106449,-0.172852516174316,-0.1568365097045899,-0.122383117675781,-0.1490240097045899,-0.175743103027344,-0.2259769439697269
9265,-0.138710975646973,,,-0.107305526733398,-0.1400394439697269,,-0.12378978729248,-0.133711814880371,-0.1181640625,-0.0419139862060547,-0.136367797851562,-0.158008575439453,-0.159180641174316,-0.101992607116699,-0.1880083084106449,-0.172852516174316,-0.1568365097045899,-0.122383117675781,-0.1490240097045899,-0.175743103027344,-0.2259769439697269
9270,-0.138710975646973,,,-0.107305526733398,-0.1400394439697269,,-0.12378978729248,-0.133633613586426,-0.1181640625,-0.0419139862060547,-0.136367797851562,-0.158008575439453,-0.159180641174316,-0.101914405822754,-0.1880083084106449,-0.172852516174316,-0.1567583084106449,-0.122383117675781,-0.1490240097045899,-0.175743103027344,-0.2259769439697269
9275,-0.138710975646973,,,-0.107305526733398,-0.1400394439697269,,-0.12378978729248,-0.13355541229248,-0.118086814880371,-0.0419139862060547,-0.136367797851562,-0.157930374145508,-0.159180641174316,-0.101836204528809,-0.1880083084106449,-0.172852516174316,-0.1567583084106449,-0.1223049163818359,-0.1490240097045899,-0.175743103027344,-0.225899696350098
9280,-0.138710975646973,,,-0.107305526733398,-0.1400394439697269,,-0.1238679885864259,-0.133477210998535,-0.118086814880371,-0.0419139862060547,-0.136445999145508,-0.157930374145508,-0.159180641174316,-0.101836204528809,-0.187930107116699,-0.172852516174316,-0.1567583084106449,-0.1223049163818359,-0.1490240097045899,-0.175743103027344,-0.225899696350098
9285,-0.138710975646973,,,-0.107305526733398,-0.1400394439697269,,-0.1238679885864259,-0.1333990097045899,-0.118086814880371,-0.0419139862060547,-0.136445999145508,-0.157930374145508,-0.159180641174316,-0.101758003234863,-0.187930107116699,-0.172852516174316,-0.1567583084106449,-0.1223049163818359,-0.1490240097045899,-0.175743103027344,-0.225821495056152
9290,-0.138710975646973,,,-0.107305526733398,-0.1400394439697269,,-0.1238679885864259,-0.1333208084106449,-0.118086814880371,-0.0419921875,-0.136445999145508,-0.157930374145508,-0.159102439880371,-0.101679801940918,-0.187930107116699,-0.172852516174316,-0.1567583084106449,-0.1223049163818359,-0.1490240097045899,-0.175664901733398,-0.225821495056152
9295,-0.138710975646973,,,-0.107305526733398,-0.1400394439697269,,-0.1238679885864259,-0.133242607116699,-0.118086814880371,-0.0419921875,-0.136445999145508,-0.157930374145508,-0.159102439880371,-0.101601600646973,-0.187930107116699,-0.172852516174316,-0.1567583084106449,-0.1223049163818359,-0.1490240097045899,-0.175743103027344,-0.225743293762207
9300,-0.138710975646973,,,-0.107305526733398,-0.1400394439697269,,-0.1238679885864259,-0.133164405822754,-0.118086814880371,-0.0419921875,-0.136445999145508,-0.157930374145508,-0.159102439880371,-0.101523399353027,-0.187930107116699,-0.172852516174316,-0.1567583084106449,-0.1223049163818359,-0.1490240097045899,-0.175664901733398,-0.225743293762207
9305,-0.138710975646973,,,-0.107305526733398,-0.1400394439697269,,-0.1238679885864259,-0.1330862045288089,-0.118086814880371,-0.0419921875,-0.136445999145508,-0.157930374145508,-0.159102439880371,-0.101445198059082,-0.187930107116699,-0.172852516174316,-0.1567583084106449,-0.1223049163818359,-0.1490240097045899,-0.175664901733398,-0.225743293762207
9310,-0.138710975646973,,,-0.107305526733398,-0.1401176452636719,,-0.123946189880371,-0.133008003234863,-0.118086814880371,-0.0419921875,-0.136445999145508,-0.157930374145508,-0.159102439880371,-0.101445198059082,-0.187851905822754,-0.172774314880371,-0.156680107116699,-0.1223049163818359,-0.1490240097045899,-0.175664901733398,-0.225665092468262
9315,-0.138710975646973,,,-0.107305526733398,-0.1401176452636719,,-0.123946189880371,-0.132929801940918,-0.118086814880371,-0.0419921875,-0.136445999145508,-0.157930374145508,-0.159102439880371,-0.101367950439453,-0.187851905822754,-0.172774314880371,-0.156680107116699,-0.1223049163818359,-0.1490240097045899,-0.175664901733398,-0.225665092468262
9320,-0.138710975646973,,,-0.107305526733398,-0.1401176452636719,,-0.123946189880371,-0.132851600646973,-0.118086814880371,-0.0419921875,-0.136445999145508,-0.157930374145508,-0.159102439880371,-0.1012897491455079,-0.187851905822754,-0.172774314880371,-0.156680107116699,-0.1223049163818359,-0.1490240097045899,-0.175664901733398,-0.225586891174316
9325,-0.138710975646973,,,-0.107305526733398,-0.1401176452636719,,-0.123946189880371,-0.132851600646973,-0.118086814880371,-0.0419921875,-0.136445999145508,-0.157930374145508,-0.159102439880371,-0.101211547851562,-0.187851905822754,-0.172774314880371,-0.156680107116699,-0.1223049163818359,-0.1490240097045899,-0.175664901733398,-0.225586891174316
9330,-0.138710975646973,,,-0.107305526733398,-0.1401176452636719,,-0.123946189880371,-0.132774353027344,-0.118086814880371,-0.0419921875,-0.136445999145508,-0.157930374145508,-0.159102439880371,-0.101133346557617,-0.1877737045288089,-0.172774314880371,-0.156680107116699,-0.1223049163818359,-0.1490240097045899,-0.175664901733398,-0.225508689880371
9335,-0.138710975646973,,,-0.107305526733398,-0.1401176452636719,,-0.123946189880371,-0.132774353027344,-0.118086814880371,-0.0419921875,-0.136445999145508,-0.157852172851562,-0.159024238586426,-0.101133346557617,-0.1877737045288089,-0.172774314880371,-0.156680107116699,-0.1223049163818359,-0.1490240097045899,-0.175664901733398,-0.225508689880371
9340,-0.138710975646973,,,-0.107305526733398,-0.1401176452636719,,-0.123946189880371,-0.132696151733398,-0.118086814880371,-0.0419921875,-0.136524200439453,-0.157852172851562,-0.159024238586426,-0.101055145263672,-0.1877737045288089,-0.172774314880371,-0.156601905822754,-0.122226715087891,-0.1490240097045899,-0.175664901733398,-0.225508689880371
9345,-0.138710975646973,,,-0.107305526733398,-0.1401176452636719,,-0.123946189880371,-0.132696151733398,-0.118086814880371,-0.0419921875,-0.136524200439453,-0.157852172851562,-0.159024238586426,-0.100976943969727,-0.1877737045288089,-0.172774314880371,-0.156601905822754,-0.122226715087891,-0.1490240097045899,-0.175664901733398,-0.225430488586426
9350,-0.138710975646973,,,-0.107305526733398,-0.1401176452636719,,-0.123946189880371,-0.132617950439453,-0.118086814880371,-0.0420703887939453,-0.136524200439453,-0.157852172851562,-0.159024238586426,-0.100898742675781,-0.1877737045288089,-0.172774314880371,-0.156601905822754,-0.122226715087891,-0.1490240097045899,-0.175664901733398,-0.225430488586426
9355,-0.138710975646973,,,-0.107305526733398,-0.1401176452636719,,-0.123946189880371,-0.132617950439453,-0.118086814880371,-0.0420703887939453,-0.136524200439453,-0.157852172851562,-0.159024238586426,-0.100898742675781,-0.1877737045288089,-0.172774314880371,-0.156601905822754,-0.122226715087891,-0.1490240097045899,-0.175664901733398,-0.22535228729248
9360,-0.138710975646973,,,-0.107305526733398,-0.1401176452636719,,-0.1240234375,-0.132539749145508,-0.118086814880371,-0.0420703887939453,-0.136524200439453,-0.157852172851562,-0.159024238586426,-0.1008205413818359,-0.18769645690918,-0.172774314880371,-0.156601905822754,-0.122226715087891,-0.1490240097045899,-0.175586700439453,-0.22535228729248
9365,-0.138710975646973,,,-0.107305526733398,-0.1401176452636719,,-0.1240234375,-0.132539749145508,-0.118086814880371,-0.0420703887939453,-0.136524200439453,-0.157852172851562,-0.159024238586426,-0.100742340087891,-0.18769645690918,-0.172696113586426,-0.156601905822754,-0.122226715087891,-0.1490240097045899,-0.175586700439453,-0.22535228729248
9370,-0.138710975646973,,,-0.107305526733398,-0.1401176452636719,,-0.1240234375,-0.132461547851562,-0.118086814880371,-0.0420703887939453,-0.136524200439453,-0.157852172851562,-0.159024238586426,-0.100664138793945,-0.18769645690918,-0.172696113586426,-0.156601905822754,-0.122226715087891,-0.1490240097045899,-0.175586700439453,-0.225274085998535
9375,-0.138710975646973,,,-0.107305526733398,-0.1401176452636719,,-0.1240234375,-0.132461547851562,-0.118086814880371,-0.0420703887939453,-0.136524200439453,-0.157852172851562,-0.159024238586426,-0.100664138793945,-0.18769645690918,-0.172696113586426,-0.1565237045288089,-0.122226715087891,-0.1490240097045899,-0.175586700439453,-0.225274085998535
9380,-0.138710975646973,,,-0.107305526733398,-0.1401176452636719,,-0.1240234375,-0.132383346557617,-0.118086814880371,-0.0420703887939453,-0.136524200439453,-0.157852172851562,-0.159024238586426,-0.1005859375,-0.18769645690918,-0.172696113586426,-0.1565237045288089,-0.122226715087891,-0.1490240097045899,-0.175586700439453,-0.2251958847045899
9385,-0.138710975646973,,,-0.107305526733398,-0.1401176452636719,,-0.1240234375,-0.132383346557617,-0.118086814880371,-0.0420703887939453,-0.136524200439453,-0.157852172851562,-0.15894603729248,-0.100507736206055,-0.187618255615234,-0.172696113586426,-0.1565237045288089,-0.122226715087891,-0.1490240097045899,-0.175586700439453,-0.2251958847045899
9390,-0.138710975646973,,,-0.107305526733398,-0.140195846557617,,-0.1240234375,-0.1323051452636719,-0.118086814880371,-0.0420703887939453,-0.136524200439453,-0.157852172851562,-0.15894603729248,-0.1004304885864259,-0.187618255615234,-0.172696113586426,-0.1565237045288089,-0.122226715087891,-0.1490240097045899,-0.175586700439453,-0.2251958847045899
9395,-0.138710975646973,,,-0.107305526733398,-0.140195846557617,,-0.1240234375,-0.1323051452636719,-0.118086814880371,-0.0420703887939453,-0.136524200439453,-0.157773971557617,-0.15894603729248,-0.1004304885864259,-0.187618255615234,-0.172696113586426,-0.1565237045288089,-0.122226715087891,-0.1490240097045899,-0.175586700439453,-0.2251176834106449
9400,-0.138710975646973,,,-0.107305526733398,-0.140195846557617,,-0.1240234375,-0.1322269439697269,-0.118086814880371,-0.0420703887939453,-0.136524200439453,-0.157773971557617,-0.15894603729248,-0.10035228729248,-0.187618255615234,-0.172696113586426,-0.1565237045288089,-0.122148513793945,-0.1490240097045899,-0.175586700439453,-0.2251176834106449
9405,-0.138710975646973,,,-0.107382774353027,-0.140195846557617,,-0.1240234375,-0.132148742675781,-0.118086814880371,-0.0420703887939453,-0.136524200439453,-0.157773971557617,-0.15894603729248,-0.100274085998535,-0.187618255615234,-0.172696113586426,-0.1565237045288089,-0.122226715087891,-0.1490240097045899,-0.175586700439453,-0.225039482116699
9410,-0.138710975646973,,,-0.107382774353027,-0.140195846557617,,-0.1240234375,-0.132148742675781,-0.118086814880371,-0.0421485900878906,-0.136524200439453,-0.157773971557617,-0.15894603729248,-0.10019588470459,-0.187618255615234,-0.172696113586426,-0.1565237045288089,-0.122148513793945,-0.1490240097045899,-0.175586700439453,-0.225039482116699
9415,-0.138710975646973,,,-0.107382774353027,-0.140195846557617,,-0.1240234375,-0.132070541381836,-0.118086814880371,-0.0421485900878906,-0.136602401733398,-0.157773971557617,-0.15894603729248,-0.10019588470459,-0.187540054321289,-0.172696113586426,-0.156445503234863,-0.122148513793945,-0.1490240097045899,-0.175586700439453,-0.225039482116699
9420,-0.138710975646973,,,-0.107382774353027,-0.140195846557617,,-0.124101638793945,-0.132070541381836,-0.118086814880371,-0.0421485900878906,-0.136602401733398,-0.157773971557617,-0.15894603729248,-0.100117683410645,-0.187540054321289,-0.17261791229248,-0.156445503234863,-0.122148513793945,-0.1490240097045899,-0.175508499145508,-0.224961280822754
9425,-0.138710975646973,,,-0.107382774353027,-0.140195846557617,,-0.1240234375,-0.1319923400878909,-0.118086814880371,-0.0421485900878906,-0.136602401733398,-0.157773971557617,-0.15894603729248,-0.100039482116699,-0.187540054321289,-0.17261791229248,-0.156445503234863,-0.122148513793945,-0.1490240097045899,-0.175508499145508,-0.224961280822754
9430,-0.138710975646973,,,-0.107382774353027,-0.140195846557617,,-0.1240234375,-0.1319923400878909,-0.118086814880371,-0.0421485900878906,-0.136602401733398,-0.157773971557617,-0.15894603729248,-0.0999612808227539,-0.187540054321289,-0.17261791229248,-0.156445503234863,-0.122148513793945,-0.1490240097045899,-0.175508499145508,-0.224961280822754
9435,-0.138710975646973,,,-0.107382774353027,-0.140195846557617,,-0.124101638793945,-0.131914138793945,-0.118086814880371,-0.0421485900878906,-0.136602401733398,-0.157773971557617,-0.15894603729248,-0.0999612808227539,-0.187540054321289,-0.17261791229248,-0.156445503234863,-0.122148513793945,-0.1490240097045899,-0.175508499145508,-0.224884033203125
9440,-0.138710975646973,,,-0.107382774353027,-0.140195846557617,,-0.124101638793945,-0.131914138793945,-0.118086814880371,-0.0421485900878906,-0.136602401733398,-0.157773971557617,-0.15894603729248,-0.0998830795288086,-0.187461853027344,-0.17261791229248,-0.156445503234863,-0.122148513793945,-0.1490240097045899,-0.175508499145508,-0.224884033203125
9445,-0.138710975646973,,,-0.107382774353027,-0.140195846557617,,-0.124101638793945,-0.1318359375,-0.1180086135864259,-0.0421485900878906,-0.136602401733398,-0.157773971557617,-0.158867835998535,-0.0998048782348633,-0.187461853027344,-0.17261791229248,-0.156445503234863,-0.122148513793945,-0.1490240097045899,-0.175508499145508,-0.22480583190918
9450,-0.138710975646973,,,-0.107382774353027,-0.140195846557617,,-0.124101638793945,-0.1318359375,-0.1180086135864259,-0.0421485900878906,-0.136602401733398,-0.157773971557617,-0.158867835998535,-0.099726676940918,-0.187461853027344,-0.17261791229248,-0.156445503234863,-0.122148513793945,-0.1490240097045899,-0.175508499145508,-0.22480583190918
9455,-0.138710975646973,,,-0.107382774353027,-0.140195846557617,,-0.124101638793945,-0.131758689880371,-0.1180086135864259,-0.0421485900878906,-0.136602401733398,-0.157773971557617,-0.158867835998535,-0.099726676940918,-0.187461853027344,-0.17261791229248,-0.156367301940918,-0.122148513793945,-0.149102210998535,-0.175508499145508,-0.22480583190918
9460,-0.138710975646973,,,-0.107382774353027,-0.140195846557617,,-0.124101638793945,-0.131758689880371,-0.1180086135864259,-0.0421485900878906,-0.136602401733398,-0.157773971557617,-0.158867835998535,-0.0996484756469727,-0.187461853027344,-0.17261791229248,-0.156367301940918,-0.122148513793945,-0.149102210998535,-0.175508499145508,-0.224727630615234
9465,-0.138710975646973,,,-0.107382774353027,-0.140195846557617,,-0.124101638793945,-0.131680488586426,-0.1180086135864259,-0.0422267913818359,-0.136602401733398,-0.157773971557617,-0.158867835998535,-0.0995702743530273,-0.187461853027344,-0.17261791229248,-0.156367301940918,-0.122148513793945,-0.149102210998535,-0.175508499145508,-0.224727630615234
9470,-0.138710975646973,,,-0.107382774353027,-0.140274047851562,,-0.124101638793945,-0.131680488586426,-0.1180086135864259,-0.0422267913818359,-0.136602401733398,-0.1576957702636719,-0.158867835998535,-0.099492073059082,-0.187383651733398,-0.17261791229248,-0.156367301940918,-0.122148513793945,-0.149102210998535,-0.175508499145508,-0.224649429321289
9475,-0.138710975646973,,,-0.107382774353027,-0.140274047851562,,-0.124101638793945,-0.13160228729248,-0.1180086135864259,-0.0422267913818359,-0.136602401733398,-0.1576957702636719,-0.158867835998535,-0.099492073059082,-0.187383651733398,-0.17261791229248,-0.156367301940918,-0.1220703125,-0.149102210998535,-0.175508499145508,-0.224649429321289
9480,-0.138710975646973,,,-0.107382774353027,-0.140274047851562,,-0.124101638793945,-0.13160228729248,-0.1180086135864259,-0.0422267913818359,-0.136602401733398,-0.1576957702636719,-0.158867835998535,-0.0994148254394531,-0.187383651733398,-0.172539710998535,-0.156367301940918,-0.1220703125,-0.149102210998535,-0.175508499145508,-0.224649429321289
9485,-0.138710975646973,,,-0.107382774353027,-0.140274047851562,,-0.124101638793945,-0.131524085998535,-0.1180086135864259,-0.0422267913818359,-0.136602401733398,-0.1576957702636719,-0.158867835998535,-0.0993366241455078,-0.187383651733398,-0.172539710998535,-0.156367301940918,-0.1220703125,-0.149102210998535,-0.175430297851562,-0.224571228027344
9490,-0.138710975646973,,,-0.107382774353027,-0.140274047851562,,-0.124101638793945,-0.131524085998535,-0.1180086135864259,-0.0422267913818359,-0.136602401733398,-0.1576957702636719,-0.158867835998535,-0.0992584228515625,-0.187305450439453,-0.172539710998535,-0.156290054321289,-0.1220703125,-0.149102210998535,-0.175430297851562,-0.224571228027344
9495,-0.138710975646973,,,-0.107382774353027,-0.140274047851562,,-0.124101638793945,-0.131524085998535,-0.1180086135864259,-0.0422267913818359,-0.136680603027344,-0.1576957702636719,-0.158867835998535,-0.0992584228515625,-0.187305450439453,-0.172539710998535,-0.156290054321289,-0.1220703125,-0.149102210998535,-0.175430297851562,-0.224571228027344
9500,-0.138710975646973,,,-0.107382774353027,-0.140274047851562,,-0.124101638793945,-0.1314458847045899,-0.1180086135864259,-0.0422267913818359,-0.136680603027344,-0.1576957702636719,-0.158867835998535,-0.0991802215576172,-0.187305450439453,-0.172539710998535,-0.156290054321289,-0.1220703125,-0.149102210998535,-0.175430297851562,-0.224493026733398
9505,-0.138710975646973,,,-0.107382774353027,-0.140274047851562,,-0.124101638793945,-0.1314458847045899,-0.1180086135864259,-0.0423049926757812,-0.136680603027344,-0.1576957702636719,-0.158867835998535,-0.0991020202636719,-0.187305450439453,-0.172539710998535,-0.156290054321289,-0.1220703125,-0.149102210998535,-0.175430297851562,-0.224493026733398
9510,-0.138710975646973,,,-0.107305526733398,-0.140274047851562,,-0.124101638793945,-0.1313676834106449,-0.1180086135864259,-0.0422267913818359,-0.136680603027344,-0.1576957702636719,-0.1587896347045899,-0.0991020202636719,-0.187305450439453,-0.172539710998535,-0.156290054321289,-0.1220703125,-0.149102210998535,-0.175430297851562,-0.224414825439453
9515,-0.138710975646973,,,-0.107305526733398,-0.140274047851562,,-0.124101638793945,-0.1313676834106449,-0.1180086135864259,-0.0423049926757812,-0.136680603027344,-0.1576957702636719,-0.1587896347045899,-0.0990238189697266,-0.187305450439453,-0.172539710998535,-0.156290054321289,-0.1220703125,-0.149102210998535,-0.175430297851562,-0.224414825439453
9520,-0.138710975646973,,,-0.107305526733398,-0.140274047851562,,-0.124101638793945,-0.131289482116699,-0.1180086135864259,-0.0423049926757812,-0.136680603027344,-0.1576957702636719,-0.1587896347045899,-0.0989456176757812,-0.187227249145508,-0.172539710998535,-0.156290054321289,-0.1220703125,-0.149102210998535,-0.175430297851562,-0.224414825439453
9525,-0.138710975646973,,,-0.107305526733398,-0.140274047851562,,-0.124101638793945,-0.131289482116699,-0.1180086135864259,-0.0423049926757812,-0.136680603027344,-0.1576957702636719,-0.1587896347045899,-0.0988674163818359,-0.187227249145508,-0.172539710998535,-0.156290054321289,-0.1220703125,-0.149102210998535,-0.175430297851562,-0.224336624145508
9530,-0.138710975646973,,,-0.107305526733398,-0.140274047851562,,-0.124101638793945,-0.131211280822754,-0.1180086135864259,-0.0423049926757812,-0.136680603027344,-0.1576957702636719,-0.1587896347045899,-0.0988674163818359,-0.187227249145508,-0.172539710998535,-0.156290054321289,-0.1220703125,-0.149102210998535,-0.175430297851562,-0.224336624145508
9535,-0.138710975646973,,,-0.107305526733398,-0.140274047851562,,-0.124101638793945,-0.131211280822754,-0.1180086135864259,-0.0423049926757812,-0.136680603027344,-0.1576957702636719,-0.1587896347045899,-0.0987892150878906,-0.187227249145508,-0.172539710998535,-0.156290054321289,-0.1220703125,-0.149102210998535,-0.175430297851562,-0.224258422851562
9540,-0.138710975646973,,,-0.107305526733398,-0.140274047851562,,-0.124179840087891,-0.1311330795288089,-0.1180086135864259,-0.0423049926757812,-0.136680603027344,-0.1576175689697269,-0.1587896347045899,-0.0987110137939453,-0.187227249145508,-0.172539710998535,-0.156211853027344,-0.1220703125,-0.14918041229248,-0.175430297851562,-0.224258422851562
9545,-0.138710975646973,,,-0.107305526733398,-0.140352249145508,,-0.124179840087891,-0.1311330795288089,-0.1180086135864259,-0.0423049926757812,-0.136680603027344,-0.1576175689697269,-0.1587896347045899,-0.0987110137939453,-0.187227249145508,-0.1724615097045899,-0.156211853027344,-0.121993064880371,-0.14918041229248,-0.175430297851562,-0.224258422851562
9550,-0.138710975646973,,,-0.107305526733398,-0.140352249145508,,-0.124179840087891,-0.131054878234863,-0.1180086135864259,-0.0423831939697266,-0.136680603027344,-0.1576175689697269,-0.1587896347045899,-0.0986328125,-0.187149047851562,-0.1724615097045899,-0.156211853027344,-0.121993064880371,-0.14918041229248,-0.175430297851562,-0.224180221557617
9555,-0.138710975646973,,,-0.107305526733398,-0.140352249145508,,-0.124179840087891,-0.131054878234863,-0.1180086135864259,-0.0423831939697266,-0.136680603027344,-0.1576175689697269,-0.1587896347045899,-0.0985546112060547,-0.187149047851562,-0.1724615097045899,-0.156211853027344,-0.121993064880371,-0.14918041229248,-0.175430297851562,-0.224180221557617
9560,-0.138710975646973,,,-0.107305526733398,-0.140352249145508,,-0.124179840087891,-0.131054878234863,-0.1180086135864259,-0.0423831939697266,-0.136680603027344,-0.1576175689697269,-0.1587896347045899,-0.0984773635864258,-0.187149047851562,-0.1724615097045899,-0.156211853027344,-0.121993064880371,-0.14918041229248,-0.175430297851562,-0.224180221557617
9565,-0.138710975646973,,,-0.107305526733398,-0.140352249145508,,-0.124179840087891,-0.130976676940918,-0.1180086135864259,-0.0423831939697266,-0.136680603027344,-0.1576175689697269,-0.1587896347045899,-0.0984773635864258,-0.187149047851562,-0.1724615097045899,-0.156211853027344,-0.121993064880371,-0.14918041229248,-0.175430297851562,-0.2241020202636719
9570,-0.138710975646973,,,-0.107305526733398,-0.140352249145508,,-0.124179840087891,-0.130976676940918,-0.1180086135864259,-0.0423831939697266,-0.136680603027344,-0.1576175689697269,-0.1587896347045899,-0.0983991622924805,-0.187149047851562,-0.1724615097045899,-0.156211853027344,-0.121993064880371,-0.14918041229248,-0.175352096557617,-0.2241020202636719
9575,-0.138710975646973,,,-0.107305526733398,-0.140352249145508,,-0.124179840087891,-0.130898475646973,-0.1180086135864259,-0.0423831939697266,-0.136680603027344,-0.1576175689697269,-0.1587896347045899,-0.0983209609985352,-0.187070846557617,-0.1724615097045899,-0.156211853027344,-0.121993064880371,-0.14918041229248,-0.175352096557617,-0.2241020202636719
9580,-0.138710975646973,,,-0.107305526733398,-0.140352249145508,,-0.124179840087891,-0.130898475646973,-0.1180086135864259,-0.0423831939697266,-0.136680603027344,-0.1576175689697269,-0.1587896347045899,-0.0982427597045898,-0.187070846557617,-0.1724615097045899,-0.156211853027344,-0.121993064880371,-0.14918041229248,-0.175352096557617,-0.2240238189697269
9585,-0.138710975646973,,,-0.107305526733398,-0.140352249145508,,-0.124179840087891,-0.130898475646973,-0.1180086135864259,-0.0423831939697266,-0.136680603027344,-0.1576175689697269,-0.1587896347045899,-0.0982427597045898,-0.187070846557617,-0.1724615097045899,-0.156211853027344,-0.121993064880371,-0.14918041229248,-0.175352096557617,-0.2240238189697269
9590,-0.138710975646973,,,-0.107227325439453,-0.140352249145508,,-0.124179840087891,-0.130821228027344,-0.1180086135864259,-0.0423831939697266,-0.136757850646973,-0.1576175689697269,-0.1587896347045899,-0.0981645584106445,-0.187070846557617,-0.1724615097045899,-0.156133651733398,-0.121993064880371,-0.14918041229248,-0.175352096557617,-0.2240238189697269
9595,-0.138710975646973,,,-0.107227325439453,-0.140352249145508,,-0.124179840087891,-0.130821228027344,-0.1180086135864259,-0.0424613952636719,-0.136757850646973,-0.1576175689697269,-0.1587114334106449,-0.0980863571166992,-0.187070846557617,-0.1724615097045899,-0.156133651733398,-0.121993064880371,-0.14918041229248,-0.175352096557617,-0.223946571350098
9600,-0.138710975646973,,,-0.107227325439453,-0.140352249145508,,-0.124179840087891,-0.130743026733398,-0.1180086135864259,-0.0424613952636719,-0.136757850646973,-0.1576175689697269,-0.1587114334106449,-0.0980081558227539,-0.187070846557617,-0.1724615097045899,-0.156133651733398,-0.121993064880371,-0.14918041229248,-0.175352096557617,-0.223946571350098
9605,-0.138710975646973,,,-0.107227325439453,-0.140352249145508,,-0.124179840087891,-0.130743026733398,-0.1180086135864259,-0.0424613952636719,-0.136757850646973,-0.1576175689697269,-0.1587114334106449,-0.0980081558227539,-0.1869926452636719,-0.1724615097045899,-0.156133651733398,-0.121993064880371,-0.14918041229248,-0.175352096557617,-0.223946571350098
9610,-0.138710975646973,,,-0.107227325439453,-0.140352249145508,,-0.124179840087891,-0.130664825439453,-0.1180086135864259,-0.0424613952636719,-0.136757850646973,-0.1576175689697269,-0.1587114334106449,-0.0979299545288086,-0.1869926452636719,-0.1724615097045899,-0.156133651733398,-0.121993064880371,-0.14918041229248,-0.175352096557617,-0.223868370056152
9615,-0.138710975646973,,,-0.107227325439453,-0.140352249145508,,-0.124179840087891,-0.130664825439453,-0.1180086135864259,-0.0424613952636719,-0.136757850646973,-0.1576175689697269,-0.1587114334106449,-0.0978517532348633,-0.1869926452636719,-0.1724615097045899,-0.156133651733398,-0.121993064880371,-0.149258613586426,-0.175352096557617,-0.223868370056152
9620,-0.138710975646973,,,-0.107227325439453,-0.140352249145508,,-0.124179840087891,-0.130664825439453,-0.1180086135864259,-0.0424613952636719,-0.136757850646973,-0.157539367675781,-0.1587114334106449,-0.097773551940918,-0.1869926452636719,-0.1723833084106449,-0.156133651733398,-0.121993064880371,-0.14918041229248,-0.175352096557617,-0.223790168762207
9625,-0.138710975646973,,,-0.107227325439453,-0.140352249145508,,-0.124179840087891,-0.130586624145508,-0.1180086135864259,-0.0424613952636719,-0.136757850646973,-0.157539367675781,-0.1587114334106449,-0.097773551940918,-0.1869926452636719,-0.1723833084106449,-0.156133651733398,-0.121993064880371,-0.149258613586426,-0.175352096557617,-0.223790168762207
9630,-0.138710975646973,,,-0.107227325439453,-0.140352249145508,,-0.124179840087891,-0.130586624145508,-0.1180086135864259,-0.0425395965576172,-0.136757850646973,-0.157539367675781,-0.1587114334106449,-0.0976953506469727,-0.1869926452636719,-0.1723833084106449,-0.156133651733398,-0.121993064880371,-0.149258613586426,-0.175352096557617,-0.223790168762207
9635,-0.138710975646973,,,-0.107227325439453,-0.140430450439453,,-0.124179840087891,-0.130508422851562,-0.1180086135864259,-0.0425395965576172,-0.136757850646973,-0.157539367675781,-0.1587114334106449,-0.0976171493530273,-0.1869144439697269,-0.1723833084106449,-0.156133651733398,-0.121993064880371,-0.149258613586426,-0.175352096557617,-0.223711967468262
9640,-0.138710975646973,,,-0.1071491241455079,-0.140430450439453,,-0.124179840087891,-0.130508422851562,-0.1180086135864259,-0.0425395965576172,-0.136757850646973,-0.157539367675781,-0.1587114334106449,-0.0976171493530273,-0.1869144439697269,-0.1723833084106449,-0.156055450439453,-0.1219148635864259,-0.149258613586426,-0.175352096557617,-0.223711967468262
9645,-0.138710975646973,,,-0.1071491241455079,-0.140430450439453,,-0.124179840087891,-0.130508422851562,-0.1180086135864259,-0.0425395965576172,-0.136757850646973,-0.157539367675781,-0.1587114334106449,-0.097538948059082,-0.1869144439697269,-0.1723833084106449,-0.156055450439453,-0.1219148635864259,-0.149258613586426,-0.175352096557617,-0.223711967468262
9650,-0.138710975646973,,,-0.1071491241455079,-0.140430450439453,,-0.124179840087891,-0.130430221557617,-0.1180086135864259,-0.0425395965576172,-0.136757850646973,-0.157539367675781,-0.1587114334106449,-0.0974617004394531,-0.1869144439697269,-0.1723833084106449,-0.156055450439453,-0.1219148635864259,-0.149258613586426,-0.175352096557617,-0.223711967468262
9655,-0.138710975646973,,,-0.1071491241455079,-0.140430450439453,,-0.124179840087891,-0.130430221557617,-0.1180086135864259,-0.0425395965576172,-0.136757850646973,-0.157539367675781,-0.1587114334106449,-0.0974617004394531,-0.1869144439697269,-0.1723833084106449,-0.156055450439453,-0.1219148635864259,-0.149258613586426,-0.175352096557617,-0.223633766174316
9660,-0.138710975646973,,,-0.1071491241455079,-0.140430450439453,,-0.124179840087891,-0.130430221557617,-0.1180086135864259,-0.0425395965576172,-0.136757850646973,-0.157539367675781,-0.1587114334106449,-0.0973834991455078,-0.1869144439697269,-0.1723833084106449,-0.156055450439453,-0.1219148635864259,-0.149258613586426,-0.175352096557617,-0.223633766174316
9665,-0.138710975646973,,,-0.1071491241455079,-0.140430450439453,,-0.124179840087891,-0.1303520202636719,-0.1180086135864259,-0.0425395965576172,-0.136757850646973,-0.157539367675781,-0.1587114334106449,-0.0973052978515625,-0.1869144439697269,-0.1723833084106449,-0.156055450439453,-0.1219148635864259,-0.149336814880371,-0.175352096557617,-0.223633766174316
9670,-0.138710975646973,,,-0.1071491241455079,-0.140430450439453,,-0.124179840087891,-0.1303520202636719,-0.1180086135864259,-0.0426168441772461,-0.136757850646973,-0.157539367675781,-0.1587114334106449,-0.0972270965576172,-0.186836242675781,-0.1723833084106449,-0.156055450439453,-0.1219148635864259,-0.149336814880371,-0.175352096557617,-0.223555564880371
9675,-0.138710975646973,,,-0.1071491241455079,-0.140430450439453,,-0.124179840087891,-0.1302738189697269,-0.1180086135864259,-0.0426168441772461,-0.136757850646973,-0.157539367675781,-0.1587114334106449,-0.0972270965576172,-0.186836242675781,-0.1723833084106449,-0.156055450439453,-0.1219148635864259,-0.149336814880371,-0.1752738952636719,-0.223555564880371
9680,-0.138710975646973,,,-0.1071491241455079,-0.140430450439453,,-0.124179840087891,-0.1302738189697269,-0.1180086135864259,-0.0426168441772461,-0.136757850646973,-0.157539367675781,-0.1587114334106449,-0.0971488952636719,-0.186836242675781,-0.1723833084106449,-0.156055450439453,-0.1219148635864259,-0.149336814880371,-0.1752738952636719,-0.223477363586426
9685,-0.138710975646973,,,-0.107070922851562,-0.140430450439453,,-0.124179840087891,-0.130195617675781,-0.1180086135864259,-0.0426168441772461,-0.136757850646973,-0.157539367675781,-0.1587114334106449,-0.0970706939697266,-0.186836242675781,-0.1723833084106449,-0.156055450439453,-0.1219148635864259,-0.149336814880371,-0.1752738952636719,-0.223477363586426
9690,-0.138710975646973,,,-0.107070922851562,-0.140430450439453,,-0.124179840087891,-0.130195617675781,-0.1180086135864259,-0.0426168441772461,-0.136757850646973,-0.157539367675781,-0.1587114334106449,-0.0970706939697266,-0.186836242675781,-0.1723833084106449,-0.156055450439453,-0.1219148635864259,-0.149336814880371,-0.1752738952636719,-0.223477363586426
9695,-0.138710975646973,,,-0.107070922851562,-0.140430450439453,,-0.124179840087891,-0.130117416381836,-0.1180086135864259,-0.0426168441772461,-0.136836051940918,-0.157539367675781,-0.1587114334106449,-0.0969924926757812,-0.186836242675781,-0.1723833084106449,-0.156055450439453,-0.1219148635864259,-0.149336814880371,-0.1752738952636719,-0.22339916229248
9700,-0.138710975646973,,,-0.107070922851562,-0.140430450439453,,-0.124179840087891,-0.130117416381836,-0.1180086135864259,-0.0426168441772461,-0.136836051940918,-0.157539367675781,-0.158633232116699,-0.0969142913818359,-0.186758041381836,-0.1723833084106449,-0.156055450439453,-0.1219148635864259,-0.149336814880371,-0.1752738952636719,-0.22339916229248
9705,-0.138710975646973,,,-0.107070922851562,-0.140430450439453,,-0.124179840087891,-0.1300392150878909,-0.1180086135864259,-0.0426168441772461,-0.136836051940918,-0.157539367675781,-0.158633232116699,-0.0968360900878906,-0.186758041381836,-0.172305107116699,-0.155977249145508,-0.1219148635864259,-0.149336814880371,-0.1752738952636719,-0.22339916229248
9710,-0.138710975646973,,,-0.107070922851562,-0.140430450439453,,-0.124179840087891,-0.1300392150878909,-0.1180086135864259,-0.0426168441772461,-0.136836051940918,-0.157539367675781,-0.158633232116699,-0.0968360900878906,-0.186758041381836,-0.172305107116699,-0.155977249145508,-0.1219148635864259,-0.149336814880371,-0.1752738952636719,-0.223320960998535
9715,-0.138710975646973,,,-0.107070922851562,-0.140430450439453,,-0.124179840087891,-0.1300392150878909,-0.1180086135864259,-0.0426950454711914,-0.136836051940918,-0.157539367675781,-0.158633232116699,-0.0967578887939453,-0.186758041381836,-0.172305107116699,-0.155977249145508,-0.1219148635864259,-0.149336814880371,-0.1752738952636719,-0.223320960998535
9720,-0.138710975646973,,,-0.107070922851562,-0.140430450439453,,-0.124179840087891,-0.129961013793945,-0.1180086135864259,-0.0426950454711914,-0.136836051940918,-0.157539367675781,-0.158633232116699,-0.0966796875,-0.186758041381836,-0.172305107116699,-0.155977249145508,-0.1219148635864259,-0.149415016174316,-0.1752738952636719,-0.223320960998535
9725,-0.138710975646973,,,-0.106992721557617,-0.140430450439453,,-0.124179840087891,-0.129961013793945,-0.1180086135864259,-0.0426950454711914,-0.136836051940918,-0.157461166381836,-0.158633232116699,-0.0966014862060547,-0.186758041381836,-0.172305107116699,-0.155977249145508,-0.1219148635864259,-0.149415016174316,-0.1752738952636719,-0.223320960998535
9730,-0.138710975646973,,,-0.106992721557617,-0.140430450439453,,-0.124179840087891,-0.129961013793945,-0.1180086135864259,-0.0426950454711914,-0.136836051940918,-0.157461166381836,-0.158633232116699,-0.0966014862060547,-0.186680793762207,-0.172305107116699,-0.155977249145508,-0.1219148635864259,-0.149415016174316,-0.1752738952636719,-0.2232427597045899
9735,-0.138710975646973,,,-0.106992721557617,-0.140430450439453,,-0.124179840087891,-0.1298828125,-0.1180086135864259,-0.0426950454711914,-0.136836051940918,-0.157461166381836,-0.158633232116699,-0.0965242385864258,-0.186680793762207,-0.172305107116699,-0.155977249145508,-0.1219148635864259,-0.149415016174316,-0.1752738952636719,-0.2232427597045899
9740,-0.138710975646973,,,-0.106992721557617,-0.140430450439453,,-0.124179840087891,-0.1298828125,-0.1180086135864259,-0.0426950454711914,-0.136836051940918,-0.157461166381836,-0.158633232116699,-0.0964460372924805,-0.186680793762207,-0.172305107116699,-0.155977249145508,-0.1219148635864259,-0.149415016174316,-0.1752738952636719,-0.2232427597045899
9745,-0.138710975646973,,,-0.106992721557617,-0.140508651733398,,-0.124179840087891,-0.1298828125,-0.1180086135864259,-0.0426950454711914,-0.136836051940918,-0.157461166381836,-0.158633232116699,-0.0964460372924805,-0.186680793762207,-0.172305107116699,-0.155977249145508,-0.1219148635864259,-0.149415016174316,-0.1752738952636719,-0.2231645584106449
9750,-0.138710975646973,,,-0.106992721557617,-0.140508651733398,,-0.124179840087891,-0.129805564880371,-0.1180086135864259,-0.0427732467651367,-0.136836051940918,-0.157461166381836,-0.158633232116699,-0.0963678359985352,-0.186680793762207,-0.172305107116699,-0.155899047851562,-0.1219148635864259,-0.149415016174316,-0.1752738952636719,-0.2231645584106449
9755,-0.138710975646973,,,-0.106992721557617,-0.140508651733398,,-0.124179840087891,-0.129805564880371,-0.1180086135864259,-0.0427732467651367,-0.136836051940918,-0.157461166381836,-0.158633232116699,-0.0962896347045898,-0.186680793762207,-0.172305107116699,-0.155977249145508,-0.1219148635864259,-0.149415016174316,-0.1752738952636719,-0.2231645584106449
9760,-0.138710975646973,,,-0.106914520263672,-0.140508651733398,,-0.124179840087891,-0.129727363586426,-0.1180086135864259,-0.0427732467651367,-0.136836051940918,-0.157461166381836,-0.158633232116699,-0.0962896347045898,-0.186680793762207,-0.172305107116699,-0.155977249145508,-0.1219148635864259,-0.149415016174316,-0.1752738952636719,-0.223086357116699
9765,-0.138710975646973,,,-0.106914520263672,-0.140508651733398,,-0.124179840087891,-0.129727363586426,-0.1180086135864259,-0.0427732467651367,-0.136836051940918,-0.157461166381836,-0.158633232116699,-0.0962114334106445,-0.186602592468262,-0.172305107116699,-0.155899047851562,-0.1219148635864259,-0.149415016174316,-0.1752738952636719,-0.223086357116699
9770,-0.138710975646973,,,-0.106914520263672,-0.140508651733398,,-0.124179840087891,-0.129727363586426,-0.1180086135864259,-0.0427732467651367,-0.136836051940918,-0.157461166381836,-0.158633232116699,-0.0961332321166992,-0.186602592468262,-0.172305107116699,-0.155899047851562,-0.1219148635864259,-0.149415016174316,-0.1752738952636719,-0.223086357116699
9775,-0.138710975646973,,,-0.106914520263672,-0.140508651733398,,-0.124179840087891,-0.12964916229248,-0.1180086135864259,-0.0427732467651367,-0.136836051940918,-0.157461166381836,-0.158633232116699,-0.0960550308227539,-0.186602592468262,-0.172305107116699,-0.155899047851562,-0.1219148635864259,-0.149415016174316,-0.1751956939697269,-0.223086357116699
9780,-0.138710975646973,,,-0.106914520263672,-0.140508651733398,,-0.124179840087891,-0.12964916229248,-0.1180086135864259,-0.0427732467651367,-0.136836051940918,-0.157461166381836,-0.158633232116699,-0.0960550308227539,-0.186602592468262,-0.172305107116699,-0.155899047851562,-0.1219148635864259,-0.149415016174316,-0.1751956939697269,-0.223008155822754
9785,-0.138710975646973,,,-0.106914520263672,-0.140508651733398,,-0.124179840087891,-0.12964916229248,-0.1180086135864259,-0.0427732467651367,-0.136836051940918,-0.157461166381836,-0.158633232116699,-0.0959768295288086,-0.186602592468262,-0.172305107116699,-0.155899047851562,-0.1219148635864259,-0.149492263793945,-0.1751956939697269,-0.223008155822754
9790,-0.138710975646973,,,-0.106914520263672,-0.140508651733398,,-0.124179840087891,-0.129570960998535,-0.1180086135864259,-0.0427732467651367,-0.136836051940918,-0.157461166381836,-0.158633232116699,-0.0958986282348633,-0.186602592468262,-0.172226905822754,-0.155899047851562,-0.1219148635864259,-0.149492263793945,-0.1751956939697269,-0.223008155822754
9795,-0.138710975646973,,,-0.106836318969727,-0.140508651733398,,-0.124179840087891,-0.129570960998535,-0.1180086135864259,-0.042851448059082,-0.136836051940918,-0.157461166381836,-0.158633232116699,-0.095820426940918,-0.186602592468262,-0.172305107116699,-0.155899047851562,-0.1219148635864259,-0.149492263793945,-0.1751956939697269,-0.222930908203125
9800,-0.138710975646973,,,-0.106836318969727,-0.140508651733398,,-0.124179840087891,-0.129570960998535,-0.1180086135864259,-0.042851448059082,-0.136836051940918,-0.157461166381836,-0.158633232116699,-0.095820426940918,-0.186524391174316,-0.172226905822754,-0.155899047851562,-0.1219148635864259,-0.149492263793945,-0.1751956939697269,-0.222930908203125
9805,-0.138710975646973,,,-0.106836318969727,-0.140508651733398,,-0.124179840087891,-0.1294927597045899,-0.1180086135864259,-0.042851448059082,-0.136836051940918,-0.157461166381836,-0.158633232116699,-0.0957422256469727,-0.186524391174316,-0.172226905822754,-0.155899047851562,-0.1219148635864259,-0.149492263793945,-0.1751956939697269,-0.222930908203125
9810,-0.138710975646973,,,-0.106836318969727,-0.140508651733398,,-0.124179840087891,-0.1294927597045899,-0.1180086135864259,-0.042851448059082,-0.136836051940918,-0.157461166381836,-0.158633232116699,-0.0956640243530273,-0.186524391174316,-0.172226905822754,-0.155899047851562,-0.1219148635864259,-0.149492263793945,-0.1751956939697269,-0.22285270690918
9815,-0.138710975646973,,,-0.106836318969727,-0.140508651733398,,-0.124179840087891,-0.1294927597045899,-0.1180086135864259,-0.042851448059082,-0.136914253234863,-0.157461166381836,-0.158633232116699,-0.0956640243530273,-0.186524391174316,-0.172226905822754,-0.155899047851562,-0.1219148635864259,-0.149492263793945,-0.1751956939697269,-0.22285270690918
9820,-0.138710975646973,,,-0.106836318969727,-0.140508651733398,,-0.124179840087891,-0.1294145584106449,-0.1180086135864259,-0.042851448059082,-0.136914253234863,-0.157461166381836,-0.158633232116699,-0.095585823059082,-0.186524391174316,-0.172226905822754,-0.155899047851562,-0.1219148635864259,-0.149492263793945,-0.1751956939697269,-0.22285270690918
9825,-0.138710975646973,,,-0.106836318969727,-0.140508651733398,,-0.124179840087891,-0.1294145584106449,-0.1180086135864259,-0.042851448059082,-0.136914253234863,-0.157461166381836,-0.158633232116699,-0.0955085754394531,-0.186524391174316,-0.172226905822754,-0.155899047851562,-0.1219148635864259,-0.149492263793945,-0.1751956939697269,-0.222774505615234
9830,-0.138710975646973,,,-0.106758117675781,-0.140508651733398,,-0.124179840087891,-0.1294145584106449,-0.1180086135864259,-0.042851448059082,-0.136914253234863,-0.157461166381836,-0.158633232116699,-0.0954303741455078,-0.186524391174316,-0.172226905822754,-0.155899047851562,-0.1219148635864259,-0.149492263793945,-0.1751956939697269,-0.222774505615234
9835,-0.138710975646973,,,-0.106758117675781,-0.140508651733398,,-0.124179840087891,-0.129336357116699,-0.1180086135864259,-0.0429296493530273,-0.136914253234863,-0.157461166381836,-0.158555030822754,-0.0954303741455078,-0.186446189880371,-0.172226905822754,-0.155820846557617,-0.1219148635864259,-0.149492263793945,-0.1751956939697269,-0.222774505615234
9840,-0.138710975646973,,,-0.106758117675781,-0.140508651733398,,-0.124179840087891,-0.129336357116699,-0.1180086135864259,-0.0429296493530273,-0.136914253234863,-0.157461166381836,-0.158555030822754,-0.0953521728515625,-0.186446189880371,-0.172226905822754,-0.155820846557617,-0.1219148635864259,-0.149492263793945,-0.1751956939697269,-0.222774505615234
9845,-0.138710975646973,,,-0.106758117675781,-0.140508651733398,,-0.124179840087891,-0.129336357116699,-0.1180086135864259,-0.0429296493530273,-0.136914253234863,-0.1573829650878909,-0.158555030822754,-0.0952739715576172,-0.186446189880371,-0.172226905822754,-0.155820846557617,-0.121993064880371,-0.1495704650878909,-0.1751956939697269,-0.222696304321289
9850,-0.138710975646973,,,-0.106758117675781,-0.140508651733398,,-0.124179840087891,-0.129258155822754,-0.1180086135864259,-0.0429296493530273,-0.136914253234863,-0.1573829650878909,-0.158555030822754,-0.0952739715576172,-0.186446189880371,-0.172226905822754,-0.155820846557617,-0.121993064880371,-0.1495704650878909,-0.1751956939697269,-0.222696304321289
9855,-0.138710975646973,,,-0.106758117675781,-0.140508651733398,,-0.124179840087891,-0.129258155822754,-0.1180086135864259,-0.0429296493530273,-0.136914253234863,-0.1573829650878909,-0.158555030822754,-0.0951957702636719,-0.186446189880371,-0.172226905822754,-0.155820846557617,-0.121993064880371,-0.1495704650878909,-0.1751956939697269,-0.222696304321289
9860,-0.138710975646973,,,-0.1066799163818359,-0.140508651733398,,-0.124179840087891,-0.129258155822754,-0.1180086135864259,-0.0429296493530273,-0.136914253234863,-0.1573829650878909,-0.158555030822754,-0.0951175689697266,-0.186446189880371,-0.172226905822754,-0.155820846557617,-0.121993064880371,-0.1495704650878909,-0.1751956939697269,-0.222618103027344
9865,-0.138710975646973,,,-0.1066799163818359,-0.140508651733398,,-0.124179840087891,-0.129258155822754,-0.1180086135864259,-0.0429296493530273,-0.136914253234863,-0.1573829650878909,-0.158555030822754,-0.0950393676757812,-0.186367988586426,-0.172226905822754,-0.155820846557617,-0.121993064880371,-0.1495704650878909,-0.1751956939697269,-0.222618103027344
9870,-0.138710975646973,,,-0.1066799163818359,-0.140508651733398,,-0.124179840087891,-0.1291799545288089,-0.1180086135864259,-0.0429296493530273,-0.136914253234863,-0.1573829650878909,-0.158555030822754,-0.0950393676757812,-0.186367988586426,-0.172226905822754,-0.155820846557617,-0.121993064880371,-0.1495704650878909,-0.1751956939697269,-0.222618103027344
9875,-0.138710975646973,,,-0.1066799163818359,-0.140508651733398,,-0.124179840087891,-0.1291799545288089,-0.1180086135864259,-0.0429296493530273,-0.136914253234863,-0.1573829650878909,-0.158555030822754,-0.0949611663818359,-0.186367988586426,-0.172226905822754,-0.155820846557617,-0.121993064880371,-0.1495704650878909,-0.1751956939697269,-0.222618103027344
9880,-0.138710975646973,,,-0.1066799163818359,-0.140508651733398,,-0.124179840087891,-0.129101753234863,-0.1180086135864259,-0.0430078506469727,-0.136914253234863,-0.1573829650878909,-0.158555030822754,-0.0948829650878906,-0.186367988586426,-0.1721487045288089,-0.155820846557617,-0.121993064880371,-0.1495704650878909,-0.1751956939697269,-0.222539901733398
9885,-0.138710975646973,,,-0.106601715087891,-0.140508651733398,,-0.124179840087891,-0.129101753234863,-0.1180086135864259,-0.0430078506469727,-0.136914253234863,-0.1573829650878909,-0.158555030822754,-0.0948829650878906,-0.186367988586426,-0.172226905822754,-0.155820846557617,-0.121993064880371,-0.1495704650878909,-0.1751956939697269,-0.222539901733398
9890,-0.138710975646973,,,-0.106601715087891,-0.140508651733398,,-0.124179840087891,-0.129101753234863,-0.1180086135864259,-0.0430078506469727,-0.136914253234863,-0.1573829650878909,-0.158555030822754,-0.0948047637939453,-0.186367988586426,-0.172226905822754,-0.155820846557617,-0.121993064880371,-0.1495704650878909,-0.175117492675781,-0.222539901733398
9895,-0.138710975646973,,,-0.106601715087891,-0.140586853027344,,-0.124179840087891,-0.129101753234863,-0.1180086135864259,-0.0430078506469727,-0.136914253234863,-0.1573829650878909,-0.158555030822754,-0.0947265625,-0.186367988586426,-0.1721487045288089,-0.155820846557617,-0.121993064880371,-0.1495704650878909,-0.175117492675781,-0.222461700439453
9900,-0.138710975646973,,,-0.106601715087891,-0.140508651733398,,-0.124179840087891,-0.129023551940918,-0.1180086135864259,-0.0430078506469727,-0.136914253234863,-0.1573829650878909,-0.158555030822754,-0.0947265625,-0.186367988586426,-0.1721487045288089,-0.1557426452636719,-0.121993064880371,-0.149648666381836,-0.1751956939697269,-0.222461700439453
9905,-0.138710975646973,,,-0.106601715087891,-0.140586853027344,,-0.124179840087891,-0.129023551940918,-0.1180086135864259,-0.0430078506469727,-0.136914253234863,-0.1573829650878909,-0.158555030822754,-0.0946483612060547,-0.18628978729248,-0.1721487045288089,-0.155820846557617,-0.121993064880371,-0.149648666381836,-0.175117492675781,-0.222461700439453
9910,-0.138710975646973,,,-0.106601715087891,-0.140586853027344,,-0.124179840087891,-0.129023551940918,-0.1180086135864259,-0.0430078506469727,-0.136914253234863,-0.1573829650878909,-0.158555030822754,-0.0945701599121094,-0.18628978729248,-0.1721487045288089,-0.1557426452636719,-0.121993064880371,-0.149648666381836,-0.175117492675781,-0.222461700439453
9915,-0.138710975646973,,,-0.106523513793945,-0.140586853027344,,-0.124179840087891,-0.128945350646973,-0.1180086135864259,-0.0430078506469727,-0.136914253234863,-0.1573829650878909,-0.158555030822754,-0.0944929122924805,-0.18628978729248,-0.1721487045288089,-0.1557426452636719,-0.121993064880371,-0.149648666381836,-0.175117492675781,-0.222383499145508
9920,-0.138710975646973,,,-0.106523513793945,-0.140586853027344,,-0.124179840087891,-0.128945350646973,-0.1180086135864259,-0.0430860519409179,-0.136914253234863,-0.1573829650878909,-0.158555030822754,-0.0944929122924805,-0.18628978729248,-0.1721487045288089,-0.1557426452636719,-0.121993064880371,-0.149648666381836,-0.175117492675781,-0.222383499145508
9925,-0.138710975646973,,,-0.106523513793945,-0.140586853027344,,-0.124179840087891,-0.128945350646973,-0.1180086135864259,-0.0430860519409179,-0.136914253234863,-0.1573829650878909,-0.158555030822754,-0.0944147109985352,-0.18628978729248,-0.1721487045288089,-0.1557426452636719,-0.121993064880371,-0.149648666381836,-0.175117492675781,-0.222383499145508
9930,-0.138710975646973,,,-0.106523513793945,-0.140586853027344,,-0.124179840087891,-0.128945350646973,-0.1180086135864259,-0.0430860519409179,-0.136914253234863,-0.1573829650878909,-0.158555030822754,-0.0943365097045898,-0.18628978729248,-0.1721487045288089,-0.1557426452636719,-0.121993064880371,-0.149648666381836,-0.175117492675781,-0.222383499145508
9935,-0.138710975646973,,,-0.106523513793945,-0.140586853027344,,-0.124179840087891,-0.128868103027344,-0.1180086135864259,-0.0430860519409179,-0.136914253234863,-0.1573829650878909,-0.158555030822754,-0.0943365097045898,-0.18628978729248,-0.1721487045288089,-0.1557426452636719,-0.121993064880371,-0.149648666381836,-0.175117492675781,-0.222305297851562
9940,-0.138710975646973,,,-0.106523513793945,-0.140586853027344,,-0.124179840087891,-0.128868103027344,-0.1180086135864259,-0.0430860519409179,-0.136914253234863,-0.1573829650878909,-0.158555030822754,-0.0942583084106445,-0.186211585998535,-0.1721487045288089,-0.1557426452636719,-0.121993064880371,-0.149648666381836,-0.175117492675781,-0.222305297851562
9945,-0.138710975646973,,,-0.1064453125,-0.140586853027344,,-0.124179840087891,-0.128868103027344,-0.1180086135864259,-0.0430860519409179,-0.136914253234863,-0.1573829650878909,-0.158555030822754,-0.0941801071166992,-0.186211585998535,-0.1721487045288089,-0.1557426452636719,-0.121993064880371,-0.149648666381836,-0.175117492675781,-0.222305297851562
9950,-0.138710975646973,,,-0.1064453125,-0.140586853027344,,-0.124179840087891,-0.128868103027344,-0.1180086135864259,-0.0430860519409179,-0.136914253234863,-0.1573829650878909,-0.158555030822754,-0.0941801071166992,-0.186211585998535,-0.1721487045288089,-0.1557426452636719,-0.1220703125,-0.149726867675781,-0.175117492675781,-0.222227096557617
9955,-0.138710975646973,,,-0.1064453125,-0.140586853027344,,-0.124179840087891,-0.128789901733398,-0.1180086135864259,-0.0430860519409179,-0.136914253234863,-0.1573829650878909,-0.158555030822754,-0.0941019058227539,-0.186211585998535,-0.1721487045288089,-0.1557426452636719,-0.1220703125,-0.149726867675781,-0.175117492675781,-0.222227096557617
9960,-0.138710975646973,,,-0.1064453125,-0.140586853027344,,-0.124179840087891,-0.128789901733398,-0.1180086135864259,-0.0431642532348633,-0.136914253234863,-0.1573829650878909,-0.158555030822754,-0.0940237045288086,-0.186211585998535,-0.1721487045288089,-0.1557426452636719,-0.1220703125,-0.149726867675781,-0.175117492675781,-0.222227096557617
9965,-0.138710975646973,,,-0.1064453125,-0.140586853027344,,-0.124179840087891,-0.128789901733398,-0.1180086135864259,-0.0431642532348633,-0.136914253234863,-0.157305717468262,-0.158555030822754,-0.0940237045288086,-0.186211585998535,-0.1721487045288089,-0.1557426452636719,-0.1220703125,-0.149726867675781,-0.175117492675781,-0.222227096557617
9970,-0.138710975646973,,,-0.1064453125,-0.140586853027344,,-0.124179840087891,-0.128789901733398,-0.1180086135864259,-0.0431642532348633,-0.136914253234863,-0.157305717468262,-0.158555030822754,-0.0939455032348633,-0.186211585998535,-0.1721487045288089,-0.1557426452636719,-0.1220703125,-0.149726867675781,-0.175117492675781,-0.2221488952636719
9975,-0.138710975646973,,,-0.106367111206055,-0.140586853027344,,-0.124179840087891,-0.128711700439453,-0.1180086135864259,-0.0431642532348633,-0.136914253234863,-0.157305717468262,-0.158555030822754,-0.093867301940918,-0.1861333847045899,-0.1721487045288089,-0.1557426452636719,-0.1220703125,-0.149726867675781,-0.175117492675781,-0.2221488952636719
9980,-0.138710975646973,,,-0.106367111206055,-0.140586853027344,,-0.124179840087891,-0.128711700439453,-0.1180086135864259,-0.0431642532348633,-0.136914253234863,-0.157305717468262,-0.158555030822754,-0.093867301940918,-0.1861333847045899,-0.1721487045288089,-0.1556644439697269,-0.1220703125,-0.149726867675781,-0.175117492675781,-0.2221488952636719
9985,-0.138710975646973,,,-0.106367111206055,-0.140586853027344,,-0.124179840087891,-0.128711700439453,-0.1180086135864259,-0.0431642532348633,-0.1369924545288089,-0.157305717468262,-0.158555030822754,-0.0937891006469727,-0.1861333847045899,-0.1721487045288089,-0.1556644439697269,-0.1220703125,-0.149726867675781,-0.175117492675781,-0.2221488952636719
9990,-0.138710975646973,,,-0.106367111206055,-0.140586853027344,,-0.124179840087891,-0.128633499145508,-0.1180086135864259,-0.0432424545288086,-0.1369924545288089,-0.157305717468262,-0.158555030822754,-0.0937108993530273,-0.1861333847045899,-0.1721487045288089,-0.1556644439697269,-0.1220703125,-0.149726867675781,-0.175117492675781,-0.2220706939697269
9995,-0.138710975646973,,,-0.106367111206055,-0.140586853027344,,-0.124179840087891,-0.128633499145508,-0.1180086135864259,-0.0432424545288086,-0.136914253234863,-0.157305717468262,-0.1584768295288089,-0.0937108993530273,-0.1861333847045899,-0.172070503234863,-0.1556644439697269,-0.1220703125,-0.149726867675781,-0.175117492675781,-0.2220706939697269
10000,-0.138710975646973,,,-0.106367111206055,-0.140586853027344,,-0.124179840087891,-0.128633499145508,-0.1180086135864259,-0.0432424545288086,-0.1369924545288089,-0.157305717468262,-0.158555030822754,-0.093632698059082,-0.1861333847045899,-0.172070503234863,-0.1556644439697269,-0.1220703125,-0.149726867675781,-0.175117492675781,-0.2220706939697269
10005,-0.138710975646973,,,-0.1062898635864259,-0.140586853027344,,-0.124179840087891,-0.128633499145508,-0.1180086135864259,-0.0432424545288086,-0.136914253234863,-0.157305717468262,-0.158555030822754,-0.0935554504394531,-0.1861333847045899,-0.172070503234863,-0.1556644439697269,-0.1220703125,-0.1498050689697269,-0.175117492675781,-0.221993446350098
10010,-0.138710975646973,,,-0.1062898635864259,-0.140586853027344,,-0.124179840087891,-0.128555297851562,-0.1180086135864259,-0.0432424545288086,-0.1369924545288089,-0.157305717468262,-0.1584768295288089,-0.0935554504394531,-0.1861333847045899,-0.172070503234863,-0.1556644439697269,-0.1220703125,-0.1498050689697269,-0.175117492675781,-0.221993446350098
10015,-0.138710975646973,,,-0.1062898635864259,-0.140586853027344,,-0.124179840087891,-0.128555297851562,-0.1180086135864259,-0.0432424545288086,-0.1369924545288089,-0.157305717468262,-0.1584768295288089,-0.0934772491455078,-0.1861333847045899,-0.172070503234863,-0.1556644439697269,-0.1220703125,-0.1498050689697269,-0.175117492675781,-0.221993446350098
10020,-0.138710975646973,,,-0.1062898635864259,-0.140586853027344,,-0.124179840087891,-0.128555297851562,-0.1180086135864259,-0.0433206558227539,-0.1369924545288089,-0.157305717468262,-0.1584768295288089,-0.0933990478515625,-0.1860551834106449,-0.172070503234863,-0.1556644439697269,-0.1220703125,-0.1498050689697269,-0.175117492675781,-0.221993446350098
10025,-0.138710975646973,,,-0.1062898635864259,-0.140586853027344,,-0.124179840087891,-0.128555297851562,-0.1180086135864259,-0.0433206558227539,-0.1369924545288089,-0.157305717468262,-0.1584768295288089,-0.0933990478515625,-0.1860551834106449,-0.172070503234863,-0.1556644439697269,-0.1220703125,-0.1498050689697269,-0.175117492675781,-0.221915245056152
10030,-0.138710975646973,,,-0.1062898635864259,-0.140586853027344,,-0.124179840087891,-0.128477096557617,-0.1180086135864259,-0.0433206558227539,-0.1369924545288089,-0.157305717468262,-0.1584768295288089,-0.0933208465576172,-0.1860551834106449,-0.172070503234863,-0.1556644439697269,-0.1220703125,-0.1498050689697269,-0.175117492675781,-0.221915245056152
10035,-0.138710975646973,,,-0.1062898635864259,-0.140586853027344,,-0.124179840087891,-0.128477096557617,-0.1180086135864259,-0.0433206558227539,-0.1369924545288089,-0.157305717468262,-0.158555030822754,-0.0932426452636719,-0.1860551834106449,-0.172070503234863,-0.1556644439697269,-0.122148513793945,-0.1498050689697269,-0.175117492675781,-0.221915245056152
10040,-0.138710975646973,,,-0.10621166229248,-0.140586853027344,,-0.124179840087891,-0.128477096557617,-0.1180086135864259,-0.0433206558227539,-0.1369924545288089,-0.157305717468262,-0.1584768295288089,-0.0932426452636719,-0.1860551834106449,-0.172070503234863,-0.1556644439697269,-0.122148513793945,-0.1498050689697269,-0.175117492675781,-0.221915245056152
10045,-0.138710975646973,,,-0.10621166229248,-0.140586853027344,,-0.124179840087891,-0.128477096557617,-0.1180086135864259,-0.0433206558227539,-0.1369924545288089,-0.157305717468262,-0.1584768295288089,-0.0931644439697266,-0.1860551834106449,-0.172070503234863,-0.1556644439697269,-0.122148513793945,-0.1498050689697269,-0.175117492675781,-0.221837043762207
10050,-0.138710975646973,,,-0.10621166229248,-0.140586853027344,,-0.124179840087891,-0.128477096557617,-0.1180086135864259,-0.0433206558227539,-0.1369924545288089,-0.157305717468262,-0.1584768295288089,-0.0930862426757812,-0.1860551834106449,-0.172070503234863,-0.1556644439697269,-0.122148513793945,-0.1498832702636719,-0.175117492675781,-0.221837043762207
10055,-0.138710975646973,,,-0.10621166229248,-0.140586853027344,,-0.124179840087891,-0.1283988952636719,-0.1180086135864259,-0.0433988571166992,-0.1369924545288089,-0.157305717468262,-0.1584768295288089,-0.0930862426757812,-0.1860551834106449,-0.172070503234863,-0.1556644439697269,-0.122148513793945,-0.1498832702636719,-0.175117492675781,-0.221837043762207
10060,-0.138710975646973,,,-0.10621166229248,-0.140586853027344,,-0.124179840087891,-0.1283988952636719,-0.1180086135864259,-0.0433988571166992,-0.1369924545288089,-0.157305717468262,-0.1584768295288089,-0.0930080413818359,-0.185976982116699,-0.172070503234863,-0.1556644439697269,-0.122148513793945,-0.1498832702636719,-0.175117492675781,-0.221758842468262
10065,-0.138710975646973,,,-0.10621166229248,-0.140586853027344,,-0.124179840087891,-0.1283988952636719,-0.1180086135864259,-0.0433988571166992,-0.1369924545288089,-0.157305717468262,-0.1584768295288089,-0.0929298400878906,-0.185976982116699,-0.172070503234863,-0.1556644439697269,-0.122148513793945,-0.1498832702636719,-0.175117492675781,-0.221758842468262
10070,-0.138710975646973,,,-0.10621166229248,-0.140586853027344,,-0.124179840087891,-0.1283988952636719,-0.1180086135864259,-0.0433988571166992,-0.1369924545288089,-0.157305717468262,-0.1584768295288089,-0.0929298400878906,-0.185976982116699,-0.172070503234863,-0.1556644439697269,-0.122148513793945,-0.1498832702636719,-0.175117492675781,-0.221758842468262
10075,-0.138710975646973,,,-0.106133460998535,-0.140586853027344,,-0.124179840087891,-0.1283206939697269,-0.1180086135864259,-0.0433988571166992,-0.1369924545288089,-0.157305717468262,-0.1584768295288089,-0.0928516387939453,-0.185976982116699,-0.172070503234863,-0.155586242675781,-0.122148513793945,-0.1498832702636719,-0.175117492675781,-0.221758842468262
10080,-0.138710975646973,,,-0.106133460998535,-0.140586853027344,,-0.124179840087891,-0.1283206939697269,-0.1180086135864259,-0.0433988571166992,-0.1369924545288089,-0.157305717468262,-0.1584768295288089,-0.0927734375,-0.185976982116699,-0.172070503234863,-0.155586242675781,-0.122148513793945,-0.1498832702636719,-0.175117492675781,-0.221680641174316
10085,-0.138633728027344,,,-0.106133460998535,-0.140586853027344,,-0.124179840087891,-0.1283206939697269,-0.1180086135864259,-0.0433988571166992,-0.1369924545288089,-0.157305717468262,-0.1584768295288089,-0.0927734375,-0.185976982116699,-0.172070503234863,-0.155586242675781,-0.122148513793945,-0.1498832702636719,-0.175117492675781,-0.221680641174316
10090,-0.138633728027344,,,-0.106133460998535,-0.140586853027344,,-0.124179840087891,-0.1283206939697269,-0.1180086135864259,-0.0434770584106445,-0.1369924545288089,-0.157305717468262,-0.1584768295288089,-0.0926952362060547,-0.185976982116699,-0.172070503234863,-0.155586242675781,-0.122148513793945,-0.1498832702636719,-0.175117492675781,-0.221680641174316
10095,-0.138710975646973,,,-0.106133460998535,-0.140586853027344,,-0.124179840087891,-0.1283206939697269,-0.1180086135864259,-0.0434770584106445,-0.1369924545288089,-0.157305717468262,-0.1584768295288089,-0.0926170349121094,-0.185976982116699,-0.172070503234863,-0.155586242675781,-0.122148513793945,-0.1498832702636719,-0.175117492675781,-0.221680641174316
10100,-0.138633728027344,,,-0.10605525970459,-0.140586853027344,,-0.124179840087891,-0.1283206939697269,-0.1180086135864259,-0.0434770584106445,-0.1369924545288089,-0.157305717468262,-0.1584768295288089,-0.0926170349121094,-0.185976982116699,-0.172070503234863,-0.155586242675781,-0.122148513793945,-0.149961471557617,-0.175117492675781,-0.221602439880371
10105,-0.138633728027344,,,-0.10605525970459,-0.140586853027344,,-0.124179840087891,-0.1283206939697269,-0.1180086135864259,-0.0434770584106445,-0.1369924545288089,-0.157227516174316,-0.1584768295288089,-0.0925397872924805,-0.185898780822754,-0.172070503234863,-0.155586242675781,-0.122148513793945,-0.149961471557617,-0.175117492675781,-0.221602439880371
10110,-0.138633728027344,,,-0.10605525970459,-0.140586853027344,,-0.124179840087891,-0.128242492675781,-0.1180086135864259,-0.0434770584106445,-0.1369924545288089,-0.157305717468262,-0.1584768295288089,-0.0924615859985352,-0.185898780822754,-0.172070503234863,-0.155586242675781,-0.122226715087891,-0.149961471557617,-0.175117492675781,-0.221602439880371
10115,-0.138633728027344,,,-0.10605525970459,-0.140586853027344,,-0.124101638793945,-0.128242492675781,-0.1180086135864259,-0.0434770584106445,-0.1369924545288089,-0.157227516174316,-0.1584768295288089,-0.0924615859985352,-0.185898780822754,-0.172070503234863,-0.155586242675781,-0.122226715087891,-0.149961471557617,-0.175117492675781,-0.221602439880371
10120,-0.138710975646973,,,-0.10605525970459,-0.140586853027344,,-0.124179840087891,-0.128242492675781,-0.1180086135864259,-0.0434770584106445,-0.1369924545288089,-0.157227516174316,-0.1584768295288089,-0.0923833847045898,-0.185898780822754,-0.172070503234863,-0.155586242675781,-0.122226715087891,-0.149961471557617,-0.175117492675781,-0.221602439880371
10125,-0.138710975646973,,,-0.10605525970459,-0.140586853027344,,-0.124179840087891,-0.128242492675781,-0.1180086135864259,-0.0435552597045898,-0.1369924545288089,-0.157227516174316,-0.1584768295288089,-0.0923833847045898,-0.185898780822754,-0.172070503234863,-0.155586242675781,-0.122226715087891,-0.149961471557617,-0.175117492675781,-0.221524238586426
10130,-0.138710975646973,,,-0.10605525970459,-0.140586853027344,,-0.124179840087891,-0.128242492675781,-0.1180086135864259,-0.0435552597045898,-0.1369924545288089,-0.157227516174316,-0.1584768295288089,-0.0923051834106445,-0.185898780822754,-0.172070503234863,-0.155586242675781,-0.122226715087891,-0.149961471557617,-0.175117492675781,-0.221524238586426
10135,-0.138710975646973,,,-0.105977058410645,-0.140586853027344,,-0.124179840087891,-0.128242492675781,-0.1180086135864259,-0.0435552597045898,-0.1369924545288089,-0.157227516174316,-0.1584768295288089,-0.0922269821166992,-0.185898780822754,-0.171993255615234,-0.155586242675781,-0.122226715087891,-0.149961471557617,-0.175117492675781,-0.221524238586426
10140,-0.138710975646973,,,-0.105977058410645,-0.140586853027344,,-0.124179840087891,-0.128242492675781,-0.1180086135864259,-0.0435552597045898,-0.1369924545288089,-0.157227516174316,-0.1584768295288089,-0.0922269821166992,-0.185898780822754,-0.171993255615234,-0.155586242675781,-0.122226715087891,-0.149961471557617,-0.175117492675781,-0.22144603729248
10145,-0.138710975646973,,,-0.105977058410645,-0.140586853027344,,-0.124179840087891,-0.128242492675781,-0.1180086135864259,-0.0435552597045898,-0.1369924545288089,-0.157227516174316,-0.1584768295288089,-0.0921487808227539,-0.185898780822754,-0.171993255615234,-0.155586242675781,-0.122226715087891,-0.149961471557617,-0.175117492675781,-0.22144603729248
10150,-0.138710975646973,,,-0.105977058410645,-0.140586853027344,,-0.124179840087891,-0.128242492675781,-0.1180086135864259,-0.0435552597045898,-0.137070655822754,-0.157227516174316,-0.1584768295288089,-0.0920705795288086,-0.185898780822754,-0.171993255615234,-0.155586242675781,-0.122226715087891,-0.150039672851562,-0.175039291381836,-0.22144603729248
10155,-0.138710975646973,,,-0.105977058410645,-0.140586853027344,,-0.124179840087891,-0.128242492675781,-0.1180086135864259,-0.0435552597045898,-0.137070655822754,-0.157227516174316,-0.1584768295288089,-0.0920705795288086,-0.185898780822754,-0.171993255615234,-0.155586242675781,-0.122226715087891,-0.150039672851562,-0.175039291381836,-0.22144603729248
10160,-0.138633728027344,,,-0.105977058410645,-0.140586853027344,,-0.124179840087891,-0.128242492675781,-0.1180086135864259,-0.0436325073242188,-0.137070655822754,-0.157227516174316,-0.1584768295288089,-0.0919923782348633,-0.1858205795288089,-0.171993255615234,-0.155586242675781,-0.122226715087891,-0.150039672851562,-0.175117492675781,-0.22144603729248
10165,-0.138710975646973,,,-0.105898857116699,-0.140586853027344,,-0.124179840087891,-0.128164291381836,-0.1180086135864259,-0.0436325073242188,-0.137070655822754,-0.157227516174316,-0.1584768295288089,-0.0919923782348633,-0.1858205795288089,-0.171993255615234,-0.155586242675781,-0.1223049163818359,-0.150039672851562,-0.175039291381836,-0.221367835998535
10170,-0.138710975646973,,,-0.105898857116699,-0.140586853027344,,-0.124179840087891,-0.128242492675781,-0.1180086135864259,-0.0436325073242188,-0.137070655822754,-0.157227516174316,-0.1584768295288089,-0.091914176940918,-0.1858205795288089,-0.171993255615234,-0.155586242675781,-0.1223049163818359,-0.150039672851562,-0.175039291381836,-0.221367835998535
10175,-0.138710975646973,,,-0.105898857116699,-0.140586853027344,,-0.124179840087891,-0.128164291381836,-0.1180086135864259,-0.0436325073242188,-0.137070655822754,-0.157227516174316,-0.1584768295288089,-0.0918359756469727,-0.1858205795288089,-0.171993255615234,-0.155586242675781,-0.1223049163818359,-0.150039672851562,-0.175039291381836,-0.221367835998535
10180,-0.138710975646973,,,-0.105898857116699,-0.140586853027344,,-0.124179840087891,-0.128164291381836,-0.1180086135864259,-0.0436325073242188,-0.137070655822754,-0.157227516174316,-0.1584768295288089,-0.0918359756469727,-0.1858205795288089,-0.171993255615234,-0.155586242675781,-0.1223049163818359,-0.150039672851562,-0.175039291381836,-0.2212896347045899
10185,-0.138633728027344,,,-0.105898857116699,-0.140586853027344,,-0.124179840087891,-0.128164291381836,-0.1180086135864259,-0.0436325073242188,-0.137070655822754,-0.157227516174316,-0.1584768295288089,-0.0917577743530273,-0.1858205795288089,-0.171993255615234,-0.155586242675781,-0.1223049163818359,-0.150039672851562,-0.175039291381836,-0.2212896347045899
10190,-0.138633728027344,,,-0.105898857116699,-0.140586853027344,,-0.124179840087891,-0.128164291381836,-0.1180086135864259,-0.0436325073242188,-0.137070655822754,-0.157227516174316,-0.1584768295288089,-0.091679573059082,-0.1858205795288089,-0.171993255615234,-0.155586242675781,-0.1223049163818359,-0.150039672851562,-0.175039291381836,-0.2212896347045899
10195,-0.138633728027344,,,-0.105898857116699,-0.140586853027344,,-0.124179840087891,-0.128164291381836,-0.1180086135864259,-0.0436325073242188,-0.137070655822754,-0.157227516174316,-0.1584768295288089,-0.091679573059082,-0.1858205795288089,-0.171993255615234,-0.155586242675781,-0.1223049163818359,-0.150039672851562,-0.175039291381836,-0.2212896347045899
10200,-0.138710975646973,,,-0.105820655822754,-0.140586853027344,,-0.124179840087891,-0.128164291381836,-0.1180086135864259,-0.0436325073242188,-0.137070655822754,-0.157227516174316,-0.1584768295288089,-0.0916023254394531,-0.1858205795288089,-0.171993255615234,-0.155508041381836,-0.1223049163818359,-0.150039672851562,-0.175039291381836,-0.2212114334106449
10205,-0.138633728027344,,,-0.105820655822754,-0.140586853027344,,-0.124101638793945,-0.128164291381836,-0.1180086135864259,-0.0436325073242188,-0.137070655822754,-0.157227516174316,-0.1584768295288089,-0.0916023254394531,-0.185742378234863,-0.171993255615234,-0.155508041381836,-0.1223049163818359,-0.150039672851562,-0.175039291381836,-0.2212114334106449
10210,-0.138633728027344,,,-0.105820655822754,-0.140586853027344,,-0.124101638793945,-0.128164291381836,-0.1180086135864259,-0.0437107086181641,-0.137070655822754,-0.157227516174316,-0.1584768295288089,-0.0915241241455078,-0.185742378234863,-0.171993255615234,-0.155508041381836,-0.1223049163818359,-0.150117874145508,-0.175039291381836,-0.2212114334106449
10215,-0.138633728027344,,,-0.105820655822754,-0.140586853027344,,-0.124179840087891,-0.1280860900878909,-0.1180086135864259,-0.0437107086181641,-0.137070655822754,-0.157227516174316,-0.1584768295288089,-0.0914459228515625,-0.185742378234863,-0.171993255615234,-0.155508041381836,-0.1223049163818359,-0.150117874145508,-0.175039291381836,-0.2212114334106449
10220,-0.138633728027344,,,-0.105820655822754,-0.140586853027344,,-0.124101638793945,-0.1280860900878909,-0.1180086135864259,-0.0437107086181641,-0.137070655822754,-0.157227516174316,-0.1584768295288089,-0.0914459228515625,-0.185742378234863,-0.171993255615234,-0.155508041381836,-0.1223049163818359,-0.150117874145508,-0.175039291381836,-0.221133232116699
10225,-0.138633728027344,,,-0.105742454528809,-0.140586853027344,,-0.124101638793945,-0.1280860900878909,-0.1180086135864259,-0.0437107086181641,-0.137070655822754,-0.157227516174316,-0.1584768295288089,-0.0913677215576172,-0.185742378234863,-0.171993255615234,-0.155508041381836,-0.1223049163818359,-0.150117874145508,-0.175039291381836,-0.221133232116699
10230,-0.138633728027344,,,-0.105742454528809,-0.140586853027344,,-0.124101638793945,-0.1280860900878909,-0.1180086135864259,-0.0437107086181641,-0.137070655822754,-0.157227516174316,-0.1584768295288089,-0.0913677215576172,-0.185742378234863,-0.171993255615234,-0.155508041381836,-0.1223049163818359,-0.150117874145508,-0.175039291381836,-0.221133232116699
10235,-0.138633728027344,,,-0.105742454528809,-0.140586853027344,,-0.124179840087891,-0.1280860900878909,-0.1180086135864259,-0.0437107086181641,-0.137070655822754,-0.157227516174316,-0.1584768295288089,-0.0912895202636719,-0.185742378234863,-0.171993255615234,-0.155508041381836,-0.1223049163818359,-0.150117874145508,-0.175039291381836,-0.221133232116699
10240,-0.138633728027344,,,-0.105742454528809,-0.140586853027344,,-0.124101638793945,-0.1280860900878909,-0.1180086135864259,-0.0437107086181641,-0.137070655822754,-0.157227516174316,-0.1584768295288089,-0.0912895202636719,-0.185742378234863,-0.171993255615234,-0.155508041381836,-0.1223049163818359,-0.150117874145508,-0.175039291381836,-0.221055030822754
10245,-0.138633728027344,,,-0.105742454528809,-0.140586853027344,,-0.124101638793945,-0.1280860900878909,-0.1180086135864259,-0.0437107086181641,-0.137070655822754,-0.157227516174316,-0.1584768295288089,-0.0912113189697266,-0.185742378234863,-0.171993255615234,-0.155508041381836,-0.122383117675781,-0.150117874145508,-0.175039291381836,-0.221055030822754
10250,-0.138633728027344,,,-0.105742454528809,-0.140664100646973,,-0.124101638793945,-0.1280860900878909,-0.1180086135864259,-0.0437107086181641,-0.137070655822754,-0.157227516174316,-0.1584768295288089,-0.0911331176757812,-0.185742378234863,-0.171993255615234,-0.155508041381836,-0.122383117675781,-0.150117874145508,-0.175039291381836,-0.221055030822754
10255,-0.138633728027344,,,-0.105742454528809,-0.140586853027344,,-0.124101638793945,-0.1280860900878909,-0.1180086135864259,-0.0437107086181641,-0.137070655822754,-0.157227516174316,-0.1584768295288089,-0.0911331176757812,-0.185665130615234,-0.171993255615234,-0.155508041381836,-0.122383117675781,-0.150117874145508,-0.175039291381836,-0.221055030822754
10260,-0.138633728027344,,,-0.105664253234863,-0.140586853027344,,-0.124101638793945,-0.128007888793945,-0.1180086135864259,-0.0437889099121094,-0.137070655822754,-0.157227516174316,-0.1584768295288089,-0.0910549163818359,-0.185665130615234,-0.171993255615234,-0.155508041381836,-0.122383117675781,-0.150117874145508,-0.175039291381836,-0.220977783203125
10265,-0.138633728027344,,,-0.105664253234863,-0.140586853027344,,-0.124101638793945,-0.128007888793945,-0.1180086135864259,-0.0437889099121094,-0.137070655822754,-0.157227516174316,-0.1584768295288089,-0.0910549163818359,-0.185665130615234,-0.171915054321289,-0.155508041381836,-0.122383117675781,-0.150196075439453,-0.175039291381836,-0.220977783203125
10270,-0.138633728027344,,,-0.105664253234863,-0.140586853027344,,-0.124101638793945,-0.128007888793945,-0.1180086135864259,-0.0437889099121094,-0.137070655822754,-0.157149314880371,-0.1584768295288089,-0.0909767150878906,-0.185665130615234,-0.171915054321289,-0.155508041381836,-0.122383117675781,-0.150196075439453,-0.175039291381836,-0.220977783203125
10275,-0.138633728027344,,,-0.105664253234863,-0.140586853027344,,-0.124101638793945,-0.128007888793945,-0.11793041229248,-0.0437889099121094,-0.137070655822754,-0.157227516174316,-0.1584768295288089,-0.0909767150878906,-0.185665130615234,-0.171915054321289,-0.155508041381836,-0.122383117675781,-0.150196075439453,-0.175039291381836,-0.220977783203125
10280,-0.138633728027344,,,-0.105664253234863,-0.140586853027344,,-0.124101638793945,-0.128007888793945,-0.1180086135864259,-0.0437889099121094,-0.137070655822754,-0.157149314880371,-0.1584768295288089,-0.0908985137939453,-0.185665130615234,-0.171915054321289,-0.155508041381836,-0.122383117675781,-0.150196075439453,-0.175039291381836,-0.22089958190918
10285,-0.138633728027344,,,-0.105664253234863,-0.140586853027344,,-0.124101638793945,-0.128007888793945,-0.11793041229248,-0.0437889099121094,-0.137070655822754,-0.157149314880371,-0.1584768295288089,-0.0908203125,-0.185665130615234,-0.171915054321289,-0.155508041381836,-0.122383117675781,-0.150196075439453,-0.175039291381836,-0.22089958190918
10290,-0.138633728027344,,,-0.105586051940918,-0.140586853027344,,-0.124101638793945,-0.128007888793945,-0.11793041229248,-0.0437889099121094,-0.137070655822754,-0.157149314880371,-0.1584768295288089,-0.0908203125,-0.185665130615234,-0.171915054321289,-0.155508041381836,-0.122383117675781,-0.150196075439453,-0.175039291381836,-0.22089958190918
10295,-0.138633728027344,,,-0.105586051940918,-0.140664100646973,,-0.124101638793945,-0.128007888793945,-0.1180086135864259,-0.0437889099121094,-0.137070655822754,-0.157149314880371,-0.1584768295288089,-0.0907421112060547,-0.185665130615234,-0.171915054321289,-0.155508041381836,-0.122383117675781,-0.150196075439453,-0.175039291381836,-0.22089958190918
10300,-0.138633728027344,,,-0.105586051940918,-0.140664100646973,,-0.124101638793945,-0.128007888793945,-0.1180086135864259,-0.0437889099121094,-0.137070655822754,-0.157149314880371,-0.1584768295288089,-0.0907421112060547,-0.185665130615234,-0.171915054321289,-0.155508041381836,-0.122383117675781,-0.150196075439453,-0.175039291381836,-0.220821380615234
10305,-0.138633728027344,,,-0.105586051940918,-0.140586853027344,,-0.124101638793945,-0.128007888793945,-0.11793041229248,-0.0437889099121094,-0.137070655822754,-0.157149314880371,-0.158398628234863,-0.0906639099121094,-0.185586929321289,-0.171915054321289,-0.155508041381836,-0.122383117675781,-0.150196075439453,-0.175039291381836,-0.220821380615234
10310,-0.138633728027344,,,-0.105586051940918,-0.140664100646973,,-0.124101638793945,-0.128007888793945,-0.1180086135864259,-0.0437889099121094,-0.137070655822754,-0.157149314880371,-0.1584768295288089,-0.0905866622924805,-0.185586929321289,-0.171915054321289,-0.155508041381836,-0.122461318969727,-0.150196075439453,-0.175039291381836,-0.220821380615234
10315,-0.138633728027344,,,-0.105586051940918,-0.140664100646973,,-0.124101638793945,-0.1279296875,-0.1180086135864259,-0.0437889099121094,-0.137070655822754,-0.157149314880371,-0.1584768295288089,-0.0905866622924805,-0.185586929321289,-0.171915054321289,-0.155508041381836,-0.122461318969727,-0.150196075439453,-0.175039291381836,-0.220821380615234
10320,-0.138633728027344,,,-0.105586051940918,-0.140586853027344,,-0.124101638793945,-0.1279296875,-0.1180086135864259,-0.0438671112060547,-0.137070655822754,-0.157149314880371,-0.1584768295288089,-0.0905084609985352,-0.185586929321289,-0.171915054321289,-0.155508041381836,-0.122461318969727,-0.150196075439453,-0.175039291381836,-0.220821380615234
10325,-0.138633728027344,,,-0.105507850646973,-0.140664100646973,,-0.124101638793945,-0.1279296875,-0.11793041229248,-0.0438671112060547,-0.137070655822754,-0.157149314880371,-0.1584768295288089,-0.0905084609985352,-0.185586929321289,-0.171915054321289,-0.155508041381836,-0.122461318969727,-0.150274276733398,-0.175039291381836,-0.220743179321289
10330,-0.138633728027344,,,-0.105507850646973,-0.140664100646973,,-0.124101638793945,-0.1279296875,-0.11793041229248,-0.0438671112060547,-0.137070655822754,-0.157149314880371,-0.158398628234863,-0.0904302597045898,-0.185586929321289,-0.171915054321289,-0.155508041381836,-0.122461318969727,-0.150274276733398,-0.175039291381836,-0.220743179321289
10335,-0.138633728027344,,,-0.105507850646973,-0.140664100646973,,-0.124101638793945,-0.1279296875,-0.11793041229248,-0.0438671112060547,-0.137070655822754,-0.157149314880371,-0.158398628234863,-0.0904302597045898,-0.185586929321289,-0.171915054321289,-0.155508041381836,-0.122461318969727,-0.150274276733398,-0.175039291381836,-0.220743179321289
10340,-0.138633728027344,,,-0.105507850646973,-0.140664100646973,,-0.124101638793945,-0.1279296875,-0.11793041229248,-0.0438671112060547,-0.137070655822754,-0.157149314880371,-0.158398628234863,-0.0903520584106445,-0.185586929321289,-0.171915054321289,-0.1554298400878909,-0.122461318969727,-0.150274276733398,-0.175039291381836,-0.220743179321289
10345,-0.138633728027344,,,-0.105507850646973,-0.140664100646973,,-0.124101638793945,-0.1279296875,-0.11793041229248,-0.0438671112060547,-0.137070655822754,-0.157149314880371,-0.158398628234863,-0.0902738571166992,-0.185586929321289,-0.171915054321289,-0.1554298400878909,-0.122461318969727,-0.150274276733398,-0.175039291381836,-0.220664978027344
10350,-0.138633728027344,,,-0.105507850646973,-0.140664100646973,,-0.124101638793945,-0.1279296875,-0.11793041229248,-0.0438671112060547,-0.137070655822754,-0.157149314880371,-0.158398628234863,-0.0902738571166992,-0.185586929321289,-0.171915054321289,-0.1554298400878909,-0.122461318969727,-0.150274276733398,-0.175039291381836,-0.220664978027344
10355,-0.138633728027344,,,-0.105429649353027,-0.140664100646973,,-0.124101638793945,-0.1279296875,-0.11793041229248,-0.0438671112060547,-0.137070655822754,-0.157149314880371,-0.158398628234863,-0.0901956558227539,-0.185586929321289,-0.171915054321289,-0.1554298400878909,-0.122461318969727,-0.150274276733398,-0.175039291381836,-0.220664978027344
10360,-0.138633728027344,,,-0.105429649353027,-0.140586853027344,,-0.124101638793945,-0.1279296875,-0.11793041229248,-0.0438671112060547,-0.137070655822754,-0.157149314880371,-0.158398628234863,-0.0901956558227539,-0.185508728027344,-0.171915054321289,-0.1554298400878909,-0.122461318969727,-0.150274276733398,-0.175039291381836,-0.220664978027344
10365,-0.138633728027344,,,-0.105429649353027,-0.140664100646973,,-0.124101638793945,-0.1279296875,-0.11793041229248,-0.0439453125,-0.137070655822754,-0.157149314880371,-0.158398628234863,-0.0901174545288086,-0.185508728027344,-0.171915054321289,-0.1554298400878909,-0.122461318969727,-0.150274276733398,-0.175039291381836,-0.220586776733398
10370,-0.138633728027344,,,-0.105429649353027,-0.140664100646973,,-0.124101638793945,-0.1279296875,-0.11793041229248,-0.0439453125,-0.137070655822754,-0.157149314880371,-0.158398628234863,-0.0901174545288086,-0.185508728027344,-0.171915054321289,-0.1554298400878909,-0.122461318969727,-0.150274276733398,-0.175039291381836,-0.220586776733398
10375,-0.138633728027344,,,-0.105429649353027,-0.140664100646973,,-0.124101638793945,-0.1279296875,-0.11793041229248,-0.0439453125,-0.137070655822754,-0.157149314880371,-0.158398628234863,-0.0900392532348633,-0.185508728027344,-0.171915054321289,-0.1554298400878909,-0.122539520263672,-0.150274276733398,-0.175039291381836,-0.220586776733398
10380,-0.138633728027344,,,-0.105429649353027,-0.140664100646973,,-0.124101638793945,-0.1278524398803709,-0.11793041229248,-0.0439453125,-0.137070655822754,-0.157149314880371,-0.158398628234863,-0.0900392532348633,-0.185508728027344,-0.171915054321289,-0.1554298400878909,-0.122461318969727,-0.150274276733398,-0.175039291381836,-0.220586776733398
10385,-0.138633728027344,,,-0.105351448059082,-0.140664100646973,,-0.124101638793945,-0.1278524398803709,-0.11793041229248,-0.0440235137939453,-0.137070655822754,-0.157149314880371,-0.158398628234863,-0.089961051940918,-0.185508728027344,-0.171915054321289,-0.1554298400878909,-0.122539520263672,-0.150274276733398,-0.175039291381836,-0.220586776733398
10390,-0.138633728027344,,,-0.105351448059082,-0.140664100646973,,-0.124101638793945,-0.1278524398803709,-0.1180086135864259,-0.0440235137939453,-0.137070655822754,-0.157149314880371,-0.158398628234863,-0.089961051940918,-0.185508728027344,-0.171915054321289,-0.1554298400878909,-0.122539520263672,-0.150352478027344,-0.175039291381836,-0.220508575439453
10395,-0.138633728027344,,,-0.105351448059082,-0.140664100646973,,-0.124101638793945,-0.1278524398803709,-0.11793041229248,-0.0440235137939453,-0.137148857116699,-0.157149314880371,-0.158398628234863,-0.0898828506469727,-0.185508728027344,-0.171915054321289,-0.1554298400878909,-0.122539520263672,-0.150352478027344,-0.175039291381836,-0.220508575439453
10400,-0.138633728027344,,,-0.105351448059082,-0.140664100646973,,-0.124101638793945,-0.1278524398803709,-0.11793041229248,-0.0441017150878906,-0.137148857116699,-0.157149314880371,-0.158398628234863,-0.0898046493530273,-0.185508728027344,-0.171915054321289,-0.1554298400878909,-0.122539520263672,-0.150352478027344,-0.175039291381836,-0.220508575439453
10405,-0.138633728027344,,,-0.105351448059082,-0.140664100646973,,-0.124101638793945,-0.1278524398803709,-0.11793041229248,-0.0441017150878906,-0.137148857116699,-0.157149314880371,-0.158398628234863,-0.0898046493530273,-0.185508728027344,-0.171836853027344,-0.1554298400878909,-0.122539520263672,-0.150352478027344,-0.175039291381836,-0.220508575439453
10410,-0.138633728027344,,,-0.105351448059082,-0.140664100646973,,-0.124101638793945,-0.1278524398803709,-0.11793041229248,-0.0441017150878906,-0.137148857116699,-0.157149314880371,-0.158398628234863,-0.089726448059082,-0.185508728027344,-0.171836853027344,-0.1554298400878909,-0.122539520263672,-0.150352478027344,-0.175039291381836,-0.220430374145508
10415,-0.138633728027344,,,-0.105351448059082,-0.140664100646973,,-0.124101638793945,-0.1278524398803709,-0.11793041229248,-0.0441017150878906,-0.137148857116699,-0.157149314880371,-0.158398628234863,-0.089726448059082,-0.185508728027344,-0.171836853027344,-0.1554298400878909,-0.122539520263672,-0.150352478027344,-0.175039291381836,-0.220430374145508
10420,-0.138633728027344,,,-0.105274200439453,-0.140664100646973,,-0.124101638793945,-0.1278524398803709,-0.11793041229248,-0.0441017150878906,-0.137148857116699,-0.157149314880371,-0.158398628234863,-0.0896492004394531,-0.185508728027344,-0.171836853027344,-0.1554298400878909,-0.122539520263672,-0.150352478027344,-0.175039291381836,-0.220430374145508
10425,-0.138633728027344,,,-0.105274200439453,-0.140664100646973,,-0.124101638793945,-0.1278524398803709,-0.11793041229248,-0.0441799163818359,-0.137148857116699,-0.157149314880371,-0.158398628234863,-0.0896492004394531,-0.185430526733398,-0.171836853027344,-0.1554298400878909,-0.122539520263672,-0.150352478027344,-0.175039291381836,-0.220430374145508
10430,-0.138633728027344,,,-0.105274200439453,-0.140664100646973,,-0.124101638793945,-0.1278524398803709,-0.11793041229248,-0.0441799163818359,-0.137148857116699,-0.157149314880371,-0.158398628234863,-0.0895709991455078,-0.185430526733398,-0.171836853027344,-0.1554298400878909,-0.122539520263672,-0.150352478027344,-0.175039291381836,-0.220352172851562
10435,-0.138633728027344,,,-0.105274200439453,-0.140664100646973,,-0.124101638793945,-0.127774238586426,-0.11793041229248,-0.0441799163818359,-0.137148857116699,-0.157149314880371,-0.158398628234863,-0.0895709991455078,-0.185430526733398,-0.171836853027344,-0.1554298400878909,-0.122617721557617,-0.150352478027344,-0.175039291381836,-0.220352172851562
10440,-0.138633728027344,,,-0.105274200439453,-0.140664100646973,,-0.124101638793945,-0.127774238586426,-0.11793041229248,-0.0441799163818359,-0.137148857116699,-0.157149314880371,-0.158398628234863,-0.0894927978515625,-0.185430526733398,-0.171836853027344,-0.1554298400878909,-0.122617721557617,-0.150352478027344,-0.175039291381836,-0.220352172851562
10445,-0.138633728027344,,,-0.105274200439453,-0.140664100646973,,-0.124101638793945,-0.127774238586426,-0.11793041229248,-0.0442581176757812,-0.137148857116699,-0.157149314880371,-0.158398628234863,-0.0894927978515625,-0.185430526733398,-0.171836853027344,-0.1554298400878909,-0.122617721557617,-0.150430679321289,-0.175039291381836,-0.220352172851562
10450,-0.138633728027344,,,-0.1051959991455079,-0.140664100646973,,-0.124101638793945,-0.127774238586426,-0.11793041229248,-0.0442581176757812,-0.137148857116699,-0.157149314880371,-0.158398628234863,-0.0894145965576172,-0.185430526733398,-0.171836853027344,-0.1554298400878909,-0.122617721557617,-0.150430679321289,-0.175039291381836,-0.220273971557617
10455,-0.138633728027344,,,-0.1051959991455079,-0.140664100646973,,-0.124101638793945,-0.127774238586426,-0.11793041229248,-0.0442581176757812,-0.137148857116699,-0.157149314880371,-0.158398628234863,-0.0894145965576172,-0.185430526733398,-0.171836853027344,-0.1554298400878909,-0.122617721557617,-0.150430679321289,-0.175039291381836,-0.220273971557617
10460,-0.138633728027344,,,-0.1051959991455079,-0.140664100646973,,-0.124101638793945,-0.127774238586426,-0.11793041229248,-0.0442581176757812,-0.137148857116699,-0.157149314880371,-0.158398628234863,-0.0893363952636719,-0.185430526733398,-0.171836853027344,-0.1554298400878909,-0.122617721557617,-0.150430679321289,-0.175039291381836,-0.220273971557617
10465,-0.138633728027344,,,-0.1051959991455079,-0.140664100646973,,-0.124101638793945,-0.127774238586426,-0.11793041229248,-0.0443363189697266,-0.137148857116699,-0.157149314880371,-0.158398628234863,-0.0893363952636719,-0.185430526733398,-0.171836853027344,-0.1554298400878909,-0.122617721557617,-0.150430679321289,-0.175039291381836,-0.220273971557617
10470,-0.138633728027344,,,-0.1051959991455079,-0.140664100646973,,-0.124101638793945,-0.127774238586426,-0.11793041229248,-0.0443363189697266,-0.137148857116699,-0.157149314880371,-0.158398628234863,-0.0892581939697266,-0.185430526733398,-0.171836853027344,-0.1554298400878909,-0.122617721557617,-0.150430679321289,-0.175039291381836,-0.220273971557617
10475,-0.138633728027344,,,-0.1051959991455079,-0.140664100646973,,-0.124101638793945,-0.127774238586426,-0.11793041229248,-0.0443363189697266,-0.137148857116699,-0.157149314880371,-0.158398628234863,-0.0892581939697266,-0.185430526733398,-0.171836853027344,-0.1554298400878909,-0.122617721557617,-0.150430679321289,-0.175039291381836,-0.2201957702636719
10480,-0.138633728027344,,,-0.1051959991455079,-0.140664100646973,,-0.124101638793945,-0.127774238586426,-0.11793041229248,-0.0443363189697266,-0.137148857116699,-0.157149314880371,-0.158398628234863,-0.0891799926757812,-0.185430526733398,-0.171836853027344,-0.1554298400878909,-0.122617721557617,-0.150430679321289,-0.175039291381836,-0.2201957702636719
10485,-0.138633728027344,,,-0.105117797851562,-0.140664100646973,,-0.124101638793945,-0.12769603729248,-0.11793041229248,-0.0443363189697266,-0.137148857116699,-0.157071113586426,-0.158398628234863,-0.0891799926757812,-0.185352325439453,-0.171836853027344,-0.1554298400878909,-0.122617721557617,-0.150430679321289,-0.175039291381836,-0.2201957702636719
10490,-0.138633728027344,,,-0.105117797851562,-0.140664100646973,,-0.124101638793945,-0.12769603729248,-0.11793041229248,-0.0444145202636719,-0.137148857116699,-0.157071113586426,-0.158398628234863,-0.0891017913818359,-0.185352325439453,-0.171836853027344,-0.1554298400878909,-0.122617721557617,-0.150430679321289,-0.175039291381836,-0.2201957702636719
10495,-0.138633728027344,,,-0.105117797851562,-0.140664100646973,,-0.124101638793945,-0.12769603729248,-0.11793041229248,-0.0444145202636719,-0.137148857116699,-0.157071113586426,-0.158398628234863,-0.0891017913818359,-0.185352325439453,-0.171836853027344,-0.1554298400878909,-0.122617721557617,-0.150430679321289,-0.175039291381836,-0.2201175689697269
10500,-0.138633728027344,,,-0.105117797851562,-0.140664100646973,,-0.124101638793945,-0.12769603729248,-0.11793041229248,-0.0444145202636719,-0.137148857116699,-0.157149314880371,-0.158398628234863,-0.0890235900878906,-0.185352325439453,-0.171836853027344,-0.1554298400878909,-0.122617721557617,-0.150430679321289,-0.175039291381836,-0.2201175689697269
10505,-0.138633728027344,,,-0.105117797851562,-0.140664100646973,,-0.124101638793945,-0.12769603729248,-0.11793041229248,-0.0444145202636719,-0.137148857116699,-0.157071113586426,-0.158398628234863,-0.0890235900878906,-0.185352325439453,-0.171836853027344,-0.1554298400878909,-0.122617721557617,-0.150507926940918,-0.175039291381836,-0.2201175689697269
10510,-0.138633728027344,,,-0.105117797851562,-0.140664100646973,,-0.124101638793945,-0.12769603729248,-0.11793041229248,-0.0444927215576172,-0.137148857116699,-0.157071113586426,-0.158398628234863,-0.0889453887939453,-0.185352325439453,-0.171836853027344,-0.1554298400878909,-0.122617721557617,-0.150507926940918,-0.175039291381836,-0.2201175689697269
10515,-0.138633728027344,,,-0.105039596557617,-0.140664100646973,,-0.124101638793945,-0.12769603729248,-0.11793041229248,-0.0444927215576172,-0.137148857116699,-0.157071113586426,-0.158398628234863,-0.0889453887939453,-0.185352325439453,-0.171836853027344,-0.1554298400878909,-0.122695922851562,-0.150507926940918,-0.175039291381836,-0.2201175689697269
10520,-0.138633728027344,,,-0.105039596557617,-0.140664100646973,,-0.124101638793945,-0.12769603729248,-0.11793041229248,-0.0444927215576172,-0.137148857116699,-0.157071113586426,-0.158398628234863,-0.0888671875,-0.185352325439453,-0.171836853027344,-0.1554298400878909,-0.122695922851562,-0.150507926940918,-0.175039291381836,-0.220040321350098
10525,-0.138633728027344,,,-0.105039596557617,-0.140664100646973,,-0.124101638793945,-0.12769603729248,-0.11793041229248,-0.0444927215576172,-0.137148857116699,-0.157071113586426,-0.158398628234863,-0.0888671875,-0.185352325439453,-0.171836853027344,-0.155351638793945,-0.122695922851562,-0.150507926940918,-0.175039291381836,-0.220040321350098
10530,-0.138633728027344,,,-0.105039596557617,-0.140664100646973,,-0.124101638793945,-0.12769603729248,-0.11793041229248,-0.0444927215576172,-0.137148857116699,-0.157071113586426,-0.158398628234863,-0.0887889862060547,-0.185352325439453,-0.171836853027344,-0.1554298400878909,-0.122695922851562,-0.150507926940918,-0.175039291381836,-0.220040321350098
10535,-0.138633728027344,,,-0.105039596557617,-0.140664100646973,,-0.124101638793945,-0.12769603729248,-0.11793041229248,-0.0444927215576172,-0.137148857116699,-0.157071113586426,-0.158398628234863,-0.0887889862060547,-0.185352325439453,-0.171836853027344,-0.155351638793945,-0.122695922851562,-0.150507926940918,-0.175039291381836,-0.220040321350098
10540,-0.138633728027344,,,-0.105039596557617,-0.140664100646973,,-0.124101638793945,-0.12769603729248,-0.11793041229248,-0.0445699691772461,-0.137148857116699,-0.157071113586426,-0.158398628234863,-0.0887107849121094,-0.185352325439453,-0.171836853027344,-0.155351638793945,-0.122695922851562,-0.150507926940918,-0.175039291381836,-0.219962120056152
10545,-0.138633728027344,,,-0.105039596557617,-0.140664100646973,,-0.1240234375,-0.127617835998535,-0.11793041229248,-0.0445699691772461,-0.137148857116699,-0.157071113586426,-0.158398628234863,-0.0887107849121094,-0.185352325439453,-0.171836853027344,-0.155351638793945,-0.122695922851562,-0.150507926940918,-0.175039291381836,-0.219962120056152
10550,-0.138633728027344,,,-0.104961395263672,-0.140664100646973,,-0.1240234375,-0.127617835998535,-0.11793041229248,-0.0445699691772461,-0.137148857116699,-0.157071113586426,-0.158398628234863,-0.0886335372924805,-0.185274124145508,-0.171836853027344,-0.155351638793945,-0.122695922851562,-0.150507926940918,-0.175039291381836,-0.219962120056152
10555,-0.138633728027344,,,-0.104961395263672,-0.140664100646973,,-0.124101638793945,-0.127617835998535,-0.11793041229248,-0.0445699691772461,-0.137148857116699,-0.157071113586426,-0.158398628234863,-0.0886335372924805,-0.185274124145508,-0.171836853027344,-0.155351638793945,-0.122695922851562,-0.150507926940918,-0.175039291381836,-0.219962120056152
10560,-0.138633728027344,,,-0.104961395263672,-0.140664100646973,,-0.1240234375,-0.127617835998535,-0.11793041229248,-0.0445699691772461,-0.137148857116699,-0.157071113586426,-0.158398628234863,-0.0885553359985352,-0.185274124145508,-0.171836853027344,-0.155351638793945,-0.122695922851562,-0.150507926940918,-0.175039291381836,-0.219962120056152
10565,-0.138633728027344,,,-0.104961395263672,-0.140664100646973,,-0.1240234375,-0.127617835998535,-0.11793041229248,-0.0445699691772461,-0.137148857116699,-0.157071113586426,-0.158398628234863,-0.0884771347045898,-0.185274124145508,-0.171758651733398,-0.155351638793945,-0.122695922851562,-0.150507926940918,-0.175039291381836,-0.219883918762207
10570,-0.138633728027344,,,-0.104961395263672,-0.140664100646973,,-0.1240234375,-0.127617835998535,-0.11793041229248,-0.0445699691772461,-0.137148857116699,-0.157071113586426,-0.158398628234863,-0.0884771347045898,-0.185274124145508,-0.171758651733398,-0.155351638793945,-0.122695922851562,-0.150507926940918,-0.175039291381836,-0.219883918762207
10575,-0.138633728027344,,,-0.104961395263672,-0.140664100646973,,-0.1240234375,-0.127617835998535,-0.11793041229248,-0.0446481704711914,-0.137148857116699,-0.157071113586426,-0.158398628234863,-0.0884771347045898,-0.185274124145508,-0.171836853027344,-0.155351638793945,-0.122695922851562,-0.150507926940918,-0.175039291381836,-0.219883918762207
10580,-0.138633728027344,,,-0.104883193969727,-0.140664100646973,,-0.1240234375,-0.127617835998535,-0.11793041229248,-0.0446481704711914,-0.137148857116699,-0.157071113586426,-0.158398628234863,-0.0883989334106445,-0.185274124145508,-0.171758651733398,-0.155351638793945,-0.122695922851562,-0.150586128234863,-0.175039291381836,-0.219883918762207
10585,-0.138633728027344,,,-0.104883193969727,-0.140664100646973,,-0.1240234375,-0.127617835998535,-0.11793041229248,-0.0446481704711914,-0.137148857116699,-0.157071113586426,-0.158398628234863,-0.0883207321166992,-0.185274124145508,-0.171758651733398,-0.155351638793945,-0.122695922851562,-0.150586128234863,-0.175039291381836,-0.219883918762207
10590,-0.138633728027344,,,-0.104883193969727,-0.140664100646973,,-0.1240234375,-0.127617835998535,-0.11793041229248,-0.0446481704711914,-0.137148857116699,-0.157071113586426,-0.158398628234863,-0.0883207321166992,-0.185274124145508,-0.171758651733398,-0.155351638793945,-0.1227741241455079,-0.150586128234863,-0.175039291381836,-0.219805717468262
10595,-0.138633728027344,,,-0.104883193969727,-0.140664100646973,,-0.1240234375,-0.127617835998535,-0.11793041229248,-0.0446481704711914,-0.137148857116699,-0.157071113586426,-0.158398628234863,-0.0882425308227539,-0.185274124145508,-0.171758651733398,-0.155351638793945,-0.1227741241455079,-0.150586128234863,-0.175039291381836,-0.219805717468262
10600,-0.138633728027344,,,-0.104883193969727,-0.140664100646973,,-0.1240234375,-0.127617835998535,-0.11793041229248,-0.0446481704711914,-0.137148857116699,-0.157071113586426,-0.158398628234863,-0.0882425308227539,-0.185274124145508,-0.171758651733398,-0.155351638793945,-0.1227741241455079,-0.150586128234863,-0.175039291381836,-0.219805717468262
10605,-0.138633728027344,,,-0.104883193969727,-0.140664100646973,,-0.1240234375,-0.127617835998535,-0.11793041229248,-0.0447263717651367,-0.137148857116699,-0.157071113586426,-0.158398628234863,-0.0881643295288086,-0.185274124145508,-0.171758651733398,-0.155351638793945,-0.1227741241455079,-0.150586128234863,-0.175039291381836,-0.219805717468262
10610,-0.138633728027344,,,-0.104804992675781,-0.140664100646973,,-0.1240234375,-0.12753963470459,-0.11793041229248,-0.0447263717651367,-0.137148857116699,-0.157071113586426,-0.158398628234863,-0.0881643295288086,-0.185274124145508,-0.171758651733398,-0.155351638793945,-0.1227741241455079,-0.150586128234863,-0.175039291381836,-0.219727516174316
10615,-0.138633728027344,,,-0.104804992675781,-0.140664100646973,,-0.1240234375,-0.12753963470459,-0.11793041229248,-0.0447263717651367,-0.137148857116699,-0.157071113586426,-0.158398628234863,-0.0880861282348633,-0.185195922851562,-0.171758651733398,-0.155351638793945,-0.1227741241455079,-0.150586128234863,-0.175039291381836,-0.219727516174316
10620,-0.138633728027344,,,-0.104804992675781,-0.140664100646973,,-0.1240234375,-0.12753963470459,-0.11793041229248,-0.0447263717651367,-0.137148857116699,-0.157071113586426,-0.158398628234863,-0.0880861282348633,-0.185195922851562,-0.171758651733398,-0.155351638793945,-0.1227741241455079,-0.150586128234863,-0.175039291381836,-0.219727516174316
10625,-0.138633728027344,,,-0.104804992675781,-0.140664100646973,,-0.1240234375,-0.12753963470459,-0.11793041229248,-0.0447263717651367,-0.137148857116699,-0.157071113586426,-0.158398628234863,-0.088007926940918,-0.185195922851562,-0.171758651733398,-0.155351638793945,-0.1227741241455079,-0.150586128234863,-0.175039291381836,-0.219727516174316
10630,-0.138633728027344,,,-0.104804992675781,-0.140664100646973,,-0.1240234375,-0.12753963470459,-0.11793041229248,-0.0447263717651367,-0.137148857116699,-0.157071113586426,-0.158398628234863,-0.088007926940918,-0.185195922851562,-0.171758651733398,-0.155351638793945,-0.1227741241455079,-0.150586128234863,-0.175039291381836,-0.219649314880371
10635,-0.138633728027344,,,-0.104804992675781,-0.140664100646973,,-0.1240234375,-0.12753963470459,-0.11793041229248,-0.044804573059082,-0.137148857116699,-0.157071113586426,-0.158398628234863,-0.0879297256469727,-0.185195922851562,-0.171758651733398,-0.155351638793945,-0.1227741241455079,-0.150586128234863,-0.175039291381836,-0.219649314880371
10640,-0.138633728027344,,,-0.104804992675781,-0.140664100646973,,-0.1240234375,-0.12753963470459,-0.11793041229248,-0.044804573059082,-0.137148857116699,-0.157071113586426,-0.158398628234863,-0.0879297256469727,-0.185195922851562,-0.171758651733398,-0.155351638793945,-0.1227741241455079,-0.150586128234863,-0.175039291381836,-0.219649314880371
10645,-0.138633728027344,,,-0.1047267913818359,-0.140664100646973,,-0.1240234375,-0.12753963470459,-0.11793041229248,-0.044804573059082,-0.137148857116699,-0.157071113586426,-0.158398628234863,-0.0878515243530273,-0.185195922851562,-0.171758651733398,-0.155351638793945,-0.1227741241455079,-0.150586128234863,-0.175039291381836,-0.219649314880371
10650,-0.138633728027344,,,-0.1047267913818359,-0.140664100646973,,-0.1240234375,-0.12753963470459,-0.11793041229248,-0.044804573059082,-0.137148857116699,-0.157071113586426,-0.158398628234863,-0.0878515243530273,-0.185195922851562,-0.171758651733398,-0.155351638793945,-0.1227741241455079,-0.1506643295288089,-0.175039291381836,-0.219649314880371
10655,-0.138633728027344,,,-0.1047267913818359,-0.140664100646973,,-0.1240234375,-0.12753963470459,-0.11793041229248,-0.044804573059082,-0.137148857116699,-0.157071113586426,-0.158398628234863,-0.087773323059082,-0.185195922851562,-0.171758651733398,-0.155351638793945,-0.1227741241455079,-0.1506643295288089,-0.175039291381836,-0.219649314880371
10660,-0.138633728027344,,,-0.1047267913818359,-0.140664100646973,,-0.1240234375,-0.12753963470459,-0.11793041229248,-0.044804573059082,-0.137148857116699,-0.157071113586426,-0.158398628234863,-0.087773323059082,-0.185195922851562,-0.171758651733398,-0.155351638793945,-0.1227741241455079,-0.1506643295288089,-0.175039291381836,-0.219571113586426
10665,-0.138633728027344,,,-0.1047267913818359,-0.140664100646973,,-0.1240234375,-0.12753963470459,-0.11793041229248,-0.0448827743530273,-0.137148857116699,-0.157071113586426,-0.158398628234863,-0.0876960754394531,-0.185195922851562,-0.171758651733398,-0.155351638793945,-0.122852325439453,-0.1506643295288089,-0.175039291381836,-0.219571113586426
10670,-0.138633728027344,,,-0.1047267913818359,-0.140664100646973,,-0.1240234375,-0.12753963470459,-0.11793041229248,-0.0448827743530273,-0.137148857116699,-0.157071113586426,-0.158398628234863,-0.0876960754394531,-0.185195922851562,-0.171758651733398,-0.155351638793945,-0.122852325439453,-0.1506643295288089,-0.175039291381836,-0.219571113586426
10675,-0.138633728027344,,,-0.1047267913818359,-0.140664100646973,,-0.1240234375,-0.12753963470459,-0.11793041229248,-0.0448827743530273,-0.1372270584106449,-0.157071113586426,-0.158398628234863,-0.0876178741455078,-0.185195922851562,-0.171758651733398,-0.155351638793945,-0.122852325439453,-0.1506643295288089,-0.175039291381836,-0.219571113586426
10680,-0.138633728027344,,,-0.104648590087891,-0.140664100646973,,-0.1240234375,-0.12753963470459,-0.11793041229248,-0.0448827743530273,-0.137148857116699,-0.157071113586426,-0.158398628234863,-0.0876178741455078,-0.185195922851562,-0.171758651733398,-0.155351638793945,-0.122852325439453,-0.1506643295288089,-0.175039291381836,-0.219571113586426
10685,-0.138633728027344,,,-0.104648590087891,-0.140664100646973,,-0.1240234375,-0.127461433410645,-0.11793041229248,-0.0448827743530273,-0.137148857116699,-0.157071113586426,-0.158398628234863,-0.0875396728515625,-0.185195922851562,-0.171758651733398,-0.155351638793945,-0.122852325439453,-0.1506643295288089,-0.175039291381836,-0.21949291229248
10690,-0.138633728027344,,,-0.104648590087891,-0.140664100646973,,-0.1240234375,-0.127461433410645,-0.11793041229248,-0.0448827743530273,-0.137148857116699,-0.15699291229248,-0.158398628234863,-0.0875396728515625,-0.185117721557617,-0.171758651733398,-0.155351638793945,-0.122852325439453,-0.1506643295288089,-0.175039291381836,-0.21949291229248
10695,-0.138633728027344,,,-0.104648590087891,-0.140664100646973,,-0.1240234375,-0.127461433410645,-0.11793041229248,-0.0449609756469727,-0.137148857116699,-0.15699291229248,-0.158398628234863,-0.0874614715576172,-0.185117721557617,-0.171758651733398,-0.155351638793945,-0.122852325439453,-0.1506643295288089,-0.175039291381836,-0.21949291229248
10700,-0.138633728027344,,,-0.104648590087891,-0.140664100646973,,-0.1240234375,-0.127461433410645,-0.11793041229248,-0.0449609756469727,-0.1372270584106449,-0.15699291229248,-0.158398628234863,-0.0874614715576172,-0.185117721557617,-0.171758651733398,-0.155351638793945,-0.122852325439453,-0.1506643295288089,-0.175039291381836,-0.21949291229248
10705,-0.138633728027344,,,-0.104648590087891,-0.140664100646973,,-0.1240234375,-0.127461433410645,-0.11793041229248,-0.0449609756469727,-0.1372270584106449,-0.15699291229248,-0.158398628234863,-0.0873832702636719,-0.185117721557617,-0.171758651733398,-0.155351638793945,-0.122852325439453,-0.1506643295288089,-0.175039291381836,-0.219414710998535
10710,-0.138633728027344,,,-0.104570388793945,-0.140664100646973,,-0.1240234375,-0.127461433410645,-0.11793041229248,-0.0449609756469727,-0.1372270584106449,-0.15699291229248,-0.158398628234863,-0.0873832702636719,-0.185117721557617,-0.171758651733398,-0.155351638793945,-0.122852325439453,-0.1506643295288089,-0.175039291381836,-0.219414710998535
10715,-0.138633728027344,,,-0.104570388793945,-0.140664100646973,,-0.1240234375,-0.127461433410645,-0.11793041229248,-0.0449609756469727,-0.1372270584106449,-0.15699291229248,-0.158398628234863,-0.0873050689697266,-0.185117721557617,-0.171758651733398,-0.155351638793945,-0.122852325439453,-0.150742530822754,-0.175039291381836,-0.219414710998535
10720,-0.138633728027344,,,-0.104570388793945,-0.140664100646973,,-0.1240234375,-0.127461433410645,-0.11793041229248,-0.0450391769409179,-0.1372270584106449,-0.15699291229248,-0.158398628234863,-0.0873050689697266,-0.185117721557617,-0.171758651733398,-0.155351638793945,-0.122852325439453,-0.150742530822754,-0.175039291381836,-0.219414710998535
10725,-0.138633728027344,,,-0.104570388793945,-0.140742301940918,,-0.1240234375,-0.127461433410645,-0.11793041229248,-0.0450391769409179,-0.1372270584106449,-0.15699291229248,-0.158398628234863,-0.0872268676757812,-0.185117721557617,-0.171758651733398,-0.155351638793945,-0.122852325439453,-0.150742530822754,-0.175039291381836,-0.219414710998535
10730,-0.138633728027344,,,-0.104570388793945,-0.140742301940918,,-0.1240234375,-0.127461433410645,-0.11793041229248,-0.0450391769409179,-0.1372270584106449,-0.15699291229248,-0.158398628234863,-0.0872268676757812,-0.185117721557617,-0.171758651733398,-0.155351638793945,-0.122852325439453,-0.150742530822754,-0.175039291381836,-0.219414710998535
10735,-0.138633728027344,,,-0.104570388793945,-0.140742301940918,,-0.1240234375,-0.127461433410645,-0.11793041229248,-0.0450391769409179,-0.1372270584106449,-0.15699291229248,-0.158398628234863,-0.0871486663818359,-0.185117721557617,-0.171758651733398,-0.155351638793945,-0.122852325439453,-0.150742530822754,-0.175039291381836,-0.2193365097045899
10740,-0.138633728027344,,,-0.104570388793945,-0.140742301940918,,-0.1240234375,-0.127461433410645,-0.11793041229248,-0.0450391769409179,-0.1372270584106449,-0.15699291229248,-0.158398628234863,-0.0871486663818359,-0.185117721557617,-0.171758651733398,-0.155351638793945,-0.122852325439453,-0.150742530822754,-0.175039291381836,-0.2193365097045899
10745,-0.138633728027344,,,-0.104570388793945,-0.140742301940918,,-0.1240234375,-0.127461433410645,-0.11793041229248,-0.0451173782348633,-0.1372270584106449,-0.15699291229248,-0.158398628234863,-0.0870704650878906,-0.185117721557617,-0.171758651733398,-0.155351638793945,-0.122852325439453,-0.150742530822754,-0.175039291381836,-0.2193365097045899
10750,-0.138633728027344,,,-0.1044921875,-0.140742301940918,,-0.1240234375,-0.127461433410645,-0.11793041229248,-0.0451173782348633,-0.1372270584106449,-0.15699291229248,-0.158398628234863,-0.0870704650878906,-0.185117721557617,-0.171758651733398,-0.155351638793945,-0.122930526733398,-0.150742530822754,-0.175039291381836,-0.2193365097045899
10755,-0.138633728027344,,,-0.1044921875,-0.140742301940918,,-0.1240234375,-0.127461433410645,-0.11793041229248,-0.0451173782348633,-0.1372270584106449,-0.15699291229248,-0.158398628234863,-0.0869922637939453,-0.185117721557617,-0.171758651733398,-0.155351638793945,-0.122930526733398,-0.150742530822754,-0.175039291381836,-0.2193365097045899
10760,-0.138633728027344,,,-0.1044921875,-0.140742301940918,,-0.1240234375,-0.127461433410645,-0.11793041229248,-0.0451173782348633,-0.1372270584106449,-0.15699291229248,-0.158398628234863,-0.0869922637939453,-0.185117721557617,-0.171758651733398,-0.155351638793945,-0.122930526733398,-0.150742530822754,-0.175039291381836,-0.2192583084106449
10765,-0.138633728027344,,,-0.1044921875,-0.140742301940918,,-0.1240234375,-0.127461433410645,-0.11793041229248,-0.0451955795288086,-0.1372270584106449,-0.15699291229248,-0.158398628234863,-0.0869140625,-0.1850395202636719,-0.171680450439453,-0.155351638793945,-0.122930526733398,-0.150742530822754,-0.175039291381836,-0.2192583084106449
10770,-0.138633728027344,,,-0.1044921875,-0.140742301940918,,-0.1240234375,-0.127461433410645,-0.11793041229248,-0.0451955795288086,-0.1372270584106449,-0.15699291229248,-0.158398628234863,-0.0869140625,-0.1850395202636719,-0.171680450439453,-0.155351638793945,-0.122930526733398,-0.150742530822754,-0.175039291381836,-0.2192583084106449
10775,-0.138633728027344,,,-0.1044921875,-0.140742301940918,,-0.1240234375,-0.127461433410645,-0.11793041229248,-0.0451955795288086,-0.1372270584106449,-0.15699291229248,-0.158398628234863,-0.0868358612060547,-0.1850395202636719,-0.171680450439453,-0.155351638793945,-0.122930526733398,-0.150742530822754,-0.175039291381836,-0.2192583084106449
10780,-0.138633728027344,,,-0.104413986206055,-0.140742301940918,,-0.1240234375,-0.127461433410645,-0.11793041229248,-0.0451955795288086,-0.1372270584106449,-0.15699291229248,-0.158398628234863,-0.0868358612060547,-0.1850395202636719,-0.171680450439453,-0.155351638793945,-0.122930526733398,-0.150742530822754,-0.175039291381836,-0.219180107116699
10785,-0.138633728027344,,,-0.104413986206055,-0.140742301940918,,-0.1240234375,-0.127461433410645,-0.11793041229248,-0.0451955795288086,-0.1372270584106449,-0.15699291229248,-0.158398628234863,-0.0867576599121094,-0.1850395202636719,-0.171680450439453,-0.155351638793945,-0.122930526733398,-0.150820732116699,-0.175039291381836,-0.219180107116699
10790,-0.138633728027344,,,-0.104413986206055,-0.140742301940918,,-0.1240234375,-0.127461433410645,-0.11793041229248,-0.0452737808227539,-0.1372270584106449,-0.15699291229248,-0.158398628234863,-0.0867576599121094,-0.1850395202636719,-0.171680450439453,-0.155351638793945,-0.122930526733398,-0.150820732116699,-0.175039291381836,-0.219180107116699
10795,-0.138633728027344,,,-0.104413986206055,-0.140742301940918,,-0.1240234375,-0.127461433410645,-0.11793041229248,-0.0452737808227539,-0.1372270584106449,-0.15699291229248,-0.158398628234863,-0.0866804122924805,-0.1850395202636719,-0.171680450439453,-0.155351638793945,-0.122930526733398,-0.150820732116699,-0.175039291381836,-0.219180107116699
10800,-0.138633728027344,,,-0.104413986206055,-0.140742301940918,,-0.1240234375,-0.127461433410645,-0.11793041229248,-0.0452737808227539,-0.1372270584106449,-0.15699291229248,-0.158398628234863,-0.0866804122924805,-0.1850395202636719,-0.171680450439453,-0.155274391174316,-0.122930526733398,-0.150820732116699,-0.175039291381836,-0.219180107116699
10805,-0.138633728027344,,,-0.104413986206055,-0.140742301940918,,-0.1240234375,-0.127461433410645,-0.11793041229248,-0.0452737808227539,-0.1372270584106449,-0.15699291229248,-0.158398628234863,-0.0866022109985352,-0.1850395202636719,-0.171680450439453,-0.155274391174316,-0.122930526733398,-0.150820732116699,-0.175039291381836,-0.219101905822754
10810,-0.138633728027344,,,-0.1043367385864259,-0.140742301940918,,-0.1240234375,-0.127461433410645,-0.11793041229248,-0.0452737808227539,-0.1372270584106449,-0.15699291229248,-0.158398628234863,-0.0866022109985352,-0.1850395202636719,-0.171680450439453,-0.155274391174316,-0.122930526733398,-0.150820732116699,-0.175039291381836,-0.219101905822754
10815,-0.138633728027344,,,-0.1043367385864259,-0.140742301940918,,-0.1240234375,-0.127461433410645,-0.11793041229248,-0.0453519821166992,-0.1372270584106449,-0.15699291229248,-0.158398628234863,-0.0865240097045898,-0.1850395202636719,-0.171680450439453,-0.155274391174316,-0.122930526733398,-0.150820732116699,-0.175039291381836,-0.219101905822754
10820,-0.138633728027344,,,-0.1043367385864259,-0.140742301940918,,-0.1240234375,-0.127461433410645,-0.11793041229248,-0.0453519821166992,-0.1372270584106449,-0.15699291229248,-0.158398628234863,-0.0865240097045898,-0.1850395202636719,-0.171680450439453,-0.155274391174316,-0.122930526733398,-0.150820732116699,-0.175039291381836,-0.219101905822754
10825,-0.138633728027344,,,-0.1043367385864259,-0.140742301940918,,-0.1240234375,-0.127461433410645,-0.11793041229248,-0.0453519821166992,-0.1372270584106449,-0.15699291229248,-0.158398628234863,-0.0864458084106445,-0.1850395202636719,-0.171680450439453,-0.155274391174316,-0.122930526733398,-0.150820732116699,-0.175039291381836,-0.219101905822754
10830,-0.163320541381836,,,,-0.164024353027344,,-0.151211738586426,-0.163633346557617,-0.150507926940918,-0.0768365859985352,-0.160196304321289,-0.190664291381836,-0.190352439880371,-0.103398323059082,-0.2104301452636719,-0.202852249145508,-0.184649467468262,-0.143555641174316,-0.1665239334106449,-0.188633918762207,-0.267618179321289
10835,-0.163008689880371,,,,-0.163946151733398,,-0.151289939880371,-0.1634769439697269,-0.150507926940918,-0.0765237808227539,-0.1606645584106449,-0.190664291381836,-0.19019603729248,-0.1219148635864259,-0.210821151733398,-0.202774047851562,-0.184571266174316,-0.14332103729248,-0.166680335998535,-0.188711166381836,-0.267852783203125
10840,-0.1626176834106449,,,,-0.163711547851562,,-0.151055335998535,-0.1632423400878909,-0.150586128234863,-0.0767583847045898,-0.1606645584106449,-0.190508842468262,-0.1899614334106449,-0.1219148635864259,-0.210821151733398,-0.202774047851562,-0.184571266174316,-0.143242835998535,-0.1666021347045899,-0.188711166381836,-0.267618179321289
10845,-0.162304878234863,,,,-0.1634769439697269,,-0.150820732116699,-0.163086891174316,-0.1506643295288089,-0.0769147872924805,-0.1607427597045899,-0.190352439880371,-0.189883232116699,-0.1219148635864259,-0.210821151733398,-0.202695846557617,-0.184493064880371,-0.143242835998535,-0.1666021347045899,-0.188711166381836,-0.267461776733398
10850,-0.161993026733398,,,,-0.1632423400878909,,-0.1506643295288089,-0.16285228729248,-0.150820732116699,-0.0770702362060547,-0.1607427597045899,-0.19019603729248,-0.1897268295288089,-0.121993064880371,-0.210742950439453,-0.2026176452636719,-0.184493064880371,-0.1431646347045899,-0.1666021347045899,-0.188711166381836,-0.267305374145508
10855,-0.161680221557617,,,,-0.163086891174316,,-0.150430679321289,-0.1626958847045899,-0.1508989334106449,-0.0773048400878906,-0.160820960998535,-0.190117835998535,-0.18964958190918,-0.121993064880371,-0.210742950439453,-0.2026176452636719,-0.184493064880371,-0.1431646347045899,-0.1666021347045899,-0.188633918762207,-0.267227172851562
10860,-0.161445617675781,,,,-0.162930488586426,,-0.150274276733398,-0.162539482116699,-0.1509771347045899,-0.0774612426757812,-0.16089916229248,-0.1900396347045899,-0.189571380615234,-0.121993064880371,-0.210742950439453,-0.2025394439697269,-0.184493064880371,-0.1431646347045899,-0.1666021347045899,-0.188633918762207,-0.267071723937988
10865,-0.161211967468262,,,,-0.162774085998535,,-0.150117874145508,-0.1623830795288089,-0.15113353729248,-0.0776176452636719,-0.160977363586426,-0.1899614334106449,-0.189414978027344,-0.121993064880371,-0.210742950439453,-0.2025394439697269,-0.184493064880371,-0.1430864334106449,-0.1666021347045899,-0.188633918762207,-0.266993522644043
10870,-0.16089916229248,,,,-0.1626958847045899,,-0.149961471557617,-0.162226676940918,-0.151211738586426,-0.0777740478515625,-0.161055564880371,-0.189883232116699,-0.189336776733398,-0.1220703125,-0.210742950439453,-0.202461242675781,-0.184493064880371,-0.1430864334106449,-0.1665239334106449,-0.188633918762207,-0.266915321350098
10875,-0.1607427597045899,,,,-0.162539482116699,,-0.1498050689697269,-0.162071228027344,-0.151289939880371,-0.0779294967651367,-0.161133766174316,-0.1897268295288089,-0.189258575439453,-0.1220703125,-0.210664749145508,-0.202461242675781,-0.184493064880371,-0.1430864334106449,-0.1665239334106449,-0.188555717468262,-0.266758918762207
10880,-0.160508155822754,,,,-0.162461280822754,,-0.149648666381836,-0.161914825439453,-0.151445388793945,-0.0780858993530273,-0.161211967468262,-0.18964958190918,-0.189180374145508,-0.122148513793945,-0.210664749145508,-0.202383995056152,-0.184493064880371,-0.143008232116699,-0.1665239334106449,-0.188555717468262,-0.266680717468262
10885,-0.160351753234863,,,,-0.162304878234863,,-0.1495704650878909,-0.161758422851562,-0.1515235900878909,-0.078242301940918,-0.1612892150878909,-0.189571380615234,-0.189102172851562,-0.122148513793945,-0.210664749145508,-0.202383995056152,-0.184493064880371,-0.143008232116699,-0.1665239334106449,-0.188555717468262,-0.266602516174316
10890,-0.160118103027344,,,,-0.162226676940918,,-0.149415016174316,-0.161680221557617,-0.151601791381836,-0.0783987045288086,-0.161367416381836,-0.189571380615234,-0.189102172851562,-0.122148513793945,-0.210664749145508,-0.202383995056152,-0.184493064880371,-0.143008232116699,-0.1665239334106449,-0.188555717468262,-0.266524314880371
10895,-0.159961700439453,,,,-0.162149429321289,,-0.149336814880371,-0.1615238189697269,-0.151679992675781,-0.0784769058227539,-0.161367416381836,-0.189493179321289,-0.189023971557617,-0.122148513793945,-0.210664749145508,-0.202305793762207,-0.184493064880371,-0.142930030822754,-0.1665239334106449,-0.188555717468262,-0.266446113586426
10900,-0.159805297851562,,,,-0.162071228027344,,-0.14918041229248,-0.161445617675781,-0.1517581939697269,-0.0786333084106445,-0.161445617675781,-0.189414978027344,-0.1889457702636719,-0.122226715087891,-0.210664749145508,-0.202305793762207,-0.184493064880371,-0.142930030822754,-0.1665239334106449,-0.188477516174316,-0.26636791229248
10905,-0.1596488952636719,,,,-0.162071228027344,,-0.1490240097045899,-0.1612892150878909,-0.1518363952636719,-0.0787115097045898,-0.1615238189697269,-0.189336776733398,-0.1888675689697269,-0.122226715087891,-0.210664749145508,-0.202305793762207,-0.184493064880371,-0.142930030822754,-0.1665239334106449,-0.188477516174316,-0.266289710998535
10910,-0.159492492675781,,,,-0.161993026733398,,-0.1489458084106449,-0.161211967468262,-0.151992797851562,-0.0788679122924805,-0.1616020202636719,-0.189258575439453,-0.1888675689697269,-0.1223049163818359,-0.210664749145508,-0.202227592468262,-0.184493064880371,-0.142930030822754,-0.1665239334106449,-0.188477516174316,-0.26621150970459
10915,-0.159414291381836,,,,-0.161993026733398,,-0.148867607116699,-0.161133766174316,-0.152070999145508,-0.0789451599121094,-0.161680221557617,-0.189180374145508,-0.188789367675781,-0.1223049163818359,-0.210664749145508,-0.202227592468262,-0.184493064880371,-0.142930030822754,-0.1665239334106449,-0.188477516174316,-0.266133308410645
10920,-0.159258842468262,,,,-0.161993026733398,,-0.148789405822754,-0.161055564880371,-0.152149200439453,-0.0791015625,-0.161758422851562,-0.189180374145508,-0.188789367675781,-0.1223049163818359,-0.210664749145508,-0.202227592468262,-0.184493064880371,-0.1428518295288089,-0.1665239334106449,-0.188477516174316,-0.266056060791016
10925,-0.159102439880371,,,,-0.161914825439453,,-0.148633003234863,-0.16089916229248,-0.152227401733398,-0.0791797637939453,-0.161836624145508,-0.189102172851562,-0.188711166381836,-0.122383117675781,-0.210664749145508,-0.202149391174316,-0.184493064880371,-0.1428518295288089,-0.1665239334106449,-0.188477516174316,-0.26597785949707
10930,-0.159024238586426,,,,-0.161914825439453,,-0.148554801940918,-0.160820960998535,-0.152305603027344,-0.0793361663818359,-0.161914825439453,-0.189023971557617,-0.188633918762207,-0.122383117675781,-0.210664749145508,-0.202149391174316,-0.184493064880371,-0.1428518295288089,-0.1665239334106449,-0.188477516174316,-0.265899658203125
10935,-0.15894603729248,,,,-0.161914825439453,,-0.148477554321289,-0.1607427597045899,-0.152383804321289,-0.0794143676757812,-0.161993026733398,-0.189023971557617,-0.188633918762207,-0.122383117675781,-0.210664749145508,-0.202149391174316,-0.184493064880371,-0.1428518295288089,-0.1665239334106449,-0.188477516174316,-0.2658214569091799
10940,-0.1587896347045899,,,,-0.161914825439453,,-0.148399353027344,-0.1606645584106449,-0.152461051940918,-0.0794925689697266,-0.162071228027344,-0.1889457702636719,-0.188555717468262,-0.122461318969727,-0.210664749145508,-0.202071189880371,-0.184493064880371,-0.1428518295288089,-0.1665239334106449,-0.188477516174316,-0.265743255615234
10945,-0.1587114334106449,,,,-0.161836624145508,,-0.148321151733398,-0.160586357116699,-0.152539253234863,-0.0795707702636719,-0.162149429321289,-0.1888675689697269,-0.188555717468262,-0.122461318969727,-0.210742950439453,-0.202071189880371,-0.184493064880371,-0.1428518295288089,-0.1665239334106449,-0.188477516174316,-0.265665054321289
10950,-0.158633232116699,,,,-0.161836624145508,,-0.148242950439453,-0.160508155822754,-0.152539253234863,-0.0796489715576172,-0.162226676940918,-0.1888675689697269,-0.188477516174316,-0.122461318969727,-0.210742950439453,-0.202071189880371,-0.184493064880371,-0.142773628234863,-0.1665239334106449,-0.188477516174316,-0.265665054321289
10955,-0.158555030822754,,,,-0.161836624145508,,-0.148164749145508,-0.1604299545288089,-0.1526174545288089,-0.0797271728515625,-0.162304878234863,-0.188789367675781,-0.188399314880371,-0.122539520263672,-0.210742950439453,-0.202071189880371,-0.184493064880371,-0.142773628234863,-0.1665239334106449,-0.188477516174316,-0.2655868530273439
10960,-0.1584768295288089,,,,-0.161836624145508,,-0.148086547851562,-0.160351753234863,-0.152695655822754,-0.0798053741455078,-0.1623830795288089,-0.188711166381836,-0.188399314880371,-0.122539520263672,-0.210742950439453,-0.202071189880371,-0.184493064880371,-0.142773628234863,-0.1665239334106449,-0.188477516174316,-0.265508651733398
10965,-0.158398628234863,,,,-0.161836624145508,,-0.148008346557617,-0.160273551940918,-0.152773857116699,-0.0798826217651367,-0.162461280822754,-0.188711166381836,-0.188321113586426,-0.122539520263672,-0.210742950439453,-0.201992988586426,-0.184493064880371,-0.142773628234863,-0.1665239334106449,-0.188477516174316,-0.265430450439453
10970,-0.158320426940918,,,,-0.161836624145508,,-0.1479301452636719,-0.160196304321289,-0.152773857116699,-0.079960823059082,-0.162539482116699,-0.188633918762207,-0.188321113586426,-0.122539520263672,-0.210742950439453,-0.201992988586426,-0.184493064880371,-0.142773628234863,-0.1665239334106449,-0.188477516174316,-0.265352249145508
10975,-0.158243179321289,,,,-0.161836624145508,,-0.1478519439697269,-0.160118103027344,-0.1528520584106449,-0.0800390243530273,-0.162539482116699,-0.188633918762207,-0.18824291229248,-0.122617721557617,-0.210742950439453,-0.201992988586426,-0.184493064880371,-0.142773628234863,-0.1665239334106449,-0.188399314880371,-0.265274047851562
10980,-0.158164978027344,,,,-0.161836624145508,,-0.147773742675781,-0.160039901733398,-0.1529302597045899,-0.0801172256469727,-0.1626176834106449,-0.188555717468262,-0.18824291229248,-0.122617721557617,-0.210742950439453,-0.20191478729248,-0.184493064880371,-0.142773628234863,-0.1665239334106449,-0.188477516174316,-0.265195846557617
10985,-0.158086776733398,,,,-0.161836624145508,,-0.147695541381836,-0.160039901733398,-0.153008460998535,-0.080195426940918,-0.1626958847045899,-0.188555717468262,-0.188164710998535,-0.122617721557617,-0.210742950439453,-0.20191478729248,-0.184493064880371,-0.142695426940918,-0.1665239334106449,-0.188477516174316,-0.265118598937988
10990,-0.158008575439453,,,,-0.161914825439453,,-0.147695541381836,-0.159961700439453,-0.153008460998535,-0.080195426940918,-0.162774085998535,-0.188477516174316,-0.1880865097045899,-0.122617721557617,-0.210742950439453,-0.20191478729248,-0.184493064880371,-0.142695426940918,-0.1665239334106449,-0.188477516174316,-0.265118598937988
10995,-0.157930374145508,,,,-0.161914825439453,,-0.1476173400878909,-0.159883499145508,-0.15308666229248,-0.0802736282348633,-0.16285228729248,-0.188477516174316,-0.1880865097045899,-0.122695922851562,-0.210821151733398,-0.20191478729248,-0.184493064880371,-0.142695426940918,-0.1665239334106449,-0.188477516174316,-0.265040397644043
11000,-0.157852172851562,,,,-0.161914825439453,,-0.147539138793945,-0.159805297851562,-0.15308666229248,-0.0803518295288086,-0.162930488586426,-0.188399314880371,-0.1880083084106449,-0.122695922851562,-0.210821151733398,-0.20191478729248,-0.184493064880371,-0.142695426940918,-0.1665239334106449,-0.188477516174316,-0.264962196350098
11005,-0.157852172851562,,,,-0.161993026733398,,-0.147461891174316,-0.159727096557617,-0.153164863586426,-0.0804300308227539,-0.162930488586426,-0.188399314880371,-0.1880083084106449,-0.122695922851562,-0.210821151733398,-0.201836585998535,-0.184493064880371,-0.142695426940918,-0.1665239334106449,-0.188477516174316,-0.264883995056152
11010,-0.157773971557617,,,,-0.161993026733398,,-0.147383689880371,-0.159727096557617,-0.153164863586426,-0.0805082321166992,-0.163008689880371,-0.188321113586426,-0.187930107116699,-0.122695922851562,-0.210821151733398,-0.201836585998535,-0.184493064880371,-0.142695426940918,-0.1665239334106449,-0.188477516174316,-0.264883995056152
11015,-0.1576957702636719,,,,-0.162071228027344,,-0.147305488586426,-0.1596488952636719,-0.153243064880371,-0.0805082321166992,-0.163086891174316,-0.188321113586426,-0.187930107116699,-0.1227741241455079,-0.210821151733398,-0.201836585998535,-0.184493064880371,-0.142695426940918,-0.1665239334106449,-0.188477516174316,-0.264805793762207
11020,-0.1576175689697269,,,,-0.162149429321289,,-0.14722728729248,-0.1595706939697269,-0.153321266174316,-0.0805864334106445,-0.163086891174316,-0.18824291229248,-0.187851905822754,-0.1227741241455079,-0.210821151733398,-0.201836585998535,-0.184493064880371,-0.142695426940918,-0.1665239334106449,-0.188477516174316,-0.264727592468262
11025,-0.1576175689697269,,,,-0.162226676940918,,-0.147149085998535,-0.159492492675781,-0.153321266174316,-0.0806646347045898,-0.163165092468262,-0.18824291229248,-0.187851905822754,-0.1227741241455079,-0.210821151733398,-0.201836585998535,-0.184493064880371,-0.142695426940918,-0.1665239334106449,-0.188477516174316,-0.264649391174316
11030,-0.157539367675781,,,,-0.162226676940918,,-0.1470708847045899,-0.159492492675781,-0.153398513793945,-0.0807428359985352,-0.1632423400878909,-0.188164710998535,-0.1877737045288089,-0.1227741241455079,-0.210821151733398,-0.201836585998535,-0.184493064880371,-0.142695426940918,-0.1665239334106449,-0.188477516174316,-0.264649391174316
11035,-0.157461166381836,,,,-0.162304878234863,,-0.1469926834106449,-0.159414291381836,-0.153398513793945,-0.0807428359985352,-0.1632423400878909,-0.188164710998535,-0.1877737045288089,-0.122852325439453,-0.210899353027344,-0.2017583847045899,-0.184493064880371,-0.142695426940918,-0.1665239334106449,-0.188477516174316,-0.264571189880371
11040,-0.157461166381836,,,,-0.1623830795288089,,-0.146914482116699,-0.1593360900878909,-0.153398513793945,-0.0808210372924805,-0.163320541381836,-0.1880865097045899,-0.18769645690918,-0.122852325439453,-0.210899353027344,-0.2017583847045899,-0.184493064880371,-0.142695426940918,-0.1665239334106449,-0.188477516174316,-0.264492988586426
11045,-0.1573829650878909,,,,-0.162461280822754,,-0.146914482116699,-0.159258842468262,-0.1534767150878909,-0.0808982849121094,-0.163398742675781,-0.1880865097045899,-0.18769645690918,-0.122852325439453,-0.210899353027344,-0.2017583847045899,-0.184493064880371,-0.142695426940918,-0.1665239334106449,-0.188477516174316,-0.26441478729248
11050,-0.1573829650878909,,,,-0.162539482116699,,-0.146836280822754,-0.159258842468262,-0.1534767150878909,-0.0808982849121094,-0.163398742675781,-0.1880083084106449,-0.187618255615234,-0.122852325439453,-0.210899353027344,-0.2017583847045899,-0.184493064880371,-0.142695426940918,-0.1665239334106449,-0.188477516174316,-0.264336585998535
11055,-0.157305717468262,,,,-0.1626176834106449,,-0.1467580795288089,-0.159180641174316,-0.153554916381836,-0.0809764862060547,-0.1634769439697269,-0.1880083084106449,-0.187540054321289,-0.122852325439453,-0.210899353027344,-0.2016801834106449,-0.184493064880371,-0.142695426940918,-0.1665239334106449,-0.188555717468262,-0.264336585998535
11060,-0.157305717468262,,,,-0.1626958847045899,,-0.146679878234863,-0.159102439880371,-0.153554916381836,-0.0809764862060547,-0.1634769439697269,-0.1880083084106449,-0.187540054321289,-0.122852325439453,-0.210899353027344,-0.2016801834106449,-0.184493064880371,-0.142695426940918,-0.1666021347045899,-0.188555717468262,-0.26425838470459
11065,-0.157227516174316,,,,-0.16285228729248,,-0.146679878234863,-0.159102439880371,-0.153554916381836,-0.0810546875,-0.1635551452636719,-0.187930107116699,-0.187540054321289,-0.122930526733398,-0.210899353027344,-0.2016801834106449,-0.184493064880371,-0.142695426940918,-0.1666021347045899,-0.188555717468262,-0.264180183410645
11070,-0.157149314880371,,,,-0.162930488586426,,-0.146601676940918,-0.159024238586426,-0.153633117675781,-0.0811328887939453,-0.1635551452636719,-0.187930107116699,-0.187461853027344,-0.122930526733398,-0.210899353027344,-0.2016801834106449,-0.184493064880371,-0.142695426940918,-0.1666021347045899,-0.188555717468262,-0.264180183410645
11075,-0.157149314880371,,,,-0.163008689880371,,-0.146524429321289,-0.15894603729248,-0.153633117675781,-0.0811328887939453,-0.163633346557617,-0.187930107116699,-0.187461853027344,-0.122930526733398,-0.210899353027344,-0.2016801834106449,-0.184493064880371,-0.142695426940918,-0.1666021347045899,-0.188555717468262,-0.264102935791016
11080,-0.157071113586426,,,,-0.163165092468262,,-0.146524429321289,-0.15894603729248,-0.153633117675781,-0.0812110900878906,-0.163633346557617,-0.187851905822754,-0.187383651733398,-0.122930526733398,-0.210899353027344,-0.2016801834106449,-0.184493064880371,-0.142773628234863,-0.1666021347045899,-0.188555717468262,-0.26402473449707
11085,-0.157071113586426,,,,-0.1632423400878909,,-0.146446228027344,-0.158867835998535,-0.1537113189697269,-0.0812110900878906,-0.163711547851562,-0.187851905822754,-0.187383651733398,-0.122930526733398,-0.210977554321289,-0.2016801834106449,-0.184493064880371,-0.142773628234863,-0.1666021347045899,-0.188555717468262,-0.263946533203125
11090,-0.15699291229248,,,,-0.163320541381836,,-0.146446228027344,-0.1587896347045899,-0.1537113189697269,-0.0812892913818359,-0.163711547851562,-0.1877737045288089,-0.187305450439453,-0.122930526733398,-0.210977554321289,-0.201601982116699,-0.184493064880371,-0.142773628234863,-0.1666021347045899,-0.188555717468262,-0.263946533203125
11095,-0.15699291229248,,,,-0.163398742675781,,-0.146368026733398,-0.1587896347045899,-0.1537113189697269,-0.0812892913818359,-0.163711547851562,-0.1877737045288089,-0.187305450439453,-0.122930526733398,-0.210977554321289,-0.201601982116699,-0.184493064880371,-0.142773628234863,-0.1666021347045899,-0.188555717468262,-0.2638683319091799
11100,-0.15699291229248,,,,-0.1634769439697269,,-0.146368026733398,-0.1587114334106449,-0.1537895202636719,-0.0813674926757812,-0.163789749145508,-0.1877737045288089,-0.187227249145508,-0.123007774353027,-0.210977554321289,-0.201601982116699,-0.184493064880371,-0.142773628234863,-0.1666021347045899,-0.188633918762207,-0.263790130615234
11105,-0.156914710998535,,,,-0.1635551452636719,,-0.146289825439453,-0.158633232116699,-0.1537895202636719,-0.0813674926757812,-0.163789749145508,-0.18769645690918,-0.187227249145508,-0.123007774353027,-0.210977554321289,-0.201601982116699,-0.184493064880371,-0.142773628234863,-0.1666021347045899,-0.188633918762207,-0.263711929321289
11110,-0.156914710998535,,,,-0.163633346557617,,-0.146289825439453,-0.158633232116699,-0.1537895202636719,-0.0814456939697266,-0.163867950439453,-0.18769645690918,-0.187149047851562,-0.123007774353027,-0.210977554321289,-0.201601982116699,-0.184493064880371,-0.142773628234863,-0.1666021347045899,-0.188633918762207,-0.263711929321289
11115,-0.1568365097045899,,,,-0.163633346557617,,-0.146211624145508,-0.158555030822754,-0.1537895202636719,-0.0814456939697266,-0.163867950439453,-0.18769645690918,-0.187149047851562,-0.123007774353027,-0.210977554321289,-0.201601982116699,-0.184493064880371,-0.142773628234863,-0.1666021347045899,-0.188633918762207,-0.2636337280273439
11120,-0.1568365097045899,,,,-0.163711547851562,,-0.146211624145508,-0.1584768295288089,-0.1537895202636719,-0.0815238952636719,-0.163867950439453,-0.187618255615234,-0.187070846557617,-0.123007774353027,-0.210977554321289,-0.201601982116699,-0.184571266174316,-0.1428518295288089,-0.166680335998535,-0.188633918762207,-0.263555526733398
11125,-0.1568365097045899,,,,-0.163789749145508,,-0.146211624145508,-0.1584768295288089,-0.153867721557617,-0.0815238952636719,-0.163946151733398,-0.187618255615234,-0.187070846557617,-0.123007774353027,-0.210977554321289,-0.201523780822754,-0.184571266174316,-0.1428518295288089,-0.166680335998535,-0.188633918762207,-0.263555526733398
11130,-0.1567583084106449,,,,-0.163789749145508,,-0.146133422851562,-0.158398628234863,-0.153867721557617,-0.0816020965576172,-0.163946151733398,-0.187618255615234,-0.1869926452636719,-0.123007774353027,-0.210977554321289,-0.201523780822754,-0.184571266174316,-0.1428518295288089,-0.166680335998535,-0.188633918762207,-0.263477325439453
11135,-0.1567583084106449,,,,-0.163867950439453,,-0.146133422851562,-0.158398628234863,-0.153867721557617,-0.0816020965576172,-0.163946151733398,-0.187540054321289,-0.1869926452636719,-0.123007774353027,-0.210977554321289,-0.201523780822754,-0.184571266174316,-0.1428518295288089,-0.166680335998535,-0.188633918762207,-0.263399124145508
11140,-0.156680107116699,,,,-0.163867950439453,,-0.146133422851562,-0.158320426940918,-0.153867721557617,-0.0816802978515625,-0.164024353027344,-0.187540054321289,-0.1869926452636719,-0.123007774353027,-0.210977554321289,-0.201523780822754,-0.184571266174316,-0.1428518295288089,-0.166680335998535,-0.188633918762207,-0.263320922851562
11145,-0.156680107116699,,,,-0.163867950439453,,-0.146055221557617,-0.158243179321289,-0.153867721557617,-0.0816802978515625,-0.164024353027344,-0.187540054321289,-0.1869144439697269,-0.123007774353027,-0.210977554321289,-0.201523780822754,-0.184571266174316,-0.1428518295288089,-0.166680335998535,-0.188711166381836,-0.263320922851562
11150,-0.156680107116699,,,,-0.163946151733398,,-0.146055221557617,-0.158243179321289,-0.153945922851562,-0.0816802978515625,-0.164024353027344,-0.187540054321289,-0.1869144439697269,-0.123007774353027,-0.211055755615234,-0.201523780822754,-0.184571266174316,-0.142930030822754,-0.166680335998535,-0.188711166381836,-0.263242721557617
11155,-0.156601905822754,,,,-0.163946151733398,,-0.146055221557617,-0.158164978027344,-0.153945922851562,-0.0817584991455078,-0.164024353027344,-0.187461853027344,-0.186836242675781,-0.123007774353027,-0.211055755615234,-0.201523780822754,-0.184571266174316,-0.142930030822754,-0.166680335998535,-0.188711166381836,-0.263165473937988
11160,-0.156601905822754,,,,-0.163946151733398,,-0.146055221557617,-0.158086776733398,-0.153945922851562,-0.0817584991455078,-0.164102554321289,-0.187461853027344,-0.186836242675781,-0.123007774353027,-0.211055755615234,-0.2014455795288089,-0.184571266174316,-0.142930030822754,-0.166680335998535,-0.188711166381836,-0.263165473937988
11165,-0.1565237045288089,,,,-0.163946151733398,,-0.146055221557617,-0.158086776733398,-0.153945922851562,-0.0818357467651367,-0.164102554321289,-0.187461853027344,-0.186758041381836,-0.123007774353027,-0.211055755615234,-0.2014455795288089,-0.184571266174316,-0.142930030822754,-0.166680335998535,-0.188711166381836,-0.263087272644043
11170,-0.1565237045288089,,,,-0.164024353027344,,-0.146055221557617,-0.158008575439453,-0.153945922851562,-0.0818357467651367,-0.164102554321289,-0.187383651733398,-0.186758041381836,-0.123085975646973,-0.211055755615234,-0.2014455795288089,-0.184571266174316,-0.142930030822754,-0.166680335998535,-0.188711166381836,-0.263009071350098
11175,-0.1565237045288089,,,,-0.164024353027344,,-0.146055221557617,-0.157930374145508,-0.153945922851562,-0.081913948059082,-0.164102554321289,-0.187383651733398,-0.186758041381836,-0.123085975646973,-0.211055755615234,-0.2014455795288089,-0.184571266174316,-0.143008232116699,-0.166680335998535,-0.188711166381836,-0.263009071350098
11180,-0.156445503234863,,,,-0.164024353027344,,-0.146055221557617,-0.157930374145508,-0.153945922851562,-0.081913948059082,-0.164179801940918,-0.187383651733398,-0.186680793762207,-0.123085975646973,-0.211055755615234,-0.2014455795288089,-0.184571266174316,-0.143008232116699,-0.166680335998535,-0.188711166381836,-0.262930870056152
11185,-0.156445503234863,,,,-0.164024353027344,,-0.146055221557617,-0.157852172851562,-0.154024124145508,-0.081913948059082,-0.164179801940918,-0.187383651733398,-0.186680793762207,-0.123085975646973,-0.211055755615234,-0.2014455795288089,-0.184649467468262,-0.143008232116699,-0.16675853729248,-0.188789367675781,-0.262852668762207
11190,-0.156445503234863,,,,-0.164024353027344,,-0.146055221557617,-0.157773971557617,-0.154024124145508,-0.0819921493530273,-0.164179801940918,-0.187383651733398,-0.186602592468262,-0.123085975646973,-0.211055755615234,-0.2014455795288089,-0.184649467468262,-0.143008232116699,-0.16675853729248,-0.188789367675781,-0.262774467468262
11195,-0.156367301940918,,,,-0.163946151733398,,-0.146055221557617,-0.1576957702636719,-0.154024124145508,-0.0819921493530273,-0.164179801940918,-0.187305450439453,-0.186602592468262,-0.123085975646973,-0.211055755615234,-0.2014455795288089,-0.184649467468262,-0.143008232116699,-0.16675853729248,-0.188789367675781,-0.262774467468262
11200,-0.156367301940918,,,,-0.163946151733398,,-0.146055221557617,-0.1576957702636719,-0.154024124145508,-0.0820703506469727,-0.164179801940918,-0.187305450439453,-0.186602592468262,-0.123085975646973,-0.211055755615234,-0.2014455795288089,-0.184649467468262,-0.1430864334106449,-0.16675853729248,-0.188789367675781,-0.262696266174316
11205,-0.156367301940918,,,,-0.163946151733398,,-0.146055221557617,-0.1576175689697269,-0.154024124145508,-0.0820703506469727,-0.164258003234863,-0.187305450439453,-0.186524391174316,-0.123085975646973,-0.211055755615234,-0.2014455795288089,-0.184649467468262,-0.1430864334106449,-0.16675853729248,-0.188789367675781,-0.262618064880371
11210,-0.156290054321289,,,,-0.163946151733398,,-0.146055221557617,-0.157539367675781,-0.154024124145508,-0.0820703506469727,-0.164258003234863,-0.187305450439453,-0.186524391174316,-0.123085975646973,-0.21113395690918,-0.2014455795288089,-0.184649467468262,-0.1430864334106449,-0.16675853729248,-0.188789367675781,-0.262618064880371
11215,-0.156290054321289,,,,-0.163946151733398,,-0.146055221557617,-0.157539367675781,-0.154024124145508,-0.082148551940918,-0.164258003234863,-0.187305450439453,-0.186446189880371,-0.123085975646973,-0.21113395690918,-0.2014455795288089,-0.184649467468262,-0.1431646347045899,-0.16675853729248,-0.188789367675781,-0.262539863586426
11220,-0.156290054321289,,,,-0.163946151733398,,-0.146055221557617,-0.157461166381836,-0.154024124145508,-0.082148551940918,-0.164258003234863,-0.187227249145508,-0.186446189880371,-0.123085975646973,-0.21113395690918,-0.20136833190918,-0.184649467468262,-0.1431646347045899,-0.16675853729248,-0.188789367675781,-0.26246166229248
11225,-0.156211853027344,,,,-0.163946151733398,,-0.146133422851562,-0.1573829650878909,-0.154024124145508,-0.082148551940918,-0.164258003234863,-0.187227249145508,-0.186446189880371,-0.123085975646973,-0.21113395690918,-0.20136833190918,-0.184649467468262,-0.1431646347045899,-0.16675853729248,-0.1888675689697269,-0.262383460998535
11230,-0.156211853027344,,,,-0.163946151733398,,-0.146133422851562,-0.1573829650878909,-0.154024124145508,-0.0822267532348633,-0.164258003234863,-0.187227249145508,-0.186367988586426,-0.123085975646973,-0.21113395690918,-0.20136833190918,-0.184649467468262,-0.143242835998535,-0.16675853729248,-0.1888675689697269,-0.262383460998535
11235,-0.156211853027344,,,,-0.163946151733398,,-0.146133422851562,-0.157305717468262,-0.154024124145508,-0.0822267532348633,-0.164258003234863,-0.187227249145508,-0.186367988586426,-0.123085975646973,-0.21113395690918,-0.20136833190918,-0.184649467468262,-0.143242835998535,-0.166836738586426,-0.1888675689697269,-0.26230525970459
11240,-0.156211853027344,,,,-0.163867950439453,,-0.146133422851562,-0.157227516174316,-0.154024124145508,-0.0823049545288086,-0.1643362045288089,-0.187227249145508,-0.18628978729248,-0.123085975646973,-0.21113395690918,-0.20136833190918,-0.184727668762207,-0.143242835998535,-0.166836738586426,-0.1888675689697269,-0.262227058410645
11245,-0.156133651733398,,,,-0.163867950439453,,-0.146133422851562,-0.157149314880371,-0.154024124145508,-0.0823049545288086,-0.1643362045288089,-0.187227249145508,-0.18628978729248,-0.123085975646973,-0.21113395690918,-0.20136833190918,-0.184727668762207,-0.14332103729248,-0.166836738586426,-0.1888675689697269,-0.262227058410645
11250,-0.156133651733398,,,,-0.163867950439453,,-0.146211624145508,-0.157149314880371,-0.154024124145508,-0.0823049545288086,-0.1643362045288089,-0.187149047851562,-0.18628978729248,-0.123007774353027,-0.21113395690918,-0.20136833190918,-0.184727668762207,-0.14332103729248,-0.166836738586426,-0.1888675689697269,-0.262149810791016
11255,-0.156133651733398,,,,-0.163867950439453,,-0.146211624145508,-0.157071113586426,-0.154102325439453,-0.0823831558227539,-0.1643362045288089,-0.187149047851562,-0.186211585998535,-0.123007774353027,-0.21113395690918,-0.20136833190918,-0.184727668762207,-0.14332103729248,-0.166836738586426,-0.1888675689697269,-0.26207160949707
11260,-0.156055450439453,,,,-0.163867950439453,,-0.146211624145508,-0.15699291229248,-0.154102325439453,-0.0823831558227539,-0.1643362045288089,-0.187149047851562,-0.186211585998535,-0.123007774353027,-0.21113395690918,-0.20136833190918,-0.184727668762207,-0.143399238586426,-0.166836738586426,-0.1889457702636719,-0.261993408203125
11265,-0.156055450439453,,,,-0.163789749145508,,-0.146211624145508,-0.15699291229248,-0.154102325439453,-0.0823831558227539,-0.1643362045288089,-0.187149047851562,-0.186211585998535,-0.123007774353027,-0.21113395690918,-0.20136833190918,-0.184727668762207,-0.143399238586426,-0.166836738586426,-0.1889457702636719,-0.261993408203125
11270,-0.156055450439453,,,,-0.163789749145508,,-0.146289825439453,-0.156914710998535,-0.154102325439453,-0.0824613571166992,-0.1643362045288089,-0.187149047851562,-0.1861333847045899,-0.123007774353027,-0.21113395690918,-0.20136833190918,-0.184727668762207,-0.143399238586426,-0.166836738586426,-0.1889457702636719,-0.2619152069091799
11275,-0.156055450439453,,,,-0.163789749145508,,-0.146289825439453,-0.1568365097045899,-0.154102325439453,-0.0824613571166992,-0.1643362045288089,-0.187149047851562,-0.1861333847045899,-0.123007774353027,-0.21113395690918,-0.20136833190918,-0.184727668762207,-0.143477439880371,-0.166836738586426,-0.1889457702636719,-0.2619152069091799
11280,-0.155977249145508,,,,-0.163789749145508,,-0.146289825439453,-0.1568365097045899,-0.154102325439453,-0.0824613571166992,-0.1643362045288089,-0.187149047851562,-0.1860551834106449,-0.123007774353027,-0.211212158203125,-0.20136833190918,-0.184727668762207,-0.143477439880371,-0.166914939880371,-0.1889457702636719,-0.261837005615234
11285,-0.155977249145508,,,,-0.163711547851562,,-0.146289825439453,-0.1567583084106449,-0.154102325439453,-0.0825395584106445,-0.1643362045288089,-0.187149047851562,-0.1860551834106449,-0.123007774353027,-0.211212158203125,-0.20136833190918,-0.184727668762207,-0.143477439880371,-0.166836738586426,-0.1889457702636719,-0.261758804321289
11290,-0.155977249145508,,,,-0.163711547851562,,-0.146368026733398,-0.156680107116699,-0.154102325439453,-0.0825395584106445,-0.1643362045288089,-0.187070846557617,-0.1860551834106449,-0.123007774353027,-0.211212158203125,-0.20136833190918,-0.184804916381836,-0.143555641174316,-0.166914939880371,-0.1889457702636719,-0.2616806030273439
11295,-0.155899047851562,,,,-0.163711547851562,,-0.146368026733398,-0.156601905822754,-0.154102325439453,-0.0825395584106445,-0.164414405822754,-0.187070846557617,-0.185976982116699,-0.123007774353027,-0.211212158203125,-0.201290130615234,-0.184804916381836,-0.143555641174316,-0.166914939880371,-0.1889457702636719,-0.2616806030273439
11300,-0.155899047851562,,,,-0.163711547851562,,-0.146368026733398,-0.156601905822754,-0.154102325439453,-0.0826177597045898,-0.164414405822754,-0.187070846557617,-0.185976982116699,-0.123007774353027,-0.211212158203125,-0.201290130615234,-0.184804916381836,-0.143632888793945,-0.166914939880371,-0.1889457702636719,-0.261602401733398
11305,-0.155899047851562,,,,-0.163633346557617,,-0.146368026733398,-0.1565237045288089,-0.154102325439453,-0.0826177597045898,-0.164414405822754,-0.187070846557617,-0.185976982116699,-0.123007774353027,-0.211212158203125,-0.201290130615234,-0.184804916381836,-0.143632888793945,-0.166914939880371,-0.1889457702636719,-0.261524200439453
11310,-0.155899047851562,,,,-0.163633346557617,,-0.146446228027344,-0.156445503234863,-0.154102325439453,-0.0826177597045898,-0.164414405822754,-0.187070846557617,-0.185898780822754,-0.123007774353027,-0.211212158203125,-0.201290130615234,-0.184804916381836,-0.143632888793945,-0.166914939880371,-0.189023971557617,-0.261524200439453
11315,-0.155820846557617,,,,-0.163633346557617,,-0.146446228027344,-0.156445503234863,-0.154102325439453,-0.0826959609985352,-0.164414405822754,-0.187070846557617,-0.185898780822754,-0.123007774353027,-0.211212158203125,-0.201290130615234,-0.184804916381836,-0.1437110900878909,-0.166914939880371,-0.189023971557617,-0.261445999145508
11320,-0.155820846557617,,,,-0.1635551452636719,,-0.146446228027344,-0.156367301940918,-0.154102325439453,-0.0826959609985352,-0.164414405822754,-0.187070846557617,-0.185898780822754,-0.122930526733398,-0.211212158203125,-0.201290130615234,-0.184804916381836,-0.1437110900878909,-0.166914939880371,-0.189023971557617,-0.261367797851562
11325,-0.155820846557617,,,,-0.1635551452636719,,-0.146446228027344,-0.156290054321289,-0.154102325439453,-0.0826959609985352,-0.164414405822754,-0.187070846557617,-0.1858205795288089,-0.122930526733398,-0.211212158203125,-0.201290130615234,-0.184804916381836,-0.143789291381836,-0.166914939880371,-0.189023971557617,-0.261367797851562
11330,-0.155820846557617,,,,-0.1635551452636719,,-0.146524429321289,-0.156211853027344,-0.154102325439453,-0.0827741622924805,-0.164414405822754,-0.187070846557617,-0.1858205795288089,-0.122930526733398,-0.211212158203125,-0.201290130615234,-0.184804916381836,-0.143789291381836,-0.166914939880371,-0.189023971557617,-0.261289596557617
11335,-0.1557426452636719,,,,-0.1635551452636719,,-0.146524429321289,-0.156211853027344,-0.154102325439453,-0.0827741622924805,-0.164414405822754,-0.187070846557617,-0.1858205795288089,-0.122930526733398,-0.211212158203125,-0.201290130615234,-0.184804916381836,-0.143867492675781,-0.166993141174316,-0.189023971557617,-0.261212348937988
11340,-0.1557426452636719,,,,-0.1634769439697269,,-0.146524429321289,-0.156133651733398,-0.154102325439453,-0.0827741622924805,-0.164414405822754,-0.187070846557617,-0.185742378234863,-0.122930526733398,-0.211212158203125,-0.201290130615234,-0.184804916381836,-0.143867492675781,-0.166993141174316,-0.189023971557617,-0.261212348937988
11345,-0.1557426452636719,,,,-0.1634769439697269,,-0.146524429321289,-0.156055450439453,-0.154102325439453,-0.0827741622924805,-0.164414405822754,-0.187070846557617,-0.185742378234863,-0.122930526733398,-0.211212158203125,-0.201290130615234,-0.184883117675781,-0.143867492675781,-0.166993141174316,-0.189023971557617,-0.261134147644043
11350,-0.1557426452636719,,,,-0.1634769439697269,,-0.146601676940918,-0.156055450439453,-0.154102325439453,-0.0828514099121094,-0.164414405822754,-0.187070846557617,-0.185665130615234,-0.122930526733398,-0.211289405822754,-0.201290130615234,-0.184883117675781,-0.1439456939697269,-0.166993141174316,-0.189023971557617,-0.261055946350098
11355,-0.1556644439697269,,,,-0.163398742675781,,-0.146601676940918,-0.155977249145508,-0.154102325439453,-0.0828514099121094,-0.164414405822754,-0.187070846557617,-0.185665130615234,-0.122930526733398,-0.211289405822754,-0.201290130615234,-0.184883117675781,-0.1439456939697269,-0.166993141174316,-0.189023971557617,-0.261055946350098
11360,-0.1556644439697269,,,,-0.163398742675781,,-0.146601676940918,-0.155899047851562,-0.154102325439453,-0.0828514099121094,-0.164414405822754,-0.187070846557617,-0.185665130615234,-0.122852325439453,-0.211289405822754,-0.201290130615234,-0.184883117675781,-0.1440238952636719,-0.166993141174316,-0.189102172851562,-0.260977745056152
11365,-0.1556644439697269,,,,-0.163398742675781,,-0.146601676940918,-0.155899047851562,-0.154102325439453,-0.0829296112060547,-0.164414405822754,-0.187070846557617,-0.185665130615234,-0.122852325439453,-0.211289405822754,-0.201290130615234,-0.184883117675781,-0.1440238952636719,-0.166993141174316,-0.189102172851562,-0.260899543762207
11370,-0.1556644439697269,,,,-0.163320541381836,,-0.146679878234863,-0.155820846557617,-0.154102325439453,-0.0829296112060547,-0.164414405822754,-0.187070846557617,-0.185586929321289,-0.122852325439453,-0.211289405822754,-0.201290130615234,-0.184883117675781,-0.1440238952636719,-0.166993141174316,-0.189102172851562,-0.260899543762207
11375,-0.155586242675781,,,,-0.163320541381836,,-0.146679878234863,-0.1557426452636719,-0.154102325439453,-0.0829296112060547,-0.164414405822754,-0.187070846557617,-0.185586929321289,-0.122852325439453,-0.211289405822754,-0.201290130615234,-0.184883117675781,-0.144102096557617,-0.167071342468262,-0.189102172851562,-0.260821342468262
11380,-0.155586242675781,,,,-0.163320541381836,,-0.146679878234863,-0.1557426452636719,-0.154102325439453,-0.0830078125,-0.164414405822754,-0.187070846557617,-0.185586929321289,-0.122852325439453,-0.211289405822754,-0.201290130615234,-0.184883117675781,-0.144102096557617,-0.167071342468262,-0.189102172851562,-0.260743141174316
11385,-0.155586242675781,,,,-0.1632423400878909,,-0.146679878234863,-0.1556644439697269,-0.154102325439453,-0.0830078125,-0.164414405822754,-0.187070846557617,-0.185508728027344,-0.122852325439453,-0.211289405822754,-0.201290130615234,-0.184883117675781,-0.144180297851562,-0.167071342468262,-0.189102172851562,-0.260743141174316
11390,-0.155586242675781,,,,-0.1632423400878909,,-0.1467580795288089,-0.155586242675781,-0.154102325439453,-0.0830078125,-0.164414405822754,-0.187070846557617,-0.185508728027344,-0.122852325439453,-0.211289405822754,-0.201290130615234,-0.184883117675781,-0.144180297851562,-0.167071342468262,-0.189102172851562,-0.260664939880371
11395,-0.155508041381836,,,,-0.1632423400878909,,-0.1467580795288089,-0.155586242675781,-0.154102325439453,-0.0830078125,-0.164414405822754,-0.187070846557617,-0.185508728027344,-0.1227741241455079,-0.211289405822754,-0.201290130615234,-0.184883117675781,-0.144180297851562,-0.167071342468262,-0.189102172851562,-0.260586738586426
11400,-0.155508041381836,,,,-0.163165092468262,,-0.1467580795288089,-0.155508041381836,-0.154102325439453,-0.0830860137939453,-0.164414405822754,-0.187070846557617,-0.185430526733398,-0.1227741241455079,-0.211289405822754,-0.201211929321289,-0.184883117675781,-0.144258499145508,-0.167071342468262,-0.189102172851562,-0.260586738586426
11405,-0.155508041381836,,,,-0.163165092468262,,-0.1467580795288089,-0.1554298400878909,-0.154102325439453,-0.0830860137939453,-0.164414405822754,-0.187070846557617,-0.185430526733398,-0.1227741241455079,-0.211289405822754,-0.201211929321289,-0.1849613189697269,-0.144258499145508,-0.167071342468262,-0.189102172851562,-0.26050853729248
11410,-0.155508041381836,,,,-0.163165092468262,,-0.1467580795288089,-0.1554298400878909,-0.154024124145508,-0.0830860137939453,-0.164414405822754,-0.187070846557617,-0.185430526733398,-0.1227741241455079,-0.211289405822754,-0.201211929321289,-0.1849613189697269,-0.144336700439453,-0.167071342468262,-0.189102172851562,-0.260430335998535
11415,-0.1554298400878909,,,,-0.163165092468262,,-0.1467580795288089,-0.155351638793945,-0.154024124145508,-0.0830860137939453,-0.164414405822754,-0.187070846557617,-0.185352325439453,-0.1227741241455079,-0.211367607116699,-0.201211929321289,-0.1849613189697269,-0.144336700439453,-0.1671485900878909,-0.189102172851562,-0.260430335998535
11420,-0.1554298400878909,,,,-0.163086891174316,,-0.1467580795288089,-0.155274391174316,-0.154024124145508,-0.0831642150878906,-0.164492607116699,-0.187070846557617,-0.185352325439453,-0.1227741241455079,-0.211367607116699,-0.201211929321289,-0.1849613189697269,-0.144336700439453,-0.1671485900878909,-0.189180374145508,-0.26035213470459
11425,-0.1554298400878909,,,,-0.163086891174316,,-0.1467580795288089,-0.155274391174316,-0.154024124145508,-0.0831642150878906,-0.164492607116699,-0.187070846557617,-0.185352325439453,-0.1227741241455079,-0.211367607116699,-0.201211929321289,-0.1849613189697269,-0.144414901733398,-0.1671485900878909,-0.189180374145508,-0.26035213470459
11430,-0.1554298400878909,,,,-0.163008689880371,,-0.146836280822754,-0.155196189880371,-0.154024124145508,-0.0831642150878906,-0.164492607116699,-0.187070846557617,-0.185352325439453,-0.122695922851562,-0.211367607116699,-0.201211929321289,-0.1849613189697269,-0.144414901733398,-0.1671485900878909,-0.189180374145508,-0.260273933410645
11435,-0.1554298400878909,,,,-0.163008689880371,,-0.146836280822754,-0.155117988586426,-0.154024124145508,-0.0832424163818359,-0.164492607116699,-0.187070846557617,-0.185274124145508,-0.122695922851562,-0.211367607116699,-0.201211929321289,-0.1849613189697269,-0.144414901733398,-0.1671485900878909,-0.189180374145508,-0.260196685791016
11440,-0.155351638793945,,,,-0.163008689880371,,-0.146836280822754,-0.155117988586426,-0.154024124145508,-0.0832424163818359,-0.164492607116699,-0.187070846557617,-0.185274124145508,-0.122695922851562,-0.211367607116699,-0.201211929321289,-0.1849613189697269,-0.144493103027344,-0.167226791381836,-0.189180374145508,-0.260196685791016
11445,-0.155351638793945,,,,-0.163008689880371,,-0.146836280822754,-0.15503978729248,-0.154024124145508,-0.0832424163818359,-0.164492607116699,-0.187070846557617,-0.185274124145508,-0.122695922851562,-0.211367607116699,-0.201211929321289,-0.1849613189697269,-0.144493103027344,-0.167226791381836,-0.189180374145508,-0.26011848449707
11450,-0.155351638793945,,,,-0.162930488586426,,-0.146836280822754,-0.154961585998535,-0.154024124145508,-0.0832424163818359,-0.164492607116699,-0.187070846557617,-0.185195922851562,-0.122695922851562,-0.211367607116699,-0.201211929321289,-0.1849613189697269,-0.144493103027344,-0.167226791381836,-0.189180374145508,-0.260040283203125
11455,-0.155351638793945,,,,-0.162930488586426,,-0.146836280822754,-0.154961585998535,-0.154024124145508,-0.0833206176757812,-0.164492607116699,-0.187070846557617,-0.185195922851562,-0.122617721557617,-0.211367607116699,-0.201211929321289,-0.1849613189697269,-0.144570350646973,-0.167226791381836,-0.189180374145508,-0.260040283203125
11460,-0.155351638793945,,,,-0.16285228729248,,-0.146836280822754,-0.1548833847045899,-0.154024124145508,-0.0833206176757812,-0.164492607116699,-0.187149047851562,-0.185195922851562,-0.122617721557617,-0.211367607116699,-0.201211929321289,-0.1849613189697269,-0.144570350646973,-0.167226791381836,-0.189180374145508,-0.2599620819091799
11465,-0.155274391174316,,,,-0.16285228729248,,-0.146836280822754,-0.1548833847045899,-0.154024124145508,-0.0833206176757812,-0.164492607116699,-0.187149047851562,-0.185195922851562,-0.122617721557617,-0.211367607116699,-0.201211929321289,-0.1849613189697269,-0.144570350646973,-0.167226791381836,-0.189180374145508,-0.259883880615234
11470,-0.155274391174316,,,,-0.16285228729248,,-0.146836280822754,-0.1548051834106449,-0.154024124145508,-0.0833206176757812,-0.164492607116699,-0.187149047851562,-0.185117721557617,-0.122617721557617,-0.2114458084106449,-0.201211929321289,-0.1849613189697269,-0.144648551940918,-0.167304992675781,-0.189180374145508,-0.259883880615234
11475,-0.155274391174316,,,,-0.162774085998535,,-0.1467580795288089,-0.154726982116699,-0.154024124145508,-0.0833988189697266,-0.164492607116699,-0.187149047851562,-0.185117721557617,-0.122617721557617,-0.2114458084106449,-0.201211929321289,-0.1849613189697269,-0.144648551940918,-0.167226791381836,-0.189180374145508,-0.259805679321289
11480,-0.155274391174316,,,,-0.162774085998535,,-0.1467580795288089,-0.154726982116699,-0.154024124145508,-0.0833988189697266,-0.164492607116699,-0.187149047851562,-0.185117721557617,-0.122539520263672,-0.2114458084106449,-0.201211929321289,-0.1849613189697269,-0.144648551940918,-0.167304992675781,-0.189258575439453,-0.259805679321289
11485,-0.155274391174316,,,,-0.162774085998535,,-0.1467580795288089,-0.154648780822754,-0.154024124145508,-0.0833988189697266,-0.164414405822754,-0.187149047851562,-0.185117721557617,-0.122539520263672,-0.2114458084106449,-0.201211929321289,-0.1850395202636719,-0.144726753234863,-0.167304992675781,-0.189258575439453,-0.2597274780273439
11490,-0.155274391174316,,,,-0.162774085998535,,-0.1467580795288089,-0.154648780822754,-0.154024124145508,-0.0833988189697266,-0.164492607116699,-0.187149047851562,-0.1850395202636719,-0.122539520263672,-0.2114458084106449,-0.201211929321289,-0.1850395202636719,-0.144726753234863,-0.167304992675781,-0.189258575439453,-0.259649276733398
11495,-0.155196189880371,,,,-0.1626958847045899,,-0.1467580795288089,-0.1545705795288089,-0.154024124145508,-0.0834770202636719,-0.164414405822754,-0.187149047851562,-0.1850395202636719,-0.122539520263672,-0.2114458084106449,-0.201211929321289,-0.1850395202636719,-0.144726753234863,-0.167304992675781,-0.189258575439453,-0.259649276733398
11500,-0.155196189880371,,,,-0.1626958847045899,,-0.1467580795288089,-0.154492378234863,-0.154024124145508,-0.0834770202636719,-0.164492607116699,-0.187149047851562,-0.1850395202636719,-0.122539520263672,-0.2114458084106449,-0.201211929321289,-0.1850395202636719,-0.1448049545288089,-0.1673831939697269,-0.189258575439453,-0.259571075439453
11505,-0.155196189880371,,,,-0.1626176834106449,,-0.1467580795288089,-0.154492378234863,-0.154024124145508,-0.0834770202636719,-0.164492607116699,-0.187227249145508,-0.1850395202636719,-0.122461318969727,-0.2114458084106449,-0.201211929321289,-0.1850395202636719,-0.1448049545288089,-0.1673831939697269,-0.189258575439453,-0.259492874145508
11510,-0.155196189880371,,,,-0.1626176834106449,,-0.1467580795288089,-0.154414176940918,-0.153945922851562,-0.0834770202636719,-0.164414405822754,-0.187227249145508,-0.1849613189697269,-0.122461318969727,-0.2114458084106449,-0.201211929321289,-0.1850395202636719,-0.1448049545288089,-0.1673831939697269,-0.189258575439453,-0.259492874145508
11515,-0.155196189880371,,,,-0.1626176834106449,,-0.146679878234863,-0.154414176940918,-0.153945922851562,-0.0835552215576172,-0.164492607116699,-0.187227249145508,-0.1849613189697269,-0.122461318969727,-0.2114458084106449,-0.201211929321289,-0.1850395202636719,-0.144883155822754,-0.1673831939697269,-0.189258575439453,-0.259414672851562
11520,-0.155196189880371,,,,-0.162539482116699,,-0.146679878234863,-0.154336929321289,-0.153945922851562,-0.0835552215576172,-0.164414405822754,-0.187227249145508,-0.1849613189697269,-0.122461318969727,-0.2114458084106449,-0.201211929321289,-0.1850395202636719,-0.144883155822754,-0.1673831939697269,-0.189258575439453,-0.259336471557617
11525,-0.155117988586426,,,,-0.162539482116699,,-0.146679878234863,-0.154258728027344,-0.153945922851562,-0.0835552215576172,-0.164492607116699,-0.187227249145508,-0.1849613189697269,-0.122461318969727,-0.2114458084106449,-0.201211929321289,-0.1850395202636719,-0.144883155822754,-0.1674613952636719,-0.189258575439453,-0.259336471557617
11530,-0.155117988586426,,,,-0.162539482116699,,-0.146679878234863,-0.154258728027344,-0.153945922851562,-0.0836334228515625,-0.164492607116699,-0.187227249145508,-0.1849613189697269,-0.122383117675781,-0.2114458084106449,-0.201211929321289,-0.1850395202636719,-0.144883155822754,-0.1674613952636719,-0.189258575439453,-0.259259223937988
11535,-0.155117988586426,,,,-0.162461280822754,,-0.146679878234863,-0.154180526733398,-0.153945922851562,-0.0836334228515625,-0.164414405822754,-0.187227249145508,-0.184883117675781,-0.122383117675781,-0.2115240097045899,-0.201211929321289,-0.1850395202636719,-0.144961357116699,-0.1674613952636719,-0.189258575439453,-0.259181022644043
11540,-0.155117988586426,,,,-0.162461280822754,,-0.146601676940918,-0.154180526733398,-0.153945922851562,-0.0836334228515625,-0.164414405822754,-0.187227249145508,-0.184883117675781,-0.122383117675781,-0.2115240097045899,-0.201211929321289,-0.1850395202636719,-0.144961357116699,-0.1674613952636719,-0.189258575439453,-0.259181022644043
11545,-0.155117988586426,,,,-0.162461280822754,,-0.146601676940918,-0.154102325439453,-0.153945922851562,-0.0836334228515625,-0.164414405822754,-0.187305450439453,-0.184883117675781,-0.122383117675781,-0.2115240097045899,-0.201211929321289,-0.1850395202636719,-0.144961357116699,-0.1674613952636719,-0.189258575439453,-0.259102821350098
11550,-0.155117988586426,,,,-0.1623830795288089,,-0.146601676940918,-0.154102325439453,-0.153945922851562,-0.0837116241455078,-0.164414405822754,-0.187305450439453,-0.184883117675781,-0.1223049163818359,-0.2115240097045899,-0.201211929321289,-0.1850395202636719,-0.1450395584106449,-0.167539596557617,-0.189336776733398,-0.259024620056152
11555,-0.155117988586426,,,,-0.1623830795288089,,-0.146601676940918,-0.154024124145508,-0.153945922851562,-0.0837116241455078,-0.164414405822754,-0.187305450439453,-0.184804916381836,-0.1223049163818359,-0.2115240097045899,-0.201211929321289,-0.1850395202636719,-0.1450395584106449,-0.167539596557617,-0.189336776733398,-0.259024620056152
11560,-0.15503978729248,,,,-0.162304878234863,,-0.146601676940918,-0.154024124145508,-0.153945922851562,-0.0837116241455078,-0.164414405822754,-0.187305450439453,-0.184804916381836,-0.1223049163818359,-0.2115240097045899,-0.201211929321289,-0.1850395202636719,-0.1450395584106449,-0.167539596557617,-0.189336776733398,-0.258946418762207
11565,-0.15503978729248,,,,-0.162304878234863,,-0.146524429321289,-0.153945922851562,-0.153945922851562,-0.0837116241455078,-0.164414405822754,-0.187305450439453,-0.184804916381836,-0.1223049163818359,-0.2115240097045899,-0.201211929321289,-0.1850395202636719,-0.1450395584106449,-0.167539596557617,-0.189336776733398,-0.258868217468262
11570,-0.15503978729248,,,,-0.162304878234863,,-0.146524429321289,-0.153945922851562,-0.153945922851562,-0.0837888717651367,-0.164414405822754,-0.187305450439453,-0.184804916381836,-0.122226715087891,-0.2115240097045899,-0.201211929321289,-0.1850395202636719,-0.1450395584106449,-0.167695999145508,-0.189336776733398,-0.258868217468262
11575,-0.15503978729248,,,,-0.162226676940918,,-0.146524429321289,-0.153867721557617,-0.153867721557617,-0.0837888717651367,-0.164414405822754,-0.187305450439453,-0.184727668762207,-0.122226715087891,-0.2115240097045899,-0.201211929321289,-0.1850395202636719,-0.1451177597045899,-0.167695999145508,-0.189336776733398,-0.258790016174316
11580,-0.15503978729248,,,,-0.162226676940918,,-0.146524429321289,-0.153867721557617,-0.153867721557617,-0.0837888717651367,-0.164414405822754,-0.187383651733398,-0.184727668762207,-0.122226715087891,-0.2115240097045899,-0.201211929321289,-0.1850395202636719,-0.1451177597045899,-0.167695999145508,-0.189336776733398,-0.258711814880371
11585,-0.15503978729248,,,,-0.162226676940918,,-0.146524429321289,-0.1537895202636719,-0.153867721557617,-0.083867073059082,-0.164414405822754,-0.187383651733398,-0.184727668762207,-0.122226715087891,-0.2115240097045899,-0.201211929321289,-0.1850395202636719,-0.1451177597045899,-0.167695999145508,-0.189336776733398,-0.258711814880371
11590,-0.15503978729248,,,,-0.162149429321289,,-0.146446228027344,-0.1537895202636719,-0.153867721557617,-0.083867073059082,-0.164414405822754,-0.187383651733398,-0.184727668762207,-0.122148513793945,-0.2115240097045899,-0.201211929321289,-0.1850395202636719,-0.1451177597045899,-0.167774200439453,-0.189336776733398,-0.258633613586426
11595,-0.15503978729248,,,,-0.162149429321289,,-0.146446228027344,-0.1537113189697269,-0.153867721557617,-0.083867073059082,-0.164414405822754,-0.187383651733398,-0.184727668762207,-0.122148513793945,-0.2115240097045899,-0.201211929321289,-0.1850395202636719,-0.145195960998535,-0.167774200439453,-0.189336776733398,-0.25855541229248
11600,-0.154961585998535,,,,-0.162071228027344,,-0.146446228027344,-0.1537113189697269,-0.153867721557617,-0.083867073059082,-0.164414405822754,-0.187383651733398,-0.184649467468262,-0.122148513793945,-0.2115240097045899,-0.201211929321289,-0.1850395202636719,-0.145195960998535,-0.167774200439453,-0.189336776733398,-0.258477210998535
11605,-0.154961585998535,,,,-0.162071228027344,,-0.146446228027344,-0.153633117675781,-0.153867721557617,-0.083867073059082,-0.164414405822754,-0.187383651733398,-0.184649467468262,-0.122148513793945,-0.2115240097045899,-0.201211929321289,-0.1850395202636719,-0.145195960998535,-0.167774200439453,-0.189336776733398,-0.258477210998535
11610,-0.154961585998535,,,,-0.162071228027344,,-0.146446228027344,-0.153633117675781,-0.153867721557617,-0.0839452743530273,-0.164414405822754,-0.187383651733398,-0.184649467468262,-0.1220703125,-0.2115240097045899,-0.201211929321289,-0.1850395202636719,-0.145195960998535,-0.167774200439453,-0.189336776733398,-0.25839900970459
11615,-0.154961585998535,,,,-0.161993026733398,,-0.146368026733398,-0.153554916381836,-0.153867721557617,-0.0839452743530273,-0.164414405822754,-0.187461853027344,-0.184649467468262,-0.1220703125,-0.2115240097045899,-0.201211929321289,-0.1850395202636719,-0.14527416229248,-0.167852401733398,-0.189336776733398,-0.258320808410645
11620,-0.154961585998535,,,,-0.161993026733398,,-0.146368026733398,-0.153554916381836,-0.153867721557617,-0.0839452743530273,-0.164414405822754,-0.187461853027344,-0.184649467468262,-0.1220703125,-0.2115240097045899,-0.201211929321289,-0.1850395202636719,-0.14527416229248,-0.167852401733398,-0.189336776733398,-0.258320808410645
11625,-0.154961585998535,,,,-0.161993026733398,,-0.146368026733398,-0.1534767150878909,-0.1537895202636719,-0.0839452743530273,-0.164414405822754,-0.187461853027344,-0.184649467468262,-0.1220703125,-0.2115240097045899,-0.201211929321289,-0.1850395202636719,-0.14527416229248,-0.167852401733398,-0.189336776733398,-0.258243560791016
11630,-0.1548833847045899,,,,-0.161914825439453,,-0.146368026733398,-0.1534767150878909,-0.1537895202636719,-0.0840234756469727,-0.164414405822754,-0.187461853027344,-0.184571266174316,-0.121993064880371,-0.211602210998535,-0.201211929321289,-0.1850395202636719,-0.14527416229248,-0.167930603027344,-0.189414978027344,-0.25816535949707
11635,-0.1548833847045899,,,,-0.161914825439453,,-0.146368026733398,-0.153398513793945,-0.1537895202636719,-0.0840234756469727,-0.164414405822754,-0.187461853027344,-0.184571266174316,-0.121993064880371,-0.211602210998535,-0.201211929321289,-0.1850395202636719,-0.145352363586426,-0.167930603027344,-0.189414978027344,-0.258087158203125
11640,-0.1548833847045899,,,,-0.161914825439453,,-0.146368026733398,-0.153398513793945,-0.1537895202636719,-0.0840234756469727,-0.164414405822754,-0.187540054321289,-0.184571266174316,-0.121993064880371,-0.211602210998535,-0.201211929321289,-0.1850395202636719,-0.145352363586426,-0.167930603027344,-0.189414978027344,-0.258087158203125
11645,-0.1548833847045899,,,,-0.161836624145508,,-0.146289825439453,-0.153398513793945,-0.1537895202636719,-0.0840234756469727,-0.164414405822754,-0.187540054321289,-0.184571266174316,-0.121993064880371,-0.211602210998535,-0.201211929321289,-0.1850395202636719,-0.145352363586426,-0.167930603027344,-0.189414978027344,-0.2580089569091799
11650,-0.1548833847045899,,,,-0.161836624145508,,-0.146289825439453,-0.153321266174316,-0.1537895202636719,-0.084101676940918,-0.164414405822754,-0.187540054321289,-0.184571266174316,-0.1219148635864259,-0.211602210998535,-0.201211929321289,-0.1850395202636719,-0.145352363586426,-0.168008804321289,-0.189414978027344,-0.257930755615234
11655,-0.1548833847045899,,,,-0.161836624145508,,-0.146289825439453,-0.153321266174316,-0.1537895202636719,-0.084101676940918,-0.164414405822754,-0.187540054321289,-0.184493064880371,-0.1219148635864259,-0.211602210998535,-0.201211929321289,-0.1850395202636719,-0.145430564880371,-0.168008804321289,-0.189414978027344,-0.257930755615234
11660,-0.1548833847045899,,,,-0.161758422851562,,-0.146289825439453,-0.153243064880371,-0.1537895202636719,-0.084101676940918,-0.164414405822754,-0.187540054321289,-0.184493064880371,-0.1219148635864259,-0.211602210998535,-0.201211929321289,-0.1850395202636719,-0.145430564880371,-0.168008804321289,-0.189414978027344,-0.257852554321289
11665,-0.1548833847045899,,,,-0.161758422851562,,-0.146289825439453,-0.153243064880371,-0.1537895202636719,-0.084101676940918,-0.164414405822754,-0.187540054321289,-0.184493064880371,-0.1219148635864259,-0.211602210998535,-0.201211929321289,-0.1850395202636719,-0.145430564880371,-0.168008804321289,-0.189414978027344,-0.2577743530273439
11670,-0.1548833847045899,,,,-0.161758422851562,,-0.146289825439453,-0.153164863586426,-0.1537895202636719,-0.0841798782348633,-0.164414405822754,-0.187618255615234,-0.184493064880371,-0.12183666229248,-0.211602210998535,-0.201211929321289,-0.1850395202636719,-0.145430564880371,-0.168087005615234,-0.189414978027344,-0.257696151733398
11675,-0.1548833847045899,,,,-0.161680221557617,,-0.146289825439453,-0.153164863586426,-0.1537895202636719,-0.0841798782348633,-0.164414405822754,-0.187618255615234,-0.184493064880371,-0.12183666229248,-0.211602210998535,-0.201211929321289,-0.1850395202636719,-0.145508766174316,-0.168087005615234,-0.189414978027344,-0.257617950439453
11680,-0.1548833847045899,,,,-0.161680221557617,,-0.146289825439453,-0.153164863586426,-0.1537113189697269,-0.0841798782348633,-0.164414405822754,-0.187618255615234,-0.184493064880371,-0.12183666229248,-0.211602210998535,-0.201211929321289,-0.1850395202636719,-0.145508766174316,-0.168087005615234,-0.189414978027344,-0.257617950439453
11685,-0.1548051834106449,,,,-0.161680221557617,,-0.146211624145508,-0.15308666229248,-0.1537113189697269,-0.0841798782348633,-0.164414405822754,-0.187618255615234,-0.184493064880371,-0.12183666229248,-0.211602210998535,-0.201211929321289,-0.1850395202636719,-0.145508766174316,-0.168164253234863,-0.189414978027344,-0.257539749145508
11690,-0.1548051834106449,,,,-0.1616020202636719,,-0.146211624145508,-0.15308666229248,-0.1537113189697269,-0.0842580795288086,-0.164414405822754,-0.187618255615234,-0.184414863586426,-0.121758460998535,-0.211602210998535,-0.201211929321289,-0.1850395202636719,-0.145508766174316,-0.168164253234863,-0.189414978027344,-0.257461547851562
11695,-0.1548051834106449,,,,-0.1616020202636719,,-0.146211624145508,-0.153008460998535,-0.1537113189697269,-0.0842580795288086,-0.1643362045288089,-0.187618255615234,-0.184414863586426,-0.121758460998535,-0.211602210998535,-0.201211929321289,-0.1850395202636719,-0.145508766174316,-0.168164253234863,-0.189414978027344,-0.257383346557617
11700,-0.1548051834106449,,,,-0.1616020202636719,,-0.146211624145508,-0.153008460998535,-0.1537113189697269,-0.0842580795288086,-0.1643362045288089,-0.187618255615234,-0.184414863586426,-0.121758460998535,-0.211602210998535,-0.201211929321289,-0.1850395202636719,-0.145586013793945,-0.168164253234863,-0.189414978027344,-0.257383346557617
11705,-0.1548051834106449,,,,-0.1615238189697269,,-0.146211624145508,-0.153008460998535,-0.1537113189697269,-0.0842580795288086,-0.1643362045288089,-0.18769645690918,-0.184414863586426,-0.12168025970459,-0.211602210998535,-0.201211929321289,-0.1850395202636719,-0.145586013793945,-0.1682424545288089,-0.189493179321289,-0.257306098937988
11710,-0.1548051834106449,,,,-0.1615238189697269,,-0.146211624145508,-0.1529302597045899,-0.1537113189697269,-0.0843362808227539,-0.1643362045288089,-0.18769645690918,-0.184414863586426,-0.12168025970459,-0.211602210998535,-0.201211929321289,-0.1850395202636719,-0.145586013793945,-0.1682424545288089,-0.189493179321289,-0.257227897644043
11715,-0.1548051834106449,,,,-0.1615238189697269,,-0.146211624145508,-0.1529302597045899,-0.1537113189697269,-0.0843362808227539,-0.1643362045288089,-0.18769645690918,-0.18433666229248,-0.12168025970459,-0.211602210998535,-0.201211929321289,-0.1850395202636719,-0.145586013793945,-0.1682424545288089,-0.189493179321289,-0.257149696350098
11720,-0.1548051834106449,,,,-0.161445617675781,,-0.146211624145508,-0.1528520584106449,-0.1537113189697269,-0.0843362808227539,-0.1643362045288089,-0.18769645690918,-0.18433666229248,-0.12168025970459,-0.211602210998535,-0.201211929321289,-0.1850395202636719,-0.145586013793945,-0.168320655822754,-0.189493179321289,-0.257071495056152
11725,-0.1548051834106449,,,,-0.161445617675781,,-0.146211624145508,-0.1528520584106449,-0.1537113189697269,-0.0843362808227539,-0.1643362045288089,-0.18769645690918,-0.18433666229248,-0.121602058410645,-0.211602210998535,-0.201211929321289,-0.1850395202636719,-0.1456642150878909,-0.168320655822754,-0.189493179321289,-0.257071495056152
11730,-0.1548051834106449,,,,-0.161445617675781,,-0.146211624145508,-0.1528520584106449,-0.153633117675781,-0.0843362808227539,-0.1643362045288089,-0.18769645690918,-0.18433666229248,-0.121602058410645,-0.211602210998535,-0.201211929321289,-0.1850395202636719,-0.1456642150878909,-0.168320655822754,-0.189493179321289,-0.256993293762207
11735,-0.154726982116699,,,,-0.161445617675781,,-0.146133422851562,-0.152773857116699,-0.153633117675781,-0.0843362808227539,-0.1643362045288089,-0.18769645690918,-0.18433666229248,-0.121602058410645,-0.211602210998535,-0.201211929321289,-0.1850395202636719,-0.1456642150878909,-0.168320655822754,-0.189493179321289,-0.256915092468262
11740,-0.154726982116699,,,,-0.161367416381836,,-0.146133422851562,-0.152773857116699,-0.153633117675781,-0.0844144821166992,-0.1643362045288089,-0.1877737045288089,-0.18433666229248,-0.121523857116699,-0.211602210998535,-0.201211929321289,-0.1850395202636719,-0.1456642150878909,-0.168398857116699,-0.189493179321289,-0.256836891174316
11745,-0.154726982116699,,,,-0.161367416381836,,-0.146133422851562,-0.152695655822754,-0.153633117675781,-0.0844144821166992,-0.1643362045288089,-0.1877737045288089,-0.184258460998535,-0.121523857116699,-0.211602210998535,-0.201211929321289,-0.1850395202636719,-0.1456642150878909,-0.168398857116699,-0.189493179321289,-0.256758689880371
11750,-0.154726982116699,,,,-0.161367416381836,,-0.146133422851562,-0.152695655822754,-0.153633117675781,-0.0844144821166992,-0.1643362045288089,-0.1877737045288089,-0.184258460998535,-0.121523857116699,-0.211602210998535,-0.201211929321289,-0.1850395202636719,-0.145742416381836,-0.168398857116699,-0.189493179321289,-0.256758689880371
11755,-0.154726982116699,,,,-0.1612892150878909,,-0.146133422851562,-0.152695655822754,-0.153633117675781,-0.0844144821166992,-0.1643362045288089,-0.1877737045288089,-0.184258460998535,-0.121523857116699,-0.211602210998535,-0.201211929321289,-0.1850395202636719,-0.145742416381836,-0.1684770584106449,-0.189493179321289,-0.256680488586426
11760,-0.154726982116699,,,,-0.1612892150878909,,-0.146133422851562,-0.1526174545288089,-0.153633117675781,-0.0844926834106445,-0.1643362045288089,-0.1877737045288089,-0.184258460998535,-0.121445655822754,-0.211602210998535,-0.201211929321289,-0.1850395202636719,-0.145742416381836,-0.1684770584106449,-0.189493179321289,-0.25660228729248
11765,-0.154726982116699,,,,-0.1612892150878909,,-0.146133422851562,-0.1526174545288089,-0.153633117675781,-0.0844926834106445,-0.1643362045288089,-0.1877737045288089,-0.184258460998535,-0.121445655822754,-0.211602210998535,-0.201211929321289,-0.1850395202636719,-0.145742416381836,-0.1684770584106449,-0.189493179321289,-0.256524085998535
11770,-0.154726982116699,,,,-0.161211967468262,,-0.146133422851562,-0.1526174545288089,-0.153554916381836,-0.0844926834106445,-0.1643362045288089,-0.1877737045288089,-0.184258460998535,-0.121445655822754,-0.211602210998535,-0.201211929321289,-0.1850395202636719,-0.145742416381836,-0.1685552597045899,-0.189493179321289,-0.25644588470459
11775,-0.154726982116699,,,,-0.161211967468262,,-0.146133422851562,-0.152539253234863,-0.153554916381836,-0.0844926834106445,-0.1643362045288089,-0.1877737045288089,-0.184258460998535,-0.121445655822754,-0.211602210998535,-0.201211929321289,-0.1850395202636719,-0.145820617675781,-0.1685552597045899,-0.189493179321289,-0.256367683410645
11780,-0.154726982116699,,,,-0.161211967468262,,-0.146133422851562,-0.152539253234863,-0.153554916381836,-0.0845708847045898,-0.164258003234863,-0.187851905822754,-0.1841802597045899,-0.121367454528809,-0.211602210998535,-0.201211929321289,-0.1850395202636719,-0.145820617675781,-0.1685552597045899,-0.189493179321289,-0.256290435791016
11785,-0.154648780822754,,,,-0.161211967468262,,-0.146133422851562,-0.152539253234863,-0.153554916381836,-0.0845708847045898,-0.164258003234863,-0.187851905822754,-0.1841802597045899,-0.121367454528809,-0.211602210998535,-0.201211929321289,-0.1850395202636719,-0.145820617675781,-0.168633460998535,-0.189493179321289,-0.256290435791016
11790,-0.154648780822754,,,,-0.161133766174316,,-0.146133422851562,-0.152461051940918,-0.153554916381836,-0.0845708847045898,-0.164258003234863,-0.187851905822754,-0.1841802597045899,-0.121367454528809,-0.211602210998535,-0.201211929321289,-0.1850395202636719,-0.145820617675781,-0.168633460998535,-0.189571380615234,-0.25621223449707
11795,-0.154648780822754,,,,-0.161133766174316,,-0.146133422851562,-0.152461051940918,-0.153554916381836,-0.0845708847045898,-0.164258003234863,-0.187851905822754,-0.1841802597045899,-0.121289253234863,-0.211602210998535,-0.201211929321289,-0.1850395202636719,-0.145820617675781,-0.168633460998535,-0.189571380615234,-0.256134033203125
11800,-0.154648780822754,,,,-0.161133766174316,,-0.146133422851562,-0.152383804321289,-0.153554916381836,-0.0846490859985352,-0.164258003234863,-0.187851905822754,-0.1841802597045899,-0.121289253234863,-0.211602210998535,-0.201211929321289,-0.1850395202636719,-0.145820617675781,-0.16871166229248,-0.189571380615234,-0.2560558319091799
11805,-0.154648780822754,,,,-0.161133766174316,,-0.146133422851562,-0.152383804321289,-0.153554916381836,-0.0846490859985352,-0.164258003234863,-0.187851905822754,-0.1841802597045899,-0.121289253234863,-0.211602210998535,-0.201211929321289,-0.1850395202636719,-0.1458988189697269,-0.16871166229248,-0.189571380615234,-0.255977630615234
11810,-0.154648780822754,,,,-0.161055564880371,,-0.146133422851562,-0.152383804321289,-0.153554916381836,-0.0846490859985352,-0.164258003234863,-0.187851905822754,-0.1841802597045899,-0.121289253234863,-0.211602210998535,-0.201211929321289,-0.1850395202636719,-0.1458988189697269,-0.16871166229248,-0.189571380615234,-0.255899429321289
11815,-0.154648780822754,,,,-0.161055564880371,,-0.146133422851562,-0.152305603027344,-0.153554916381836,-0.0846490859985352,-0.164258003234863,-0.187930107116699,-0.1841802597045899,-0.121211051940918,-0.211602210998535,-0.201211929321289,-0.1850395202636719,-0.1458988189697269,-0.168789863586426,-0.189571380615234,-0.255899429321289
11820,-0.154648780822754,,,,-0.161055564880371,,-0.146133422851562,-0.152305603027344,-0.153554916381836,-0.0846490859985352,-0.164258003234863,-0.187930107116699,-0.1841020584106449,-0.121211051940918,-0.211602210998535,-0.201211929321289,-0.1850395202636719,-0.1458988189697269,-0.168789863586426,-0.189571380615234,-0.255821228027344
11825,-0.154648780822754,,,,-0.161055564880371,,-0.146133422851562,-0.152305603027344,-0.1534767150878909,-0.0847272872924805,-0.164258003234863,-0.187930107116699,-0.1841020584106449,-0.121211051940918,-0.211602210998535,-0.201211929321289,-0.1850395202636719,-0.1458988189697269,-0.168868064880371,-0.189571380615234,-0.255743026733398
11830,-0.154648780822754,,,,-0.161055564880371,,-0.146133422851562,-0.152305603027344,-0.1534767150878909,-0.0847272872924805,-0.164258003234863,-0.187930107116699,-0.1841020584106449,-0.121211051940918,-0.211602210998535,-0.201211929321289,-0.1850395202636719,-0.1458988189697269,-0.168868064880371,-0.189571380615234,-0.255664825439453
11835,-0.154648780822754,,,,-0.160977363586426,,-0.146133422851562,-0.152227401733398,-0.1534767150878909,-0.0847272872924805,-0.164258003234863,-0.187930107116699,-0.1841020584106449,-0.121132850646973,-0.211602210998535,-0.201211929321289,-0.1850395202636719,-0.1459770202636719,-0.168868064880371,-0.189571380615234,-0.255586624145508
11840,-0.154648780822754,,,,-0.160977363586426,,-0.146133422851562,-0.152227401733398,-0.1534767150878909,-0.0847272872924805,-0.164258003234863,-0.187930107116699,-0.1841020584106449,-0.121132850646973,-0.211602210998535,-0.201211929321289,-0.1850395202636719,-0.1459770202636719,-0.168946266174316,-0.18964958190918,-0.255586624145508
11845,-0.154648780822754,,,,-0.160977363586426,,-0.146133422851562,-0.152149200439453,-0.1534767150878909,-0.0848045349121094,-0.164258003234863,-0.187930107116699,-0.1841020584106449,-0.121132850646973,-0.211602210998535,-0.201211929321289,-0.1850395202636719,-0.1459770202636719,-0.168946266174316,-0.18964958190918,-0.255508422851562
11850,-0.154648780822754,,,,-0.160977363586426,,-0.146133422851562,-0.152149200439453,-0.1534767150878909,-0.0848045349121094,-0.164258003234863,-0.187930107116699,-0.1841020584106449,-0.121132850646973,-0.211602210998535,-0.201211929321289,-0.1850395202636719,-0.1459770202636719,-0.169024467468262,-0.18964958190918,-0.2554302215576169
11855,-0.154648780822754,,,,-0.160977363586426,,-0.146133422851562,-0.152149200439453,-0.1534767150878909,-0.0848045349121094,-0.164258003234863,-0.1880083084106449,-0.1841020584106449,-0.121054649353027,-0.211602210998535,-0.201211929321289,-0.1850395202636719,-0.1459770202636719,-0.169024467468262,-0.18964958190918,-0.255352020263672
11860,-0.154648780822754,,,,-0.160977363586426,,-0.146133422851562,-0.152149200439453,-0.1534767150878909,-0.0848045349121094,-0.164179801940918,-0.1880083084106449,-0.184023857116699,-0.121054649353027,-0.211602210998535,-0.201211929321289,-0.1850395202636719,-0.1459770202636719,-0.169024467468262,-0.18964958190918,-0.255274772644043
11865,-0.154648780822754,,,,-0.16089916229248,,-0.146055221557617,-0.152070999145508,-0.1534767150878909,-0.0848045349121094,-0.164179801940918,-0.1880083084106449,-0.184023857116699,-0.121054649353027,-0.211602210998535,-0.201211929321289,-0.1850395202636719,-0.1459770202636719,-0.1691017150878909,-0.18964958190918,-0.255196571350098
11870,-0.154648780822754,,,,-0.16089916229248,,-0.146133422851562,-0.152070999145508,-0.1534767150878909,-0.0848827362060547,-0.164179801940918,-0.1880083084106449,-0.184023857116699,-0.120977401733398,-0.211602210998535,-0.201211929321289,-0.1850395202636719,-0.1459770202636719,-0.1691017150878909,-0.18964958190918,-0.255118370056152
11875,-0.1545705795288089,,,,-0.16089916229248,,-0.146055221557617,-0.152070999145508,-0.153398513793945,-0.0848827362060547,-0.164179801940918,-0.1880083084106449,-0.184023857116699,-0.120977401733398,-0.211602210998535,-0.201211929321289,-0.1850395202636719,-0.146055221557617,-0.1691017150878909,-0.18964958190918,-0.255118370056152
11880,-0.1545705795288089,,,,-0.16089916229248,,-0.146055221557617,-0.151992797851562,-0.153398513793945,-0.0848827362060547,-0.164179801940918,-0.1880083084106449,-0.184023857116699,-0.120977401733398,-0.211602210998535,-0.201211929321289,-0.1850395202636719,-0.146055221557617,-0.169179916381836,-0.18964958190918,-0.255040168762207
11885,-0.1545705795288089,,,,-0.16089916229248,,-0.146055221557617,-0.151992797851562,-0.153398513793945,-0.0848827362060547,-0.164179801940918,-0.1880083084106449,-0.184023857116699,-0.120977401733398,-0.211602210998535,-0.201211929321289,-0.1850395202636719,-0.146055221557617,-0.169179916381836,-0.18964958190918,-0.254961967468262
11890,-0.1545705795288089,,,,-0.16089916229248,,-0.146133422851562,-0.151992797851562,-0.153398513793945,-0.0849609375,-0.164179801940918,-0.1880083084106449,-0.184023857116699,-0.120899200439453,-0.211602210998535,-0.201211929321289,-0.1850395202636719,-0.146055221557617,-0.169258117675781,-0.18964958190918,-0.254883766174316
11895,-0.1545705795288089,,,,-0.16089916229248,,-0.146133422851562,-0.151992797851562,-0.153398513793945,-0.0849609375,-0.164179801940918,-0.1880083084106449,-0.184023857116699,-0.120899200439453,-0.211602210998535,-0.201211929321289,-0.1850395202636719,-0.146055221557617,-0.169258117675781,-0.18964958190918,-0.254805564880371
11900,-0.1545705795288089,,,,-0.160820960998535,,-0.146055221557617,-0.151914596557617,-0.153398513793945,-0.0849609375,-0.164179801940918,-0.1880865097045899,-0.184023857116699,-0.120899200439453,-0.211602210998535,-0.201211929321289,-0.1850395202636719,-0.146055221557617,-0.169258117675781,-0.1897268295288089,-0.254727363586426
11905,-0.1545705795288089,,,,-0.160820960998535,,-0.146055221557617,-0.151914596557617,-0.153398513793945,-0.0849609375,-0.164179801940918,-0.1880865097045899,-0.183945655822754,-0.120899200439453,-0.211602210998535,-0.201211929321289,-0.1850395202636719,-0.146055221557617,-0.1693363189697269,-0.1897268295288089,-0.25464916229248
11910,-0.1545705795288089,,,,-0.160820960998535,,-0.146055221557617,-0.1518363952636719,-0.153321266174316,-0.0849609375,-0.164102554321289,-0.1880865097045899,-0.183945655822754,-0.1208209991455079,-0.211602210998535,-0.201211929321289,-0.1849613189697269,-0.146055221557617,-0.1693363189697269,-0.1897268295288089,-0.25464916229248
11915,-0.1545705795288089,,,,-0.160820960998535,,-0.146055221557617,-0.1518363952636719,-0.153398513793945,-0.0850391387939453,-0.164102554321289,-0.1880865097045899,-0.183945655822754,-0.1208209991455079,-0.211602210998535,-0.201211929321289,-0.1849613189697269,-0.146055221557617,-0.1694145202636719,-0.1897268295288089,-0.254570960998535
11920,-0.1545705795288089,,,,-0.160820960998535,,-0.146055221557617,-0.1518363952636719,-0.153321266174316,-0.0850391387939453,-0.164102554321289,-0.1880865097045899,-0.183945655822754,-0.1208209991455079,-0.211602210998535,-0.201211929321289,-0.1850395202636719,-0.146133422851562,-0.1694145202636719,-0.1897268295288089,-0.25449275970459
11925,-0.1545705795288089,,,,-0.160820960998535,,-0.146055221557617,-0.1518363952636719,-0.153321266174316,-0.0850391387939453,-0.164102554321289,-0.1880865097045899,-0.183945655822754,-0.1208209991455079,-0.211602210998535,-0.201211929321289,-0.1849613189697269,-0.146133422851562,-0.169492721557617,-0.1897268295288089,-0.254414558410645
11930,-0.1545705795288089,,,,-0.160820960998535,,-0.146055221557617,-0.1517581939697269,-0.153321266174316,-0.0850391387939453,-0.164102554321289,-0.1880865097045899,-0.183945655822754,-0.120742797851562,-0.211602210998535,-0.201211929321289,-0.1849613189697269,-0.146133422851562,-0.169492721557617,-0.1897268295288089,-0.254337310791016
11935,-0.1545705795288089,,,,-0.160820960998535,,-0.146055221557617,-0.1517581939697269,-0.153321266174316,-0.0850391387939453,-0.164102554321289,-0.1880865097045899,-0.183945655822754,-0.120742797851562,-0.211602210998535,-0.201211929321289,-0.1849613189697269,-0.146133422851562,-0.169492721557617,-0.1897268295288089,-0.25425910949707
11940,-0.1545705795288089,,,,-0.1607427597045899,,-0.146055221557617,-0.1517581939697269,-0.153321266174316,-0.0851173400878906,-0.164102554321289,-0.1880865097045899,-0.183945655822754,-0.120742797851562,-0.211602210998535,-0.201211929321289,-0.1849613189697269,-0.146133422851562,-0.169570922851562,-0.1897268295288089,-0.254180908203125
11945,-0.1545705795288089,,,,-0.1607427597045899,,-0.146055221557617,-0.1517581939697269,-0.153321266174316,-0.0851173400878906,-0.164102554321289,-0.1880865097045899,-0.183945655822754,-0.120742797851562,-0.211602210998535,-0.201211929321289,-0.1849613189697269,-0.146133422851562,-0.169570922851562,-0.1897268295288089,-0.25410270690918
11950,-0.1545705795288089,,,,-0.1607427597045899,,-0.146055221557617,-0.151679992675781,-0.153321266174316,-0.0851173400878906,-0.164102554321289,-0.1880865097045899,-0.1838674545288089,-0.120664596557617,-0.211602210998535,-0.201211929321289,-0.1849613189697269,-0.146133422851562,-0.169649124145508,-0.189805030822754,-0.25410270690918
11955,-0.1545705795288089,,,,-0.1607427597045899,,-0.146133422851562,-0.151679992675781,-0.153321266174316,-0.0851173400878906,-0.164102554321289,-0.1880865097045899,-0.1838674545288089,-0.120664596557617,-0.211602210998535,-0.201211929321289,-0.1849613189697269,-0.146133422851562,-0.169649124145508,-0.189805030822754,-0.254024505615234
11960,-0.1545705795288089,,,,-0.1607427597045899,,-0.146055221557617,-0.151679992675781,-0.153321266174316,-0.0851173400878906,-0.164024353027344,-0.1880865097045899,-0.1838674545288089,-0.120664596557617,-0.211602210998535,-0.201211929321289,-0.1849613189697269,-0.146133422851562,-0.169649124145508,-0.189805030822754,-0.253946304321289
11965,-0.1545705795288089,,,,-0.1607427597045899,,-0.146133422851562,-0.151601791381836,-0.153321266174316,-0.0851955413818359,-0.164024353027344,-0.188164710998535,-0.1838674545288089,-0.120664596557617,-0.211602210998535,-0.201211929321289,-0.1849613189697269,-0.146211624145508,-0.169727325439453,-0.189805030822754,-0.253868103027344
11970,-0.1545705795288089,,,,-0.1607427597045899,,-0.146133422851562,-0.151601791381836,-0.153243064880371,-0.0851955413818359,-0.164024353027344,-0.188164710998535,-0.1838674545288089,-0.120586395263672,-0.211602210998535,-0.201211929321289,-0.1849613189697269,-0.146211624145508,-0.169727325439453,-0.189805030822754,-0.253789901733398
11975,-0.1545705795288089,,,,-0.1607427597045899,,-0.146133422851562,-0.151601791381836,-0.153243064880371,-0.0851955413818359,-0.164024353027344,-0.188164710998535,-0.1838674545288089,-0.120586395263672,-0.211602210998535,-0.201211929321289,-0.1849613189697269,-0.146211624145508,-0.169805526733398,-0.189805030822754,-0.253711700439453
11980,-0.1545705795288089,,,,-0.1607427597045899,,-0.146133422851562,-0.151601791381836,-0.153243064880371,-0.0851955413818359,-0.164024353027344,-0.188164710998535,-0.1838674545288089,-0.120586395263672,-0.211602210998535,-0.201211929321289,-0.1849613189697269,-0.146211624145508,-0.169805526733398,-0.189805030822754,-0.253633499145508
11985,-0.1545705795288089,,,,-0.1607427597045899,,-0.146133422851562,-0.1515235900878909,-0.153243064880371,-0.0852737426757812,-0.164024353027344,-0.188164710998535,-0.1838674545288089,-0.120586395263672,-0.211602210998535,-0.201211929321289,-0.1849613189697269,-0.146211624145508,-0.169805526733398,-0.189805030822754,-0.253633499145508
11990,-0.1545705795288089,,,,-0.1607427597045899,,-0.146133422851562,-0.1515235900878909,-0.153243064880371,-0.0852737426757812,-0.164024353027344,-0.188164710998535,-0.1838674545288089,-0.120586395263672,-0.211602210998535,-0.201211929321289,-0.1849613189697269,-0.146211624145508,-0.169883728027344,-0.189805030822754,-0.253555297851562
11995,-0.1545705795288089,,,,-0.1607427597045899,,-0.146055221557617,-0.1515235900878909,-0.153243064880371,-0.0852737426757812,-0.164024353027344,-0.188164710998535,-0.1838674545288089,-0.120508193969727,-0.211602210998535,-0.201211929321289,-0.1849613189697269,-0.146211624145508,-0.169883728027344,-0.189883232116699,-0.2534770965576169
12000,-0.1545705795288089,,,,-0.1606645584106449,,-0.146055221557617,-0.151445388793945,-0.153243064880371,-0.0852737426757812,-0.164024353027344,-0.188164710998535,-0.1838674545288089,-0.120508193969727,-0.211602210998535,-0.201211929321289,-0.1849613189697269,-0.146211624145508,-0.169961929321289,-0.189883232116699,-0.253398895263672
12005,-0.1545705795288089,,,,-0.1606645584106449,,-0.146055221557617,-0.151445388793945,-0.153243064880371,-0.0852737426757812,-0.164024353027344,-0.188164710998535,-0.1838674545288089,-0.120508193969727,-0.211602210998535,-0.201211929321289,-0.1849613189697269,-0.146211624145508,-0.169961929321289,-0.189883232116699,-0.253321647644043
12010,-0.1545705795288089,,,,-0.1606645584106449,,-0.146055221557617,-0.151445388793945,-0.153243064880371,-0.0853519439697266,-0.164024353027344,-0.188164710998535,-0.1838674545288089,-0.120508193969727,-0.211602210998535,-0.201211929321289,-0.1849613189697269,-0.146211624145508,-0.169961929321289,-0.189883232116699,-0.253243446350098
12015,-0.1545705795288089,,,,-0.1606645584106449,,-0.146055221557617,-0.151445388793945,-0.153243064880371,-0.0853519439697266,-0.163946151733398,-0.188164710998535,-0.1838674545288089,-0.120429992675781,-0.211602210998535,-0.201211929321289,-0.1849613189697269,-0.146211624145508,-0.170040130615234,-0.189883232116699,-0.253243446350098
12020,-0.1545705795288089,,,,-0.1606645584106449,,-0.146055221557617,-0.151368141174316,-0.153164863586426,-0.0853519439697266,-0.163946151733398,-0.188164710998535,-0.183789253234863,-0.120429992675781,-0.211602210998535,-0.201211929321289,-0.1849613189697269,-0.146289825439453,-0.170040130615234,-0.189883232116699,-0.253165245056152
12025,-0.1545705795288089,,,,-0.1606645584106449,,-0.146055221557617,-0.151368141174316,-0.153164863586426,-0.0853519439697266,-0.163946151733398,-0.188164710998535,-0.183789253234863,-0.120429992675781,-0.211602210998535,-0.201211929321289,-0.1849613189697269,-0.146289825439453,-0.170117378234863,-0.189883232116699,-0.253087043762207
12030,-0.1545705795288089,,,,-0.1606645584106449,,-0.146055221557617,-0.151368141174316,-0.153164863586426,-0.0854301452636719,-0.163946151733398,-0.18824291229248,-0.183789253234863,-0.120429992675781,-0.211602210998535,-0.201211929321289,-0.1849613189697269,-0.146289825439453,-0.170117378234863,-0.189883232116699,-0.253008842468262
12035,-0.1545705795288089,,,,-0.1606645584106449,,-0.146055221557617,-0.151289939880371,-0.153164863586426,-0.0854301452636719,-0.163946151733398,-0.188164710998535,-0.183789253234863,-0.120429992675781,-0.211602210998535,-0.201211929321289,-0.1849613189697269,-0.146289825439453,-0.170117378234863,-0.1899614334106449,-0.252930641174316
12040,-0.1545705795288089,,,,-0.1606645584106449,,-0.146055221557617,-0.151289939880371,-0.153164863586426,-0.0854301452636719,-0.163946151733398,-0.188164710998535,-0.183789253234863,-0.1203517913818359,-0.211602210998535,-0.201133728027344,-0.1849613189697269,-0.146289825439453,-0.1701955795288089,-0.1899614334106449,-0.252852439880371
12045,-0.1545705795288089,,,,-0.1606645584106449,,-0.146055221557617,-0.151289939880371,-0.153164863586426,-0.0854301452636719,-0.163946151733398,-0.188164710998535,-0.183789253234863,-0.1203517913818359,-0.211602210998535,-0.201133728027344,-0.1849613189697269,-0.146289825439453,-0.1701955795288089,-0.1899614334106449,-0.252774238586426
12050,-0.1545705795288089,,,,-0.1606645584106449,,-0.146055221557617,-0.151211738586426,-0.153164863586426,-0.0854301452636719,-0.163946151733398,-0.18824291229248,-0.183789253234863,-0.1203517913818359,-0.211602210998535,-0.201133728027344,-0.1849613189697269,-0.146289825439453,-0.1701955795288089,-0.1899614334106449,-0.252774238586426
12055,-0.1545705795288089,,,,-0.160586357116699,,-0.146055221557617,-0.151211738586426,-0.153164863586426,-0.0855083465576172,-0.163946151733398,-0.18824291229248,-0.183789253234863,-0.1203517913818359,-0.2115240097045899,-0.201133728027344,-0.1849613189697269,-0.146289825439453,-0.170273780822754,-0.1899614334106449,-0.25269603729248
12060,-0.1545705795288089,,,,-0.160586357116699,,-0.146055221557617,-0.151211738586426,-0.15308666229248,-0.0855083465576172,-0.163867950439453,-0.18824291229248,-0.183789253234863,-0.120273590087891,-0.211602210998535,-0.201133728027344,-0.1849613189697269,-0.146289825439453,-0.170273780822754,-0.1899614334106449,-0.252617835998535
12065,-0.1545705795288089,,,,-0.160586357116699,,-0.146055221557617,-0.151211738586426,-0.15308666229248,-0.0855083465576172,-0.163867950439453,-0.18824291229248,-0.183789253234863,-0.120273590087891,-0.2115240097045899,-0.201133728027344,-0.1849613189697269,-0.146289825439453,-0.170351982116699,-0.1899614334106449,-0.25253963470459
12070,-0.1545705795288089,,,,-0.160586357116699,,-0.146055221557617,-0.15113353729248,-0.15308666229248,-0.0855083465576172,-0.163867950439453,-0.18824291229248,-0.183789253234863,-0.120273590087891,-0.2115240097045899,-0.201133728027344,-0.1849613189697269,-0.146289825439453,-0.170351982116699,-0.1899614334106449,-0.252461433410645
12075,-0.1545705795288089,,,,-0.160586357116699,,-0.146055221557617,-0.15113353729248,-0.15308666229248,-0.0855083465576172,-0.163867950439453,-0.18824291229248,-0.183789253234863,-0.120273590087891,-0.2115240097045899,-0.201133728027344,-0.1849613189697269,-0.146289825439453,-0.170351982116699,-0.1900396347045899,-0.252384185791016
12080,-0.1545705795288089,,,,-0.160586357116699,,-0.146055221557617,-0.15113353729248,-0.15308666229248,-0.0855865478515625,-0.163867950439453,-0.18824291229248,-0.183789253234863,-0.120273590087891,-0.2115240097045899,-0.201133728027344,-0.1849613189697269,-0.146289825439453,-0.1704301834106449,-0.1900396347045899,-0.252384185791016
12085,-0.1545705795288089,,,,-0.160586357116699,,-0.146055221557617,-0.151055335998535,-0.15308666229248,-0.0855865478515625,-0.163867950439453,-0.18824291229248,-0.183789253234863,-0.120195388793945,-0.2115240097045899,-0.201133728027344,-0.1849613189697269,-0.146289825439453,-0.1704301834106449,-0.1900396347045899,-0.25230598449707
12090,-0.1545705795288089,,,,-0.160586357116699,,-0.146055221557617,-0.151055335998535,-0.15308666229248,-0.0855865478515625,-0.163867950439453,-0.18824291229248,-0.183712005615234,-0.120195388793945,-0.2115240097045899,-0.201133728027344,-0.1849613189697269,-0.146289825439453,-0.1704301834106449,-0.1900396347045899,-0.252227783203125
12095,-0.1545705795288089,,,,-0.160586357116699,,-0.146055221557617,-0.151055335998535,-0.15308666229248,-0.0855865478515625,-0.163867950439453,-0.18824291229248,-0.183712005615234,-0.120195388793945,-0.2115240097045899,-0.201133728027344,-0.1849613189697269,-0.146289825439453,-0.1705083847045899,-0.1900396347045899,-0.25214958190918
12100,-0.1545705795288089,,,,-0.160586357116699,,-0.146055221557617,-0.151055335998535,-0.15308666229248,-0.0855865478515625,-0.163867950439453,-0.18824291229248,-0.183712005615234,-0.120195388793945,-0.2115240097045899,-0.201133728027344,-0.1849613189697269,-0.146368026733398,-0.1705083847045899,-0.1900396347045899,-0.252071380615234
12105,-0.1545705795288089,,,,-0.160586357116699,,-0.146055221557617,-0.151055335998535,-0.15308666229248,-0.0856647491455078,-0.163867950439453,-0.18824291229248,-0.183712005615234,-0.120195388793945,-0.2115240097045899,-0.201133728027344,-0.1849613189697269,-0.146368026733398,-0.1705083847045899,-0.1900396347045899,-0.251993179321289
12110,-0.1545705795288089,,,,-0.160586357116699,,-0.146055221557617,-0.1509771347045899,-0.15308666229248,-0.0856647491455078,-0.163789749145508,-0.18824291229248,-0.183712005615234,-0.1201171875,-0.2115240097045899,-0.201133728027344,-0.1849613189697269,-0.146368026733398,-0.170586585998535,-0.190117835998535,-0.251993179321289
12115,-0.1545705795288089,,,,-0.160586357116699,,-0.146055221557617,-0.1509771347045899,-0.153008460998535,-0.0856647491455078,-0.163789749145508,-0.18824291229248,-0.183712005615234,-0.1201171875,-0.2115240097045899,-0.201133728027344,-0.1849613189697269,-0.146368026733398,-0.170586585998535,-0.190117835998535,-0.251914978027344
12120,-0.1545705795288089,,,,-0.160586357116699,,-0.146055221557617,-0.1509771347045899,-0.153008460998535,-0.0856647491455078,-0.163789749145508,-0.18824291229248,-0.183712005615234,-0.1201171875,-0.2115240097045899,-0.201133728027344,-0.1849613189697269,-0.146368026733398,-0.170586585998535,-0.190117835998535,-0.251836776733398
12125,-0.1545705795288089,,,,-0.160586357116699,,-0.146055221557617,-0.1508989334106449,-0.153008460998535,-0.0856647491455078,-0.163789749145508,-0.18824291229248,-0.183712005615234,-0.1201171875,-0.2115240097045899,-0.201133728027344,-0.1849613189697269,-0.146368026733398,-0.17066478729248,-0.190117835998535,-0.251758575439453
12130,-0.1545705795288089,,,,-0.160586357116699,,-0.146055221557617,-0.1508989334106449,-0.153008460998535,-0.0857429504394531,-0.163789749145508,-0.18824291229248,-0.183712005615234,-0.1201171875,-0.2115240097045899,-0.201133728027344,-0.1849613189697269,-0.146368026733398,-0.17066478729248,-0.190117835998535,-0.251680374145508
12135,-0.1545705795288089,,,,-0.160586357116699,,-0.146055221557617,-0.1508989334106449,-0.153008460998535,-0.0857429504394531,-0.163789749145508,-0.18824291229248,-0.183712005615234,-0.120039939880371,-0.2115240097045899,-0.201133728027344,-0.1849613189697269,-0.146368026733398,-0.17066478729248,-0.190117835998535,-0.251680374145508
12140,-0.1545705795288089,,,,-0.160508155822754,,-0.146055221557617,-0.1508989334106449,-0.153008460998535,-0.0857429504394531,-0.163789749145508,-0.18824291229248,-0.183712005615234,-0.120039939880371,-0.2115240097045899,-0.201055526733398,-0.184883117675781,-0.146368026733398,-0.170742988586426,-0.190117835998535,-0.251602172851562
12145,-0.1545705795288089,,,,-0.160508155822754,,-0.146055221557617,-0.150820732116699,-0.153008460998535,-0.0857429504394531,-0.163789749145508,-0.18824291229248,-0.183712005615234,-0.120039939880371,-0.2115240097045899,-0.201055526733398,-0.184883117675781,-0.146368026733398,-0.170742988586426,-0.19019603729248,-0.2515239715576169
12150,-0.1545705795288089,,,,-0.160508155822754,,-0.146055221557617,-0.150820732116699,-0.153008460998535,-0.0857429504394531,-0.163789749145508,-0.18824291229248,-0.183712005615234,-0.120039939880371,-0.2115240097045899,-0.201055526733398,-0.184883117675781,-0.146368026733398,-0.170742988586426,-0.19019603729248,-0.251445770263672
12155,-0.1545705795288089,,,,-0.160508155822754,,-0.146055221557617,-0.150820732116699,-0.153008460998535,-0.085820198059082,-0.163711547851562,-0.18824291229248,-0.183712005615234,-0.120039939880371,-0.2115240097045899,-0.201055526733398,-0.184883117675781,-0.146368026733398,-0.170821189880371,-0.19019603729248,-0.251368522644043
12160,-0.1545705795288089,,,,-0.160508155822754,,-0.146055221557617,-0.150820732116699,-0.153008460998535,-0.085820198059082,-0.163711547851562,-0.18824291229248,-0.183712005615234,-0.1199617385864259,-0.2115240097045899,-0.201055526733398,-0.184883117675781,-0.146368026733398,-0.170821189880371,-0.19019603729248,-0.251368522644043
12165,-0.1545705795288089,,,,-0.160508155822754,,-0.146055221557617,-0.150742530822754,-0.1529302597045899,-0.085820198059082,-0.163711547851562,-0.18824291229248,-0.183712005615234,-0.1199617385864259,-0.2115240097045899,-0.201055526733398,-0.184883117675781,-0.146368026733398,-0.170821189880371,-0.19019603729248,-0.251290321350098
12170,-0.1545705795288089,,,,-0.160508155822754,,-0.146055221557617,-0.150742530822754,-0.1529302597045899,-0.085820198059082,-0.163711547851562,-0.18824291229248,-0.183712005615234,-0.1199617385864259,-0.2114458084106449,-0.201055526733398,-0.184883117675781,-0.146368026733398,-0.170899391174316,-0.19019603729248,-0.251212120056152
12175,-0.1545705795288089,,,,-0.160508155822754,,-0.146055221557617,-0.150742530822754,-0.1529302597045899,-0.085820198059082,-0.163711547851562,-0.18824291229248,-0.183712005615234,-0.1199617385864259,-0.2114458084106449,-0.201055526733398,-0.184883117675781,-0.146368026733398,-0.170899391174316,-0.19019603729248,-0.251133918762207
12180,-0.1545705795288089,,,,-0.160508155822754,,-0.146055221557617,-0.1506643295288089,-0.1529302597045899,-0.0858983993530273,-0.163711547851562,-0.18824291229248,-0.183712005615234,-0.1199617385864259,-0.2114458084106449,-0.201055526733398,-0.184883117675781,-0.146368026733398,-0.170899391174316,-0.19019603729248,-0.251055717468262
12185,-0.1545705795288089,,,,-0.160508155822754,,-0.146055221557617,-0.1506643295288089,-0.1529302597045899,-0.0858983993530273,-0.163711547851562,-0.18824291229248,-0.183712005615234,-0.11988353729248,-0.2114458084106449,-0.201055526733398,-0.184883117675781,-0.146368026733398,-0.170899391174316,-0.19019603729248,-0.251055717468262
12190,-0.1545705795288089,,,,-0.160508155822754,,-0.146133422851562,-0.1506643295288089,-0.1529302597045899,-0.0858983993530273,-0.163711547851562,-0.18824291229248,-0.183712005615234,-0.11988353729248,-0.2114458084106449,-0.201055526733398,-0.184883117675781,-0.146368026733398,-0.170977592468262,-0.190274238586426,-0.250977516174316
12195,-0.1545705795288089,,,,-0.160508155822754,,-0.146133422851562,-0.1506643295288089,-0.1529302597045899,-0.0858983993530273,-0.163633346557617,-0.18824291229248,-0.183712005615234,-0.11988353729248,-0.2114458084106449,-0.201055526733398,-0.184883117675781,-0.146368026733398,-0.170977592468262,-0.190274238586426,-0.250899314880371
12200,-0.1545705795288089,,,,-0.160508155822754,,-0.146133422851562,-0.150586128234863,-0.1529302597045899,-0.0858983993530273,-0.163633346557617,-0.18824291229248,-0.183633804321289,-0.11988353729248,-0.2114458084106449,-0.201055526733398,-0.184883117675781,-0.146368026733398,-0.170977592468262,-0.190274238586426,-0.250821113586426
12205,-0.1545705795288089,,,,-0.160508155822754,,-0.146133422851562,-0.150586128234863,-0.1529302597045899,-0.0859766006469727,-0.163633346557617,-0.18824291229248,-0.183633804321289,-0.11988353729248,-0.2114458084106449,-0.201055526733398,-0.184883117675781,-0.146368026733398,-0.170977592468262,-0.190274238586426,-0.25074291229248
12210,-0.1545705795288089,,,,-0.160508155822754,,-0.146133422851562,-0.150586128234863,-0.1529302597045899,-0.0859766006469727,-0.163633346557617,-0.18824291229248,-0.183633804321289,-0.119805335998535,-0.2114458084106449,-0.200977325439453,-0.184883117675781,-0.146368026733398,-0.1710548400878909,-0.190274238586426,-0.25074291229248
12215,-0.1545705795288089,,,,-0.160508155822754,,-0.146133422851562,-0.150507926940918,-0.1528520584106449,-0.0859766006469727,-0.163633346557617,-0.18824291229248,-0.183633804321289,-0.119805335998535,-0.2114458084106449,-0.200977325439453,-0.184883117675781,-0.146368026733398,-0.1710548400878909,-0.190274238586426,-0.250664710998535
12220,-0.1545705795288089,,,,-0.1604299545288089,,-0.146133422851562,-0.150507926940918,-0.1528520584106449,-0.0859766006469727,-0.163633346557617,-0.18824291229248,-0.183633804321289,-0.119805335998535,-0.2114458084106449,-0.200977325439453,-0.184883117675781,-0.146368026733398,-0.1710548400878909,-0.190274238586426,-0.25058650970459
12225,-0.1545705795288089,,,,-0.1604299545288089,,-0.146133422851562,-0.150507926940918,-0.1528520584106449,-0.0859766006469727,-0.163633346557617,-0.18824291229248,-0.183633804321289,-0.119805335998535,-0.2114458084106449,-0.200977325439453,-0.184883117675781,-0.146368026733398,-0.171133041381836,-0.190352439880371,-0.250508308410645
12230,-0.1545705795288089,,,,-0.1604299545288089,,-0.146133422851562,-0.150507926940918,-0.1528520584106449,-0.086054801940918,-0.163633346557617,-0.18824291229248,-0.183633804321289,-0.119805335998535,-0.2114458084106449,-0.200977325439453,-0.184883117675781,-0.146368026733398,-0.171133041381836,-0.190352439880371,-0.250508308410645
12235,-0.1545705795288089,,,,-0.1604299545288089,,-0.146133422851562,-0.150430679321289,-0.1528520584106449,-0.086054801940918,-0.163633346557617,-0.18824291229248,-0.183633804321289,-0.11972713470459,-0.2114458084106449,-0.200977325439453,-0.184883117675781,-0.146368026733398,-0.171133041381836,-0.190352439880371,-0.250431060791016
12240,-0.1545705795288089,,,,-0.1604299545288089,,-0.146133422851562,-0.150430679321289,-0.1528520584106449,-0.086054801940918,-0.1635551452636719,-0.18824291229248,-0.183633804321289,-0.11972713470459,-0.2114458084106449,-0.200977325439453,-0.184883117675781,-0.146368026733398,-0.171133041381836,-0.190352439880371,-0.25035285949707
12245,-0.1545705795288089,,,,-0.1604299545288089,,-0.146133422851562,-0.150430679321289,-0.1528520584106449,-0.086054801940918,-0.1635551452636719,-0.18824291229248,-0.183633804321289,-0.11972713470459,-0.2114458084106449,-0.200977325439453,-0.184883117675781,-0.146446228027344,-0.171211242675781,-0.190352439880371,-0.250274658203125
12250,-0.1545705795288089,,,,-0.1604299545288089,,-0.146133422851562,-0.150430679321289,-0.1528520584106449,-0.086054801940918,-0.1635551452636719,-0.18824291229248,-0.183633804321289,-0.11972713470459,-0.2114458084106449,-0.200977325439453,-0.184883117675781,-0.146446228027344,-0.171211242675781,-0.190352439880371,-0.250274658203125
12255,-0.1545705795288089,,,,-0.1604299545288089,,-0.146133422851562,-0.150352478027344,-0.1528520584106449,-0.086054801940918,-0.1635551452636719,-0.18824291229248,-0.183633804321289,-0.11972713470459,-0.2114458084106449,-0.200977325439453,-0.184883117675781,-0.146446228027344,-0.171211242675781,-0.190352439880371,-0.25019645690918
12260,-0.1545705795288089,,,,-0.1604299545288089,,-0.146133422851562,-0.150352478027344,-0.1528520584106449,-0.0861330032348633,-0.1635551452636719,-0.18824291229248,-0.183633804321289,-0.119648933410645,-0.2114458084106449,-0.200977325439453,-0.184883117675781,-0.146446228027344,-0.171211242675781,-0.190430641174316,-0.250118255615234
12265,-0.1545705795288089,,,,-0.1604299545288089,,-0.146133422851562,-0.150352478027344,-0.1528520584106449,-0.0861330032348633,-0.1635551452636719,-0.18824291229248,-0.183633804321289,-0.119648933410645,-0.2114458084106449,-0.200977325439453,-0.184883117675781,-0.146446228027344,-0.171211242675781,-0.190430641174316,-0.250040054321289
12270,-0.1545705795288089,,,,-0.1604299545288089,,-0.146133422851562,-0.150352478027344,-0.152773857116699,-0.0861330032348633,-0.1635551452636719,-0.18824291229248,-0.183633804321289,-0.119648933410645,-0.211367607116699,-0.200977325439453,-0.184883117675781,-0.146446228027344,-0.1712894439697269,-0.190430641174316,-0.250040054321289
12275,-0.1545705795288089,,,,-0.1604299545288089,,-0.146133422851562,-0.150274276733398,-0.152773857116699,-0.0861330032348633,-0.1635551452636719,-0.18824291229248,-0.183633804321289,-0.119648933410645,-0.211367607116699,-0.200977325439453,-0.184804916381836,-0.146446228027344,-0.1712894439697269,-0.190430641174316,-0.249961853027344
12280,-0.1545705795288089,,,,-0.1604299545288089,,-0.146133422851562,-0.150274276733398,-0.152773857116699,-0.0861330032348633,-0.1634769439697269,-0.18824291229248,-0.183633804321289,-0.119648933410645,-0.211367607116699,-0.200977325439453,-0.184804916381836,-0.146446228027344,-0.1712894439697269,-0.190430641174316,-0.249883651733398
12285,-0.1545705795288089,,,,-0.1604299545288089,,-0.146211624145508,-0.150274276733398,-0.152773857116699,-0.0862112045288086,-0.1634769439697269,-0.18824291229248,-0.183633804321289,-0.119648933410645,-0.211367607116699,-0.200977325439453,-0.184804916381836,-0.146446228027344,-0.1712894439697269,-0.190430641174316,-0.249805450439453
12290,-0.1545705795288089,,,,-0.1604299545288089,,-0.146211624145508,-0.150274276733398,-0.152773857116699,-0.0862112045288086,-0.1634769439697269,-0.18824291229248,-0.183633804321289,-0.119570732116699,-0.211367607116699,-0.200977325439453,-0.184804916381836,-0.146446228027344,-0.1713676452636719,-0.190430641174316,-0.249727249145508
12295,-0.1545705795288089,,,,-0.1604299545288089,,-0.146211624145508,-0.150196075439453,-0.152773857116699,-0.0862112045288086,-0.1634769439697269,-0.18824291229248,-0.183633804321289,-0.119570732116699,-0.211367607116699,-0.200899124145508,-0.184804916381836,-0.146446228027344,-0.1713676452636719,-0.190430641174316,-0.249727249145508
12300,-0.1545705795288089,,,,-0.1604299545288089,,-0.146211624145508,-0.150196075439453,-0.152773857116699,-0.0862112045288086,-0.1634769439697269,-0.18824291229248,-0.183633804321289,-0.119570732116699,-0.211367607116699,-0.200899124145508,-0.184804916381836,-0.146446228027344,-0.1713676452636719,-0.190430641174316,-0.249649047851562
12305,-0.1545705795288089,,,,-0.1604299545288089,,-0.146211624145508,-0.150196075439453,-0.152773857116699,-0.0862112045288086,-0.1634769439697269,-0.18824291229248,-0.183633804321289,-0.119570732116699,-0.211367607116699,-0.200899124145508,-0.184804916381836,-0.146446228027344,-0.1713676452636719,-0.190508842468262,-0.249570846557617
12310,-0.1545705795288089,,,,-0.1604299545288089,,-0.146211624145508,-0.150196075439453,-0.152773857116699,-0.0862112045288086,-0.1634769439697269,-0.18824291229248,-0.183633804321289,-0.119570732116699,-0.211367607116699,-0.200899124145508,-0.184804916381836,-0.146446228027344,-0.171445846557617,-0.190508842468262,-0.249570846557617
12315,-0.1545705795288089,,,,-0.1604299545288089,,-0.146211624145508,-0.150196075439453,-0.152773857116699,-0.0862894058227539,-0.1634769439697269,-0.18824291229248,-0.183633804321289,-0.119492530822754,-0.211367607116699,-0.200899124145508,-0.184804916381836,-0.146446228027344,-0.171445846557617,-0.190508842468262,-0.2494926452636719
12320,-0.1545705795288089,,,,-0.1604299545288089,,-0.146211624145508,-0.150117874145508,-0.152695655822754,-0.0862894058227539,-0.1634769439697269,-0.18824291229248,-0.183633804321289,-0.119492530822754,-0.211367607116699,-0.200899124145508,-0.184804916381836,-0.146446228027344,-0.171445846557617,-0.190508842468262,-0.249415397644043
12325,-0.1545705795288089,,,,-0.1604299545288089,,-0.146211624145508,-0.150117874145508,-0.152695655822754,-0.0862894058227539,-0.1634769439697269,-0.18824291229248,-0.183633804321289,-0.119492530822754,-0.211367607116699,-0.200899124145508,-0.184804916381836,-0.146446228027344,-0.171445846557617,-0.190508842468262,-0.249337196350098
12330,-0.1545705795288089,,,,-0.1604299545288089,,-0.146211624145508,-0.150117874145508,-0.152695655822754,-0.0862894058227539,-0.163398742675781,-0.18824291229248,-0.183633804321289,-0.119492530822754,-0.211367607116699,-0.200899124145508,-0.184804916381836,-0.146446228027344,-0.171445846557617,-0.190508842468262,-0.249337196350098
12335,-0.1545705795288089,,,,-0.1604299545288089,,-0.146211624145508,-0.150117874145508,-0.152695655822754,-0.0862894058227539,-0.163398742675781,-0.18824291229248,-0.183633804321289,-0.119492530822754,-0.211367607116699,-0.200899124145508,-0.184804916381836,-0.146446228027344,-0.171524047851562,-0.190508842468262,-0.249258995056152
12340,-0.1545705795288089,,,,-0.1604299545288089,,-0.146211624145508,-0.150039672851562,-0.152695655822754,-0.0862894058227539,-0.163398742675781,-0.18824291229248,-0.183633804321289,-0.119492530822754,-0.211367607116699,-0.200899124145508,-0.184804916381836,-0.146446228027344,-0.171524047851562,-0.190508842468262,-0.249180793762207
12345,-0.1545705795288089,,,,-0.1604299545288089,,-0.146289825439453,-0.150039672851562,-0.152695655822754,-0.0863676071166992,-0.163398742675781,-0.18824291229248,-0.183633804321289,-0.119414329528809,-0.211367607116699,-0.200899124145508,-0.184804916381836,-0.146446228027344,-0.171524047851562,-0.190587043762207,-0.249102592468262
12350,-0.1545705795288089,,,,-0.1604299545288089,,-0.146289825439453,-0.150039672851562,-0.152695655822754,-0.0863676071166992,-0.163398742675781,-0.18824291229248,-0.183633804321289,-0.119414329528809,-0.211367607116699,-0.200899124145508,-0.184804916381836,-0.146446228027344,-0.171524047851562,-0.190587043762207,-0.249102592468262
12355,-0.1545705795288089,,,,-0.1604299545288089,,-0.146289825439453,-0.150039672851562,-0.152695655822754,-0.0863676071166992,-0.163398742675781,-0.18824291229248,-0.183633804321289,-0.119414329528809,-0.211289405822754,-0.200899124145508,-0.184804916381836,-0.146446228027344,-0.171524047851562,-0.190587043762207,-0.249024391174316
12360,-0.1545705795288089,,,,-0.160351753234863,,-0.146289825439453,-0.150039672851562,-0.152695655822754,-0.0863676071166992,-0.163398742675781,-0.188164710998535,-0.183633804321289,-0.119414329528809,-0.211289405822754,-0.200899124145508,-0.184804916381836,-0.146446228027344,-0.171602249145508,-0.190587043762207,-0.248946189880371
12365,-0.1545705795288089,,,,-0.160351753234863,,-0.146289825439453,-0.149961471557617,-0.152695655822754,-0.0863676071166992,-0.163398742675781,-0.18824291229248,-0.183633804321289,-0.119414329528809,-0.211289405822754,-0.200899124145508,-0.184804916381836,-0.146446228027344,-0.171602249145508,-0.190587043762207,-0.248946189880371
12370,-0.1545705795288089,,,,-0.160351753234863,,-0.146289825439453,-0.149961471557617,-0.152695655822754,-0.0864458084106445,-0.163398742675781,-0.18824291229248,-0.183633804321289,-0.119336128234863,-0.211289405822754,-0.200899124145508,-0.184804916381836,-0.146446228027344,-0.171602249145508,-0.190587043762207,-0.248867988586426
12375,-0.1545705795288089,,,,-0.1604299545288089,,-0.146289825439453,-0.149961471557617,-0.1526174545288089,-0.0864458084106445,-0.163320541381836,-0.188164710998535,-0.183633804321289,-0.119336128234863,-0.211289405822754,-0.200899124145508,-0.184804916381836,-0.146446228027344,-0.171602249145508,-0.190587043762207,-0.24878978729248
12380,-0.1545705795288089,,,,-0.1604299545288089,,-0.146289825439453,-0.149961471557617,-0.1526174545288089,-0.0864458084106445,-0.163320541381836,-0.188164710998535,-0.183633804321289,-0.119336128234863,-0.211289405822754,-0.200899124145508,-0.184804916381836,-0.146446228027344,-0.171680450439453,-0.190587043762207,-0.248711585998535
12385,-0.1545705795288089,,,,-0.160351753234863,,-0.146289825439453,-0.149961471557617,-0.1526174545288089,-0.0864458084106445,-0.163320541381836,-0.188164710998535,-0.183712005615234,-0.119336128234863,-0.211289405822754,-0.200820922851562,-0.184804916381836,-0.146446228027344,-0.171680450439453,-0.190587043762207,-0.248711585998535
12390,-0.1545705795288089,,,,-0.160351753234863,,-0.146289825439453,-0.1498832702636719,-0.1526174545288089,-0.0864458084106445,-0.163320541381836,-0.188164710998535,-0.183633804321289,-0.119336128234863,-0.211289405822754,-0.200820922851562,-0.184804916381836,-0.146446228027344,-0.171680450439453,-0.190587043762207,-0.2486333847045899
12395,-0.1545705795288089,,,,-0.160351753234863,,-0.146289825439453,-0.1498832702636719,-0.1526174545288089,-0.0864458084106445,-0.163320541381836,-0.188164710998535,-0.183633804321289,-0.119336128234863,-0.211289405822754,-0.200820922851562,-0.184804916381836,-0.146446228027344,-0.171680450439453,-0.190587043762207,-0.2485551834106449
12400,-0.1545705795288089,,,,-0.160351753234863,,-0.146368026733398,-0.1498832702636719,-0.1526174545288089,-0.0864458084106445,-0.163320541381836,-0.188164710998535,-0.183633804321289,-0.119257926940918,-0.211289405822754,-0.200820922851562,-0.184804916381836,-0.146446228027344,-0.171680450439453,-0.190587043762207,-0.2484779357910159
12405,-0.1545705795288089,,,,-0.160351753234863,,-0.146368026733398,-0.1498832702636719,-0.1526174545288089,-0.0865240097045898,-0.163320541381836,-0.188164710998535,-0.183633804321289,-0.119257926940918,-0.211289405822754,-0.200820922851562,-0.184804916381836,-0.146446228027344,-0.171680450439453,-0.190664291381836,-0.2484779357910159
12410,-0.1545705795288089,,,,-0.160351753234863,,-0.146368026733398,-0.1498832702636719,-0.1526174545288089,-0.0865240097045898,-0.163320541381836,-0.188164710998535,-0.183712005615234,-0.119257926940918,-0.211289405822754,-0.200820922851562,-0.184727668762207,-0.146446228027344,-0.171758651733398,-0.190664291381836,-0.24839973449707
12415,-0.1545705795288089,,,,-0.160351753234863,,-0.146368026733398,-0.1498050689697269,-0.1526174545288089,-0.0865240097045898,-0.1632423400878909,-0.188164710998535,-0.183633804321289,-0.119257926940918,-0.211289405822754,-0.200820922851562,-0.184727668762207,-0.146446228027344,-0.171758651733398,-0.190664291381836,-0.248321533203125
12420,-0.1545705795288089,,,,-0.160351753234863,,-0.146368026733398,-0.1498050689697269,-0.1526174545288089,-0.0865240097045898,-0.1632423400878909,-0.188164710998535,-0.183712005615234,-0.119257926940918,-0.211289405822754,-0.200820922851562,-0.184727668762207,-0.146446228027344,-0.171758651733398,-0.190664291381836,-0.248321533203125
12425,-0.1545705795288089,,,,-0.160351753234863,,-0.146368026733398,-0.1498050689697269,-0.1526174545288089,-0.0865240097045898,-0.1632423400878909,-0.188164710998535,-0.183712005615234,-0.119179725646973,-0.211289405822754,-0.200820922851562,-0.184727668762207,-0.146446228027344,-0.171758651733398,-0.190664291381836,-0.24824333190918
12430,-0.1545705795288089,,,,-0.160351753234863,,-0.146368026733398,-0.1498050689697269,-0.152539253234863,-0.0865240097045898,-0.1632423400878909,-0.188164710998535,-0.183712005615234,-0.119179725646973,-0.211289405822754,-0.200820922851562,-0.184727668762207,-0.146446228027344,-0.171758651733398,-0.190664291381836,-0.248165130615234
12435,-0.1545705795288089,,,,-0.160351753234863,,-0.146368026733398,-0.149726867675781,-0.152539253234863,-0.0866022109985352,-0.1632423400878909,-0.188164710998535,-0.183712005615234,-0.119179725646973,-0.211212158203125,-0.200820922851562,-0.184727668762207,-0.146446228027344,-0.171836853027344,-0.190664291381836,-0.248165130615234
12440,-0.1545705795288089,,,,-0.160351753234863,,-0.146368026733398,-0.149726867675781,-0.152539253234863,-0.0866022109985352,-0.1632423400878909,-0.188164710998535,-0.183712005615234,-0.119179725646973,-0.211212158203125,-0.200820922851562,-0.184727668762207,-0.146446228027344,-0.171836853027344,-0.190664291381836,-0.248086929321289
12445,-0.1545705795288089,,,,-0.160351753234863,,-0.146368026733398,-0.149726867675781,-0.152539253234863,-0.0866022109985352,-0.1632423400878909,-0.1880865097045899,-0.183712005615234,-0.119179725646973,-0.211212158203125,-0.200820922851562,-0.184727668762207,-0.146446228027344,-0.171836853027344,-0.190664291381836,-0.248008728027344
12450,-0.1545705795288089,,,,-0.160351753234863,,-0.146368026733398,-0.149726867675781,-0.152539253234863,-0.0866022109985352,-0.1632423400878909,-0.1880865097045899,-0.183712005615234,-0.119101524353027,-0.211212158203125,-0.200742721557617,-0.184727668762207,-0.146446228027344,-0.171836853027344,-0.190664291381836,-0.247930526733398
12455,-0.1545705795288089,,,,-0.160351753234863,,-0.146446228027344,-0.149726867675781,-0.152539253234863,-0.0866022109985352,-0.163165092468262,-0.1880865097045899,-0.183712005615234,-0.119101524353027,-0.211212158203125,-0.200742721557617,-0.184727668762207,-0.146446228027344,-0.171836853027344,-0.190664291381836,-0.247930526733398
12460,-0.1545705795288089,,,,-0.160351753234863,,-0.146446228027344,-0.149648666381836,-0.152539253234863,-0.0866022109985352,-0.163165092468262,-0.1880865097045899,-0.183712005615234,-0.119101524353027,-0.211212158203125,-0.200742721557617,-0.184727668762207,-0.146446228027344,-0.171836853027344,-0.190664291381836,-0.247852325439453
12465,-0.1545705795288089,,,,-0.160351753234863,,-0.146446228027344,-0.149648666381836,-0.152539253234863,-0.0866804122924805,-0.163165092468262,-0.1880865097045899,-0.183712005615234,-0.119101524353027,-0.211212158203125,-0.200742721557617,-0.184727668762207,-0.146446228027344,-0.171915054321289,-0.190742492675781,-0.247774124145508
12470,-0.1545705795288089,,,,-0.160351753234863,,-0.146446228027344,-0.149648666381836,-0.152539253234863,-0.0866804122924805,-0.163165092468262,-0.1880865097045899,-0.183712005615234,-0.119101524353027,-0.211212158203125,-0.200742721557617,-0.184727668762207,-0.146446228027344,-0.171915054321289,-0.190742492675781,-0.247774124145508
12475,-0.1545705795288089,,,,-0.160351753234863,,-0.146446228027344,-0.149648666381836,-0.152461051940918,-0.0866804122924805,-0.163165092468262,-0.1880865097045899,-0.183712005615234,-0.119101524353027,-0.211212158203125,-0.200742721557617,-0.184727668762207,-0.146446228027344,-0.171915054321289,-0.190742492675781,-0.247695922851562
12480,-0.1545705795288089,,,,-0.160351753234863,,-0.146446228027344,-0.149648666381836,-0.152461051940918,-0.0866804122924805,-0.163165092468262,-0.1880865097045899,-0.183712005615234,-0.119024276733398,-0.211212158203125,-0.200742721557617,-0.184727668762207,-0.146446228027344,-0.171915054321289,-0.190742492675781,-0.247617721557617
12485,-0.1545705795288089,,,,-0.160351753234863,,-0.146446228027344,-0.1495704650878909,-0.152461051940918,-0.0866804122924805,-0.163165092468262,-0.1880865097045899,-0.183712005615234,-0.119024276733398,-0.211212158203125,-0.200742721557617,-0.184727668762207,-0.146446228027344,-0.171915054321289,-0.190742492675781,-0.2475395202636719
12490,-0.1545705795288089,,,,-0.160351753234863,,-0.146446228027344,-0.1495704650878909,-0.152461051940918,-0.0867576599121094,-0.163165092468262,-0.1880865097045899,-0.183712005615234,-0.119024276733398,-0.211212158203125,-0.200742721557617,-0.184727668762207,-0.146446228027344,-0.171915054321289,-0.190742492675781,-0.2475395202636719
12495,-0.1545705795288089,,,,-0.160351753234863,,-0.146446228027344,-0.1495704650878909,-0.152461051940918,-0.0867576599121094,-0.163165092468262,-0.1880865097045899,-0.183712005615234,-0.119024276733398,-0.211212158203125,-0.200742721557617,-0.184727668762207,-0.146446228027344,-0.171993255615234,-0.190742492675781,-0.247462272644043
12500,-0.1545705795288089,,,,-0.160351753234863,,-0.146524429321289,-0.1495704650878909,-0.152461051940918,-0.0867576599121094,-0.163165092468262,-0.1880865097045899,-0.183712005615234,-0.119024276733398,-0.211212158203125,-0.200742721557617,-0.184727668762207,-0.146446228027344,-0.171993255615234,-0.190742492675781,-0.247462272644043
12505,-0.154648780822754,,,,-0.160351753234863,,-0.146524429321289,-0.1495704650878909,-0.152461051940918,-0.0867576599121094,-0.163086891174316,-0.1880865097045899,-0.183712005615234,-0.119024276733398,-0.211212158203125,-0.200742721557617,-0.184727668762207,-0.146446228027344,-0.171993255615234,-0.190742492675781,-0.247384071350098
12510,-0.154648780822754,,,,-0.160351753234863,,-0.146524429321289,-0.149492263793945,-0.152461051940918,-0.0867576599121094,-0.163086891174316,-0.1880865097045899,-0.183712005615234,-0.118946075439453,-0.211212158203125,-0.200742721557617,-0.184727668762207,-0.146446228027344,-0.171993255615234,-0.190742492675781,-0.247305870056152
12515,-0.154648780822754,,,,-0.160351753234863,,-0.146524429321289,-0.149492263793945,-0.152461051940918,-0.0867576599121094,-0.163086891174316,-0.1880083084106449,-0.183712005615234,-0.118946075439453,-0.21113395690918,-0.200742721557617,-0.184727668762207,-0.146446228027344,-0.171993255615234,-0.190742492675781,-0.247227668762207
12520,-0.154648780822754,,,,-0.160351753234863,,-0.146524429321289,-0.149492263793945,-0.152461051940918,-0.0868358612060547,-0.163086891174316,-0.1880083084106449,-0.183712005615234,-0.118946075439453,-0.21113395690918,-0.200742721557617,-0.184727668762207,-0.146446228027344,-0.171993255615234,-0.190742492675781,-0.247227668762207
12525,-0.154648780822754,,,,-0.160351753234863,,-0.146524429321289,-0.149492263793945,-0.152461051940918,-0.0868358612060547,-0.163086891174316,-0.1880083084106449,-0.183712005615234,-0.118946075439453,-0.21113395690918,-0.2006645202636719,-0.184727668762207,-0.146446228027344,-0.172070503234863,-0.190742492675781,-0.247149467468262
12530,-0.154648780822754,,,,-0.160351753234863,,-0.146524429321289,-0.149492263793945,-0.152461051940918,-0.0868358612060547,-0.163086891174316,-0.1880083084106449,-0.183712005615234,-0.118946075439453,-0.21113395690918,-0.2006645202636719,-0.184727668762207,-0.146446228027344,-0.172070503234863,-0.190742492675781,-0.247071266174316
12535,-0.154648780822754,,,,-0.160351753234863,,-0.146524429321289,-0.149415016174316,-0.152383804321289,-0.0868358612060547,-0.163086891174316,-0.1880083084106449,-0.183789253234863,-0.118946075439453,-0.21113395690918,-0.2006645202636719,-0.184727668762207,-0.146446228027344,-0.172070503234863,-0.190742492675781,-0.247071266174316
12540,-0.154648780822754,,,,-0.160351753234863,,-0.146524429321289,-0.149415016174316,-0.152383804321289,-0.0868358612060547,-0.163086891174316,-0.1880083084106449,-0.183789253234863,-0.1188678741455079,-0.21113395690918,-0.2006645202636719,-0.184727668762207,-0.146446228027344,-0.172070503234863,-0.1908206939697269,-0.246993064880371
12545,-0.154648780822754,,,,-0.160351753234863,,-0.146524429321289,-0.149415016174316,-0.152383804321289,-0.0868358612060547,-0.163086891174316,-0.1880083084106449,-0.183789253234863,-0.1188678741455079,-0.21113395690918,-0.2006645202636719,-0.184649467468262,-0.146446228027344,-0.172070503234863,-0.1908206939697269,-0.246914863586426
12550,-0.154648780822754,,,,-0.160351753234863,,-0.146524429321289,-0.149415016174316,-0.152383804321289,-0.0868358612060547,-0.163086891174316,-0.1880083084106449,-0.183789253234863,-0.1188678741455079,-0.21113395690918,-0.2006645202636719,-0.184727668762207,-0.146446228027344,-0.172070503234863,-0.1908206939697269,-0.24683666229248
12555,-0.154648780822754,,,,-0.160351753234863,,-0.146524429321289,-0.149415016174316,-0.152383804321289,-0.0869140625,-0.163008689880371,-0.1880083084106449,-0.183789253234863,-0.1188678741455079,-0.21113395690918,-0.2006645202636719,-0.184727668762207,-0.146446228027344,-0.172070503234863,-0.1908206939697269,-0.24683666229248
12560,-0.154648780822754,,,,-0.160351753234863,,-0.146601676940918,-0.149336814880371,-0.152383804321289,-0.0869140625,-0.163008689880371,-0.1880083084106449,-0.183789253234863,-0.1188678741455079,-0.21113395690918,-0.2006645202636719,-0.184649467468262,-0.146446228027344,-0.1721487045288089,-0.1908206939697269,-0.246758460998535
12565,-0.154648780822754,,,,-0.160351753234863,,-0.146601676940918,-0.149336814880371,-0.152383804321289,-0.0869140625,-0.163008689880371,-0.187930107116699,-0.183789253234863,-0.1188678741455079,-0.21113395690918,-0.2006645202636719,-0.184649467468262,-0.146446228027344,-0.1721487045288089,-0.1908206939697269,-0.2466802597045899
12570,-0.154648780822754,,,,-0.160351753234863,,-0.146601676940918,-0.149336814880371,-0.152383804321289,-0.0869140625,-0.163008689880371,-0.187930107116699,-0.183789253234863,-0.118789672851562,-0.21113395690918,-0.2006645202636719,-0.184649467468262,-0.146446228027344,-0.1721487045288089,-0.1908206939697269,-0.2466802597045899
12575,-0.154648780822754,,,,-0.160351753234863,,-0.146601676940918,-0.149336814880371,-0.152383804321289,-0.0869140625,-0.163008689880371,-0.187930107116699,-0.183789253234863,-0.118789672851562,-0.21113395690918,-0.2006645202636719,-0.184649467468262,-0.146446228027344,-0.1721487045288089,-0.1908206939697269,-0.2466020584106449
12580,-0.154648780822754,,,,-0.160351753234863,,-0.146601676940918,-0.149336814880371,-0.152305603027344,-0.0869140625,-0.163008689880371,-0.187930107116699,-0.183789253234863,-0.118789672851562,-0.21113395690918,-0.2006645202636719,-0.184649467468262,-0.146446228027344,-0.1721487045288089,-0.1908206939697269,-0.2465248107910159
12585,-0.154648780822754,,,,-0.160351753234863,,-0.146601676940918,-0.149258613586426,-0.152305603027344,-0.0869922637939453,-0.163008689880371,-0.187930107116699,-0.183789253234863,-0.118789672851562,-0.211055755615234,-0.2005863189697269,-0.184649467468262,-0.146446228027344,-0.1721487045288089,-0.1908206939697269,-0.24644660949707
12590,-0.154648780822754,,,,-0.160351753234863,,-0.146601676940918,-0.149258613586426,-0.152305603027344,-0.0869922637939453,-0.163008689880371,-0.187930107116699,-0.183789253234863,-0.118789672851562,-0.211055755615234,-0.2005863189697269,-0.184649467468262,-0.146446228027344,-0.1721487045288089,-0.1908206939697269,-0.24644660949707
12595,-0.154648780822754,,,,-0.160351753234863,,-0.146601676940918,-0.149258613586426,-0.152305603027344,-0.0869922637939453,-0.162930488586426,-0.187930107116699,-0.183789253234863,-0.118789672851562,-0.211055755615234,-0.2005863189697269,-0.184649467468262,-0.146446228027344,-0.1721487045288089,-0.1908206939697269,-0.246368408203125
12600,-0.154648780822754,,,,-0.160351753234863,,-0.146601676940918,-0.149258613586426,-0.152305603027344,-0.0869922637939453,-0.162930488586426,-0.187930107116699,-0.183789253234863,-0.118711471557617,-0.211055755615234,-0.2005863189697269,-0.184649467468262,-0.146446228027344,-0.172226905822754,-0.1908206939697269,-0.24629020690918
12605,-0.154648780822754,,,,-0.160273551940918,,-0.146601676940918,-0.149258613586426,-0.152305603027344,-0.0869922637939453,-0.162930488586426,-0.187930107116699,-0.183789253234863,-0.118711471557617,-0.211055755615234,-0.2005863189697269,-0.184649467468262,-0.146446228027344,-0.172226905822754,-0.1908206939697269,-0.24629020690918
12610,-0.154648780822754,,,,-0.160273551940918,,-0.146679878234863,-0.14918041229248,-0.152305603027344,-0.0869922637939453,-0.162930488586426,-0.187930107116699,-0.183789253234863,-0.118711471557617,-0.211055755615234,-0.2005863189697269,-0.184649467468262,-0.146446228027344,-0.172226905822754,-0.1908206939697269,-0.246212005615234
12615,-0.154648780822754,,,,-0.160273551940918,,-0.146679878234863,-0.14918041229248,-0.152305603027344,-0.0869922637939453,-0.162930488586426,-0.187851905822754,-0.183789253234863,-0.118711471557617,-0.211055755615234,-0.2005863189697269,-0.184649467468262,-0.146446228027344,-0.172226905822754,-0.1908206939697269,-0.246133804321289
12620,-0.154648780822754,,,,-0.160273551940918,,-0.146679878234863,-0.14918041229248,-0.152305603027344,-0.0870704650878906,-0.162930488586426,-0.187851905822754,-0.183789253234863,-0.118711471557617,-0.211055755615234,-0.2005863189697269,-0.184649467468262,-0.146446228027344,-0.172226905822754,-0.1908206939697269,-0.246133804321289
12625,-0.154648780822754,,,,-0.160273551940918,,-0.146679878234863,-0.14918041229248,-0.152227401733398,-0.0870704650878906,-0.162930488586426,-0.187851905822754,-0.1838674545288089,-0.118711471557617,-0.211055755615234,-0.2005863189697269,-0.184649467468262,-0.146446228027344,-0.172226905822754,-0.1908206939697269,-0.246055603027344
12630,-0.154648780822754,,,,-0.160273551940918,,-0.146679878234863,-0.14918041229248,-0.152227401733398,-0.0870704650878906,-0.162930488586426,-0.187851905822754,-0.1838674545288089,-0.118633270263672,-0.211055755615234,-0.2005863189697269,-0.184649467468262,-0.146446228027344,-0.172305107116699,-0.1908988952636719,-0.245977401733398
12635,-0.154648780822754,,,,-0.160273551940918,,-0.146679878234863,-0.14918041229248,-0.152227401733398,-0.0870704650878906,-0.162930488586426,-0.187851905822754,-0.1838674545288089,-0.118633270263672,-0.211055755615234,-0.2005863189697269,-0.184649467468262,-0.146446228027344,-0.172305107116699,-0.1908988952636719,-0.245977401733398
12640,-0.154648780822754,,,,-0.160351753234863,,-0.146679878234863,-0.149102210998535,-0.152227401733398,-0.0870704650878906,-0.162930488586426,-0.187851905822754,-0.1838674545288089,-0.118633270263672,-0.211055755615234,-0.2005863189697269,-0.184649467468262,-0.146446228027344,-0.172305107116699,-0.1908988952636719,-0.245899200439453
12645,-0.154648780822754,,,,-0.160273551940918,,-0.146679878234863,-0.149102210998535,-0.152227401733398,-0.0870704650878906,-0.16285228729248,-0.187851905822754,-0.1838674545288089,-0.118633270263672,-0.211055755615234,-0.2005863189697269,-0.184649467468262,-0.146446228027344,-0.172305107116699,-0.1908988952636719,-0.245820999145508
12650,-0.154648780822754,,,,-0.160273551940918,,-0.146679878234863,-0.149102210998535,-0.152227401733398,-0.0871486663818359,-0.162930488586426,-0.187851905822754,-0.1838674545288089,-0.118633270263672,-0.211055755615234,-0.200508117675781,-0.184649467468262,-0.146446228027344,-0.172305107116699,-0.1908988952636719,-0.245820999145508
12655,-0.154648780822754,,,,-0.160273551940918,,-0.146679878234863,-0.149102210998535,-0.152227401733398,-0.0871486663818359,-0.16285228729248,-0.187851905822754,-0.1838674545288089,-0.118633270263672,-0.211055755615234,-0.200508117675781,-0.184649467468262,-0.146446228027344,-0.172305107116699,-0.1908988952636719,-0.245742797851562
12660,-0.154648780822754,,,,-0.160351753234863,,-0.1467580795288089,-0.149102210998535,-0.152227401733398,-0.0871486663818359,-0.16285228729248,-0.187851905822754,-0.1838674545288089,-0.118633270263672,-0.210977554321289,-0.200508117675781,-0.184649467468262,-0.146524429321289,-0.172305107116699,-0.1908988952636719,-0.245664596557617
12665,-0.154726982116699,,,,-0.160351753234863,,-0.1467580795288089,-0.1490240097045899,-0.152227401733398,-0.0871486663818359,-0.16285228729248,-0.187851905822754,-0.1838674545288089,-0.118555068969727,-0.210977554321289,-0.200508117675781,-0.184649467468262,-0.146524429321289,-0.172305107116699,-0.1908988952636719,-0.245664596557617
12670,-0.154726982116699,,,,-0.160273551940918,,-0.1467580795288089,-0.1490240097045899,-0.152227401733398,-0.0871486663818359,-0.16285228729248,-0.1877737045288089,-0.1838674545288089,-0.118555068969727,-0.210977554321289,-0.200508117675781,-0.184649467468262,-0.146446228027344,-0.1723833084106449,-0.1908988952636719,-0.2455863952636719
12675,-0.154648780822754,,,,-0.160273551940918,,-0.1467580795288089,-0.1490240097045899,-0.152227401733398,-0.0871486663818359,-0.16285228729248,-0.1877737045288089,-0.1838674545288089,-0.118555068969727,-0.210977554321289,-0.200508117675781,-0.184649467468262,-0.146446228027344,-0.1723833084106449,-0.1908988952636719,-0.245509147644043
12680,-0.154726982116699,,,,-0.160351753234863,,-0.1467580795288089,-0.1490240097045899,-0.152149200439453,-0.0872268676757812,-0.16285228729248,-0.1877737045288089,-0.1838674545288089,-0.118555068969727,-0.210977554321289,-0.200508117675781,-0.184649467468262,-0.146446228027344,-0.1723833084106449,-0.1908988952636719,-0.245509147644043
12685,-0.154726982116699,,,,-0.160351753234863,,-0.1467580795288089,-0.1490240097045899,-0.152149200439453,-0.0872268676757812,-0.16285228729248,-0.1877737045288089,-0.1838674545288089,-0.118555068969727,-0.210977554321289,-0.200508117675781,-0.184649467468262,-0.146446228027344,-0.1723833084106449,-0.1908988952636719,-0.245430946350098
12690,-0.154726982116699,,,,-0.160351753234863,,-0.1467580795288089,-0.1489458084106449,-0.152149200439453,-0.0872268676757812,-0.16285228729248,-0.1877737045288089,-0.1838674545288089,-0.118555068969727,-0.210977554321289,-0.200508117675781,-0.184649467468262,-0.146524429321289,-0.1723833084106449,-0.1908988952636719,-0.245352745056152
12695,-0.154726982116699,,,,-0.160351753234863,,-0.1467580795288089,-0.1489458084106449,-0.152149200439453,-0.0872268676757812,-0.16285228729248,-0.1877737045288089,-0.183945655822754,-0.118476867675781,-0.210977554321289,-0.200508117675781,-0.184571266174316,-0.146446228027344,-0.1723833084106449,-0.1908988952636719,-0.245352745056152
12700,-0.154726982116699,,,,-0.160351753234863,,-0.1467580795288089,-0.1489458084106449,-0.152149200439453,-0.0872268676757812,-0.16285228729248,-0.1877737045288089,-0.183945655822754,-0.118476867675781,-0.210977554321289,-0.200508117675781,-0.184649467468262,-0.146524429321289,-0.1723833084106449,-0.1908988952636719,-0.245274543762207
12705,-0.154726982116699,,,,-0.160351753234863,,-0.1467580795288089,-0.1489458084106449,-0.152149200439453,-0.0872268676757812,-0.162774085998535,-0.1877737045288089,-0.183945655822754,-0.118476867675781,-0.210977554321289,-0.200508117675781,-0.184571266174316,-0.146524429321289,-0.1723833084106449,-0.1908988952636719,-0.245196342468262
12710,-0.154726982116699,,,,-0.160273551940918,,-0.1467580795288089,-0.148867607116699,-0.152149200439453,-0.0873050689697266,-0.162774085998535,-0.1877737045288089,-0.183945655822754,-0.118476867675781,-0.210977554321289,-0.200508117675781,-0.184571266174316,-0.146524429321289,-0.1724615097045899,-0.1908988952636719,-0.245196342468262
12715,-0.154726982116699,,,,-0.160273551940918,,-0.146836280822754,-0.148867607116699,-0.152149200439453,-0.0873050689697266,-0.162774085998535,-0.1877737045288089,-0.183945655822754,-0.118476867675781,-0.210977554321289,-0.200430870056152,-0.184571266174316,-0.146524429321289,-0.1724615097045899,-0.1908988952636719,-0.245118141174316
12720,-0.154726982116699,,,,-0.160273551940918,,-0.146836280822754,-0.148867607116699,-0.152149200439453,-0.0873050689697266,-0.162774085998535,-0.18769645690918,-0.183945655822754,-0.118476867675781,-0.210977554321289,-0.200430870056152,-0.184571266174316,-0.146524429321289,-0.1724615097045899,-0.1908988952636719,-0.245039939880371
12725,-0.154726982116699,,,,-0.160273551940918,,-0.146836280822754,-0.148867607116699,-0.152070999145508,-0.0873050689697266,-0.162774085998535,-0.18769645690918,-0.183945655822754,-0.1183986663818359,-0.210899353027344,-0.200430870056152,-0.184571266174316,-0.146524429321289,-0.1724615097045899,-0.1908988952636719,-0.245039939880371
12730,-0.154726982116699,,,,-0.160273551940918,,-0.146836280822754,-0.148867607116699,-0.152070999145508,-0.0873050689697266,-0.162774085998535,-0.18769645690918,-0.183945655822754,-0.1183986663818359,-0.210899353027344,-0.200430870056152,-0.184571266174316,-0.146524429321289,-0.1724615097045899,-0.190977096557617,-0.244961738586426
