t_s,R75,R77,R78,R80,R81,R83,R92,R98,R102,R103,R104,R105,R106,R99,R100,R101,R116,R117,R118,R119,R120,R121,R122,R123
0,0.013109034858644,0.0322700403630733,,,0.0247278306633234,,,,,,,0.0442193113267422,0.0227918811142445,,-0.0012066459748894,,,,,0.0505857355892658,0.008335581049323,,0.0443224310874939,
10,0.0147540094330907,0.0331133864820004,,,0.0254415515810251,,,,,,,0.044871237128973,0.0249259006232023,,0.0008242607000283,,,,,0.050957202911377,0.0099414829164743,,0.0449494384229183,
20,0.0158205032348633,0.0336332321166992,,,0.0258989334106445,,,,,,,0.0452737808227539,0.0264453887939453,,0.0022268295288085,,,,,0.0511331558227539,0.0110549926757812,,0.0453519821166992,
30,0.0166015625,0.0340232849121094,,,0.0262889862060547,,,,,,,0.0456638336181641,0.0276174545288086,,0.0032424926757812,,,,,0.0512895584106445,0.011836051940918,,0.0456638336181641,
40,0.0170707702636719,0.0343360900878906,,,0.0265235900878906,,,,,,,0.0458984375,0.0284767150878906,,0.0040235519409179,,,,,0.0514459609985352,0.0124607086181641,,0.0459766387939453,
50,0.0173826217651367,0.0345706939697266,,,0.0267581939697266,,,,,,,0.0461330413818359,0.0292577743530273,,0.004648208618164,,,,,0.0515232086181641,0.0130081176757812,,0.0461330413818359,
60,0.0176172256469727,0.0347270965576172,,,0.0269145965576172,,,,,,,0.0462894439697266,0.0298051834106445,,0.0051956176757812,,,,,0.0515232086181641,0.0133981704711914,,0.0462894439697266,
70,0.0177736282348633,0.0348052978515625,,,0.0270700454711914,,,,,,,0.0463676452636719,0.0302734375,,0.005742073059082,,,,,0.0515232086181641,0.013789176940918,,0.0463676452636719,
80,0.0180082321166992,0.0348825454711914,,,0.027226448059082,,,,,,,0.0464458465576172,0.0306644439697266,,0.0062112808227539,,,,,0.0515232086181641,0.0141019821166992,,0.0464458465576172,
90,0.0181646347045898,0.0349607467651367,,,0.0273046493530273,,,,,,,0.0465240478515625,0.0309762954711914,,0.0066795349121093,,,,,0.0515232086181641,0.0143356323242188,,0.0465240478515625,
100,0.0183982849121094,0.035038948059082,,,0.0273828506469727,,,,,,,0.0465240478515625,0.0312891006469727,,0.0071487426757812,,,,,0.0515232086181641,0.0145702362060547,,0.0466022491455078,
110,0.0185546875,0.0351171493530273,,,0.027461051940918,,,,,,,0.0466022491455078,0.0316019058227539,,0.0076169967651367,,,,,0.0515232086181641,0.0147266387939453,,0.0466022491455078,
120,0.0187892913818359,0.0351171493530273,,,0.0275392532348633,,,,,,,0.0466022491455078,0.0318365097045898,,0.0080080032348632,,,,,0.0514459609985352,0.0148830413818359,,0.0466794967651367,
130,0.0189456939697266,0.0351171493530273,,,0.0275392532348633,,,,,,,0.0466022491455078,0.0320701599121094,,0.0083980560302734,,,,,0.0514459609985352,0.0150394439697266,,0.0466794967651367,
140,0.0191793441772461,0.0351171493530273,,,0.0276174545288086,,,,,,,0.0466022491455078,0.0323047637939453,,0.0087108612060546,,,,,0.0513677597045898,0.0151958465576172,,0.0466794967651367,
150,0.019413948059082,0.0351171493530273,,,0.0276174545288086,,,,,,,0.0466022491455078,0.0324611663818359,,0.0091018676757812,,,,,0.0512895584106445,0.0153512954711914,,0.0466794967651367,
160,0.019648551940918,0.0351953506469727,,,0.0276956558227539,,,,,,,0.0466022491455078,0.0326175689697266,,0.0093364715576171,,,,,0.0512895584106445,0.0154294967651367,,0.0466794967651367,
170,0.0198831558227539,0.0351171493530273,,,0.0276956558227539,,,,,,,0.0466022491455078,0.0327739715576172,,0.009648323059082,,,,,0.0512113571166992,0.0155858993530273,,0.0466794967651367,
180,0.0201177597045898,0.0351171493530273,,,0.0276956558227539,,,,,,,0.0466022491455078,0.0329294204711914,,0.0099611282348632,,,,,0.0511331558227539,0.0156641006469727,,0.0466794967651367,
190,0.0203514099121094,0.0351171493530273,,,0.0276956558227539,,,,,,,0.0465240478515625,0.033085823059082,,0.0101957321166992,,,,,0.0510549545288086,0.015742301940918,,0.0466022491455078,
200,0.0205860137939453,0.0351171493530273,,,0.0276956558227539,,,,,,,0.0465240478515625,0.0331640243530273,,0.0104293823242188,,,,,0.0510549545288086,0.0158205032348633,,0.0466022491455078,
210,0.0207424163818359,0.0351171493530273,,,0.0277738571166992,,,,,,,0.0465240478515625,0.033320426940918,,0.0106639862060547,,,,,0.0509767532348633,0.0158987045288086,,0.0466022491455078,
220,0.0209770202636719,0.0351171493530273,,,0.0277738571166992,,,,,,,0.0465240478515625,0.0333986282348633,,0.0108203887939453,,,,,0.050898551940918,0.0159769058227539,,0.0466022491455078,
230,0.0211324691772461,0.0351171493530273,,,0.0277738571166992,,,,,,,0.0464458465576172,0.0335550308227539,,0.0110549926757812,,,,,0.0508203506469727,0.0160551071166992,,0.0466022491455078,
240,0.021367073059082,0.0351171493530273,,,0.0277738571166992,,,,,,,0.0464458465576172,0.0336332321166992,,0.0112895965576172,,,,,0.0507421493530273,0.0161333084106445,,0.0466022491455078,
250,0.0215234756469727,0.0351171493530273,,,0.0277738571166992,,,,,,,0.0464458465576172,0.0337114334106445,,0.0114450454711914,,,,,0.050663948059082,0.0162115097045898,,0.0465240478515625,
260,0.0216798782348633,0.0351171493530273,,,0.0277738571166992,,,,,,,0.0463676452636719,0.0337896347045898,,0.011601448059082,,,,,0.0505857467651367,0.0162115097045898,,0.0465240478515625,
270,0.0218362808227539,0.0351171493530273,,,0.0277738571166992,,,,,,,0.0463676452636719,0.0339450836181641,,0.0117578506469727,,,,,0.0504302978515625,0.0162887573242188,,0.0465240478515625,
280,0.0219926834106445,0.035038948059082,,,0.0277738571166992,,,,,,,0.0463676452636719,0.0340232849121094,,0.0119142532348633,,,,,0.0503520965576172,0.0163669586181641,,0.0465240478515625,
290,0.0221481323242188,0.035038948059082,,,0.0277738571166992,,,,,,,0.0462894439697266,0.0341014862060547,,0.0120706558227539,,,,,0.0502738952636719,0.0163669586181641,,0.0465240478515625,
300,0.0222263336181641,0.035038948059082,,,0.0277738571166992,,,,,,,0.0462894439697266,0.0341796875,,0.0121488571166992,,,,,0.0501956939697266,0.0164451599121094,,0.0464458465576172,
310,0.0223827362060547,0.035038948059082,,,0.0277738571166992,,,,,,,0.0462894439697266,0.0342578887939453,,0.0123043060302734,,,,,0.0500392913818359,0.0165233612060547,,0.0464458465576172,
320,0.0224609375,0.035038948059082,,,0.0277738571166992,,,,,,,0.0462112426757812,0.0342578887939453,,0.0124607086181641,,,,,0.0499610900878906,0.0165233612060547,,0.0464458465576172,
330,0.0225391387939453,0.035038948059082,,,0.0277738571166992,,,,,,,0.0462112426757812,0.0343360900878906,,0.0125389099121094,,,,,0.0498046875,0.0166015625,,0.0464458465576172,
340,0.0226173400878906,0.035038948059082,,,0.0277738571166992,,,,,,,0.0461330413818359,0.0344142913818359,,0.0126953125,,,,,0.0497264862060547,0.0166015625,,0.0463676452636719,
350,0.0226955413818359,0.035038948059082,,,0.0277738571166992,,,,,,,0.0461330413818359,0.0344924926757812,,0.0127735137939453,,,,,0.0495700836181641,0.0166797637939453,,0.0463676452636719,
360,0.0227737426757812,0.035038948059082,,,0.0277738571166992,,,,,,,0.0461330413818359,0.0344924926757812,,0.0129299163818359,,,,,0.0494928359985352,0.0167579650878906,,0.0463676452636719,
370,0.0228519439697266,0.035038948059082,,,0.0277738571166992,,,,,,,0.0460548400878906,0.0345706939697266,,0.0130081176757812,,,,,0.0493364334106445,0.0167579650878906,,0.0463676452636719,
380,0.0228519439697266,0.035038948059082,,,0.0278520584106445,,,,,,,0.0460548400878906,0.0345706939697266,,0.0130863189697266,,,,,0.0491800308227539,0.0168361663818359,,0.0463676452636719,
390,0.0229301452636719,0.035038948059082,,,0.0278520584106445,,,,,,,0.0459766387939453,0.0346488952636719,,0.0131645202636719,,,,,0.0490236282348633,0.0168361663818359,,0.0462894439697266,
400,0.0229301452636719,0.035038948059082,,,0.0278520584106445,,,,,,,0.0459766387939453,0.0347270965576172,,0.0133199691772461,,,,,0.0488672256469727,0.0169143676757812,,0.0462894439697266,
410,0.0229301452636719,0.035038948059082,,,0.0278520584106445,,,,,,,0.0458984375,0.0347270965576172,,0.0133981704711914,,,,,0.048710823059082,0.0169925689697266,,0.0462894439697266,
420,0.0229301452636719,0.035038948059082,,,0.0278520584106445,,,,,,,0.0458984375,0.0347270965576172,,0.0134763717651367,,,,,0.0485553741455078,0.0169925689697266,,0.0462894439697266,
430,0.0230083465576172,0.035038948059082,,,0.0278520584106445,,,,,,,0.0458984375,0.0348052978515625,,0.013554573059082,,,,,0.0483989715576172,0.0170707702636719,,0.0462894439697266,
440,0.0229301452636719,0.035038948059082,,,0.0278520584106445,,,,,,,0.0458202362060547,0.0348052978515625,,0.0136327743530273,,,,,0.0482425689697266,0.0170707702636719,,0.0462112426757812,
450,0.0229301452636719,0.035038948059082,,,0.0278520584106445,,,,,,,0.0458202362060547,0.0348052978515625,,0.0137109756469727,,,,,0.0480861663818359,0.0171489715576172,,0.0462112426757812,
460,0.0229301452636719,0.035038948059082,,,0.0278520584106445,,,,,,,0.0457420349121094,0.0348825454711914,,0.013789176940918,,,,,0.0478515625,0.0171489715576172,,0.0462112426757812,
470,0.0229301452636719,0.035038948059082,,,0.0278520584106445,,,,,,,0.0457420349121094,0.0348825454711914,,0.0138673782348633,,,,,0.0476951599121094,0.0172262191772461,,0.0462112426757812,
480,0.0229301452636719,0.035038948059082,,,0.0278520584106445,,,,,,,0.0456638336181641,0.0348825454711914,,0.0139455795288086,,,,,0.0475397109985352,0.0173044204711914,,0.0462112426757812,
490,0.0229301452636719,0.035038948059082,,,0.0278520584106445,,,,,,,0.0455865859985352,0.0349607467651367,,0.0140237808227539,,,,,0.0473833084106445,0.0173044204711914,,0.0462112426757812,
500,0.0229301452636719,0.035038948059082,,,0.0278520584106445,,,,,,,0.0455865859985352,0.0349607467651367,,0.0141019821166992,,,,,0.0471487045288086,0.0173826217651367,,0.0462112426757812,
510,0.0229301452636719,0.035038948059082,,,0.0278520584106445,,,,,,,0.0455083847045898,0.0349607467651367,,0.0141801834106445,,,,,0.046992301940918,0.0173826217651367,,0.0461330413818359,
520,0.0229301452636719,0.035038948059082,,,0.0278520584106445,,,,,,,0.0455083847045898,0.0349607467651367,,0.0142574310302734,,,,,0.046757698059082,0.017460823059082,,0.0461330413818359,
530,0.0229301452636719,0.035038948059082,,,0.0278520584106445,,,,,,,0.0454301834106445,0.0349607467651367,,0.0143356323242188,,,,,0.0466022491455078,0.017460823059082,,0.0461330413818359,
540,0.0229301452636719,0.035038948059082,,,0.0278520584106445,,,,,,,0.0454301834106445,0.0349607467651367,,0.0144138336181641,,,,,0.0464458465576172,0.0175390243530273,,0.0461330413818359,
550,0.0229301452636719,0.035038948059082,,,0.0278520584106445,,,,,,,0.0453519821166992,0.035038948059082,,0.0144920349121094,,,,,0.0462112426757812,0.0175390243530273,,0.0461330413818359,
560,0.0230083465576172,0.035038948059082,,,0.0278520584106445,,,,,,,0.0452737808227539,0.035038948059082,,0.0144920349121094,,,,,0.0460548400878906,0.0176172256469727,,0.0461330413818359,
570,0.0230083465576172,0.035038948059082,,,0.0278520584106445,,,,,,,0.0452737808227539,0.035038948059082,,0.0145702362060547,,,,,0.0458202362060547,0.0176172256469727,,0.0460548400878906,
580,0.0230083465576172,0.035038948059082,,,0.0278520584106445,,,,,,,0.0451955795288086,0.035038948059082,,0.0146484375,,,,,0.0456638336181641,0.0176172256469727,,0.0460548400878906,
590,0.0230083465576172,0.035038948059082,,,0.0278520584106445,,,,,,,0.0451173782348633,0.035038948059082,,0.0147266387939453,,,,,0.0455083847045898,0.017695426940918,,0.0460548400878906,
600,0.0230855941772461,0.035038948059082,,,0.0278520584106445,,,,,,,0.045039176940918,0.035038948059082,,0.0147266387939453,,,,,0.0452737808227539,0.017695426940918,,0.0460548400878906,
610,0.0230855941772461,0.035038948059082,,,0.0278520584106445,,,,,,,0.045039176940918,0.035038948059082,,0.0148048400878906,,,,,0.0451173782348633,0.017695426940918,,0.0460548400878906,
620,0.0231637954711914,0.035038948059082,,,0.0278520584106445,,,,,,,0.0449609756469727,0.035038948059082,,0.0148830413818359,,,,,0.0448827743530273,0.0177736282348633,,0.0460548400878906,
630,0.0231637954711914,0.035038948059082,,,0.0279302597045898,,,,,,,0.0448827743530273,0.035038948059082,,0.0148830413818359,,,,,0.0447263717651367,0.0177736282348633,,0.0460548400878906,
640,0.0232419967651367,0.035038948059082,,,0.0279302597045898,,,,,,,0.044804573059082,0.035038948059082,,0.0149612426757812,,,,,0.0444927215576172,0.0178518295288086,,0.0460548400878906,
650,0.0232419967651367,0.035038948059082,,,0.0279302597045898,,,,,,,0.0447263717651367,0.035038948059082,,0.0150394439697266,,,,,0.0443363189697266,0.0178518295288086,,0.0459766387939453,
660,0.0232419967651367,0.035038948059082,,,0.0279302597045898,,,,,,,0.0446481704711914,0.035038948059082,,0.0150394439697266,,,,,0.0441017150878906,0.0178518295288086,,0.0459766387939453,
670,0.023320198059082,0.035038948059082,,,0.0279302597045898,,,,,,,0.0446481704711914,0.035038948059082,,0.0151176452636719,,,,,0.0439453125,0.0178518295288086,,0.0459766387939453,
680,0.023320198059082,0.035038948059082,,,0.0279302597045898,,,,,,,0.0445709228515625,0.035038948059082,,0.0151958465576172,,,,,0.0437107086181641,0.0179300308227539,,0.0459766387939453,
690,0.0233983993530273,0.035038948059082,,,0.0279302597045898,,,,,,,0.0444927215576172,0.035038948059082,,0.0151958465576172,,,,,0.0435552597045898,0.0179300308227539,,0.0459766387939453,
700,0.0233983993530273,0.035038948059082,,,0.0279302597045898,,,,,,,0.0444145202636719,0.035038948059082,,0.0152730941772461,,,,,0.0433206558227539,0.0179300308227539,,0.0459766387939453,
710,0.0234766006469727,0.035038948059082,,,0.0279302597045898,,,,,,,0.0443363189697266,0.035038948059082,,0.0152730941772461,,,,,0.0431642532348633,0.0180082321166992,,0.0458984375,
720,0.0234766006469727,0.035038948059082,,,0.0279302597045898,,,,,,,0.0442581176757812,0.035038948059082,,0.0153512954711914,,,,,0.0429296493530273,0.0180082321166992,,0.0458984375,
730,0.0234766006469727,0.035038948059082,,,0.0279302597045898,,,,,,,0.0441799163818359,0.0349607467651367,,0.0153512954711914,,,,,0.0427732467651367,0.0180082321166992,,0.0458984375,
740,0.023554801940918,0.035038948059082,,,0.0279302597045898,,,,,,,0.0441017150878906,0.0349607467651367,,0.0154294967651367,,,,,0.0426177978515625,0.0180864334106445,,0.0458984375,
750,0.023554801940918,0.035038948059082,,,0.0279302597045898,,,,,,,0.0440235137939453,0.0349607467651367,,0.015507698059082,,,,,0.0423831939697266,0.0180864334106445,,0.0458984375,
760,0.023554801940918,0.035038948059082,,,0.0279302597045898,,,,,,,0.0439453125,0.0349607467651367,,0.015507698059082,,,,,0.0422267913818359,0.0180864334106445,,0.0458984375,
770,0.0236330032348633,0.035038948059082,,,0.0279302597045898,,,,,,,0.0438671112060547,0.0349607467651367,,0.0155858993530273,,,,,0.0419921875,0.0180864334106445,,0.0458984375,
780,0.0236330032348633,0.035038948059082,,,0.0279302597045898,,,,,,,0.0437889099121094,0.0349607467651367,,0.0155858993530273,,,,,0.0418357849121094,0.0181646347045898,,0.0458202362060547,
790,0.0236330032348633,0.035038948059082,,,0.0279302597045898,,,,,,,0.0437107086181641,0.0348825454711914,,0.0155858993530273,,,,,0.0416803359985352,0.0181646347045898,,0.0458202362060547,
800,0.0236330032348633,0.0351171493530273,,,0.0279302597045898,,,,,,,0.0436334609985352,0.0348825454711914,,0.0156641006469727,,,,,0.0414457321166992,0.0181646347045898,,0.0458202362060547,
810,0.0236330032348633,0.0351171493530273,,,0.0279302597045898,,,,,,,0.0435552597045898,0.0348825454711914,,0.015742301940918,,,,,0.0412893295288086,0.0181646347045898,,0.0458202362060547,
820,0.0236330032348633,0.0351171493530273,,,0.0280075073242188,,,,,,,0.0433988571166992,0.0348825454711914,,0.015742301940918,,,,,0.0410547256469727,0.0181646347045898,,0.0458202362060547,
830,0.0236330032348633,0.035038948059082,,,0.0280075073242188,,,,,,,0.0433206558227539,0.0348052978515625,,0.015742301940918,,,,,0.040898323059082,0.0182418823242188,,0.0458202362060547,
840,0.0236330032348633,0.0351171493530273,,,0.0280075073242188,,,,,,,0.0432424545288086,0.0348052978515625,,0.0158205032348633,,,,,0.0407419204711914,0.0182418823242188,,0.0457420349121094,
850,0.0236330032348633,0.0351171493530273,,,0.0280075073242188,,,,,,,0.0431642532348633,0.0348052978515625,,0.0158205032348633,,,,,0.0405864715576172,0.0182418823242188,,0.0457420349121094,
860,0.0236330032348633,0.035038948059082,,,0.0280075073242188,,,,,,,0.043086051940918,0.0347270965576172,,0.0158987045288086,,,,,0.0403518676757812,0.0182418823242188,,0.0457420349121094,
870,0.0236330032348633,0.0351171493530273,,,0.0280075073242188,,,,,,,0.0430078506469727,0.0347270965576172,,0.0158987045288086,,,,,0.0401954650878906,0.0182418823242188,,0.0457420349121094,
880,0.0236330032348633,0.035038948059082,,,0.0280075073242188,,,,,,,0.042851448059082,0.0346488952636719,,0.0159769058227539,,,,,0.0400390625,0.0183200836181641,,0.0457420349121094,
890,0.0236330032348633,0.035038948059082,,,0.0280075073242188,,,,,,,0.0427732467651367,0.0346488952636719,,0.0159769058227539,,,,,0.0398044586181641,0.0183200836181641,,0.0457420349121094,
900,0.0236330032348633,0.035038948059082,,,0.0280075073242188,,,,,,,0.0426950454711914,0.0346488952636719,,0.0159769058227539,,,,,0.0396490097045898,0.0183200836181641,,0.0457420349121094,
910,0.0236330032348633,0.035038948059082,,,0.0280075073242188,,,,,,,0.0426177978515625,0.0345706939697266,,0.0160551071166992,,,,,0.0394926071166992,0.0183200836181641,,0.0456638336181641,
920,0.0236330032348633,0.035038948059082,,,0.0280075073242188,,,,,,,0.0424613952636719,0.0345706939697266,,0.0160551071166992,,,,,0.0392580032348633,0.0183200836181641,,0.0456638336181641,
930,0.0236330032348633,0.035038948059082,,,0.0280075073242188,,,,,,,0.0423831939697266,0.0344924926757812,,0.0160551071166992,,,,,0.0391016006469727,0.0183200836181641,,0.0456638336181641,
940,0.0236330032348633,0.035038948059082,,,0.0280075073242188,,,,,,,0.0423049926757812,0.0344924926757812,,0.0161333084106445,,,,,0.038945198059082,0.0183200836181641,,0.0456638336181641,
950,0.0236330032348633,0.035038948059082,,,0.0280075073242188,,,,,,,0.0421485900878906,0.0344142913818359,,0.0161333084106445,,,,,0.0387887954711914,0.0183200836181641,,0.0456638336181641,
960,0.0236330032348633,0.035038948059082,,,0.0280075073242188,,,,,,,0.0420703887939453,0.0344142913818359,,0.0161333084106445,,,,,0.0386333465576172,0.0183200836181641,,0.0455865859985352,
970,0.0236330032348633,0.035038948059082,,,0.0280075073242188,,,,,,,0.0419921875,0.0343360900878906,,0.0159769058227539,,,,,0.0383987426757812,0.0183982849121094,,0.0455865859985352,
980,0.0236330032348633,0.035038948059082,,,0.0280075073242188,,,,,,,0.0419139862060547,0.0343360900878906,,0.0159769058227539,,,,,0.0382423400878906,0.0183982849121094,,0.0455865859985352,
990,0.0236330032348633,0.035038948059082,,,0.0280075073242188,,,,,,,0.0418357849121094,0.0342578887939453,,0.0159769058227539,,,,,0.0380859375,0.0183982849121094,,0.0455865859985352,
1000,0.0236330032348633,0.035038948059082,,,0.0280075073242188,,,,,,,0.0416803359985352,0.0342578887939453,,0.0160551071166992,,,,,0.0379295349121094,0.0183982849121094,,0.0455865859985352,
1010,0.0236330032348633,0.035038948059082,,,0.0280075073242188,,,,,,,0.0416021347045898,0.0341796875,,0.0160551071166992,,,,,0.0377740859985352,0.0183982849121094,,0.0455083847045898,
1020,0.0236330032348633,0.035038948059082,,,0.0280075073242188,,,,,,,0.0414457321166992,0.0341796875,,0.0161333084106445,,,,,0.0376176834106445,0.0183982849121094,,0.0455083847045898,
1030,0.0236330032348633,0.035038948059082,,,0.0280075073242188,,,,,,,0.0413675308227539,0.0341014862060547,,0.0161333084106445,,,,,0.0374612808227539,0.0183982849121094,,0.0455083847045898,
1040,0.0236330032348633,0.035038948059082,,,0.0280075073242188,,,,,,,0.0412111282348633,0.0341014862060547,,0.0162115097045898,,,,,0.0373048782348633,0.0183982849121094,,0.0455083847045898,
1050,0.0236330032348633,0.035038948059082,,,0.0279302597045898,,,,,,,0.041132926940918,0.0340232849121094,,0.0162115097045898,,,,,0.0371484756469727,0.0183200836181641,,0.0455083847045898,
1060,0.0236330032348633,0.0349607467651367,,,0.0279302597045898,,,,,,,0.0409765243530273,0.0339450836181641,,0.0162115097045898,,,,,0.036992073059082,0.0183200836181641,,0.0454301834106445,
1070,0.0236330032348633,0.0349607467651367,,,0.0279302597045898,,,,,,,0.040898323059082,0.0339450836181641,,0.0162887573242188,,,,,0.0369138717651367,0.0183982849121094,,0.0454301834106445,
1080,0.0237112045288086,0.0349607467651367,,,0.0279302597045898,,,,,,,0.0407419204711914,0.0338668823242188,,0.0162887573242188,,,,,0.0367584228515625,0.0183200836181641,,0.0454301834106445,
1090,0.0237112045288086,0.0349607467651367,,,0.0279302597045898,,,,,,,0.0406646728515625,0.0338668823242188,,0.0162887573242188,,,,,0.0366020202636719,0.0183200836181641,,0.0453519821166992,
1100,0.0237112045288086,0.0349607467651367,,,0.0279302597045898,,,,,,,0.0405082702636719,0.0337896347045898,,0.0163669586181641,,,,,0.0364456176757812,0.0183200836181641,,0.0453519821166992,
1110,0.0237112045288086,0.0349607467651367,,,0.0279302597045898,,,,,,,0.0404300689697266,0.0337114334106445,,0.0163669586181641,,,,,0.0362892150878906,0.0183200836181641,,0.0453519821166992,
1120,0.0237112045288086,0.0349607467651367,,,0.0279302597045898,,,,,,,0.0402736663818359,0.0337114334106445,,0.0163669586181641,,,,,0.0361328125,0.0183200836181641,,0.0452737808227539,
1130,0.0237112045288086,0.0349607467651367,,,0.0279302597045898,,,,,,,0.0401954650878906,0.0336332321166992,,0.0163669586181641,,,,,0.0359764099121094,0.0183200836181641,,0.0452737808227539,
1140,0.0237112045288086,0.0348825454711914,,,0.0279302597045898,,,,,,,0.0400390625,0.0335550308227539,,0.0164451599121094,,,,,0.0358209609985352,0.0183200836181641,,0.0452737808227539,
1150,0.0237894058227539,0.0348825454711914,,,0.0279302597045898,,,,,,,0.0398826599121094,0.0335550308227539,,0.0164451599121094,,,,,0.0356645584106445,0.0183200836181641,,0.0451955795288086,
1160,0.0237894058227539,0.0348825454711914,,,0.0278520584106445,,,,,,,0.0398044586181641,0.0334768295288086,,0.0164451599121094,,,,,0.0355081558227539,0.0183200836181641,,0.0451955795288086,
1170,0.0237894058227539,0.0348825454711914,,,0.0278520584106445,,,,,,,0.0396490097045898,0.0334768295288086,,0.0164451599121094,,,,,0.0354299545288086,0.0183200836181641,,0.0451955795288086,
1180,0.0237894058227539,0.0348825454711914,,,0.0278520584106445,,,,,,,0.0395708084106445,0.0333986282348633,,0.0164451599121094,,,,,0.035273551940918,0.0183200836181641,,0.0451173782348633,
1190,0.0237894058227539,0.0348825454711914,,,0.0278520584106445,,,,,,,0.0394144058227539,0.033320426940918,,0.0165233612060547,,,,,0.0351171493530273,0.0183200836181641,,0.0451173782348633,
1200,0.0238676071166992,0.0348825454711914,,,0.0278520584106445,,,,,,,0.0393362045288086,0.033320426940918,,0.0165233612060547,,,,,0.0349607467651367,0.0183200836181641,,0.0451173782348633,
1210,0.0238676071166992,0.0348052978515625,,,0.0278520584106445,,,,,,,0.039179801940918,0.0332422256469727,,0.0165233612060547,,,,,0.0348052978515625,0.0183200836181641,,0.045039176940918,
1220,0.0238676071166992,0.0348052978515625,,,0.0278520584106445,,,,,,,0.0391016006469727,0.0331640243530273,,0.0165233612060547,,,,,0.0347270965576172,0.0183200836181641,,0.045039176940918,
1230,0.0238676071166992,0.0348052978515625,,,0.0278520584106445,,,,,,,0.038945198059082,0.0331640243530273,,0.0165233612060547,,,,,0.0345706939697266,0.0183200836181641,,0.045039176940918,
1240,0.0238676071166992,0.0348052978515625,,,0.0278520584106445,,,,,,,0.0388669967651367,0.033085823059082,,0.0165233612060547,,,,,0.0344142913818359,0.0183200836181641,,0.0449609756469727,
1250,0.0238676071166992,0.0348052978515625,,,0.0278520584106445,,,,,,,0.0387115478515625,0.0330076217651367,,0.0165233612060547,,,,,0.0342578887939453,0.0183200836181641,,0.0449609756469727,
1260,0.0239458084106445,0.0348052978515625,,,0.0278520584106445,,,,,,,0.0386333465576172,0.0330076217651367,,0.0166015625,,,,,0.0341796875,0.0183200836181641,,0.0449609756469727,
1270,0.0239458084106445,0.0348052978515625,,,0.0277738571166992,,,,,,,0.0384769439697266,0.0329294204711914,,0.0166015625,,,,,0.0340232849121094,0.0183200836181641,,0.0448827743530273,
1280,0.0239458084106445,0.0347270965576172,,,0.0277738571166992,,,,,,,0.0383987426757812,0.0328521728515625,,0.0166015625,,,,,0.0338668823242188,0.0183200836181641,,0.0448827743530273,
1290,0.0239458084106445,0.0347270965576172,,,0.0277738571166992,,,,,,,0.0382423400878906,0.0328521728515625,,0.0166015625,,,,,0.0337896347045898,0.0183200836181641,,0.044804573059082,
1300,0.0239458084106445,0.0347270965576172,,,0.0277738571166992,,,,,,,0.0381641387939453,0.0327739715576172,,0.0166015625,,,,,0.0336332321166992,0.0183200836181641,,0.044804573059082,
1310,0.0240240097045898,0.0347270965576172,,,0.0277738571166992,,,,,,,0.0380077362060547,0.0326957702636719,,0.0166015625,,,,,0.0334768295288086,0.0183200836181641,,0.044804573059082,
1320,0.0240240097045898,0.0347270965576172,,,0.0277738571166992,,,,,,,0.0379295349121094,0.0326957702636719,,0.0166015625,,,,,0.0333986282348633,0.0182418823242188,,0.0447263717651367,
1330,0.0240240097045898,0.0347270965576172,,,0.0277738571166992,,,,,,,0.0377740859985352,0.0326175689697266,,0.0166015625,,,,,0.0332422256469727,0.0182418823242188,,0.0447263717651367,
1340,0.0240240097045898,0.0346488952636719,,,0.0277738571166992,,,,,,,0.0376958847045898,0.0325393676757812,,0.0166015625,,,,,0.0331640243530273,0.0182418823242188,,0.0446481704711914,
1350,0.0240240097045898,0.0346488952636719,,,0.0276956558227539,,,,,,,0.0376176834106445,0.0325393676757812,,0.0166015625,,,,,0.0330076217651367,0.0182418823242188,,0.0446481704711914,
1360,0.0241012573242188,0.0346488952636719,,,0.0276956558227539,,,,,,,0.0374612808227539,0.0324611663818359,,0.0166015625,,,,,0.0329294204711914,0.0182418823242188,,0.0446481704711914,
1370,0.0241012573242188,0.0346488952636719,,,0.0276956558227539,,,,,,,0.0373830795288086,0.0324611663818359,,0.0166015625,,,,,0.0327739715576172,0.0182418823242188,,0.0445709228515625,
1380,0.0241012573242188,0.0346488952636719,,,0.0276956558227539,,,,,,,0.037226676940918,0.0323829650878906,,0.0166015625,,,,,0.0326175689697266,0.0182418823242188,,0.0445709228515625,
1390,0.0241012573242188,0.0346488952636719,,,0.0276956558227539,,,,,,,0.0371484756469727,0.0323047637939453,,0.0166015625,,,,,0.0325393676757812,0.0182418823242188,,0.0444927215576172,
1400,0.0241012573242188,0.0345706939697266,,,0.0276956558227539,,,,,,,0.036992073059082,0.0323047637939453,,0.0166015625,,,,,0.0323829650878906,0.0182418823242188,,0.0444927215576172,
1410,0.0241012573242188,0.0345706939697266,,,0.0276956558227539,,,,,,,0.0369138717651367,0.0322265625,,0.0166797637939453,,,,,0.0323047637939453,0.0182418823242188,,0.0444927215576172,
1420,0.0241012573242188,0.0345706939697266,,,0.0276174545288086,,,,,,,0.0367584228515625,0.0321483612060547,,0.0166797637939453,,,,,0.0321483612060547,0.0182418823242188,,0.0444145202636719,
1430,0.0241794586181641,0.0345706939697266,,,0.0276174545288086,,,,,,,0.0366802215576172,0.0321483612060547,,0.0166797637939453,,,,,0.0320701599121094,0.0182418823242188,,0.0444145202636719,
1440,0.0241794586181641,0.0345706939697266,,,0.0276174545288086,,,,,,,0.0366020202636719,0.0320701599121094,,0.0166797637939453,,,,,0.0319137573242188,0.0182418823242188,,0.0443363189697266,
1450,0.0241794586181641,0.0344924926757812,,,0.0276174545288086,,,,,,,0.0364456176757812,0.0320701599121094,,0.0166797637939453,,,,,0.0318365097045898,0.0182418823242188,,0.0443363189697266,
1460,0.0241794586181641,0.0344924926757812,,,0.0276174545288086,,,,,,,0.0363674163818359,0.0319919586181641,,0.0166797637939453,,,,,0.0316801071166992,0.0182418823242188,,0.0443363189697266,
1470,0.0241794586181641,0.0344924926757812,,,0.0276174545288086,,,,,,,0.0362110137939453,0.0319919586181641,,0.0166797637939453,,,,,0.0316019058227539,0.0182418823242188,,0.0442581176757812,
1480,0.0241794586181641,0.0344924926757812,,,0.0276174545288086,,,,,,,0.0361328125,0.0319137573242188,,0.0166797637939453,,,,,0.0315237045288086,0.0182418823242188,,0.0442581176757812,
1490,0.0241794586181641,0.0344924926757812,,,0.0275392532348633,,,,,,,0.0359764099121094,0.0318365097045898,,0.0166797637939453,,,,,0.031367301940918,0.0182418823242188,,0.0441799163818359,
1500,0.0241794586181641,0.0344924926757812,,,0.0275392532348633,,,,,,,0.0358982086181641,0.0318365097045898,,0.0166797637939453,,,,,0.0312891006469727,0.0182418823242188,,0.0441799163818359,
1510,0.0241794586181641,0.0344924926757812,,,0.0275392532348633,,,,,,,0.0358209609985352,0.0317583084106445,,0.0166797637939453,,,,,0.031132698059082,0.0182418823242188,,0.0441017150878906,
1520,0.0241794586181641,0.0344142913818359,,,0.0275392532348633,,,,,,,0.0356645584106445,0.0317583084106445,,0.0166797637939453,,,,,0.0310544967651367,0.0182418823242188,,0.0441017150878906,
1530,0.0242576599121094,0.0344142913818359,,,0.0275392532348633,,,,,,,0.0355863571166992,0.0316801071166992,,0.0166797637939453,,,,,0.0308990478515625,0.0182418823242188,,0.0440235137939453,
1540,0.0242576599121094,0.0344142913818359,,,0.0275392532348633,,,,,,,0.0354299545288086,0.0316801071166992,,0.0166797637939453,,,,,0.0308208465576172,0.0182418823242188,,0.0440235137939453,
1550,0.0242576599121094,0.0344142913818359,,,0.027461051940918,,,,,,,0.0353517532348633,0.0316019058227539,,0.0166797637939453,,,,,0.0307426452636719,0.0182418823242188,,0.0439453125,
1560,0.0242576599121094,0.0344142913818359,,,0.027461051940918,,,,,,,0.035273551940918,0.0316019058227539,,0.0166797637939453,,,,,0.0305862426757812,0.0182418823242188,,0.0439453125,
1570,0.0242576599121094,0.0344142913818359,,,0.027461051940918,,,,,,,0.0351171493530273,0.0315237045288086,,0.0166797637939453,,,,,0.0305080413818359,0.0182418823242188,,0.0439453125,
1580,0.0242576599121094,0.0343360900878906,,,0.027461051940918,,,,,,,0.035038948059082,0.0315237045288086,,0.0166797637939453,,,,,0.0304298400878906,0.0182418823242188,,0.0438671112060547,
1590,0.0242576599121094,0.0343360900878906,,,0.027461051940918,,,,,,,0.0349607467651367,0.0314455032348633,,0.0166797637939453,,,,,0.0302734375,0.0182418823242188,,0.0438671112060547,
1600,0.0242576599121094,0.0343360900878906,,,0.027461051940918,,,,,,,0.0348052978515625,0.031367301940918,,0.0166797637939453,,,,,0.0301952362060547,0.0182418823242188,,0.0437889099121094,
1610,0.0242576599121094,0.0343360900878906,,,0.0273828506469727,,,,,,,0.0347270965576172,0.031367301940918,,0.0166797637939453,,,,,0.0301170349121094,0.0182418823242188,,0.0437889099121094,
1620,0.0242576599121094,0.0343360900878906,,,0.0273828506469727,,,,,,,0.0345706939697266,0.0312891006469727,,0.0166797637939453,,,,,0.0300388336181641,0.0182418823242188,,0.0437107086181641,
1630,0.0242576599121094,0.0343360900878906,,,0.0273828506469727,,,,,,,0.0344924926757812,0.0312891006469727,,0.0166797637939453,,,,,0.0298833847045898,0.0181646347045898,,0.0437107086181641,
1640,0.0242576599121094,0.0342578887939453,,,0.0273828506469727,,,,,,,0.0344142913818359,0.0312108993530273,,0.0166797637939453,,,,,0.0298051834106445,0.0181646347045898,,0.0436334609985352,
1650,0.0242576599121094,0.0342578887939453,,,0.0273828506469727,,,,,,,0.0342578887939453,0.0312108993530273,,0.0166797637939453,,,,,0.0297269821166992,0.0181646347045898,,0.0436334609985352,
1660,0.0242576599121094,0.0342578887939453,,,0.0273828506469727,,,,,,,0.0341796875,0.031132698059082,,0.0166797637939453,,,,,0.0295705795288086,0.0181646347045898,,0.0435552597045898,
1670,0.0242576599121094,0.0342578887939453,,,0.0273046493530273,,,,,,,0.0341014862060547,0.031132698059082,,0.0166797637939453,,,,,0.0294923782348633,0.0181646347045898,,0.0435552597045898,
1680,0.0242576599121094,0.0342578887939453,,,0.0273046493530273,,,,,,,0.0339450836181641,0.0310544967651367,,0.0166015625,,,,,0.029414176940918,0.0181646347045898,,0.0434770584106445,
1690,0.0242576599121094,0.0341796875,,,0.0273046493530273,,,,,,,0.0338668823242188,0.0310544967651367,,0.0166015625,,,,,0.0293359756469727,0.0181646347045898,,0.0433988571166992,
1700,0.0242576599121094,0.0341796875,,,0.0273046493530273,,,,,,,0.0337896347045898,0.0309762954711914,,0.0166015625,,,,,0.029179573059082,0.0181646347045898,,0.0433988571166992,
1710,0.0242576599121094,0.0341796875,,,0.0273046493530273,,,,,,,0.0336332321166992,0.0309762954711914,,0.0166015625,,,,,0.0291013717651367,0.0181646347045898,,0.0433206558227539,
1720,0.0242576599121094,0.0341796875,,,0.027226448059082,,,,,,,0.0335550308227539,0.0308990478515625,,0.0166015625,,,,,0.0290231704711914,0.0181646347045898,,0.0433206558227539,
1730,0.0242576599121094,0.0341796875,,,0.027226448059082,,,,,,,0.0334768295288086,0.0308990478515625,,0.0166015625,,,,,0.0289459228515625,0.0181646347045898,,0.0432424545288086,
1740,0.0242576599121094,0.0341014862060547,,,0.027226448059082,,,,,,,0.033320426940918,0.0308208465576172,,0.0166015625,,,,,0.0288677215576172,0.0181646347045898,,0.0432424545288086,
1750,0.0242576599121094,0.0341014862060547,,,0.027226448059082,,,,,,,0.0332422256469727,0.0308208465576172,,0.0166015625,,,,,0.0287113189697266,0.0180864334106445,,0.0431642532348633,
1760,0.0242576599121094,0.0341014862060547,,,0.0271482467651367,,,,,,,0.0331640243530273,0.0307426452636719,,0.0166015625,,,,,0.0286331176757812,0.0180864334106445,,0.0431642532348633,
1770,0.0242576599121094,0.0341014862060547,,,0.0271482467651367,,,,,,,0.0330076217651367,0.0307426452636719,,0.0166015625,,,,,0.0285549163818359,0.0180864334106445,,0.043086051940918,
1780,0.0241794586181641,0.0341014862060547,,,0.0271482467651367,,,,,,,0.0329294204711914,0.0306644439697266,,0.0166015625,,,,,0.0284767150878906,0.0180864334106445,,0.0430078506469727,
1790,0.0241794586181641,0.0340232849121094,,,0.0271482467651367,,,,,,,0.0328521728515625,0.0306644439697266,,0.0166015625,,,,,0.0283985137939453,0.0180864334106445,,0.0430078506469727,
1800,0.0241794586181641,0.0340232849121094,,,0.0271482467651367,,,,,,,0.0327739715576172,0.0305862426757812,,0.0166015625,,,,,0.0282421112060547,0.0180864334106445,,0.0429296493530273,
1810,0.0241794586181641,0.0340232849121094,,,0.0271482467651367,,,,,,,0.0326175689697266,0.0305862426757812,,0.0166015625,,,,,0.0281639099121094,0.0180864334106445,,0.0429296493530273,
1820,0.0241794586181641,0.0339450836181641,,,0.0270700454711914,,,,,,,0.0325393676757812,0.0305080413818359,,0.0166015625,,,,,0.0280857086181641,0.0180864334106445,,0.042851448059082,
1830,0.0241794586181641,0.0339450836181641,,,0.0270700454711914,,,,,,,0.0324611663818359,0.0305080413818359,,0.0165233612060547,,,,,0.0280075073242188,0.0180082321166992,,0.042851448059082,
1840,0.0241794586181641,0.0339450836181641,,,0.0270700454711914,,,,,,,0.0323047637939453,0.0304298400878906,,0.0165233612060547,,,,,0.0279302597045898,0.0180082321166992,,0.0427732467651367,
1850,0.0241012573242188,0.0339450836181641,,,0.0270700454711914,,,,,,,0.0323047637939453,0.0304298400878906,,0.0165233612060547,,,,,0.0278520584106445,0.0180082321166992,,0.0426950454711914,
1860,0.0241794586181641,0.0339450836181641,,,0.0270700454711914,,,,,,,0.0322265625,0.0303516387939453,,0.0164451599121094,,,,,0.0277738571166992,0.0180082321166992,,0.0426950454711914,
1870,0.0241012573242188,0.0338668823242188,,,0.0270700454711914,,,,,,,0.0320701599121094,0.0303516387939453,,0.0163669586181641,,,,,0.0276956558227539,0.0180082321166992,,0.0426177978515625,
1880,0.0241012573242188,0.0338668823242188,,,0.0270700454711914,,,,,,,0.0319919586181641,0.0302734375,,0.0163669586181641,,,,,0.0276174545288086,0.0180082321166992,,0.0426177978515625,
1890,0.0241012573242188,0.0338668823242188,,,0.0269927978515625,,,,,,,0.0319137573242188,0.0302734375,,0.0163669586181641,,,,,0.0275392532348633,0.0180082321166992,,0.0425395965576172,
1900,0.0241012573242188,0.0337896347045898,,,0.0269927978515625,,,,,,,0.0317583084106445,0.0301952362060547,,0.0163669586181641,,,,,0.027461051940918,0.0180082321166992,,0.0425395965576172,
1910,0.0240240097045898,0.0337896347045898,,,0.0269927978515625,,,,,,,0.0316801071166992,0.0301952362060547,,0.0164451599121094,,,,,0.0273828506469727,0.0179300308227539,,0.0424613952636719,
1920,0.0240240097045898,0.0337896347045898,,,0.0269927978515625,,,,,,,0.0316019058227539,0.0301170349121094,,0.0163669586181641,,,,,0.0273046493530273,0.0179300308227539,,0.0424613952636719,
1930,0.0240240097045898,0.0337114334106445,,,0.0269145965576172,,,,,,,0.0314455032348633,0.0301170349121094,,0.0163669586181641,,,,,0.027226448059082,0.0179300308227539,,0.0423831939697266,
1940,0.0239458084106445,0.0337114334106445,,,0.0269145965576172,,,,,,,0.031367301940918,0.0300388336181641,,0.0163669586181641,,,,,0.0271482467651367,0.0179300308227539,,0.0423049926757812,
1950,0.0239458084106445,0.0337114334106445,,,0.0269145965576172,,,,,,,0.0312891006469727,0.0300388336181641,,0.0163669586181641,,,,,0.0270700454711914,0.0179300308227539,,0.0422267913818359,
1960,0.0239458084106445,0.0336332321166992,,,0.0269145965576172,,,,,,,0.0312108993530273,0.0299606323242188,,0.0163669586181641,,,,,0.0269927978515625,0.0178518295288086,,0.0422267913818359,
1970,0.0238676071166992,0.0336332321166992,,,0.0268363952636719,,,,,,,0.0310544967651367,0.0299606323242188,,0.0163669586181641,,,,,0.0269145965576172,0.0178518295288086,,0.0421485900878906,
1980,0.0238676071166992,0.0336332321166992,,,0.0268363952636719,,,,,,,0.0309762954711914,0.0298833847045898,,0.0163669586181641,,,,,0.0268363952636719,0.0178518295288086,,0.0420703887939453,
1990,0.0238676071166992,0.0335550308227539,,,0.0268363952636719,,,,,,,0.0308990478515625,0.0298833847045898,,0.0163669586181641,,,,,0.0267581939697266,0.0178518295288086,,0.0420703887939453,
2000,0.0237894058227539,0.0335550308227539,,,0.0268363952636719,,,,,,,0.0307426452636719,0.0298051834106445,,0.0163669586181641,,,,,0.0266799926757812,0.0177736282348633,,0.0419921875,
2010,0.0237894058227539,0.0335550308227539,,,0.0268363952636719,,,,,,,0.0306644439697266,0.0298051834106445,,0.0163669586181641,,,,,0.0266799926757812,0.0177736282348633,,0.0419921875,
2020,0.0237894058227539,0.0334768295288086,,,0.0267581939697266,,,,,,,0.0305862426757812,0.0297269821166992,,0.0163669586181641,,,,,0.0266017913818359,0.0177736282348633,,0.0419139862060547,
2030,0.0237894058227539,0.0334768295288086,,,0.0267581939697266,,,,,,,0.0305080413818359,0.0297269821166992,,0.0163669586181641,,,,,0.0265235900878906,0.0177736282348633,,0.0418357849121094,
2040,0.0237112045288086,0.0334768295288086,,,0.0267581939697266,,,,,,,0.0304298400878906,0.0296487808227539,,0.0163669586181641,,,,,0.0264453887939453,0.0177736282348633,,0.0417575836181641,
2050,-0.0119142532348633,0.0124607086181641,,,0.0097265243530273,0.0107421875,0.0124607086181641,0.0130863189697266,0.0249614715576172,0.0037107467651367,,0.0123825073242188,-0.0024604797363281,,-0.0260543823242188,,-0.0111331939697266,,-0.0077733993530273,-0.0073823928833007,-0.0141792297363281,0.0144138336181641,0.0221481323242188,0.0228519439697266
2060,-0.0091800689697265,0.0126171112060547,,,0.0097265243530273,0.0108203887939453,0.0124607086181641,0.0131645202636719,0.0250387191772461,0.0037107467651367,,0.0126171112060547,-0.0008201599121093,,-0.0203514099121094,,-0.008554458618164,,-0.0058202743530273,0.0169925689697266,-0.0123043060302734,0.0144920349121094,0.0223827362060547,0.0229301452636719
2070,-0.0078516006469726,0.0126953125,,,0.0098047256469726,0.0109767913818359,0.0125389099121094,0.0132427215576172,0.0250387191772461,0.003788948059082,,0.0128517150878906,-3.91006469726562e-05,,-0.0170707702636719,,-0.0069923400878906,,-0.0044136047363281,0.0170707702636719,-0.011601448059082,0.0144920349121094,0.0225391387939453,0.0229301452636719
2080,-0.0069141387939453,0.0126953125,,,0.0098047256469726,0.0110549926757812,0.0125389099121094,0.0133199691772461,0.0251169204711914,0.003788948059082,,0.0130863189697266,0.0008983612060546,,-0.0148830413818359,,-0.0058202743530273,,-0.0031642913818359,0.0170707702636719,-0.0114450454711914,0.0145702362060547,0.0226173400878906,0.0229301452636719
2090,-0.0063667297363281,0.0127735137939453,,,0.0098047256469726,0.0111331939697266,0.0126171112060547,0.0133199691772461,0.0251169204711914,0.003788948059082,,0.0132427215576172,0.0016794204711914,,-0.0132417678833008,,-0.0048828125,,-0.0022268295288085,0.0171489715576172,-0.0110549926757812,0.0145702362060547,0.0227737426757812,0.0230083465576172
2100,-0.0059766769409179,0.0127735137939453,,,0.0098829269409179,0.0112113952636719,0.0126171112060547,0.0133981704711914,0.0251169204711914,0.0038671493530273,,0.0134763717651367,0.0025386810302734,,-0.011836051940918,,-0.0040235519409179,,-0.0014448165893554,0.0171489715576172,-0.0102729797363281,0.0146484375,0.0228519439697266,0.0230083465576172
2110,-0.0058202743530273,0.0128517150878906,,,0.0098829269409179,0.0112895965576172,0.0126953125,0.0134763717651367,0.0251169204711914,0.0038671493530273,,0.013554573059082,0.0033988952636718,,-0.0106639862060547,,-0.0032424926757812,,-0.000741958618164,0.0172262191772461,-0.0094919204711914,0.0146484375,0.0230083465576172,0.0230083465576172
2120,-0.0056638717651367,0.0128517150878906,,,0.0099611282348632,0.0113668441772461,0.0126953125,0.013554573059082,0.0251951217651367,0.0038671493530273,,0.0137109756469727,0.0042581558227539,,-0.009648323059082,,-0.0025386810302734,,-0.0001173019409179,0.0172262191772461,-0.0086326599121093,0.0146484375,0.0231637954711914,0.0230083465576172
2130,-0.0055856704711914,0.0129299163818359,,,0.0099611282348632,0.0113668441772461,0.0127735137939453,0.013554573059082,0.0251169204711914,0.0038671493530273,,0.0138673782348633,0.0051174163818359,,-0.0087890625,,-0.0019922256469726,,0.0003519058227539,0.0173044204711914,-0.0079298019409179,0.0147266387939453,0.0232419967651367,0.0230083465576172
2140,-0.0055856704711914,0.0129299163818359,,,0.0100393295288086,0.0114450454711914,0.0127735137939453,0.0136327743530273,0.0251169204711914,0.0039453506469726,,0.0138673782348633,0.0058984756469726,,-0.0080862045288085,,-0.0014448165893554,,0.0008983612060546,0.0173044204711914,-0.0072269439697265,0.0147266387939453,0.023320198059082,0.0230083465576172
2150,-0.005507469177246,0.0130081176757812,,,0.0100393295288086,0.0114450454711914,0.0127735137939453,0.0136327743530273,0.0251169204711914,0.0039453506469726,,0.0139455795288086,0.0065231323242187,,-0.0075387954711914,,-0.0008983612060546,,0.0012893676757812,0.0173044204711914,-0.0065231323242187,0.0148048400878906,0.0234766006469727,0.0230083465576172
2160,-0.0054292678833007,0.0130081176757812,,,0.0101175308227539,0.0115232467651367,0.0128517150878906,0.0137109756469727,0.0251169204711914,0.0039453506469726,,0.0140237808227539,0.0071487426757812,,-0.0070705413818359,,-0.0005073547363281,,0.0017576217651367,0.0173826217651367,-0.0059766769409179,0.0148048400878906,0.023554801940918,0.0230855941772461
2170,-0.0052738189697265,0.0130081176757812,,,0.0101175308227539,0.011601448059082,0.0128517150878906,0.0137109756469727,0.0251169204711914,0.0039453506469726,,0.0140237808227539,0.0076169967651367,,-0.006601333618164,,-0.0001173019409179,,0.0020704269409179,0.0173826217651367,-0.0054292678833007,0.0148830413818359,0.0236330032348633,0.0230855941772461
2180,-0.0051174163818359,0.0130081176757812,,,0.0101957321166992,0.011601448059082,0.0128517150878906,0.0136327743530273,0.0250387191772461,0.0039453506469726,,0.0141019821166992,0.0080080032348632,,-0.0062894821166992,,0.0001955032348632,,0.0023050308227539,0.0173826217651367,-0.0050392150878906,0.0148830413818359,0.0237112045288086,0.0230083465576172
2190,-0.0049610137939453,0.0130081176757812,,,0.0101957321166992,0.011601448059082,0.0129299163818359,0.0137109756469727,0.0250387191772461,0.0039453506469726,,0.0142574310302734,0.0083980560302734,,-0.0059766769409179,,0.0005083084106445,,0.0025386810302734,0.0173826217651367,-0.0047264099121093,0.0148830413818359,0.0237894058227539,0.0230083465576172
2200,-0.0048046112060546,0.0130081176757812,,,0.0102739334106445,0.0116796493530273,0.0129299163818359,0.013789176940918,0.0250387191772461,0.0040235519409179,,0.0142574310302734,0.0087108612060546,,-0.0056638717651367,,0.0008201599121093,,0.0028514862060546,0.017460823059082,-0.0044136047363281,0.0149612426757812,0.0238676071166992,0.0230083465576172
2210,-0.0045700073242187,0.0130081176757812,,,0.0102739334106445,0.0117578506469727,0.0129299163818359,0.0138673782348633,0.0250387191772461,0.0040235519409179,,0.0143356323242188,0.0090236663818359,,-0.0054292678833007,,0.0010547637939453,,0.0030860900878906,0.017460823059082,-0.0041017532348632,0.0149612426757812,0.0239458084106445,0.0230083465576172
2220,-0.0043363571166992,0.0130081176757812,,,0.0103511810302734,0.0117578506469727,0.0130081176757812,0.0139455795288086,0.0250387191772461,0.0040235519409179,,0.0145702362060547,0.0092582702636718,,-0.0051956176757812,,0.0012893676757812,,0.0033988952636718,0.017460823059082,-0.0038671493530273,0.0149612426757812,0.0240240097045898,0.0230855941772461
2230,-0.0041017532348632,0.0130081176757812,,,0.0103511810302734,0.011836051940918,0.0130081176757812,0.0140237808227539,0.0251169204711914,0.0040235519409179,,0.0146484375,0.0094919204711914,,-0.0049610137939453,,0.001601219177246,,0.0036325454711914,0.0175390243530273,-0.003554344177246,0.0150394439697266,0.0241012573242188,0.0230855941772461
2240,-0.0038671493530273,0.0129299163818359,,,0.0103511810302734,0.0119142532348633,0.0130081176757812,0.0140237808227539,0.0251169204711914,0.0040235519409179,,0.0147266387939453,0.0097265243530273,,-0.0047264099121093,,0.001835823059082,,0.003788948059082,0.0175390243530273,-0.0033979415893554,0.0150394439697266,0.0241794586181641,0.0230855941772461
2250,-0.0036325454711914,0.0129299163818359,,,0.0103511810302734,0.0119142532348633,0.0130863189697266,0.0140237808227539,0.0250387191772461,0.0040235519409179,,0.0147266387939453,0.0099611282348632,,-0.0045700073242187,,0.0019922256469726,,0.0039453506469726,0.0175390243530273,-0.0032424926757812,0.0150394439697266,0.0241794586181641,0.0230855941772461
2260,-0.0033206939697265,0.0128517150878906,,,0.0103511810302734,0.0119924545288086,0.0130863189697266,0.0141019821166992,0.0250387191772461,0.0041017532348632,,0.0148830413818359,0.0101175308227539,,-0.0043363571166992,,0.0022268295288085,,0.0041017532348632,0.0176172256469727,-0.0030860900878906,0.0151176452636719,0.0242576599121094,0.0230855941772461
2270,-0.0030860900878906,0.0128517150878906,,,0.0103511810302734,0.0120706558227539,0.0130863189697266,0.0141019821166992,0.0250387191772461,0.0041017532348632,,0.0150394439697266,0.0102739334106445,,-0.0041799545288085,,0.0023832321166992,,0.0042581558227539,0.0176172256469727,-0.0029296875,0.0151176452636719,0.0243358612060547,0.0230855941772461
2280,-0.0028514862060546,0.0128517150878906,,,0.0102739334106445,0.0120706558227539,0.0131645202636719,0.0141801834106445,0.0250387191772461,0.0041017532348632,,0.0151958465576172,0.0104293823242188,,-0.0040235519409179,,0.0026168823242187,,0.0044145584106445,0.0176172256469727,-0.002695083618164,0.0151176452636719,0.0244140625,0.0230855941772461
2290,-0.0025386810302734,0.0128517150878906,,,0.0102739334106445,0.0121488571166992,0.0131645202636719,0.0142574310302734,0.0250387191772461,0.0041017532348632,,0.0154294967651367,0.0106639862060547,,-0.0038671493530273,,0.0027732849121093,,0.004648208618164,0.0176172256469727,-0.0025386810302734,0.0151958465576172,0.0244922637939453,0.0230855941772461
2300,-0.0023050308227539,0.0127735137939453,,,0.0101957321166992,0.0122270584106445,0.0131645202636719,0.0143356323242188,0.0250387191772461,0.0041017532348632,,0.0155858993530273,0.0108203887939453,,-0.0037107467651367,,0.0029296875,,0.0048046112060546,0.017695426940918,-0.0023832321166992,0.0151958465576172,0.0245704650878906,0.0230855941772461
2310,-0.0020704269409179,0.0127735137939453,,,0.0101957321166992,0.0123043060302734,0.0132427215576172,0.0144138336181641,0.0251169204711914,0.0041017532348632,,0.015742301940918,0.0109767913818359,,-0.003554344177246,,0.0030860900878906,,0.0049610137939453,0.017695426940918,-0.0023050308227539,0.0151958465576172,0.0246486663818359,0.0230855941772461
2320,-0.001835823059082,0.0127735137939453,,,0.0101175308227539,0.0123043060302734,0.0132427215576172,0.0144920349121094,0.0251169204711914,0.0041017532348632,,0.0158987045288086,0.0111331939697266,,-0.0033979415893554,,0.0032424926757812,,0.0050392150878906,0.017695426940918,-0.0021486282348632,0.0151958465576172,0.0246486663818359,0.0230855941772461
2330,-0.0016794204711914,0.0127735137939453,,,0.0100393295288086,0.0123825073242188,0.0133199691772461,0.0144920349121094,0.0251169204711914,0.0041799545288085,,0.0160551071166992,0.0112895965576172,,-0.0032424926757812,,0.0033988952636718,,0.0051956176757812,0.017695426940918,-0.0019922256469726,0.0151958465576172,0.0247268676757812,0.0230855941772461
2340,-0.0014448165893554,0.0126953125,,,0.0099611282348632,0.0124607086181641,0.0133199691772461,0.0145702362060547,0.0251169204711914,0.0041799545288085,,0.0162115097045898,0.0113668441772461,,-0.0031642913818359,,0.0034761428833007,,0.0052738189697265,0.0177736282348633,-0.0019140243530273,0.0152730941772461,0.0247268676757812,0.0230855941772461
2350,-0.0012893676757812,0.0126953125,,,0.0098829269409179,0.0124607086181641,0.0133199691772461,0.0146484375,0.0251169204711914,0.0041799545288085,,0.0163669586181641,0.0115232467651367,,-0.0030860900878906,,0.0036325454711914,,0.0053520202636718,0.0177736282348633,-0.001835823059082,0.0152730941772461,0.0248050689697266,0.0230855941772461
2360,-0.0011329650878906,0.0126953125,,,0.0098047256469726,0.0125389099121094,0.0133981704711914,0.0147266387939453,0.0251169204711914,0.0041799545288085,,0.0165233612060547,0.011601448059082,,-0.0029296875,,0.0037107467651367,,0.005507469177246,0.0177736282348633,-0.0017576217651367,0.0152730941772461,0.0248050689697266,0.0230855941772461
2370,-0.0009765625,0.0126953125,,,0.0097265243530273,0.0125389099121094,0.0133981704711914,0.0147266387939453,0.0251169204711914,0.0042581558227539,,0.0166015625,0.0116796493530273,,-0.0028514862060546,,0.003788948059082,,0.0055856704711914,0.0178518295288086,-0.0016794204711914,0.0153512954711914,0.0248832702636719,0.0230855941772461
2380,-0.0008201599121093,0.0126171112060547,,,0.009648323059082,0.0126171112060547,0.0133981704711914,0.0148048400878906,0.0251169204711914,0.0042581558227539,,0.0166797637939453,0.0117578506469727,,-0.0027732849121093,,0.0038671493530273,,0.0056638717651367,0.0178518295288086,-0.001601219177246,0.0153512954711914,0.0248832702636719,0.0230855941772461
2390,-0.0006637573242187,0.0126171112060547,,,0.0095701217651367,0.0126953125,0.0134763717651367,0.0148048400878906,0.0250387191772461,0.0042581558227539,,0.0168361663818359,0.0119142532348633,,-0.002695083618164,,0.0039453506469726,,0.005742073059082,0.0178518295288086,-0.0015230178833007,0.0153512954711914,0.0248832702636719,0.0230855941772461
2400,-0.0005073547363281,0.0125389099121094,,,0.0094919204711914,0.0126953125,0.0134763717651367,0.0148830413818359,0.0250387191772461,0.0042581558227539,,0.0169143676757812,0.0119924545288086,,-0.0026168823242187,,0.0040235519409179,,0.005742073059082,0.0178518295288086,-0.0014448165893554,0.0153512954711914,0.0248832702636719,0.0230855941772461
2410,-0.0004301071166992,0.0125389099121094,,,0.009413719177246,0.0127735137939453,0.0134763717651367,0.0149612426757812,0.0250387191772461,0.0042581558227539,,0.0169925689697266,0.0120706558227539,,-0.0025386810302734,,0.0041017532348632,,0.0058202743530273,0.0179300308227539,-0.0013675689697265,0.0153512954711914,0.0248832702636719,0.0230855941772461
2420,-0.0002737045288085,0.0124607086181641,,,0.0093364715576171,0.0127735137939453,0.013554573059082,0.0149612426757812,0.0250387191772461,0.0043363571166992,,0.0171489715576172,0.0122270584106445,,-0.0024604797363281,,0.0041799545288085,,0.0059766769409179,0.0179300308227539,-0.0012893676757812,0.0154294967651367,0.0249614715576172,0.0230083465576172
2430,-0.0001173019409179,0.0124607086181641,,,0.0093364715576171,0.0128517150878906,0.013554573059082,0.0150394439697266,0.0250387191772461,0.0043363571166992,,0.0172262191772461,0.0123043060302734,,-0.0023832321166992,,0.0043363571166992,,0.0059766769409179,0.0179300308227539,-0.0012111663818359,0.0154294967651367,0.0249614715576172,0.0230083465576172
2440,-3.91006469726562e-05,0.0124607086181641,,,0.0093364715576171,0.0129299163818359,0.013554573059082,0.0150394439697266,0.0250387191772461,0.0043363571166992,,0.0173044204711914,0.0123825073242188,,-0.0023050308227539,,0.0043363571166992,,0.0060548782348632,0.0179300308227539,-0.0011329650878906,0.0154294967651367,0.0249614715576172,0.0230083465576172
2450,0.0001173019409179,0.0123825073242188,,,0.0092582702636718,0.0129299163818359,0.0136327743530273,0.0151176452636719,0.0249614715576172,0.0043363571166992,,0.0173826217651367,0.0125389099121094,,-0.0022268295288085,,0.0044145584106445,,0.0061330795288085,0.0180082321166992,-0.0010547637939453,0.015507698059082,0.0249614715576172,0.0230083465576172
2460,0.0001955032348632,0.0123825073242188,,,0.0092582702636718,0.0130081176757812,0.0136327743530273,0.0151958465576172,0.0249614715576172,0.0043363571166992,,0.0175390243530273,0.0126171112060547,,-0.0020704269409179,,0.0045700073242187,,0.0062112808227539,0.0180082321166992,-0.0009765625,0.015507698059082,0.0248832702636719,0.0230083465576172
2470,0.0003519058227539,0.0123825073242188,,,0.0093364715576171,0.0130081176757812,0.0136327743530273,0.0151958465576172,0.0249614715576172,0.0043363571166992,,0.0176172256469727,0.0126953125,,-0.0019922256469726,,0.004648208618164,,0.0062894821166992,0.0180082321166992,-0.0008983612060546,0.015507698059082,0.0248832702636719,0.0230083465576172
2480,0.0004301071166992,0.0123043060302734,,,0.0093364715576171,0.0130863189697266,0.0137109756469727,0.0152730941772461,0.0248832702636719,0.0044145584106445,,0.017695426940918,0.0128517150878906,,-0.0019140243530273,,0.0047264099121093,,0.0062894821166992,0.0180082321166992,-0.0008201599121093,0.015507698059082,0.0248832702636719,0.0230083465576172
2490,0.0005855560302734,0.0123043060302734,,,0.0093364715576171,0.0130863189697266,0.0137109756469727,0.0153512954711914,0.0248832702636719,0.0044145584106445,,0.0177736282348633,0.0129299163818359,,-0.001835823059082,,0.0048046112060546,,0.0063676834106445,0.0180864334106445,-0.000741958618164,0.0155858993530273,0.0248832702636719,0.0230083465576172
2500,0.0006637573242187,0.0123043060302734,,,0.0093364715576171,0.0131645202636719,0.0137109756469727,0.0153512954711914,0.0248832702636719,0.0044145584106445,,0.0178518295288086,0.0130081176757812,,-0.0017576217651367,,0.0048828125,,0.0064449310302734,0.0180864334106445,-0.0006637573242187,0.0155858993530273,0.0248832702636719,0.0229301452636719
2510,0.000741958618164,0.0122270584106445,,,0.009413719177246,0.0131645202636719,0.013789176940918,0.0154294967651367,0.0248832702636719,0.0044145584106445,,0.0180082321166992,0.0130863189697266,,-0.0016794204711914,,0.0049610137939453,,0.0065231323242187,0.0180864334106445,-0.0005855560302734,0.0155858993530273,0.0248832702636719,0.0229301452636719
2520,0.0008201599121093,0.0122270584106445,,,0.0094919204711914,0.0132427215576172,0.013789176940918,0.0154294967651367,0.0248050689697266,0.0044145584106445,,0.0180082321166992,0.0132427215576172,,-0.0016794204711914,,0.0050392150878906,,0.0065231323242187,0.0180864334106445,-0.0005073547363281,0.0155858993530273,0.0248050689697266,0.0229301452636719
2530,0.0008983612060546,0.0122270584106445,,,0.0094919204711914,0.0132427215576172,0.013789176940918,0.015507698059082,0.0248050689697266,0.0044918060302734,,0.0180864334106445,0.0133199691772461,,-0.001601219177246,,0.0051174163818359,,0.006601333618164,0.0180864334106445,-0.0005073547363281,0.0156641006469727,0.0248050689697266,0.0229301452636719
2540,0.0009765625,0.0122270584106445,,,0.0095701217651367,0.0133199691772461,0.0138673782348633,0.015507698059082,0.0247268676757812,0.0044918060302734,,0.0181646347045898,0.0133981704711914,,-0.0015230178833007,,0.0051174163818359,,0.006601333618164,0.0181646347045898,-0.0004301071166992,0.0156641006469727,0.0248050689697266,0.0229301452636719
2550,0.0010547637939453,0.0122270584106445,,,0.009648323059082,0.0133199691772461,0.0138673782348633,0.0155858993530273,0.0247268676757812,0.0044918060302734,,0.0182418823242188,0.0134763717651367,,-0.0014448165893554,,0.0051956176757812,,0.0066795349121093,0.0181646347045898,-0.0003519058227539,0.0156641006469727,0.0247268676757812,0.0229301452636719
2560,0.0012111663818359,0.0122270584106445,,,0.009648323059082,0.0133981704711914,0.0138673782348633,0.0155858993530273,0.0247268676757812,0.0044918060302734,,0.0183200836181641,0.013554573059082,,-0.0013675689697265,,0.0053520202636718,,0.0067577362060546,0.0181646347045898,-0.0002737045288085,0.0156641006469727,0.0247268676757812,0.0228519439697266
2570,0.0012893676757812,0.0122270584106445,,,0.0097265243530273,0.0133981704711914,0.0138673782348633,0.0156641006469727,0.0246486663818359,0.0044918060302734,,0.0183982849121094,0.0136327743530273,,-0.0013675689697265,,0.0053520202636718,,0.0067577362060546,0.0181646347045898,-0.0001955032348632,0.0156641006469727,0.0247268676757812,0.0228519439697266
2580,0.0013675689697265,0.0122270584106445,,,0.0098047256469726,0.0134763717651367,0.0139455795288086,0.0156641006469727,0.0246486663818359,0.0045700073242187,,0.0184764862060547,0.0137109756469727,,-0.0012893676757812,,0.0054302215576171,,0.0068359375,0.0181646347045898,-0.0001955032348632,0.015742301940918,0.0246486663818359,0.0228519439697266
2590,0.0014457702636718,0.0122270584106445,,,0.0098829269409179,0.0134763717651367,0.0139455795288086,0.015742301940918,0.0245704650878906,0.0045700073242187,,0.0184764862060547,0.013789176940918,,-0.0012111663818359,,0.005507469177246,,0.0068359375,0.0182418823242188,-0.0001173019409179,0.015742301940918,0.0246486663818359,0.0228519439697266
2600,0.0014457702636718,0.0123043060302734,,,0.0099611282348632,0.013554573059082,0.0139455795288086,0.015742301940918,0.0245704650878906,0.0045700073242187,,0.0185546875,0.0138673782348633,,-0.0012111663818359,,0.0055856704711914,,0.0069141387939453,0.0182418823242188,-3.91006469726562e-05,0.015742301940918,0.0245704650878906,0.0228519439697266
2610,0.0015230178833007,0.0123043060302734,,,0.0100393295288086,0.013554573059082,0.0140237808227539,0.0158205032348633,0.0244922637939453,0.0045700073242187,,0.0185546875,0.0139455795288086,,-0.0011329650878906,,0.0056638717651367,,0.0069141387939453,0.0182418823242188,-3.91006469726562e-05,0.0158205032348633,0.0245704650878906,0.0227737426757812
2620,0.001601219177246,0.0123043060302734,,,0.0100393295288086,0.013554573059082,0.0140237808227539,0.0158205032348633,0.0244922637939453,0.0045700073242187,,0.0185546875,0.0140237808227539,,-0.0011329650878906,,0.005742073059082,,0.0069923400878906,0.0182418823242188,3.91006469726562e-05,0.0158205032348633,0.0244922637939453,0.0227737426757812
2630,0.0016794204711914,0.0123825073242188,,,0.0101175308227539,0.0136327743530273,0.0140237808227539,0.0158987045288086,0.0244140625,0.004648208618164,,0.0186328887939453,0.0141019821166992,,-0.0010547637939453,,0.0058202743530273,,0.0069923400878906,0.0182418823242188,0.0001173019409179,0.0158205032348633,0.0244922637939453,0.0227737426757812
2640,0.0017576217651367,0.0123825073242188,,,0.0101957321166992,0.0136327743530273,0.0140237808227539,0.0158987045288086,0.0244140625,0.004648208618164,,0.0185546875,0.0141801834106445,,-0.0009765625,,0.0058984756469726,,0.0070705413818359,0.0182418823242188,0.0001173019409179,0.0158205032348633,0.0244922637939453,0.0227737426757812
2650,0.001835823059082,0.0124607086181641,,,0.0102739334106445,0.0137109756469727,0.0141019821166992,0.0159769058227539,0.0243358612060547,0.004648208618164,,0.0185546875,0.0142574310302734,,-0.0009765625,,0.0059766769409179,,0.0070705413818359,0.0183200836181641,0.0001955032348632,0.0158205032348633,0.0244140625,0.0227737426757812
2660,0.0019140243530273,0.0124607086181641,,,0.0103511810302734,0.0137109756469727,0.0141019821166992,0.0159769058227539,0.0243358612060547,0.004648208618164,,0.0185546875,0.0142574310302734,,-0.0008983612060546,,0.0059766769409179,,0.0071487426757812,0.0183200836181641,0.0002737045288085,0.0158987045288086,0.0244140625,0.0226955413818359
2670,0.0019140243530273,0.0125389099121094,,,0.0103511810302734,0.013789176940918,0.0141019821166992,0.0160551071166992,0.0242576599121094,0.004648208618164,,0.0185546875,0.0143356323242188,,-0.0008983612060546,,0.0060548782348632,,0.0071487426757812,0.0183200836181641,0.0002737045288085,0.0158987045288086,0.0243358612060547,0.0226955413818359
2680,0.0019922256469726,0.0125389099121094,,,0.0104293823242188,0.013789176940918,0.0141019821166992,0.0160551071166992,0.0242576599121094,0.0047264099121093,,0.0185546875,0.0144138336181641,,-0.0008201599121093,,0.0061330795288085,,0.0072269439697265,0.0183200836181641,0.0003519058227539,0.0158987045288086,0.0243358612060547,0.0226955413818359
2690,0.0020704269409179,0.0126171112060547,,,0.0105075836181641,0.013789176940918,0.0141801834106445,0.0161333084106445,0.0241794586181641,0.0047264099121093,,0.0185546875,0.0144920349121094,,-0.0008201599121093,,0.0062112808227539,,0.0072269439697265,0.0183200836181641,0.0003519058227539,0.0158987045288086,0.0242576599121094,0.0226955413818359
2700,0.0021486282348632,0.0126171112060547,,,0.0105075836181641,0.0138673782348633,0.0141801834106445,0.0161333084106445,0.0241794586181641,0.0047264099121093,,0.0185546875,0.0145702362060547,,-0.000741958618164,,0.0062894821166992,,0.0073051452636718,0.0183200836181641,0.0004301071166992,0.0158987045288086,0.0241794586181641,0.0226173400878906
2710,0.0022268295288085,0.0126953125,,,0.0105857849121094,0.0138673782348633,0.0141801834106445,0.0162115097045898,0.0241012573242188,0.0047264099121093,,0.0184764862060547,0.0145702362060547,,-0.000741958618164,,0.0063676834106445,,0.0073051452636718,0.0183982849121094,0.0005083084106445,0.0158987045288086,0.0241794586181641,0.0226173400878906
2720,0.0022268295288085,0.0127735137939453,,,0.0106639862060547,0.0139455795288086,0.0141801834106445,0.0162115097045898,0.0241012573242188,0.0047264099121093,,0.0184764862060547,0.0146484375,,-0.0006637573242187,,0.0064449310302734,,0.0073051452636718,0.0183982849121094,0.0005083084106445,0.0159769058227539,0.0241012573242188,0.0226173400878906
2730,0.0023050308227539,0.0127735137939453,,,0.0106639862060547,0.0139455795288086,0.0142574310302734,0.0162887573242188,0.0240240097045898,0.0047264099121093,,0.0184764862060547,0.0147266387939453,,-0.0006637573242187,,0.0065231323242187,,0.0073833465576171,0.0183982849121094,0.0005855560302734,0.0159769058227539,0.0241012573242188,0.0225391387939453
2740,0.0023832321166992,0.0128517150878906,,,0.0107421875,0.0139455795288086,0.0142574310302734,0.0162887573242188,0.0239458084106445,0.0048046112060546,,0.0184764862060547,0.0147266387939453,,-0.0005855560302734,,0.006601333618164,,0.0073833465576171,0.0183982849121094,0.0005855560302734,0.0159769058227539,0.0240240097045898,0.0225391387939453
2750,0.0024614334106445,0.0128517150878906,,,0.0108203887939453,0.0140237808227539,0.0142574310302734,0.0163669586181641,0.0239458084106445,0.0048046112060546,,0.0183982849121094,0.0148048400878906,,-0.0005855560302734,,0.0066795349121093,,0.0073833465576171,0.0183982849121094,0.0006637573242187,0.0159769058227539,0.0239458084106445,0.0225391387939453
2760,0.0025386810302734,0.0129299163818359,,,0.0108203887939453,0.0140237808227539,0.0142574310302734,0.0163669586181641,0.0238676071166992,0.0048046112060546,,0.0183982849121094,0.0148830413818359,,-0.0005855560302734,,0.0067577362060546,,0.007460594177246,0.0184764862060547,0.0006637573242187,0.0159769058227539,0.0239458084106445,0.0225391387939453
2770,0.0025386810302734,0.0130081176757812,,,0.0108985900878906,0.0141019821166992,0.0143356323242188,0.0164451599121094,0.0238676071166992,0.0048046112060546,,0.0183982849121094,0.0148830413818359,,-0.0005073547363281,,0.0067577362060546,,0.007460594177246,0.0184764862060547,0.000741958618164,0.0160551071166992,0.0238676071166992,0.0224609375
2780,0.0026168823242187,0.0130081176757812,,,0.0108985900878906,0.0141019821166992,0.0143356323242188,0.0164451599121094,0.0237894058227539,0.0048046112060546,,0.0183982849121094,0.0149612426757812,,-0.0005073547363281,,0.0068359375,,0.0075387954711914,0.0184764862060547,0.0008201599121093,0.0160551071166992,0.0237894058227539,0.0224609375
2790,0.002695083618164,0.0130863189697266,,,0.0109767913818359,0.0141019821166992,0.0143356323242188,0.0165233612060547,0.0237112045288086,0.0048828125,,0.0183982849121094,0.0150394439697266,,-0.0004301071166992,,0.0069141387939453,,0.0075387954711914,0.0184764862060547,0.0008201599121093,0.0160551071166992,0.0237894058227539,0.0224609375
2800,0.0027732849121093,0.0131645202636719,,,0.0109767913818359,0.0141801834106445,0.0143356323242188,0.0165233612060547,0.0237112045288086,0.0048828125,,0.0183982849121094,0.0150394439697266,,-0.0004301071166992,,0.0069923400878906,,0.0075387954711914,0.0184764862060547,0.0008201599121093,0.0160551071166992,0.0237112045288086,0.0223827362060547
2810,0.0027732849121093,0.0131645202636719,,,0.0109767913818359,0.0141801834106445,0.0143356323242188,0.0165233612060547,0.0236330032348633,0.0048828125,,0.0183200836181641,0.0151176452636719,,-0.0004301071166992,,0.0070705413818359,,0.0076169967651367,0.0184764862060547,0.0008983612060546,0.0160551071166992,0.0236330032348633,0.0223827362060547
2820,0.0028514862060546,0.0132427215576172,,,0.0110549926757812,0.0141801834106445,0.0144138336181641,0.0166015625,0.023554801940918,0.0048828125,,0.0183200836181641,0.0151176452636719,,-0.0003519058227539,,0.0071487426757812,,0.0076169967651367,0.0184764862060547,0.0008983612060546,0.0160551071166992,0.023554801940918,0.0223827362060547
2830,0.0029296875,0.0133199691772461,,,0.0110549926757812,0.0142574310302734,0.0144138336181641,0.0166015625,0.023554801940918,0.0048828125,,0.0183200836181641,0.0151958465576172,,-0.0003519058227539,,0.0072269439697265,,0.007695198059082,0.0184764862060547,0.0009765625,0.0160551071166992,0.023554801940918,0.0223045349121094
2840,0.0029296875,0.0133199691772461,,,0.0111331939697266,0.0142574310302734,0.0144138336181641,0.0166797637939453,0.0234766006469727,0.0048828125,,0.0183200836181641,0.0152730941772461,,-0.0003519058227539,,0.0073051452636718,,0.007695198059082,0.0184764862060547,0.0009765625,0.0161333084106445,0.0234766006469727,0.0223045349121094
2850,0.0030078887939453,0.0133981704711914,,,0.0111331939697266,0.0143356323242188,0.0144920349121094,0.0166797637939453,0.0234766006469727,0.0049610137939453,,0.0183200836181641,0.0152730941772461,,-0.0002737045288085,,0.0073833465576171,,0.007695198059082,0.0185546875,0.0010547637939453,0.0161333084106445,0.0233983993530273,0.0223045349121094
2860,0.0030860900878906,0.0134763717651367,,,0.0111331939697266,0.0143356323242188,0.0144920349121094,0.0167579650878906,0.0233983993530273,0.0049610137939453,,0.0183200836181641,0.0153512954711914,,-0.0002737045288085,,0.0073833465576171,,0.007695198059082,0.0185546875,0.0010547637939453,0.0161333084106445,0.023320198059082,0.0222263336181641
2870,0.0031642913818359,0.0134763717651367,,,0.0111331939697266,0.0143356323242188,0.0144920349121094,0.0167579650878906,0.023320198059082,0.0049610137939453,,0.0183200836181641,0.0153512954711914,,-0.0001955032348632,,0.007460594177246,,0.0077733993530273,0.0185546875,0.0011329650878906,0.0161333084106445,0.023320198059082,0.0222263336181641
2880,0.0031642913818359,0.013554573059082,,,0.0111331939697266,0.0143356323242188,0.0144920349121094,0.0168361663818359,0.023320198059082,0.0049610137939453,,0.0183200836181641,0.0154294967651367,,-0.0001955032348632,,0.0075387954711914,,0.0077733993530273,0.0185546875,0.0011329650878906,0.0161333084106445,0.0232419967651367,0.0222263336181641
2890,0.0032424926757812,0.013554573059082,,,0.0112113952636719,0.0144138336181641,0.0144920349121094,0.0168361663818359,0.0232419967651367,0.0049610137939453,,0.0183200836181641,0.0154294967651367,,-0.0001955032348632,,0.0076169967651367,,0.0077733993530273,0.0185546875,0.0012111663818359,0.0161333084106445,0.0231637954711914,0.0221481323242188
2900,0.0033206939697265,0.0136327743530273,,,0.0112113952636719,0.0144138336181641,0.0145702362060547,0.0168361663818359,0.0231637954711914,0.0050392150878906,,0.0183982849121094,0.015507698059082,,-0.0001173019409179,,0.0076169967651367,,0.0078516006469726,0.0185546875,0.0012111663818359,0.0161333084106445,0.0230855941772461,0.0221481323242188
2910,0.0033206939697265,0.0137109756469727,,,0.0112113952636719,0.0144138336181641,0.0145702362060547,0.0169143676757812,0.0230855941772461,0.0050392150878906,,0.0183200836181641,0.015507698059082,,-0.0001173019409179,,0.007695198059082,,0.0078516006469726,0.0185546875,0.0012111663818359,0.0161333084106445,0.0230083465576172,0.0220708847045898
2920,0.0033988952636718,0.0137109756469727,,,0.0112113952636719,0.0144920349121094,0.0145702362060547,0.0169143676757812,0.0230855941772461,0.0050392150878906,,0.0183200836181641,0.0155858993530273,,-0.0001173019409179,,0.0077733993530273,,0.0078516006469726,0.0185546875,0.0012893676757812,0.0162115097045898,0.0229301452636719,0.0220708847045898
2930,0.0034761428833007,0.013789176940918,,,0.0112113952636719,0.0144920349121094,0.0145702362060547,0.0169925689697266,0.0230083465576172,0.0050392150878906,,0.0183982849121094,0.0155858993530273,,-3.91006469726562e-05,,0.0078516006469726,,0.0079298019409179,0.0185546875,0.0012893676757812,0.0162115097045898,0.0228519439697266,0.0220708847045898
2940,0.0034761428833007,0.0138673782348633,,,0.0112113952636719,0.0144920349121094,0.0145702362060547,0.0169925689697266,0.0230083465576172,0.0050392150878906,,0.0183982849121094,0.0156641006469727,,-3.91006469726562e-05,,0.0078516006469726,,0.0079298019409179,0.0186328887939453,0.0013675689697265,0.0162115097045898,0.0227737426757812,0.0219926834106445
2950,0.003554344177246,0.0138673782348633,,,0.0112113952636719,0.0145702362060547,0.0146484375,0.0170707702636719,0.0229301452636719,0.0050392150878906,,0.0183982849121094,0.0156641006469727,,3.91006469726562e-05,,0.0079298019409179,,0.0079298019409179,0.0186328887939453,0.0013675689697265,0.0162115097045898,0.0226955413818359,0.0219926834106445
2960,0.0036325454711914,0.0139455795288086,,,0.0111331939697266,0.0145702362060547,0.0146484375,0.0170707702636719,0.0228519439697266,0.0051174163818359,,0.0183982849121094,0.0156641006469727,,3.91006469726562e-05,,0.0080080032348632,,0.0079298019409179,0.0186328887939453,0.0013675689697265,0.0162115097045898,0.0226173400878906,0.0219926834106445
2970,0.0036325454711914,0.0139455795288086,,,0.0111331939697266,0.0145702362060547,0.0146484375,0.0171489715576172,0.0228519439697266,0.0051174163818359,,0.0183982849121094,0.015742301940918,,3.91006469726562e-05,,0.0080862045288085,,0.0080080032348632,0.0186328887939453,0.0014457702636718,0.0162115097045898,0.0225391387939453,0.0219144821166992
2980,0.0037107467651367,0.0140237808227539,,,0.0111331939697266,0.0145702362060547,0.0146484375,0.0171489715576172,0.0227737426757812,0.0051174163818359,,0.0183982849121094,0.015742301940918,,0.0001173019409179,,0.0080862045288085,,0.0080080032348632,0.0186328887939453,0.0014457702636718,0.0162115097045898,0.0224609375,0.0219144821166992
2990,0.003788948059082,0.0140237808227539,,,0.0111331939697266,0.0146484375,0.0146484375,0.0171489715576172,0.0226955413818359,0.0051174163818359,,0.0183982849121094,0.0158205032348633,,0.0001173019409179,,0.0081644058227539,,0.0080080032348632,0.0186328887939453,0.0015230178833007,0.0162115097045898,0.0223827362060547,0.0218362808227539
3000,0.003788948059082,0.0141019821166992,,,0.0111331939697266,0.0146484375,0.0146484375,0.0172262191772461,0.0226955413818359,0.0051174163818359,,0.0183982849121094,0.0158205032348633,,0.0001955032348632,,0.0082426071166992,,0.0080862045288085,0.0186328887939453,0.0015230178833007,0.0162115097045898,0.0223045349121094,0.0218362808227539
3010,0.0038671493530273,0.0141019821166992,,,0.0110549926757812,0.0146484375,0.0147266387939453,0.0172262191772461,0.0226173400878906,0.0051956176757812,,0.0183982849121094,0.0158987045288086,,0.0001955032348632,,0.0082426071166992,,0.0080862045288085,0.0186328887939453,0.0015230178833007,0.0162115097045898,0.0222263336181641,0.0218362808227539
3020,0.0039453506469726,0.0141019821166992,,,0.0110549926757812,0.0147266387939453,0.0147266387939453,0.0172262191772461,0.0225391387939453,0.0051956176757812,,0.0183982849121094,0.0158987045288086,,0.0002737045288085,,0.0083208084106445,,0.0080862045288085,0.0186328887939453,0.0015230178833007,0.0162887573242188,0.0221481323242188,0.0217580795288086
3030,0.0039453506469726,0.0141801834106445,,,0.0110549926757812,0.0147266387939453,0.0147266387939453,0.0173044204711914,0.0225391387939453,0.0051956176757812,,0.0183982849121094,0.0158987045288086,,0.0002737045288085,,0.0083980560302734,,0.0080862045288085,0.0186328887939453,0.001601219177246,0.0162887573242188,0.0220708847045898,0.0217580795288086
3040,0.0040235519409179,0.0141801834106445,,,0.0109767913818359,0.0147266387939453,0.0147266387939453,0.0173044204711914,0.0224609375,0.0051956176757812,,0.0183982849121094,0.0159769058227539,,0.0002737045288085,,0.0083980560302734,,0.0081644058227539,0.0187110900878906,0.001601219177246,0.0162887573242188,0.0219926834106445,0.0216798782348633
3050,0.0040235519409179,0.0142574310302734,,,0.0109767913818359,0.0148048400878906,0.0148048400878906,0.0173826217651367,0.0223827362060547,0.0052738189697265,,0.0183982849121094,0.0159769058227539,,0.0003519058227539,,0.0084762573242187,,0.0081644058227539,0.0187110900878906,0.0016794204711914,0.0162887573242188,0.0219144821166992,0.0216798782348633
3060,0.0041017532348632,0.0142574310302734,,,0.0109767913818359,0.0148048400878906,0.0148048400878906,0.0173826217651367,0.0223827362060547,0.0052738189697265,,0.0183982849121094,0.0160551071166992,,0.0003519058227539,,0.008554458618164,,0.0081644058227539,0.0187110900878906,0.0016794204711914,0.0162887573242188,0.0218362808227539,0.0216798782348633
3070,0.0041799545288085,0.0143356323242188,,,0.0108985900878906,0.0148048400878906,0.0148048400878906,0.017460823059082,0.0223045349121094,0.0052738189697265,,0.0183982849121094,0.0160551071166992,,0.0004301071166992,,0.008554458618164,,0.0082426071166992,0.0187110900878906,0.0017576217651367,0.0162887573242188,0.0217580795288086,0.021601676940918
3080,0.0041799545288085,0.0143356323242188,,,0.0108985900878906,0.0148048400878906,0.0148048400878906,0.017460823059082,0.0222263336181641,0.0052738189697265,,0.0183982849121094,0.0161333084106445,,0.0004301071166992,,0.0086326599121093,,0.0082426071166992,0.0187110900878906,0.0017576217651367,0.0162887573242188,0.0217580795288086,0.021601676940918
3090,0.0042581558227539,0.0144138336181641,,,0.0108985900878906,0.0148830413818359,0.0148048400878906,0.017460823059082,0.0222263336181641,0.0052738189697265,,0.0183982849121094,0.0161333084106445,,0.0005083084106445,,0.0087108612060546,,0.0082426071166992,0.0187110900878906,0.001835823059082,0.0162887573242188,0.0216798782348633,0.0215234756469727
3100,0.0042581558227539,0.0144138336181641,,,0.0108203887939453,0.0148830413818359,0.0148048400878906,0.0175390243530273,0.0221481323242188,0.0052738189697265,,0.0183982849121094,0.0161333084106445,,0.0005083084106445,,0.0087108612060546,,0.0083208084106445,0.0187110900878906,0.001835823059082,0.0162887573242188,0.021601676940918,0.0215234756469727
3110,0.0043363571166992,0.0144138336181641,,,0.0108203887939453,0.0148830413818359,0.0148830413818359,0.0175390243530273,0.0220708847045898,0.0053520202636718,,0.0183982849121094,0.0161333084106445,,0.0005855560302734,,0.0087890625,,0.0083208084106445,0.0187110900878906,0.001835823059082,0.0162887573242188,0.0215234756469727,0.0214452743530273
3120,0.0043363571166992,0.0144920349121094,,,0.0107421875,0.0149612426757812,0.0148830413818359,0.0175390243530273,0.0220708847045898,0.0053520202636718,,0.0183200836181641,0.0162115097045898,,0.0005855560302734,,0.0087890625,,0.0083208084106445,0.0187110900878906,0.001835823059082,0.0162887573242188,0.0215234756469727,0.0214452743530273
3130,0.0044145584106445,0.0144920349121094,,,0.0107421875,0.0149612426757812,0.0148830413818359,0.0176172256469727,0.0219926834106445,0.0053520202636718,,0.0183200836181641,0.0162115097045898,,0.0005855560302734,,0.0088672637939453,,0.0083208084106445,0.0187110900878906,0.0019140243530273,0.0162887573242188,0.0214452743530273,0.0214452743530273
3140,0.0044145584106445,0.0145702362060547,,,0.0106639862060547,0.0149612426757812,0.0148830413818359,0.0176172256469727,0.0219144821166992,0.0053520202636718,,0.0183200836181641,0.0162115097045898,,0.0006637573242187,,0.0089454650878906,,0.0083980560302734,0.0187110900878906,0.0019140243530273,0.0162887573242188,0.0214452743530273,0.021367073059082
3150,0.0044918060302734,0.0145702362060547,,,0.0106639862060547,0.0149612426757812,0.0148830413818359,0.017695426940918,0.0219144821166992,0.0054302215576171,,0.0183200836181641,0.0162887573242188,,0.0006637573242187,,0.0089454650878906,,0.0083980560302734,0.0187110900878906,0.0019922256469726,0.0163669586181641,0.021367073059082,0.021367073059082
3160,0.0044918060302734,0.0145702362060547,,,0.0106639862060547,0.0150394439697266,0.0149612426757812,0.017695426940918,0.0218362808227539,0.0054302215576171,,0.0183200836181641,0.0162887573242188,,0.000741958618164,,0.0090236663818359,,0.0083980560302734,0.0187892913818359,0.0019922256469726,0.0163669586181641,0.021367073059082,0.0212888717651367
3170,0.0045700073242187,0.0146484375,,,0.0105857849121094,0.0150394439697266,0.0149612426757812,0.017695426940918,0.0218362808227539,0.0054302215576171,,0.0183200836181641,0.0162887573242188,,0.000741958618164,,0.0090236663818359,,0.0083980560302734,0.0187892913818359,0.0019922256469726,0.0163669586181641,0.0212888717651367,0.0212888717651367
3180,0.0045700073242187,0.0146484375,,,0.0105857849121094,0.0150394439697266,0.0149612426757812,0.0177736282348633,0.0217580795288086,0.0054302215576171,,0.0183200836181641,0.0163669586181641,,0.0008201599121093,,0.0091018676757812,,0.0084762573242187,0.0187892913818359,0.0020704269409179,0.0163669586181641,0.0212888717651367,0.0212888717651367
3190,0.004648208618164,0.0146484375,,,0.0105075836181641,0.0150394439697266,0.0149612426757812,0.0177736282348633,0.0216798782348633,0.005507469177246,,0.0183200836181641,0.0163669586181641,,0.0008201599121093,,0.0091018676757812,,0.0084762573242187,0.0187892913818359,0.0020704269409179,0.0163669586181641,0.0212106704711914,0.0212106704711914
3200,0.004648208618164,0.0147266387939453,,,0.0105075836181641,0.0151176452636719,0.0149612426757812,0.0178518295288086,0.0216798782348633,0.005507469177246,,0.0183200836181641,0.0163669586181641,,0.0008983612060546,,0.0091800689697265,,0.0084762573242187,0.0187892913818359,0.0021486282348632,0.0163669586181641,0.0212106704711914,0.0212106704711914
3210,0.0047264099121093,0.0147266387939453,,,0.0104293823242188,0.0151176452636719,0.0150394439697266,0.0178518295288086,0.021601676940918,0.005507469177246,,0.0183200836181641,0.0164451599121094,,0.0008983612060546,,0.0091800689697265,,0.0084762573242187,0.0187892913818359,0.0021486282348632,0.0163669586181641,0.0211324691772461,0.0211324691772461
3220,0.0047264099121093,0.0147266387939453,,,0.0104293823242188,0.0151176452636719,0.0150394439697266,0.0178518295288086,0.021601676940918,0.005507469177246,,0.0183200836181641,0.0164451599121094,,0.0009765625,,0.0092582702636718,,0.008554458618164,0.0187892913818359,0.0021486282348632,0.0163669586181641,0.0211324691772461,0.0211324691772461
3230,0.0048046112060546,0.0147266387939453,,,0.0104293823242188,0.0151958465576172,0.0150394439697266,0.0179300308227539,0.0215234756469727,0.005507469177246,,0.0183200836181641,0.0164451599121094,,0.0009765625,,0.0093364715576171,,0.008554458618164,0.0187892913818359,0.0022268295288085,0.0163669586181641,0.0210552215576172,0.0211324691772461
3240,0.0048046112060546,0.0148048400878906,,,0.0103511810302734,0.0151958465576172,0.0150394439697266,0.0179300308227539,0.0214452743530273,0.0055856704711914,,0.0182418823242188,0.0164451599121094,,0.0009765625,,0.0093364715576171,,0.008554458618164,0.0187892913818359,0.0022268295288085,0.0163669586181641,0.0210552215576172,0.0210552215576172
3250,0.0048046112060546,0.0148048400878906,,,0.0103511810302734,0.0151958465576172,0.0150394439697266,0.0179300308227539,0.0214452743530273,0.0055856704711914,,0.0182418823242188,0.0165233612060547,,0.0010547637939453,,0.009413719177246,,0.0086326599121093,0.0187892913818359,0.0022268295288085,0.0163669586181641,0.0209770202636719,0.0210552215576172
3260,0.0048828125,0.0148048400878906,,,0.0102739334106445,0.0151958465576172,0.0151176452636719,0.0180082321166992,0.021367073059082,0.0055856704711914,,0.0182418823242188,0.0165233612060547,,0.0010547637939453,,0.009413719177246,,0.0086326599121093,0.0187892913818359,0.0023050308227539,0.0163669586181641,0.0209770202636719,0.0209770202636719
3270,0.0048828125,0.0148048400878906,,,0.0102739334106445,0.0151958465576172,0.0151176452636719,0.0180082321166992,0.021367073059082,0.0055856704711914,,0.0182418823242188,0.0165233612060547,,0.0011329650878906,,0.0094919204711914,,0.0086326599121093,0.0187892913818359,0.0023050308227539,0.0163669586181641,0.0209770202636719,0.0209770202636719
3280,0.0049610137939453,0.0148048400878906,,,0.0102739334106445,0.0152730941772461,0.0151176452636719,0.0180082321166992,0.0212888717651367,0.0055856704711914,,0.0182418823242188,0.0165233612060547,,0.0011329650878906,,0.0094919204711914,,0.0086326599121093,0.0187892913818359,0.0023050308227539,0.0163669586181641,0.0208988189697266,0.0208988189697266
3290,0.0049610137939453,0.0148048400878906,,,0.0101957321166992,0.0152730941772461,0.0151176452636719,0.0180864334106445,0.0212106704711914,0.0056638717651367,,0.0182418823242188,0.0166015625,,0.0012111663818359,,0.0095701217651367,,0.0087108612060546,0.0187892913818359,0.0023832321166992,0.0163669586181641,0.0208988189697266,0.0208988189697266
3300,0.0049610137939453,0.0148048400878906,,,0.0101957321166992,0.0152730941772461,0.0151176452636719,0.0180864334106445,0.0212106704711914,0.0056638717651367,,0.0182418823242188,0.0166015625,,0.0012111663818359,,0.0095701217651367,,0.0087108612060546,0.0187892913818359,0.0023832321166992,0.0163669586181641,0.0208988189697266,0.0208988189697266
3310,0.0050392150878906,0.0148830413818359,,,0.0101957321166992,0.0152730941772461,0.0151176452636719,0.0180864334106445,0.0211324691772461,0.0056638717651367,,0.0182418823242188,0.0166015625,,0.0012893676757812,,0.0095701217651367,,0.0087108612060546,0.0187892913818359,0.0023832321166992,0.0163669586181641,0.0208206176757812,0.0208206176757812
3320,0.0050392150878906,0.0148830413818359,,,0.0101175308227539,0.0153512954711914,0.0151176452636719,0.0181646347045898,0.0211324691772461,0.0056638717651367,,0.0181646347045898,0.0166015625,,0.0012893676757812,,0.009648323059082,,0.0087108612060546,0.0187892913818359,0.0024614334106445,0.0163669586181641,0.0208206176757812,0.0208206176757812
3330,0.0051174163818359,0.0148830413818359,,,0.0101175308227539,0.0153512954711914,0.0151958465576172,0.0181646347045898,0.0210552215576172,0.005742073059082,,0.0181646347045898,0.0166015625,,0.0013675689697265,,0.009648323059082,,0.0087890625,0.0187892913818359,0.0024614334106445,0.0163669586181641,0.0208206176757812,0.0207424163818359
3340,0.0051174163818359,0.0148830413818359,,,0.0101175308227539,0.0153512954711914,0.0151958465576172,0.0181646347045898,0.0209770202636719,0.005742073059082,,0.0181646347045898,0.0166797637939453,,0.0013675689697265,,0.0097265243530273,,0.0087890625,0.0188674926757812,0.0024614334106445,0.0163669586181641,0.0208206176757812,0.0207424163818359
3350,0.0051174163818359,0.0148830413818359,,,0.0100393295288086,0.0153512954711914,0.0151958465576172,0.0182418823242188,0.0209770202636719,0.005742073059082,,0.0181646347045898,0.0166797637939453,,0.0014457702636718,,0.0097265243530273,,0.0087890625,0.0188674926757812,0.0024614334106445,0.0163669586181641,0.0207424163818359,0.0206642150878906
3360,0.0051956176757812,0.0148830413818359,,,0.0100393295288086,0.0153512954711914,0.0151958465576172,0.0182418823242188,0.0208988189697266,0.005742073059082,,0.0181646347045898,0.0166797637939453,,0.0014457702636718,,0.0098047256469726,,0.0087890625,0.0188674926757812,0.0025386810302734,0.0163669586181641,0.0207424163818359,0.0206642150878906
3370,0.0051956176757812,0.0148830413818359,,,0.0100393295288086,0.0153512954711914,0.0151958465576172,0.0182418823242188,0.0208988189697266,0.005742073059082,,0.0181646347045898,0.0166797637939453,,0.0015230178833007,,0.0098047256469726,,0.0088672637939453,0.0188674926757812,0.0025386810302734,0.0163669586181641,0.0207424163818359,0.0206642150878906
3380,0.0051956176757812,0.0148830413818359,,,0.0099611282348632,0.0154294967651367,0.0151958465576172,0.0183200836181641,0.0208206176757812,0.0058202743530273,,0.0181646347045898,0.0166797637939453,,0.0015230178833007,,0.0098047256469726,,0.0088672637939453,0.0187892913818359,0.0025386810302734,0.0163669586181641,0.0207424163818359,0.0205860137939453
3390,0.0052738189697265,0.0148048400878906,,,0.0099611282348632,0.0154294967651367,0.0152730941772461,0.0183200836181641,0.0207424163818359,0.0058202743530273,,0.0180864334106445,0.0167579650878906,,0.001601219177246,,0.0098829269409179,,0.0088672637939453,0.0188674926757812,0.0025386810302734,0.0163669586181641,0.0207424163818359,0.0205860137939453
3400,0.0052738189697265,0.0148830413818359,,,0.0099611282348632,0.0154294967651367,0.0152730941772461,0.0183200836181641,0.0207424163818359,0.0058202743530273,,0.0180864334106445,0.0167579650878906,,0.001601219177246,,0.0098829269409179,,0.0088672637939453,0.0188674926757812,0.0026168823242187,0.0163669586181641,0.0207424163818359,0.0205078125
3410,0.0052738189697265,0.0148048400878906,,,0.0098829269409179,0.0154294967651367,0.0152730941772461,0.0183200836181641,0.0206642150878906,0.0058984756469726,,0.0180864334106445,0.0167579650878906,,0.001601219177246,,0.0098829269409179,,0.0088672637939453,0.0188674926757812,0.0026168823242187,0.0163669586181641,0.0207424163818359,0.0205078125
3420,0.0053520202636718,0.0148048400878906,,,0.0098829269409179,0.0154294967651367,0.0152730941772461,0.0183982849121094,0.0206642150878906,0.0058984756469726,,0.0180864334106445,0.0167579650878906,,0.0016794204711914,,0.0099611282348632,,0.0089454650878906,0.0188674926757812,0.0026168823242187,0.0163669586181641,0.0207424163818359,0.0205078125
3430,0.0053520202636718,0.0148048400878906,,,0.0098829269409179,0.015507698059082,0.0152730941772461,0.0183982849121094,0.0205860137939453,0.0058984756469726,,0.0180864334106445,0.0167579650878906,,0.0016794204711914,,0.0099611282348632,,0.0089454650878906,0.0188674926757812,0.002695083618164,0.0163669586181641,0.0207424163818359,0.0204296112060547
3440,0.0053520202636718,0.0148048400878906,,,0.0098047256469726,0.015507698059082,0.0152730941772461,0.0183982849121094,0.0205860137939453,0.0059766769409179,,0.0180082321166992,0.0168361663818359,,0.0017576217651367,,0.0100393295288086,,0.0089454650878906,0.0188674926757812,0.002695083618164,0.0163669586181641,0.0207424163818359,0.0204296112060547
3450,0.0054302215576171,0.0148048400878906,,,0.0098047256469726,0.015507698059082,0.0152730941772461,0.0184764862060547,0.0205078125,0.0059766769409179,,0.0180082321166992,0.0168361663818359,,0.0017576217651367,,0.0100393295288086,,0.0089454650878906,0.0188674926757812,0.002695083618164,0.0163669586181641,0.0207424163818359,0.0203514099121094
3460,0.0054302215576171,0.0148048400878906,,,0.0098047256469726,0.015507698059082,0.0153512954711914,0.0184764862060547,0.0205078125,0.0059766769409179,,0.0180082321166992,0.0168361663818359,,0.001835823059082,,0.0100393295288086,,0.0090236663818359,0.0188674926757812,0.002695083618164,0.0163669586181641,0.0207424163818359,0.0203514099121094
3470,0.0054302215576171,0.0148048400878906,,,0.0097265243530273,0.015507698059082,0.0153512954711914,0.0184764862060547,0.0204296112060547,0.0060548782348632,,0.0180082321166992,0.0168361663818359,,0.001835823059082,,0.0101175308227539,,0.0090236663818359,0.0188674926757812,0.002695083618164,0.0163669586181641,0.0207424163818359,0.0203514099121094
3480,0.005507469177246,0.0147266387939453,,,0.0097265243530273,0.0155858993530273,0.0153512954711914,0.0185546875,0.0204296112060547,0.0060548782348632,,0.0180082321166992,0.0168361663818359,,0.0019140243530273,,0.0101175308227539,,0.0090236663818359,0.0188674926757812,0.0027732849121093,0.0163669586181641,0.0207424163818359,0.0202732086181641
3490,0.005507469177246,0.0147266387939453,,,0.0097265243530273,0.0155858993530273,0.0153512954711914,0.0185546875,0.0203514099121094,0.0061330795288085,,0.0180082321166992,0.0168361663818359,,0.0019140243530273,,0.0101175308227539,,0.0090236663818359,0.0188674926757812,0.0027732849121093,0.0163669586181641,0.0208206176757812,0.0202732086181641
3500,0.005507469177246,0.0147266387939453,,,0.0097265243530273,0.0155858993530273,0.0153512954711914,0.0185546875,0.0203514099121094,0.0061330795288085,,0.0180082321166992,0.0169143676757812,,0.0019922256469726,,0.0101175308227539,,0.0091018676757812,0.0188674926757812,0.0027732849121093,0.0163669586181641,0.0208206176757812,0.0202732086181641
3510,0.0055856704711914,0.0147266387939453,,,0.009648323059082,0.0155858993530273,0.0154294967651367,0.0186328887939453,0.0202732086181641,0.0061330795288085,,0.0179300308227539,0.0169143676757812,,0.0019922256469726,,0.0101957321166992,,0.0091018676757812,0.0188674926757812,0.0027732849121093,0.0163669586181641,0.0208206176757812,0.0201950073242188
3520,0.0055856704711914,0.0147266387939453,,,0.009648323059082,0.0155858993530273,0.0154294967651367,0.0186328887939453,0.0201950073242188,0.0062112808227539,,0.0179300308227539,0.0169143676757812,,0.0020704269409179,,0.0101957321166992,,0.0091800689697265,0.0188674926757812,0.0027732849121093,0.0163669586181641,0.0208206176757812,0.0201950073242188
3530,0.0055856704711914,0.0146484375,,,0.009648323059082,0.0156641006469727,0.0154294967651367,0.0186328887939453,0.0201950073242188,0.0062112808227539,,0.0179300308227539,0.0169143676757812,,0.0020704269409179,,0.0101957321166992,,0.0091800689697265,0.0188674926757812,0.0028514862060546,0.0163669586181641,0.0208206176757812,0.0201177597045898
3540,0.0056638717651367,0.0146484375,,,0.0095701217651367,0.0156641006469727,0.0154294967651367,0.0187110900878906,0.0201177597045898,0.0062894821166992,,0.0179300308227539,0.0169143676757812,,0.0020704269409179,,0.0102739334106445,,0.0091800689697265,0.0188674926757812,0.0028514862060546,0.0163669586181641,0.0208206176757812,0.0201177597045898
3550,0.0056638717651367,0.0146484375,,,0.0095701217651367,0.0156641006469727,0.0154294967651367,0.0187110900878906,0.0201177597045898,0.0062894821166992,,0.0179300308227539,0.0169925689697266,,0.0021486282348632,,0.0102739334106445,,0.0092582702636718,0.0188674926757812,0.0028514862060546,0.0163669586181641,0.0208988189697266,0.0201177597045898
3560,0.0056638717651367,0.0146484375,,,0.0095701217651367,0.0156641006469727,0.0154294967651367,0.0187110900878906,0.0201177597045898,0.0063676834106445,,0.0179300308227539,0.0169925689697266,,0.0022268295288085,,0.0102739334106445,,0.0092582702636718,0.0188674926757812,0.0028514862060546,0.0163669586181641,0.0208988189697266,0.0200395584106445
3570,0.005742073059082,0.0145702362060547,,,0.0095701217651367,0.0156641006469727,0.0154294967651367,0.0187110900878906,0.0200395584106445,0.0063676834106445,,0.0178518295288086,0.0169925689697266,,0.0022268295288085,,0.0103511810302734,,0.0093364715576171,0.0188674926757812,0.0028514862060546,0.0163669586181641,0.0208988189697266,0.0200395584106445
3580,0.005742073059082,0.0145702362060547,,,0.0095701217651367,0.0156641006469727,0.015507698059082,0.0187892913818359,0.0200395584106445,0.0064449310302734,,0.0178518295288086,0.0169925689697266,,0.0022268295288085,,0.0103511810302734,,0.0093364715576171,0.0188674926757812,0.0029296875,0.0163669586181641,0.0208988189697266,0.0199613571166992
3590,0.005742073059082,0.0145702362060547,,,0.0095701217651367,0.015742301940918,0.015507698059082,0.0187892913818359,0.0199613571166992,0.0064449310302734,,0.0178518295288086,0.0169925689697266,,0.0023050308227539,,0.0103511810302734,,0.009413719177246,0.0188674926757812,0.0029296875,0.0163669586181641,0.0208988189697266,0.0199613571166992
3600,0.005742073059082,0.0145702362060547,,,0.0095701217651367,0.015742301940918,0.015507698059082,0.0187892913818359,0.0199613571166992,0.0065231323242187,,0.0178518295288086,0.0169925689697266,,0.0023050308227539,,0.0103511810302734,,0.009413719177246,0.0188674926757812,0.0029296875,0.0163669586181641,0.0209770202636719,0.0199613571166992
3610,0.0058202743530273,0.0145702362060547,,,0.0095701217651367,0.015742301940918,0.015507698059082,0.0188674926757812,0.0198831558227539,0.0065231323242187,,0.0178518295288086,0.0170707702636719,,0.0023832321166992,,0.0104293823242188,,0.0094919204711914,0.0188674926757812,0.0029296875,0.0163669586181641,0.0209770202636719,0.0198831558227539
3620,0.0058202743530273,0.0144920349121094,,,0.0094919204711914,0.015742301940918,0.015507698059082,0.0188674926757812,0.0198831558227539,0.006601333618164,,0.0178518295288086,0.0170707702636719,,0.0023832321166992,,0.0104293823242188,,0.0094919204711914,0.0188674926757812,0.0029296875,0.0163669586181641,0.0209770202636719,0.0198831558227539
3630,0.0058984756469726,0.0144920349121094,,,0.0094919204711914,0.015742301940918,0.015507698059082,0.0188674926757812,0.0198049545288086,0.006601333618164,,0.0178518295288086,0.0170707702636719,,0.0024614334106445,,0.0105075836181641,,0.0094919204711914,0.0188674926757812,0.0030078887939453,0.0163669586181641,0.0210552215576172,0.0198831558227539
3640,0.0058984756469726,0.0144920349121094,,,0.0094919204711914,0.015742301940918,0.0155858993530273,0.0188674926757812,0.0198049545288086,0.0066795349121093,,0.0177736282348633,0.0170707702636719,,0.0024614334106445,,0.0105075836181641,,0.0095701217651367,0.0188674926757812,0.0030078887939453,0.0162887573242188,0.0210552215576172,0.0198049545288086
3650,0.0058984756469726,0.0144920349121094,,,0.0094919204711914,0.0158205032348633,0.0155858993530273,0.0189456939697266,0.0197267532348633,0.0066795349121093,,0.0177736282348633,0.0171489715576172,,0.0025386810302734,,0.0105075836181641,,0.0095701217651367,0.0188674926757812,0.0030078887939453,0.0163669586181641,0.0210552215576172,0.0198049545288086
3660,0.0058984756469726,0.0144138336181641,,,0.0094919204711914,0.0158205032348633,0.0155858993530273,0.0189456939697266,0.0197267532348633,0.0067577362060546,,0.0177736282348633,0.0171489715576172,,0.0025386810302734,,0.0105075836181641,,0.009648323059082,0.0188674926757812,0.0030078887939453,0.0162887573242188,0.0210552215576172,0.0198049545288086
3670,0.0059766769409179,0.0144138336181641,,,0.0094919204711914,0.0158205032348633,0.0155858993530273,0.0189456939697266,0.019648551940918,0.0067577362060546,,0.0177736282348633,0.0171489715576172,,0.0026168823242187,,0.0105857849121094,,0.009648323059082,0.0188674926757812,0.0030078887939453,0.0162887573242188,0.0210552215576172,0.0197267532348633
3680,0.0059766769409179,0.0144138336181641,,,0.0094919204711914,0.0158205032348633,0.0155858993530273,0.0190238952636719,0.019648551940918,0.0068359375,,0.0177736282348633,0.0171489715576172,,0.0026168823242187,,0.0105857849121094,,0.009648323059082,0.0188674926757812,0.0030078887939453,0.0162887573242188,0.0211324691772461,0.0197267532348633
3690,0.0059766769409179,0.0144138336181641,,,0.0094919204711914,0.0158205032348633,0.0155858993530273,0.0190238952636719,0.0195703506469727,0.0068359375,,0.0177736282348633,0.0171489715576172,,0.0026168823242187,,0.0105857849121094,,0.0097265243530273,0.0188674926757812,0.0030078887939453,0.0162887573242188,0.0211324691772461,0.0197267532348633
3700,0.0059766769409179,0.0143356323242188,,,0.0094919204711914,0.0158205032348633,0.0155858993530273,0.0190238952636719,0.0195703506469727,0.0069141387939453,,0.0177736282348633,0.0171489715576172,,0.002695083618164,,0.0105857849121094,,0.0097265243530273,0.0188674926757812,0.0030860900878906,0.0162887573242188,0.0211324691772461,0.019648551940918
3710,0.0060548782348632,0.0143356323242188,,,0.0094919204711914,0.0158205032348633,0.0155858993530273,0.0190238952636719,0.0195703506469727,0.0069141387939453,,0.017695426940918,0.0172262191772461,,0.002695083618164,,0.0106639862060547,,0.0098047256469726,0.0188674926757812,0.0030860900878906,0.0162887573242188,0.0211324691772461,0.019648551940918
3720,0.0060548782348632,0.0143356323242188,,,0.0094919204711914,0.0158987045288086,0.0156641006469727,0.0191020965576172,0.0194921493530273,0.0069923400878906,,0.017695426940918,0.0172262191772461,,0.0027732849121093,,0.0106639862060547,,0.0098047256469726,0.0188674926757812,0.0030860900878906,0.0162887573242188,0.0212106704711914,0.019648551940918
3730,0.0060548782348632,0.0143356323242188,,,0.0094919204711914,0.0158987045288086,0.0156641006469727,0.0191020965576172,0.0194921493530273,0.0070705413818359,,0.017695426940918,0.0172262191772461,,0.0027732849121093,,0.0106639862060547,,0.0098047256469726,0.0188674926757812,0.0030860900878906,0.0162887573242188,0.0212106704711914,0.0195703506469727
3740,0.0060548782348632,0.0143356323242188,,,0.0094919204711914,0.0158987045288086,0.0156641006469727,0.0191020965576172,0.019413948059082,0.0070705413818359,,0.017695426940918,0.0172262191772461,,0.0027732849121093,,0.0106639862060547,,0.0098829269409179,0.0188674926757812,0.0030860900878906,0.0162887573242188,0.0212106704711914,0.0195703506469727
3750,0.0061330795288085,0.0142574310302734,,,0.0094919204711914,0.0158987045288086,0.0156641006469727,0.0191020965576172,0.019413948059082,0.0071487426757812,,0.017695426940918,0.0172262191772461,,0.0028514862060546,,0.0107421875,,0.0098829269409179,0.0188674926757812,0.0030860900878906,0.0162887573242188,0.0212106704711914,0.0195703506469727
3760,0.0061330795288085,0.0142574310302734,,,0.0094919204711914,0.0158987045288086,0.0156641006469727,0.0191793441772461,0.0193357467651367,0.0071487426757812,,0.017695426940918,0.0172262191772461,,0.0028514862060546,,0.0107421875,,0.0098829269409179,0.0188674926757812,0.0030860900878906,0.0162887573242188,0.0212106704711914,0.0194921493530273
3770,0.0061330795288085,0.0142574310302734,,,0.0094919204711914,0.0158987045288086,0.0156641006469727,0.0191793441772461,0.0193357467651367,0.0072269439697265,,0.017695426940918,0.0172262191772461,,0.0029296875,,0.0107421875,,0.0099611282348632,0.0188674926757812,0.0030860900878906,0.0162887573242188,0.0212888717651367,0.0194921493530273
3780,0.0061330795288085,0.0142574310302734,,,0.0094919204711914,0.0158987045288086,0.015742301940918,0.0191793441772461,0.0193357467651367,0.0073051452636718,,0.0176172256469727,0.0172262191772461,,0.0029296875,,0.0107421875,,0.0099611282348632,0.0188674926757812,0.0030860900878906,0.0162887573242188,0.0212888717651367,0.0194921493530273
3790,0.0062112808227539,0.0142574310302734,,,0.0094919204711914,0.0159769058227539,0.015742301940918,0.0192575454711914,0.0192575454711914,0.0073051452636718,,0.0176172256469727,0.0173044204711914,,0.0029296875,,0.0107421875,,0.0099611282348632,0.0188674926757812,0.0031642913818359,0.0162887573242188,0.0212888717651367,0.0194921493530273
3800,0.0062112808227539,0.0141801834106445,,,0.0094919204711914,0.0159769058227539,0.015742301940918,0.0192575454711914,0.0192575454711914,0.0073833465576171,,0.0176172256469727,0.0173044204711914,,0.0030078887939453,,0.0108203887939453,,0.0100393295288086,0.0188674926757812,0.0031642913818359,0.0162887573242188,0.0212888717651367,0.0194921493530273
3810,0.0062112808227539,0.0141801834106445,,,0.0094919204711914,0.0159769058227539,0.015742301940918,0.0192575454711914,0.0191793441772461,0.0073833465576171,,0.0176172256469727,0.0173044204711914,,0.0030078887939453,,0.0108203887939453,,0.0100393295288086,0.0188674926757812,0.0031642913818359,0.0162887573242188,0.021367073059082,0.019413948059082
3820,0.0062112808227539,0.0141801834106445,,,0.0094919204711914,0.0159769058227539,0.015742301940918,0.0192575454711914,0.0191793441772461,0.007460594177246,,0.0176172256469727,0.0173044204711914,,0.0030078887939453,,0.0108203887939453,,0.0100393295288086,0.0188674926757812,0.0031642913818359,0.0162887573242188,0.021367073059082,0.019413948059082
3830,0.0062112808227539,0.0141801834106445,,,0.0095701217651367,0.0159769058227539,0.015742301940918,0.0193357467651367,0.0191793441772461,0.0075387954711914,,0.0176172256469727,0.0173044204711914,,0.0030860900878906,,0.0108203887939453,,0.0101175308227539,0.0188674926757812,0.0031642913818359,0.0162887573242188,0.021367073059082,0.019413948059082
3840,0.0062894821166992,0.0141801834106445,,,0.0095701217651367,0.0159769058227539,0.0158205032348633,0.0193357467651367,0.0191020965576172,0.0075387954711914,,0.0175390243530273,0.0173044204711914,,0.0030860900878906,,0.0108203887939453,,0.0101175308227539,0.0188674926757812,0.0031642913818359,0.0162887573242188,0.021367073059082,0.0193357467651367
3850,0.0062894821166992,0.0141801834106445,,,0.0095701217651367,0.0159769058227539,0.0158205032348633,0.0193357467651367,0.0191020965576172,0.0076169967651367,,0.0175390243530273,0.0173044204711914,,0.0030860900878906,,0.0108203887939453,,0.0101175308227539,0.0188674926757812,0.0031642913818359,0.0162887573242188,0.0214452743530273,0.0193357467651367
3860,0.0062894821166992,0.0141019821166992,,,0.0095701217651367,0.0160551071166992,0.0158205032348633,0.0193357467651367,0.0191020965576172,0.007695198059082,,0.0175390243530273,0.0173044204711914,,0.0031642913818359,,0.0108985900878906,,0.0101175308227539,0.0188674926757812,0.0031642913818359,0.0162887573242188,0.0214452743530273,0.0193357467651367
3870,0.0062894821166992,0.0141019821166992,,,0.0095701217651367,0.0160551071166992,0.0158205032348633,0.019413948059082,0.0190238952636719,0.007695198059082,,0.0175390243530273,0.0173044204711914,,0.0031642913818359,,0.0108985900878906,,0.0101957321166992,0.0188674926757812,0.0031642913818359,0.0162887573242188,0.0214452743530273,0.0192575454711914
3880,0.0063676834106445,0.0141019821166992,,,0.0095701217651367,0.0160551071166992,0.0158205032348633,0.019413948059082,0.0190238952636719,0.0077733993530273,,0.0175390243530273,0.0173826217651367,,0.0032424926757812,,0.0108985900878906,,0.0101957321166992,0.0189456939697266,0.0031642913818359,0.0162887573242188,0.0214452743530273,0.0192575454711914
3890,0.0063676834106445,0.0141019821166992,,,0.0095701217651367,0.0160551071166992,0.0158205032348633,0.019413948059082,0.0189456939697266,0.0078516006469726,,0.0175390243530273,0.0173826217651367,,0.0032424926757812,,0.0108985900878906,,0.0101957321166992,0.0189456939697266,0.0031642913818359,0.0162887573242188,0.0214452743530273,0.0192575454711914
3900,0.0063676834106445,0.0141019821166992,,,0.0095701217651367,0.0160551071166992,0.0158205032348633,0.019413948059082,0.0189456939697266,0.0078516006469726,,0.0175390243530273,0.0173826217651367,,0.0032424926757812,,0.0108985900878906,,0.0102739334106445,0.0188674926757812,0.0031642913818359,0.0162887573242188,0.0215234756469727,0.0192575454711914
3910,0.0063676834106445,0.0141019821166992,,,0.0095701217651367,0.0160551071166992,0.0158987045288086,0.0194921493530273,0.0189456939697266,0.0079298019409179,,0.0175390243530273,0.0173826217651367,,0.0032424926757812,,0.0108985900878906,,0.0102739334106445,0.0188674926757812,0.0031642913818359,0.0162887573242188,0.0215234756469727,0.0192575454711914
3920,0.0064449310302734,0.0141019821166992,,,0.009648323059082,0.0160551071166992,0.0158987045288086,0.0194921493530273,0.0188674926757812,0.0079298019409179,,0.017460823059082,0.0173826217651367,,0.0033206939697265,,0.0109767913818359,,0.0102739334106445,0.0188674926757812,0.0032424926757812,0.0162887573242188,0.0215234756469727,0.0191793441772461
3930,0.0064449310302734,0.0141019821166992,,,0.009648323059082,0.0161333084106445,0.0158987045288086,0.0194921493530273,0.0188674926757812,0.0080080032348632,,0.017460823059082,0.0173826217651367,,0.0033206939697265,,0.0109767913818359,,0.0103511810302734,0.0189456939697266,0.0032424926757812,0.0162887573242188,0.0215234756469727,0.0191793441772461
3940,0.0064449310302734,0.0141019821166992,,,0.009648323059082,0.0161333084106445,0.0158987045288086,0.0194921493530273,0.0188674926757812,0.0080862045288085,,0.017460823059082,0.0173826217651367,,0.0033988952636718,,0.0109767913818359,,0.0103511810302734,0.0189456939697266,0.0032424926757812,0.0162115097045898,0.0215234756469727,0.0191793441772461
3950,0.0064449310302734,0.0141019821166992,,,0.009648323059082,0.0161333084106445,0.0158987045288086,0.0195703506469727,0.0187892913818359,0.0080862045288085,,0.017460823059082,0.0173826217651367,,0.0033988952636718,,0.0109767913818359,,0.0103511810302734,0.0189456939697266,0.0032424926757812,0.0162115097045898,0.021601676940918,0.0191793441772461
3960,0.0064449310302734,0.0141019821166992,,,0.009648323059082,0.0161333084106445,0.0158987045288086,0.0195703506469727,0.0187892913818359,0.0081644058227539,,0.017460823059082,0.0173826217651367,,0.0033988952636718,,0.0109767913818359,,0.0103511810302734,0.0189456939697266,0.0032424926757812,0.0162115097045898,0.021601676940918,0.0191020965576172
3970,0.0064449310302734,0.0141019821166992,,,0.009648323059082,0.0161333084106445,0.0158987045288086,0.0195703506469727,0.0187892913818359,0.0082426071166992,,0.017460823059082,0.0173826217651367,,0.0033988952636718,,0.0109767913818359,,0.0104293823242188,0.0189456939697266,0.0032424926757812,0.0162115097045898,0.021601676940918,0.0191020965576172
3980,0.0065231323242187,0.0141019821166992,,,0.009648323059082,0.0161333084106445,0.0159769058227539,0.019648551940918,0.0187110900878906,0.0082426071166992,,0.017460823059082,0.0173826217651367,,0.0034761428833007,,0.0110549926757812,,0.0104293823242188,0.0189456939697266,0.0032424926757812,0.0162115097045898,0.021601676940918,0.0191020965576172
3990,0.0065231323242187,0.0141019821166992,,,0.009648323059082,0.0162115097045898,0.0159769058227539,0.019648551940918,0.0187110900878906,0.0083208084106445,,0.017460823059082,0.0173826217651367,,0.0034761428833007,,0.0110549926757812,,0.0104293823242188,0.0189456939697266,0.0032424926757812,0.0162115097045898,0.021601676940918,0.0191020965576172
4000,0.0065231323242187,0.0141019821166992,,,0.0097265243530273,0.0162115097045898,0.0159769058227539,0.019648551940918,0.0187110900878906,0.0083980560302734,,0.0173826217651367,0.0173826217651367,,0.0034761428833007,,0.0110549926757812,,0.0105075836181641,0.0189456939697266,0.0032424926757812,0.0162115097045898,0.0216798782348633,0.0190238952636719
4010,0.0065231323242187,0.0141019821166992,,,0.0097265243530273,0.0162115097045898,0.0159769058227539,0.019648551940918,0.0186328887939453,0.0083980560302734,,0.0173826217651367,0.017460823059082,,0.003554344177246,,0.0110549926757812,,0.0105075836181641,0.0189456939697266,0.0032424926757812,0.0162115097045898,0.0216798782348633,0.0190238952636719
4020,0.0065231323242187,0.0141019821166992,,,0.0097265243530273,0.0162115097045898,0.0159769058227539,0.0197267532348633,0.0186328887939453,0.0084762573242187,,0.0173826217651367,0.0173826217651367,,0.003554344177246,,0.0110549926757812,,0.0105075836181641,0.0189456939697266,0.0032424926757812,0.0162115097045898,0.0216798782348633,0.0190238952636719
4030,0.0065231323242187,0.0141019821166992,,,0.0097265243530273,0.0162115097045898,0.0159769058227539,0.0197267532348633,0.0186328887939453,0.008554458618164,,0.0173826217651367,0.0173826217651367,,0.003554344177246,,0.0110549926757812,,0.0105075836181641,0.0189456939697266,0.0032424926757812,0.0162115097045898,0.0216798782348633,0.0190238952636719
4040,0.006601333618164,0.0141019821166992,,,0.0097265243530273,0.0162887573242188,0.0160551071166992,0.0197267532348633,0.0186328887939453,0.008554458618164,,0.0173826217651367,0.017460823059082,,0.003554344177246,,0.0110549926757812,,0.0105075836181641,0.0189456939697266,0.0032424926757812,0.0162115097045898,0.0216798782348633,0.0190238952636719
4050,0.006601333618164,0.0141019821166992,,,0.0097265243530273,0.0162887573242188,0.0160551071166992,0.0197267532348633,0.0185546875,0.0086326599121093,,0.0173826217651367,0.017460823059082,,0.0036325454711914,,0.0111331939697266,,0.0105857849121094,0.0189456939697266,0.0032424926757812,0.0162115097045898,0.0216798782348633,0.0189456939697266
4060,0.006601333618164,0.0141019821166992,,,0.0097265243530273,0.0162887573242188,0.0160551071166992,0.0198049545288086,0.0185546875,0.0087108612060546,,0.0173826217651367,0.017460823059082,,0.0036325454711914,,0.0111331939697266,,0.0105857849121094,0.0189456939697266,0.0032424926757812,0.0162115097045898,0.0217580795288086,0.0189456939697266
4070,0.006601333618164,0.0141019821166992,,,0.0097265243530273,0.0162887573242188,0.0160551071166992,0.0198049545288086,0.0185546875,0.0087108612060546,,0.0173826217651367,0.017460823059082,,0.0036325454711914,,0.0111331939697266,,0.0105857849121094,0.0189456939697266,0.0032424926757812,0.0162115097045898,0.0217580795288086,0.0189456939697266
4080,0.006601333618164,0.0141019821166992,,,0.0097265243530273,0.0162887573242188,0.0160551071166992,0.0198049545288086,0.0184764862060547,0.0087890625,,0.0173826217651367,0.017460823059082,,0.0037107467651367,,0.0111331939697266,,0.0106639862060547,0.0189456939697266,0.0032424926757812,0.0162115097045898,0.0217580795288086,0.0189456939697266
4090,0.0066795349121093,0.0141019821166992,,,0.0097265243530273,0.0162887573242188,0.0160551071166992,0.0198049545288086,0.0184764862060547,0.0088672637939453,,0.0173826217651367,0.017460823059082,,0.0037107467651367,,0.0111331939697266,,0.0106639862060547,0.0189456939697266,0.0032424926757812,0.0162115097045898,0.0217580795288086,0.0188674926757812
4100,0.0066795349121093,0.0141019821166992,,,0.0098047256469726,0.0162887573242188,0.0160551071166992,0.0198831558227539,0.0184764862060547,0.0088672637939453,,0.0173826217651367,0.017460823059082,,0.0037107467651367,,0.0111331939697266,,0.0106639862060547,0.0189456939697266,0.0033206939697265,0.0162115097045898,0.0217580795288086,0.0188674926757812
4110,0.0066795349121093,0.0141019821166992,,,0.0098047256469726,0.0162887573242188,0.0160551071166992,0.0198831558227539,0.0183982849121094,0.0089454650878906,,0.0173826217651367,0.017460823059082,,0.003788948059082,,0.0112113952636719,,0.0106639862060547,0.0189456939697266,0.0033206939697265,0.0162115097045898,0.0217580795288086,0.0188674926757812
4120,0.0066795349121093,0.0141019821166992,,,0.0098047256469726,0.0163669586181641,0.0161333084106445,0.0198831558227539,0.0183982849121094,0.0090236663818359,,0.0173826217651367,0.017460823059082,,0.003788948059082,,0.0112113952636719,,0.0107421875,0.0189456939697266,0.0033206939697265,0.0162115097045898,0.0217580795288086,0.0188674926757812
4130,0.0066795349121093,0.0141019821166992,,,0.0098047256469726,0.0163669586181641,0.0161333084106445,0.0198831558227539,0.0183982849121094,0.0091018676757812,,0.0173044204711914,0.017460823059082,,0.003788948059082,,0.0112113952636719,,0.0107421875,0.0189456939697266,0.0033206939697265,0.0162115097045898,0.0217580795288086,0.0188674926757812
4140,0.0067577362060546,0.0141801834106445,,,0.0098047256469726,0.0163669586181641,0.0161333084106445,0.0199613571166992,0.0183982849121094,0.0091018676757812,,0.0173044204711914,0.0175390243530273,,0.0038671493530273,,0.0112113952636719,,0.0107421875,0.0189456939697266,0.0033206939697265,0.0162115097045898,0.0217580795288086,0.0188674926757812
4150,0.0067577362060546,0.0141801834106445,,,0.0098047256469726,0.0163669586181641,0.0161333084106445,0.0199613571166992,0.0183982849121094,0.0091800689697265,,0.0173044204711914,0.0175390243530273,,0.0038671493530273,,0.0112113952636719,,0.0107421875,0.0189456939697266,0.0033206939697265,0.0162115097045898,0.0217580795288086,0.0187892913818359
4160,0.0067577362060546,0.0141801834106445,,,0.0098047256469726,0.0163669586181641,0.0161333084106445,0.0199613571166992,0.0183200836181641,0.0092582702636718,,0.0173044204711914,0.0175390243530273,,0.0038671493530273,,0.0112113952636719,,0.0108203887939453,0.0189456939697266,0.0033206939697265,0.0162115097045898,0.0218362808227539,0.0187892913818359
4170,0.0067577362060546,0.0141801834106445,,,0.0098047256469726,0.0163669586181641,0.0161333084106445,0.0200395584106445,0.0183200836181641,0.0092582702636718,,0.0173044204711914,0.0175390243530273,,0.0038671493530273,,0.0112113952636719,,0.0108203887939453,0.0189456939697266,0.0033206939697265,0.0162115097045898,0.0218362808227539,0.0187892913818359
4180,0.0067577362060546,0.0141801834106445,,,0.0098047256469726,0.0163669586181641,0.0161333084106445,0.0200395584106445,0.0183200836181641,0.0093364715576171,,0.0173044204711914,0.0175390243530273,,0.0038671493530273,,0.0112895965576172,,0.0108203887939453,0.0189456939697266,0.0033206939697265,0.0162115097045898,0.0218362808227539,0.0187892913818359
4190,0.0067577362060546,0.0141801834106445,,,0.0098047256469726,0.0164451599121094,0.0162115097045898,0.0200395584106445,0.0182418823242188,0.009413719177246,,0.0173044204711914,0.0175390243530273,,0.0038671493530273,,0.0112895965576172,,0.0108203887939453,0.0189456939697266,0.0033206939697265,0.0162115097045898,0.0218362808227539,0.0187892913818359
4200,0.0068359375,0.0141801834106445,,,0.0098047256469726,0.0164451599121094,0.0162115097045898,0.0200395584106445,0.0182418823242188,0.009413719177246,,0.0173044204711914,0.0175390243530273,,0.0039453506469726,,0.0112895965576172,,0.0108203887939453,0.0189456939697266,0.0033206939697265,0.0161333084106445,0.0218362808227539,0.0187110900878906
4210,0.0068359375,0.0141801834106445,,,0.0098047256469726,0.0164451599121094,0.0162115097045898,0.0201177597045898,0.0182418823242188,0.0094919204711914,,0.0173044204711914,0.0175390243530273,,0.0039453506469726,,0.0112895965576172,,0.0108985900878906,0.0189456939697266,0.0033206939697265,0.0161333084106445,0.0218362808227539,0.0187110900878906
4220,0.0068359375,0.0141801834106445,,,0.0098047256469726,0.0164451599121094,0.0162115097045898,0.0201177597045898,0.0182418823242188,0.0095701217651367,,0.0173044204711914,0.0175390243530273,,0.0039453506469726,,0.0112895965576172,,0.0108985900878906,0.0189456939697266,0.0033206939697265,0.0162115097045898,0.0218362808227539,0.0187110900878906
4230,0.0068359375,0.0141801834106445,,,0.0098047256469726,0.0164451599121094,0.0162115097045898,0.0201177597045898,0.0181646347045898,0.0095701217651367,,0.0173044204711914,0.0175390243530273,,0.0039453506469726,,0.0112895965576172,,0.0108985900878906,0.0189456939697266,0.0033206939697265,0.0162115097045898,0.0218362808227539,0.0187110900878906
4240,-0.0132417678833008,0.003788948059082,,,-3.91006469726562e-05,-0.0019140243530273,-0.0022268295288085,0.0040235519409179,0.0063676834106445,-0.0119142532348633,,0.0076169967651367,-0.0019922256469726,,-0.0180082321166992,,-0.0077733993530273,,-0.0073051452636718,0.0104293823242188,-0.0173044204711914,0.0048828125,-0.0003519058227539,0.0132427215576172
4250,-0.0114450454711914,0.0037107467651367,,,0.0001173019409179,-0.001835823059082,-0.0021486282348632,0.0041017532348632,0.0064449310302734,-0.0116796493530273,,0.0077733993530273,-0.0001173019409179,,-0.0159769058227539,,-0.0058202743530273,,-0.0058202743530273,0.0105075836181641,-0.0155858993530273,0.0048828125,-3.91006469726562e-05,0.0133981704711914
4260,-0.0102729797363281,0.0036325454711914,,,0.0001955032348632,-0.0016794204711914,-0.0021486282348632,0.0041017532348632,0.0064449310302734,-0.0114450454711914,,0.0078516006469726,0.0012111663818359,,-0.0145702362060547,,-0.0044918060302734,,-0.004648208618164,0.0105857849121094,-0.0143356323242188,0.0049610137939453,0.0002737045288085,0.0134763717651367
4270,-0.0093355178833007,0.0036325454711914,,,0.0003519058227539,-0.001601219177246,-0.0020704269409179,0.0041017532348632,0.0065231323242187,-0.0112113952636719,,0.0079298019409179,0.0021486282348632,,-0.0136327743530273,,-0.003554344177246,,-0.0036325454711914,0.0107421875,-0.0134763717651367,0.0049610137939453,0.0005855560302734,0.0136327743530273
4280,-0.008554458618164,0.003554344177246,,,0.0004301071166992,-0.0014448165893554,-0.0019922256469726,0.0041799545288085,0.006601333618164,-0.0109767913818359,,0.0080080032348632,0.0029296875,,-0.0128517150878906,,-0.0027732849121093,,-0.0027732849121093,0.0108203887939453,-0.0127735137939453,0.0050392150878906,0.0008201599121093,0.0137109756469727
4290,-0.0078516006469726,0.0034761428833007,,,0.0005855560302734,-0.0013675689697265,-0.0019922256469726,0.0041799545288085,0.006601333618164,-0.0108203887939453,,0.0080080032348632,0.003554344177246,,-0.0122261047363281,,-0.0022268295288085,,-0.0019922256469726,0.0108985900878906,-0.0122261047363281,0.0050392150878906,0.0011329650878906,0.0138673782348633
4300,-0.0073051452636718,0.0033988952636718,,,0.0006637573242187,-0.0012893676757812,-0.0019140243530273,0.0041799545288085,0.0066795349121093,-0.0105857849121094,,0.0080862045288085,0.0040235519409179,,-0.0116796493530273,,-0.0017576217651367,,-0.0012893676757812,0.0110549926757812,-0.0117578506469727,0.0050392150878906,0.0013675689697265,0.0139455795288086
4310,-0.0068359375,0.0033206939697265,,,0.000741958618164,-0.0012111663818359,-0.0019140243530273,0.0041799545288085,0.0067577362060546,-0.0104293823242188,,0.0080862045288085,0.0044918060302734,,-0.0112113952636719,,-0.0014448165893554,,-0.0006637573242187,0.0111331939697266,-0.0113668441772461,0.0051174163818359,0.0015230178833007,0.0140237808227539
4320,-0.0064449310302734,0.0032424926757812,,,0.0008201599121093,-0.0011329650878906,-0.001835823059082,0.0041799545288085,0.0067577362060546,-0.0102729797363281,,0.0081644058227539,0.0048828125,,-0.0108203887939453,,-0.0011329650878906,,-0.0001173019409179,0.0112113952636719,-0.0110549926757812,0.0051174163818359,0.0017576217651367,0.0141019821166992
4330,-0.0061330795288085,0.0031642913818359,,,0.0008983612060546,-0.0010547637939453,-0.001835823059082,0.0041799545288085,0.0068359375,-0.0101175308227539,,0.0081644058227539,0.0052738189697265,,-0.0104293823242188,,-0.0008201599121093,,0.0003519058227539,0.0112895965576172,-0.0107421875,0.0051174163818359,0.0019922256469726,0.0141801834106445
4340,-0.0058984756469726,0.0030860900878906,,,0.0009765625,-0.0009765625,-0.0017576217651367,0.0042581558227539,0.0069141387939453,-0.0099611282348632,,0.0081644058227539,0.0055856704711914,,-0.0101957321166992,,-0.0005855560302734,,0.000741958618164,0.0113668441772461,-0.0104293823242188,0.0051956176757812,0.0021486282348632,0.0142574310302734
4350,-0.0056638717651367,0.0030860900878906,,,0.0010547637939453,-0.0008983612060546,-0.0017576217651367,0.0042581558227539,0.0069141387939453,-0.0098829269409179,,0.0081644058227539,0.0058202743530273,,-0.0098829269409179,,-0.0003519058227539,,0.0010547637939453,0.0114450454711914,-0.0101957321166992,0.0051956176757812,0.0023832321166992,0.0143356323242188
4360,-0.0054292678833007,0.0030078887939453,,,0.0011329650878906,-0.0008201599121093,-0.0016794204711914,0.0042581558227539,0.0069923400878906,-0.0097265243530273,,0.0081644058227539,0.0061330795288085,,-0.009648323059082,,-0.0001173019409179,,0.0013675689697265,0.0115232467651367,-0.0099611282348632,0.0051956176757812,0.0025386810302734,0.0144138336181641
4370,-0.0052738189697265,0.0030078887939453,,,0.0011329650878906,-0.000741958618164,-0.001601219177246,0.0042581558227539,0.0070705413818359,-0.0095701217651367,,0.0081644058227539,0.0063676834106445,,-0.009413719177246,,0.0001173019409179,,0.0016794204711914,0.011601448059082,-0.0097265243530273,0.0052738189697265,0.0027732849121093,0.0144920349121094
4380,-0.0051174163818359,0.0030078887939453,,,0.0012111663818359,-0.0006637573242187,-0.001601219177246,0.0043363571166992,0.0070705413818359,-0.0094919204711914,,0.0081644058227539,0.0065231323242187,,-0.0092582702636718,,0.0002737045288085,,0.0019140243530273,0.0116796493530273,-0.0094919204711914,0.0052738189697265,0.0029296875,0.0145702362060547
4390,-0.0050392150878906,0.0030078887939453,,,0.0012111663818359,-0.0005855560302734,-0.0015230178833007,0.0043363571166992,0.0071487426757812,-0.009413719177246,,0.0081644058227539,0.0067577362060546,,-0.0090236663818359,,0.0004301071166992,,0.0021486282348632,0.0116796493530273,-0.0093355178833007,0.0052738189697265,0.0031642913818359,0.0146484375
4400,-0.0048828125,0.0030078887939453,,,0.0012893676757812,-0.0005073547363281,-0.0015230178833007,0.0043363571166992,0.0071487426757812,-0.0092582702636718,,0.0081644058227539,0.0069141387939453,,-0.0088672637939453,,0.0005855560302734,,0.0023050308227539,0.0117578506469727,-0.0091800689697265,0.0052738189697265,0.0033988952636718,0.0146484375
4410,-0.0048046112060546,0.0030078887939453,,,0.0012893676757812,-0.0005073547363281,-0.0014448165893554,0.0043363571166992,0.0072269439697265,-0.0091800689697265,,0.0081644058227539,0.0070705413818359,,-0.0087108612060546,,0.000741958618164,,0.0025386810302734,0.011836051940918,-0.0090236663818359,0.0052738189697265,0.003554344177246,0.0147266387939453
4420,-0.004648208618164,0.0030860900878906,,,0.0012893676757812,-0.0004301071166992,-0.0014448165893554,0.0043363571166992,0.0072269439697265,-0.0091018676757812,,0.0081644058227539,0.0072269439697265,,-0.008554458618164,,0.0008201599121093,,0.002695083618164,0.011836051940918,-0.0088672637939453,0.0052738189697265,0.003788948059082,0.0147266387939453
4430,-0.0045700073242187,0.0031642913818359,,,0.0013675689697265,-0.0003519058227539,-0.0013675689697265,0.0043363571166992,0.0073051452636718,-0.0089454650878906,,0.0081644058227539,0.0073051452636718,,-0.0083980560302734,,0.0009765625,,0.0028514862060546,0.0119142532348633,-0.0087890625,0.0053520202636718,0.0040235519409179,0.0148048400878906
4440,-0.0044918060302734,0.0031642913818359,,,0.0013675689697265,-0.0002737045288085,-0.0012893676757812,0.0044145584106445,0.0073051452636718,-0.0088672637939453,,0.0081644058227539,0.007460594177246,,-0.0083198547363281,,0.0010547637939453,,0.0030078887939453,0.0119142532348633,-0.0086326599121093,0.0053520202636718,0.0042581558227539,0.0148830413818359
4450,-0.0043363571166992,0.0032424926757812,,,0.0013675689697265,-0.0002737045288085,-0.0012893676757812,0.0044145584106445,0.0073833465576171,-0.0087890625,,0.0082426071166992,0.0075387954711914,,-0.0081644058227539,,0.0012111663818359,,0.0031642913818359,0.0119924545288086,-0.008554458618164,0.0053520202636718,0.0044918060302734,0.0148830413818359
4460,-0.0042581558227539,0.0033206939697265,,,0.0013675689697265,-0.0001955032348632,-0.0012111663818359,0.0044145584106445,0.007460594177246,-0.0087108612060546,,0.0082426071166992,0.007695198059082,,-0.0080080032348632,,0.0012893676757812,,0.0033206939697265,0.0119924545288086,-0.0084762573242187,0.0053520202636718,0.0047264099121093,0.0149612426757812
4470,-0.0041017532348632,0.0033988952636718,,,0.0013675689697265,-0.0001955032348632,-0.0012111663818359,0.0044145584106445,0.007460594177246,-0.0086326599121093,,0.0082426071166992,0.0077733993530273,,-0.0079298019409179,,0.0013675689697265,,0.0034761428833007,0.0119924545288086,-0.0083980560302734,0.0053520202636718,0.0048828125,0.0149612426757812
4480,-0.0040235519409179,0.0034761428833007,,,0.0013675689697265,-0.0001173019409179,-0.0011329650878906,0.0044145584106445,0.0075387954711914,-0.008554458618164,,0.0082426071166992,0.0078516006469726,,-0.0078516006469726,,0.0014457702636718,,0.003554344177246,0.0119924545288086,-0.0083198547363281,0.0053520202636718,0.0051174163818359,0.0150394439697266
4490,-0.0039453506469726,0.003554344177246,,,0.0014457702636718,-3.91006469726562e-05,-0.0011329650878906,0.0044918060302734,0.0075387954711914,-0.0084762573242187,,0.0082426071166992,0.0079298019409179,,-0.007695198059082,,0.0015230178833007,,0.0037107467651367,0.0120706558227539,-0.0082426071166992,0.0053520202636718,0.0053520202636718,0.0150394439697266
4500,-0.0038671493530273,0.003554344177246,,,0.0013675689697265,-3.91006469726562e-05,-0.0010547637939453,0.0044918060302734,0.0076169967651367,-0.0083980560302734,,0.0082426071166992,0.0080080032348632,,-0.0076169967651367,,0.0016794204711914,,0.003788948059082,0.0120706558227539,-0.0080862045288085,0.0054302215576171,0.0055856704711914,0.0150394439697266
4510,-0.0037107467651367,0.0036325454711914,,,0.0014457702636718,3.91006469726562e-05,-0.0010547637939453,0.0044918060302734,0.0076169967651367,-0.0083980560302734,,0.0082426071166992,0.0080862045288085,,-0.0075387954711914,,0.0017576217651367,,0.0038671493530273,0.0120706558227539,-0.0080080032348632,0.0054302215576171,0.0058202743530273,0.0151176452636719
4520,-0.0036325454711914,0.0037107467651367,,,0.0014457702636718,3.91006469726562e-05,-0.0009765625,0.0045700073242187,0.007695198059082,-0.0083198547363281,,0.0082426071166992,0.0081644058227539,,-0.007460594177246,,0.001835823059082,,0.0039453506469726,0.0120706558227539,-0.0079298019409179,0.0054302215576171,0.0060548782348632,0.0151176452636719
4530,-0.003554344177246,0.003788948059082,,,0.0014457702636718,0.0001173019409179,-0.0009765625,0.0045700073242187,0.007695198059082,-0.0082426071166992,,0.0083208084106445,0.0082426071166992,,-0.0073823928833007,,0.0019140243530273,,0.0041017532348632,0.0120706558227539,-0.0079298019409179,0.0054302215576171,0.0062894821166992,0.0151176452636719
4540,-0.0034761428833007,0.0038671493530273,,,0.0014457702636718,0.0001173019409179,-0.0008983612060546,0.0045700073242187,0.0077733993530273,-0.0081644058227539,,0.0083208084106445,0.0082426071166992,,-0.0073051452636718,,0.0019922256469726,,0.0041799545288085,0.0121488571166992,-0.0078516006469726,0.0054302215576171,0.0065231323242187,0.0151958465576172
4550,-0.0034761428833007,0.0039453506469726,,,0.0014457702636718,0.0001173019409179,-0.0008983612060546,0.004648208618164,0.0077733993530273,-0.0080862045288085,,0.0083208084106445,0.0083208084106445,,-0.0072269439697265,,0.0020704269409179,,0.0042581558227539,0.0121488571166992,-0.0077733993530273,0.0054302215576171,0.0067577362060546,0.0151958465576172
4560,-0.0033979415893554,0.0040235519409179,,,0.0014457702636718,0.0001955032348632,-0.0008201599121093,0.004648208618164,0.0078516006469726,-0.0080862045288085,,0.0083208084106445,0.0083980560302734,,-0.0071487426757812,,0.0021486282348632,,0.0043363571166992,0.0121488571166992,-0.007695198059082,0.0054302215576171,0.0069923400878906,0.0151958465576172
4570,-0.0033206939697265,0.0041017532348632,,,0.0014457702636718,0.0001955032348632,-0.0008201599121093,0.0047264099121093,0.0078516006469726,-0.0080080032348632,,0.0083208084106445,0.0083980560302734,,-0.0070705413818359,,0.0022268295288085,,0.0044145584106445,0.0121488571166992,-0.0076169967651367,0.0054302215576171,0.0071487426757812,0.0152730941772461
4580,-0.0032424926757812,0.0041799545288085,,,0.0014457702636718,0.0002737045288085,-0.000741958618164,0.0048046112060546,0.0079298019409179,-0.0079298019409179,,0.0083208084106445,0.0084762573242187,,-0.0069923400878906,,0.0023050308227539,,0.0044918060302734,0.0121488571166992,-0.0075387954711914,0.0054302215576171,0.0073833465576171,0.0152730941772461
4590,-0.0031642913818359,0.0042581558227539,,,0.0014457702636718,0.0002737045288085,-0.000741958618164,0.0048046112060546,0.0079298019409179,-0.0078516006469726,,0.0083208084106445,0.008554458618164,,-0.0069141387939453,,0.0023832321166992,,0.0045700073242187,0.0121488571166992,-0.007460594177246,0.0054302215576171,0.0076169967651367,0.0152730941772461
4600,-0.0030860900878906,0.0043363571166992,,,0.0014457702636718,0.0003519058227539,-0.0006637573242187,0.0048828125,0.0079298019409179,-0.0078516006469726,,0.0083208084106445,0.008554458618164,,-0.0069141387939453,,0.0024614334106445,,0.004648208618164,0.0121488571166992,-0.0073823928833007,0.005507469177246,0.0078516006469726,0.0152730941772461
4610,-0.0030860900878906,0.0044145584106445,,,0.0015230178833007,0.0003519058227539,-0.0006637573242187,0.0048828125,0.0080080032348632,-0.0077733993530273,,0.0083208084106445,0.0086326599121093,,-0.0068359375,,0.0024614334106445,,0.004648208618164,0.0121488571166992,-0.0073051452636718,0.005507469177246,0.0080862045288085,0.0152730941772461
4620,-0.0030078887939453,0.0044918060302734,,,0.0015230178833007,0.0003519058227539,-0.0005855560302734,0.0049610137939453,0.0080080032348632,-0.0077733993530273,,0.0083208084106445,0.0087108612060546,,-0.0067577362060546,,0.0025386810302734,,0.0047264099121093,0.0121488571166992,-0.0072269439697265,0.005507469177246,0.0083208084106445,0.0153512954711914
4630,-0.0029296875,0.0045700073242187,,,0.0015230178833007,0.0004301071166992,-0.0005855560302734,0.0049610137939453,0.0080080032348632,-0.007695198059082,,0.0083208084106445,0.0087108612060546,,-0.0066795349121093,,0.0026168823242187,,0.0048046112060546,0.0122270584106445,-0.0071487426757812,0.005507469177246,0.008554458618164,0.0153512954711914
4640,-0.0029296875,0.004648208618164,,,0.0015230178833007,0.0004301071166992,-0.0005073547363281,0.0050392150878906,0.0080862045288085,-0.0076169967651367,,0.0083208084106445,0.0087890625,,-0.0066795349121093,,0.002695083618164,,0.0048828125,0.0122270584106445,-0.0070705413818359,0.005507469177246,0.0087108612060546,0.0153512954711914
4650,-0.0028514862060546,0.0047264099121093,,,0.0015230178833007,0.0004301071166992,-0.0005073547363281,0.0050392150878906,0.0080862045288085,-0.0076169967651367,,0.0083208084106445,0.0087890625,,-0.006601333618164,,0.002695083618164,,0.0049610137939453,0.0122270584106445,-0.0069923400878906,0.005507469177246,0.0089454650878906,0.0153512954711914
4660,-0.0028514862060546,0.0047264099121093,,,0.0015230178833007,0.0005083084106445,-0.0004301071166992,0.0051174163818359,0.0081644058227539,-0.0075387954711914,,0.0083208084106445,0.0088672637939453,,-0.006601333618164,,0.0027732849121093,,0.0049610137939453,0.0122270584106445,-0.0069923400878906,0.005507469177246,0.0091800689697265,0.0153512954711914
4670,-0.0027732849121093,0.0048046112060546,,,0.0015230178833007,0.0005083084106445,-0.0004301071166992,0.0051174163818359,0.0081644058227539,-0.0075387954711914,,0.0083208084106445,0.0088672637939453,,-0.0065231323242187,,0.0028514862060546,,0.0050392150878906,0.0122270584106445,-0.0069141387939453,0.005507469177246,0.0093364715576171,0.0153512954711914
4680,-0.0027732849121093,0.0048828125,,,0.0015230178833007,0.0005083084106445,-0.0003519058227539,0.0051956176757812,0.0081644058227539,-0.007460594177246,,0.0083208084106445,0.0089454650878906,,-0.0064449310302734,,0.0028514862060546,,0.0051174163818359,0.0122270584106445,-0.0068359375,0.005507469177246,0.0095701217651367,0.0153512954711914
4690,-0.002695083618164,0.0049610137939453,,,0.0015230178833007,0.0005855560302734,-0.0003519058227539,0.0051956176757812,0.0082426071166992,-0.007460594177246,,0.0083208084106445,0.0089454650878906,,-0.0064449310302734,,0.0029296875,,0.0051174163818359,0.0122270584106445,-0.0068359375,0.005507469177246,0.0097265243530273,0.0154294967651367
4700,-0.002695083618164,0.0049610137939453,,,0.001601219177246,0.0005855560302734,-0.0003519058227539,0.0052738189697265,0.0082426071166992,-0.0073823928833007,,0.0083208084106445,0.0090236663818359,,-0.0063667297363281,,0.0030078887939453,,0.0051956176757812,0.0122270584106445,-0.0067577362060546,0.005507469177246,0.0098829269409179,0.0154294967651367
4710,-0.0026168823242187,0.0050392150878906,,,0.001601219177246,0.0005855560302734,-0.0002737045288085,0.0052738189697265,0.0082426071166992,-0.0073823928833007,,0.0083208084106445,0.0090236663818359,,-0.0062894821166992,,0.0030860900878906,,0.0052738189697265,0.0122270584106445,-0.0066795349121093,0.005507469177246,0.0101175308227539,0.0154294967651367
4720,-0.0026168823242187,0.0051174163818359,,,0.001601219177246,0.0005855560302734,-0.0002737045288085,0.0053520202636718,0.0083208084106445,-0.0073051452636718,,0.0083208084106445,0.0091018676757812,,-0.0062894821166992,,0.0030860900878906,,0.0052738189697265,0.0122270584106445,-0.006601333618164,0.005507469177246,0.0101957321166992,0.0154294967651367
4730,-0.0024604797363281,0.0051956176757812,,,0.001601219177246,0.0006637573242187,-0.0001173019409179,0.0054302215576171,0.0083980560302734,-0.0071487426757812,,0.0083208084106445,0.0091018676757812,,-0.0060548782348632,,0.0032424926757812,,0.005507469177246,-0.0116796493530273,-0.0064449310302734,0.005507469177246,0.0106639862060547,0.0154294967651367
4740,-0.0023832321166992,0.0052738189697265,,,0.001601219177246,0.000741958618164,-0.0001173019409179,0.005507469177246,0.0083980560302734,-0.0071487426757812,,0.0083208084106445,0.0092582702636718,,-0.0061330795288085,,0.0033206939697265,,0.005507469177246,0.0123043060302734,-0.0064449310302734,0.0055856704711914,0.0108203887939453,0.0154294967651367
4750,-0.0023832321166992,0.0053520202636718,,,0.001601219177246,0.000741958618164,-0.0001173019409179,0.005507469177246,0.0083980560302734,-0.0071487426757812,,0.0083980560302734,0.0092582702636718,,-0.0060548782348632,,0.0033206939697265,,0.0055856704711914,0.0123043060302734,-0.0063667297363281,0.0055856704711914,0.0109767913818359,0.015507698059082
4760,-0.0023832321166992,0.0053520202636718,,,0.001601219177246,0.000741958618164,-0.0001173019409179,0.005507469177246,0.0084762573242187,-0.0071487426757812,,0.0083980560302734,0.0093364715576171,,-0.0060548782348632,,0.0033988952636718,,0.0055856704711914,0.0123043060302734,-0.0063667297363281,0.0055856704711914,0.0110549926757812,0.015507698059082
4770,-0.0023050308227539,0.0054302215576171,,,0.001601219177246,0.000741958618164,-3.91006469726562e-05,0.0055856704711914,0.0084762573242187,-0.0070705413818359,,0.0083980560302734,0.0093364715576171,,-0.0059766769409179,,0.0033988952636718,,0.0056638717651367,0.0123043060302734,-0.0062894821166992,0.0055856704711914,0.0112113952636719,0.015507698059082
4780,-0.0023050308227539,0.0054302215576171,,,0.001601219177246,0.0008201599121093,-3.91006469726562e-05,0.0055856704711914,0.008554458618164,-0.0070705413818359,,0.0083980560302734,0.0093364715576171,,-0.0059766769409179,,0.0033988952636718,,0.0056638717651367,0.0123043060302734,-0.0062894821166992,0.0055856704711914,0.0112895965576172,0.015507698059082
4790,-0.0023050308227539,0.005507469177246,,,0.001601219177246,0.0008201599121093,-3.91006469726562e-05,0.0056638717651367,0.008554458618164,-0.0070705413818359,,0.0083980560302734,0.009413719177246,,-0.0058984756469726,,0.0034761428833007,,0.005742073059082,0.0123043060302734,-0.0062112808227539,0.0055856704711914,0.0113668441772461,0.015507698059082
4800,-0.0022268295288085,0.005507469177246,,,0.001601219177246,0.0008201599121093,3.91006469726562e-05,0.0056638717651367,0.008554458618164,-0.0069923400878906,,0.0083980560302734,0.009413719177246,,-0.0058984756469726,,0.0034761428833007,,0.005742073059082,0.0123043060302734,-0.0062112808227539,0.0055856704711914,0.0115232467651367,0.015507698059082
4810,-0.0022268295288085,0.0055856704711914,,,0.0016794204711914,0.0008201599121093,3.91006469726562e-05,0.0056638717651367,0.0086326599121093,-0.0069923400878906,,0.0084762573242187,0.009413719177246,,-0.0058984756469726,,0.0034761428833007,,0.0058202743530273,0.0123043060302734,-0.0062112808227539,0.0055856704711914,0.011601448059082,0.015507698059082
4820,-0.0022268295288085,0.0055856704711914,,,0.0016794204711914,0.0008201599121093,3.91006469726562e-05,0.005742073059082,0.0086326599121093,-0.0069923400878906,,0.0084762573242187,0.0094919204711914,,-0.0058202743530273,,0.0034761428833007,,0.0058202743530273,0.0123043060302734,-0.0061330795288085,0.0055856704711914,0.0116796493530273,0.015507698059082
4830,-0.0022268295288085,0.0056638717651367,,,0.0016794204711914,0.0008983612060546,0.0001173019409179,0.005742073059082,0.0086326599121093,-0.0069141387939453,,0.0084762573242187,0.0094919204711914,,-0.0058202743530273,,0.003554344177246,,0.0058202743530273,0.0123043060302734,-0.0061330795288085,0.0055856704711914,0.0117578506469727,0.015507698059082
4840,-0.0021486282348632,0.0056638717651367,,,0.0016794204711914,0.0008983612060546,0.0001173019409179,0.005742073059082,0.0086326599121093,-0.0069141387939453,,0.0084762573242187,0.0094919204711914,,-0.005742073059082,,0.003554344177246,,0.0058984756469726,0.0123043060302734,-0.0061330795288085,0.0055856704711914,0.011836051940918,0.015507698059082
4850,-0.0021486282348632,0.005742073059082,,,0.0017576217651367,0.0008983612060546,0.0001173019409179,0.0058202743530273,0.0087108612060546,-0.0069141387939453,,0.0084762573242187,0.0095701217651367,,-0.005742073059082,,0.003554344177246,,0.0058984756469726,0.0123043060302734,-0.0060548782348632,0.0055856704711914,0.0119142532348633,0.015507698059082
4860,-0.0021486282348632,0.005742073059082,,,0.0017576217651367,0.0008983612060546,0.0001173019409179,0.0058202743530273,0.0087108612060546,-0.0068359375,,0.0084762573242187,0.0095701217651367,,-0.005742073059082,,0.003554344177246,,0.0058984756469726,0.0123043060302734,-0.0060548782348632,0.0055856704711914,0.0119142532348633,0.015507698059082
4870,-0.0021486282348632,0.0058202743530273,,,0.001835823059082,0.0008983612060546,0.0001955032348632,0.0058202743530273,0.0087108612060546,-0.0068359375,,0.0084762573242187,0.0095701217651367,,-0.005742073059082,,0.0036325454711914,,0.0059766769409179,0.0123043060302734,-0.0060548782348632,0.0055856704711914,0.0119924545288086,0.015507698059082
4880,-0.0020704269409179,0.0058202743530273,,,0.001835823059082,0.0008983612060546,0.0001955032348632,0.0058202743530273,0.0087108612060546,-0.0068359375,,0.0084762573242187,0.009648323059082,,-0.0056638717651367,,0.0036325454711914,,0.0059766769409179,0.0123043060302734,-0.0059766769409179,0.0055856704711914,0.0120706558227539,0.015507698059082
4890,-0.0020704269409179,0.0058984756469726,,,0.001835823059082,0.0009765625,0.0001955032348632,0.0058984756469726,0.0087108612060546,-0.0067577362060546,,0.008554458618164,0.009648323059082,,-0.0056638717651367,,0.0036325454711914,,0.0059766769409179,0.0123825073242188,-0.0059766769409179,0.0055856704711914,0.0121488571166992,0.0155858993530273
4900,-0.0020704269409179,0.0058984756469726,,,0.001835823059082,0.0009765625,0.0001955032348632,0.0058984756469726,0.0087108612060546,-0.0067577362060546,,0.008554458618164,0.009648323059082,,-0.0056638717651367,,0.0036325454711914,,0.0060548782348632,0.0123825073242188,-0.0059766769409179,0.0055856704711914,0.0121488571166992,0.0155858993530273
4910,-0.0020704269409179,0.0059766769409179,,,0.0019140243530273,0.0009765625,0.0002737045288085,0.0058984756469726,0.0087890625,-0.0067577362060546,,0.008554458618164,0.0097265243530273,,-0.0055856704711914,,0.0037107467651367,,0.0060548782348632,0.0123825073242188,-0.0058984756469726,0.0055856704711914,0.0122270584106445,0.0155858993530273
4920,-0.0020704269409179,0.0059766769409179,,,0.0019140243530273,0.0009765625,0.0002737045288085,0.0058984756469726,0.0087890625,-0.0066795349121093,,0.008554458618164,0.0097265243530273,,-0.0055856704711914,,0.0037107467651367,,0.0060548782348632,0.0123825073242188,-0.0058984756469726,0.0055856704711914,0.0123043060302734,0.0155858993530273
4930,-0.0020704269409179,0.0060548782348632,,,0.0019922256469726,0.0009765625,0.0002737045288085,0.0059766769409179,0.0087890625,-0.0066795349121093,,0.008554458618164,0.0097265243530273,,-0.0055856704711914,,0.0037107467651367,,0.0061330795288085,0.0124607086181641,-0.0058984756469726,0.0055856704711914,0.0123043060302734,0.0155858993530273
4940,-0.0019922256469726,0.0060548782348632,,,0.0019922256469726,0.0010547637939453,0.0002737045288085,0.0059766769409179,0.0087890625,-0.0066795349121093,,0.008554458618164,0.0097265243530273,,-0.0055856704711914,,0.003788948059082,,0.0061330795288085,0.0124607086181641,-0.0058984756469726,0.0055856704711914,0.0123825073242188,0.0155858993530273
4950,-0.0019922256469726,0.0061330795288085,,,0.0019922256469726,0.0010547637939453,0.0003519058227539,0.0059766769409179,0.0087890625,-0.006601333618164,,0.008554458618164,0.0098047256469726,,-0.005507469177246,,0.003788948059082,,0.0061330795288085,0.0124607086181641,-0.0058202743530273,0.0055856704711914,0.0123825073242188,0.0155858993530273
4960,-0.0019922256469726,0.0061330795288085,,,0.0020704269409179,0.0010547637939453,0.0003519058227539,0.0059766769409179,0.0087890625,-0.006601333618164,,0.008554458618164,0.0098047256469726,,-0.005507469177246,,0.0038671493530273,,0.0062112808227539,0.0124607086181641,-0.0058202743530273,0.0055856704711914,0.0124607086181641,0.0155858993530273
4970,-0.0019140243530273,0.0062112808227539,,,0.0020704269409179,0.0010547637939453,0.0003519058227539,0.0060548782348632,0.0087890625,-0.006601333618164,,0.008554458618164,0.0098829269409179,,-0.005507469177246,,0.0038671493530273,,0.0062112808227539,0.0125389099121094,-0.0058202743530273,0.0055856704711914,0.0124607086181641,0.0155858993530273
4980,-0.0019140243530273,0.0062112808227539,,,0.0020704269409179,0.0010547637939453,0.0003519058227539,0.0060548782348632,0.0087890625,-0.0065231323242187,,0.008554458618164,0.0098829269409179,,-0.0054292678833007,,0.0038671493530273,,0.0062112808227539,0.0125389099121094,-0.005742073059082,0.0055856704711914,0.0125389099121094,0.0155858993530273
4990,-0.0019140243530273,0.0062894821166992,,,0.0021486282348632,0.0010547637939453,0.0003519058227539,0.0060548782348632,0.0088672637939453,-0.0065231323242187,,0.008554458618164,0.0098829269409179,,-0.0054292678833007,,0.0039453506469726,,0.0062894821166992,0.0125389099121094,-0.005742073059082,0.0055856704711914,0.0125389099121094,0.0155858993530273
5000,-0.0019140243530273,0.0062894821166992,,,0.0021486282348632,0.0011329650878906,0.0004301071166992,0.0060548782348632,0.0088672637939453,-0.0065231323242187,,0.008554458618164,0.0098829269409179,,-0.0054292678833007,,0.0039453506469726,,0.0062894821166992,0.0125389099121094,-0.005742073059082,0.0055856704711914,0.0126171112060547,0.0155858993530273
5010,-0.001835823059082,0.0063676834106445,,,0.0021486282348632,0.0011329650878906,0.0004301071166992,0.0060548782348632,0.0088672637939453,-0.0064449310302734,,0.008554458618164,0.0099611282348632,,-0.0053520202636718,,0.0039453506469726,,0.0062894821166992,0.0126171112060547,-0.0056638717651367,0.0056638717651367,0.0126171112060547,0.0155858993530273
5020,-0.001835823059082,0.0063676834106445,,,0.0021486282348632,0.0011329650878906,0.0004301071166992,0.0061330795288085,0.0088672637939453,-0.0064449310302734,,0.008554458618164,0.0099611282348632,,-0.0053520202636718,,0.0040235519409179,,0.0063676834106445,0.0126171112060547,-0.0056638717651367,0.0056638717651367,0.0126953125,0.0155858993530273
5030,-0.001835823059082,0.0063676834106445,,,0.0021486282348632,0.0011329650878906,0.0004301071166992,0.0061330795288085,0.0088672637939453,-0.0064449310302734,,0.008554458618164,0.0100393295288086,,-0.0053520202636718,,0.0040235519409179,,0.0063676834106445,0.0126171112060547,-0.0056638717651367,0.0056638717651367,0.0126953125,0.0155858993530273
5040,-0.0017576217651367,0.0064449310302734,,,0.0022268295288085,0.0011329650878906,0.0004301071166992,0.0061330795288085,0.0088672637939453,-0.0063667297363281,,0.008554458618164,0.0100393295288086,,-0.0052738189697265,,0.0041017532348632,,0.0063676834106445,0.0126953125,-0.0055856704711914,0.0056638717651367,0.0126953125,0.015507698059082
5050,-0.0017576217651367,0.0064449310302734,,,0.0022268295288085,0.0011329650878906,0.0005083084106445,0.0061330795288085,0.0088672637939453,-0.0063667297363281,,0.008554458618164,0.0100393295288086,,-0.0052738189697265,,0.0041017532348632,,0.0064449310302734,0.0126953125,-0.0055856704711914,0.0056638717651367,0.0127735137939453,0.015507698059082
5060,-0.0017576217651367,0.0064449310302734,,,0.0022268295288085,0.0011329650878906,0.0005083084106445,0.0061330795288085,0.0088672637939453,-0.0063667297363281,,0.008554458618164,0.0101175308227539,,-0.0052738189697265,,0.0041017532348632,,0.0064449310302734,0.0126953125,-0.0055856704711914,0.0056638717651367,0.0127735137939453,0.015507698059082
5070,-0.0017576217651367,0.0065231323242187,,,0.0022268295288085,0.0011329650878906,0.0005083084106445,0.0061330795288085,0.0088672637939453,-0.0062894821166992,,0.0084762573242187,0.0101175308227539,,-0.0052738189697265,,0.0041017532348632,,0.0064449310302734,0.0127735137939453,-0.005507469177246,0.0056638717651367,0.0127735137939453,0.015507698059082
5080,-0.0016794204711914,0.0065231323242187,,,0.0022268295288085,0.0012111663818359,0.0005083084106445,0.0062112808227539,0.0088672637939453,-0.0062894821166992,,0.0084762573242187,0.0101175308227539,,-0.0052738189697265,,0.0041799545288085,,0.0065231323242187,0.0127735137939453,-0.005507469177246,0.0056638717651367,0.0127735137939453,0.015507698059082
5090,-0.0016794204711914,0.0065231323242187,,,0.0022268295288085,0.0012111663818359,0.0005083084106445,0.0062112808227539,0.0088672637939453,-0.0062894821166992,,0.0084762573242187,0.0101957321166992,,-0.0051956176757812,,0.0041799545288085,,0.0065231323242187,0.0127735137939453,-0.005507469177246,0.0056638717651367,0.0128517150878906,0.015507698059082
5100,-0.0016794204711914,0.006601333618164,,,0.0022268295288085,0.0012111663818359,0.0005083084106445,0.0062112808227539,0.0088672637939453,-0.0062112808227539,,0.0084762573242187,0.0101957321166992,,-0.0051956176757812,,0.0041799545288085,,0.0065231323242187,0.0127735137939453,-0.005507469177246,0.0056638717651367,0.0128517150878906,0.015507698059082
5110,-0.0016794204711914,0.006601333618164,,,0.0022268295288085,0.0012111663818359,0.0005855560302734,0.0062112808227539,0.0088672637939453,-0.0062112808227539,,0.0083980560302734,0.0101957321166992,,-0.0051956176757812,,0.0042581558227539,,0.0065231323242187,0.0128517150878906,-0.0054292678833007,0.0056638717651367,0.0128517150878906,0.015507698059082
5120,-0.0016794204711914,0.006601333618164,,,0.0022268295288085,0.0012111663818359,0.0005855560302734,0.0062112808227539,0.0088672637939453,-0.0062112808227539,,0.0083980560302734,0.0102739334106445,,-0.0051956176757812,,0.0042581558227539,,0.0065231323242187,0.0128517150878906,-0.0054292678833007,0.0056638717651367,0.0128517150878906,0.015507698059082
5130,-0.0016794204711914,0.0066795349121093,,,0.0022268295288085,0.0012111663818359,0.0005855560302734,0.0062894821166992,0.0089454650878906,-0.0061330795288085,,0.0083980560302734,0.0102739334106445,,-0.0051956176757812,,0.0042581558227539,,0.006601333618164,0.0128517150878906,-0.0054292678833007,0.0056638717651367,0.0128517150878906,0.015507698059082
5140,-0.001601219177246,0.0066795349121093,,,0.0022268295288085,0.0012111663818359,0.0005855560302734,0.0062894821166992,0.0089454650878906,-0.0061330795288085,,0.0083208084106445,0.0102739334106445,,-0.0051956176757812,,0.0042581558227539,,0.006601333618164,0.0128517150878906,-0.0054292678833007,0.0056638717651367,0.0128517150878906,0.015507698059082
5150,-0.001601219177246,0.0066795349121093,,,0.0021486282348632,0.0012111663818359,0.0005855560302734,0.0062894821166992,0.0089454650878906,-0.0061330795288085,,0.0083208084106445,0.0103511810302734,,-0.0051174163818359,,0.0043363571166992,,0.006601333618164,0.0129299163818359,-0.0053520202636718,0.0056638717651367,0.0128517150878906,0.0154294967651367
5160,-0.001601219177246,0.0066795349121093,,,0.0021486282348632,0.0012111663818359,0.0005855560302734,0.0062894821166992,0.0089454650878906,-0.0060548782348632,,0.0082426071166992,0.0103511810302734,,-0.0051174163818359,,0.0043363571166992,,0.006601333618164,0.0129299163818359,-0.0053520202636718,0.0056638717651367,0.0128517150878906,0.0154294967651367
5170,-0.001601219177246,0.0066795349121093,,,0.0021486282348632,0.0012111663818359,0.0005855560302734,0.0062894821166992,0.0089454650878906,-0.0060548782348632,,0.0081644058227539,0.0103511810302734,,-0.0051174163818359,,0.0043363571166992,,0.0066795349121093,0.0129299163818359,-0.0053520202636718,0.0056638717651367,0.0129299163818359,0.0154294967651367
5180,-0.001601219177246,0.0066795349121093,,,0.0021486282348632,0.0012111663818359,0.0006637573242187,0.0063676834106445,0.0089454650878906,-0.0060548782348632,,0.0081644058227539,0.0103511810302734,,-0.0051174163818359,,0.0043363571166992,,0.0066795349121093,0.0129299163818359,-0.0053520202636718,0.0056638717651367,0.0129299163818359,0.0154294967651367
5190,-0.001601219177246,0.0067577362060546,,,0.0020704269409179,0.0012893676757812,0.0006637573242187,0.0063676834106445,0.0089454650878906,-0.0059766769409179,,0.0080862045288085,0.0103511810302734,,-0.0051174163818359,,0.0044145584106445,,0.0066795349121093,0.0130081176757812,-0.0053520202636718,0.0056638717651367,0.0129299163818359,0.0154294967651367
5200,-0.0015230178833007,0.0067577362060546,,,0.0020704269409179,0.0012893676757812,0.0006637573242187,0.0063676834106445,0.0089454650878906,-0.0059766769409179,,0.0080080032348632,0.0104293823242188,,-0.0051174163818359,,0.0044145584106445,,0.0066795349121093,0.0130081176757812,-0.0053520202636718,0.0056638717651367,0.0129299163818359,0.0154294967651367
5210,-0.0015230178833007,0.0067577362060546,,,0.0020704269409179,0.0012893676757812,0.0006637573242187,0.0063676834106445,0.0089454650878906,-0.0059766769409179,,0.0080080032348632,0.0104293823242188,,-0.0051174163818359,,0.0044145584106445,,0.0066795349121093,0.0130081176757812,-0.0052738189697265,0.0056638717651367,0.0129299163818359,0.0154294967651367
5220,-0.0015230178833007,0.0067577362060546,,,0.0019922256469726,0.0012893676757812,0.0006637573242187,0.0063676834106445,0.0089454650878906,-0.0058984756469726,,0.0079298019409179,0.0104293823242188,,-0.0051174163818359,,0.0044145584106445,,0.0067577362060546,0.0130081176757812,-0.0052738189697265,0.0056638717651367,0.0129299163818359,0.0154294967651367
5230,-0.0015230178833007,0.0067577362060546,,,0.0019922256469726,0.0012893676757812,0.0006637573242187,0.0064449310302734,0.0090236663818359,-0.0058984756469726,,0.0078516006469726,0.0104293823242188,,-0.0051174163818359,,0.0044145584106445,,0.0067577362060546,0.0130863189697266,-0.0052738189697265,0.0056638717651367,0.0129299163818359,0.0153512954711914
5240,-0.0015230178833007,0.0068359375,,,0.0019140243530273,0.0012893676757812,0.0006637573242187,0.0064449310302734,0.0090236663818359,-0.0058984756469726,,0.0078516006469726,0.0105075836181641,,-0.0051174163818359,,0.0044145584106445,,0.0067577362060546,0.0130863189697266,-0.0052738189697265,0.0056638717651367,0.0129299163818359,0.0153512954711914
5250,-0.0015230178833007,0.0068359375,,,0.0019140243530273,0.0012893676757812,0.0006637573242187,0.0064449310302734,0.0090236663818359,-0.0058984756469726,,0.0077733993530273,0.0105075836181641,,-0.0051174163818359,,0.0044145584106445,,0.0067577362060546,0.0130863189697266,-0.0052738189697265,0.0056638717651367,0.0129299163818359,0.0153512954711914
5260,-0.0015230178833007,0.0068359375,,,0.001835823059082,0.0012893676757812,0.0006637573242187,0.0064449310302734,0.0090236663818359,-0.0058202743530273,,0.007695198059082,0.0105075836181641,,-0.0051174163818359,,0.0044918060302734,,0.0067577362060546,0.0130863189697266,-0.0051956176757812,0.0056638717651367,0.0129299163818359,0.0153512954711914
5270,-0.0015230178833007,0.0068359375,,,0.001835823059082,0.0012893676757812,0.000741958618164,0.0064449310302734,0.0090236663818359,-0.0058202743530273,,0.0076169967651367,0.0105075836181641,,-0.0051174163818359,,0.0044918060302734,,0.0067577362060546,0.0131645202636719,-0.0051956176757812,0.0056638717651367,0.0129299163818359,0.0153512954711914
5280,-0.0015230178833007,0.0068359375,,,0.0017576217651367,0.0012893676757812,0.000741958618164,0.0064449310302734,0.0090236663818359,-0.0058202743530273,,0.0076169967651367,0.0105075836181641,,-0.0051174163818359,,0.0044918060302734,,0.0068359375,0.0131645202636719,-0.0051956176757812,0.0056638717651367,0.0129299163818359,0.0153512954711914
5290,-0.0015230178833007,0.0068359375,,,0.0016794204711914,0.0012893676757812,0.000741958618164,0.0065231323242187,0.0090236663818359,-0.005742073059082,,0.0075387954711914,0.0105075836181641,,-0.0051174163818359,,0.0044918060302734,,0.0068359375,0.0131645202636719,-0.0051956176757812,0.0056638717651367,0.0129299163818359,0.0153512954711914
5300,-0.0014448165893554,0.0068359375,,,0.0016794204711914,0.0013675689697265,0.000741958618164,0.0065231323242187,0.0090236663818359,-0.005742073059082,,0.0075387954711914,0.0105857849121094,,-0.0051174163818359,,0.0044918060302734,,0.0068359375,0.0132427215576172,-0.0051956176757812,0.0056638717651367,0.0128517150878906,0.0152730941772461
5310,-0.0014448165893554,0.0068359375,,,0.001601219177246,0.0013675689697265,0.000741958618164,0.0065231323242187,0.0090236663818359,-0.005742073059082,,0.007460594177246,0.0105857849121094,,-0.0051174163818359,,0.0044918060302734,,0.0068359375,0.0132427215576172,-0.0051956176757812,0.0056638717651367,0.0128517150878906,0.0152730941772461
5320,-0.0014448165893554,0.0069141387939453,,,0.001601219177246,0.0013675689697265,0.000741958618164,0.0065231323242187,0.0091018676757812,-0.005742073059082,,0.0073833465576171,0.0105857849121094,,-0.0051174163818359,,0.0044918060302734,,0.0068359375,0.0132427215576172,-0.0051956176757812,0.0056638717651367,0.0128517150878906,0.0152730941772461
5330,-0.0014448165893554,0.0069141387939453,,,0.0015230178833007,0.0013675689697265,0.000741958618164,0.0065231323242187,0.0091018676757812,-0.005742073059082,,0.0073833465576171,0.0105857849121094,,-0.0051174163818359,,0.0044918060302734,,0.0068359375,0.0132427215576172,-0.0051174163818359,0.0056638717651367,0.0128517150878906,0.0152730941772461
5340,-0.0014448165893554,0.0069141387939453,,,0.0015230178833007,0.0013675689697265,0.000741958618164,0.0065231323242187,0.0091018676757812,-0.0056638717651367,,0.0073051452636718,0.0105857849121094,,-0.0051174163818359,,0.0044918060302734,,0.0068359375,0.0133199691772461,-0.0051174163818359,0.0056638717651367,0.0128517150878906,0.0152730941772461
5350,-0.0014448165893554,0.0069141387939453,,,0.0014457702636718,0.0013675689697265,0.000741958618164,0.0065231323242187,0.0091018676757812,-0.0056638717651367,,0.0073051452636718,0.0105857849121094,,-0.0051956176757812,,0.0044918060302734,,0.0068359375,0.0133199691772461,-0.0051174163818359,0.0056638717651367,0.0128517150878906,0.0152730941772461
5360,-0.0014448165893554,0.0069141387939453,,,0.0013675689697265,0.0013675689697265,0.000741958618164,0.0065231323242187,0.0091800689697265,-0.0056638717651367,,0.0072269439697265,0.0105857849121094,,-0.0051956176757812,,0.0045700073242187,,0.0068359375,0.0133199691772461,-0.0051174163818359,0.0056638717651367,0.0128517150878906,0.0152730941772461
5370,-0.0014448165893554,0.0069141387939453,,,0.0013675689697265,0.0013675689697265,0.000741958618164,0.006601333618164,0.0091800689697265,-0.0056638717651367,,0.0072269439697265,0.0106639862060547,,-0.0051956176757812,,0.0045700073242187,,0.0069141387939453,0.0133981704711914,-0.0051174163818359,0.0056638717651367,0.0128517150878906,0.0151958465576172
5380,-0.0014448165893554,0.0069141387939453,,,0.0013675689697265,0.0013675689697265,0.0008201599121093,0.006601333618164,0.0091800689697265,-0.0055856704711914,,0.0072269439697265,0.0106639862060547,,-0.0051956176757812,,0.0045700073242187,,0.0069141387939453,0.0133981704711914,-0.0051174163818359,0.0056638717651367,0.0128517150878906,0.0151958465576172
5390,-0.0014448165893554,0.0069923400878906,,,0.0012893676757812,0.0013675689697265,0.0008201599121093,0.006601333618164,0.0091800689697265,-0.0055856704711914,,0.0071487426757812,0.0106639862060547,,-0.0051956176757812,,0.0045700073242187,,0.0069141387939453,0.0134763717651367,-0.0051174163818359,0.0056638717651367,0.0128517150878906,0.0151958465576172
5400,-0.0014448165893554,0.0069923400878906,,,0.0012893676757812,0.0013675689697265,0.0008201599121093,0.006601333618164,0.0092582702636718,-0.0055856704711914,,0.0071487426757812,0.0106639862060547,,-0.0051956176757812,,0.0045700073242187,,0.0069141387939453,0.0134763717651367,-0.0051174163818359,0.0056638717651367,0.0128517150878906,0.0151958465576172
5410,-0.0014448165893554,0.0069923400878906,,,0.0012111663818359,0.0014457702636718,0.0008201599121093,0.006601333618164,0.0092582702636718,-0.0055856704711914,,0.0071487426757812,0.0106639862060547,,-0.0052738189697265,,0.0045700073242187,,0.0069141387939453,0.0134763717651367,-0.0051174163818359,0.005742073059082,0.0128517150878906,0.0151958465576172
5420,-0.0014448165893554,0.0069923400878906,,,0.0012111663818359,0.0014457702636718,0.0008201599121093,0.006601333618164,0.0092582702636718,-0.005507469177246,,0.0071487426757812,0.0106639862060547,,-0.0052738189697265,,0.0045700073242187,,0.0069141387939453,0.013554573059082,-0.0051174163818359,0.005742073059082,0.0128517150878906,0.0151958465576172
5430,-0.0014448165893554,0.0069923400878906,,,0.0012111663818359,0.0014457702636718,0.0008201599121093,0.0066795349121093,0.0092582702636718,-0.005507469177246,,0.0071487426757812,0.0106639862060547,,-0.0052738189697265,,0.0045700073242187,,0.0069141387939453,0.013554573059082,-0.0051174163818359,0.005742073059082,0.0128517150878906,0.0151958465576172
5440,-0.0014448165893554,0.0069923400878906,,,0.0011329650878906,0.0014457702636718,0.0008201599121093,0.0066795349121093,0.0092582702636718,-0.005507469177246,,0.0070705413818359,0.0106639862060547,,-0.0052738189697265,,0.0045700073242187,,0.0069141387939453,0.013554573059082,-0.0051174163818359,0.0056638717651367,0.0128517150878906,0.0151958465576172
5450,-0.0014448165893554,0.0069923400878906,,,0.0011329650878906,0.0014457702636718,0.0008201599121093,0.0066795349121093,0.0092582702636718,-0.005507469177246,,0.0070705413818359,0.0106639862060547,,-0.0053520202636718,,0.0045700073242187,,0.0069141387939453,0.0136327743530273,-0.0051174163818359,0.005742073059082,0.0128517150878906,0.0151958465576172
5460,-0.0014448165893554,0.0069923400878906,,,0.0011329650878906,0.0014457702636718,0.0008201599121093,0.0066795349121093,0.0093364715576171,-0.005507469177246,,0.0070705413818359,0.0106639862060547,,-0.0053520202636718,,0.0045700073242187,,0.0069141387939453,0.0136327743530273,-0.0050392150878906,0.005742073059082,0.0128517150878906,0.0151958465576172
5470,-0.0014448165893554,0.0069923400878906,,,0.0010547637939453,0.0014457702636718,0.0008201599121093,0.0066795349121093,0.0093364715576171,-0.005507469177246,,0.0070705413818359,0.0106639862060547,,-0.0053520202636718,,0.0045700073242187,,0.0069141387939453,0.0136327743530273,-0.0050392150878906,0.005742073059082,0.0128517150878906,0.0151176452636719
5480,-0.0014448165893554,0.0069923400878906,,,0.0010547637939453,0.0014457702636718,0.0008201599121093,0.0066795349121093,0.0093364715576171,-0.0054292678833007,,0.0070705413818359,0.0106639862060547,,-0.0053520202636718,,0.0044918060302734,,0.0069141387939453,0.0137109756469727,-0.0051174163818359,0.005742073059082,0.0128517150878906,0.0151176452636719
5490,-0.0014448165893554,0.0069923400878906,,,0.0010547637939453,0.0015230178833007,0.0008201599121093,0.0066795349121093,0.0093364715576171,-0.0054292678833007,,0.0070705413818359,0.0106639862060547,,-0.0053520202636718,,0.0044918060302734,,0.0069141387939453,0.0137109756469727,-0.0051174163818359,0.005742073059082,0.0127735137939453,0.0151176452636719
5500,-0.0014448165893554,0.0070705413818359,,,0.0010547637939453,0.0015230178833007,0.0008201599121093,0.0066795349121093,0.0093364715576171,-0.0054292678833007,,0.0070705413818359,0.0105857849121094,,-0.0054292678833007,,0.0044918060302734,,0.0069141387939453,0.0137109756469727,-0.0051174163818359,0.005742073059082,0.0127735137939453,0.0151176452636719
5510,-0.0015230178833007,0.0070705413818359,,,0.0009765625,0.0015230178833007,0.0008201599121093,0.0066795349121093,0.0093364715576171,-0.0054292678833007,,0.0070705413818359,0.0105857849121094,,-0.0054292678833007,,0.0044918060302734,,0.0069141387939453,0.013789176940918,-0.0051174163818359,0.005742073059082,0.0127735137939453,0.0151176452636719
5520,-0.0015230178833007,0.0070705413818359,,,0.0009765625,0.0015230178833007,0.0008201599121093,0.0067577362060546,0.0093364715576171,-0.0054292678833007,,0.0070705413818359,0.0105857849121094,,-0.0054292678833007,,0.0044918060302734,,0.0069141387939453,0.013789176940918,-0.0051174163818359,0.005742073059082,0.0127735137939453,0.0151176452636719
5530,-0.0015230178833007,0.0070705413818359,,,0.0009765625,0.0015230178833007,0.0008201599121093,0.0067577362060546,0.0093364715576171,-0.0053520202636718,,0.0070705413818359,0.0105857849121094,,-0.0054292678833007,,0.0044918060302734,,0.0069141387939453,0.0138673782348633,-0.0051174163818359,0.005742073059082,0.0127735137939453,0.0151176452636719
5540,-0.0015230178833007,0.0070705413818359,,,0.0009765625,0.0015230178833007,0.0008201599121093,0.0067577362060546,0.009413719177246,-0.0053520202636718,,0.0070705413818359,0.0105857849121094,,-0.0054292678833007,,0.0044918060302734,,0.0069141387939453,0.0138673782348633,-0.0051174163818359,0.005742073059082,0.0127735137939453,0.0151176452636719
5550,-0.0015230178833007,0.0070705413818359,,,0.0008983612060546,0.0015230178833007,0.0008201599121093,0.0067577362060546,0.009413719177246,-0.0053520202636718,,0.0070705413818359,0.0105857849121094,,-0.005507469177246,,0.0044918060302734,,0.0069141387939453,0.0138673782348633,-0.0051174163818359,0.005742073059082,0.0127735137939453,0.0150394439697266
5560,-0.0015230178833007,0.0070705413818359,,,0.0008983612060546,0.0015230178833007,0.0008201599121093,0.0067577362060546,0.009413719177246,-0.0053520202636718,,0.0070705413818359,0.0105075836181641,,-0.005507469177246,,0.0044918060302734,,0.0069141387939453,0.0139455795288086,-0.0051174163818359,0.005742073059082,0.0127735137939453,0.0150394439697266
5570,-0.0015230178833007,0.0070705413818359,,,0.0008983612060546,0.0015230178833007,0.0008201599121093,0.0067577362060546,0.009413719177246,-0.0053520202636718,,0.0070705413818359,0.0105075836181641,,-0.005507469177246,,0.0044145584106445,,0.0069141387939453,0.0139455795288086,-0.0051174163818359,0.005742073059082,0.0127735137939453,0.0150394439697266
5580,-0.0015230178833007,0.0070705413818359,,,0.0008201599121093,0.001601219177246,0.0008201599121093,0.0067577362060546,0.009413719177246,-0.0052738189697265,,0.0070705413818359,0.0105075836181641,,-0.005507469177246,,0.0044145584106445,,0.0069141387939453,0.0139455795288086,-0.0051174163818359,0.005742073059082,0.0127735137939453,0.0150394439697266
5590,-0.0015230178833007,0.0070705413818359,,,0.0008201599121093,0.001601219177246,0.0008201599121093,0.0067577362060546,0.009413719177246,-0.0052738189697265,,0.0071487426757812,0.0105075836181641,,-0.005507469177246,,0.0044145584106445,,0.0069141387939453,0.0140237808227539,-0.0051174163818359,0.005742073059082,0.0126953125,0.0150394439697266
5600,-0.001601219177246,0.0071487426757812,,,0.0008201599121093,0.001601219177246,0.0008983612060546,0.0067577362060546,0.009413719177246,-0.0052738189697265,,0.0071487426757812,0.0104293823242188,,-0.0055856704711914,,0.0044145584106445,,0.0069141387939453,0.0140237808227539,-0.0051174163818359,0.005742073059082,0.0126953125,0.0150394439697266
5610,-0.001601219177246,0.0071487426757812,,,0.0008201599121093,0.001601219177246,0.0008983612060546,0.0067577362060546,0.009413719177246,-0.0052738189697265,,0.0071487426757812,0.0104293823242188,,-0.0055856704711914,,0.0044145584106445,,0.0069141387939453,0.0141019821166992,-0.0051174163818359,0.005742073059082,0.0126953125,0.0150394439697266
5620,-0.001601219177246,0.0071487426757812,,,0.000741958618164,0.001601219177246,0.0008983612060546,0.0067577362060546,0.009413719177246,-0.0052738189697265,,0.0071487426757812,0.0104293823242188,,-0.0055856704711914,,0.0044145584106445,,0.0069141387939453,0.0141019821166992,-0.0051174163818359,0.005742073059082,0.0126953125,0.0150394439697266
5630,-0.001601219177246,0.0071487426757812,,,0.000741958618164,0.001601219177246,0.0008983612060546,0.0068359375,0.0094919204711914,-0.0051956176757812,,0.0071487426757812,0.0104293823242188,,-0.0055856704711914,,0.0043363571166992,,0.0069141387939453,0.0141019821166992,-0.0051956176757812,0.005742073059082,0.0126953125,0.0150394439697266
5640,-0.001601219177246,0.0071487426757812,,,0.000741958618164,0.001601219177246,0.0008983612060546,0.0068359375,0.0094919204711914,-0.0051956176757812,,0.0071487426757812,0.0103511810302734,,-0.0055856704711914,,0.0043363571166992,,0.0069141387939453,0.0141801834106445,-0.0051174163818359,0.005742073059082,0.0126953125,0.0150394439697266
5650,-0.001601219177246,0.0071487426757812,,,0.0006637573242187,0.001601219177246,0.0008983612060546,0.0068359375,0.0094919204711914,-0.0051956176757812,,0.0072269439697265,0.0103511810302734,,-0.0056638717651367,,0.0043363571166992,,0.0069141387939453,0.0141801834106445,-0.0051956176757812,0.005742073059082,0.0126953125,0.0150394439697266
5660,-0.0016794204711914,0.0071487426757812,,,0.0006637573242187,0.001601219177246,0.0008983612060546,0.0068359375,0.0094919204711914,-0.0051956176757812,,0.0072269439697265,0.0103511810302734,,-0.0056638717651367,,0.0043363571166992,,0.0069141387939453,0.0141801834106445,-0.0051956176757812,0.005742073059082,0.0126953125,0.0150394439697266
5670,-0.0016794204711914,0.0071487426757812,,,0.0006637573242187,0.001601219177246,0.0008983612060546,0.0068359375,0.0094919204711914,-0.0051956176757812,,0.0072269439697265,0.0102739334106445,,-0.0056638717651367,,0.0043363571166992,,0.0069141387939453,0.0142574310302734,-0.0051956176757812,0.005742073059082,0.0126953125,0.0149612426757812
5680,-0.0016794204711914,0.0071487426757812,,,0.0006637573242187,0.0016794204711914,0.0008983612060546,0.0068359375,0.0094919204711914,-0.0051174163818359,,0.0072269439697265,0.0102739334106445,,-0.0056638717651367,,0.0043363571166992,,0.0068359375,0.0142574310302734,-0.0051956176757812,0.005742073059082,0.0126171112060547,0.0149612426757812
5690,-0.0016794204711914,0.0071487426757812,,,0.0005855560302734,0.0016794204711914,0.0008983612060546,0.0068359375,0.0094919204711914,-0.0051174163818359,,0.0073051452636718,0.0102739334106445,,-0.0056638717651367,,0.0042581558227539,,0.0068359375,0.0143356323242188,-0.0051956176757812,0.005742073059082,0.0126171112060547,0.0149612426757812
5700,-0.0016794204711914,0.0071487426757812,,,0.0005855560302734,0.0016794204711914,0.0008983612060546,0.0068359375,0.0094919204711914,-0.0051174163818359,,0.0073051452636718,0.0101957321166992,,-0.005742073059082,,0.0042581558227539,,0.0068359375,0.0143356323242188,-0.0051956176757812,0.005742073059082,0.0126171112060547,0.0149612426757812
5710,-0.0016794204711914,0.0071487426757812,,,0.0005855560302734,0.0016794204711914,0.0008983612060546,0.0068359375,0.0094919204711914,-0.0051174163818359,,0.0073051452636718,0.0101957321166992,,-0.005742073059082,,0.0042581558227539,,0.0068359375,0.0143356323242188,-0.0051956176757812,0.005742073059082,0.0126171112060547,0.0149612426757812
5720,-0.0017576217651367,0.0072269439697265,,,0.0005855560302734,0.0016794204711914,0.0008983612060546,0.0068359375,0.0094919204711914,-0.0050392150878906,,0.0073051452636718,0.0101957321166992,,-0.005742073059082,,0.0042581558227539,,0.0068359375,0.0144138336181641,-0.0051956176757812,0.005742073059082,0.0126171112060547,0.0149612426757812
5730,-0.0017576217651367,0.0072269439697265,,,0.0005855560302734,0.0016794204711914,0.0008983612060546,0.0069141387939453,0.0094919204711914,-0.0050392150878906,,0.0073833465576171,0.0101957321166992,,-0.005742073059082,,0.0042581558227539,,0.0068359375,0.0144138336181641,-0.0051956176757812,0.005742073059082,0.0126171112060547,0.0149612426757812
5740,-0.0017576217651367,0.0072269439697265,,,0.0005855560302734,0.0016794204711914,0.0008983612060546,0.0069141387939453,0.0094919204711914,-0.0050392150878906,,0.0073833465576171,0.0101175308227539,,-0.005742073059082,,0.0041799545288085,,0.0068359375,0.0144138336181641,-0.0051956176757812,0.005742073059082,0.0126171112060547,0.0149612426757812
5750,-0.0017576217651367,0.0072269439697265,,,0.0005855560302734,0.0016794204711914,0.0008983612060546,0.0069141387939453,0.0094919204711914,-0.0050392150878906,,0.0073833465576171,0.0101175308227539,,-0.0058202743530273,,0.0041799545288085,,0.0068359375,0.0144138336181641,-0.0051956176757812,0.005742073059082,0.0125389099121094,0.0149612426757812
5760,-0.0017576217651367,0.0072269439697265,,,0.0005855560302734,0.0016794204711914,0.0008983612060546,0.0069141387939453,0.0095701217651367,-0.0050392150878906,,0.0073833465576171,0.0101175308227539,,-0.0058202743530273,,0.0041799545288085,,0.0068359375,0.0144920349121094,-0.0052738189697265,0.0058202743530273,0.0125389099121094,0.0149612426757812
5770,-0.0017576217651367,0.0072269439697265,,,0.0005855560302734,0.0016794204711914,0.0008983612060546,0.0069141387939453,0.0095701217651367,-0.0049610137939453,,0.007460594177246,0.0101175308227539,,-0.0058202743530273,,0.0041799545288085,,0.0068359375,0.0144920349121094,-0.0051956176757812,0.0058202743530273,0.0125389099121094,0.0149612426757812
5780,-0.0017576217651367,0.0072269439697265,,,0.0005855560302734,0.0016794204711914,0.0008983612060546,0.0069141387939453,0.0095701217651367,-0.0049610137939453,,0.007460594177246,0.0100393295288086,,-0.0058202743530273,,0.0041799545288085,,0.0068359375,0.0145702362060547,-0.0052738189697265,0.0058202743530273,0.0125389099121094,0.0149612426757812
5790,-0.0017576217651367,0.0072269439697265,,,0.0005855560302734,0.0017576217651367,0.0008983612060546,0.0069141387939453,0.0095701217651367,-0.0049610137939453,,0.007460594177246,0.0100393295288086,,-0.0058202743530273,,0.0041799545288085,,0.0068359375,0.0145702362060547,-0.0052738189697265,0.0058202743530273,0.0125389099121094,0.0149612426757812
5800,-0.001835823059082,0.0072269439697265,,,0.0006637573242187,0.0017576217651367,0.0008983612060546,0.0069141387939453,0.0095701217651367,-0.0049610137939453,,0.007460594177246,0.0100393295288086,,-0.0058202743530273,,0.0041799545288085,,0.0068359375,0.0145702362060547,-0.0052738189697265,0.0058202743530273,0.0125389099121094,0.0149612426757812
5810,-0.001835823059082,0.0072269439697265,,,0.0006637573242187,0.0017576217651367,0.0008983612060546,0.0069141387939453,0.0095701217651367,-0.0049610137939453,,0.0075387954711914,0.0100393295288086,,-0.0058984756469726,,0.0041799545288085,,0.0068359375,0.0145702362060547,-0.0052738189697265,0.0058202743530273,0.0125389099121094,0.0149612426757812
5820,-0.001835823059082,0.0072269439697265,,,0.0006637573242187,0.0017576217651367,0.0008983612060546,0.0069141387939453,0.0095701217651367,-0.0048828125,,0.0075387954711914,0.0100393295288086,,-0.0058984756469726,,0.0041017532348632,,0.0068359375,0.0146484375,-0.0052738189697265,0.0058202743530273,0.0124607086181641,0.0149612426757812
5830,-0.001835823059082,0.0072269439697265,,,0.0006637573242187,0.0017576217651367,0.0008983612060546,0.0069923400878906,0.0095701217651367,-0.0048828125,,0.0075387954711914,0.0099611282348632,,-0.0058984756469726,,0.0041017532348632,,0.0068359375,0.0146484375,-0.0052738189697265,0.0058202743530273,0.0124607086181641,0.0149612426757812
5840,-0.001835823059082,0.0073051452636718,,,0.0006637573242187,0.0017576217651367,0.0008983612060546,0.0069923400878906,0.0095701217651367,-0.0048828125,,0.0076169967651367,0.0099611282348632,,-0.0058984756469726,,0.0041017532348632,,0.0068359375,0.0146484375,-0.0052738189697265,0.0058202743530273,0.0124607086181641,0.0149612426757812
5850,-0.001835823059082,0.0073051452636718,,,0.000741958618164,0.0017576217651367,0.0008983612060546,0.0069923400878906,0.0095701217651367,-0.0048828125,,0.0076169967651367,0.0099611282348632,,-0.0058984756469726,,0.0041017532348632,,0.0068359375,0.0147266387939453,-0.0052738189697265,0.0058202743530273,0.0124607086181641,0.0149612426757812
5860,-0.001835823059082,0.0073051452636718,,,0.000741958618164,0.0017576217651367,0.0008983612060546,0.0069923400878906,0.0095701217651367,-0.0048828125,,0.0076169967651367,0.0099611282348632,,-0.0059766769409179,,0.0041017532348632,,0.0068359375,0.0147266387939453,-0.0052738189697265,0.0058202743530273,0.0124607086181641,0.0149612426757812
5870,-0.001835823059082,0.0073051452636718,,,0.000741958618164,0.0017576217651367,0.0008983612060546,0.0069923400878906,0.0095701217651367,-0.0048046112060546,,0.0076169967651367,0.0099611282348632,,-0.0059766769409179,,0.0041017532348632,,0.0068359375,0.0147266387939453,-0.0052738189697265,0.0058202743530273,0.0124607086181641,0.0149612426757812
5880,-0.001835823059082,0.0073051452636718,,,0.0008201599121093,0.0017576217651367,0.0008983612060546,0.0069923400878906,0.0095701217651367,-0.0048046112060546,,0.007695198059082,0.0099611282348632,,-0.0059766769409179,,0.0041017532348632,,0.0068359375,0.0147266387939453,-0.0052738189697265,0.0058202743530273,0.0123825073242188,0.0149612426757812
5890,-0.001835823059082,0.0073051452636718,,,0.0008201599121093,0.0017576217651367,0.0008983612060546,0.0069923400878906,0.0095701217651367,-0.0048046112060546,,0.007695198059082,0.0099611282348632,,-0.0059766769409179,,0.0041017532348632,,0.0068359375,0.0148048400878906,-0.0052738189697265,0.0058202743530273,0.0123825073242188,0.0149612426757812
5900,-0.001835823059082,0.0073051452636718,,,0.0008201599121093,0.0017576217651367,0.0008983612060546,0.0069923400878906,0.0095701217651367,-0.0048046112060546,,0.007695198059082,0.0099611282348632,,-0.0059766769409179,,0.0041017532348632,,0.0068359375,0.0148048400878906,-0.0052738189697265,0.0058202743530273,0.0123825073242188,0.0149612426757812
5910,-0.0019140243530273,0.0073051452636718,,,0.0008983612060546,0.001835823059082,0.0008983612060546,0.0070705413818359,0.0095701217651367,-0.0048046112060546,,0.0077733993530273,0.0099611282348632,,-0.0059766769409179,,0.0041017532348632,,0.0068359375,0.0148048400878906,-0.0052738189697265,0.0058202743530273,0.0123825073242188,0.0149612426757812
5920,-0.0019140243530273,0.0073051452636718,,,0.0008983612060546,0.001835823059082,0.0008983612060546,0.0070705413818359,0.009648323059082,-0.0047264099121093,,0.0077733993530273,0.0098829269409179,,-0.0060548782348632,,0.0041017532348632,,0.0068359375,0.0148048400878906,-0.0052738189697265,0.0058202743530273,0.0123825073242188,0.0149612426757812
5930,-0.0019140243530273,0.0073051452636718,,,0.0008983612060546,0.001835823059082,0.0008983612060546,0.0070705413818359,0.009648323059082,-0.0047264099121093,,0.0077733993530273,0.0099611282348632,,-0.0060548782348632,,0.0041017532348632,,0.0068359375,0.0148830413818359,-0.0052738189697265,0.0058202743530273,0.0123825073242188,0.0149612426757812
5940,-0.0019140243530273,0.0073051452636718,,,0.0009765625,0.001835823059082,0.0008983612060546,0.0070705413818359,0.009648323059082,-0.0047264099121093,,0.0078516006469726,0.0098829269409179,,-0.0060548782348632,,0.0041017532348632,,0.0068359375,0.0148830413818359,-0.0052738189697265,0.0058202743530273,0.0123825073242188,0.0149612426757812
5950,-0.0019140243530273,0.0073051452636718,,,0.0009765625,0.001835823059082,0.0008983612060546,0.0070705413818359,0.009648323059082,-0.0047264099121093,,0.0078516006469726,0.0098829269409179,,-0.0060548782348632,,0.0041017532348632,,0.0068359375,0.0148830413818359,-0.0052738189697265,0.0058202743530273,0.0123825073242188,0.0149612426757812
5960,-0.0019140243530273,0.0073051452636718,,,0.0009765625,0.001835823059082,0.0008983612060546,0.0070705413818359,0.009648323059082,-0.0047264099121093,,0.0078516006469726,0.0098829269409179,,-0.0060548782348632,,0.0040235519409179,,0.0068359375,0.0148830413818359,-0.0052738189697265,0.0058984756469726,0.0123043060302734,0.0149612426757812
5970,-0.0019140243530273,0.0073051452636718,,,0.0010547637939453,0.001835823059082,0.0008983612060546,0.0070705413818359,0.009648323059082,-0.004648208618164,,0.0079298019409179,0.0098829269409179,,-0.0060548782348632,,0.0040235519409179,,0.0068359375,0.0149612426757812,-0.0052738189697265,0.0058984756469726,0.0123043060302734,0.0149612426757812
5980,-0.0019140243530273,0.0073051452636718,,,0.0010547637939453,0.001835823059082,0.0008983612060546,0.0070705413818359,0.009648323059082,-0.004648208618164,,0.0079298019409179,0.0098829269409179,,-0.0060548782348632,,0.0040235519409179,,0.0068359375,0.0149612426757812,-0.0052738189697265,0.0058984756469726,0.0123043060302734,0.0149612426757812
5990,-0.0019140243530273,0.0073051452636718,,,0.0011329650878906,0.001835823059082,0.0008983612060546,0.0070705413818359,0.009648323059082,-0.004648208618164,,0.0079298019409179,0.0098829269409179,,-0.0061330795288085,,0.0040235519409179,,0.0068359375,0.0149612426757812,-0.0052738189697265,0.0058984756469726,0.0123043060302734,0.0149612426757812
6000,-0.0019140243530273,0.0073051452636718,,,0.0011329650878906,0.001835823059082,0.0008983612060546,0.0070705413818359,0.009648323059082,-0.004648208618164,,0.0079298019409179,0.0098829269409179,,-0.0061330795288085,,0.0040235519409179,,0.0068359375,0.0149612426757812,-0.0053520202636718,0.0058984756469726,0.0123043060302734,0.0149612426757812
6010,-0.0019140243530273,0.0073051452636718,,,0.0011329650878906,0.001835823059082,0.0008983612060546,0.0070705413818359,0.009648323059082,-0.004648208618164,,0.0079298019409179,0.0098829269409179,,-0.0061330795288085,,0.0040235519409179,,0.0068359375,0.0149612426757812,-0.0052738189697265,0.0058984756469726,0.0123043060302734,0.0149612426757812
6020,-0.0019140243530273,0.0073051452636718,,,0.0011329650878906,0.001835823059082,0.0008983612060546,0.0071487426757812,0.009648323059082,-0.004648208618164,,0.0080080032348632,0.0098829269409179,,-0.0061330795288085,,0.0040235519409179,,0.0068359375,0.0149612426757812,-0.0053520202636718,0.0058984756469726,0.0123043060302734,0.0149612426757812
6030,-0.0019140243530273,0.0073051452636718,,,0.0012111663818359,0.001835823059082,0.0008983612060546,0.0071487426757812,0.009648323059082,-0.0045700073242187,,0.0080080032348632,0.0098829269409179,,-0.0061330795288085,,0.0040235519409179,,0.0068359375,0.0149612426757812,-0.0053520202636718,0.0058984756469726,0.0122270584106445,0.0149612426757812
6040,-0.0294923782348633,-0.0344924926757812,,,-0.0353517532348633,-0.0426950454711914,-0.0454301834106445,-0.0385551452636719,-0.0204296112060547,-0.0251169204711914,,-0.029414176940918,-0.0374612808227539,,-0.0337886810302734,,-0.0325393676757812,,-0.023320198059082,-0.0369138717651367,-0.0376958847045898,-0.0172262191772461,-0.0289449691772461,-0.0148048400878906
6050,-0.0293359756469727,-0.0344924926757812,,-0.0987892150878906,-0.0353517532348633,-0.0426950454711914,-0.0455083847045898,-0.0384769439697266,-0.0204296112060547,-0.0251169204711914,,-0.029414176940918,,,-0.0337114334106445,,,,,-0.0149612426757812,-0.0376958847045898,-0.0171480178833008,-0.0289449691772461,-0.0147266387939453
6060,-0.0292577743530273,-0.0344924926757812,,-0.0983991622924805,-0.035273551940918,-0.0426950454711914,-0.0455083847045898,-0.0384769439697266,-0.0204296112060547,-0.0251169204711914,,-0.0293359756469727,,,-0.0336332321166992,,,,,-0.0149612426757812,-0.0376176834106445,-0.0171480178833008,-0.0289449691772461,-0.0147266387939453
6070,-0.0291013717651367,-0.0344924926757812,,-0.0980081558227539,-0.035273551940918,-0.0426950454711914,-0.0454301834106445,-0.0384769439697266,-0.0203514099121094,-0.0251169204711914,,-0.0293359756469727,,,-0.0335550308227539,,,,,-0.0148830413818359,-0.0376176834106445,-0.0170707702636719,-0.0289449691772461,-0.0146484375
6080,-0.0290231704711914,-0.0344924926757812,,-0.0976171493530273,-0.0351953506469727,-0.0426950454711914,-0.0455083847045898,-0.0384769439697266,-0.0203514099121094,-0.0251169204711914,,-0.0293359756469727,,,-0.0335550308227539,,,,,-0.0148830413818359,-0.0375394821166992,-0.0170707702636719,-0.0289449691772461,-0.0146484375
6090,-0.0289449691772461,-0.0344924926757812,,-0.0972270965576172,-0.0351953506469727,-0.0426950454711914,-0.0454301834106445,-0.0384769439697266,-0.0202732086181641,-0.0251169204711914,,-0.0292577743530273,,,-0.0334768295288086,,,,,-0.0148048400878906,-0.0375394821166992,-0.0169925689697266,-0.0289449691772461,-0.0145702362060547
6100,-0.0288677215576172,-0.0344924926757812,,-0.0969142913818359,-0.0351953506469727,-0.0426168441772461,-0.0454301834106445,-0.0384769439697266,-0.0202732086181641,-0.0251169204711914,,-0.0292577743530273,,,-0.0334768295288086,,,,,-0.0148048400878906,-0.0375394821166992,-0.0169925689697266,-0.0289449691772461,-0.0144920349121094
6110,-0.0288677215576172,-0.0344924926757812,,-0.0965242385864258,-0.0351171493530273,-0.0426168441772461,-0.0454301834106445,-0.0384769439697266,-0.0202732086181641,-0.0250387191772461,,-0.0292577743530273,,,-0.0334768295288086,,,,,-0.0148048400878906,-0.0375394821166992,-0.0169925689697266,-0.0289449691772461,-0.0144920349121094
6120,-0.0287895202636719,-0.0344924926757812,,-0.0962114334106445,-0.0351171493530273,-0.0426168441772461,-0.0454301834106445,-0.0384769439697266,-0.0201950073242188,-0.0250387191772461,,-0.029179573059082,,,-0.0333986282348633,,,,,-0.0147266387939453,-0.0375394821166992,-0.0169143676757812,-0.0289449691772461,-0.0144138336181641
6130,-0.0287113189697266,-0.0344924926757812,,-0.095820426940918,-0.0351171493530273,-0.0426168441772461,-0.0454301834106445,-0.0384769439697266,-0.0201950073242188,-0.0250387191772461,,-0.029179573059082,,,-0.0333986282348633,,,,,-0.0147266387939453,-0.0374612808227539,-0.0169143676757812,-0.0289449691772461,-0.0144138336181641
6140,-0.0287113189697266,-0.0344924926757812,,-0.0955085754394531,-0.035038948059082,-0.0426168441772461,-0.0454301834106445,-0.0384769439697266,-0.0201950073242188,-0.0250387191772461,,-0.029179573059082,,,-0.0333986282348633,,,,,-0.0146484375,-0.0374612808227539,-0.0168361663818359,-0.0288677215576172,-0.0143356323242188
6150,-0.0286331176757812,-0.0344924926757812,,-0.0952739715576172,-0.035038948059082,-0.0426168441772461,-0.0454301834106445,-0.0384769439697266,-0.0201168060302734,-0.0250387191772461,,-0.0291013717651367,,,-0.0333986282348633,,,,,-0.0146484375,-0.0374612808227539,-0.0168361663818359,-0.0288677215576172,-0.0143356323242188
6160,-0.0286331176757812,-0.0344924926757812,,-0.0949611663818359,-0.035038948059082,-0.0426168441772461,-0.0454301834106445,-0.0384769439697266,-0.0201168060302734,-0.0250387191772461,,-0.0291013717651367,,,-0.033320426940918,,,,,-0.0145702362060547,-0.0374612808227539,-0.0167579650878906,-0.0288677215576172,-0.0143356323242188
6170,-0.0286331176757812,-0.0344924926757812,,-0.0947265625,-0.0349607467651367,-0.0426168441772461,-0.0454301834106445,-0.0384769439697266,-0.0201168060302734,-0.0250387191772461,,-0.0291013717651367,,,-0.033320426940918,,,,,-0.0145702362060547,-0.0375394821166992,-0.0167579650878906,-0.0288677215576172,-0.0142574310302734
6180,-0.0286331176757812,-0.0344924926757812,,-0.0945701599121094,-0.0349607467651367,-0.0426168441772461,-0.0454301834106445,-0.0384769439697266,-0.0200395584106445,-0.0250387191772461,,-0.0290231704711914,,,-0.033320426940918,,,,,-0.0144920349121094,-0.0375394821166992,-0.0166797637939453,-0.0288677215576172,-0.0142574310302734
6190,-0.0287113189697266,-0.0344924926757812,,-0.0943365097045898,-0.0349607467651367,-0.0425395965576172,-0.0454301834106445,-0.0384769439697266,-0.0200395584106445,-0.0250387191772461,,-0.0290231704711914,,,-0.033320426940918,,,,,-0.0144920349121094,-0.0375394821166992,-0.0166797637939453,-0.0288677215576172,-0.0141792297363281
6200,-0.0287113189697266,-0.0344924926757812,,-0.0941019058227539,-0.0348825454711914,-0.0425395965576172,-0.0454301834106445,-0.0384769439697266,-0.0200395584106445,-0.0250387191772461,,-0.0290231704711914,,,-0.033320426940918,,,,,-0.0144920349121094,-0.0375394821166992,-0.0166797637939453,-0.0288677215576172,-0.0141792297363281
6210,-0.0398044586181641,-0.0345706939697266,,-0.0943365097045898,-0.0344924926757812,-0.0425395965576172,-0.0455083847045898,-0.0384769439697266,-0.019648551940918,-0.0250387191772461,,-0.0287113189697266,,,-0.0408201217651367,,,,,-0.0140237808227539,-0.0453519821166992,-0.0161333084106445,-0.0289449691772461,-0.013554573059082
6220,-0.0342578887939453,-0.0345706939697266,,-0.089961051940918,-0.0344924926757812,-0.0425395965576172,-0.0455083847045898,-0.0384769439697266,-0.0195703506469727,-0.0250387191772461,,-0.0287113189697266,,,-0.0363674163818359,,,,,-0.0140237808227539,-0.041132926940918,-0.0161333084106445,-0.0289449691772461,-0.013554573059082
6230,-0.0319137573242188,-0.0345706939697266,,-0.0883207321166992,-0.0344924926757812,-0.0425395965576172,-0.0455083847045898,-0.0384769439697266,-0.0195703506469727,-0.0250387191772461,,-0.0286331176757812,,,-0.0345706939697266,,,,,-0.0139455795288086,-0.0392580032348633,-0.0161333084106445,-0.0289449691772461,-0.013554573059082
6240,-0.0307426452636719,-0.0345706939697266,,-0.0872268676757812,-0.0344142913818359,-0.0425395965576172,-0.0455083847045898,-0.0384769439697266,-0.0195703506469727,-0.0250387191772461,,-0.0286331176757812,,,-0.0337114334106445,,,,,-0.0139455795288086,-0.0382423400878906,-0.0160551071166992,-0.0289449691772461,-0.0134763717651367
6250,-0.0301952362060547,-0.0345706939697266,,-0.0866022109985352,-0.0344142913818359,-0.0425395965576172,-0.0455083847045898,-0.0383987426757812,-0.0194921493530273,-0.0250387191772461,,-0.0286331176757812,,,-0.033320426940918,,,,,-0.0139455795288086,-0.0376958847045898,-0.0160551071166992,-0.0289449691772461,-0.0134763717651367
6260,-0.0298051834106445,-0.0345706939697266,,-0.0863676071166992,-0.0344142913818359,-0.0425395965576172,-0.0455083847045898,-0.0383987426757812,-0.0194921493530273,-0.0250387191772461,,-0.0286331176757812,,,-0.033085823059082,,,,,-0.0138673782348633,-0.0373048782348633,-0.0160551071166992,-0.0289449691772461,-0.0133981704711914
6270,-0.0296487808227539,-0.0345706939697266,,-0.0862112045288086,-0.0343360900878906,-0.0425395965576172,-0.0455083847045898,-0.0383987426757812,-0.0194921493530273,-0.0250387191772461,,-0.0285549163818359,,,-0.0329294204711914,,,,,-0.0138673782348633,-0.0370702743530273,-0.0159769058227539,-0.0289449691772461,-0.0133981704711914
6280,-0.0294923782348633,-0.0345706939697266,,-0.0859766006469727,-0.0343360900878906,-0.0424613952636719,-0.0455083847045898,-0.0383987426757812,-0.019413948059082,-0.0250387191772461,,-0.0285549163818359,,,-0.0328512191772461,,,,,-0.0138673782348633,-0.0369138717651367,-0.0159769058227539,-0.0289449691772461,-0.0133199691772461
6290,-0.029414176940918,-0.0345706939697266,,-0.0857429504394531,-0.0343360900878906,-0.0424613952636719,-0.0455083847045898,-0.0383987426757812,-0.019413948059082,-0.0250387191772461,,-0.0285549163818359,,,-0.0327739715576172,,,,,-0.013789176940918,-0.0368356704711914,-0.0158987045288086,-0.0289449691772461,-0.0133199691772461
6300,-0.0294923782348633,-0.0345706939697266,,-0.0855083465576172,-0.0342578887939453,-0.0424613952636719,-0.0455083847045898,-0.0383987426757812,-0.019413948059082,-0.0250387191772461,,-0.0285549163818359,,,-0.0327739715576172,,,,,-0.013789176940918,-0.0367574691772461,-0.0158987045288086,-0.0289449691772461,-0.0132417678833008
6310,-0.0294923782348633,-0.0345706939697266,,-0.0853519439697266,-0.0342578887939453,-0.0424613952636719,-0.0455083847045898,-0.0383987426757812,-0.019413948059082,-0.0250387191772461,,-0.0284767150878906,,,-0.0326957702636719,,,,,-0.013789176940918,-0.0367574691772461,-0.0158987045288086,-0.0289449691772461,-0.0132417678833008
6320,-0.0295705795288086,-0.0345706939697266,,-0.0851955413818359,-0.0342578887939453,-0.0424613952636719,-0.0455083847045898,-0.0383987426757812,-0.0193357467651367,-0.0250387191772461,,-0.0284767150878906,,,-0.0326957702636719,,,,,-0.013789176940918,-0.0366802215576172,-0.0158205032348633,-0.0289449691772461,-0.0131645202636719
6330,-0.0295705795288086,-0.0345706939697266,,-0.0850391387939453,-0.0342578887939453,-0.0424613952636719,-0.0455083847045898,-0.0383987426757812,-0.0193357467651367,-0.0250387191772461,,-0.0284767150878906,,,-0.0326957702636719,,,,,-0.0137109756469727,-0.0366802215576172,-0.0158205032348633,-0.0289449691772461,-0.0131645202636719
6340,-0.0295705795288086,-0.0345706939697266,,-0.0848827362060547,-0.0341796875,-0.0424613952636719,-0.0455083847045898,-0.0383987426757812,-0.0193357467651367,-0.0250387191772461,,-0.0284767150878906,,,-0.0326957702636719,,,,,-0.0137109756469727,-0.0366802215576172,-0.0158205032348633,-0.0289449691772461,-0.0130863189697266
6350,-0.0295705795288086,-0.0345706939697266,,-0.0847272872924805,-0.0341796875,-0.0424613952636719,-0.0455083847045898,-0.0383987426757812,-0.0192575454711914,-0.0249605178833008,,-0.0283985137939453,,,-0.0326957702636719,,,,,-0.0137109756469727,-0.0366802215576172,-0.015742301940918,-0.0289449691772461,-0.0130863189697266
6360,-0.0295705795288086,-0.0345706939697266,,-0.0846490859985352,-0.0341014862060547,-0.0424613952636719,-0.0455083847045898,-0.0383987426757812,-0.0192575454711914,-0.0249605178833008,,-0.0283985137939453,,,-0.0326957702636719,,,,,-0.0136327743530273,-0.0366802215576172,-0.015742301940918,-0.0289449691772461,-0.0130081176757812
6370,-0.0295705795288086,-0.0345706939697266,,-0.0844926834106445,-0.0341014862060547,-0.0424613952636719,-0.0455083847045898,-0.0383987426757812,-0.0192575454711914,-0.0249605178833008,,-0.0283985137939453,,,-0.0326957702636719,,,,,-0.0136327743530273,-0.0366802215576172,-0.015742301940918,-0.0288677215576172,-0.0130081176757812
6380,-0.0295705795288086,-0.0345706939697266,,-0.0842580795288086,-0.0341014862060547,-0.0424613952636719,-0.0455083847045898,-0.0383987426757812,-0.0191793441772461,-0.0249605178833008,,-0.0283985137939453,,,-0.0326957702636719,,,,,-0.0136327743530273,-0.0367574691772461,-0.0156641006469727,-0.0288677215576172,-0.0129299163818359
6390,-0.0295705795288086,-0.0345706939697266,,-0.084101676940918,-0.0341014862060547,-0.0423831939697266,-0.0455083847045898,-0.0383205413818359,-0.0191793441772461,-0.0249605178833008,,-0.0283203125,,,-0.0326957702636719,,,,,-0.0136327743530273,-0.0367574691772461,-0.0156641006469727,-0.0288677215576172,-0.0129299163818359
6400,-0.0295705795288086,-0.0345706939697266,,-0.0840234756469727,-0.0340232849121094,-0.0423831939697266,-0.0455083847045898,-0.0383205413818359,-0.0191793441772461,-0.0249605178833008,,-0.0283203125,,,-0.0326957702636719,,,,,-0.013554573059082,-0.0367574691772461,-0.0155858993530273,-0.0288677215576172,-0.0128517150878906
6410,-0.0296487808227539,-0.0345706939697266,,-0.0837888717651367,-0.0340232849121094,-0.0423831939697266,-0.0455083847045898,-0.0383205413818359,-0.0191793441772461,-0.0249605178833008,,-0.0283203125,,,-0.0326175689697266,,,,,-0.013554573059082,-0.0367574691772461,-0.0155858993530273,-0.0288677215576172,-0.0128517150878906
6420,-0.0295705795288086,-0.0345706939697266,,-0.0836334228515625,-0.0340232849121094,-0.0423831939697266,-0.0455083847045898,-0.0383205413818359,-0.0191011428833008,-0.0249605178833008,,-0.0283203125,,,-0.0326175689697266,,,,,-0.013554573059082,-0.0367574691772461,-0.015507698059082,-0.0288677215576172,-0.0127735137939453
6430,-0.0295705795288086,-0.0345706939697266,,-0.0834770202636719,-0.0339450836181641,-0.0423831939697266,-0.0455083847045898,-0.0383205413818359,-0.0191011428833008,-0.0249605178833008,,-0.0283203125,,,-0.0326175689697266,,,,,-0.013554573059082,-0.0367574691772461,-0.015507698059082,-0.0288677215576172,-0.0127735137939453
6440,-0.0296487808227539,-0.0345706939697266,,-0.0833206176757812,-0.0339450836181641,-0.0423831939697266,-0.0454301834106445,-0.0383205413818359,-0.0191011428833008,-0.0249605178833008,,-0.0282421112060547,,,-0.0326175689697266,,,,,-0.0134763717651367,-0.0367574691772461,-0.015507698059082,-0.0288677215576172,-0.0127735137939453
6450,-0.0296487808227539,-0.0345706939697266,,-0.0832424163818359,-0.0339450836181641,-0.0423831939697266,-0.0454301834106445,-0.0383205413818359,-0.0190238952636719,-0.0249605178833008,,-0.0282421112060547,,,-0.0326175689697266,,,,,-0.0134763717651367,-0.0367574691772461,-0.0154294967651367,-0.0288677215576172,-0.0126953125
6460,-0.0296487808227539,-0.0345706939697266,,-0.0830078125,-0.0338668823242188,-0.0423831939697266,-0.0454301834106445,-0.0383205413818359,-0.0190238952636719,-0.0249605178833008,,-0.0282421112060547,,,-0.0325393676757812,,,,,-0.0134763717651367,-0.0368356704711914,-0.0154294967651367,-0.0288677215576172,-0.0126953125
6470,-0.0296487808227539,-0.0345706939697266,,-0.0826959609985352,-0.0338668823242188,-0.0423831939697266,-0.0454301834106445,-0.0383205413818359,-0.0190238952636719,-0.0249605178833008,,-0.0282421112060547,,,-0.0325393676757812,,,,,-0.0134763717651367,-0.0368356704711914,-0.0153512954711914,-0.0288677215576172,-0.0126171112060547
6480,-0.0296487808227539,-0.0345706939697266,,-0.0826959609985352,-0.0338668823242188,-0.0423831939697266,-0.0454301834106445,-0.0383205413818359,-0.0190238952636719,-0.0249605178833008,,-0.0281639099121094,,,-0.0325393676757812,,,,,-0.0134763717651367,-0.0368356704711914,-0.0153512954711914,-0.0288677215576172,-0.0126171112060547
6490,-0.0296487808227539,-0.0345706939697266,,-0.0826959609985352,-0.0337886810302734,-0.0423831939697266,-0.0454301834106445,-0.0383205413818359,-0.0190238952636719,-0.0249605178833008,,-0.0281639099121094,,,-0.0325393676757812,,,,,-0.0133981704711914,-0.0368356704711914,-0.0153512954711914,-0.0288677215576172,-0.0125389099121094
6500,-0.0297269821166992,-0.0345706939697266,,-0.0826959609985352,-0.0337886810302734,-0.0423831939697266,-0.0454301834106445,-0.0383205413818359,-0.0189456939697266,-0.0249605178833008,,-0.0281639099121094,,,-0.0325393676757812,,,,,-0.0133981704711914,-0.0368356704711914,-0.0152730941772461,-0.0288677215576172,-0.0125389099121094
6510,-0.0297269821166992,-0.0345706939697266,,-0.0826177597045898,-0.0337886810302734,-0.0423831939697266,-0.0454301834106445,-0.0383205413818359,-0.0189456939697266,-0.0249605178833008,,-0.0281639099121094,,,-0.0324611663818359,,,,,-0.0133981704711914,-0.0368356704711914,-0.0152730941772461,-0.0288677215576172,-0.0125389099121094
6520,-0.0297269821166992,-0.0345706939697266,,-0.0826177597045898,-0.0337114334106445,-0.0423049926757812,-0.0454301834106445,-0.0383205413818359,-0.0189456939697266,-0.0249605178833008,,-0.0281639099121094,,,-0.0324611663818359,,,,,-0.0133981704711914,-0.0368356704711914,-0.0151948928833008,-0.0288677215576172,-0.0124607086181641
6530,-0.0297269821166992,-0.0345706939697266,,-0.0825395584106445,-0.0337114334106445,-0.0423049926757812,-0.0454301834106445,-0.0383205413818359,-0.0188674926757812,-0.0249605178833008,,-0.0280857086181641,,,-0.0323829650878906,,,,,-0.0133981704711914,-0.0368356704711914,-0.0151948928833008,-0.0288677215576172,-0.0124607086181641
6540,-0.0297269821166992,-0.0345706939697266,,-0.0824613571166992,-0.0337114334106445,-0.0423049926757812,-0.0454301834106445,-0.0382423400878906,-0.0188674926757812,-0.0249605178833008,,-0.0280857086181641,,,-0.0323047637939453,,,,,-0.0133199691772461,-0.0368356704711914,-0.0151176452636719,-0.0288677215576172,-0.0123825073242188
6550,-0.0297269821166992,-0.0345706939697266,,-0.0824613571166992,-0.0337114334106445,-0.0423049926757812,-0.0454301834106445,-0.0382423400878906,-0.0188674926757812,-0.0249605178833008,,-0.0280857086181641,,,-0.0323047637939453,,,,,-0.0133199691772461,-0.0368356704711914,-0.0151176452636719,-0.0288677215576172,-0.0123825073242188
6560,-0.0297269821166992,-0.0345706939697266,,-0.0823831558227539,-0.0336332321166992,-0.0423049926757812,-0.0454301834106445,-0.0382423400878906,-0.0188674926757812,-0.0249605178833008,,-0.0280857086181641,,,-0.0323047637939453,,,,,-0.0133199691772461,-0.0368356704711914,-0.0150394439697266,-0.0288677215576172,-0.0123043060302734
6570,-0.0297269821166992,-0.0345706939697266,,-0.0823831558227539,-0.0336332321166992,-0.0423049926757812,-0.0454301834106445,-0.0382423400878906,-0.0188674926757812,-0.0248832702636719,,-0.0280857086181641,,,-0.0322265625,,,,,-0.0133199691772461,-0.0368356704711914,-0.0150394439697266,-0.0288677215576172,-0.0123043060302734
6580,-0.0297269821166992,-0.0345706939697266,,-0.0823049545288086,-0.0336332321166992,-0.0423049926757812,-0.0454301834106445,-0.0382423400878906,-0.0187892913818359,-0.0248832702636719,,-0.0280075073242188,,,-0.0322265625,,,,,-0.0133199691772461,-0.0368356704711914,-0.0149612426757812,-0.0288677215576172,-0.0122261047363281
6590,-0.0297269821166992,-0.0345706939697266,,-0.0822267532348633,-0.0335550308227539,-0.0423049926757812,-0.0454301834106445,-0.0382423400878906,-0.0187892913818359,-0.0248832702636719,,-0.0280075073242188,,,-0.0321483612060547,,,,,-0.0132417678833008,-0.0368356704711914,-0.0149612426757812,-0.0288677215576172,-0.0122261047363281
6600,-0.0297269821166992,-0.0345706939697266,,-0.082148551940918,-0.0335550308227539,-0.0423049926757812,-0.0454301834106445,-0.0382423400878906,-0.0187892913818359,-0.0248832702636719,,-0.0280075073242188,,,-0.0321483612060547,,,,,-0.0132417678833008,-0.0368356704711914,-0.0148830413818359,-0.0288677215576172,-0.0121488571166992
6610,-0.0297269821166992,-0.0345706939697266,,-0.0820703506469727,-0.0335550308227539,-0.0423049926757812,-0.0454301834106445,-0.0382423400878906,-0.0187110900878906,-0.0248832702636719,,-0.0280075073242188,,,-0.0320701599121094,,,,,-0.0132417678833008,-0.0368356704711914,-0.0148830413818359,-0.0288677215576172,-0.0121488571166992
6620,-0.0297269821166992,-0.0345706939697266,,-0.0819921493530273,-0.0335550308227539,-0.0423049926757812,-0.0454301834106445,-0.0382423400878906,-0.0187110900878906,-0.0248832702636719,,-0.0280075073242188,,,-0.0320701599121094,,,,,-0.0132417678833008,-0.0368356704711914,-0.0148048400878906,-0.0288677215576172,-0.0120706558227539
6630,-0.0298051834106445,-0.0345706939697266,,-0.081913948059082,-0.0334768295288086,-0.0423049926757812,-0.0454301834106445,-0.0382423400878906,-0.0187110900878906,-0.0248832702636719,,-0.0279293060302734,,,-0.0320701599121094,,,,,-0.0132417678833008,-0.0368356704711914,-0.0147266387939453,-0.0288677215576172,-0.0120706558227539
6640,-0.0298051834106445,-0.0345706939697266,,-0.0817584991455078,-0.0334768295288086,-0.0423049926757812,-0.0454301834106445,-0.0382423400878906,-0.0187110900878906,-0.0248832702636719,,-0.0279293060302734,,,-0.0319919586181641,,,,,-0.0131645202636719,-0.0368356704711914,-0.0147266387939453,-0.0288677215576172,-0.0119924545288086
6650,-0.0298051834106445,-0.0345706939697266,,-0.0817584991455078,-0.0334768295288086,-0.0422267913818359,-0.0454301834106445,-0.0382423400878906,-0.0186328887939453,-0.0248832702636719,,-0.0279293060302734,,,-0.0319919586181641,,,,,-0.0131645202636719,-0.0368356704711914,-0.0147266387939453,-0.0288677215576172,-0.0119924545288086
6660,-0.0298051834106445,-0.0345706939697266,,-0.0816802978515625,-0.0333986282348633,-0.0422267913818359,-0.0454301834106445,-0.0382423400878906,-0.0186328887939453,-0.0248832702636719,,-0.0279293060302734,,,-0.0319137573242188,,,,,-0.0131645202636719,-0.0368356704711914,-0.0146484375,-0.0288677215576172,-0.0119142532348633
6670,-0.0298051834106445,-0.0345706939697266,,-0.0816020965576172,-0.0333986282348633,-0.0422267913818359,-0.0454301834106445,-0.0382423400878906,-0.0186328887939453,-0.0248832702636719,,-0.0279293060302734,,,-0.0319137573242188,,,,,-0.0131645202636719,-0.0368356704711914,-0.0145702362060547,-0.0288677215576172,-0.0119142532348633
6680,-0.0298051834106445,-0.0344924926757812,,-0.0814456939697266,-0.0333986282348633,-0.0422267913818359,-0.0454301834106445,-0.0382423400878906,-0.0186328887939453,-0.0248832702636719,,-0.0278520584106445,,,-0.0319137573242188,,,,,-0.0131645202636719,-0.0368356704711914,-0.0145702362060547,-0.0288677215576172,-0.011836051940918
6690,-0.0298051834106445,-0.0344924926757812,,-0.0812892913818359,-0.0333986282348633,-0.0422267913818359,-0.0454301834106445,-0.0382423400878906,-0.0186328887939453,-0.0248832702636719,,-0.0278520584106445,,,-0.0319137573242188,,,,,-0.0130863189697266,-0.0368356704711914,-0.0145702362060547,-0.0288677215576172,-0.011836051940918
6700,-0.0298051834106445,-0.0345706939697266,,-0.0812110900878906,-0.033320426940918,-0.0422267913818359,-0.0454301834106445,-0.0381641387939453,-0.0185546875,-0.0248832702636719,,-0.0278520584106445,,,-0.0318355560302734,,,,,-0.0130863189697266,-0.0369138717651367,-0.0144920349121094,-0.0288677215576172,-0.0117578506469727
6710,-0.0298051834106445,-0.0344924926757812,,-0.0811328887939453,-0.033320426940918,-0.0422267913818359,-0.0454301834106445,-0.0381641387939453,-0.0185546875,-0.0248832702636719,,-0.0278520584106445,,,-0.0318355560302734,,,,,-0.0130863189697266,-0.0369138717651367,-0.0144920349121094,-0.0288677215576172,-0.0117578506469727
6720,-0.0298051834106445,-0.0344924926757812,,-0.0809764862060547,-0.033320426940918,-0.0422267913818359,-0.0454301834106445,-0.0381641387939453,-0.0185546875,-0.0248832702636719,,-0.0278520584106445,,,-0.0318355560302734,,,,,-0.0130863189697266,-0.0369138717651367,-0.0144138336181641,-0.0288677215576172,-0.0117578506469727
6730,-0.0298051834106445,-0.0344924926757812,,-0.0808982849121094,-0.033320426940918,-0.0422267913818359,-0.0453519821166992,-0.0381641387939453,-0.0185546875,-0.0248832702636719,,-0.0277738571166992,,,-0.0318355560302734,,,,,-0.0130081176757812,-0.0369138717651367,-0.0144138336181641,-0.0288677215576172,-0.0116796493530273
6740,-0.0298824310302734,-0.0344924926757812,,-0.0808982849121094,-0.0332422256469727,-0.0422267913818359,-0.0453519821166992,-0.0381641387939453,-0.0184764862060547,-0.0248832702636719,,-0.0277738571166992,,,-0.0318355560302734,,,,,-0.0130081176757812,-0.0369138717651367,-0.0143356323242188,-0.0288677215576172,-0.011601448059082
6750,-0.0298824310302734,-0.0344924926757812,,-0.0808210372924805,-0.0332422256469727,-0.0422267913818359,-0.0453519821166992,-0.0381641387939453,-0.0184764862060547,-0.0248832702636719,,-0.0277738571166992,,,-0.0318355560302734,,,,,-0.0130081176757812,-0.0369138717651367,-0.0143356323242188,-0.0287895202636719,-0.011601448059082
6760,-0.0298824310302734,-0.0344924926757812,,-0.0807428359985352,-0.0332422256469727,-0.0422267913818359,-0.0453519821166992,-0.0381641387939453,-0.0184764862060547,-0.0248832702636719,,-0.0277738571166992,,,-0.0317583084106445,,,,,-0.0130081176757812,-0.0369138717651367,-0.0142574310302734,-0.0287895202636719,-0.011601448059082
6770,-0.0298824310302734,-0.0344924926757812,,-0.0806646347045898,-0.0331640243530273,-0.0422267913818359,-0.0453519821166992,-0.0381641387939453,-0.0184764862060547,-0.0248832702636719,,-0.0277738571166992,,,-0.0317583084106445,,,,,-0.0130081176757812,-0.0369138717651367,-0.0142574310302734,-0.0288677215576172,-0.0115232467651367
6780,-0.0298824310302734,-0.0344924926757812,,-0.0804300308227539,-0.0331640243530273,-0.0422267913818359,-0.0453519821166992,-0.0381641387939453,-0.0183982849121094,-0.0248050689697266,,-0.0276956558227539,,,-0.0317583084106445,,,,,-0.0129299163818359,-0.0369138717651367,-0.0141792297363281,-0.0287895202636719,-0.0114450454711914
6790,-0.0298824310302734,-0.0344924926757812,,-0.0804300308227539,-0.0331640243530273,-0.0421485900878906,-0.0453519821166992,-0.0381641387939453,-0.0183982849121094,-0.0248050689697266,,-0.0276956558227539,,,-0.0317583084106445,,,,,-0.0129299163818359,-0.0369138717651367,-0.0141792297363281,-0.0287895202636719,-0.0114450454711914
6800,-0.0298824310302734,-0.0344924926757812,,-0.0803518295288086,-0.0331640243530273,-0.0421485900878906,-0.0453519821166992,-0.0381641387939453,-0.0183982849121094,-0.0248050689697266,,-0.0276956558227539,,,-0.0317583084106445,,,,,-0.0129299163818359,-0.0369138717651367,-0.0141019821166992,-0.0288677215576172,-0.0113668441772461
6810,-0.0298824310302734,-0.0344924926757812,,-0.0802736282348633,-0.033085823059082,-0.0421485900878906,-0.0453519821166992,-0.0381641387939453,-0.0183982849121094,-0.0248050689697266,,-0.0276956558227539,,,-0.0316801071166992,,,,,-0.0129299163818359,-0.0369138717651367,-0.0141019821166992,-0.0287895202636719,-0.0113668441772461
6820,-0.0298824310302734,-0.0344924926757812,,-0.080195426940918,-0.033085823059082,-0.0421485900878906,-0.0453519821166992,-0.0380859375,-0.0183982849121094,-0.0248050689697266,,-0.0276956558227539,,,-0.0316801071166992,,,,,-0.0128517150878906,-0.0369138717651367,-0.0140237808227539,-0.0287895202636719,-0.0112886428833008
6830,-0.0299606323242188,-0.0344924926757812,,-0.0801172256469727,-0.033085823059082,-0.0421485900878906,-0.0453519821166992,-0.0381641387939453,-0.0183200836181641,-0.0248050689697266,,-0.0276174545288086,,,-0.0316801071166992,,,,,-0.0128517150878906,-0.0369138717651367,-0.0140237808227539,-0.0287895202636719,-0.0112886428833008
6840,-0.0298824310302734,-0.0344924926757812,,-0.0800390243530273,-0.033085823059082,-0.0421485900878906,-0.0453519821166992,-0.0380859375,-0.0183200836181641,-0.0248050689697266,,-0.0276174545288086,,,-0.0316801071166992,,,,,-0.0128517150878906,-0.0369138717651367,-0.0139455795288086,-0.0287895202636719,-0.0112113952636719
6850,-0.0299606323242188,-0.0344924926757812,,-0.079960823059082,-0.0330076217651367,-0.0421485900878906,-0.0453519821166992,-0.0380859375,-0.0183200836181641,-0.0248050689697266,,-0.0276174545288086,,,-0.0316801071166992,,,,,-0.0128517150878906,-0.0369138717651367,-0.0139455795288086,-0.0287895202636719,-0.0112113952636719
6860,-0.0299606323242188,-0.0344924926757812,,-0.0798053741455078,-0.0330076217651367,-0.0421485900878906,-0.0453519821166992,-0.0380859375,-0.0183200836181641,-0.0248050689697266,,-0.0276174545288086,,,-0.0316801071166992,,,,,-0.0127735137939453,-0.0369138717651367,-0.0138673782348633,-0.0287895202636719,-0.0111331939697266
6870,-0.0299606323242188,-0.0344924926757812,,-0.0798053741455078,-0.0330076217651367,-0.0421485900878906,-0.0453519821166992,-0.0380859375,-0.0182418823242188,-0.0248050689697266,,-0.0276174545288086,,,-0.0316801071166992,,,,,-0.0127735137939453,-0.036992073059082,-0.0138673782348633,-0.0287895202636719,-0.0111331939697266
6880,-0.0299606323242188,-0.0344924926757812,,-0.0797271728515625,-0.0330076217651367,-0.0421485900878906,-0.0453519821166992,-0.0380859375,-0.0182418823242188,-0.0248050689697266,,-0.0276174545288086,,,-0.0316801071166992,,,,,-0.0127735137939453,-0.0369138717651367,-0.0138673782348633,-0.0287895202636719,-0.0110549926757812
6890,-0.0299606323242188,-0.0344924926757812,,-0.0796489715576172,-0.0329294204711914,-0.0421485900878906,-0.0453519821166992,-0.0380859375,-0.0182418823242188,-0.0248050689697266,,-0.0275392532348633,,,-0.0316801071166992,,,,,-0.0127735137939453,-0.036992073059082,-0.013789176940918,-0.0287895202636719,-0.0110549926757812
6900,-0.0299606323242188,-0.0344924926757812,,-0.0795707702636719,-0.0329294204711914,-0.0421485900878906,-0.0452737808227539,-0.0380859375,-0.0182418823242188,-0.0248050689697266,,-0.0275392532348633,,,-0.0316801071166992,,,,,-0.0126953125,-0.036992073059082,-0.013789176940918,-0.0287895202636719,-0.0109767913818359
6910,-0.0299606323242188,-0.0344924926757812,,-0.0794925689697266,-0.0329294204711914,-0.0421485900878906,-0.0453519821166992,-0.0380859375,-0.0182418823242188,-0.0248050689697266,,-0.0275392532348633,,,-0.0316801071166992,,,,,-0.0126953125,-0.036992073059082,-0.0137109756469727,-0.0287895202636719,-0.0109767913818359
6920,-0.0299606323242188,-0.0344924926757812,,-0.0794143676757812,-0.0329294204711914,-0.0421485900878906,-0.0452737808227539,-0.0380859375,-0.0181636810302734,-0.0248050689697266,,-0.0275392532348633,,,-0.0316801071166992,,,,,-0.0126953125,-0.036992073059082,-0.0137109756469727,-0.0287895202636719,-0.0108985900878906
6930,-0.0299606323242188,-0.0344924926757812,,-0.0793361663818359,-0.0328512191772461,-0.0421485900878906,-0.0452737808227539,-0.0380859375,-0.0181636810302734,-0.0248050689697266,,-0.0275392532348633,,,-0.0316019058227539,,,,,-0.0126953125,-0.0368356704711914,-0.0136327743530273,-0.0287895202636719,-0.0108985900878906
6940,-0.0298051834106445,-0.0344924926757812,,-0.0790233612060547,-0.0328512191772461,-0.0421485900878906,-0.0452737808227539,-0.0380859375,-0.0181636810302734,-0.0248050689697266,,-0.027461051940918,,,-0.0314455032348633,,,,,-0.0126171112060547,-0.0367574691772461,-0.0136327743530273,-0.0287895202636719,-0.0108203887939453
6950,-0.0297269821166992,-0.0344924926757812,,-0.0788679122924805,-0.0328512191772461,-0.0421485900878906,-0.0452737808227539,-0.0380859375,-0.0181636810302734,-0.0248050689697266,,-0.027461051940918,,,-0.0314455032348633,,,,,-0.0126171112060547,-0.0366802215576172,-0.0136327743530273,-0.0287895202636719,-0.0108203887939453
6960,-0.0297269821166992,-0.0344924926757812,,-0.0787115097045898,-0.0328512191772461,-0.0420703887939453,-0.0452737808227539,-0.0380859375,-0.0181636810302734,-0.0247268676757812,,-0.027461051940918,,,-0.031367301940918,,,,,-0.0126171112060547,-0.0366802215576172,-0.013554573059082,-0.0287895202636719,-0.0107421875
6970,-0.0297269821166992,-0.0344924926757812,,-0.0786333084106445,-0.0327739715576172,-0.0420703887939453,-0.0452737808227539,-0.0380859375,-0.0180864334106445,-0.0247268676757812,,-0.027461051940918,,,-0.031367301940918,,,,,-0.0126171112060547,-0.0366802215576172,-0.013554573059082,-0.0287895202636719,-0.0107421875
6980,-0.0297269821166992,-0.0344924926757812,,-0.0785551071166992,-0.0327739715576172,-0.0420703887939453,-0.0452737808227539,-0.0380859375,-0.0180864334106445,-0.0247268676757812,,-0.027461051940918,,,-0.031367301940918,,,,,-0.0125389099121094,-0.0366802215576172,-0.0134763717651367,-0.0287895202636719,-0.0106639862060547
6990,-0.0296487808227539,-0.0344924926757812,,-0.0784769058227539,-0.0327739715576172,-0.0420703887939453,-0.0452737808227539,-0.0380077362060547,-0.0180864334106445,-0.0247268676757812,,-0.0273828506469727,,,-0.031367301940918,,,,,-0.0125389099121094,-0.0366802215576172,-0.0134763717651367,-0.0287895202636719,-0.0106639862060547
7000,-0.0296487808227539,-0.0344924926757812,,-0.0783205032348633,-0.0327739715576172,-0.0420703887939453,-0.0452737808227539,-0.0380077362060547,-0.0180864334106445,-0.0247268676757812,,-0.0273828506469727,,,-0.031367301940918,,,,,-0.0125389099121094,-0.0366802215576172,-0.0133981704711914,-0.0287895202636719,-0.0105857849121094
7010,-0.0296487808227539,-0.0344924926757812,,-0.078242301940918,-0.0326957702636719,-0.0420703887939453,-0.0452737808227539,-0.0380077362060547,-0.0180864334106445,-0.0247268676757812,,-0.0273828506469727,,,-0.0312891006469727,,,,,-0.0124607086181641,-0.0366020202636719,-0.0133981704711914,-0.0287895202636719,-0.0105857849121094
7020,-0.0296487808227539,-0.0344924926757812,,-0.0780858993530273,-0.0326957702636719,-0.0420703887939453,-0.0452737808227539,-0.0380077362060547,-0.0180082321166992,-0.0247268676757812,,-0.0273828506469727,,,-0.0312891006469727,,,,,-0.0124607086181641,-0.0366020202636719,-0.0133199691772461,-0.0287895202636719,-0.0105075836181641
7030,-0.0296487808227539,-0.0344924926757812,,-0.0780858993530273,-0.0326957702636719,-0.0420703887939453,-0.0452737808227539,-0.0380077362060547,-0.0180082321166992,-0.0247268676757812,,-0.0273828506469727,,,-0.0312891006469727,,,,,-0.0124607086181641,-0.0366020202636719,-0.0133199691772461,-0.0287895202636719,-0.0105075836181641
7040,-0.0296487808227539,-0.0344924926757812,,-0.078007698059082,-0.0326957702636719,-0.0420703887939453,-0.0452737808227539,-0.0380077362060547,-0.0180082321166992,-0.0247268676757812,,-0.0273046493530273,,,-0.0312891006469727,,,,,-0.0124607086181641,-0.0366020202636719,-0.0132417678833008,-0.0287895202636719,-0.0104293823242188
7050,-0.0295705795288086,-0.0344924926757812,,-0.0778522491455078,-0.0326175689697266,-0.0420703887939453,-0.0452737808227539,-0.0380077362060547,-0.0180082321166992,-0.0247268676757812,,-0.0273046493530273,,,-0.0312891006469727,,,,,-0.0123825073242188,-0.0366020202636719,-0.0132417678833008,-0.0287895202636719,-0.0104293823242188
7060,-0.0295705795288086,-0.0344924926757812,,-0.0778522491455078,-0.0326175689697266,-0.0420703887939453,-0.0452737808227539,-0.0380077362060547,-0.0179300308227539,-0.0247268676757812,,-0.0273046493530273,,,-0.0312108993530273,,,,,-0.0123825073242188,-0.0366020202636719,-0.0131645202636719,-0.0287895202636719,-0.0103511810302734
7070,-0.0295705795288086,-0.0344924926757812,,-0.0777740478515625,-0.0326175689697266,-0.0420703887939453,-0.0452737808227539,-0.0380077362060547,-0.0179300308227539,-0.0247268676757812,,-0.0273046493530273,,,-0.0312108993530273,,,,,-0.0123825073242188,-0.0366020202636719,-0.0131645202636719,-0.0287895202636719,-0.0103511810302734
7080,-0.0295705795288086,-0.0344924926757812,,-0.0776958465576172,-0.0326175689697266,-0.0420703887939453,-0.0452737808227539,-0.0380077362060547,-0.0179300308227539,-0.0247268676757812,,-0.0273046493530273,,,-0.0312108993530273,,,,,-0.0123825073242188,-0.0366020202636719,-0.0131645202636719,-0.0287895202636719,-0.0102729797363281
7090,-0.0295705795288086,-0.0344924926757812,,-0.0776176452636719,-0.0325393676757812,-0.0420703887939453,-0.0451955795288086,-0.0380077362060547,-0.0179300308227539,-0.0246486663818359,,-0.0273046493530273,,,-0.0312108993530273,,,,,-0.0123043060302734,-0.0366020202636719,-0.0130863189697266,-0.0287895202636719,-0.0102729797363281
7100,-0.0295705795288086,-0.0344924926757812,,-0.0775394439697266,-0.0325393676757812,-0.0420703887939453,-0.0451955795288086,-0.0380077362060547,-0.0179300308227539,-0.0246486663818359,,-0.027226448059082,,,-0.0312108993530273,,,,,-0.0123043060302734,-0.0366020202636719,-0.0130081176757812,-0.0287895202636719,-0.0101957321166992
7110,-0.0295705795288086,-0.0344924926757812,,-0.0774612426757812,-0.0325393676757812,-0.0420703887939453,-0.0451955795288086,-0.0379295349121094,-0.0178518295288086,-0.0246486663818359,,-0.027226448059082,,,-0.0312108993530273,,,,,-0.0123043060302734,-0.0366020202636719,-0.0130081176757812,-0.0287895202636719,-0.0101957321166992
7120,-0.0295705795288086,-0.0344924926757812,,-0.0773830413818359,-0.0325393676757812,-0.0420703887939453,-0.0451955795288086,-0.0379295349121094,-0.0178518295288086,-0.0246486663818359,,-0.027226448059082,,,-0.0312108993530273,,,,,-0.0122261047363281,-0.0366020202636719,-0.0130081176757812,-0.0287895202636719,-0.0101175308227539
7130,-0.0295705795288086,-0.0344924926757812,,-0.0773830413818359,-0.0324611663818359,-0.0419921875,-0.0451955795288086,-0.0379295349121094,-0.0178518295288086,-0.0246486663818359,,-0.027226448059082,,,-0.031132698059082,,,,,-0.0122261047363281,-0.0366020202636719,-0.0129299163818359,-0.0287895202636719,-0.0101175308227539
7140,-0.0294923782348633,-0.0344924926757812,,-0.0773048400878906,-0.0324611663818359,-0.0419921875,-0.0451955795288086,-0.0379295349121094,-0.0178518295288086,-0.0246486663818359,,-0.027226448059082,,,-0.031132698059082,,,,,-0.0122261047363281,-0.0366020202636719,-0.0129299163818359,-0.0287895202636719,-0.0101175308227539
7150,-0.0294923782348633,-0.0344924926757812,,-0.0772266387939453,-0.0324611663818359,-0.0419921875,-0.0451955795288086,-0.0379295349121094,-0.0178518295288086,-0.0246486663818359,,-0.0271482467651367,,,-0.031132698059082,,,,,-0.0122261047363281,-0.0366020202636719,-0.0128517150878906,-0.0287895202636719,-0.0100393295288086
7160,-0.0294923782348633,-0.0344924926757812,,-0.0772266387939453,-0.0324611663818359,-0.0419921875,-0.0451955795288086,-0.0379295349121094,-0.0177736282348633,-0.0246486663818359,,-0.0271482467651367,,,-0.031132698059082,,,,,-0.0121488571166992,-0.0366020202636719,-0.0128517150878906,-0.0287895202636719,-0.0100393295288086
7170,-0.0294923782348633,-0.0344924926757812,,-0.0771484375,-0.0323829650878906,-0.0419921875,-0.0451955795288086,-0.0379295349121094,-0.0177736282348633,-0.0246486663818359,,-0.0271482467651367,,,-0.031132698059082,,,,,-0.0121488571166992,-0.0366020202636719,-0.0127735137939453,-0.0287895202636719,-0.0099611282348632
7180,-0.0294923782348633,-0.0344924926757812,,-0.0771484375,-0.0323829650878906,-0.0419921875,-0.0451955795288086,-0.0379295349121094,-0.0177736282348633,-0.0246486663818359,,-0.0271482467651367,,,-0.031132698059082,,,,,-0.0121488571166992,-0.0366020202636719,-0.0127735137939453,-0.0287895202636719,-0.0099611282348632
7190,-0.0294923782348633,-0.0344924926757812,,-0.0770702362060547,-0.0323829650878906,-0.0419921875,-0.0451955795288086,-0.0379295349121094,-0.0177736282348633,-0.0246486663818359,,-0.0271482467651367,,,-0.031132698059082,,,,,-0.0121488571166992,-0.0365238189697266,-0.0126953125,-0.0287895202636719,-0.0099611282348632
7200,-0.0294923782348633,-0.0344924926757812,,-0.0770702362060547,-0.0323829650878906,-0.0419921875,-0.0451955795288086,-0.0379295349121094,-0.0177736282348633,-0.0246486663818359,,-0.0271482467651367,,,-0.031132698059082,,,,,-0.0120706558227539,-0.0365238189697266,-0.0126953125,-0.0287895202636719,-0.0098829269409179
7210,-0.029414176940918,-0.0344924926757812,,-0.0770702362060547,-0.0323829650878906,-0.0419921875,-0.0451955795288086,-0.0379295349121094,-0.017695426940918,-0.0245704650878906,,-0.0270700454711914,,,-0.0310544967651367,,,,,-0.0120706558227539,-0.0365238189697266,-0.0126171112060547,-0.0287895202636719,-0.0098829269409179
7220,-0.029414176940918,-0.0344924926757812,,-0.0770702362060547,-0.0323047637939453,-0.0419921875,-0.0451955795288086,-0.0379295349121094,-0.017695426940918,-0.0245704650878906,,-0.0270700454711914,,,-0.0310544967651367,,,,,-0.0120706558227539,-0.0365238189697266,-0.0126171112060547,-0.0287895202636719,-0.0098047256469726
7230,-0.029414176940918,-0.0344924926757812,,-0.0770702362060547,-0.0323047637939453,-0.0419921875,-0.0451955795288086,-0.0379295349121094,-0.017695426940918,-0.0245704650878906,,-0.0270700454711914,,,-0.0310544967651367,,,,,-0.0119924545288086,-0.0365238189697266,-0.0126171112060547,-0.0287895202636719,-0.0098047256469726
7240,-0.029414176940918,-0.0344924926757812,,-0.0769920349121094,-0.0323047637939453,-0.0419921875,-0.0451955795288086,-0.0379295349121094,-0.017695426940918,-0.0245704650878906,,-0.0270700454711914,,,-0.0310544967651367,,,,,-0.0119924545288086,-0.0365238189697266,-0.0125389099121094,-0.0287895202636719,-0.0097265243530273
7250,-0.029414176940918,-0.0344924926757812,,-0.0769920349121094,-0.0322265625,-0.0419921875,-0.0451955795288086,-0.0378513336181641,-0.017695426940918,-0.0245704650878906,,-0.0270700454711914,,,-0.0309762954711914,,,,,-0.0119924545288086,-0.0365238189697266,-0.0125389099121094,-0.0287895202636719,-0.0097265243530273
7260,-0.0293359756469727,-0.0344924926757812,,-0.0769920349121094,-0.0322265625,-0.0419921875,-0.0451955795288086,-0.0379295349121094,-0.0176172256469727,-0.0245704650878906,,-0.0270700454711914,,,-0.0309762954711914,,,,,-0.0119924545288086,-0.0364456176757812,-0.0124607086181641,-0.0287895202636719,-0.0097265243530273
7270,-0.0293359756469727,-0.0344924926757812,,-0.0769920349121094,-0.0322265625,-0.0419921875,-0.0451955795288086,-0.0378513336181641,-0.0176172256469727,-0.0245704650878906,,-0.0269918441772461,,,-0.0309762954711914,,,,,-0.0119142532348633,-0.0364456176757812,-0.0124607086181641,-0.0287895202636719,-0.009648323059082
7280,-0.0293359756469727,-0.0344924926757812,,-0.0769147872924805,-0.0322265625,-0.0419921875,-0.0451955795288086,-0.0378513336181641,-0.0176172256469727,-0.0245704650878906,,-0.0269918441772461,,,-0.0309762954711914,,,,,-0.0119142532348633,-0.0364456176757812,-0.0124607086181641,-0.0287895202636719,-0.009648323059082
7290,-0.0293359756469727,-0.0344924926757812,,-0.0769920349121094,-0.0321483612060547,-0.0419921875,-0.0451173782348633,-0.0378513336181641,-0.0176172256469727,-0.0245704650878906,,-0.0269918441772461,,,-0.0309762954711914,,,,,-0.0119142532348633,-0.0364456176757812,-0.0123825073242188,-0.0287895202636719,-0.009648323059082
7300,-0.0293359756469727,-0.0344924926757812,,-0.0769147872924805,-0.0321483612060547,-0.0419921875,-0.0451173782348633,-0.0378513336181641,-0.0176172256469727,-0.0245704650878906,,-0.0269918441772461,,,-0.0309762954711914,,,,,-0.0119142532348633,-0.0364456176757812,-0.0123825073242188,-0.0287895202636719,-0.0095701217651367
7310,-0.0293359756469727,-0.0344924926757812,,-0.0769147872924805,-0.0321483612060547,-0.0419921875,-0.0451173782348633,-0.0378513336181641,-0.0175390243530273,-0.0244922637939453,,-0.0269918441772461,,,-0.0308980941772461,,,,,-0.011836051940918,-0.0364456176757812,-0.0123043060302734,-0.0287895202636719,-0.0095701217651367
7320,-0.0293359756469727,-0.0344924926757812,,-0.0769147872924805,-0.0321483612060547,-0.0419139862060547,-0.0451173782348633,-0.0378513336181641,-0.0175390243530273,-0.0244922637939453,,-0.0269145965576172,,,-0.0308980941772461,,,,,-0.011836051940918,-0.0364456176757812,-0.0123043060302734,-0.0287895202636719,-0.0094919204711914
7330,-0.0293359756469727,-0.0344924926757812,,-0.0769147872924805,-0.0321483612060547,-0.0419139862060547,-0.0451173782348633,-0.0378513336181641,-0.0175390243530273,-0.0244922637939453,,-0.0269145965576172,,,-0.0308980941772461,,,,,-0.011836051940918,-0.0364456176757812,-0.0122261047363281,-0.0287895202636719,-0.0094919204711914
7340,-0.0293359756469727,-0.0344924926757812,,-0.0769147872924805,-0.0320701599121094,-0.0419139862060547,-0.0451173782348633,-0.0378513336181641,-0.0175390243530273,-0.0244922637939453,,-0.0269145965576172,,,-0.0308980941772461,,,,,-0.0117578506469727,-0.0364456176757812,-0.0122261047363281,-0.0287895202636719,-0.0094919204711914
7350,-0.0293359756469727,-0.0344924926757812,,-0.0768365859985352,-0.0320701599121094,-0.0419139862060547,-0.0451173782348633,-0.0378513336181641,-0.0175390243530273,-0.0244922637939453,,-0.0269145965576172,,,-0.0308980941772461,,,,,-0.0117578506469727,-0.0364456176757812,-0.0121488571166992,-0.0287895202636719,-0.009413719177246
7360,-0.0293359756469727,-0.0344924926757812,,-0.0768365859985352,-0.0320701599121094,-0.0419139862060547,-0.0451173782348633,-0.0378513336181641,-0.017460823059082,-0.0244922637939453,,-0.0269145965576172,,,-0.0308980941772461,,,,,-0.0117578506469727,-0.0364456176757812,-0.0121488571166992,-0.0287895202636719,-0.009413719177246
7370,-0.0293359756469727,-0.0344924926757812,,-0.0768365859985352,-0.0320701599121094,-0.0419139862060547,-0.0451173782348633,-0.0378513336181641,-0.017460823059082,-0.0244922637939453,,-0.0268363952636719,,,-0.0308980941772461,,,,,-0.0117578506469727,-0.0364456176757812,-0.0120706558227539,-0.0287895202636719,-0.009413719177246
7380,-0.0293359756469727,-0.0344924926757812,,-0.0768365859985352,-0.0319919586181641,-0.0419139862060547,-0.0451173782348633,-0.0378513336181641,-0.017460823059082,-0.0244922637939453,,-0.0268363952636719,,,-0.0308980941772461,,,,,-0.0116796493530273,-0.0364456176757812,-0.0120706558227539,-0.0287895202636719,-0.0093355178833007
7390,-0.0293359756469727,-0.0344924926757812,,-0.0767583847045898,-0.0319919586181641,-0.0419139862060547,-0.0451173782348633,-0.0378513336181641,-0.017460823059082,-0.0244922637939453,,-0.0268363952636719,,,-0.0308980941772461,,,,,-0.0116796493530273,-0.0364456176757812,-0.0120706558227539,-0.0287895202636719,-0.0093355178833007
7400,-0.0293359756469727,-0.0344924926757812,,-0.0767583847045898,-0.0319919586181641,-0.0419139862060547,-0.0451173782348633,-0.0378513336181641,-0.017460823059082,-0.0244140625,,-0.0268363952636719,,,-0.0308208465576172,,,,,-0.0116796493530273,-0.0364456176757812,-0.0119924545288086,-0.0287895202636719,-0.0093355178833007
7410,-0.0292577743530273,-0.0344924926757812,,-0.0767583847045898,-0.0319919586181641,-0.0419139862060547,-0.0451173782348633,-0.0378513336181641,-0.017460823059082,-0.0244140625,,-0.0268363952636719,,,-0.0308208465576172,,,,,-0.0116796493530273,-0.0364456176757812,-0.0119924545288086,-0.0287895202636719,-0.0092582702636718
7420,-0.0292577743530273,-0.0344924926757812,,-0.0767583847045898,-0.0319137573242188,-0.0419139862060547,-0.0451173782348633,-0.0378513336181641,-0.0173826217651367,-0.0244140625,,-0.0268363952636719,,,-0.0308208465576172,,,,,-0.011601448059082,-0.0364456176757812,-0.0119142532348633,-0.0287895202636719,-0.0092582702636718
7430,-0.0292577743530273,-0.0344924926757812,,-0.0766801834106445,-0.0319137573242188,-0.0419139862060547,-0.0451173782348633,-0.0377731323242188,-0.0173826217651367,-0.0244140625,,-0.0267581939697266,,,-0.0307426452636719,,,,,-0.011601448059082,-0.0364456176757812,-0.0119142532348633,-0.0287895202636719,-0.0092582702636718
7440,-0.0292577743530273,-0.0344924926757812,,-0.0766801834106445,-0.0319137573242188,-0.0419139862060547,-0.0451173782348633,-0.0377731323242188,-0.0173826217651367,-0.0244140625,,-0.0267581939697266,,,-0.0307426452636719,,,,,-0.011601448059082,-0.0364456176757812,-0.0119142532348633,-0.0287895202636719,-0.0091800689697265
7450,-0.0292577743530273,-0.0344924926757812,,-0.0766801834106445,-0.0319137573242188,-0.0419139862060547,-0.0451173782348633,-0.0377731323242188,-0.0173826217651367,-0.0244140625,,-0.0267581939697266,,,-0.0307426452636719,,,,,-0.011601448059082,-0.0363674163818359,-0.011836051940918,-0.0287895202636719,-0.0091800689697265
7460,-0.0292577743530273,-0.0344924926757812,,-0.0766801834106445,-0.0319137573242188,-0.0419139862060547,-0.045039176940918,-0.0377731323242188,-0.0173826217651367,-0.0244140625,,-0.0267581939697266,,,-0.0307426452636719,,,,,-0.0115232467651367,-0.0363674163818359,-0.011836051940918,-0.0287895202636719,-0.0091800689697265
7470,-0.029179573059082,-0.0344924926757812,,-0.0766019821166992,-0.0318355560302734,-0.0419139862060547,-0.045039176940918,-0.0377731323242188,-0.0173826217651367,-0.0243358612060547,,-0.0267581939697266,,,-0.0307426452636719,,,,,-0.0115232467651367,-0.0363674163818359,-0.0117578506469727,-0.0287895202636719,-0.0091018676757812
7480,-0.029179573059082,-0.0344924926757812,,-0.0766019821166992,-0.0318355560302734,-0.0419139862060547,-0.045039176940918,-0.0377731323242188,-0.0173044204711914,-0.0243358612060547,,-0.0266799926757812,,,-0.0306644439697266,,,,,-0.0115232467651367,-0.0363674163818359,-0.0117578506469727,-0.0287895202636719,-0.0091018676757812
7490,-0.029179573059082,-0.0344924926757812,,-0.0766019821166992,-0.0318355560302734,-0.0418357849121094,-0.045039176940918,-0.0377731323242188,-0.0173044204711914,-0.0243358612060547,,-0.0266799926757812,,,-0.0306644439697266,,,,,-0.0115232467651367,-0.0363674163818359,-0.0117578506469727,-0.0287895202636719,-0.0091018676757812
7500,-0.029179573059082,-0.0344924926757812,,-0.0766019821166992,-0.0318355560302734,-0.0418357849121094,-0.045039176940918,-0.0377731323242188,-0.0173044204711914,-0.0243358612060547,,-0.0266799926757812,,,-0.0306644439697266,,,,,-0.0114450454711914,-0.0363674163818359,-0.0116796493530273,-0.0287895202636719,-0.0090236663818359
7510,-0.029179573059082,-0.0344924926757812,,-0.0765237808227539,-0.0317583084106445,-0.0418357849121094,-0.045039176940918,-0.0377731323242188,-0.0173044204711914,-0.0243358612060547,,-0.0266799926757812,,,-0.0306644439697266,,,,,-0.0114450454711914,-0.0363674163818359,-0.0116796493530273,-0.0287895202636719,-0.0090236663818359
7520,-0.029179573059082,-0.0344924926757812,,-0.0765237808227539,-0.0317583084106445,-0.0418357849121094,-0.045039176940918,-0.0377731323242188,-0.0173044204711914,-0.0243358612060547,,-0.0266799926757812,,,-0.0306644439697266,,,,,-0.0114450454711914,-0.0363674163818359,-0.011601448059082,-0.0287895202636719,-0.0090236663818359
7530,-0.029179573059082,-0.0344924926757812,,-0.0765237808227539,-0.0317583084106445,-0.0418357849121094,-0.045039176940918,-0.0377731323242188,-0.0173044204711914,-0.0243358612060547,,-0.0266017913818359,,,-0.0306644439697266,,,,,-0.0113668441772461,-0.0363674163818359,-0.011601448059082,-0.0287895202636719,-0.0089454650878906
7540,-0.029179573059082,-0.0344924926757812,,-0.0765237808227539,-0.0317583084106445,-0.0418357849121094,-0.045039176940918,-0.0377731323242188,-0.0172262191772461,-0.0243358612060547,,-0.0266017913818359,,,-0.0305862426757812,,,,,-0.0113668441772461,-0.0363674163818359,-0.011601448059082,-0.0287895202636719,-0.0089454650878906
7550,-0.029179573059082,-0.0344924926757812,,-0.0765237808227539,-0.0317583084106445,-0.0418357849121094,-0.045039176940918,-0.0377731323242188,-0.0172262191772461,-0.0242576599121094,,-0.0266017913818359,,,-0.0306644439697266,,,,,-0.0113668441772461,-0.0363674163818359,-0.0115232467651367,-0.0287895202636719,-0.0089454650878906
7560,-0.029179573059082,-0.0344924926757812,,-0.0765237808227539,-0.0316801071166992,-0.0418357849121094,-0.045039176940918,-0.0377731323242188,-0.0172262191772461,-0.0242576599121094,,-0.0266017913818359,,,-0.0306644439697266,,,,,-0.0113668441772461,-0.0364456176757812,-0.0115232467651367,-0.0287895202636719,-0.0088672637939453
7570,-0.029179573059082,-0.0344924926757812,,-0.0764455795288086,-0.0316801071166992,-0.0418357849121094,-0.045039176940918,-0.0377731323242188,-0.0172262191772461,-0.0242576599121094,,-0.0266017913818359,,,-0.0305862426757812,,,,,-0.0113668441772461,-0.0363674163818359,-0.0115232467651367,-0.0287895202636719,-0.0088672637939453
7580,-0.029179573059082,-0.0344924926757812,,-0.0764455795288086,-0.0316801071166992,-0.0418357849121094,-0.045039176940918,-0.0377731323242188,-0.0172262191772461,-0.0242576599121094,,-0.0266017913818359,,,-0.0305862426757812,,,,,-0.0112886428833008,-0.0363674163818359,-0.0114450454711914,-0.0287895202636719,-0.0088672637939453
7590,-0.029179573059082,-0.0344924926757812,,-0.0763673782348633,-0.0316801071166992,-0.0418357849121094,-0.045039176940918,-0.0376958847045898,-0.0172262191772461,-0.0242576599121094,,-0.0266017913818359,,,-0.0305862426757812,,,,,-0.0112886428833008,-0.0363674163818359,-0.0114450454711914,-0.0287895202636719,-0.0088672637939453
7600,-0.029179573059082,-0.0344924926757812,,-0.0763673782348633,-0.0316019058227539,-0.0418357849121094,-0.045039176940918,-0.0376958847045898,-0.0172262191772461,-0.0242576599121094,,-0.0265235900878906,,,-0.0305862426757812,,,,,-0.0112886428833008,-0.0363674163818359,-0.0113668441772461,-0.0287895202636719,-0.0087890625
7610,-0.0291013717651367,-0.0344924926757812,,-0.076289176940918,-0.0316019058227539,-0.0418357849121094,-0.045039176940918,-0.0376958847045898,-0.0172262191772461,-0.0242576599121094,,-0.0265235900878906,,,-0.0305080413818359,,,,,-0.0112886428833008,-0.0363674163818359,-0.0113668441772461,-0.0287113189697266,-0.0087890625
7620,-0.0291013717651367,-0.0344924926757812,,-0.076289176940918,-0.0316019058227539,-0.0418357849121094,-0.045039176940918,-0.0376958847045898,-0.0171480178833008,-0.0242576599121094,,-0.0265235900878906,,,-0.0305080413818359,,,,,-0.0112113952636719,-0.0363674163818359,-0.0113668441772461,-0.0287895202636719,-0.0087890625
7630,-0.0291013717651367,-0.0344924926757812,,-0.0762109756469727,-0.0316019058227539,-0.0418357849121094,-0.045039176940918,-0.0376958847045898,-0.0171480178833008,-0.0241794586181641,,-0.0265235900878906,,,-0.0305080413818359,,,,,-0.0112113952636719,-0.0363674163818359,-0.0112886428833008,-0.0287895202636719,-0.0087108612060546
7640,-0.0291013717651367,-0.0344924926757812,,-0.0762109756469727,-0.0316019058227539,-0.0418357849121094,-0.045039176940918,-0.0376958847045898,-0.0171480178833008,-0.0241794586181641,,-0.0265235900878906,,,-0.0304298400878906,,,,,-0.0112113952636719,-0.0363674163818359,-0.0112886428833008,-0.0287895202636719,-0.0087108612060546
7650,-0.0291013717651367,-0.0344924926757812,,-0.0761327743530273,-0.0315237045288086,-0.0418357849121094,-0.045039176940918,-0.0376958847045898,-0.0171480178833008,-0.0241794586181641,,-0.0264453887939453,,,-0.0304298400878906,,,,,-0.0112113952636719,-0.0363674163818359,-0.0112886428833008,-0.0287895202636719,-0.0087108612060546
7660,-0.0291013717651367,-0.0344924926757812,,-0.0761327743530273,-0.0315237045288086,-0.0417575836181641,-0.0449609756469727,-0.0376958847045898,-0.0171480178833008,-0.0241794586181641,,-0.0264453887939453,,,-0.0304298400878906,,,,,-0.0111331939697266,-0.0363674163818359,-0.0112113952636719,-0.0287895202636719,-0.0087108612060546
7670,-0.0291013717651367,-0.0344924926757812,,-0.076054573059082,-0.0315237045288086,-0.0417575836181641,-0.0449609756469727,-0.0376958847045898,-0.0171480178833008,-0.0241794586181641,,-0.0264453887939453,,,-0.0304298400878906,,,,,-0.0111331939697266,-0.0363674163818359,-0.0112113952636719,-0.0287895202636719,-0.0086326599121093
7680,-0.0291013717651367,-0.0344924926757812,,-0.0759763717651367,-0.0315237045288086,-0.0417575836181641,-0.045039176940918,-0.0376958847045898,-0.0170707702636719,-0.0241794586181641,,-0.0264453887939453,,,-0.0304298400878906,,,,,-0.0111331939697266,-0.0363674163818359,-0.0111331939697266,-0.0287895202636719,-0.0086326599121093
7690,-0.0291013717651367,-0.0344924926757812,,-0.0759763717651367,-0.0315237045288086,-0.0417575836181641,-0.0449609756469727,-0.0376958847045898,-0.0170707702636719,-0.0241794586181641,,-0.0264453887939453,,,-0.0303516387939453,,,,,-0.0111331939697266,-0.0363674163818359,-0.0111331939697266,-0.0287895202636719,-0.0086326599121093
7700,-0.0291013717651367,-0.0344924926757812,,-0.0758991241455078,-0.0314455032348633,-0.0417575836181641,-0.0449609756469727,-0.0376958847045898,-0.0170707702636719,-0.0241794586181641,,-0.0264453887939453,,,-0.0303516387939453,,,,,-0.0110549926757812,-0.0363674163818359,-0.0111331939697266,-0.0287895202636719,-0.008554458618164
7710,-0.0290231704711914,-0.0344924926757812,,-0.0758991241455078,-0.0314455032348633,-0.0417575836181641,-0.0449609756469727,-0.0376958847045898,-0.0170707702636719,-0.0241012573242188,,-0.0263671875,,,-0.0303516387939453,,,,,-0.0110549926757812,-0.0363674163818359,-0.0110549926757812,-0.0287895202636719,-0.008554458618164
7720,-0.0290231704711914,-0.0344924926757812,,-0.0758991241455078,-0.0314455032348633,-0.0417575836181641,-0.0449609756469727,-0.0376958847045898,-0.0170707702636719,-0.0241012573242188,,-0.0263671875,,,-0.0303516387939453,,,,,-0.0110549926757812,-0.0362892150878906,-0.0110549926757812,-0.0287113189697266,-0.008554458618164
7730,-0.0291013717651367,-0.0344924926757812,,-0.0759763717651367,-0.0314455032348633,-0.0417575836181641,-0.0449609756469727,-0.0376958847045898,-0.0170707702636719,-0.0241012573242188,,-0.0263671875,,,-0.0303516387939453,,,,,-0.0110549926757812,-0.0363674163818359,-0.0110549926757812,-0.0287895202636719,-0.008554458618164
7740,-0.0291013717651367,-0.0344924926757812,,-0.0759763717651367,-0.031367301940918,-0.0417575836181641,-0.0449609756469727,-0.0376958847045898,-0.0170707702636719,-0.0241012573242188,,-0.0263671875,,,-0.0303516387939453,,,,,-0.0110549926757812,-0.0363674163818359,-0.0109767913818359,-0.0287895202636719,-0.0084762573242187
7750,-0.0291013717651367,-0.0344924926757812,,-0.0759763717651367,-0.031367301940918,-0.0417575836181641,-0.0449609756469727,-0.0376958847045898,-0.0169925689697266,-0.0241012573242188,,-0.0263671875,,,-0.0303516387939453,,,,,-0.0109767913818359,-0.0363674163818359,-0.0109767913818359,-0.0287895202636719,-0.0084762573242187
7760,-0.0291013717651367,-0.0344924926757812,,-0.0759763717651367,-0.031367301940918,-0.0417575836181641,-0.0449609756469727,-0.0376958847045898,-0.0169925689697266,-0.0241012573242188,,-0.0263671875,,,-0.0303516387939453,,,,,-0.0109767913818359,-0.0363674163818359,-0.0109767913818359,-0.0287113189697266,-0.0084762573242187
7770,-0.0290231704711914,-0.0344924926757812,,-0.0759763717651367,-0.031367301940918,-0.0417575836181641,-0.0449609756469727,-0.0376176834106445,-0.0169925689697266,-0.0241012573242188,,-0.0262889862060547,,,-0.0302734375,,,,,-0.0109767913818359,-0.0363674163818359,-0.0108985900878906,-0.0287113189697266,-0.0084762573242187
7780,-0.0291013717651367,-0.0344924926757812,,-0.0759763717651367,-0.031367301940918,-0.0417575836181641,-0.0449609756469727,-0.0376176834106445,-0.0169925689697266,-0.0240230560302734,,-0.0262889862060547,,,-0.0302734375,,,,,-0.0109767913818359,-0.0363674163818359,-0.0108985900878906,-0.0287113189697266,-0.0083980560302734
7790,-0.0290231704711914,-0.0344924926757812,,-0.0759763717651367,-0.0312891006469727,-0.0417575836181641,-0.0449609756469727,-0.0376176834106445,-0.0169925689697266,-0.0240230560302734,,-0.0262889862060547,,,-0.0302734375,,,,,-0.0108985900878906,-0.0363674163818359,-0.0108203887939453,-0.0287113189697266,-0.0083980560302734
7800,-0.0291013717651367,-0.0344924926757812,,-0.0759763717651367,-0.0312891006469727,-0.0417575836181641,-0.0449609756469727,-0.0376176834106445,-0.0169925689697266,-0.0240230560302734,,-0.0262889862060547,,,-0.0302734375,,,,,-0.0108985900878906,-0.0363674163818359,-0.0108203887939453,-0.0287895202636719,-0.0083980560302734
7810,-0.0291013717651367,-0.0344924926757812,,-0.0759763717651367,-0.0312891006469727,-0.0417575836181641,-0.0449609756469727,-0.0376176834106445,-0.0169925689697266,-0.0240230560302734,,-0.0262889862060547,,,-0.0302734375,,,,,-0.0108985900878906,-0.0363674163818359,-0.0108203887939453,-0.0287113189697266,-0.0083980560302734
7820,-0.0291013717651367,-0.0344924926757812,,-0.0759763717651367,-0.0312891006469727,-0.0416793823242188,-0.0449609756469727,-0.0376176834106445,-0.0169925689697266,-0.0240230560302734,,-0.0262107849121094,,,-0.0302734375,,,,,-0.0108985900878906,-0.0363674163818359,-0.0108203887939453,-0.0287113189697266,-0.0083198547363281
7830,-0.0291013717651367,-0.0344924926757812,,-0.0759763717651367,-0.0312891006469727,-0.0416793823242188,-0.0449609756469727,-0.0376176834106445,-0.0169143676757812,-0.0240230560302734,,-0.0262107849121094,,,-0.0302734375,,,,,-0.0108203887939453,-0.0363674163818359,-0.0107421875,-0.0287113189697266,-0.0083198547363281
7840,-0.0290231704711914,-0.0344924926757812,,-0.0759763717651367,-0.0312108993530273,-0.0416793823242188,-0.0449609756469727,-0.0376176834106445,-0.0169143676757812,-0.0240230560302734,,-0.0262107849121094,,,-0.0302734375,,,,,-0.0108203887939453,-0.0363674163818359,-0.0107421875,-0.0287113189697266,-0.0083198547363281
7850,-0.0290231704711914,-0.0344924926757812,,-0.0759763717651367,-0.0312108993530273,-0.0416793823242188,-0.0449609756469727,-0.0376176834106445,-0.0169143676757812,-0.0240230560302734,,-0.0262107849121094,,,-0.0301952362060547,,,,,-0.0108203887939453,-0.0363674163818359,-0.0106639862060547,-0.0287113189697266,-0.0082426071166992
7860,-0.0290231704711914,-0.0344924926757812,,-0.0759763717651367,-0.0312108993530273,-0.0416793823242188,-0.0449609756469727,-0.0376176834106445,-0.0169143676757812,-0.0239458084106445,,-0.0262107849121094,,,-0.0301952362060547,,,,,-0.0108203887939453,-0.0363674163818359,-0.0106639862060547,-0.0287113189697266,-0.0082426071166992
7870,-0.0290231704711914,-0.0344924926757812,,-0.0759763717651367,-0.0312108993530273,-0.0416793823242188,-0.0448827743530273,-0.0376176834106445,-0.0169143676757812,-0.0239458084106445,,-0.0262107849121094,,,-0.0301952362060547,,,,,-0.0107421875,-0.0362892150878906,-0.0106639862060547,-0.0287113189697266,-0.0082426071166992
7880,-0.0290231704711914,-0.0344924926757812,,-0.0759763717651367,-0.031132698059082,-0.0416793823242188,-0.0448827743530273,-0.0376176834106445,-0.0169143676757812,-0.0239458084106445,,-0.0261325836181641,,,-0.0301952362060547,,,,,-0.0107421875,-0.0362892150878906,-0.0105857849121094,-0.0287113189697266,-0.0082426071166992
7890,-0.0290231704711914,-0.0344924926757812,,-0.0759763717651367,-0.031132698059082,-0.0416793823242188,-0.0448827743530273,-0.0376176834106445,-0.0169143676757812,-0.0239458084106445,,-0.0261325836181641,,,-0.0301952362060547,,,,,-0.0107421875,-0.0362892150878906,-0.0105857849121094,-0.0287113189697266,-0.0081644058227539
7900,-0.0290231704711914,-0.0344924926757812,,-0.0758991241455078,-0.031132698059082,-0.0416793823242188,-0.0448827743530273,-0.0376176834106445,-0.0168361663818359,-0.0239458084106445,,-0.0261325836181641,,,-0.0301952362060547,,,,,-0.0107421875,-0.0362892150878906,-0.0105857849121094,-0.0287113189697266,-0.0081644058227539
7910,-0.0290231704711914,-0.0344924926757812,,-0.0758991241455078,-0.031132698059082,-0.0416793823242188,-0.0448827743530273,-0.0376176834106445,-0.0168361663818359,-0.0239458084106445,,-0.0261325836181641,,,-0.0301952362060547,,,,,-0.0107421875,-0.0362892150878906,-0.0105075836181641,-0.0287113189697266,-0.0081644058227539
7920,-0.0290231704711914,-0.0344924926757812,,-0.0758991241455078,-0.031132698059082,-0.0416793823242188,-0.0448827743530273,-0.0376176834106445,-0.0168361663818359,-0.0239458084106445,,-0.0261325836181641,,,-0.0301170349121094,,,,,-0.0106639862060547,-0.0362892150878906,-0.0105075836181641,-0.0287113189697266,-0.0081644058227539
7930,-0.0290231704711914,-0.0344924926757812,,-0.0758991241455078,-0.031132698059082,-0.0416793823242188,-0.0448827743530273,-0.0375394821166992,-0.0168361663818359,-0.0238676071166992,,-0.0261325836181641,,,-0.0301170349121094,,,,,-0.0106639862060547,-0.0362892150878906,-0.0105075836181641,-0.0287895202636719,-0.0080862045288085
7940,-0.0290231704711914,-0.0344924926757812,,-0.0758991241455078,-0.0310544967651367,-0.0416793823242188,-0.0448827743530273,-0.0376176834106445,-0.0168361663818359,-0.0238676071166992,,-0.0261325836181641,,,-0.0301170349121094,,,,,-0.0106639862060547,-0.0362892150878906,-0.0104293823242188,-0.0287113189697266,-0.0080862045288085
7950,-0.0290231704711914,-0.0344924926757812,,-0.0758991241455078,-0.0310544967651367,-0.0416793823242188,-0.0448827743530273,-0.0375394821166992,-0.0168361663818359,-0.0238676071166992,,-0.0260543823242188,,,-0.0301170349121094,,,,,-0.0106639862060547,-0.0362892150878906,-0.0104293823242188,-0.0287895202636719,-0.0080862045288085
7960,-0.0290231704711914,-0.0344924926757812,,-0.0758991241455078,-0.0310544967651367,-0.0416793823242188,-0.0448827743530273,-0.0375394821166992,-0.0168361663818359,-0.0238676071166992,,-0.0260543823242188,,,-0.0301170349121094,,,,,-0.0105857849121094,-0.0362892150878906,-0.0104293823242188,-0.0287895202636719,-0.0080862045288085
7970,-0.0290231704711914,-0.0344924926757812,,-0.0758991241455078,-0.0310544967651367,-0.0416793823242188,-0.0448827743530273,-0.0375394821166992,-0.0168361663818359,-0.0238676071166992,,-0.0260543823242188,,,-0.0301170349121094,,,,,-0.0105857849121094,-0.0362892150878906,-0.0103511810302734,-0.0287113189697266,-0.0080080032348632
7980,-0.0290231704711914,-0.0344924926757812,,-0.0758209228515625,-0.0310544967651367,-0.0416793823242188,-0.0448827743530273,-0.0375394821166992,-0.0167579650878906,-0.0238676071166992,,-0.0260543823242188,,,-0.0301170349121094,,,,,-0.0105857849121094,-0.0362892150878906,-0.0103511810302734,-0.0287895202636719,-0.0080080032348632
7990,-0.0941801071166992,-0.0905084609985352,,-0.127617835998535,-0.0754299163818359,-0.093632698059082,-0.101367950439453,-0.0863676071166992,-0.0475387573242188,,,-0.0627737045288086,,,-0.0921487808227539,,,,,-0.062382698059082,-0.10214900970459,-0.0405864715576172,-0.0852737426757812,-0.0420703887939453
8000,-0.0941801071166992,-0.0905866622924805,,-0.127852439880371,-0.0752735137939453,-0.093632698059082,-0.101523399353027,-0.0862894058227539,-0.0473833084106445,,,-0.062617301940918,,,-0.0922269821166992,,,,,-0.0416021347045898,-0.102227210998535,-0.0405082702636719,-0.0851955413818359,-0.0419921875
8010,-0.0941801071166992,-0.0905084609985352,,-0.1279296875,-0.0751171112060547,-0.093632698059082,-0.101523399353027,-0.0862894058227539,-0.0473051071166992,,,-0.0625391006469727,,,-0.0922269821166992,,,,,-0.0415239334106445,-0.10214900970459,-0.0404300689697266,-0.0851955413818359,-0.0419139862060547
8020,-0.0941801071166992,-0.0905084609985352,,-0.128007888793945,-0.0750389099121094,-0.093632698059082,-0.101523399353027,-0.0862894058227539,-0.0473051071166992,,,-0.062382698059082,,,-0.0922269821166992,,,,,-0.0414457321166992,-0.10214900970459,-0.0403518676757812,-0.0851173400878906,-0.0418357849121094
8030,-0.0941801071166992,-0.0905084609985352,,-0.128086090087891,-0.0748834609985352,-0.093632698059082,-0.101523399353027,-0.0862894058227539,-0.0472269058227539,,,-0.0623044967651367,,,-0.0922269821166992,,,,,-0.0413675308227539,-0.102070808410645,-0.0402736663818359,-0.0851173400878906,-0.0418357849121094
8040,-0.0941019058227539,-0.0905084609985352,,-0.128086090087891,-0.0748052597045898,-0.0937108993530273,-0.101523399353027,-0.0862894058227539,-0.0472269058227539,,,-0.0622262954711914,,,-0.0922269821166992,,,,,-0.0412893295288086,-0.101992607116699,-0.0402736663818359,-0.0851173400878906,-0.0417575836181641
8050,-0.0941019058227539,-0.0905084609985352,,-0.128164291381836,-0.0747270584106445,-0.0937108993530273,-0.101523399353027,-0.0862894058227539,-0.0471487045288086,,,-0.0621490478515625,,,-0.0922269821166992,,,,,-0.0412111282348633,-0.101914405822754,-0.0401954650878906,-0.0850391387939453,-0.0416793823242188
8060,-0.0940237045288086,-0.0904302597045898,,-0.128242492675781,-0.0746488571166992,-0.0937108993530273,-0.101523399353027,-0.0862894058227539,-0.0470705032348633,,,-0.0620708465576172,,,-0.0921487808227539,,,,,-0.041132926940918,-0.101836204528809,-0.0401172637939453,-0.0850391387939453,-0.0416021347045898
8070,-0.0940237045288086,-0.0904302597045898,,-0.128242492675781,-0.0745706558227539,-0.0937108993530273,-0.101523399353027,-0.0862894058227539,-0.0470705032348633,,,-0.0619926452636719,,,-0.0921487808227539,,,,,-0.041132926940918,-0.101758003234863,-0.0400390625,-0.0850391387939453,-0.0416021347045898
8080,-0.0940237045288086,-0.0904302597045898,,-0.128320693969727,-0.0744924545288086,-0.0937108993530273,-0.101523399353027,-0.0862894058227539,-0.046992301940918,,,-0.0619144439697266,,,-0.0921487808227539,,,,,-0.0410547256469727,-0.101679801940918,-0.0399608612060547,-0.0849609375,-0.0415239334106445
8090,-0.0939455032348633,-0.0904302597045898,,-0.128320693969727,-0.0744142532348633,-0.0937108993530273,-0.101445198059082,-0.0862894058227539,-0.046992301940918,,,-0.0618362426757812,,,-0.0920705795288086,,,,,-0.0409765243530273,-0.101679801940918,-0.0398826599121094,-0.0849609375,-0.0414457321166992
8100,-0.0939455032348633,-0.0904302597045898,,-0.128320693969727,-0.074336051940918,-0.0937108993530273,-0.101445198059082,-0.0862894058227539,-0.0469141006469727,,,-0.0617580413818359,,,-0.0920705795288086,,,,,-0.040898323059082,-0.101601600646973,-0.0398826599121094,-0.0849609375,-0.0414457321166992
8110,-0.093867301940918,-0.0904302597045898,,-0.128398895263672,-0.0742578506469727,-0.0937108993530273,-0.101445198059082,-0.0862894058227539,-0.0468358993530273,,,-0.0616798400878906,,,-0.0919923782348633,,,,,-0.0408201217651367,-0.101523399353027,-0.0398044586181641,-0.0849609375,-0.0413675308227539
8120,-0.093867301940918,-0.0904302597045898,,-0.128398895263672,-0.0741796493530273,-0.0937108993530273,-0.101445198059082,-0.0862112045288086,-0.0468358993530273,,,-0.0616016387939453,,,-0.0919923782348633,,,,,-0.0407419204711914,-0.101445198059082,-0.0397262573242188,-0.0848827362060547,-0.0412893295288086
8130,-0.0937891006469727,-0.0904302597045898,,-0.128398895263672,-0.0741796493530273,-0.0937108993530273,-0.101445198059082,-0.0862894058227539,-0.046757698059082,,,-0.0616016387939453,,,-0.0919923782348633,,,,,-0.0406637191772461,-0.101445198059082,-0.0396490097045898,-0.0848827362060547,-0.0412893295288086
8140,-0.0937891006469727,-0.0903520584106445,,-0.128477096557617,-0.074101448059082,-0.0937108993530273,-0.101445198059082,-0.0862112045288086,-0.046757698059082,,,-0.0615234375,,,-0.0919923782348633,,,,,-0.0405864715576172,-0.101367950439453,-0.0396490097045898,-0.0848827362060547,-0.0412111282348633
8150,-0.0937891006469727,-0.0903520584106445,,-0.128477096557617,-0.074101448059082,-0.0937108993530273,-0.101445198059082,-0.0862112045288086,-0.0466794967651367,,,-0.0614452362060547,,,-0.091914176940918,,,,,-0.0405864715576172,-0.101289749145508,-0.0395708084106445,-0.0848827362060547,-0.041132926940918
8160,-0.0937108993530273,-0.0903520584106445,,-0.128477096557617,-0.0740232467651367,-0.0937108993530273,-0.101445198059082,-0.0862112045288086,-0.0466794967651367,,,-0.0614452362060547,,,-0.091914176940918,,,,,-0.0405082702636719,-0.101211547851562,-0.0394926071166992,-0.0848045349121094,-0.041132926940918
8170,-0.0937108993530273,-0.0903520584106445,,-0.128555297851562,-0.0740232467651367,-0.0937108993530273,-0.101445198059082,-0.0862112045288086,-0.0466012954711914,,,-0.0613670349121094,,,-0.091914176940918,,,,,-0.0404300689697266,-0.101211547851562,-0.0394926071166992,-0.0848045349121094,-0.0410547256469727
8180,-0.0937108993530273,-0.0903520584106445,,-0.128555297851562,-0.0739459991455078,-0.0937108993530273,-0.101445198059082,-0.0862112045288086,-0.0466012954711914,,,-0.0613670349121094,,,-0.091914176940918,,,,,-0.0403518676757812,-0.101133346557617,-0.0394144058227539,-0.0848045349121094,-0.0409765243530273
8190,-0.093632698059082,-0.0903520584106445,,-0.128555297851562,-0.0739459991455078,-0.0937108993530273,-0.101445198059082,-0.0862112045288086,-0.0465240478515625,,,-0.0612888336181641,,,-0.091914176940918,,,,,-0.0403518676757812,-0.101055145263672,-0.0393362045288086,-0.0848045349121094,-0.0409765243530273
8200,-0.093632698059082,-0.0903520584106445,,-0.128633499145508,-0.0739459991455078,-0.0937108993530273,-0.101445198059082,-0.0862112045288086,-0.0465240478515625,,,-0.0612115859985352,,,-0.0918359756469727,,,,,-0.0402736663818359,-0.101055145263672,-0.0392580032348633,-0.0848045349121094,-0.040898323059082
8210,-0.0935554504394531,-0.0903520584106445,,-0.128633499145508,-0.0738677978515625,-0.0937108993530273,-0.101367950439453,-0.0862112045288086,-0.0465240478515625,,,-0.0612115859985352,,,-0.0918359756469727,,,,,-0.0401954650878906,-0.100976943969727,-0.0392580032348633,-0.0847272872924805,-0.040898323059082
8220,-0.0935554504394531,-0.0903520584106445,,-0.128633499145508,-0.0738677978515625,-0.0937108993530273,-0.101367950439453,-0.0862112045288086,-0.0464458465576172,,,-0.0611333847045898,,,-0.0918359756469727,,,,,-0.0401172637939453,-0.100898742675781,-0.039179801940918,-0.0847272872924805,-0.0408201217651367
8230,-0.0935554504394531,-0.0903520584106445,,-0.128711700439453,-0.0738677978515625,-0.0937108993530273,-0.101367950439453,-0.0862112045288086,-0.0464458465576172,,,-0.0611333847045898,,,-0.0918359756469727,,,,,-0.0401172637939453,-0.100898742675781,-0.039179801940918,-0.0847272872924805,-0.0408201217651367
8240,-0.0935554504394531,-0.0903520584106445,,-0.128711700439453,-0.0738677978515625,-0.0937108993530273,-0.101367950439453,-0.0862112045288086,-0.0463676452636719,,,-0.0611333847045898,,,-0.0918359756469727,,,,,-0.0400390625,-0.100820541381836,-0.0391016006469727,-0.0847272872924805,-0.0407419204711914
8250,-0.0934772491455078,-0.0903520584106445,,-0.128711700439453,-0.0738677978515625,-0.0937891006469727,-0.101367950439453,-0.0862894058227539,-0.0463676452636719,,,-0.0610551834106445,,,-0.0918359756469727,,,,,-0.0399608612060547,-0.100742340087891,-0.0390233993530273,-0.0847272872924805,-0.0406637191772461
8260,-0.0934772491455078,-0.0903520584106445,,-0.128789901733398,-0.0737895965576172,-0.0937891006469727,-0.101367950439453,-0.0862894058227539,-0.0463676452636719,,,-0.0610551834106445,,,-0.0918359756469727,,,,,-0.0399608612060547,-0.100742340087891,-0.0390233993530273,-0.0847272872924805,-0.0406637191772461
8270,-0.0934772491455078,-0.0902738571166992,,-0.128789901733398,-0.0737895965576172,-0.0937891006469727,-0.101367950439453,-0.0862894058227539,-0.0462894439697266,,,-0.0609769821166992,,,-0.0918359756469727,,,,,-0.0398826599121094,-0.100664138793945,-0.038945198059082,-0.0846490859985352,-0.0405864715576172
8280,-0.0934772491455078,-0.0902738571166992,,-0.128789901733398,-0.0737895965576172,-0.0937891006469727,-0.101367950439453,-0.0862894058227539,-0.0462894439697266,,,-0.0609769821166992,,,-0.0918359756469727,,,,,-0.0398044586181641,-0.100664138793945,-0.038945198059082,-0.0846490859985352,-0.0405864715576172
8290,-0.0933990478515625,-0.0902738571166992,,-0.128868103027344,-0.0737895965576172,-0.0937891006469727,-0.101367950439453,-0.0862894058227539,-0.0462894439697266,,,-0.0608987808227539,,,-0.0917577743530273,,,,,-0.0398044586181641,-0.1005859375,-0.0388669967651367,-0.0846490859985352,-0.0405082702636719
8300,-0.0933990478515625,-0.0902738571166992,,-0.128868103027344,-0.0737895965576172,-0.0937891006469727,-0.101367950439453,-0.0862894058227539,-0.0462112426757812,,,-0.0608987808227539,,,-0.0918359756469727,,,,,-0.0397262573242188,-0.1005859375,-0.0388669967651367,-0.0846490859985352,-0.0405082702636719
8310,-0.0933990478515625,-0.0902738571166992,,-0.128945350646973,-0.0737895965576172,-0.0937891006469727,-0.101367950439453,-0.0862894058227539,-0.0462112426757812,,,-0.0608987808227539,,,-0.0918359756469727,,,,,-0.0397262573242188,-0.100507736206055,-0.0387887954711914,-0.0846490859985352,-0.0404300689697266
8320,-0.0933990478515625,-0.0902738571166992,,-0.128945350646973,-0.0737895965576172,-0.0937891006469727,-0.101367950439453,-0.0862894058227539,-0.0462112426757812,,,-0.0608205795288086,,,-0.0918359756469727,,,,,-0.0396490097045898,-0.100507736206055,-0.0387887954711914,-0.0846490859985352,-0.0404300689697266
8330,-0.0933990478515625,-0.0902738571166992,,-0.128945350646973,-0.0737895965576172,-0.0937891006469727,-0.101367950439453,-0.0862894058227539,-0.0462112426757812,,,-0.0608205795288086,,,-0.0917577743530273,,,,,-0.0396490097045898,-0.100430488586426,-0.0387105941772461,-0.0845708847045898,-0.0403518676757812
8340,-0.0933208465576172,-0.0902738571166992,,-0.129023551940918,-0.0737895965576172,-0.0937891006469727,-0.101367950439453,-0.0862894058227539,-0.0461330413818359,,,-0.0608205795288086,,,-0.0917577743530273,,,,,-0.0395708084106445,-0.100430488586426,-0.0386333465576172,-0.0845708847045898,-0.0403518676757812
8350,-0.0933208465576172,-0.0902738571166992,,-0.129023551940918,-0.0737895965576172,-0.0937891006469727,-0.101367950439453,-0.0862894058227539,-0.0461330413818359,,,-0.0608205795288086,,,-0.0917577743530273,,,,,-0.0394926071166992,-0.10035228729248,-0.0386333465576172,-0.0845708847045898,-0.0402736663818359
8360,-0.0933208465576172,-0.0902738571166992,,-0.129023551940918,-0.0737895965576172,-0.0937891006469727,-0.101367950439453,-0.0863676071166992,-0.0461330413818359,,,-0.0607423782348633,,,-0.0917577743530273,,,,,-0.0394926071166992,-0.10035228729248,-0.0385551452636719,-0.0845708847045898,-0.0402736663818359
8370,-0.0933208465576172,-0.0902738571166992,,-0.129023551940918,-0.0737895965576172,-0.0937891006469727,-0.101367950439453,-0.0863676071166992,-0.0461330413818359,,,-0.0607423782348633,,,-0.0917577743530273,,,,,-0.0394144058227539,-0.100274085998535,-0.0385551452636719,-0.0845708847045898,-0.0401954650878906
8380,-0.0933208465576172,-0.0902738571166992,,-0.129101753234863,-0.0737895965576172,-0.0937891006469727,-0.101289749145508,-0.0863676071166992,-0.0460548400878906,,,-0.0607423782348633,,,-0.0917577743530273,,,,,-0.0394144058227539,-0.100274085998535,-0.0384769439697266,-0.0845708847045898,-0.0401954650878906
8390,-0.0933208465576172,-0.0902738571166992,,-0.129101753234863,-0.0737895965576172,-0.0937891006469727,-0.101289749145508,-0.0863676071166992,-0.0460548400878906,,,-0.0607423782348633,,,-0.0917577743530273,,,,,-0.0393362045288086,-0.10019588470459,-0.0384769439697266,-0.0845708847045898,-0.0401172637939453
8400,-0.0933208465576172,-0.0902738571166992,,-0.129101753234863,-0.0737895965576172,-0.0937891006469727,-0.101289749145508,-0.0863676071166992,-0.0460548400878906,,,-0.0607423782348633,,,-0.0917577743530273,,,,,-0.0393362045288086,-0.10019588470459,-0.0383987426757812,-0.0845708847045898,-0.0401172637939453
8410,-0.0933208465576172,-0.0902738571166992,,-0.129101753234863,-0.0737895965576172,-0.0937891006469727,-0.101289749145508,-0.0863676071166992,-0.0459766387939453,,,-0.060664176940918,,,-0.0917577743530273,,,,,-0.0392580032348633,-0.10019588470459,-0.0383987426757812,-0.0844926834106445,-0.0400390625
8420,-0.0932426452636719,-0.0902738571166992,,-0.129101753234863,-0.0737895965576172,-0.0937891006469727,-0.101289749145508,-0.0863676071166992,-0.0459766387939453,,,-0.060664176940918,,,-0.0917577743530273,,,,,-0.0392580032348633,-0.100117683410645,-0.0383987426757812,-0.0844926834106445,-0.0400390625
8430,-0.0932426452636719,-0.0902738571166992,,-0.129101753234863,-0.0737895965576172,-0.0937891006469727,-0.101289749145508,-0.0863676071166992,-0.0459766387939453,,,-0.060664176940918,,,-0.0917577743530273,,,,,-0.039179801940918,-0.100117683410645,-0.0383205413818359,-0.0844926834106445,-0.0399608612060547
8440,-0.0932426452636719,-0.0902738571166992,,-0.129101753234863,-0.0737895965576172,-0.0937891006469727,-0.101289749145508,-0.0863676071166992,-0.0459766387939453,,,-0.060664176940918,,,-0.0917577743530273,,,,,-0.0391016006469727,-0.100039482116699,-0.0383205413818359,-0.0844926834106445,-0.0399608612060547
8450,-0.0932426452636719,-0.0902738571166992,,-0.129179954528809,-0.0737895965576172,-0.0937891006469727,-0.101289749145508,-0.0864458084106445,-0.0458984375,,,-0.0605859756469727,,,-0.0917577743530273,,,,,-0.0391016006469727,-0.100039482116699,-0.0382423400878906,-0.0844926834106445,-0.0398826599121094
8460,-0.0932426452636719,-0.0902738571166992,,-0.129179954528809,-0.0737895965576172,-0.0937891006469727,-0.101289749145508,-0.0864458084106445,-0.0458984375,,,-0.0605859756469727,,,-0.0917577743530273,,,,,-0.0390233993530273,-0.100039482116699,-0.0382423400878906,-0.0844926834106445,-0.0398826599121094
8470,-0.0932426452636719,-0.0902738571166992,,-0.129179954528809,-0.0737895965576172,-0.0937891006469727,-0.101289749145508,-0.0864458084106445,-0.0458984375,,,-0.0605859756469727,,,-0.0917577743530273,,,,,-0.0390233993530273,-0.0999612808227539,-0.0381641387939453,-0.0844926834106445,-0.0398826599121094
8480,-0.0932426452636719,-0.0902738571166992,,-0.129179954528809,-0.0738677978515625,-0.0937891006469727,-0.101289749145508,-0.0864458084106445,-0.0458202362060547,,,-0.0605859756469727,,,-0.0917577743530273,,,,,-0.0390233993530273,-0.0999612808227539,-0.0381641387939453,-0.0844926834106445,-0.0398044586181641
8490,-0.0932426452636719,-0.0902738571166992,,-0.129179954528809,-0.0738677978515625,-0.0937891006469727,-0.101289749145508,-0.0864458084106445,-0.0458202362060547,,,-0.0605859756469727,,,-0.0917577743530273,,,,,-0.038945198059082,-0.0999612808227539,-0.0381641387939453,-0.0844926834106445,-0.0398044586181641
8500,-0.0932426452636719,-0.0902738571166992,,-0.129179954528809,-0.0738677978515625,-0.0937891006469727,-0.101289749145508,-0.0864458084106445,-0.0458202362060547,,,-0.0605859756469727,,,-0.0917577743530273,,,,,-0.038945198059082,-0.0998830795288086,-0.0380859375,-0.0844926834106445,-0.0397262573242188
8510,-0.0932426452636719,-0.0902738571166992,,-0.129179954528809,-0.0738677978515625,-0.0937891006469727,-0.101289749145508,-0.0864458084106445,-0.0458202362060547,,,-0.0605859756469727,,,-0.0917577743530273,,,,,-0.0388669967651367,-0.0998830795288086,-0.0380859375,-0.0844144821166992,-0.0397262573242188
8520,-0.0931644439697266,-0.0902738571166992,,-0.129179954528809,-0.0738677978515625,-0.0937891006469727,-0.101289749145508,-0.0864458084106445,-0.0457420349121094,,,-0.0605859756469727,,,-0.0917577743530273,,,,,-0.0388669967651367,-0.0998830795288086,-0.0380077362060547,-0.0844144821166992,-0.0396490097045898
8530,-0.0931644439697266,-0.0902738571166992,,-0.129179954528809,-0.0738677978515625,-0.0937891006469727,-0.101289749145508,-0.0865240097045898,-0.0457420349121094,,,-0.0605859756469727,,,-0.0917577743530273,,,,,-0.0387887954711914,-0.0998048782348633,-0.0380077362060547,-0.0844144821166992,-0.0396490097045898
8540,-0.0931644439697266,-0.0902738571166992,,-0.129179954528809,-0.0738677978515625,-0.0937891006469727,-0.101289749145508,-0.0865240097045898,-0.0457420349121094,,,-0.0605859756469727,,,-0.0917577743530273,,,,,-0.0387887954711914,-0.0998048782348633,-0.0380077362060547,-0.0844144821166992,-0.0396490097045898
8550,-0.0931644439697266,-0.0902738571166992,,-0.129179954528809,-0.0738677978515625,-0.0937891006469727,-0.101289749145508,-0.0865240097045898,-0.0456638336181641,,,-0.0605859756469727,,,-0.0917577743530273,,,,,-0.0387105941772461,-0.0998048782348633,-0.0379295349121094,-0.0844144821166992,-0.0395708084106445
8560,-0.0931644439697266,-0.0902738571166992,,-0.129179954528809,-0.0739459991455078,-0.0937891006469727,-0.101289749145508,-0.0865240097045898,-0.0456638336181641,,,-0.0605859756469727,,,-0.0917577743530273,,,,,-0.0387105941772461,-0.099726676940918,-0.0379295349121094,-0.0844144821166992,-0.0395708084106445
8570,-0.0931644439697266,-0.0902738571166992,,-0.129179954528809,-0.0739459991455078,-0.0937891006469727,-0.101289749145508,-0.0865240097045898,-0.0456638336181641,,,-0.0605077743530273,,,-0.0917577743530273,,,,,-0.0386333465576172,-0.099726676940918,-0.0378513336181641,-0.0844144821166992,-0.0395708084106445
8580,-0.0931644439697266,-0.0902738571166992,,-0.129179954528809,-0.0739459991455078,-0.0937891006469727,-0.101289749145508,-0.0865240097045898,-0.0456638336181641,,,-0.0605077743530273,,,-0.0917577743530273,,,,,-0.0386333465576172,-0.099726676940918,-0.0378513336181641,-0.0844144821166992,-0.0394926071166992
8590,-0.0931644439697266,-0.0902738571166992,,-0.129179954528809,-0.0739459991455078,-0.0937891006469727,-0.101289749145508,-0.0865240097045898,-0.0455856323242188,,,-0.0605077743530273,,,-0.0917577743530273,,,,,-0.0385551452636719,-0.0996484756469727,-0.0378513336181641,-0.0844144821166992,-0.0394926071166992
8600,-0.0931644439697266,-0.0902738571166992,,-0.129179954528809,-0.0739459991455078,-0.0937891006469727,-0.101289749145508,-0.0865240097045898,-0.0455856323242188,,,-0.0605077743530273,,,-0.0917577743530273,,,,,-0.0385551452636719,-0.0996484756469727,-0.0377731323242188,-0.0844144821166992,-0.0394144058227539
8610,-0.0931644439697266,-0.0902738571166992,,-0.129179954528809,-0.0739459991455078,-0.0937891006469727,-0.101211547851562,-0.0865240097045898,-0.0455856323242188,,,-0.0605077743530273,,,-0.0917577743530273,,,,,-0.0385551452636719,-0.0996484756469727,-0.0377731323242188,-0.0844144821166992,-0.0394144058227539
8620,-0.0931644439697266,-0.0902738571166992,,-0.129179954528809,-0.0739459991455078,-0.0937891006469727,-0.101289749145508,-0.0866022109985352,-0.0455856323242188,,,-0.0605077743530273,,,-0.0917577743530273,,,,,-0.0384769439697266,-0.0996484756469727,-0.0376958847045898,-0.0843362808227539,-0.0394144058227539
8630,-0.0931644439697266,-0.0902738571166992,,-0.129179954528809,-0.0740232467651367,-0.0937891006469727,-0.101211547851562,-0.0866022109985352,-0.0455083847045898,,,-0.0605077743530273,,,-0.0917577743530273,,,,,-0.0384769439697266,-0.0995702743530273,-0.0376958847045898,-0.0844144821166992,-0.0393362045288086
8640,-0.0931644439697266,-0.0902738571166992,,-0.129179954528809,-0.0740232467651367,-0.0937891006469727,-0.101289749145508,-0.0866022109985352,-0.0455083847045898,,,-0.0605077743530273,,,-0.0917577743530273,,,,,-0.0383987426757812,-0.0995702743530273,-0.0376958847045898,-0.0843362808227539,-0.0393362045288086
8650,-0.0931644439697266,-0.0902738571166992,,-0.129179954528809,-0.0740232467651367,-0.0937891006469727,-0.101211547851562,-0.0866022109985352,-0.0455083847045898,,,-0.0605077743530273,,,-0.0918359756469727,,,,,-0.0383987426757812,-0.0995702743530273,-0.0376176834106445,-0.0843362808227539,-0.0393362045288086
8660,-0.093867301940918,-0.0902738571166992,,-0.130195617675781,-0.0740232467651367,-0.0937891006469727,-0.101211547851562,-0.0866022109985352,-0.0455083847045898,,,-0.0605077743530273,,,-0.0925397872924805,,,,,-0.0383205413818359,-0.100117683410645,-0.0376176834106445,-0.0843362808227539,-0.0392580032348633
8670,-0.0933990478515625,-0.0902738571166992,,-0.12949275970459,-0.0740232467651367,-0.0937891006469727,-0.101211547851562,-0.0866022109985352,-0.0454301834106445,,,-0.0605077743530273,,,-0.0919923782348633,,,,,-0.0383205413818359,-0.099726676940918,-0.0376176834106445,-0.0843362808227539,-0.0392580032348633
8680,-0.0933208465576172,-0.0902738571166992,,-0.129336357116699,-0.0740232467651367,-0.0937891006469727,-0.101211547851562,-0.0866022109985352,-0.0454301834106445,,,-0.0605077743530273,,,-0.091914176940918,,,,,-0.0383205413818359,-0.0995702743530273,-0.0375394821166992,-0.0843362808227539,-0.0392580032348633
8690,-0.0932426452636719,-0.0902738571166992,,-0.129336357116699,-0.0740232467651367,-0.0937891006469727,-0.101211547851562,-0.0866804122924805,-0.0454301834106445,,,-0.0605077743530273,,,-0.091914176940918,,,,,-0.0382423400878906,-0.0995702743530273,-0.0375394821166992,-0.0843362808227539,-0.039179801940918
8700,-0.0932426452636719,-0.0902738571166992,,-0.129258155822754,-0.074101448059082,-0.0937891006469727,-0.101211547851562,-0.0866804122924805,-0.0454301834106445,,,-0.0605077743530273,,,-0.091914176940918,,,,,-0.0382423400878906,-0.099492073059082,-0.0375394821166992,-0.0843362808227539,-0.039179801940918
8710,-0.0931644439697266,-0.0902738571166992,,-0.129258155822754,-0.074101448059082,-0.0937891006469727,-0.101211547851562,-0.0866804122924805,-0.0453519821166992,,,-0.0605077743530273,,,-0.0918359756469727,,,,,-0.0381641387939453,-0.099492073059082,-0.0374612808227539,-0.0843362808227539,-0.0391016006469727
8720,-0.0931644439697266,-0.0902738571166992,,-0.129258155822754,-0.074101448059082,-0.0937891006469727,-0.101211547851562,-0.0866804122924805,-0.0453519821166992,,,-0.0605077743530273,,,-0.0918359756469727,,,,,-0.0381641387939453,-0.0994148254394531,-0.0374612808227539,-0.0843362808227539,-0.0391016006469727
8730,-0.0931644439697266,-0.0902738571166992,,-0.129258155822754,-0.074101448059082,-0.0937891006469727,-0.101211547851562,-0.0866804122924805,-0.0453519821166992,,,-0.0605077743530273,,,-0.0918359756469727,,,,,-0.0381641387939453,-0.0994148254394531,-0.0374612808227539,-0.0843362808227539,-0.0391016006469727
8740,-0.0931644439697266,-0.0902738571166992,,-0.129258155822754,-0.074101448059082,-0.0937891006469727,-0.101211547851562,-0.0866804122924805,-0.0453519821166992,,,-0.0605077743530273,,,-0.0918359756469727,,,,,-0.0380859375,-0.0994148254394531,-0.0373830795288086,-0.0843362808227539,-0.0390233993530273
8750,-0.0931644439697266,-0.0902738571166992,,-0.129258155822754,-0.074101448059082,-0.0937891006469727,-0.101211547851562,-0.0866804122924805,-0.0452737808227539,,,-0.0605859756469727,,,-0.0918359756469727,,,,,-0.0380859375,-0.0994148254394531,-0.0373830795288086,-0.0843362808227539,-0.0390233993530273
8760,-0.0931644439697266,-0.0902738571166992,,-0.129258155822754,-0.074101448059082,-0.0937891006469727,-0.101211547851562,-0.0866804122924805,-0.0452737808227539,,,-0.0605859756469727,,,-0.0918359756469727,,,,,-0.0380077362060547,-0.0993366241455078,-0.0373048782348633,-0.0843362808227539,-0.0390233993530273
8770,-0.0931644439697266,-0.0902738571166992,,-0.129258155822754,-0.0741796493530273,-0.0937891006469727,-0.101211547851562,-0.0867576599121094,-0.0452737808227539,,,-0.0605859756469727,,,-0.0918359756469727,,,,,-0.0380077362060547,-0.0993366241455078,-0.0373048782348633,-0.0843362808227539,-0.038945198059082
8780,-0.0931644439697266,-0.0902738571166992,,-0.129258155822754,-0.0741796493530273,-0.0937891006469727,-0.101211547851562,-0.0867576599121094,-0.0452737808227539,,,-0.0605859756469727,,,-0.0918359756469727,,,,,-0.0380077362060547,-0.0993366241455078,-0.0373048782348633,-0.0843362808227539,-0.038945198059082
8790,-0.0931644439697266,-0.0902738571166992,,-0.129258155822754,-0.0741796493530273,-0.0937891006469727,-0.101211547851562,-0.0867576599121094,-0.0451955795288086,,,-0.0605859756469727,,,-0.0918359756469727,,,,,-0.0379295349121094,-0.0992584228515625,-0.0373048782348633,-0.0843362808227539,-0.038945198059082
8800,-0.0931644439697266,-0.0902738571166992,,-0.129258155822754,-0.0741796493530273,-0.0937891006469727,-0.101211547851562,-0.0867576599121094,-0.0451955795288086,,,-0.0605859756469727,,,-0.0918359756469727,,,,,-0.0379295349121094,-0.0992584228515625,-0.037226676940918,-0.0843362808227539,-0.0388669967651367
8810,-0.0931644439697266,-0.0902738571166992,,-0.129258155822754,-0.0741796493530273,-0.0937891006469727,-0.101211547851562,-0.0867576599121094,-0.0451955795288086,,,-0.0605859756469727,,,-0.0918359756469727,,,,,-0.0379295349121094,-0.0992584228515625,-0.037226676940918,-0.0842580795288086,-0.0388669967651367
8820,-0.0931644439697266,-0.0902738571166992,,-0.129258155822754,-0.0741796493530273,-0.0937891006469727,-0.101211547851562,-0.0867576599121094,-0.0451955795288086,,,-0.0605859756469727,,,-0.0918359756469727,,,,,-0.0378513336181641,-0.0992584228515625,-0.037226676940918,-0.0842580795288086,-0.0388669967651367
8830,-0.0931644439697266,-0.0902738571166992,,-0.129258155822754,-0.0742578506469727,-0.0937891006469727,-0.101211547851562,-0.0867576599121094,-0.0451173782348633,,,-0.0605859756469727,,,-0.0918359756469727,,,,,-0.0378513336181641,-0.0991802215576172,-0.0371484756469727,-0.0842580795288086,-0.0387887954711914
8840,-0.0931644439697266,-0.0902738571166992,,-0.129258155822754,-0.0742578506469727,-0.0937891006469727,-0.101211547851562,-0.0867576599121094,-0.0451173782348633,,,-0.0605859756469727,,,-0.091914176940918,,,,,-0.0378513336181641,-0.0991802215576172,-0.0371484756469727,-0.0842580795288086,-0.0387887954711914
8850,-0.0931644439697266,-0.0902738571166992,,-0.129258155822754,-0.0742578506469727,-0.0937891006469727,-0.101211547851562,-0.0868358612060547,-0.0451173782348633,,,-0.0605859756469727,,,-0.091914176940918,,,,,-0.0377731323242188,-0.0991802215576172,-0.0371484756469727,-0.0842580795288086,-0.0387887954711914
8860,-0.0931644439697266,-0.0902738571166992,,-0.129258155822754,-0.0742578506469727,-0.0937891006469727,-0.101211547851562,-0.0868358612060547,-0.045039176940918,,,-0.0605859756469727,,,-0.091914176940918,,,,,-0.0377731323242188,-0.0991802215576172,-0.0370702743530273,-0.0842580795288086,-0.0387887954711914
8870,-0.0931644439697266,-0.0902738571166992,,-0.129258155822754,-0.0742578506469727,-0.0937891006469727,-0.101211547851562,-0.0868358612060547,-0.045039176940918,,,-0.0605859756469727,,,-0.091914176940918,,,,,-0.0377731323242188,-0.0991802215576172,-0.0370702743530273,-0.0842580795288086,-0.0387105941772461
8880,-0.0931644439697266,-0.0902738571166992,,-0.129258155822754,-0.0742578506469727,-0.0937891006469727,-0.101211547851562,-0.0868358612060547,-0.045039176940918,,,-0.0605859756469727,,,-0.091914176940918,,,,,-0.0376958847045898,-0.0991020202636719,-0.0370702743530273,-0.0842580795288086,-0.0387105941772461
8890,-0.0931644439697266,-0.0902738571166992,,-0.129258155822754,-0.074336051940918,-0.0937891006469727,-0.101211547851562,-0.0868358612060547,-0.045039176940918,,,-0.0605859756469727,,,-0.091914176940918,,,,,-0.0376958847045898,-0.0991020202636719,-0.036992073059082,-0.0842580795288086,-0.0387105941772461
8900,-0.0931644439697266,-0.0902738571166992,,-0.129258155822754,-0.074336051940918,-0.0937891006469727,-0.101211547851562,-0.0868358612060547,-0.045039176940918,,,-0.0605859756469727,,,-0.091914176940918,,,,,-0.0376176834106445,-0.0991020202636719,-0.036992073059082,-0.0842580795288086,-0.0386333465576172
8910,-0.0931644439697266,-0.0903520584106445,,-0.129258155822754,-0.074336051940918,-0.0937891006469727,-0.101211547851562,-0.0868358612060547,-0.0449609756469727,,,-0.060664176940918,,,-0.091914176940918,,,,,-0.0376176834106445,-0.0991020202636719,-0.036992073059082,-0.0842580795288086,-0.0386333465576172
8920,-0.0931644439697266,-0.0903520584106445,,-0.129258155822754,-0.074336051940918,-0.0937891006469727,-0.101133346557617,-0.0868358612060547,-0.0449609756469727,,,-0.060664176940918,,,-0.091914176940918,,,,,-0.0376176834106445,-0.0990238189697266,-0.036992073059082,-0.0842580795288086,-0.0386333465576172
8930,-0.0931644439697266,-0.0903520584106445,,-0.129258155822754,-0.074336051940918,-0.0937891006469727,-0.101133346557617,-0.0868358612060547,-0.0449609756469727,,,-0.060664176940918,,,-0.091914176940918,,,,,-0.0375394821166992,-0.0990238189697266,-0.0369138717651367,-0.0842580795288086,-0.0385551452636719
8940,-0.0931644439697266,-0.0903520584106445,,-0.129258155822754,-0.074336051940918,-0.0937891006469727,-0.101133346557617,-0.0869140625,-0.0448827743530273,,,-0.060664176940918,,,-0.091914176940918,,,,,-0.0375394821166992,-0.0990238189697266,-0.0369138717651367,-0.0842580795288086,-0.0385551452636719
8950,-0.0931644439697266,-0.0903520584106445,,-0.129258155822754,-0.0744142532348633,-0.0937891006469727,-0.101133346557617,-0.0869140625,-0.0448827743530273,,,-0.060664176940918,,,-0.091914176940918,,,,,-0.0375394821166992,-0.0990238189697266,-0.0369138717651367,-0.0842580795288086,-0.0385551452636719
8960,-0.0931644439697266,-0.0903520584106445,,-0.129258155822754,-0.0744142532348633,-0.0937891006469727,-0.101133346557617,-0.0869140625,-0.0448827743530273,,,-0.060664176940918,,,-0.091914176940918,,,,,-0.0374612808227539,-0.0990238189697266,-0.0368356704711914,-0.0842580795288086,-0.0384769439697266
8970,-0.0931644439697266,-0.0903520584106445,,-0.129258155822754,-0.0744142532348633,-0.0937891006469727,-0.101133346557617,-0.0869140625,-0.0448827743530273,,,-0.060664176940918,,,-0.091914176940918,,,,,-0.0374612808227539,-0.0989456176757812,-0.0368356704711914,-0.0842580795288086,-0.0384769439697266
8980,-0.0931644439697266,-0.0903520584106445,,-0.129258155822754,-0.0744142532348633,-0.0937891006469727,-0.101133346557617,-0.0869140625,-0.044804573059082,,,-0.060664176940918,,,-0.091914176940918,,,,,-0.0374612808227539,-0.0989456176757812,-0.0368356704711914,-0.0842580795288086,-0.0384769439697266
8990,-0.0931644439697266,-0.0903520584106445,,-0.129179954528809,-0.0744142532348633,-0.0937891006469727,-0.101133346557617,-0.0869140625,-0.044804573059082,,,-0.060664176940918,,,-0.091914176940918,,,,,-0.0373830795288086,-0.0989456176757812,-0.0367574691772461,-0.0842580795288086,-0.0384769439697266
9000,-0.0931644439697266,-0.0903520584106445,,-0.129179954528809,-0.0744142532348633,-0.0937891006469727,-0.101133346557617,-0.0869140625,-0.044804573059082,,,-0.060664176940918,,,-0.091914176940918,,,,,-0.0373830795288086,-0.0989456176757812,-0.0367574691772461,-0.0842580795288086,-0.0383987426757812
9010,-0.0931644439697266,-0.0903520584106445,,-0.129179954528809,-0.0744142532348633,-0.0937891006469727,-0.101133346557617,-0.0869140625,-0.044804573059082,,,-0.060664176940918,,,-0.091914176940918,,,,,-0.0373830795288086,-0.0988674163818359,-0.0367574691772461,-0.0842580795288086,-0.0383987426757812
9020,-0.0931644439697266,-0.0903520584106445,,-0.129179954528809,-0.0744924545288086,-0.0937891006469727,-0.101133346557617,-0.0869140625,-0.0447263717651367,,,-0.060664176940918,,,-0.091914176940918,,,,,-0.0373048782348633,-0.0988674163818359,-0.0367574691772461,-0.0842580795288086,-0.0383987426757812
9030,-0.0931644439697266,-0.0903520584106445,,-0.129258155822754,-0.0744924545288086,-0.0937891006469727,-0.101133346557617,-0.0869140625,-0.0447263717651367,,,-0.060664176940918,,,-0.091914176940918,,,,,-0.0373048782348633,-0.0988674163818359,-0.0366802215576172,-0.0842580795288086,-0.0383205413818359
9040,-0.0931644439697266,-0.0903520584106445,,-0.129179954528809,-0.0744924545288086,-0.0937891006469727,-0.101133346557617,-0.0869140625,-0.0447263717651367,,,-0.0607423782348633,,,-0.091914176940918,,,,,-0.0373048782348633,-0.0988674163818359,-0.0366802215576172,-0.0842580795288086,-0.0383205413818359
9050,-0.0931644439697266,-0.0903520584106445,,-0.129179954528809,-0.0744924545288086,-0.0937891006469727,-0.101133346557617,-0.0869922637939453,-0.0447263717651367,,,-0.0607423782348633,,,-0.091914176940918,,,,,-0.0373048782348633,-0.0988674163818359,-0.0366802215576172,-0.0842580795288086,-0.0383205413818359
9060,-0.0931644439697266,-0.0903520584106445,,-0.129179954528809,-0.0744924545288086,-0.0937891006469727,-0.101133346557617,-0.0869922637939453,-0.0446481704711914,,,-0.0607423782348633,,,-0.0919923782348633,,,,,-0.037226676940918,-0.0988674163818359,-0.0366020202636719,-0.0842580795288086,-0.0383205413818359
9070,-0.0931644439697266,-0.0903520584106445,,-0.129179954528809,-0.0745706558227539,-0.0937891006469727,-0.101133346557617,-0.0869922637939453,-0.0446481704711914,,,-0.0607423782348633,,,-0.0919923782348633,,,,,-0.037226676940918,-0.0987892150878906,-0.0366020202636719,-0.0842580795288086,-0.0382423400878906
9080,-0.0931644439697266,-0.0903520584106445,,-0.129179954528809,-0.0745706558227539,-0.0937891006469727,-0.101133346557617,-0.0869922637939453,-0.0446481704711914,,,-0.0607423782348633,,,-0.0919923782348633,,,,,-0.037226676940918,-0.0987892150878906,-0.0366020202636719,-0.0842580795288086,-0.0382423400878906
9090,-0.0931644439697266,-0.0903520584106445,,-0.129179954528809,-0.0745706558227539,-0.0937891006469727,-0.101133346557617,-0.0869922637939453,-0.0446481704711914,,,-0.0607423782348633,,,-0.0919923782348633,,,,,-0.0371484756469727,-0.0987892150878906,-0.0365238189697266,-0.0842580795288086,-0.0382423400878906
9100,-0.0931644439697266,-0.0903520584106445,,-0.129179954528809,-0.0745706558227539,-0.0937891006469727,-0.101133346557617,-0.0869922637939453,-0.0445699691772461,,,-0.0607423782348633,,,-0.0919923782348633,,,,,-0.0371484756469727,-0.0987892150878906,-0.0365238189697266,-0.0842580795288086,-0.0382423400878906
9110,-0.0931644439697266,-0.0903520584106445,,-0.129179954528809,-0.0745706558227539,-0.0937891006469727,-0.101133346557617,-0.0869922637939453,-0.0445699691772461,,,-0.0607423782348633,,,-0.0919923782348633,,,,,-0.0371484756469727,-0.0987892150878906,-0.0365238189697266,-0.0842580795288086,-0.0381641387939453
9120,-0.0931644439697266,-0.0903520584106445,,-0.129179954528809,-0.0745706558227539,-0.0937891006469727,-0.101133346557617,-0.0869922637939453,-0.0445699691772461,,,-0.0607423782348633,,,-0.0919923782348633,,,,,-0.0370702743530273,-0.0987892150878906,-0.0365238189697266,-0.0842580795288086,-0.0381641387939453
9130,-0.0931644439697266,-0.0903520584106445,,-0.129179954528809,-0.0746488571166992,-0.0937891006469727,-0.101133346557617,-0.0869922637939453,-0.0445699691772461,,,-0.0607423782348633,,,-0.0919923782348633,,,,,-0.0370702743530273,-0.0987110137939453,-0.0364456176757812,-0.0842580795288086,-0.0381641387939453
9140,-0.0931644439697266,-0.0903520584106445,,-0.129179954528809,-0.0746488571166992,-0.0937891006469727,-0.101133346557617,-0.0869922637939453,-0.0444927215576172,,,-0.0607423782348633,,,-0.0919923782348633,,,,,-0.0370702743530273,-0.0987110137939453,-0.0364456176757812,-0.0842580795288086,-0.0380859375
9150,-0.0931644439697266,-0.0903520584106445,,-0.129179954528809,-0.0746488571166992,-0.0937891006469727,-0.101133346557617,-0.0870704650878906,-0.0444927215576172,,,-0.0608205795288086,,,-0.0919923782348633,,,,,-0.036992073059082,-0.0987110137939453,-0.0364456176757812,-0.0842580795288086,-0.0380859375
9160,-0.0931644439697266,-0.0903520584106445,,-0.129179954528809,-0.0746488571166992,-0.0937891006469727,-0.101133346557617,-0.0870704650878906,-0.0444927215576172,,,-0.0608205795288086,,,-0.0919923782348633,,,,,-0.036992073059082,-0.0987110137939453,-0.0364456176757812,-0.0842580795288086,-0.0380859375
9170,-0.0931644439697266,-0.0903520584106445,,-0.129179954528809,-0.0746488571166992,-0.0937891006469727,-0.101133346557617,-0.0870704650878906,-0.0444927215576172,,,-0.0608205795288086,,,-0.0919923782348633,,,,,-0.036992073059082,-0.0987110137939453,-0.0363674163818359,-0.0842580795288086,-0.0380859375
9180,-0.0931644439697266,-0.0903520584106445,,-0.129179954528809,-0.0746488571166992,-0.0937891006469727,-0.101133346557617,-0.0870704650878906,-0.0444145202636719,,,-0.0608205795288086,,,-0.0919923782348633,,,,,-0.0369138717651367,-0.0986328125,-0.0363674163818359,-0.0842580795288086,-0.0380077362060547
9190,-0.0931644439697266,-0.0903520584106445,,-0.129179954528809,-0.0747270584106445,-0.0937891006469727,-0.101133346557617,-0.0870704650878906,-0.0444145202636719,,,-0.0608205795288086,,,-0.0919923782348633,,,,,-0.0369138717651367,-0.0986328125,-0.0363674163818359,-0.0842580795288086,-0.0380077362060547
9200,-0.0932426452636719,-0.0903520584106445,,-0.129179954528809,-0.0747270584106445,-0.0937891006469727,-0.101133346557617,-0.0870704650878906,-0.0444145202636719,,,-0.0608205795288086,,,-0.0919923782348633,,,,,-0.0369138717651367,-0.0986328125,-0.0362892150878906,-0.0842580795288086,-0.0380077362060547
9210,-0.0932426452636719,-0.0903520584106445,,-0.129179954528809,-0.0747270584106445,-0.0937891006469727,-0.101133346557617,-0.0870704650878906,-0.0444145202636719,,,-0.0608205795288086,,,-0.0919923782348633,,,,,-0.0369138717651367,-0.0986328125,-0.0362892150878906,-0.0842580795288086,-0.0380077362060547
9220,-0.0932426452636719,-0.0903520584106445,,-0.129179954528809,-0.0747270584106445,-0.0937891006469727,-0.101133346557617,-0.0870704650878906,-0.0444145202636719,,,-0.0608205795288086,,,-0.0920705795288086,,,,,-0.0368356704711914,-0.0986328125,-0.0362892150878906,-0.0842580795288086,-0.0379295349121094
9230,-0.0932426452636719,-0.0903520584106445,,-0.129179954528809,-0.0747270584106445,-0.0937891006469727,-0.101133346557617,-0.0870704650878906,-0.0443363189697266,,,-0.0608987808227539,,,-0.0920705795288086,,,,,-0.0368356704711914,-0.0986328125,-0.0362892150878906,-0.0842580795288086,-0.0379295349121094
9240,-0.0932426452636719,-0.0903520584106445,,-0.129179954528809,-0.0747270584106445,-0.0937891006469727,-0.101133346557617,-0.0870704650878906,-0.0443363189697266,,,-0.0608987808227539,,,-0.0920705795288086,,,,,-0.0368356704711914,-0.0985546112060547,-0.0362110137939453,-0.0842580795288086,-0.0379295349121094
9250,-0.0932426452636719,-0.0903520584106445,,-0.129179954528809,-0.0748052597045898,-0.0937891006469727,-0.101133346557617,-0.0870704650878906,-0.0443363189697266,,,-0.0608987808227539,,,-0.0920705795288086,,,,,-0.0367574691772461,-0.0985546112060547,-0.0362110137939453,-0.0842580795288086,-0.0379295349121094
9260,-0.0932426452636719,-0.0903520584106445,,-0.129179954528809,-0.0748052597045898,-0.0937891006469727,-0.101133346557617,-0.0870704650878906,-0.0442581176757812,,,-0.0608987808227539,,,-0.0920705795288086,,,,,-0.0367574691772461,-0.0985546112060547,-0.0362110137939453,-0.0842580795288086,-0.0378513336181641
9270,-0.0932426452636719,-0.0903520584106445,,-0.129101753234863,-0.0748052597045898,-0.0937891006469727,-0.101133346557617,-0.0871486663818359,-0.0442581176757812,,,-0.0608987808227539,,,-0.0920705795288086,,,,,-0.0367574691772461,-0.0985546112060547,-0.0362110137939453,-0.0842580795288086,-0.0378513336181641
9280,-0.0932426452636719,-0.0904302597045898,,-0.129101753234863,-0.0748052597045898,-0.0937891006469727,-0.101133346557617,-0.0871486663818359,-0.0442581176757812,,,-0.0608987808227539,,,-0.0920705795288086,,,,,-0.0367574691772461,-0.0985546112060547,-0.0361328125,-0.0842580795288086,-0.0378513336181641
9290,-0.0932426452636719,-0.0903520584106445,,-0.129101753234863,-0.0748052597045898,-0.0937891006469727,-0.101133346557617,-0.0871486663818359,-0.0442581176757812,,,-0.0608987808227539,,,-0.0920705795288086,,,,,-0.0366802215576172,-0.0984773635864258,-0.0361328125,-0.0842580795288086,-0.0377731323242188
9300,-0.0932426452636719,-0.0903520584106445,,-0.129101753234863,-0.0748052597045898,-0.0937891006469727,-0.101055145263672,-0.0871486663818359,-0.0441799163818359,,,-0.0608987808227539,,,-0.0920705795288086,,,,,-0.0366802215576172,-0.0984773635864258,-0.0361328125,-0.0842580795288086,-0.0377731323242188
9310,-0.0932426452636719,-0.0903520584106445,,-0.129101753234863,-0.0748052597045898,-0.0937891006469727,-0.101055145263672,-0.0871486663818359,-0.0441799163818359,,,-0.0609769821166992,,,-0.0920705795288086,,,,,-0.0366802215576172,-0.0984773635864258,-0.0360546112060547,-0.0842580795288086,-0.0377731323242188
9320,-0.0932426452636719,-0.0904302597045898,,-0.129101753234863,-0.0748834609985352,-0.0937891006469727,-0.101055145263672,-0.0871486663818359,-0.0441799163818359,,,-0.0609769821166992,,,-0.0920705795288086,,,,,-0.0366020202636719,-0.0984773635864258,-0.0360546112060547,-0.0842580795288086,-0.0377731323242188
9330,-0.0932426452636719,-0.0904302597045898,,-0.129101753234863,-0.0748834609985352,-0.0937891006469727,-0.101055145263672,-0.0871486663818359,-0.0441799163818359,,,-0.0609769821166992,,,-0.0920705795288086,,,,,-0.0366020202636719,-0.0984773635864258,-0.0360546112060547,-0.0842580795288086,-0.0376958847045898
9340,-0.0932426452636719,-0.0904302597045898,,-0.129101753234863,-0.0748834609985352,-0.0937891006469727,-0.101055145263672,-0.0871486663818359,-0.0441017150878906,,,-0.0609769821166992,,,-0.0920705795288086,,,,,-0.0366020202636719,-0.0984773635864258,-0.0360546112060547,-0.0842580795288086,-0.0376958847045898
9350,-0.0932426452636719,-0.0904302597045898,,-0.129101753234863,-0.0748834609985352,-0.0937891006469727,-0.101055145263672,-0.0871486663818359,-0.0441017150878906,,,-0.0609769821166992,,,-0.0920705795288086,,,,,-0.0365238189697266,-0.0983991622924805,-0.0360546112060547,-0.0842580795288086,-0.0376958847045898
9360,-0.0932426452636719,-0.0904302597045898,,-0.129101753234863,-0.0748834609985352,-0.0937891006469727,-0.101055145263672,-0.0871486663818359,-0.0441017150878906,,,-0.0609769821166992,,,-0.0920705795288086,,,,,-0.0365238189697266,-0.0983991622924805,-0.0359764099121094,-0.0842580795288086,-0.0376958847045898
9370,-0.0932426452636719,-0.0904302597045898,,-0.129101753234863,-0.0748834609985352,-0.0937891006469727,-0.101055145263672,-0.0871486663818359,-0.0441017150878906,,,-0.0609769821166992,,,-0.0920705795288086,,,,,-0.0365238189697266,-0.0983991622924805,-0.0359764099121094,-0.0842580795288086,-0.0376958847045898
9380,-0.0932426452636719,-0.0904302597045898,,-0.129101753234863,-0.0749607086181641,-0.0937891006469727,-0.101055145263672,-0.0871486663818359,-0.0440235137939453,,,-0.0610551834106445,,,-0.0921487808227539,,,,,-0.0365238189697266,-0.0983991622924805,-0.0359764099121094,-0.0842580795288086,-0.0376176834106445
9390,-0.0932426452636719,-0.0904302597045898,,-0.129101753234863,-0.0749607086181641,-0.0937891006469727,-0.101055145263672,-0.0872268676757812,-0.0440235137939453,,,-0.0610551834106445,,,-0.0921487808227539,,,,,-0.0364456176757812,-0.0983991622924805,-0.0359764099121094,-0.0842580795288086,-0.0376176834106445
9400,-0.0932426452636719,-0.0904302597045898,,-0.129101753234863,-0.0749607086181641,-0.0937891006469727,-0.101055145263672,-0.0872268676757812,-0.0440235137939453,,,-0.0610551834106445,,,-0.0921487808227539,,,,,-0.0364456176757812,-0.0983991622924805,-0.0358982086181641,-0.0842580795288086,-0.0376176834106445
9410,-0.0932426452636719,-0.0904302597045898,,-0.129101753234863,-0.0749607086181641,-0.0937891006469727,-0.101055145263672,-0.0872268676757812,-0.0440235137939453,,,-0.0610551834106445,,,-0.0921487808227539,,,,,-0.0364456176757812,-0.0983209609985352,-0.0358982086181641,-0.0842580795288086,-0.0376176834106445
9420,-0.0932426452636719,-0.0904302597045898,,-0.129101753234863,-0.0749607086181641,-0.0937891006469727,-0.101055145263672,-0.0872268676757812,-0.0440235137939453,,,-0.0610551834106445,,,-0.0921487808227539,,,,,-0.0364456176757812,-0.0983209609985352,-0.0358982086181641,-0.0842580795288086,-0.0375394821166992
9430,-0.0932426452636719,-0.0904302597045898,,-0.129101753234863,-0.0749607086181641,-0.0937891006469727,-0.101055145263672,-0.0872268676757812,-0.0439453125,,,-0.0610551834106445,,,-0.0921487808227539,,,,,-0.0363674163818359,-0.0983209609985352,-0.0358982086181641,-0.0842580795288086,-0.0375394821166992
9440,-0.0932426452636719,-0.0904302597045898,,-0.129023551940918,-0.0749607086181641,-0.0937891006469727,-0.101055145263672,-0.0872268676757812,-0.0439453125,,,-0.0610551834106445,,,-0.0921487808227539,,,,,-0.0363674163818359,-0.0983209609985352,-0.0358200073242188,-0.0842580795288086,-0.0375394821166992
9450,-0.0933208465576172,-0.0904302597045898,,-0.129023551940918,-0.0750389099121094,-0.0937891006469727,-0.101055145263672,-0.0872268676757812,-0.0439453125,,,-0.0611333847045898,,,-0.0921487808227539,,,,,-0.0363674163818359,-0.0983209609985352,-0.0358200073242188,-0.0842580795288086,-0.0374612808227539
9460,-0.0933208465576172,-0.0904302597045898,,-0.129023551940918,-0.0750389099121094,-0.0937891006469727,-0.101055145263672,-0.0872268676757812,-0.0439453125,,,-0.0611333847045898,,,-0.0921487808227539,,,,,-0.0362892150878906,-0.0983209609985352,-0.0358200073242188,-0.0842580795288086,-0.0374612808227539
9470,-0.0933208465576172,-0.0904302597045898,,-0.129023551940918,-0.0750389099121094,-0.0937891006469727,-0.101055145263672,-0.0872268676757812,-0.0439453125,,,-0.0611333847045898,,,-0.0921487808227539,,,,,-0.0362892150878906,-0.0982427597045898,-0.0358200073242188,-0.0842580795288086,-0.0374612808227539
9480,-0.0933208465576172,-0.0904302597045898,,-0.129023551940918,-0.0750389099121094,-0.0937891006469727,-0.101055145263672,-0.0872268676757812,-0.0438671112060547,,,-0.0611333847045898,,,-0.0921487808227539,,,,,-0.0362892150878906,-0.0982427597045898,-0.0358200073242188,-0.0842580795288086,-0.0374612808227539
9490,-0.0933208465576172,-0.0904302597045898,,-0.129023551940918,-0.0750389099121094,-0.0937891006469727,-0.101055145263672,-0.0872268676757812,-0.0438671112060547,,,-0.0611333847045898,,,-0.0921487808227539,,,,,-0.0362892150878906,-0.0982427597045898,-0.0357427597045898,-0.0842580795288086,-0.0374612808227539
9500,-0.0933208465576172,-0.0904302597045898,,-0.129023551940918,-0.0750389099121094,-0.0937891006469727,-0.101055145263672,-0.0872268676757812,-0.0438671112060547,,,-0.0611333847045898,,,-0.0921487808227539,,,,,-0.0362110137939453,-0.0982427597045898,-0.0357427597045898,-0.0842580795288086,-0.0373830795288086
9510,-0.0933208465576172,-0.0904302597045898,,-0.129023551940918,-0.0750389099121094,-0.0937891006469727,-0.101055145263672,-0.0872268676757812,-0.0438671112060547,,,-0.0611333847045898,,,-0.0921487808227539,,,,,-0.0362110137939453,-0.0982427597045898,-0.0357427597045898,-0.0842580795288086,-0.0373830795288086
9520,-0.0933208465576172,-0.0904302597045898,,-0.129023551940918,-0.0750389099121094,-0.0937891006469727,-0.101055145263672,-0.0873050689697266,-0.0437889099121094,,,-0.0612115859985352,,,-0.0921487808227539,,,,,-0.0362110137939453,-0.0982427597045898,-0.0357427597045898,-0.0842580795288086,-0.0373830795288086
9530,-0.0933208465576172,-0.0904302597045898,,-0.129023551940918,-0.0751171112060547,-0.0937891006469727,-0.101055145263672,-0.0873050689697266,-0.0437889099121094,,,-0.0612115859985352,,,-0.0922269821166992,,,,,-0.0361328125,-0.0981645584106445,-0.0356645584106445,-0.0842580795288086,-0.0373830795288086
9540,-0.0933208465576172,-0.0904302597045898,,-0.129023551940918,-0.0751171112060547,-0.0937891006469727,-0.101055145263672,-0.0873050689697266,-0.0437889099121094,,,-0.0612115859985352,,,-0.0922269821166992,,,,,-0.0361328125,-0.0981645584106445,-0.0356645584106445,-0.0842580795288086,-0.0373048782348633
9550,-0.0933208465576172,-0.0904302597045898,,-0.129023551940918,-0.0751171112060547,-0.0937891006469727,-0.101055145263672,-0.0873050689697266,-0.0437889099121094,,,-0.0612115859985352,,,-0.0922269821166992,,,,,-0.0361328125,-0.0981645584106445,-0.0356645584106445,-0.0842580795288086,-0.0373048782348633
9560,-0.0933208465576172,-0.0904302597045898,,-0.129023551940918,-0.0751171112060547,-0.0937891006469727,-0.101055145263672,-0.0873050689697266,-0.0437107086181641,,,-0.0612115859985352,,,-0.0922269821166992,,,,,-0.0361328125,-0.0981645584106445,-0.0356645584106445,-0.0842580795288086,-0.0373048782348633
9570,-0.0933208465576172,-0.0904302597045898,,-0.129023551940918,-0.0751171112060547,-0.0937891006469727,-0.101055145263672,-0.0873050689697266,-0.0437107086181641,,,-0.0612115859985352,,,-0.0922269821166992,,,,,-0.0360546112060547,-0.0981645584106445,-0.0356645584106445,-0.0842580795288086,-0.0373048782348633
9580,-0.0933208465576172,-0.0904302597045898,,-0.129023551940918,-0.0751171112060547,-0.0937891006469727,-0.101055145263672,-0.0873050689697266,-0.0437107086181641,,,-0.0612888336181641,,,-0.0922269821166992,,,,,-0.0360546112060547,-0.0981645584106445,-0.0355863571166992,-0.0842580795288086,-0.0373048782348633
9590,-0.0933208465576172,-0.0904302597045898,,-0.129023551940918,-0.0751171112060547,-0.0937891006469727,-0.101055145263672,-0.0873050689697266,-0.0437107086181641,,,-0.0612888336181641,,,-0.0922269821166992,,,,,-0.0360546112060547,-0.0980863571166992,-0.0355863571166992,-0.0842580795288086,-0.037226676940918
9600,-0.0933208465576172,-0.0904302597045898,,-0.129023551940918,-0.0751171112060547,-0.0937891006469727,-0.101055145263672,-0.0873050689697266,-0.0437107086181641,,,-0.0612888336181641,,,-0.0922269821166992,,,,,-0.0360546112060547,-0.0980863571166992,-0.0355863571166992,-0.0842580795288086,-0.037226676940918
9610,-0.0933208465576172,-0.0904302597045898,,-0.129023551940918,-0.0751953125,-0.0937891006469727,-0.101055145263672,-0.0873050689697266,-0.0436325073242188,,,-0.0612888336181641,,,-0.0922269821166992,,,,,-0.0359764099121094,-0.0980863571166992,-0.0355863571166992,-0.0842580795288086,-0.037226676940918
9620,-0.0933208465576172,-0.0904302597045898,,-0.129023551940918,-0.0751953125,-0.0937891006469727,-0.101055145263672,-0.0873050689697266,-0.0436325073242188,,,-0.0612888336181641,,,-0.0922269821166992,,,,,-0.0359764099121094,-0.0980863571166992,-0.0355081558227539,-0.0842580795288086,-0.037226676940918
9630,-0.0933208465576172,-0.0904302597045898,,-0.129023551940918,-0.0751953125,-0.0937891006469727,-0.101055145263672,-0.0873050689697266,-0.0436325073242188,,,-0.0612888336181641,,,-0.0922269821166992,,,,,-0.0359764099121094,-0.0980863571166992,-0.0355081558227539,-0.0842580795288086,-0.037226676940918
9640,-0.0933208465576172,-0.0904302597045898,,-0.129023551940918,-0.0751953125,-0.0937891006469727,-0.101055145263672,-0.0873050689697266,-0.0436325073242188,,,-0.0612888336181641,,,-0.0922269821166992,,,,,-0.0359764099121094,-0.0980863571166992,-0.0355081558227539,-0.0842580795288086,-0.0371484756469727
9650,-0.0933208465576172,-0.0904302597045898,,-0.129023551940918,-0.0751953125,-0.0937108993530273,-0.101055145263672,-0.0873050689697266,-0.0436325073242188,,,-0.0612888336181641,,,-0.0922269821166992,,,,,-0.0358982086181641,-0.0980081558227539,-0.0355081558227539,-0.0842580795288086,-0.0371484756469727
9660,-0.0933990478515625,-0.0904302597045898,,-0.128945350646973,-0.0751953125,-0.0937108993530273,-0.101055145263672,-0.0873050689697266,-0.0435552597045898,,,-0.0613670349121094,,,-0.0922269821166992,,,,,-0.0358982086181641,-0.0980081558227539,-0.0355081558227539,-0.0842580795288086,-0.0371484756469727
9670,-0.0933990478515625,-0.0904302597045898,,-0.128945350646973,-0.0751953125,-0.0937108993530273,-0.101055145263672,-0.0873050689697266,-0.0435552597045898,,,-0.0613670349121094,,,-0.0922269821166992,,,,,-0.0358982086181641,-0.0980081558227539,-0.0354299545288086,-0.0842580795288086,-0.0371484756469727
9680,-0.0933990478515625,-0.0904302597045898,,-0.128945350646973,-0.0751953125,-0.0937108993530273,-0.101055145263672,-0.0873832702636719,-0.0435552597045898,,,-0.0613670349121094,,,-0.0923051834106445,,,,,-0.0358200073242188,-0.0980081558227539,-0.0354299545288086,-0.0842580795288086,-0.0370702743530273
9690,-0.0933990478515625,-0.0904302597045898,,-0.128945350646973,-0.0752735137939453,-0.0937108993530273,-0.101055145263672,-0.0873832702636719,-0.0435552597045898,,,-0.0613670349121094,,,-0.0923051834106445,,,,,-0.0358200073242188,-0.0980081558227539,-0.0354299545288086,-0.0842580795288086,-0.0370702743530273
9700,-0.0933990478515625,-0.0904302597045898,,-0.128945350646973,-0.0752735137939453,-0.0937108993530273,-0.101055145263672,-0.0873832702636719,-0.0435552597045898,,,-0.0613670349121094,,,-0.0923051834106445,,,,,-0.0358200073242188,-0.0980081558227539,-0.0354299545288086,-0.0842580795288086,-0.0370702743530273
9710,-0.0933990478515625,-0.0904302597045898,,-0.128945350646973,-0.0752735137939453,-0.0937108993530273,-0.101055145263672,-0.0873832702636719,-0.0434770584106445,,,-0.0613670349121094,,,-0.0923051834106445,,,,,-0.0358200073242188,-0.0979299545288086,-0.0354299545288086,-0.0842580795288086,-0.0370702743530273
9720,-0.0933990478515625,-0.0904302597045898,,-0.128945350646973,-0.0752735137939453,-0.0937108993530273,-0.101055145263672,-0.0873832702636719,-0.0434770584106445,,,-0.0613670349121094,,,-0.0923051834106445,,,,,-0.0358200073242188,-0.0979299545288086,-0.0353517532348633,-0.0843362808227539,-0.0370702743530273
9730,-0.0933990478515625,-0.0904302597045898,,-0.128945350646973,-0.0752735137939453,-0.0937108993530273,-0.100976943969727,-0.0873832702636719,-0.0434770584106445,,,-0.0614452362060547,,,-0.0923051834106445,,,,,-0.0357427597045898,-0.0979299545288086,-0.0353517532348633,-0.0843362808227539,-0.036992073059082
9740,-0.0933990478515625,-0.0904302597045898,,-0.128945350646973,-0.0752735137939453,-0.0937108993530273,-0.100976943969727,-0.0873832702636719,-0.0434770584106445,,,-0.0614452362060547,,,-0.0923051834106445,,,,,-0.0357427597045898,-0.0979299545288086,-0.0353517532348633,-0.0843362808227539,-0.036992073059082
9750,-0.0933990478515625,-0.0904302597045898,,-0.128945350646973,-0.0752735137939453,-0.0937108993530273,-0.100976943969727,-0.0873832702636719,-0.0434770584106445,,,-0.0614452362060547,,,-0.0923051834106445,,,,,-0.0357427597045898,-0.0979299545288086,-0.0353517532348633,-0.0843362808227539,-0.036992073059082
9760,-0.0933990478515625,-0.0904302597045898,,-0.128945350646973,-0.0752735137939453,-0.0937108993530273,-0.100976943969727,-0.0873832702636719,-0.0433988571166992,,,-0.0614452362060547,,,-0.0923051834106445,,,,,-0.0357427597045898,-0.0979299545288086,-0.0353517532348633,-0.0843362808227539,-0.036992073059082
9770,-0.0933990478515625,-0.0904302597045898,,-0.128945350646973,-0.0753517150878906,-0.0937108993530273,-0.100976943969727,-0.0873832702636719,-0.0433988571166992,,,-0.0614452362060547,,,-0.0923051834106445,,,,,-0.0356645584106445,-0.0979299545288086,-0.035273551940918,-0.0843362808227539,-0.036992073059082
9780,-0.0933990478515625,-0.0904302597045898,,-0.128945350646973,-0.0753517150878906,-0.0937108993530273,-0.100976943969727,-0.0873832702636719,-0.0433988571166992,,,-0.0614452362060547,,,-0.0923051834106445,,,,,-0.0356645584106445,-0.0978517532348633,-0.035273551940918,-0.0843362808227539,-0.0369138717651367
9790,-0.0933990478515625,-0.0904302597045898,,-0.128945350646973,-0.0753517150878906,-0.0937108993530273,-0.100976943969727,-0.0873832702636719,-0.0433988571166992,,,-0.0615234375,,,-0.0923051834106445,,,,,-0.0356645584106445,-0.0978517532348633,-0.035273551940918,-0.0843362808227539,-0.0369138717651367
9800,-0.0933990478515625,-0.0904302597045898,,-0.128945350646973,-0.0753517150878906,-0.0937108993530273,-0.100976943969727,-0.0873832702636719,-0.0433988571166992,,,-0.0615234375,,,-0.0923051834106445,,,,,-0.0356645584106445,-0.0978517532348633,-0.035273551940918,-0.0843362808227539,-0.0369138717651367
9810,-0.0933990478515625,-0.0904302597045898,,-0.128945350646973,-0.0753517150878906,-0.0937108993530273,-0.100976943969727,-0.0873832702636719,-0.0433988571166992,,,-0.0615234375,,,-0.0923051834106445,,,,,-0.0355863571166992,-0.0978517532348633,-0.035273551940918,-0.0843362808227539,-0.0369138717651367
9820,-0.0933990478515625,-0.0904302597045898,,-0.128945350646973,-0.0753517150878906,-0.0937108993530273,-0.100976943969727,-0.0874614715576172,-0.0433206558227539,,,-0.0615234375,,,-0.0923051834106445,,,,,-0.0355863571166992,-0.0978517532348633,-0.0351953506469727,-0.0843362808227539,-0.0369138717651367
9830,-0.0934772491455078,-0.0904302597045898,,-0.128945350646973,-0.0753517150878906,-0.0937108993530273,-0.100976943969727,-0.0874614715576172,-0.0433206558227539,,,-0.0615234375,,,-0.0923833847045898,,,,,-0.0355863571166992,-0.0978517532348633,-0.0351953506469727,-0.0843362808227539,-0.0368356704711914
9840,-0.0934772491455078,-0.0904302597045898,,-0.128945350646973,-0.0753517150878906,-0.0937108993530273,-0.100976943969727,-0.0874614715576172,-0.0433206558227539,,,-0.0615234375,,,-0.0923833847045898,,,,,-0.0355863571166992,-0.0978517532348633,-0.0351953506469727,-0.0843362808227539,-0.0368356704711914
9850,-0.0934772491455078,-0.0904302597045898,,-0.128868103027344,-0.0753517150878906,-0.0937108993530273,-0.100976943969727,-0.0874614715576172,-0.0433206558227539,,,-0.0615234375,,,-0.0923833847045898,,,,,-0.0355081558227539,-0.097773551940918,-0.0351953506469727,-0.0843362808227539,-0.0368356704711914
9860,-0.0934772491455078,-0.0904302597045898,,-0.128868103027344,-0.0753517150878906,-0.0937108993530273,-0.100976943969727,-0.0874614715576172,-0.0433206558227539,,,-0.0616016387939453,,,-0.0923833847045898,,,,,-0.0355081558227539,-0.097773551940918,-0.0351171493530273,-0.0843362808227539,-0.0368356704711914
9870,-0.0934772491455078,-0.0904302597045898,,-0.128868103027344,-0.0754299163818359,-0.0937108993530273,-0.100976943969727,-0.0874614715576172,-0.0433206558227539,,,-0.0616016387939453,,,-0.0923833847045898,,,,,-0.0355081558227539,-0.097773551940918,-0.0351171493530273,-0.0843362808227539,-0.0368356704711914
9880,-0.0934772491455078,-0.0904302597045898,,-0.128868103027344,-0.0754299163818359,-0.0937108993530273,-0.100976943969727,-0.0874614715576172,-0.0432424545288086,,,-0.0616016387939453,,,-0.0923833847045898,,,,,-0.0355081558227539,-0.097773551940918,-0.0351171493530273,-0.0843362808227539,-0.0367574691772461
9890,-0.0934772491455078,-0.0904302597045898,,-0.128868103027344,-0.0754299163818359,-0.0937108993530273,-0.100976943969727,-0.0874614715576172,-0.0432424545288086,,,-0.0616016387939453,,,-0.0923833847045898,,,,,-0.0354299545288086,-0.097773551940918,-0.0351171493530273,-0.0843362808227539,-0.0367574691772461
9900,-0.0934772491455078,-0.0904302597045898,,-0.128868103027344,-0.0754299163818359,-0.0937108993530273,-0.100976943969727,-0.0874614715576172,-0.0432424545288086,,,-0.0616016387939453,,,-0.0923833847045898,,,,,-0.0354299545288086,-0.097773551940918,-0.0351171493530273,-0.0843362808227539,-0.0367574691772461
9910,-0.0934772491455078,-0.0905084609985352,,-0.128868103027344,-0.0754299163818359,-0.0937108993530273,-0.100976943969727,-0.0874614715576172,-0.0432424545288086,,,-0.0616016387939453,,,-0.0923833847045898,,,,,-0.0354299545288086,-0.0976953506469727,-0.035038948059082,-0.0843362808227539,-0.0367574691772461
9920,-0.0934772491455078,-0.0904302597045898,,-0.128868103027344,-0.0754299163818359,-0.0937108993530273,-0.100976943969727,-0.0874614715576172,-0.0432424545288086,,,-0.0616798400878906,,,-0.0923833847045898,,,,,-0.0354299545288086,-0.0976953506469727,-0.035038948059082,-0.0843362808227539,-0.0367574691772461
9930,-0.0934772491455078,-0.0905084609985352,,-0.128868103027344,-0.0754299163818359,-0.0937108993530273,-0.100976943969727,-0.0874614715576172,-0.0431642532348633,,,-0.0616798400878906,,,-0.0923833847045898,,,,,-0.0353517532348633,-0.0976953506469727,-0.035038948059082,-0.0843362808227539,-0.0366802215576172
9940,-0.0934772491455078,-0.0905084609985352,,-0.128868103027344,-0.0754299163818359,-0.0937108993530273,-0.100976943969727,-0.0874614715576172,-0.0431642532348633,,,-0.0616798400878906,,,-0.0923833847045898,,,,,-0.0353517532348633,-0.0976953506469727,-0.035038948059082,-0.0843362808227539,-0.0366802215576172
9950,-0.0934772491455078,-0.0905084609985352,,-0.128868103027344,-0.0755081176757812,-0.0937108993530273,-0.100976943969727,-0.0874614715576172,-0.0431642532348633,,,-0.0616798400878906,,,-0.0923833847045898,,,,,-0.0353517532348633,-0.0976953506469727,-0.035038948059082,-0.0843362808227539,-0.0366802215576172
9960,-0.0934772491455078,-0.0905084609985352,,-0.128868103027344,-0.0754299163818359,-0.0937108993530273,-0.100976943969727,-0.0874614715576172,-0.0431642532348633,,,-0.0616798400878906,,,-0.0923833847045898,,,,,-0.0353517532348633,-0.0976953506469727,-0.035038948059082,-0.0843362808227539,-0.0366802215576172
9970,-0.0934772491455078,-0.0905084609985352,,-0.128868103027344,-0.0755081176757812,-0.0937108993530273,-0.100976943969727,-0.0874614715576172,-0.0431642532348633,,,-0.0616798400878906,,,-0.0923833847045898,,,,,-0.035273551940918,-0.0976953506469727,-0.0349607467651367,-0.0843362808227539,-0.0366802215576172
9980,-0.0934772491455078,-0.0904302597045898,,-0.128789901733398,-0.0755081176757812,-0.0937108993530273,-0.100976943969727,-0.0874614715576172,-0.043086051940918,,,-0.0616798400878906,,,-0.0923833847045898,,,,,-0.035273551940918,-0.0976171493530273,-0.0349607467651367,-0.0843362808227539,-0.0366020202636719
9990,-0.0934772491455078,-0.0905084609985352,,-0.128789901733398,-0.0755081176757812,-0.0937108993530273,-0.100976943969727,-0.0874614715576172,-0.043086051940918,,,-0.0617580413818359,,,-0.0923833847045898,,,,,-0.035273551940918,-0.0976171493530273,-0.0349607467651367,-0.0843362808227539,-0.0366020202636719
10000,-0.146992683410645,-0.139101982116699,,-0.164727210998535,-0.131914138793945,-0.133086204528809,-0.146368026733398,-0.126758575439453,-0.0475387573242188,,,-0.118633270263672,,,-0.143867492675781,,,,,-0.0397262573242188,-0.153164863586426,-0.0470705032348633,-0.13730525970459,-0.0414457321166992
10010,-0.146914482116699,-0.139023780822754,,-0.164883613586426,-0.131758689880371,-0.133164405822754,-0.146368026733398,-0.126836776733398,,,,-0.118555068969727,,,-0.143867492675781,,,,,-0.0396490097045898,-0.153008460998535,-0.046992301940918,-0.137227058410645,
10020,-0.146836280822754,-0.138945579528809,,-0.164961814880371,-0.131680488586426,-0.133164405822754,-0.146368026733398,-0.126836776733398,,,,-0.118398666381836,,,-0.143867492675781,,,,,-0.0394926071166992,-0.152852058410645,-0.0468358993530273,-0.137148857116699,
10030,-0.146679878234863,-0.138867378234863,,-0.165040016174316,-0.131524085998535,-0.133242607116699,-0.146368026733398,-0.126914978027344,,,,-0.118320465087891,,,-0.143789291381836,,,,,-0.0394144058227539,-0.152695655822754,-0.046757698059082,-0.137070655822754,
10040,-0.146601676940918,-0.138867378234863,,-0.165118217468262,-0.13144588470459,-0.133242607116699,-0.146368026733398,-0.126992225646973,,,,-0.118242263793945,,,-0.143789291381836,,,,,-0.0393362045288086,-0.152617454528809,-0.0466794967651367,-0.136992454528809,
10050,-0.146524429321289,-0.138789176940918,,-0.165195465087891,-0.131367683410645,-0.133320808410645,-0.146368026733398,-0.126992225646973,,,,-0.1181640625,,,-0.143711090087891,,,,,-0.039179801940918,-0.152461051940918,-0.0466012954711914,-0.136914253234863,
10060,-0.146446228027344,-0.138789176940918,,-0.165195465087891,-0.131289482116699,-0.133320808410645,-0.146368026733398,-0.126992225646973,,,,-0.118086814880371,,,-0.143632888793945,,,,,-0.0391016006469727,-0.152383804321289,-0.0465240478515625,-0.136836051940918,
10070,-0.146368026733398,-0.138710975646973,,-0.165273666381836,-0.131133079528809,-0.133320808410645,-0.146368026733398,-0.126992225646973,,,,-0.118008613586426,,,-0.143632888793945,,,,,-0.038945198059082,-0.152227401733398,-0.0465240478515625,-0.136757850646973,
10080,-0.146211624145508,-0.138710975646973,,-0.165351867675781,-0.131054878234863,-0.133320808410645,-0.146368026733398,-0.126992225646973,,,,-0.11793041229248,,,-0.143555641174316,,,,,-0.0388669967651367,-0.152149200439453,-0.0464458465576172,-0.136757850646973,
10090,-0.146133422851562,-0.138633728027344,,-0.165351867675781,-0.130976676940918,-0.13339900970459,-0.146368026733398,-0.127070426940918,,,,-0.117852210998535,,,-0.143555641174316,,,,,-0.0387887954711914,-0.152070999145508,-0.0463676452636719,-0.136680603027344,
10100,-0.146055221557617,-0.138633728027344,,-0.165430068969727,-0.130898475646973,-0.13339900970459,-0.146368026733398,-0.127070426940918,,,,-0.11777400970459,,,-0.143477439880371,,,,,-0.0387105941772461,-0.151992797851562,-0.0463676452636719,-0.136602401733398,
10110,-0.145977020263672,-0.138633728027344,,-0.165430068969727,-0.130821228027344,-0.13339900970459,-0.146368026733398,-0.127070426940918,,,,-0.117695808410645,,,-0.143477439880371,,,,,-0.0385551452636719,-0.151914596557617,-0.0462894439697266,-0.136602401733398,
10120,-0.145898818969727,-0.138555526733398,,-0.165508270263672,-0.130664825439453,-0.133477210998535,-0.146368026733398,-0.127070426940918,,,,-0.117617607116699,,,-0.143399238586426,,,,,-0.0384769439697266,-0.151758193969727,-0.0462112426757812,-0.136524200439453,
10130,-0.145820617675781,-0.138555526733398,,-0.165508270263672,-0.130586624145508,-0.133477210998535,-0.146368026733398,-0.127070426940918,,,,-0.117617607116699,,,-0.143399238586426,,,,,-0.0383987426757812,-0.151679992675781,-0.0462112426757812,-0.136445999145508,
10140,-0.145742416381836,-0.138555526733398,,-0.165586471557617,-0.130508422851562,-0.133477210998535,-0.146368026733398,-0.127070426940918,,,,-0.117539405822754,,,-0.14332103729248,,,,,-0.0383205413818359,-0.151601791381836,-0.0461330413818359,-0.136445999145508,
10150,-0.145664215087891,-0.138477325439453,,-0.165586471557617,-0.130430221557617,-0.133477210998535,-0.146368026733398,-0.127070426940918,,,,-0.117461204528809,,,-0.14332103729248,,,,,-0.0382423400878906,-0.151523590087891,-0.0461330413818359,-0.136367797851562,
10160,-0.145586013793945,-0.138477325439453,,-0.165586471557617,-0.130352020263672,-0.13355541229248,-0.146368026733398,-0.127070426940918,,,,-0.117383003234863,,,-0.14332103729248,,,,,-0.0381641387939453,-0.151445388793945,-0.0461330413818359,-0.136367797851562,
10170,-0.145508766174316,-0.138477325439453,,-0.165664672851562,-0.130273818969727,-0.13355541229248,-0.146368026733398,-0.127070426940918,,,,-0.117383003234863,,,-0.143242835998535,,,,,-0.0380859375,-0.151289939880371,-0.0460548400878906,-0.136289596557617,
10180,-0.145430564880371,-0.138399124145508,,-0.165664672851562,-0.130195617675781,-0.13355541229248,-0.146368026733398,-0.127070426940918,,,,-0.117304801940918,,,-0.143242835998535,,,,,-0.0380077362060547,-0.151211738586426,-0.0460548400878906,-0.136289596557617,
10190,-0.145352363586426,-0.138399124145508,,-0.165664672851562,-0.130117416381836,-0.13355541229248,-0.146368026733398,-0.127070426940918,,,,-0.117226600646973,,,-0.143242835998535,,,,,-0.0379295349121094,-0.15113353729248,-0.0460548400878906,-0.136211395263672,
10200,-0.14527416229248,-0.138399124145508,,-0.165664672851562,-0.130117416381836,-0.13355541229248,-0.146368026733398,-0.127070426940918,,,,-0.117226600646973,,,-0.143242835998535,,,,,-0.0378513336181641,-0.151055335998535,-0.0460548400878906,-0.136211395263672,
10210,-0.145195960998535,-0.138399124145508,,-0.165664672851562,-0.130039215087891,-0.13355541229248,-0.146368026733398,-0.127070426940918,,,,-0.117148399353027,,,-0.143242835998535,,,,,-0.0377731323242188,-0.15097713470459,-0.0460548400878906,-0.136133193969727,
10220,-0.145195960998535,-0.138320922851562,,-0.165742874145508,-0.129961013793945,-0.133633613586426,-0.146289825439453,-0.127070426940918,,,,-0.117071151733398,,,-0.143242835998535,,,,,-0.0376958847045898,-0.15097713470459,-0.0459766387939453,-0.136133193969727,
10230,-0.14511775970459,-0.138320922851562,,-0.165742874145508,-0.1298828125,-0.133633613586426,-0.146289825439453,-0.126992225646973,,,,-0.117071151733398,,,-0.14316463470459,,,,,-0.0376958847045898,-0.150898933410645,-0.0459766387939453,-0.136054992675781,
10240,-0.145039558410645,-0.138320922851562,,-0.165742874145508,-0.129805564880371,-0.133633613586426,-0.146289825439453,-0.126992225646973,,,,-0.116992950439453,,,-0.14316463470459,,,,,-0.0376176834106445,-0.150820732116699,-0.0459766387939453,-0.136054992675781,
10250,-0.144961357116699,-0.138320922851562,,-0.165742874145508,-0.129805564880371,-0.133633613586426,-0.146289825439453,-0.126992225646973,,,,-0.116992950439453,,,-0.14316463470459,,,,,-0.0375394821166992,-0.150742530822754,-0.0459766387939453,-0.135976791381836,
10260,-0.144961357116699,-0.138242721557617,,-0.165742874145508,-0.129727363586426,-0.133633613586426,-0.146289825439453,-0.126992225646973,,,,-0.116914749145508,,,-0.14316463470459,,,,,-0.0374612808227539,-0.150664329528809,-0.0459766387939453,-0.135976791381836,
10270,-0.144883155822754,-0.138242721557617,,-0.165821075439453,-0.12964916229248,-0.133633613586426,-0.146289825439453,-0.126992225646973,,,,-0.116914749145508,,,-0.14316463470459,,,,,-0.0373830795288086,-0.150664329528809,-0.0459766387939453,-0.135976791381836,
10280,-0.144804954528809,-0.138242721557617,,-0.165821075439453,-0.129570960998535,-0.133711814880371,-0.146289825439453,-0.126992225646973,,,,-0.116836547851562,,,-0.14316463470459,,,,,-0.0373830795288086,-0.150586128234863,-0.0459766387939453,-0.135898590087891,
10290,-0.144804954528809,-0.138242721557617,,-0.165821075439453,-0.129570960998535,-0.133711814880371,-0.146289825439453,-0.126914978027344,,,,-0.116758346557617,,,-0.14316463470459,,,,,-0.0373048782348633,-0.150507926940918,-0.0459766387939453,-0.135898590087891,
10300,-0.144726753234863,-0.138242721557617,,-0.165821075439453,-0.12949275970459,-0.133711814880371,-0.146211624145508,-0.126914978027344,,,,-0.116758346557617,,,-0.14316463470459,,,,,-0.037226676940918,-0.150430679321289,-0.0460548400878906,-0.135820388793945,
10310,-0.144726753234863,-0.138242721557617,,-0.165821075439453,-0.129414558410645,-0.133711814880371,-0.146211624145508,-0.126914978027344,,,,-0.116680145263672,,,-0.14316463470459,,,,,-0.037226676940918,-0.150430679321289,-0.0460548400878906,-0.135820388793945,
10320,-0.144648551940918,-0.138164520263672,,-0.165899276733398,-0.129414558410645,-0.133711814880371,-0.146211624145508,-0.126914978027344,,,,-0.116680145263672,,,-0.143086433410645,,,,,-0.0371484756469727,-0.150352478027344,-0.0460548400878906,-0.135820388793945,
10330,-0.144648551940918,-0.138164520263672,,-0.165899276733398,-0.129336357116699,-0.133711814880371,-0.146211624145508,-0.126914978027344,,,,-0.116680145263672,,,-0.143086433410645,,,,,-0.0370702743530273,-0.150274276733398,-0.0460548400878906,-0.135743141174316,
10340,-0.144570350646973,-0.138164520263672,,-0.165899276733398,-0.129258155822754,-0.133711814880371,-0.146211624145508,-0.126914978027344,,,,-0.116601943969727,,,-0.143086433410645,,,,,-0.0370702743530273,-0.150274276733398,-0.0461330413818359,-0.135743141174316,
10350,-0.144570350646973,-0.138164520263672,,-0.165899276733398,-0.129258155822754,-0.133711814880371,-0.146211624145508,-0.126914978027344,,,,-0.116601943969727,,,-0.143086433410645,,,,,-0.036992073059082,-0.150196075439453,-0.0461330413818359,-0.135743141174316,
10360,-0.144493103027344,-0.138164520263672,,-0.165899276733398,-0.129179954528809,-0.133711814880371,-0.146211624145508,-0.126914978027344,,,,-0.116523742675781,,,-0.143086433410645,,,,,-0.0369138717651367,-0.150196075439453,-0.0461330413818359,-0.135664939880371,
10370,-0.144493103027344,-0.138164520263672,,-0.165977478027344,-0.129179954528809,-0.133711814880371,-0.146211624145508,-0.126836776733398,,,,-0.116523742675781,,,-0.143086433410645,,,,,-0.0369138717651367,-0.150117874145508,-0.0461330413818359,-0.135664939880371,
10380,-0.144414901733398,-0.138164520263672,,-0.165977478027344,-0.129101753234863,-0.1337890625,-0.146133422851562,-0.126836776733398,,,,-0.116523742675781,,,-0.143086433410645,,,,,-0.0368356704711914,-0.150117874145508,-0.0462112426757812,-0.135664939880371,
10390,-0.144414901733398,-0.138086318969727,,-0.165977478027344,-0.129023551940918,-0.1337890625,-0.146133422851562,-0.126836776733398,,,,-0.116445541381836,,,-0.143086433410645,,,,,-0.0368356704711914,-0.150039672851562,-0.0462112426757812,-0.135586738586426,
10400,-0.144336700439453,-0.138086318969727,,-0.165977478027344,-0.129023551940918,-0.1337890625,-0.146133422851562,-0.126836776733398,,,,-0.116445541381836,,,-0.143008232116699,,,,,-0.0367574691772461,-0.150039672851562,-0.0462894439697266,-0.135586738586426,
10410,-0.144336700439453,-0.138086318969727,,-0.165977478027344,-0.128945350646973,-0.1337890625,-0.146133422851562,-0.126836776733398,,,,-0.116367340087891,,,-0.143008232116699,,,,,-0.0367574691772461,-0.149961471557617,-0.0462894439697266,-0.135586738586426,
10420,-0.144258499145508,-0.138086318969727,,-0.165977478027344,-0.128945350646973,-0.1337890625,-0.146133422851562,-0.126836776733398,,,,-0.116367340087891,,,-0.143008232116699,,,,,-0.0366802215576172,-0.149883270263672,-0.0462894439697266,-0.13550853729248,
10430,-0.144258499145508,-0.138086318969727,,-0.165977478027344,-0.128868103027344,-0.1337890625,-0.146133422851562,-0.126836776733398,,,,-0.116367340087891,,,-0.143008232116699,,,,,-0.0366802215576172,-0.149883270263672,-0.0463676452636719,-0.13550853729248,
10440,-0.144180297851562,-0.138086318969727,,-0.166055679321289,-0.128868103027344,-0.1337890625,-0.146133422851562,-0.126836776733398,,,,-0.116289138793945,,,-0.143008232116699,,,,,-0.0366802215576172,-0.149883270263672,-0.0463676452636719,-0.13550853729248,
10450,-0.144180297851562,-0.138086318969727,,-0.166055679321289,-0.128789901733398,-0.1337890625,-0.146055221557617,-0.126836776733398,,,,-0.116289138793945,,,-0.143008232116699,,,,,-0.0366020202636719,-0.149805068969727,-0.0464458465576172,-0.13550853729248,
10460,-0.144180297851562,-0.138086318969727,,-0.166055679321289,-0.128789901733398,-0.1337890625,-0.146055221557617,-0.126836776733398,,,,-0.116289138793945,,,-0.143008232116699,,,,,-0.0366020202636719,-0.149805068969727,-0.0464458465576172,-0.135430335998535,
10470,-0.144102096557617,-0.138086318969727,,-0.166055679321289,-0.128789901733398,-0.1337890625,-0.146055221557617,-0.126836776733398,,,,-0.1162109375,,,-0.143008232116699,,,,,-0.0365238189697266,-0.149726867675781,-0.0465240478515625,-0.135430335998535,
10480,-0.144102096557617,-0.138086318969727,,-0.166055679321289,-0.128711700439453,-0.1337890625,-0.146055221557617,-0.126836776733398,,,,-0.1162109375,,,-0.142930030822754,,,,,-0.0365238189697266,-0.149726867675781,-0.0465240478515625,-0.135430335998535,
10490,-0.144023895263672,-0.138086318969727,,-0.166055679321289,-0.128711700439453,-0.1337890625,-0.146055221557617,-0.126836776733398,,,,-0.1162109375,,,-0.142930030822754,,,,,-0.0364456176757812,-0.149648666381836,-0.0466012954711914,-0.13535213470459,
10500,-0.144023895263672,-0.138008117675781,,-0.166055679321289,-0.128633499145508,-0.1337890625,-0.146055221557617,-0.126836776733398,,,,-0.116133689880371,,,-0.142930030822754,,,,,-0.0364456176757812,-0.149648666381836,-0.0466012954711914,-0.13535213470459,
10510,-0.143945693969727,-0.138008117675781,,-0.166055679321289,-0.128633499145508,-0.133867263793945,-0.146055221557617,-0.126836776733398,,,,-0.116133689880371,,,-0.142930030822754,,,,,-0.0363674163818359,-0.149570465087891,-0.0466794967651367,-0.13535213470459,
10520,-0.143945693969727,-0.138008117675781,,-0.166055679321289,-0.128555297851562,-0.133867263793945,-0.146055221557617,-0.126836776733398,,,,-0.116133689880371,,,-0.142930030822754,,,,,-0.0363674163818359,-0.149570465087891,-0.0466794967651367,-0.135273933410645,
10530,-0.143945693969727,-0.138008117675781,,-0.166055679321289,-0.128555297851562,-0.133867263793945,-0.145977020263672,-0.126836776733398,,,,-0.116133689880371,,,-0.142930030822754,,,,,-0.0363674163818359,-0.149492263793945,-0.046757698059082,-0.135273933410645,
10540,-0.143867492675781,-0.138008117675781,,-0.166055679321289,-0.128477096557617,-0.133867263793945,-0.145977020263672,-0.126836776733398,,,,-0.116055488586426,,,-0.142851829528809,,,,,-0.0362892150878906,-0.149492263793945,-0.0468358993530273,-0.135273933410645,
10550,-0.143867492675781,-0.138008117675781,,-0.166055679321289,-0.128477096557617,-0.133867263793945,-0.145977020263672,-0.126836776733398,,,,-0.116055488586426,,,-0.142851829528809,,,,,-0.0362892150878906,-0.149415016174316,-0.0468358993530273,-0.135273933410645,
10560,-0.143867492675781,-0.138008117675781,,-0.166055679321289,-0.128477096557617,-0.133867263793945,-0.145977020263672,-0.126836776733398,,,,-0.116055488586426,,,-0.142851829528809,,,,,-0.0362110137939453,-0.149415016174316,-0.0469141006469727,-0.135195732116699,
10570,-0.143789291381836,-0.138008117675781,,-0.166055679321289,-0.128398895263672,-0.133867263793945,-0.145977020263672,-0.126758575439453,,,,-0.116055488586426,,,-0.142851829528809,,,,,-0.0362110137939453,-0.149336814880371,-0.0469141006469727,-0.135195732116699,
10580,-0.143789291381836,-0.138008117675781,,-0.166055679321289,-0.128398895263672,-0.133867263793945,-0.145977020263672,-0.126758575439453,,,,-0.11597728729248,,,-0.142851829528809,,,,,-0.0362110137939453,-0.149336814880371,-0.046992301940918,-0.135195732116699,
10590,-0.143711090087891,-0.138008117675781,,-0.166055679321289,-0.128320693969727,-0.133867263793945,-0.145977020263672,-0.126758575439453,,,,-0.11597728729248,,,-0.142773628234863,,,,,-0.0361328125,-0.149258613586426,-0.0470705032348633,-0.135195732116699,
10600,-0.143711090087891,-0.138008117675781,,-0.166055679321289,-0.128320693969727,-0.133867263793945,-0.145898818969727,-0.126758575439453,,,,-0.11597728729248,,,-0.142773628234863,,,,,-0.0361328125,-0.149258613586426,-0.0470705032348633,-0.135117530822754,
10610,-0.143711090087891,-0.137929916381836,,-0.166055679321289,-0.128320693969727,-0.133867263793945,-0.145898818969727,-0.126758575439453,,,,-0.11597728729248,,,-0.142773628234863,,,,,-0.0361328125,-0.14918041229248,-0.0471487045288086,-0.135117530822754,
10620,-0.143632888793945,-0.137929916381836,,-0.166055679321289,-0.128242492675781,-0.133867263793945,-0.145898818969727,-0.126758575439453,,,,-0.11597728729248,,,-0.142773628234863,,,,,-0.0361328125,-0.14918041229248,-0.0472269058227539,-0.135117530822754,
10630,-0.143632888793945,-0.137929916381836,,-0.166055679321289,-0.128242492675781,-0.133867263793945,-0.145898818969727,-0.126836776733398,,,,-0.115899085998535,,,-0.142773628234863,,,,,-0.0360546112060547,-0.149102210998535,-0.0472269058227539,-0.135117530822754,
10640,-0.143632888793945,-0.137929916381836,,-0.166055679321289,-0.128242492675781,-0.133867263793945,-0.145898818969727,-0.126836776733398,,,,-0.115899085998535,,,-0.142695426940918,,,,,-0.0360546112060547,-0.149102210998535,-0.0473051071166992,-0.135039329528809,
10650,-0.143555641174316,-0.137929916381836,,-0.166055679321289,-0.128164291381836,-0.133867263793945,-0.145898818969727,-0.126836776733398,,,,-0.115899085998535,,,-0.142695426940918,,,,,-0.0360546112060547,-0.14902400970459,-0.0473051071166992,-0.135039329528809,
10660,-0.143555641174316,-0.137929916381836,,-0.166055679321289,-0.128164291381836,-0.133867263793945,-0.145898818969727,-0.126836776733398,,,,-0.115899085998535,,,-0.142695426940918,,,,,-0.0359764099121094,-0.14902400970459,-0.0473833084106445,-0.135039329528809,
10670,-0.143477439880371,-0.137929916381836,,-0.166055679321289,-0.128164291381836,-0.133867263793945,-0.145898818969727,-0.126836776733398,,,,-0.115899085998535,,,-0.142695426940918,,,,,-0.0359764099121094,-0.148945808410645,-0.0474615097045898,-0.135039329528809,
10680,-0.143477439880371,-0.137929916381836,,-0.166055679321289,-0.128164291381836,-0.133867263793945,-0.145898818969727,-0.126836776733398,,,,-0.115899085998535,,,-0.142695426940918,,,,,-0.0359764099121094,-0.148945808410645,-0.0475387573242188,-0.134961128234863,
10690,-0.143477439880371,-0.137929916381836,,-0.166133880615234,-0.128086090087891,-0.133867263793945,-0.145820617675781,-0.126836776733398,,,,-0.11582088470459,,,-0.142695426940918,,,,,-0.0359764099121094,-0.148867607116699,-0.0475387573242188,-0.134961128234863,
10700,-0.143399238586426,-0.137929916381836,,-0.166055679321289,-0.128086090087891,-0.133867263793945,-0.145820617675781,-0.126836776733398,,,,-0.11582088470459,,,-0.142617225646973,,,,,-0.0358982086181641,-0.148867607116699,-0.0476169586181641,-0.134961128234863,
10710,-0.143399238586426,-0.137929916381836,,-0.166055679321289,-0.128007888793945,-0.133867263793945,-0.145820617675781,-0.126836776733398,,,,-0.11582088470459,,,-0.142617225646973,,,,,-0.0358982086181641,-0.148789405822754,-0.0476951599121094,-0.134961128234863,
10720,-0.143399238586426,-0.137929916381836,,-0.166055679321289,-0.128007888793945,-0.133867263793945,-0.145820617675781,-0.126836776733398,,,,-0.11582088470459,,,-0.142617225646973,,,,,-0.0358982086181641,-0.148789405822754,-0.0476951599121094,-0.134961128234863,
10730,-0.14332103729248,-0.137929916381836,,-0.166055679321289,-0.128007888793945,-0.133867263793945,-0.145820617675781,-0.126836776733398,,,,-0.11582088470459,,,-0.142617225646973,,,,,-0.0358982086181641,-0.148789405822754,-0.0477733612060547,-0.134882926940918,
10740,-0.14332103729248,-0.137929916381836,,-0.166133880615234,-0.128007888793945,-0.133945465087891,-0.145820617675781,-0.126836776733398,,,,-0.11582088470459,,,-0.142617225646973,,,,,-0.0358200073242188,-0.148711204528809,-0.0478515625,-0.134882926940918,
10750,-0.14332103729248,-0.137929916381836,,-0.166133880615234,-0.1279296875,-0.133945465087891,-0.145820617675781,-0.126836776733398,,,,-0.115742683410645,,,-0.142539978027344,,,,,-0.0358200073242188,-0.148711204528809,-0.0479297637939453,-0.134882926940918,
10760,-0.14332103729248,-0.137929916381836,,-0.166055679321289,-0.1279296875,-0.133945465087891,-0.145820617675781,-0.126836776733398,,,,-0.115742683410645,,,-0.142539978027344,,,,,-0.0358200073242188,-0.148633003234863,-0.0479297637939453,-0.134882926940918,
10770,-0.143242835998535,-0.137929916381836,,-0.166133880615234,-0.1279296875,-0.133945465087891,-0.145742416381836,-0.126836776733398,,,,-0.115742683410645,,,-0.142539978027344,,,,,-0.0358200073242188,-0.148633003234863,-0.0480079650878906,-0.134882926940918,
10780,-0.143242835998535,-0.137929916381836,,-0.166055679321289,-0.1279296875,-0.133945465087891,-0.145742416381836,-0.126836776733398,,,,-0.115742683410645,,,-0.142539978027344,,,,,-0.0357427597045898,-0.148554801940918,-0.0480861663818359,-0.134804725646973,
10790,-0.143242835998535,-0.137929916381836,,-0.166133880615234,-0.127852439880371,-0.133945465087891,-0.145742416381836,-0.126836776733398,,,,-0.115742683410645,,,-0.142539978027344,,,,,-0.0357427597045898,-0.148554801940918,-0.0480861663818359,-0.134804725646973,
10800,-0.14316463470459,-0.137851715087891,,-0.166133880615234,-0.127852439880371,-0.133945465087891,-0.145742416381836,-0.126836776733398,,,,-0.115742683410645,,,-0.142539978027344,,,,,-0.0357427597045898,-0.148554801940918,-0.0481643676757812,-0.134804725646973,
10810,-0.14316463470459,-0.137851715087891,,-0.166133880615234,-0.127852439880371,-0.133945465087891,-0.145742416381836,-0.126836776733398,,,,-0.115742683410645,,,-0.142539978027344,,,,,-0.0357427597045898,-0.148477554321289,-0.0482425689697266,-0.134804725646973,
10820,-0.14316463470459,-0.137851715087891,,-0.166055679321289,-0.127852439880371,-0.133945465087891,-0.145742416381836,-0.126836776733398,,,,-0.115742683410645,,,-0.142461776733398,,,,,-0.0356645584106445,-0.148399353027344,-0.0483207702636719,-0.134727478027344,
10830,-0.143086433410645,-0.137851715087891,,-0.166055679321289,-0.127774238586426,-0.133945465087891,-0.145742416381836,-0.126836776733398,,,,-0.115742683410645,,,-0.142461776733398,,,,,-0.0356645584106445,-0.148399353027344,-0.0483207702636719,-0.134727478027344,
10840,-0.143086433410645,-0.137851715087891,,-0.166055679321289,-0.127774238586426,-0.133945465087891,-0.145742416381836,-0.126836776733398,,,,-0.115664482116699,,,-0.142461776733398,,,,,-0.0356645584106445,-0.148399353027344,-0.0483989715576172,-0.134727478027344,
10850,-0.143086433410645,-0.137851715087891,,-0.166055679321289,-0.127774238586426,-0.133945465087891,-0.145664215087891,-0.126836776733398,,,,-0.115664482116699,,,-0.142461776733398,,,,,-0.0356645584106445,-0.148321151733398,-0.0484771728515625,-0.134727478027344,
10860,-0.143008232116699,-0.137851715087891,,-0.166055679321289,-0.127774238586426,-0.133945465087891,-0.145664215087891,-0.126836776733398,,,,-0.115664482116699,,,-0.142461776733398,,,,,-0.0356645584106445,-0.148321151733398,-0.0485544204711914,-0.134727478027344,
10870,-0.143008232116699,-0.137851715087891,,-0.166055679321289,-0.12769603729248,-0.133945465087891,-0.145664215087891,-0.126914978027344,,,,-0.115664482116699,,,-0.142461776733398,,,,,-0.0355863571166992,-0.148242950439453,-0.0485544204711914,-0.134727478027344,
10880,-0.143008232116699,-0.137851715087891,,-0.166055679321289,-0.12769603729248,-0.133945465087891,-0.145664215087891,-0.126914978027344,,,,-0.115664482116699,,,-0.142461776733398,,,,,-0.0355863571166992,-0.148242950439453,-0.0486326217651367,-0.134649276733398,
10890,-0.143008232116699,-0.137851715087891,,-0.166055679321289,-0.12769603729248,-0.133945465087891,-0.145664215087891,-0.126914978027344,,,,-0.115664482116699,,,-0.142461776733398,,,,,-0.0355863571166992,-0.148164749145508,-0.048710823059082,-0.134649276733398,
10900,-0.142930030822754,-0.137851715087891,,-0.166055679321289,-0.12769603729248,-0.133945465087891,-0.145664215087891,-0.126914978027344,,,,-0.115664482116699,,,-0.142461776733398,,,,,-0.0355863571166992,-0.148164749145508,-0.0487890243530273,-0.134649276733398,
10910,-0.142930030822754,-0.137851715087891,,-0.166055679321289,-0.127617835998535,-0.133945465087891,-0.145664215087891,-0.126914978027344,,,,-0.115664482116699,,,-0.142461776733398,,,,,-0.0355863571166992,-0.148086547851562,-0.0487890243530273,-0.134649276733398,
10920,-0.142930030822754,-0.137851715087891,,-0.166055679321289,-0.127617835998535,-0.133945465087891,-0.145664215087891,-0.126914978027344,,,,-0.115664482116699,,,-0.142461776733398,,,,,-0.0355081558227539,-0.148086547851562,-0.0488672256469727,-0.134649276733398,
10930,-0.142851829528809,-0.137851715087891,,-0.166055679321289,-0.127617835998535,-0.133945465087891,-0.145664215087891,-0.126914978027344,,,,-0.115586280822754,,,-0.142383575439453,,,,,-0.0355081558227539,-0.148008346557617,-0.048945426940918,-0.134571075439453,
10940,-0.142851829528809,-0.137851715087891,,-0.166055679321289,-0.127617835998535,-0.133945465087891,-0.145664215087891,-0.126914978027344,,,,-0.115586280822754,,,-0.142383575439453,,,,,-0.0355081558227539,-0.148008346557617,-0.0490236282348633,-0.134571075439453,
10950,-0.142851829528809,-0.137851715087891,,-0.166055679321289,-0.127617835998535,-0.133945465087891,-0.145586013793945,-0.126914978027344,,,,-0.115586280822754,,,-0.142383575439453,,,,,-0.0355081558227539,-0.148008346557617,-0.0490236282348633,-0.134571075439453,
10960,-0.142851829528809,-0.137851715087891,,-0.166055679321289,-0.12753963470459,-0.133945465087891,-0.145586013793945,-0.126914978027344,,,,-0.115586280822754,,,-0.142383575439453,,,,,-0.0355081558227539,-0.147930145263672,-0.0491018295288086,-0.134571075439453,
10970,-0.142773628234863,-0.137851715087891,,-0.166055679321289,-0.12753963470459,-0.133945465087891,-0.145586013793945,-0.126914978027344,,,,-0.115586280822754,,,-0.142383575439453,,,,,-0.0355081558227539,-0.147930145263672,-0.0491800308227539,-0.134571075439453,
10980,-0.142773628234863,-0.137851715087891,,-0.166055679321289,-0.12753963470459,-0.133945465087891,-0.145586013793945,-0.126914978027344,,,,-0.115586280822754,,,-0.142383575439453,,,,,-0.0354299545288086,-0.147851943969727,-0.0491800308227539,-0.134571075439453,
10990,-0.142773628234863,-0.137851715087891,,-0.166055679321289,-0.12753963470459,-0.133945465087891,-0.145586013793945,-0.126914978027344,,,,-0.115586280822754,,,-0.142383575439453,,,,,-0.0354299545288086,-0.147851943969727,-0.0492582321166992,-0.134492874145508,
11000,-0.142695426940918,-0.137773513793945,,-0.165977478027344,-0.127461433410645,-0.133945465087891,-0.145586013793945,-0.126914978027344,,,,-0.115586280822754,,,-0.142383575439453,,,,,-0.0354299545288086,-0.147773742675781,-0.0493364334106445,-0.134492874145508,
11010,-0.142695426940918,-0.137773513793945,,-0.166055679321289,-0.127461433410645,-0.133945465087891,-0.145586013793945,-0.126914978027344,,,,-0.115586280822754,,,-0.142383575439453,,,,,-0.0354299545288086,-0.147773742675781,-0.0493364334106445,-0.134492874145508,
11020,-0.142695426940918,-0.137773513793945,,-0.165977478027344,-0.127461433410645,-0.133945465087891,-0.145586013793945,-0.126914978027344,,,,-0.115586280822754,,,-0.142383575439453,,,,,-0.0354299545288086,-0.147695541381836,-0.0494146347045898,-0.134492874145508,
11030,-0.142617225646973,-0.137773513793945,,-0.165977478027344,-0.127461433410645,-0.133945465087891,-0.145586013793945,-0.126914978027344,,,,-0.115586280822754,,,-0.142383575439453,,,,,-0.0354299545288086,-0.147695541381836,-0.0494918823242188,-0.134492874145508,
11040,-0.142617225646973,-0.137773513793945,,-0.166055679321289,-0.127461433410645,-0.133945465087891,-0.145586013793945,-0.126992225646973,,,,-0.115586280822754,,,-0.142305374145508,,,,,-0.0354299545288086,-0.147695541381836,-0.0495700836181641,-0.134492874145508,
11050,-0.142617225646973,-0.137773513793945,,-0.165977478027344,-0.127461433410645,-0.133945465087891,-0.145508766174316,-0.126992225646973,,,,-0.115586280822754,,,-0.142305374145508,,,,,-0.0353517532348633,-0.147617340087891,-0.0496482849121094,-0.134414672851562,
11060,-0.142617225646973,-0.137773513793945,,-0.165977478027344,-0.127383232116699,-0.133945465087891,-0.145508766174316,-0.126992225646973,,,,-0.115586280822754,,,-0.142305374145508,,,,,-0.0353517532348633,-0.147617340087891,-0.0496482849121094,-0.134414672851562,
11070,-0.142539978027344,-0.137773513793945,,-0.165977478027344,-0.127383232116699,-0.133945465087891,-0.145508766174316,-0.126992225646973,,,,-0.115586280822754,,,-0.142305374145508,,,,,-0.0353517532348633,-0.147539138793945,-0.0497264862060547,-0.134414672851562,
11080,-0.142539978027344,-0.137773513793945,,-0.165977478027344,-0.127383232116699,-0.133945465087891,-0.145508766174316,-0.126992225646973,,,,-0.115586280822754,,,-0.142305374145508,,,,,-0.0353517532348633,-0.147539138793945,-0.0498046875,-0.134414672851562,
11090,-0.142539978027344,-0.137773513793945,,-0.165977478027344,-0.127383232116699,-0.133945465087891,-0.145508766174316,-0.126992225646973,,,,-0.115586280822754,,,-0.142305374145508,,,,,-0.0353517532348633,-0.147461891174316,-0.0498828887939453,-0.134414672851562,
11100,-0.142539978027344,-0.137773513793945,,-0.165977478027344,-0.127383232116699,-0.133945465087891,-0.145508766174316,-0.126992225646973,,,,-0.115586280822754,,,-0.142305374145508,,,,,-0.0353517532348633,-0.147461891174316,-0.0498828887939453,-0.134414672851562,
11110,-0.142539978027344,-0.137773513793945,,-0.165977478027344,-0.127383232116699,-0.133945465087891,-0.145508766174316,-0.126992225646973,,,,-0.115508079528809,,,-0.142305374145508,,,,,-0.0353517532348633,-0.147461891174316,-0.0499610900878906,-0.134414672851562,
11120,-0.142461776733398,-0.137773513793945,,-0.165977478027344,-0.127305030822754,-0.133945465087891,-0.145508766174316,-0.126992225646973,,,,-0.115508079528809,,,-0.142305374145508,,,,,-0.035273551940918,-0.147383689880371,-0.0500392913818359,-0.134336471557617,
11130,-0.142461776733398,-0.137773513793945,,-0.165977478027344,-0.127305030822754,-0.133945465087891,-0.145508766174316,-0.126992225646973,,,,-0.115508079528809,,,-0.142305374145508,,,,,-0.035273551940918,-0.147383689880371,-0.0501174926757812,-0.134336471557617,
11140,-0.142461776733398,-0.137773513793945,,-0.165977478027344,-0.127305030822754,-0.133945465087891,-0.145508766174316,-0.126992225646973,,,,-0.115508079528809,,,-0.142305374145508,,,,,-0.035273551940918,-0.147305488586426,-0.0501174926757812,-0.134336471557617,
11150,-0.142383575439453,-0.137773513793945,,-0.165977478027344,-0.127305030822754,-0.133945465087891,-0.145508766174316,-0.126992225646973,,,,-0.115508079528809,,,-0.142305374145508,,,,,-0.035273551940918,-0.147305488586426,-0.0501956939697266,-0.134336471557617,
11160,-0.142383575439453,-0.137773513793945,,-0.165977478027344,-0.127305030822754,-0.133945465087891,-0.145508766174316,-0.126992225646973,,,,-0.115508079528809,,,-0.142305374145508,,,,,-0.035273551940918,-0.14722728729248,-0.0502738952636719,-0.134336471557617,
11170,-0.142383575439453,-0.137773513793945,,-0.165977478027344,-0.127305030822754,-0.133945465087891,-0.145430564880371,-0.126992225646973,,,,-0.115508079528809,,,-0.142305374145508,,,,,-0.035273551940918,-0.14722728729248,-0.0503520965576172,-0.134336471557617,
11180,-0.142383575439453,-0.137773513793945,,-0.165977478027344,-0.127226829528809,-0.133945465087891,-0.145430564880371,-0.127070426940918,,,,-0.115508079528809,,,-0.142305374145508,,,,,-0.035273551940918,-0.14722728729248,-0.0503520965576172,-0.134336471557617,
11190,-0.142305374145508,-0.137773513793945,,-0.165977478027344,-0.127226829528809,-0.133945465087891,-0.145430564880371,-0.127070426940918,,,,-0.115508079528809,,,-0.142305374145508,,,,,-0.035273551940918,-0.147149085998535,-0.0504302978515625,-0.134336471557617,
11200,-0.142305374145508,-0.137773513793945,,-0.165977478027344,-0.127226829528809,-0.133945465087891,-0.145430564880371,-0.127070426940918,,,,-0.115508079528809,,,-0.142305374145508,,,,,-0.035273551940918,-0.147149085998535,-0.0505075454711914,-0.134258270263672,
11210,-0.142305374145508,-0.137773513793945,,-0.165977478027344,-0.127226829528809,-0.133945465087891,-0.145430564880371,-0.127070426940918,,,,-0.115508079528809,,,-0.142305374145508,,,,,-0.035273551940918,-0.14707088470459,-0.0505857467651367,-0.134258270263672,
11220,-0.142305374145508,-0.137773513793945,,-0.165977478027344,-0.127226829528809,-0.133945465087891,-0.145430564880371,-0.127070426940918,,,,-0.115508079528809,,,-0.142305374145508,,,,,-0.035273551940918,-0.14707088470459,-0.050663948059082,-0.134258270263672,
11230,-0.142305374145508,-0.137773513793945,,-0.165977478027344,-0.127226829528809,-0.133945465087891,-0.145430564880371,-0.127070426940918,,,,-0.115508079528809,,,-0.142305374145508,,,,,-0.0351953506469727,-0.14707088470459,-0.050663948059082,-0.134258270263672,
11240,-0.142227172851562,-0.137773513793945,,-0.165977478027344,-0.127148628234863,-0.133945465087891,-0.145430564880371,-0.127070426940918,,,,-0.115508079528809,,,-0.142305374145508,,,,,-0.0351953506469727,-0.146992683410645,-0.0507421493530273,-0.134258270263672,
11250,-0.142227172851562,-0.137773513793945,,-0.165899276733398,-0.127148628234863,-0.133945465087891,-0.145430564880371,-0.127070426940918,,,,-0.115508079528809,,,-0.142305374145508,,,,,-0.0351953506469727,-0.146992683410645,-0.0508203506469727,-0.134258270263672,
11260,-0.142227172851562,-0.137773513793945,,-0.165899276733398,-0.127148628234863,-0.133945465087891,-0.145430564880371,-0.127070426940918,,,,-0.115508079528809,,,-0.142305374145508,,,,,-0.0351953506469727,-0.146914482116699,-0.050898551940918,-0.134258270263672,
11270,-0.142227172851562,-0.137773513793945,,-0.165899276733398,-0.127148628234863,-0.133945465087891,-0.145430564880371,-0.127070426940918,,,,-0.115508079528809,,,-0.142305374145508,,,,,-0.0351953506469727,-0.146914482116699,-0.050898551940918,-0.134258270263672,
11280,-0.142148971557617,-0.137773513793945,,-0.165899276733398,-0.127148628234863,-0.133945465087891,-0.145430564880371,-0.127070426940918,,,,-0.115508079528809,,,-0.142305374145508,,,,,-0.0351953506469727,-0.146836280822754,-0.0509767532348633,-0.134258270263672,
11290,-0.142148971557617,-0.137773513793945,,-0.165899276733398,-0.127148628234863,-0.133945465087891,-0.145430564880371,-0.127070426940918,,,,-0.115508079528809,,,-0.142227172851562,,,,,-0.0351953506469727,-0.146836280822754,-0.0510549545288086,-0.134258270263672,
11300,-0.142148971557617,-0.137773513793945,,-0.165899276733398,-0.127148628234863,-0.133945465087891,-0.145352363586426,-0.127070426940918,,,,-0.115508079528809,,,-0.142227172851562,,,,,-0.0351953506469727,-0.146836280822754,-0.0510549545288086,-0.134180068969727,
11310,-0.142148971557617,-0.137773513793945,,-0.165899276733398,-0.127070426940918,-0.133945465087891,-0.145430564880371,-0.127070426940918,,,,-0.115508079528809,,,-0.142227172851562,,,,,-0.0351953506469727,-0.146758079528809,-0.0511331558227539,-0.134180068969727,
11320,-0.142070770263672,-0.137773513793945,,-0.165899276733398,-0.127070426940918,-0.133945465087891,-0.145352363586426,-0.127070426940918,,,,-0.115508079528809,,,-0.142227172851562,,,,,-0.0351953506469727,-0.146758079528809,-0.0512113571166992,-0.134180068969727,
11330,-0.142070770263672,-0.137773513793945,,-0.165899276733398,-0.127070426940918,-0.133945465087891,-0.145352363586426,-0.127148628234863,,,,-0.115508079528809,,,-0.142227172851562,,,,,-0.0351953506469727,-0.146679878234863,-0.0512895584106445,-0.134180068969727,
11340,-0.142070770263672,-0.137773513793945,,-0.165899276733398,-0.127070426940918,-0.133945465087891,-0.145352363586426,-0.127148628234863,,,,-0.115508079528809,,,-0.142227172851562,,,,,-0.0351171493530273,-0.146679878234863,-0.0512895584106445,-0.134180068969727,
11350,-0.142070770263672,-0.137773513793945,,-0.165821075439453,-0.127070426940918,-0.133945465087891,-0.145352363586426,-0.127148628234863,,,,-0.115508079528809,,,-0.142227172851562,,,,,-0.0351171493530273,-0.146679878234863,-0.0513677597045898,-0.134180068969727,
11360,-0.141992568969727,-0.137773513793945,,-0.165821075439453,-0.127070426940918,-0.133945465087891,-0.145352363586426,-0.127148628234863,,,,-0.115508079528809,,,-0.142227172851562,,,,,-0.0351171493530273,-0.146601676940918,-0.0514450073242188,-0.134180068969727,
11370,-0.141992568969727,-0.137773513793945,,-0.165821075439453,-0.127070426940918,-0.133945465087891,-0.145352363586426,-0.127148628234863,,,,-0.115508079528809,,,-0.142227172851562,,,,,-0.0351171493530273,-0.146601676940918,-0.0515232086181641,-0.134180068969727,
11380,-0.141992568969727,-0.137773513793945,,-0.165821075439453,-0.126992225646973,-0.133945465087891,-0.145352363586426,-0.127148628234863,,,,-0.115508079528809,,,-0.142227172851562,,,,,-0.0351171493530273,-0.146524429321289,-0.0515232086181641,-0.134180068969727,
11390,-0.141992568969727,-0.137773513793945,,-0.165821075439453,-0.126992225646973,-0.133945465087891,-0.145352363586426,-0.127148628234863,,,,-0.115508079528809,,,-0.142227172851562,,,,,-0.0351171493530273,-0.146524429321289,-0.0516014099121094,-0.134180068969727,
11400,-0.141992568969727,-0.137773513793945,,-0.165821075439453,-0.126992225646973,-0.133945465087891,-0.145352363586426,-0.127148628234863,,,,-0.115508079528809,,,-0.142227172851562,,,,,-0.0351171493530273,-0.146524429321289,-0.0516796112060547,-0.134180068969727,
11410,-0.141914367675781,-0.137773513793945,,-0.165821075439453,-0.126992225646973,-0.133945465087891,-0.145352363586426,-0.127148628234863,,,,-0.115508079528809,,,-0.142227172851562,,,,,-0.0351171493530273,-0.146524429321289,-0.0517578125,-0.134180068969727,
11420,-0.141914367675781,-0.137773513793945,,-0.165821075439453,-0.126992225646973,-0.133945465087891,-0.145352363586426,-0.127148628234863,,,,-0.115508079528809,,,-0.142227172851562,,,,,-0.0351171493530273,-0.146446228027344,-0.0518360137939453,-0.134101867675781,
11430,-0.141914367675781,-0.137773513793945,,-0.165821075439453,-0.126992225646973,-0.133945465087891,-0.145352363586426,-0.127148628234863,,,,-0.115508079528809,,,-0.142227172851562,,,,,-0.0351171493530273,-0.146446228027344,-0.0518360137939453,-0.134101867675781,
11440,-0.141914367675781,-0.137773513793945,,-0.165821075439453,-0.126992225646973,-0.133945465087891,-0.145352363586426,-0.127148628234863,,,,-0.115508079528809,,,-0.142227172851562,,,,,-0.0351171493530273,-0.146368026733398,-0.0519142150878906,-0.134101867675781,
11450,-0.141836166381836,-0.137773513793945,,-0.165821075439453,-0.126992225646973,-0.133945465087891,-0.145352363586426,-0.127226829528809,,,,-0.115508079528809,,,-0.142227172851562,,,,,-0.0351171493530273,-0.146368026733398,-0.0519924163818359,-0.134101867675781,
11460,-0.141836166381836,-0.137773513793945,,-0.165821075439453,-0.126992225646973,-0.133945465087891,-0.145352363586426,-0.127226829528809,,,,-0.115508079528809,,,-0.142227172851562,,,,,-0.0351171493530273,-0.146368026733398,-0.0520706176757812,-0.134101867675781,
11470,-0.141836166381836,-0.137773513793945,,-0.165821075439453,-0.126992225646973,-0.133945465087891,-0.145352363586426,-0.127226829528809,,,,-0.115508079528809,,,-0.142227172851562,,,,,-0.0351171493530273,-0.146289825439453,-0.0520706176757812,-0.134101867675781,
11480,-0.141836166381836,-0.137773513793945,,-0.165742874145508,-0.126914978027344,-0.133945465087891,-0.145352363586426,-0.127226829528809,,,,-0.115508079528809,,,-0.142227172851562,,,,,-0.0351171493530273,-0.146289825439453,-0.0521488189697266,-0.134101867675781,
11490,-0.141836166381836,-0.137773513793945,,-0.165742874145508,-0.126914978027344,-0.133945465087891,-0.145352363586426,-0.127226829528809,,,,-0.115508079528809,,,-0.142227172851562,,,,,-0.0351171493530273,-0.146211624145508,-0.0522270202636719,-0.134101867675781,
11500,-0.141836166381836,-0.137773513793945,,-0.165742874145508,-0.126914978027344,-0.133945465087891,-0.145352363586426,-0.127226829528809,,,,-0.115508079528809,,,-0.142227172851562,,,,,-0.0351171493530273,-0.146211624145508,-0.0523052215576172,-0.134101867675781,
11510,-0.141757965087891,-0.137773513793945,,-0.165742874145508,-0.126914978027344,-0.133945465087891,-0.145352363586426,-0.127226829528809,,,,-0.115508079528809,,,-0.142227172851562,,,,,-0.0351171493530273,-0.146211624145508,-0.0523052215576172,-0.134101867675781,
11520,-0.141757965087891,-0.137773513793945,,-0.165742874145508,-0.126914978027344,-0.133945465087891,-0.14527416229248,-0.127226829528809,,,,-0.115508079528809,,,-0.142227172851562,,,,,-0.0351171493530273,-0.146133422851562,-0.0523834228515625,-0.134101867675781,
11530,-0.141757965087891,-0.137773513793945,,-0.165742874145508,-0.126914978027344,-0.133945465087891,-0.14527416229248,-0.127226829528809,,,,-0.115508079528809,,,-0.142227172851562,,,,,-0.0351171493530273,-0.146133422851562,-0.0524606704711914,-0.134023666381836,
11540,-0.141679763793945,-0.137773513793945,,-0.165742874145508,-0.126914978027344,-0.133945465087891,-0.14527416229248,-0.127226829528809,,,,-0.115508079528809,,,-0.142227172851562,,,,,-0.0351171493530273,-0.146133422851562,-0.0525388717651367,-0.134023666381836,
11550,-0.141679763793945,-0.137773513793945,,-0.165742874145508,-0.126914978027344,-0.133945465087891,-0.14527416229248,-0.127226829528809,,,,-0.115508079528809,,,-0.142227172851562,,,,,-0.0351171493530273,-0.146055221557617,-0.0525388717651367,-0.134023666381836,
11560,-0.141679763793945,-0.137773513793945,,-0.165742874145508,-0.126836776733398,-0.133945465087891,-0.14527416229248,-0.127226829528809,,,,-0.115508079528809,,,-0.142227172851562,,,,,-0.035038948059082,-0.146055221557617,-0.052617073059082,-0.134023666381836,
11570,-0.141679763793945,-0.137773513793945,,-0.165664672851562,-0.126836776733398,-0.133945465087891,-0.14527416229248,-0.127226829528809,,,,-0.115508079528809,,,-0.142227172851562,,,,,-0.035038948059082,-0.145977020263672,-0.0526952743530273,-0.134023666381836,
11580,-0.141679763793945,-0.137773513793945,,-0.165664672851562,-0.126836776733398,-0.133945465087891,-0.14527416229248,-0.127305030822754,,,,-0.115508079528809,,,-0.142227172851562,,,,,-0.035038948059082,-0.145977020263672,-0.0527734756469727,-0.134023666381836,
11590,-0.141679763793945,-0.137773513793945,,-0.165664672851562,-0.126836776733398,-0.133945465087891,-0.14527416229248,-0.127305030822754,,,,-0.115508079528809,,,-0.142227172851562,,,,,-0.035038948059082,-0.145977020263672,-0.0527734756469727,-0.134023666381836,
11600,-0.141602516174316,-0.137773513793945,,-0.165664672851562,-0.126836776733398,-0.133945465087891,-0.14527416229248,-0.127305030822754,,,,-0.115508079528809,,,-0.142227172851562,,,,,-0.035038948059082,-0.145898818969727,-0.052851676940918,-0.134023666381836,
11610,-0.141602516174316,-0.137773513793945,,-0.165664672851562,-0.126836776733398,-0.133945465087891,-0.14527416229248,-0.127305030822754,,,,-0.115508079528809,,,-0.142227172851562,,,,,-0.035038948059082,-0.145898818969727,-0.0529298782348633,-0.134023666381836,
11620,-0.141602516174316,-0.137773513793945,,-0.165664672851562,-0.126836776733398,-0.133945465087891,-0.14527416229248,-0.127305030822754,,,,-0.115508079528809,,,-0.142227172851562,,,,,-0.035038948059082,-0.145898818969727,-0.0529298782348633,-0.134023666381836,
11630,-0.141602516174316,-0.137773513793945,,-0.165664672851562,-0.126836776733398,-0.133945465087891,-0.14527416229248,-0.127305030822754,,,,-0.115508079528809,,,-0.142227172851562,,,,,-0.035038948059082,-0.145820617675781,-0.0530080795288086,-0.134023666381836,
11640,-0.141602516174316,-0.137773513793945,,-0.165664672851562,-0.126836776733398,-0.133945465087891,-0.14527416229248,-0.127305030822754,,,,-0.115508079528809,,,-0.142227172851562,,,,,-0.035038948059082,-0.145820617675781,-0.0530862808227539,-0.134023666381836,
11650,-0.141524314880371,-0.137773513793945,,-0.165664672851562,-0.126758575439453,-0.133945465087891,-0.14527416229248,-0.127305030822754,,,,-0.115508079528809,,,-0.142227172851562,,,,,-0.035038948059082,-0.145820617675781,-0.0530862808227539,-0.134023666381836,
11660,-0.141524314880371,-0.137773513793945,,-0.165664672851562,-0.126758575439453,-0.133945465087891,-0.14527416229248,-0.127305030822754,,,,-0.115508079528809,,,-0.142227172851562,,,,,-0.035038948059082,-0.145742416381836,-0.0531644821166992,-0.133945465087891,
11670,-0.141524314880371,-0.137773513793945,,-0.165664672851562,-0.126758575439453,-0.133945465087891,-0.14527416229248,-0.127305030822754,,,,-0.115508079528809,,,-0.142227172851562,,,,,-0.035038948059082,-0.145742416381836,-0.0532426834106445,-0.133945465087891,
11680,-0.141524314880371,-0.137773513793945,,-0.165664672851562,-0.126758575439453,-0.133945465087891,-0.14527416229248,-0.127305030822754,,,,-0.115508079528809,,,-0.142227172851562,,,,,-0.035038948059082,-0.145664215087891,-0.0533208847045898,-0.133945465087891,
11690,-0.141524314880371,-0.137773513793945,,-0.165586471557617,-0.126758575439453,-0.133945465087891,-0.14527416229248,-0.127305030822754,,,,-0.115508079528809,,,-0.142148971557617,,,,,-0.035038948059082,-0.145664215087891,-0.0533208847045898,-0.133945465087891,
11700,-0.141446113586426,-0.137773513793945,,-0.165586471557617,-0.126758575439453,-0.133945465087891,-0.14527416229248,-0.127305030822754,,,,-0.115508079528809,,,-0.142227172851562,,,,,-0.035038948059082,-0.145664215087891,-0.0533981323242188,-0.133945465087891,
11710,-0.141446113586426,-0.137773513793945,,-0.165586471557617,-0.126758575439453,-0.133945465087891,-0.14527416229248,-0.127305030822754,,,,-0.115508079528809,,,-0.142227172851562,,,,,-0.035038948059082,-0.145586013793945,-0.0534763336181641,-0.133945465087891,
11720,-0.141446113586426,-0.137773513793945,,-0.165586471557617,-0.126758575439453,-0.133945465087891,-0.14527416229248,-0.127383232116699,,,,-0.115508079528809,,,-0.142227172851562,,,,,-0.0351171493530273,-0.145586013793945,-0.0534763336181641,-0.133945465087891,
11730,-0.141446113586426,-0.137773513793945,,-0.165586471557617,-0.126758575439453,-0.133945465087891,-0.14527416229248,-0.127383232116699,,,,-0.115508079528809,,,-0.142227172851562,,,,,-0.035038948059082,-0.145586013793945,-0.0535545349121094,-0.133945465087891,
11740,-0.141446113586426,-0.137773513793945,,-0.165586471557617,-0.126758575439453,-0.133945465087891,-0.145195960998535,-0.127383232116699,,,,-0.115508079528809,,,-0.142148971557617,,,,,-0.035038948059082,-0.145508766174316,-0.0536327362060547,-0.133945465087891,
11750,-0.14136791229248,-0.137773513793945,,-0.165586471557617,-0.126680374145508,-0.133945465087891,-0.14527416229248,-0.127383232116699,,,,-0.115508079528809,,,-0.142227172851562,,,,,-0.035038948059082,-0.145508766174316,-0.0536327362060547,-0.133945465087891,
11760,-0.14136791229248,-0.137773513793945,,-0.165586471557617,-0.126680374145508,-0.133945465087891,-0.14527416229248,-0.127383232116699,,,,-0.115508079528809,,,-0.142148971557617,,,,,-0.035038948059082,-0.145508766174316,-0.0537109375,-0.133945465087891,
11770,-0.14136791229248,-0.137773513793945,,-0.165586471557617,-0.126680374145508,-0.133945465087891,-0.145195960998535,-0.127383232116699,,,,-0.115508079528809,,,-0.142227172851562,,,,,-0.035038948059082,-0.145430564880371,-0.0537891387939453,-0.133945465087891,
11780,-0.14136791229248,-0.137773513793945,,-0.165586471557617,-0.126680374145508,-0.133945465087891,-0.145195960998535,-0.127383232116699,,,,-0.115508079528809,,,-0.142148971557617,,,,,-0.035038948059082,-0.145430564880371,-0.0538673400878906,-0.133945465087891,
11790,-0.14136791229248,-0.137773513793945,,-0.165586471557617,-0.126680374145508,-0.133945465087891,-0.145195960998535,-0.127383232116699,,,,-0.115508079528809,,,-0.142148971557617,,,,,-0.035038948059082,-0.145430564880371,-0.0538673400878906,-0.133945465087891,
11800,-0.141289710998535,-0.137773513793945,,-0.165586471557617,-0.126680374145508,-0.133945465087891,-0.145195960998535,-0.127383232116699,,,,-0.115508079528809,,,-0.142148971557617,,,,,-0.0351171493530273,-0.145352363586426,-0.0539455413818359,-0.133945465087891,
11810,-0.141289710998535,-0.137773513793945,,-0.165586471557617,-0.126680374145508,-0.133945465087891,-0.145195960998535,-0.127383232116699,,,,-0.115508079528809,,,-0.142148971557617,,,,,-0.0351171493530273,-0.145352363586426,-0.0540237426757812,-0.133945465087891,
11820,-0.141289710998535,-0.137773513793945,,-0.165586471557617,-0.126680374145508,-0.133945465087891,-0.145195960998535,-0.127383232116699,,,,-0.115508079528809,,,-0.142148971557617,,,,,-0.0351171493530273,-0.145352363586426,-0.0540237426757812,-0.133867263793945,
11830,-0.141289710998535,-0.137773513793945,,-0.165586471557617,-0.126680374145508,-0.133945465087891,-0.145195960998535,-0.127383232116699,,,,-0.115508079528809,,,-0.142148971557617,,,,,-0.0351171493530273,-0.14527416229248,-0.0541019439697266,-0.133867263793945,
11840,-0.141289710998535,-0.137773513793945,,-0.165586471557617,-0.126680374145508,-0.134023666381836,-0.145195960998535,-0.127383232116699,,,,-0.115508079528809,,,-0.142148971557617,,,,,-0.0351171493530273,-0.14527416229248,-0.0541801452636719,-0.133867263793945,
11850,-0.14121150970459,-0.137773513793945,,-0.165508270263672,-0.126680374145508,-0.133945465087891,-0.145195960998535,-0.127383232116699,,,,-0.115508079528809,,,-0.142148971557617,,,,,-0.0351171493530273,-0.14527416229248,-0.0541801452636719,-0.133867263793945,
11860,-0.14121150970459,-0.137773513793945,,-0.165508270263672,-0.126680374145508,-0.133945465087891,-0.145195960998535,-0.127383232116699,,,,-0.115508079528809,,,-0.142148971557617,,,,,-0.0351171493530273,-0.145195960998535,-0.0542583465576172,-0.133867263793945,
11870,-0.14121150970459,-0.137773513793945,,-0.165508270263672,-0.126680374145508,-0.133945465087891,-0.145195960998535,-0.127461433410645,,,,-0.115508079528809,,,-0.142148971557617,,,,,-0.0351171493530273,-0.145195960998535,-0.0543365478515625,-0.133867263793945,
11880,-0.14121150970459,-0.137773513793945,,-0.165508270263672,-0.126602172851562,-0.133945465087891,-0.145195960998535,-0.127461433410645,,,,-0.115508079528809,,,-0.142148971557617,,,,,-0.0351171493530273,-0.145195960998535,-0.0543365478515625,-0.133867263793945,
11890,-0.14121150970459,-0.137773513793945,,-0.165508270263672,-0.126602172851562,-0.134023666381836,-0.145195960998535,-0.127461433410645,,,,-0.115508079528809,,,-0.142148971557617,,,,,-0.0351171493530273,-0.14511775970459,-0.0544137954711914,-0.133867263793945,
11900,-0.14121150970459,-0.137773513793945,,-0.165508270263672,-0.126602172851562,-0.133945465087891,-0.145195960998535,-0.127461433410645,,,,-0.115508079528809,,,-0.142148971557617,,,,,-0.0351171493530273,-0.14511775970459,-0.0544137954711914,-0.133867263793945,
11910,-0.141133308410645,-0.137773513793945,,-0.165508270263672,-0.126602172851562,-0.134023666381836,-0.145195960998535,-0.127461433410645,,,,-0.115508079528809,,,-0.142148971557617,,,,,-0.0351171493530273,-0.14511775970459,-0.0544919967651367,-0.133867263793945,
11920,-0.141133308410645,-0.137773513793945,,-0.165508270263672,-0.126602172851562,-0.133945465087891,-0.145195960998535,-0.127461433410645,,,,-0.115508079528809,,,-0.142148971557617,,,,,-0.0351171493530273,-0.145039558410645,-0.054570198059082,-0.133867263793945,
11930,-0.141133308410645,-0.137773513793945,,-0.165508270263672,-0.126602172851562,-0.133945465087891,-0.145195960998535,-0.127461433410645,,,,-0.115508079528809,,,-0.142148971557617,,,,,-0.0351171493530273,-0.145039558410645,-0.054570198059082,-0.133867263793945,
11940,-0.141133308410645,-0.137773513793945,,-0.165508270263672,-0.126602172851562,-0.133945465087891,-0.145195960998535,-0.127461433410645,,,,-0.115508079528809,,,-0.142148971557617,,,,,-0.0351171493530273,-0.145039558410645,-0.0546483993530273,-0.133867263793945,
11950,-0.141133308410645,-0.137773513793945,,-0.165508270263672,-0.126602172851562,-0.134023666381836,-0.145195960998535,-0.127461433410645,,,,-0.115508079528809,,,-0.142148971557617,,,,,-0.0351171493530273,-0.144961357116699,-0.0547266006469727,-0.133867263793945,
11960,-0.141055107116699,-0.137773513793945,,-0.165508270263672,-0.126602172851562,-0.134023666381836,-0.145195960998535,-0.127461433410645,,,,-0.115586280822754,,,-0.142148971557617,,,,,-0.0351171493530273,-0.144961357116699,-0.0547266006469727,-0.133867263793945,
11970,-0.141055107116699,-0.137773513793945,,-0.165430068969727,-0.126602172851562,-0.134023666381836,-0.145195960998535,-0.127461433410645,,,,-0.115508079528809,,,-0.142148971557617,,,,,-0.0351171493530273,-0.144961357116699,-0.054804801940918,-0.133867263793945,
11980,-0.141055107116699,-0.137773513793945,,-0.165430068969727,-0.126602172851562,-0.133945465087891,-0.145195960998535,-0.127461433410645,,,,-0.115586280822754,,,-0.142148971557617,,,,,-0.0351171493530273,-0.144883155822754,-0.0548830032348633,-0.133867263793945,
11990,-0.141055107116699,-0.137773513793945,,-0.165430068969727,-0.126602172851562,-0.134023666381836,-0.145195960998535,-0.127461433410645,,,,-0.115586280822754,,,-0.142148971557617,,,,,-0.0351171493530273,-0.144883155822754,-0.0548830032348633,-0.133867263793945,
12000,-0.141055107116699,-0.137773513793945,,-0.165430068969727,-0.126602172851562,-0.133945465087891,-0.145195960998535,-0.127461433410645,,,,-0.115586280822754,,,-0.142148971557617,,,,,-0.0351171493530273,-0.144883155822754,-0.0549612045288086,-0.133867263793945,
12010,-0.140976905822754,-0.137773513793945,,-0.165430068969727,-0.126602172851562,-0.134023666381836,-0.145195960998535,-0.127461433410645,,,,-0.115586280822754,,,-0.142148971557617,,,,,-0.0351171493530273,-0.144804954528809,-0.0549612045288086,-0.1337890625,
12020,-0.140976905822754,-0.137773513793945,,-0.165430068969727,-0.126602172851562,-0.133945465087891,-0.145195960998535,-0.127461433410645,,,,-0.115586280822754,,,-0.142148971557617,,,,,-0.0351171493530273,-0.144804954528809,-0.0550394058227539,-0.1337890625,
12030,-0.140976905822754,-0.137773513793945,,-0.165430068969727,-0.126602172851562,-0.134023666381836,-0.145195960998535,-0.12753963470459,,,,-0.115586280822754,,,-0.142148971557617,,,,,-0.0351171493530273,-0.144804954528809,-0.0551176071166992,-0.1337890625,
12040,-0.140976905822754,-0.137773513793945,,-0.165430068969727,-0.126602172851562,-0.134023666381836,-0.145195960998535,-0.12753963470459,,,,-0.115586280822754,,,-0.142148971557617,,,,,-0.0351171493530273,-0.144804954528809,-0.0551176071166992,-0.1337890625,
12050,-0.140976905822754,-0.137773513793945,,-0.165430068969727,-0.126602172851562,-0.134023666381836,-0.145195960998535,-0.12753963470459,,,,-0.115586280822754,,,-0.142148971557617,,,,,-0.0351171493530273,-0.144726753234863,-0.0551958084106445,-0.1337890625,
12060,-0.140976905822754,-0.137773513793945,,-0.165430068969727,-0.126523971557617,-0.134023666381836,-0.145195960998535,-0.12753963470459,,,,-0.115586280822754,,,-0.142148971557617,,,,,-0.0351171493530273,-0.144726753234863,-0.0551958084106445,-0.1337890625,
12070,-0.140898704528809,-0.137773513793945,,-0.165430068969727,-0.126523971557617,-0.134023666381836,-0.145195960998535,-0.12753963470459,,,,-0.115586280822754,,,-0.142148971557617,,,,,-0.0351953506469727,-0.144726753234863,-0.0552740097045898,-0.1337890625,
12080,-0.140898704528809,-0.137773513793945,,-0.165430068969727,-0.126523971557617,-0.134023666381836,-0.145195960998535,-0.12753963470459,,,,-0.115586280822754,,,-0.142148971557617,,,,,-0.0351953506469727,-0.144648551940918,-0.0553522109985352,-0.1337890625,
12090,-0.140898704528809,-0.137773513793945,,-0.165430068969727,-0.126523971557617,-0.134023666381836,-0.145195960998535,-0.12753963470459,,,,-0.115586280822754,,,-0.142148971557617,,,,,-0.0351953506469727,-0.144648551940918,-0.0553522109985352,-0.1337890625,
12100,-0.140898704528809,-0.137773513793945,,-0.165430068969727,-0.126523971557617,-0.134023666381836,-0.145195960998535,-0.12753963470459,,,,-0.115586280822754,,,-0.142148971557617,,,,,-0.0351953506469727,-0.144648551940918,-0.0554294586181641,-0.1337890625,
12110,-0.140898704528809,-0.137773513793945,,-0.165351867675781,-0.126523971557617,-0.134023666381836,-0.145195960998535,-0.12753963470459,,,,-0.115586280822754,,,-0.142227172851562,,,,,-0.0351953506469727,-0.144570350646973,-0.0555076599121094,-0.1337890625,
12120,-0.140898704528809,-0.137773513793945,,-0.165351867675781,-0.126523971557617,-0.134023666381836,-0.145195960998535,-0.12753963470459,,,,-0.115586280822754,,,-0.142227172851562,,,,,-0.0351953506469727,-0.144570350646973,-0.0555076599121094,-0.1337890625,
12130,-0.140820503234863,-0.137773513793945,,-0.165351867675781,-0.126523971557617,-0.134023666381836,-0.145195960998535,-0.12753963470459,,,,-0.115586280822754,,,-0.142227172851562,,,,,-0.0351953506469727,-0.144570350646973,-0.0556640625,-0.1337890625,
12140,-0.140820503234863,-0.137773513793945,,-0.165351867675781,-0.126523971557617,-0.134023666381836,-0.145195960998535,-0.12753963470459,,,,-0.115586280822754,,,-0.142227172851562,,,,,-0.0351953506469727,-0.144570350646973,-0.0556640625,-0.1337890625,
12150,-0.140820503234863,-0.137773513793945,,-0.165351867675781,-0.126523971557617,-0.134023666381836,-0.145195960998535,-0.12753963470459,,,,-0.115586280822754,,,-0.142148971557617,,,,,-0.0351953506469727,-0.144493103027344,-0.0557422637939453,-0.1337890625,
12160,-0.140820503234863,-0.137773513793945,,-0.165351867675781,-0.126523971557617,-0.134023666381836,-0.145195960998535,-0.12753963470459,,,,-0.115586280822754,,,-0.142148971557617,,,,,-0.0351953506469727,-0.144493103027344,-0.0557422637939453,-0.1337890625,
12170,-0.140820503234863,-0.137773513793945,,-0.165351867675781,-0.126523971557617,-0.134023666381836,-0.145195960998535,-0.12753963470459,,,,-0.115586280822754,,,-0.142227172851562,,,,,-0.0351953506469727,-0.144493103027344,-0.0558204650878906,-0.1337890625,
12180,-0.140820503234863,-0.137773513793945,,-0.165351867675781,-0.126523971557617,-0.134023666381836,-0.14511775970459,-0.12753963470459,,,,-0.115586280822754,,,-0.142227172851562,,,,,-0.0351953506469727,-0.144414901733398,-0.0558204650878906,-0.1337890625,
12190,-0.140742301940918,-0.137773513793945,,-0.165351867675781,-0.126523971557617,-0.134023666381836,-0.14511775970459,-0.127617835998535,,,,-0.115586280822754,,,-0.142227172851562,,,,,-0.0351953506469727,-0.144414901733398,-0.0558986663818359,-0.1337890625,
12200,-0.140742301940918,-0.137773513793945,,-0.165351867675781,-0.126523971557617,-0.134023666381836,-0.14511775970459,-0.127617835998535,,,,-0.115664482116699,,,-0.142227172851562,,,,,-0.0351953506469727,-0.144414901733398,-0.0559768676757812,-0.1337890625,
12210,-0.140742301940918,-0.137773513793945,,-0.165351867675781,-0.126523971557617,-0.134023666381836,-0.14511775970459,-0.127617835998535,,,,-0.115664482116699,,,-0.142227172851562,,,,,-0.035273551940918,-0.144336700439453,-0.0559768676757812,-0.1337890625,
12220,-0.177227020263672,-0.168789863586426,,-0.182929992675781,-0.166055679321289,-0.152773857116699,-0.170117378234863,-0.144258499145508,,,,-0.155351638793945,,,-0.175743103027344,,,,,-0.0532426834106445,-0.182929992675781,-0.0937108993530273,-0.171836853027344,
12230,-0.176758766174316,-0.168633460998535,,-0.182305335998535,-0.165821075439453,-0.152695655822754,-0.169961929321289,-0.144258499145508,,,,-0.155117988586426,,,-0.175117492675781,,,,,-0.0533208847045898,-0.182305335998535,-0.0937108993530273,-0.171915054321289,
12240,-0.176289558410645,-0.16855525970459,,-0.181680679321289,-0.165586471557617,-0.152695655822754,-0.169883728027344,-0.144180297851562,,,,-0.15488338470459,,,-0.17457103729248,,,,,-0.0533208847045898,-0.181758880615234,-0.093632698059082,-0.172070503234863,
12250,-0.175821304321289,-0.168477058410645,,-0.181211471557617,-0.165430068969727,-0.152695655822754,-0.169805526733398,-0.144180297851562,,,,-0.154648780822754,,,-0.173946380615234,,,,,-0.0533981323242188,-0.181211471557617,-0.093632698059082,-0.172148704528809,
12260,-0.175430297851562,-0.168320655822754,,-0.180743217468262,-0.165195465087891,-0.152617454528809,-0.169805526733398,-0.144102096557617,,,,-0.154414176940918,,,-0.173477172851562,,,,,-0.0534763336181641,-0.180665016174316,-0.093632698059082,-0.172226905822754,
12270,-0.175039291381836,-0.168242454528809,,-0.180352210998535,-0.165040016174316,-0.152617454528809,-0.169727325439453,-0.144102096557617,,,,-0.154258728027344,,,-0.173007965087891,,,,,-0.0536327362060547,-0.180195808410645,-0.093632698059082,-0.172305107116699,
12280,-0.174649238586426,-0.168164253234863,,-0.179961204528809,-0.164883613586426,-0.152617454528809,-0.169649124145508,-0.144102096557617,,,,-0.154102325439453,,,-0.17261791229248,,,,,-0.0537109375,-0.179727554321289,-0.0935554504394531,-0.172383308410645,
12290,-0.174258232116699,-0.168087005615234,,-0.179649353027344,-0.164727210998535,-0.152617454528809,-0.169649124145508,-0.144102096557617,,,,-0.153867721557617,,,-0.172226905822754,,,,,-0.0537891387939453,-0.179336547851562,-0.0935554504394531,-0.17246150970459,
12300,-0.173946380615234,-0.168087005615234,,-0.179258346557617,-0.164570808410645,-0.152539253234863,-0.169570922851562,-0.144023895263672,,,,-0.153711318969727,,,-0.171836853027344,,,,,-0.0538673400878906,-0.178945541381836,-0.0935554504394531,-0.172539710998535,
12310,-0.173555374145508,-0.168008804321289,,-0.179023742675781,-0.164414405822754,-0.152539253234863,-0.169570922851562,-0.144023895263672,,,,-0.153554916381836,,,-0.171524047851562,,,,,-0.0540237426757812,-0.178555488586426,-0.093632698059082,-0.172539710998535,
12320,-0.173242568969727,-0.167930603027344,,-0.178711891174316,-0.164258003234863,-0.152539253234863,-0.169492721557617,-0.144023895263672,,,,-0.153398513793945,,,-0.171211242675781,,,,,-0.0541019439697266,-0.178242683410645,-0.093632698059082,-0.17261791229248,
12330,-0.172930717468262,-0.167852401733398,,-0.17847728729248,-0.164102554321289,-0.152539253234863,-0.169492721557617,-0.144023895263672,,,,-0.153243064880371,,,-0.170977592468262,,,,,-0.0541801452636719,-0.177929878234863,-0.093632698059082,-0.172696113586426,
12340,-0.172696113586426,-0.167774200439453,,-0.178242683410645,-0.163946151733398,-0.152539253234863,-0.169492721557617,-0.144102096557617,,,,-0.15308666229248,,,-0.170742988586426,,,,,-0.0543365478515625,-0.177618026733398,-0.093632698059082,-0.172696113586426,
12350,-0.172383308410645,-0.167774200439453,,-0.178008079528809,-0.163789749145508,-0.152539253234863,-0.169414520263672,-0.144102096557617,,,,-0.15293025970459,,,-0.17050838470459,,,,,-0.0544137954711914,-0.177305221557617,-0.0937108993530273,-0.172774314880371,
12360,-0.172148704528809,-0.167695999145508,,-0.177774429321289,-0.163633346557617,-0.152539253234863,-0.169414520263672,-0.144102096557617,,,,-0.152773857116699,,,-0.170273780822754,,,,,-0.054570198059082,-0.176992416381836,-0.0937108993530273,-0.172852516174316,
12370,-0.171915054321289,-0.167539596557617,,-0.177539825439453,-0.163555145263672,-0.152539253234863,-0.169414520263672,-0.144102096557617,,,,-0.152695655822754,,,-0.170040130615234,,,,,-0.0546483993530273,-0.176758766174316,-0.0937108993530273,-0.172852516174316,
12380,-0.171680450439453,-0.167539596557617,,-0.177305221557617,-0.163398742675781,-0.152617454528809,-0.169414520263672,-0.144180297851562,,,,-0.152539253234863,,,-0.169805526733398,,,,,-0.054804801940918,-0.176445960998535,-0.0937108993530273,-0.172930717468262,
12390,-0.171445846557617,-0.167461395263672,,-0.177148818969727,-0.163242340087891,-0.152617454528809,-0.169414520263672,-0.144180297851562,,,,-0.152383804321289,,,-0.169649124145508,,,,,-0.0549612045288086,-0.176211357116699,-0.0937891006469727,-0.172930717468262,
12400,-0.171211242675781,-0.167461395263672,,-0.176915168762207,-0.163165092468262,-0.152617454528809,-0.169414520263672,-0.144180297851562,,,,-0.152227401733398,,,-0.169414520263672,,,,,-0.0550394058227539,-0.175899505615234,-0.0937891006469727,-0.173007965087891,
12410,-0.170977592468262,-0.167383193969727,,-0.176758766174316,-0.163008689880371,-0.152617454528809,-0.169414520263672,-0.144258499145508,,,,-0.152149200439453,,,-0.169258117675781,,,,,-0.0551958084106445,-0.175664901733398,-0.093867301940918,-0.173007965087891,
12420,-0.170742988586426,-0.167383193969727,,-0.176602363586426,-0.16285228729248,-0.152617454528809,-0.169414520263672,-0.144258499145508,,,,-0.151992797851562,,,-0.169101715087891,,,,,-0.0552740097045898,-0.175430297851562,-0.093867301940918,-0.173007965087891,
12430,-0.170586585998535,-0.167304992675781,,-0.176445960998535,-0.162774085998535,-0.152617454528809,-0.169414520263672,-0.144336700439453,,,,-0.151914596557617,,,-0.168946266174316,,,,,-0.0554294586181641,-0.175195693969727,-0.093867301940918,-0.173086166381836,
12440,-0.170351982116699,-0.167304992675781,,-0.176211357116699,-0.162617683410645,-0.152695655822754,-0.169414520263672,-0.144414901733398,,,,-0.151758193969727,,,-0.168789863586426,,,,,-0.0555076599121094,-0.174961090087891,-0.0939455032348633,-0.173086166381836,
12450,-0.170195579528809,-0.167226791381836,,-0.176054954528809,-0.162539482116699,-0.152695655822754,-0.169414520263672,-0.144414901733398,,,,-0.151679992675781,,,-0.168633460998535,,,,,-0.0557422637939453,-0.174727439880371,-0.0939455032348633,-0.173086166381836,
12460,-0.170040130615234,-0.167226791381836,,-0.175899505615234,-0.162383079528809,-0.152695655822754,-0.169414520263672,-0.144493103027344,,,,-0.151523590087891,,,-0.168477058410645,,,,,-0.0558204650878906,-0.17457103729248,-0.0939455032348633,-0.173086166381836,
12470,-0.169805526733398,-0.167226791381836,,-0.175743103027344,-0.162304878234863,-0.152695655822754,-0.169414520263672,-0.144570350646973,,,,-0.151445388793945,,,-0.168320655822754,,,,,-0.0559768676757812,-0.174336433410645,-0.0940237045288086,-0.173164367675781,
12480,-0.169649124145508,-0.167148590087891,,-0.175664901733398,-0.162149429321289,-0.152695655822754,-0.169414520263672,-0.144648551940918,,,,-0.151289939880371,,,-0.168164253234863,,,,,-0.0560550689697266,-0.174101829528809,-0.0940237045288086,-0.173164367675781,
12490,-0.169492721557617,-0.167148590087891,,-0.175508499145508,-0.162071228027344,-0.152773857116699,-0.169414520263672,-0.144648551940918,,,,-0.151211738586426,,,-0.168087005615234,,,,,-0.0562114715576172,-0.173946380615234,-0.0940237045288086,-0.173164367675781,
12500,-0.169336318969727,-0.167148590087891,,-0.175352096557617,-0.161993026733398,-0.152773857116699,-0.169414520263672,-0.144804954528809,,,,-0.151055335998535,,,-0.167930603027344,,,,,-0.0562896728515625,-0.173789978027344,-0.0941019058227539,-0.173164367675781,
12510,-0.169101715087891,-0.167071342468262,,-0.175195693969727,-0.161836624145508,-0.152773857116699,-0.169414520263672,-0.144804954528809,,,,-0.15097713470459,,,-0.167774200439453,,,,,-0.0564451217651367,-0.173555374145508,-0.0941019058227539,-0.173242568969727,
12520,-0.168946266174316,-0.167071342468262,,-0.175039291381836,-0.161758422851562,-0.152773857116699,-0.169492721557617,-0.144883155822754,,,,-0.150898933410645,,,-0.167695999145508,,,,,-0.056523323059082,-0.173398971557617,-0.0941019058227539,-0.173242568969727,
12530,-0.168789863586426,-0.167071342468262,,-0.174961090087891,-0.161680221557617,-0.152852058410645,-0.169492721557617,-0.144961357116699,,,,-0.150820732116699,,,-0.167461395263672,,,,,-0.0566015243530273,-0.173242568969727,-0.0941801071166992,-0.173242568969727,
12540,-0.168633460998535,-0.166993141174316,,-0.174805641174316,-0.161602020263672,-0.152852058410645,-0.169492721557617,-0.145039558410645,,,,-0.150664329528809,,,-0.167383193969727,,,,,-0.056757926940918,-0.173086166381836,-0.0941801071166992,-0.173242568969727,
12550,-0.168477058410645,-0.166993141174316,,-0.174727439880371,-0.161523818969727,-0.152852058410645,-0.169492721557617,-0.14511775970459,,,,-0.150586128234863,,,-0.167226791381836,,,,,-0.0568361282348633,-0.172852516174316,-0.0941801071166992,-0.173242568969727,
12560,-0.168320655822754,-0.166993141174316,,-0.17457103729248,-0.161445617675781,-0.152852058410645,-0.169492721557617,-0.145195960998535,,,,-0.150507926940918,,,-0.167148590087891,,,,,-0.0569143295288086,-0.172696113586426,-0.0942583084106445,-0.173242568969727,
12570,-0.168164253234863,-0.166993141174316,,-0.174492835998535,-0.161367416381836,-0.15293025970459,-0.169492721557617,-0.14527416229248,,,,-0.150430679321289,,,-0.166993141174316,,,,,-0.0570707321166992,-0.172539710998535,-0.0942583084106445,-0.173242568969727,
12580,-0.168008804321289,-0.166914939880371,,-0.174336433410645,-0.161289215087891,-0.15293025970459,-0.169570922851562,-0.145352363586426,,,,-0.150352478027344,,,-0.166914939880371,,,,,-0.0571489334106445,-0.172383308410645,-0.0943365097045898,-0.173242568969727,
12590,-0.167852401733398,-0.166914939880371,,-0.174258232116699,-0.161211967468262,-0.15293025970459,-0.169570922851562,-0.145508766174316,,,,-0.150274276733398,,,-0.166836738586426,,,,,-0.0572271347045898,-0.172305107116699,-0.0943365097045898,-0.173242568969727,
12600,-0.167695999145508,-0.166914939880371,,-0.174101829528809,-0.161133766174316,-0.153008460998535,-0.169570922851562,-0.145586013793945,,,,-0.150196075439453,,,-0.166680335998535,,,,,-0.0573053359985352,-0.172148704528809,-0.0943365097045898,-0.173242568969727,
12610,-0.167461395263672,-0.166914939880371,,-0.174023628234863,-0.161133766174316,-0.153008460998535,-0.169570922851562,-0.145664215087891,,,,-0.150117874145508,,,-0.16660213470459,,,,,-0.0573825836181641,-0.171993255615234,-0.0944147109985352,-0.173242568969727,
12620,-0.167304992675781,-0.166836738586426,,-0.173946380615234,-0.161055564880371,-0.153008460998535,-0.169570922851562,-0.145742416381836,,,,-0.150039672851562,,,-0.166523933410645,,,,,-0.0574607849121094,-0.171915054321289,-0.0944147109985352,-0.173242568969727,
12630,-0.167148590087891,-0.166836738586426,,-0.173789978027344,-0.160977363586426,-0.153008460998535,-0.169649124145508,-0.145820617675781,,,,-0.149883270263672,,,-0.166367530822754,,,,,-0.0576171875,-0.171758651733398,-0.0944147109985352,-0.173242568969727,
12640,-0.166993141174316,-0.166836738586426,,-0.173711776733398,-0.160977363586426,-0.15308666229248,-0.169649124145508,-0.145898818969727,,,,-0.149883270263672,,,-0.166289329528809,,,,,-0.0576171875,-0.171680450439453,-0.0944929122924805,-0.173242568969727,
12650,-0.166836738586426,-0.166836738586426,,-0.173633575439453,-0.16089916229248,-0.15308666229248,-0.169649124145508,-0.145977020263672,,,,-0.149805068969727,,,-0.166211128234863,,,,,-0.0577735900878906,-0.171602249145508,-0.0944929122924805,-0.173242568969727,
12660,-0.16675853729248,-0.166836738586426,,-0.173555374145508,-0.160820960998535,-0.15308666229248,-0.169649124145508,-0.146055221557617,,,,-0.149726867675781,,,-0.166133880615234,,,,,-0.0578517913818359,-0.171445846557617,-0.0944929122924805,-0.173242568969727,
12670,-0.16660213470459,-0.16675853729248,,-0.173398971557617,-0.160820960998535,-0.153164863586426,-0.169727325439453,-0.146133422851562,,,,-0.149648666381836,,,-0.165977478027344,,,,,-0.0579299926757812,-0.171367645263672,-0.0945701599121094,-0.173242568969727,
12680,-0.166445732116699,-0.16675853729248,,-0.173320770263672,-0.16074275970459,-0.153164863586426,-0.169727325439453,-0.146289825439453,,,,-0.149570465087891,,,-0.165899276733398,,,,,-0.0580081939697266,-0.171289443969727,-0.0945701599121094,-0.173242568969727,
12690,-0.166289329528809,-0.16675853729248,,-0.173242568969727,-0.16074275970459,-0.153243064880371,-0.169727325439453,-0.146368026733398,,,,-0.149492263793945,,,-0.165821075439453,,,,,-0.0580081939697266,-0.171211242675781,-0.0945701599121094,-0.173242568969727,
12700,-0.166211128234863,-0.16675853729248,,-0.173164367675781,-0.160664558410645,-0.153243064880371,-0.169727325439453,-0.146446228027344,,,,-0.149492263793945,,,-0.165742874145508,,,,,-0.0580863952636719,-0.171133041381836,-0.0946483612060547,-0.173242568969727,
12710,-0.166055679321289,-0.16675853729248,,-0.173007965087891,-0.160664558410645,-0.153321266174316,-0.169805526733398,-0.146524429321289,,,,-0.149415016174316,,,-0.165664672851562,,,,,-0.0581645965576172,-0.171054840087891,-0.0946483612060547,-0.173242568969727,
12720,-0.165977478027344,-0.16675853729248,,-0.172930717468262,-0.160664558410645,-0.153321266174316,-0.169805526733398,-0.146601676940918,,,,-0.149336814880371,,,-0.165586471557617,,,,,-0.0582427978515625,-0.170977592468262,-0.0946483612060547,-0.173242568969727,
12730,-0.165821075439453,-0.166680335998535,,-0.172852516174316,-0.160586357116699,-0.153398513793945,-0.169805526733398,-0.146679878234863,,,,-0.149336814880371,,,-0.165508270263672,,,,,-0.0583200454711914,-0.170821189880371,-0.0946483612060547,-0.173242568969727,
12740,-0.165742874145508,-0.166680335998535,,-0.172774314880371,-0.160586357116699,-0.153398513793945,-0.169805526733398,-0.146758079528809,,,,-0.149258613586426,,,-0.165351867675781,,,,,-0.0583982467651367,-0.170742988586426,-0.0947265625,-0.173242568969727,
12750,-0.165586471557617,-0.166680335998535,,-0.172696113586426,-0.160508155822754,-0.153476715087891,-0.169805526733398,-0.146836280822754,,,,-0.14918041229248,,,-0.165273666381836,,,,,-0.058476448059082,-0.17066478729248,-0.0947265625,-0.173164367675781,
12760,-0.165508270263672,-0.166680335998535,,-0.17261791229248,-0.160508155822754,-0.153476715087891,-0.169883728027344,-0.146914482116699,,,,-0.14918041229248,,,-0.165195465087891,,,,,-0.058476448059082,-0.170586585998535,-0.0947265625,-0.173164367675781,
12770,-0.165430068969727,-0.166680335998535,,-0.172539710998535,-0.160508155822754,-0.153554916381836,-0.169883728027344,-0.146992683410645,,,,-0.149102210998535,,,-0.165118217468262,,,,,-0.0585546493530273,-0.17050838470459,-0.0948047637939453,-0.173164367675781,
12780,-0.165273666381836,-0.16660213470459,,-0.17246150970459,-0.160429954528809,-0.153554916381836,-0.169883728027344,-0.14707088470459,,,,-0.149102210998535,,,-0.165040016174316,,,,,-0.0586328506469727,-0.170430183410645,-0.0948047637939453,-0.173164367675781,
12790,-0.165195465087891,-0.16660213470459,,-0.172383308410645,-0.160429954528809,-0.153633117675781,-0.169883728027344,-0.14707088470459,,,,-0.14902400970459,,,-0.164961814880371,,,,,-0.058711051940918,-0.170351982116699,-0.0948047637939453,-0.173164367675781,
12800,-0.165118217468262,-0.16660213470459,,-0.172305107116699,-0.160351753234863,-0.153711318969727,-0.169883728027344,-0.147149085998535,,,,-0.148945808410645,,,-0.164883613586426,,,,,-0.0587892532348633,-0.170273780822754,-0.0948047637939453,-0.173164367675781,
12810,-0.164961814880371,-0.16660213470459,,-0.172226905822754,-0.160351753234863,-0.153711318969727,-0.169961929321289,-0.14722728729248,,,,-0.148945808410645,,,-0.16480541229248,,,,,-0.0587892532348633,-0.170195579528809,-0.0948829650878906,-0.173164367675781,
12820,-0.164883613586426,-0.166523933410645,,-0.172148704528809,-0.160351753234863,-0.153789520263672,-0.169961929321289,-0.147305488586426,,,,-0.148867607116699,,,-0.164727210998535,,,,,-0.0588674545288086,-0.170117378234863,-0.0948829650878906,-0.173164367675781,
12830,-0.16480541229248,-0.166523933410645,,-0.172070503234863,-0.160273551940918,-0.153789520263672,-0.169961929321289,-0.147383689880371,,,,-0.148867607116699,,,-0.16464900970459,,,,,-0.0589456558227539,-0.170040130615234,-0.0948829650878906,-0.173086166381836,
12840,-0.164727210998535,-0.166523933410645,,-0.171993255615234,-0.160273551940918,-0.153867721557617,-0.169961929321289,-0.147461891174316,,,,-0.148789405822754,,,-0.164570808410645,,,,,-0.0590238571166992,-0.169961929321289,-0.0948829650878906,-0.173086166381836,
12850,-0.16464900970459,-0.166445732116699,,-0.171915054321289,-0.160273551940918,-0.153945922851562,-0.169961929321289,-0.147539138793945,,,,-0.148789405822754,,,-0.164414405822754,,,,,-0.0590238571166992,-0.169805526733398,-0.0948829650878906,-0.173086166381836,
12860,-0.164570808410645,-0.166445732116699,,-0.171836853027344,-0.160196304321289,-0.153945922851562,-0.170040130615234,-0.147539138793945,,,,-0.148711204528809,,,-0.164414405822754,,,,,-0.0591020584106445,-0.169727325439453,-0.0948829650878906,-0.173086166381836,
12870,-0.164414405822754,-0.166445732116699,,-0.171836853027344,-0.160196304321289,-0.154024124145508,-0.170040130615234,-0.147617340087891,,,,-0.148711204528809,,,-0.164258003234863,,,,,-0.0591802597045898,-0.169649124145508,-0.0949611663818359,-0.173086166381836,
12880,-0.164336204528809,-0.166445732116699,,-0.171680450439453,-0.160196304321289,-0.154102325439453,-0.170040130615234,-0.147695541381836,,,,-0.148633003234863,,,-0.164179801940918,,,,,-0.0591802597045898,-0.169570922851562,-0.0949611663818359,-0.173086166381836,
12890,-0.164258003234863,-0.166367530822754,,-0.171680450439453,-0.160118103027344,-0.154102325439453,-0.170040130615234,-0.147773742675781,,,,-0.148633003234863,,,-0.164102554321289,,,,,-0.0592584609985352,-0.169492721557617,-0.0949611663818359,-0.173007965087891,
12900,-0.164179801940918,-0.166367530822754,,-0.171602249145508,-0.160118103027344,-0.154180526733398,-0.170040130615234,-0.147773742675781,,,,-0.148554801940918,,,-0.164024353027344,,,,,-0.0593357086181641,-0.169336318969727,-0.0949611663818359,-0.173007965087891,
12910,-0.164102554321289,-0.166367530822754,,-0.171524047851562,-0.160118103027344,-0.154180526733398,-0.170040130615234,-0.147851943969727,,,,-0.148554801940918,,,-0.163946151733398,,,,,-0.0594139099121094,-0.169258117675781,-0.0949611663818359,-0.173007965087891,
12920,-0.164024353027344,-0.166367530822754,,-0.171445846557617,-0.160039901733398,-0.154258728027344,-0.170117378234863,-0.147930145263672,,,,-0.148477554321289,,,-0.163867950439453,,,,,-0.0594139099121094,-0.169179916381836,-0.0949611663818359,-0.173007965087891,
12930,-0.163946151733398,-0.166289329528809,,-0.171367645263672,-0.160039901733398,-0.154258728027344,-0.170117378234863,-0.147930145263672,,,,-0.148477554321289,,,-0.163789749145508,,,,,-0.0594921112060547,-0.169024467468262,-0.0950393676757812,-0.173007965087891,
12940,-0.163867950439453,-0.166289329528809,,-0.171289443969727,-0.160039901733398,-0.154336929321289,-0.170117378234863,-0.148008346557617,,,,-0.148399353027344,,,-0.163711547851562,,,,,-0.0595703125,-0.168946266174316,-0.0950393676757812,-0.172930717468262,
12950,-0.163789749145508,-0.166289329528809,,-0.171211242675781,-0.160039901733398,-0.154414176940918,-0.170117378234863,-0.148086547851562,,,,-0.148399353027344,,,-0.163633346557617,,,,,-0.0595703125,-0.168868064880371,-0.0950393676757812,-0.172930717468262,
12960,-0.163711547851562,-0.166289329528809,,-0.171133041381836,-0.159961700439453,-0.154414176940918,-0.170117378234863,-0.148086547851562,,,,-0.148399353027344,,,-0.163555145263672,,,,,-0.0596485137939453,-0.16871166229248,-0.0950393676757812,-0.172930717468262,
12970,-0.163633346557617,-0.166289329528809,,-0.171054840087891,-0.159961700439453,-0.154492378234863,-0.170195579528809,-0.148164749145508,,,,-0.148321151733398,,,-0.163476943969727,,,,,-0.0597267150878906,-0.168633460998535,-0.0950393676757812,-0.172930717468262,
12980,-0.163555145263672,-0.166211128234863,,-0.170977592468262,-0.159961700439453,-0.154492378234863,-0.170195579528809,-0.148164749145508,,,,-0.148321151733398,,,-0.163398742675781,,,,,-0.0597267150878906,-0.16855525970459,-0.0951175689697266,-0.172930717468262,
12990,-0.163398742675781,-0.166211128234863,,-0.170899391174316,-0.159883499145508,-0.154492378234863,-0.170195579528809,-0.148242950439453,,,,-0.148242950439453,,,-0.163320541381836,,,,,-0.0598049163818359,-0.168398857116699,-0.0951175689697266,-0.172852516174316,
13000,-0.163320541381836,-0.166211128234863,,-0.170899391174316,-0.159883499145508,-0.154570579528809,-0.170195579528809,-0.148242950439453,,,,-0.148242950439453,,,-0.163242340087891,,,,,-0.0598831176757812,-0.168320655822754,-0.0951175689697266,-0.172852516174316,
13010,-0.163242340087891,-0.166133880615234,,-0.170821189880371,-0.159883499145508,-0.154570579528809,-0.170195579528809,-0.148321151733398,,,,-0.148164749145508,,,-0.163242340087891,,,,,-0.0598831176757812,-0.168242454528809,-0.0951175689697266,-0.172852516174316,
13020,-0.163165092468262,-0.166133880615234,,-0.170742988586426,-0.159883499145508,-0.154570579528809,-0.170273780822754,-0.148321151733398,,,,-0.148164749145508,,,-0.163165092468262,,,,,-0.0599613189697266,-0.168087005615234,-0.0951175689697266,-0.172852516174316,
13030,-0.163086891174316,-0.166133880615234,,-0.17066478729248,-0.159883499145508,-0.154648780822754,-0.170273780822754,-0.148399353027344,,,,-0.148086547851562,,,-0.163086891174316,,,,,-0.0600395202636719,-0.168008804321289,-0.0951175689697266,-0.172852516174316,
13040,-0.163008689880371,-0.166133880615234,,-0.170586585998535,-0.159805297851562,-0.154648780822754,-0.170273780822754,-0.148399353027344,,,,-0.148008346557617,,,-0.163008689880371,,,,,-0.0600395202636719,-0.167930603027344,-0.0951175689697266,-0.172852516174316,
13050,-0.162930488586426,-0.166055679321289,,-0.170586585998535,-0.159805297851562,-0.154648780822754,-0.170273780822754,-0.148477554321289,,,,-0.148008346557617,,,-0.162930488586426,,,,,-0.0601177215576172,-0.167852401733398,-0.0951957702636719,-0.172774314880371,
13060,-0.16285228729248,-0.166055679321289,,-0.17050838470459,-0.159805297851562,-0.154648780822754,-0.170273780822754,-0.148477554321289,,,,-0.147930145263672,,,-0.16285228729248,,,,,-0.0601959228515625,-0.167695999145508,-0.0951957702636719,-0.172774314880371,
13070,-0.162774085998535,-0.166055679321289,,-0.170430183410645,-0.159727096557617,-0.154726982116699,-0.170273780822754,-0.148477554321289,,,,-0.147930145263672,,,-0.162774085998535,,,,,-0.0602731704711914,-0.167539596557617,-0.0951957702636719,-0.172774314880371,
13080,-0.16269588470459,-0.166055679321289,,-0.170351982116699,-0.159727096557617,-0.154726982116699,-0.170273780822754,-0.148554801940918,,,,-0.147851943969727,,,-0.162774085998535,,,,,-0.0602731704711914,-0.167461395263672,-0.0951957702636719,-0.172774314880371,
13090,-0.162617683410645,-0.165977478027344,,-0.170351982116699,-0.159727096557617,-0.154726982116699,-0.170351982116699,-0.148554801940918,,,,-0.147851943969727,,,-0.16269588470459,,,,,-0.0603513717651367,-0.167304992675781,-0.0951957702636719,-0.172696113586426,
13100,-0.162539482116699,-0.165977478027344,,-0.170273780822754,-0.159648895263672,-0.154726982116699,-0.170351982116699,-0.148554801940918,,,,-0.147773742675781,,,-0.162617683410645,,,,,-0.060429573059082,-0.167226791381836,-0.0951957702636719,-0.172696113586426,
13110,-0.162461280822754,-0.165977478027344,,-0.170195579528809,-0.159648895263672,-0.154726982116699,-0.170351982116699,-0.148633003234863,,,,-0.147773742675781,,,-0.162539482116699,,,,,-0.060429573059082,-0.167148590087891,-0.0951957702636719,-0.172696113586426,
13120,-0.162304878234863,-0.165977478027344,,-0.170195579528809,-0.159648895263672,-0.154726982116699,-0.170351982116699,-0.148633003234863,,,,-0.147695541381836,,,-0.162539482116699,,,,,-0.0605077743530273,-0.167071342468262,-0.0951957702636719,-0.172696113586426,
13130,-0.162226676940918,-0.165977478027344,,-0.170117378234863,-0.159648895263672,-0.154726982116699,-0.170351982116699,-0.148633003234863,,,,-0.147695541381836,,,-0.162461280822754,,,,,-0.0605859756469727,-0.166993141174316,-0.0952739715576172,-0.172696113586426,
13140,-0.162149429321289,-0.165899276733398,,-0.170040130615234,-0.159570693969727,-0.154726982116699,-0.170351982116699,-0.148711204528809,,,,-0.147617340087891,,,-0.162383079528809,,,,,-0.0605859756469727,-0.166836738586426,-0.0952739715576172,-0.17261791229248,
13150,-0.162071228027344,-0.165899276733398,,-0.170040130615234,-0.159570693969727,-0.154726982116699,-0.170430183410645,-0.148711204528809,,,,-0.147617340087891,,,-0.162304878234863,,,,,-0.060664176940918,-0.16675853729248,-0.0952739715576172,-0.17261791229248,
13160,-0.161993026733398,-0.165899276733398,,-0.169961929321289,-0.159570693969727,-0.154726982116699,-0.170430183410645,-0.148711204528809,,,,-0.147539138793945,,,-0.162304878234863,,,,,-0.0607423782348633,-0.166680335998535,-0.0952739715576172,-0.17261791229248,
13170,-0.161914825439453,-0.165899276733398,,-0.169961929321289,-0.159570693969727,-0.154726982116699,-0.170430183410645,-0.148711204528809,,,,-0.147539138793945,,,-0.162226676940918,,,,,-0.0607423782348633,-0.16660213470459,-0.0952739715576172,-0.17261791229248,
13180,-0.161836624145508,-0.165899276733398,,-0.169883728027344,-0.159492492675781,-0.154726982116699,-0.170430183410645,-0.148789405822754,,,,-0.147461891174316,,,-0.162149429321289,,,,,-0.0608205795288086,-0.166523933410645,-0.0952739715576172,-0.17261791229248,
13190,-0.161758422851562,-0.165821075439453,,-0.169883728027344,-0.159492492675781,-0.154726982116699,-0.170430183410645,-0.148789405822754,,,,-0.147461891174316,,,-0.162149429321289,,,,,-0.0608987808227539,-0.166445732116699,-0.0952739715576172,-0.172539710998535,
13200,-0.161680221557617,-0.165821075439453,,-0.169805526733398,-0.159492492675781,-0.154726982116699,-0.170430183410645,-0.148789405822754,,,,-0.147383689880371,,,-0.162071228027344,,,,,-0.0608987808227539,-0.166367530822754,-0.0952739715576172,-0.172539710998535,
13210,-0.161602020263672,-0.165821075439453,,-0.169805526733398,-0.159492492675781,-0.154726982116699,-0.170430183410645,-0.148789405822754,,,,-0.147383689880371,,,-0.162071228027344,,,,,-0.0609769821166992,-0.166289329528809,-0.0953521728515625,-0.172539710998535,
13220,-0.161523818969727,-0.165821075439453,,-0.169727325439453,-0.159414291381836,-0.154726982116699,-0.17050838470459,-0.148789405822754,,,,-0.147305488586426,,,-0.161993026733398,,,,,-0.0610551834106445,-0.166211128234863,-0.0953521728515625,-0.172539710998535,
13230,-0.161367416381836,-0.165821075439453,,-0.169727325439453,-0.159414291381836,-0.154726982116699,-0.17050838470459,-0.148867607116699,,,,-0.147305488586426,,,-0.161914825439453,,,,,-0.0610551834106445,-0.166133880615234,-0.0953521728515625,-0.17246150970459,
13240,-0.161289215087891,-0.165821075439453,,-0.169727325439453,-0.159414291381836,-0.154726982116699,-0.17050838470459,-0.148867607116699,,,,-0.14722728729248,,,-0.161914825439453,,,,,-0.0611333847045898,-0.166055679321289,-0.0953521728515625,-0.17246150970459,
13250,-0.161211967468262,-0.165742874145508,,-0.169649124145508,-0.159414291381836,-0.154726982116699,-0.17050838470459,-0.148867607116699,,,,-0.14722728729248,,,-0.161836624145508,,,,,-0.0612115859985352,-0.165977478027344,-0.0953521728515625,-0.17246150970459,
13260,-0.161133766174316,-0.165742874145508,,-0.169649124145508,-0.159414291381836,-0.154648780822754,-0.17050838470459,-0.148867607116699,,,,-0.147149085998535,,,-0.161836624145508,,,,,-0.0612115859985352,-0.165899276733398,-0.0953521728515625,-0.17246150970459,
13270,-0.161055564880371,-0.165742874145508,,-0.169570922851562,-0.159336090087891,-0.154648780822754,-0.17050838470459,-0.148867607116699,,,,-0.147149085998535,,,-0.161758422851562,,,,,-0.0612888336181641,-0.165821075439453,-0.0954303741455078,-0.17246150970459,
13280,-0.160977363586426,-0.165742874145508,,-0.169570922851562,-0.159336090087891,-0.154648780822754,-0.170586585998535,-0.148867607116699,,,,-0.147149085998535,,,-0.161758422851562,,,,,-0.0612888336181641,-0.165742874145508,-0.0954303741455078,-0.172383308410645,
13290,-0.16089916229248,-0.165742874145508,,-0.169570922851562,-0.159336090087891,-0.154648780822754,-0.170586585998535,-0.148867607116699,,,,-0.14707088470459,,,-0.161680221557617,,,,,-0.0613670349121094,-0.165664672851562,-0.0954303741455078,-0.172383308410645,
13300,-0.160820960998535,-0.165742874145508,,-0.169492721557617,-0.159336090087891,-0.154648780822754,-0.170586585998535,-0.148945808410645,,,,-0.14707088470459,,,-0.161602020263672,,,,,-0.0614452362060547,-0.165586471557617,-0.0954303741455078,-0.172383308410645,
13310,-0.16074275970459,-0.165664672851562,,-0.169492721557617,-0.159336090087891,-0.154648780822754,-0.170586585998535,-0.148945808410645,,,,-0.146992683410645,,,-0.161602020263672,,,,,-0.0614452362060547,-0.165508270263672,-0.0954303741455078,-0.172383308410645,
13320,-0.160664558410645,-0.165664672851562,,-0.169492721557617,-0.159258842468262,-0.154648780822754,-0.170586585998535,-0.148945808410645,,,,-0.146992683410645,,,-0.161523818969727,,,,,-0.0615234375,-0.165430068969727,-0.0954303741455078,-0.172383308410645,
13330,-0.160586357116699,-0.165664672851562,,-0.169492721557617,-0.159258842468262,-0.154648780822754,-0.170586585998535,-0.148945808410645,,,,-0.146992683410645,,,-0.161523818969727,,,,,-0.0615234375,-0.165351867675781,-0.0954303741455078,-0.172305107116699,
13340,-0.160508155822754,-0.165664672851562,,-0.169414520263672,-0.159258842468262,-0.154648780822754,-0.17066478729248,-0.148945808410645,,,,-0.146914482116699,,,-0.161445617675781,,,,,-0.0616016387939453,-0.165351867675781,-0.0954303741455078,-0.172305107116699,
13350,-0.160429954528809,-0.165664672851562,,-0.169414520263672,-0.159258842468262,-0.154570579528809,-0.17066478729248,-0.148945808410645,,,,-0.146914482116699,,,-0.161445617675781,,,,,-0.0616798400878906,-0.165273666381836,-0.0954303741455078,-0.172305107116699,
13360,-0.160351753234863,-0.165664672851562,,-0.169414520263672,-0.159180641174316,-0.154570579528809,-0.17066478729248,-0.148945808410645,,,,-0.146836280822754,,,-0.161367416381836,,,,,-0.0616798400878906,-0.165195465087891,-0.0955085754394531,-0.172305107116699,
13370,-0.160273551940918,-0.165586471557617,,-0.169336318969727,-0.159180641174316,-0.154570579528809,-0.17066478729248,-0.148945808410645,,,,-0.146836280822754,,,-0.161367416381836,,,,,-0.0617580413818359,-0.165118217468262,-0.0955085754394531,-0.172226905822754,
13380,-0.160196304321289,-0.165586471557617,,-0.169336318969727,-0.159180641174316,-0.154570579528809,-0.17066478729248,-0.148945808410645,,,,-0.146758079528809,,,-0.161367416381836,,,,,-0.0617580413818359,-0.165040016174316,-0.0955085754394531,-0.172226905822754,
13390,-0.160118103027344,-0.165586471557617,,-0.169336318969727,-0.159180641174316,-0.154570579528809,-0.17066478729248,-0.148945808410645,,,,-0.146758079528809,,,-0.161289215087891,,,,,-0.0618362426757812,-0.164961814880371,-0.0955085754394531,-0.172226905822754,
13400,-0.160039901733398,-0.165586471557617,,-0.169336318969727,-0.159102439880371,-0.154570579528809,-0.17066478729248,-0.148945808410645,,,,-0.146758079528809,,,-0.161289215087891,,,,,-0.0619144439697266,-0.164961814880371,-0.0955085754394531,-0.172226905822754,
13410,-0.159961700439453,-0.165586471557617,,-0.169258117675781,-0.159102439880371,-0.154570579528809,-0.170742988586426,-0.148945808410645,,,,-0.146679878234863,,,-0.161211967468262,,,,,-0.0619144439697266,-0.164883613586426,-0.0955085754394531,-0.172226905822754,
13420,-0.159883499145508,-0.165586471557617,,-0.169258117675781,-0.159102439880371,-0.154570579528809,-0.170742988586426,-0.148945808410645,,,,-0.146679878234863,,,-0.161211967468262,,,,,-0.0619926452636719,-0.16480541229248,-0.0955085754394531,-0.172148704528809,
13430,-0.159883499145508,-0.165508270263672,,-0.169258117675781,-0.159102439880371,-0.154570579528809,-0.170742988586426,-0.148945808410645,,,,-0.146679878234863,,,-0.161133766174316,,,,,-0.0619926452636719,-0.164727210998535,-0.0955085754394531,-0.172148704528809,
13440,-0.159805297851562,-0.165508270263672,,-0.169258117675781,-0.159024238586426,-0.154492378234863,-0.170742988586426,-0.148945808410645,,,,-0.146601676940918,,,-0.161133766174316,,,,,-0.0620708465576172,-0.164727210998535,-0.0955085754394531,-0.172148704528809,
13450,-0.159727096557617,-0.165508270263672,,-0.169179916381836,-0.159024238586426,-0.154492378234863,-0.170742988586426,-0.148945808410645,,,,-0.146601676940918,,,-0.161133766174316,,,,,-0.0620708465576172,-0.16464900970459,-0.0955085754394531,-0.172148704528809,
13460,-0.159648895263672,-0.165508270263672,,-0.169179916381836,-0.159024238586426,-0.154492378234863,-0.170742988586426,-0.148945808410645,,,,-0.146601676940918,,,-0.161055564880371,,,,,-0.0621490478515625,-0.164570808410645,-0.0955085754394531,-0.172148704528809,
13470,-0.159570693969727,-0.165508270263672,,-0.169179916381836,-0.15894603729248,-0.154492378234863,-0.170742988586426,-0.148945808410645,,,,-0.146524429321289,,,-0.161055564880371,,,,,-0.0621490478515625,-0.164492607116699,-0.095585823059082,-0.172070503234863,
13480,-0.159492492675781,-0.165508270263672,,-0.169179916381836,-0.15894603729248,-0.154492378234863,-0.170742988586426,-0.148945808410645,,,,-0.146524429321289,,,-0.160977363586426,,,,,-0.0622262954711914,-0.164414405822754,-0.095585823059082,-0.172070503234863,
13490,-0.159414291381836,-0.165508270263672,,-0.169179916381836,-0.15894603729248,-0.154492378234863,-0.170821189880371,-0.148945808410645,,,,-0.146446228027344,,,-0.160977363586426,,,,,-0.0623044967651367,-0.164414405822754,-0.095585823059082,-0.172070503234863,
13500,-0.159336090087891,-0.165430068969727,,-0.169101715087891,-0.15894603729248,-0.154492378234863,-0.170821189880371,-0.148945808410645,,,,-0.146446228027344,,,-0.160977363586426,,,,,-0.0623044967651367,-0.164336204528809,-0.095585823059082,-0.172070503234863,
13510,-0.159336090087891,-0.165430068969727,,-0.169101715087891,-0.158867835998535,-0.154492378234863,-0.170821189880371,-0.148945808410645,,,,-0.146446228027344,,,-0.16089916229248,,,,,-0.062382698059082,-0.164258003234863,-0.095585823059082,-0.172070503234863,
13520,-0.159258842468262,-0.165430068969727,,-0.169101715087891,-0.158867835998535,-0.154492378234863,-0.170821189880371,-0.148945808410645,,,,-0.146368026733398,,,-0.16089916229248,,,,,-0.062382698059082,-0.164179801940918,-0.095585823059082,-0.171993255615234,
13530,-0.159180641174316,-0.165430068969727,,-0.169101715087891,-0.158867835998535,-0.154492378234863,-0.170821189880371,-0.148945808410645,,,,-0.146368026733398,,,-0.16089916229248,,,,,-0.0624608993530273,-0.164179801940918,-0.095585823059082,-0.171993255615234,
13540,-0.159102439880371,-0.165430068969727,,-0.169101715087891,-0.15878963470459,-0.154492378234863,-0.170821189880371,-0.148945808410645,,,,-0.146368026733398,,,-0.16089916229248,,,,,-0.0624608993530273,-0.164102554321289,-0.095585823059082,-0.171993255615234,
13550,-0.159024238586426,-0.165430068969727,,-0.169024467468262,-0.15878963470459,-0.154492378234863,-0.170821189880371,-0.148945808410645,,,,-0.146368026733398,,,-0.160820960998535,,,,,-0.0625391006469727,-0.164024353027344,-0.095585823059082,-0.171993255615234,
13560,-0.15894603729248,-0.165430068969727,,-0.169024467468262,-0.15878963470459,-0.154492378234863,-0.170821189880371,-0.148945808410645,,,,-0.146289825439453,,,-0.160820960998535,,,,,-0.062617301940918,-0.164024353027344,-0.095585823059082,-0.171915054321289,
13570,-0.15894603729248,-0.165430068969727,,-0.169024467468262,-0.158711433410645,-0.154492378234863,-0.170821189880371,-0.148945808410645,,,,-0.146289825439453,,,-0.160820960998535,,,,,-0.062617301940918,-0.163946151733398,-0.095585823059082,-0.171915054321289,
13580,-0.158867835998535,-0.165351867675781,,-0.169024467468262,-0.158711433410645,-0.154492378234863,-0.170821189880371,-0.148945808410645,,,,-0.146289825439453,,,-0.16074275970459,,,,,-0.0626955032348633,-0.163867950439453,-0.095585823059082,-0.171915054321289,
13590,-0.15878963470459,-0.165351867675781,,-0.169024467468262,-0.158711433410645,-0.154492378234863,-0.170821189880371,-0.148945808410645,,,,-0.146289825439453,,,-0.16074275970459,,,,,-0.0626955032348633,-0.163867950439453,-0.095585823059082,-0.171915054321289,
13600,-0.158711433410645,-0.165351867675781,,-0.169024467468262,-0.158633232116699,-0.154492378234863,-0.170821189880371,-0.148945808410645,,,,-0.146211624145508,,,-0.16074275970459,,,,,-0.0627737045288086,-0.163789749145508,-0.095585823059082,-0.171915054321289,
13610,-0.158711433410645,-0.165351867675781,,-0.168946266174316,-0.158633232116699,-0.154570579528809,-0.170821189880371,-0.148945808410645,,,,-0.146211624145508,,,-0.16074275970459,,,,,-0.0627737045288086,-0.163711547851562,-0.095585823059082,-0.171836853027344,
13620,-0.158633232116699,-0.165351867675781,,-0.168946266174316,-0.158633232116699,-0.154570579528809,-0.170821189880371,-0.148945808410645,,,,-0.146211624145508,,,-0.160664558410645,,,,,-0.0628519058227539,-0.163711547851562,-0.0956640243530273,-0.171836853027344,
13630,-0.158555030822754,-0.165351867675781,,-0.168946266174316,-0.158633232116699,-0.154570579528809,-0.170899391174316,-0.148945808410645,,,,-0.146133422851562,,,-0.160664558410645,,,,,-0.0629301071166992,-0.163633346557617,-0.0956640243530273,-0.171836853027344,
13640,-0.158555030822754,-0.165351867675781,,-0.168946266174316,-0.158555030822754,-0.154570579528809,-0.170899391174316,-0.148945808410645,,,,-0.146133422851562,,,-0.160664558410645,,,,,-0.0629301071166992,-0.163555145263672,-0.0956640243530273,-0.171836853027344,
13650,-0.158476829528809,-0.165351867675781,,-0.168946266174316,-0.158555030822754,-0.154570579528809,-0.170899391174316,-0.148867607116699,,,,-0.146133422851562,,,-0.160664558410645,,,,,-0.0630083084106445,-0.163476943969727,-0.0956640243530273,-0.171836853027344,
13660,-0.158398628234863,-0.165351867675781,,-0.168946266174316,-0.158555030822754,-0.154570579528809,-0.170899391174316,-0.148867607116699,,,,-0.146133422851562,,,-0.160586357116699,,,,,-0.0630083084106445,-0.163476943969727,-0.0956640243530273,-0.171758651733398,
13670,-0.158398628234863,-0.165351867675781,,-0.168946266174316,-0.158476829528809,-0.154648780822754,-0.170899391174316,-0.148867607116699,,,,-0.146055221557617,,,-0.160586357116699,,,,,-0.0630865097045898,-0.163398742675781,-0.0956640243530273,-0.171758651733398,
13680,-0.158320426940918,-0.165273666381836,,-0.168868064880371,-0.158476829528809,-0.154648780822754,-0.170899391174316,-0.148867607116699,,,,-0.146055221557617,,,-0.160586357116699,,,,,-0.0630865097045898,-0.163320541381836,-0.0956640243530273,-0.171758651733398,
13690,-0.158243179321289,-0.165273666381836,,-0.168868064880371,-0.158476829528809,-0.154648780822754,-0.170899391174316,-0.148867607116699,,,,-0.146055221557617,,,-0.160508155822754,,,,,-0.0631647109985352,-0.163320541381836,-0.0956640243530273,-0.171758651733398,
13700,-0.158243179321289,-0.165273666381836,,-0.168868064880371,-0.158398628234863,-0.154648780822754,-0.170899391174316,-0.148867607116699,,,,-0.146055221557617,,,-0.160508155822754,,,,,-0.0631647109985352,-0.163242340087891,-0.0956640243530273,-0.171680450439453,
13710,-0.158164978027344,-0.165273666381836,,-0.168868064880371,-0.158398628234863,-0.154648780822754,-0.170899391174316,-0.148789405822754,,,,-0.145977020263672,,,-0.160508155822754,,,,,-0.0632419586181641,-0.163242340087891,-0.0956640243530273,-0.171680450439453,
13720,-0.158164978027344,-0.165273666381836,,-0.168868064880371,-0.158398628234863,-0.154726982116699,-0.170899391174316,-0.148789405822754,,,,-0.145977020263672,,,-0.160508155822754,,,,,-0.0632419586181641,-0.163165092468262,-0.0956640243530273,-0.171680450439453,
13730,-0.158086776733398,-0.165273666381836,,-0.168868064880371,-0.158398628234863,-0.154726982116699,-0.170899391174316,-0.148789405822754,,,,-0.145977020263672,,,-0.160429954528809,,,,,-0.0633201599121094,-0.163086891174316,-0.0956640243530273,-0.171680450439453,
13740,-0.158008575439453,-0.165273666381836,,-0.168868064880371,-0.158320426940918,-0.154726982116699,-0.170899391174316,-0.148789405822754,,,,-0.145977020263672,,,-0.160429954528809,,,,,-0.0633201599121094,-0.163086891174316,-0.0956640243530273,-0.171680450439453,
13750,-0.158008575439453,-0.165273666381836,,-0.168868064880371,-0.158320426940918,-0.154805183410645,-0.170899391174316,-0.148789405822754,,,,-0.145977020263672,,,-0.160429954528809,,,,,-0.0633983612060547,-0.163008689880371,-0.0956640243530273,-0.171602249145508,
13760,-0.157930374145508,-0.165273666381836,,-0.168868064880371,-0.158320426940918,-0.154805183410645,-0.170899391174316,-0.148789405822754,,,,-0.145977020263672,,,-0.160429954528809,,,,,-0.0634765625,-0.163008689880371,-0.0956640243530273,-0.171602249145508,
13770,-0.157930374145508,-0.165273666381836,,-0.168868064880371,-0.158320426940918,-0.154805183410645,-0.170899391174316,-0.148789405822754,,,,-0.145898818969727,,,-0.160351753234863,,,,,-0.0634765625,-0.162930488586426,-0.0956640243530273,-0.171602249145508,
13780,-0.157852172851562,-0.165273666381836,,-0.168868064880371,-0.158243179321289,-0.154805183410645,-0.170899391174316,-0.148711204528809,,,,-0.145898818969727,,,-0.160351753234863,,,,,-0.0635547637939453,-0.16285228729248,-0.0956640243530273,-0.171602249145508,
13790,-0.157773971557617,-0.165195465087891,,-0.168868064880371,-0.158243179321289,-0.154805183410645,-0.170899391174316,-0.148711204528809,,,,-0.145898818969727,,,-0.160351753234863,,,,,-0.0635547637939453,-0.16285228729248,-0.0956640243530273,-0.171602249145508,
13800,-0.157773971557617,-0.165195465087891,,-0.168789863586426,-0.158243179321289,-0.15488338470459,-0.170899391174316,-0.148711204528809,,,,-0.145898818969727,,,-0.160273551940918,,,,,-0.0636329650878906,-0.162774085998535,-0.0956640243530273,-0.171524047851562,
13810,-0.157695770263672,-0.165195465087891,,-0.168789863586426,-0.158243179321289,-0.15488338470459,-0.170899391174316,-0.148711204528809,,,,-0.145898818969727,,,-0.160273551940918,,,,,-0.0636329650878906,-0.162774085998535,-0.0957422256469727,-0.171524047851562,
13820,-0.157695770263672,-0.165195465087891,,-0.168789863586426,-0.158164978027344,-0.15488338470459,-0.170899391174316,-0.148711204528809,,,,-0.145820617675781,,,-0.160273551940918,,,,,-0.0637111663818359,-0.16269588470459,-0.0957422256469727,-0.171524047851562,
13830,-0.157617568969727,-0.165195465087891,,-0.168789863586426,-0.158164978027344,-0.15488338470459,-0.170899391174316,-0.148633003234863,,,,-0.145820617675781,,,-0.160273551940918,,,,,-0.0637111663818359,-0.16269588470459,-0.0957422256469727,-0.171524047851562,
13840,-0.157617568969727,-0.165195465087891,,-0.168789863586426,-0.158164978027344,-0.154961585998535,-0.170899391174316,-0.148633003234863,,,,-0.145820617675781,,,-0.160196304321289,,,,,-0.0637893676757812,-0.162617683410645,-0.0957422256469727,-0.171524047851562,
13850,-0.157539367675781,-0.165195465087891,,-0.168789863586426,-0.158164978027344,-0.154961585998535,-0.170899391174316,-0.148633003234863,,,,-0.145820617675781,,,-0.160196304321289,,,,,-0.0637893676757812,-0.162617683410645,-0.0957422256469727,-0.171524047851562,
13860,-0.157539367675781,-0.165195465087891,,-0.168789863586426,-0.158164978027344,-0.154961585998535,-0.170899391174316,-0.148633003234863,,,,-0.145820617675781,,,-0.160196304321289,,,,,-0.0638675689697266,-0.162539482116699,-0.0957422256469727,-0.171445846557617,
13870,-0.157461166381836,-0.165195465087891,,-0.168789863586426,-0.158086776733398,-0.154961585998535,-0.170899391174316,-0.148554801940918,,,,-0.145820617675781,,,-0.160196304321289,,,,,-0.0638675689697266,-0.162539482116699,-0.0957422256469727,-0.171445846557617,
13880,-0.157461166381836,-0.165195465087891,,-0.168789863586426,-0.158086776733398,-0.15503978729248,-0.170899391174316,-0.148554801940918,,,,-0.145742416381836,,,-0.160118103027344,,,,,-0.0639457702636719,-0.162461280822754,-0.0957422256469727,-0.171445846557617,
13890,-0.157382965087891,-0.165195465087891,,-0.168789863586426,-0.158086776733398,-0.15503978729248,-0.170899391174316,-0.148554801940918,,,,-0.145742416381836,,,-0.160118103027344,,,,,-0.0639457702636719,-0.162461280822754,-0.0957422256469727,-0.171445846557617,
13900,-0.157305717468262,-0.165195465087891,,-0.168789863586426,-0.158086776733398,-0.15503978729248,-0.170899391174316,-0.148554801940918,,,,-0.145742416381836,,,-0.160118103027344,,,,,-0.0640239715576172,-0.162383079528809,-0.0957422256469727,-0.171445846557617,
13910,-0.157305717468262,-0.165118217468262,,-0.168789863586426,-0.158008575439453,-0.15503978729248,-0.170899391174316,-0.148554801940918,,,,-0.145742416381836,,,-0.160039901733398,,,,,-0.0640239715576172,-0.162383079528809,-0.0957422256469727,-0.171367645263672,
13920,-0.157227516174316,-0.165118217468262,,-0.168789863586426,-0.158008575439453,-0.15503978729248,-0.170899391174316,-0.148554801940918,,,,-0.145742416381836,,,-0.160039901733398,,,,,-0.0641021728515625,-0.162383079528809,-0.0957422256469727,-0.171367645263672,
13930,-0.157227516174316,-0.165118217468262,,-0.168789863586426,-0.158008575439453,-0.155117988586426,-0.170899391174316,-0.148477554321289,,,,-0.145742416381836,,,-0.160039901733398,,,,,-0.0641021728515625,-0.162304878234863,-0.0957422256469727,-0.171367645263672,
13940,-0.157149314880371,-0.165118217468262,,-0.16871166229248,-0.158008575439453,-0.155117988586426,-0.170899391174316,-0.148477554321289,,,,-0.145664215087891,,,-0.160039901733398,,,,,-0.0641794204711914,-0.162304878234863,-0.0957422256469727,-0.171367645263672,
13950,-0.157149314880371,-0.165118217468262,,-0.16871166229248,-0.158008575439453,-0.155117988586426,-0.170899391174316,-0.148477554321289,,,,-0.145664215087891,,,-0.159961700439453,,,,,-0.0641794204711914,-0.162226676940918,-0.0957422256469727,-0.171289443969727,
13960,-0.157071113586426,-0.165118217468262,,-0.16871166229248,-0.157930374145508,-0.155117988586426,-0.170899391174316,-0.148477554321289,,,,-0.145664215087891,,,-0.159961700439453,,,,,-0.0642576217651367,-0.162226676940918,-0.095820426940918,-0.171289443969727,
13970,-0.157071113586426,-0.165118217468262,,-0.16871166229248,-0.157930374145508,-0.155117988586426,-0.170899391174316,-0.148477554321289,,,,-0.145664215087891,,,-0.159961700439453,,,,,-0.0642576217651367,-0.162226676940918,-0.0957422256469727,-0.171289443969727,
13980,-0.157071113586426,-0.165118217468262,,-0.16871166229248,-0.157930374145508,-0.155117988586426,-0.170899391174316,-0.148399353027344,,,,-0.145664215087891,,,-0.159883499145508,,,,,-0.064335823059082,-0.162149429321289,-0.095820426940918,-0.171289443969727,
13990,-0.15699291229248,-0.165118217468262,,-0.16871166229248,-0.157930374145508,-0.155117988586426,-0.170899391174316,-0.148399353027344,,,,-0.145664215087891,,,-0.159883499145508,,,,,-0.064335823059082,-0.162149429321289,-0.095820426940918,-0.171289443969727,
14000,-0.15699291229248,-0.165118217468262,,-0.16871166229248,-0.157930374145508,-0.155117988586426,-0.170899391174316,-0.148399353027344,,,,-0.145586013793945,,,-0.159883499145508,,,,,-0.0644140243530273,-0.162149429321289,-0.095820426940918,-0.171289443969727,
14010,-0.156914710998535,-0.165118217468262,,-0.16871166229248,-0.157930374145508,-0.155196189880371,-0.170899391174316,-0.148399353027344,,,,-0.145586013793945,,,-0.159883499145508,,,,,-0.0644140243530273,-0.162071228027344,-0.095820426940918,-0.171211242675781,
14020,-0.156914710998535,-0.165118217468262,,-0.16871166229248,-0.157852172851562,-0.155196189880371,-0.170899391174316,-0.148399353027344,,,,-0.145586013793945,,,-0.159805297851562,,,,,-0.0644922256469727,-0.162071228027344,-0.095820426940918,-0.171211242675781,
14030,-0.15683650970459,-0.165040016174316,,-0.16871166229248,-0.157852172851562,-0.155196189880371,-0.170899391174316,-0.148399353027344,,,,-0.145586013793945,,,-0.159805297851562,,,,,-0.0644922256469727,-0.162071228027344,-0.095820426940918,-0.171211242675781,
14040,-0.15683650970459,-0.165040016174316,,-0.16871166229248,-0.157852172851562,-0.155196189880371,-0.170899391174316,-0.148399353027344,,,,-0.145586013793945,,,-0.159805297851562,,,,,-0.064570426940918,-0.162071228027344,-0.095820426940918,-0.171211242675781,
14050,-0.15683650970459,-0.165040016174316,,-0.16871166229248,-0.157852172851562,-0.155196189880371,-0.170899391174316,-0.148321151733398,,,,-0.145586013793945,,,-0.159805297851562,,,,,-0.064570426940918,-0.161993026733398,-0.095820426940918,-0.171211242675781,
14060,-0.156758308410645,-0.165040016174316,,-0.16871166229248,-0.157852172851562,-0.155196189880371,-0.170899391174316,-0.148321151733398,,,,-0.145586013793945,,,-0.159805297851562,,,,,-0.0646486282348633,-0.161993026733398,-0.095820426940918,-0.171133041381836,
14070,-0.156758308410645,-0.165040016174316,,-0.16871166229248,-0.157852172851562,-0.155196189880371,-0.170899391174316,-0.148321151733398,,,,-0.145586013793945,,,-0.159727096557617,,,,,-0.0646486282348633,-0.161993026733398,-0.095820426940918,-0.171133041381836,
14080,-0.156680107116699,-0.165040016174316,,-0.16871166229248,-0.157773971557617,-0.155196189880371,-0.170821189880371,-0.148321151733398,,,,-0.145508766174316,,,-0.159727096557617,,,,,-0.0647268295288086,-0.161914825439453,-0.095820426940918,-0.171133041381836,
14090,-0.156680107116699,-0.165040016174316,,-0.16871166229248,-0.157773971557617,-0.155196189880371,-0.170899391174316,-0.148321151733398,,,,-0.145508766174316,,,-0.159727096557617,,,,,-0.0647268295288086,-0.161914825439453,-0.0958986282348633,-0.171133041381836,
14100,-0.156367301940918,-0.164961814880371,,-0.16871166229248,-0.157695770263672,-0.155196189880371,-0.170821189880371,-0.148242950439453,,,,-0.145430564880371,,,-0.159258842468262,,,,,-0.0651178359985352,-0.161680221557617,-0.0959768295288086,-0.170977592468262,
