t_s,R75,R77,R78,R80,R81,R83,R92,R98,R100,R102,R105,R114,R117,R120,R121,R122,R124,R125,R126,R127,R128,R129
0.0,-0.0185770224779844,-0.0433380529284477,-0.0181184280663729,,0.003085555974394,-0.0274653378874063,-0.0160246659070253,0.0105691812932491,0.0065261935815215,,,-0.0524630881845951,-0.0144535731524229,,0.0335778594017029,,,,,,,
10.0,-0.0168164260685444,-0.0419025421142578,-0.0168242454528809,,0.001800823258236,-0.0277462005615234,-0.0098789213225245,0.0116992956027389,0.0061211585998535,,,-0.0542385093867779,-0.0146758081391454,,0.0332227721810341,,,,,,,
20.0,-0.015629006549716,-0.0404025092720985,-0.015683650970459,,0.0006914138793945,-0.0277070999145508,-0.0053554535843431,0.0128164291381836,0.0056914328597486,,,-0.0535119064152241,-0.0148789407685399,,0.0328868888318539,,,,,,,
30.0,-0.0147851947695017,-0.0392774604260921,-0.0149180414155126,,-8.98361249710433e-05,-0.0274806022644043,-0.0020664215553551,0.0137461666017771,0.0053164483979344,,,-0.0563634894788265,-0.0150039670988917,,0.0325665473937988,,,,,,,
40.0,-0.014128970913589,-0.0389102958142757,-0.0143867498263717,,-0.0007382393232546,-0.0271524433046579,0.0005507469177246,0.0144571308046579,0.0049961092881858,,,-0.0561135299503803,-0.0150820733979344,,0.0322462096810341,,,,,,,
50.0,-0.0136211393401027,-0.0388400070369244,-0.0140039445832372,,-0.0013398170704022,-0.0267539974302053,0.0025429725646972,0.0150196077302098,0.0047305109910666,,,-0.0544416420161724,-0.0150586133822799,,0.0320118926465511,,,,,,,
60.0,-0.0132461553439498,-0.0388634689152241,-0.0137851713225245,,-0.0017930030589923,-0.0263320934027433,0.004105472471565,0.0155352596193552,0.0044726370833814,,,-0.052886962890625,-0.0149961477145553,,0.031855583190918,,,,,,,
70.0,-0.0129492757841945,-0.0388711951673031,-0.0136054996401072,,-0.0021914483513683,-0.0259336475282907,0.0056836130097508,0.0159414298832417,0.004105472471565,,,-0.0514025688171387,-0.014894581399858,,0.0317305587232113,,,,,,,
80.0,-0.0128477094694972,-0.0389962196350098,-0.0134882926940918,,-0.0025742531288415,-0.025605583563447,0.007011794950813,0.0162071231752634,0.0038398744072765,,,-0.0501056686043739,-0.0147227291017771,,0.0316368117928505,,,,,,,
90.0,-0.0127774244174361,-0.0390665046870708,-0.0134101873263717,,-0.0030117034912109,-0.0253555309027433,0.0084805488586425,0.0164570808410645,0.0036758424248546,,,-0.0489103309810162,-0.0145352361723781,,0.0315587036311626,,,,,,,
100.0,-0.0126445768401027,-0.0390196815133095,-0.0133555410429835,,-0.0031523704528808,-0.0250821113586426,0.0097695356234908,0.0166758541017771,0.0035586357116699,,,-0.0479024909436703,-0.0143242841586471,,0.0314493179321289,,,,,,,
110.0,-0.0125195505097508,-0.038902472704649,-0.0133086210116744,,-0.0033788681030273,-0.024808693677187,0.0108554838225245,0.0168711673468351,0.003496074816212,,,-0.0472931861877441,-0.0140742305666208,,0.031433679163456,,,,,,,
120.0,-0.0124414442107081,-0.0388321876525879,-0.0132696153596044,,-0.0035429955460131,-0.0245586391538382,0.0118555072695017,0.0170273780822754,0.0034336091484874,,,-0.0468556396663189,-0.0138164525851607,,0.031410314142704,,,,,,,
130.0,-0.0123711591586471,-0.0387540832161903,-0.0132383350282907,,-0.0036835670471191,-0.024293040856719,0.0127696041017771,0.0171680450439453,0.0033711434807628,,,-0.0460509322583675,-0.0135273933410645,,0.031410314142704,,,,,,,
140.0,-0.0123164178803563,-0.0386368744075298,-0.0132148740813136,,-0.003777313278988,-0.0240274425595999,0.0135039333254099,0.0173164363950491,0.0033164024353027,,,-0.0457306876778603,-0.0132226943969727,,0.0314493179321289,,,,,,,
150.0,-0.0122774122282863,-0.0385431312024593,-0.0132148740813136,,-0.0038398744072765,-0.0237462054938078,0.0142227178439498,0.0174180027097464,0.0032539367675781,,,-0.0451369285583496,-0.0129023557528853,,0.0314571373164654,,,,,,,
160.0,-0.012363338842988,-0.0385665893554688,-0.0132461553439498,,-0.0039726258255541,-0.023496150970459,0.0148789407685399,0.0174414645880461,0.0031913758721202,,,-0.0443009398877621,-0.0125821111723781,,0.0314414985477924,,,,,,,
170.0,-0.0123476982116699,-0.0385509505867958,-0.0132774356752634,,-0.0040741921402514,-0.0232461933046579,0.0155508043244481,0.0175273902714252,0.0031054497230798,,,-0.0436056144535542,-0.0122383115813136,,0.0314493179321289,,,,,,,
180.0,-0.0123398778960109,-0.0385274887084961,-0.0133164403960109,,-0.0040898323059082,-0.0229649543762207,0.016089916229248,0.0175743103027344,0.0031758309341967,,,-0.0430118553340435,-0.0118946079164743,,0.0314571373164654,,,,,,,
190.0,-0.0123398778960109,-0.038480568677187,-0.0133711816743016,,-0.004105472471565,-0.022699261084199,0.0165899284183979,0.0176133159548044,0.0031289102043956,,,-0.0424415580928326,-0.0115273473784328,,0.031433679163456,,,,,,,
200.0,-0.0123398778960109,-0.0384415648877621,-0.0134258270263672,,-0.0040976526215672,-0.0223946571350098,0.0170742999762297,0.017636775970459,0.003066444536671,,,-0.0419493690133095,-0.0111523633822799,,0.0314258597791195,,,,,,,
210.0,-0.0123398778960109,-0.0384259223937988,-0.0134727479889989,,-0.0040820124559104,-0.0221055038273335,0.0175273902714252,0.0177227016538382,0.0030038834083825,,,-0.0414258949458599,-0.0107851987704635,,0.031410314142704,,,,,,,
220.0,-0.0123476982116699,-0.0383946411311626,-0.0135352136567235,,-0.0040508271194994,-0.0218164455145597,0.0179336555302143,0.0177539829164743,0.002917957259342,,,-0.0409025214612484,-0.010410213842988,,0.0313946716487408,,,,,,,
230.0,-0.0123789785429835,-0.0384102836251259,-0.0136211393401027,,-0.0040039061568677,-0.021543025970459,0.0183320995420218,0.0178086291998625,0.0028163909446448,,,-0.0404025092720985,-0.0100430492311716,,0.0313633941113949,,,,,,,
240.0,-0.0123867988586426,-0.0384102836251259,-0.0136914253234863,,-0.0039492608048021,-0.0212617870420218,0.0186680797487497,0.017832089215517,0.0027070045471191,,,-0.0397696495056152,-0.0096679693087935,,0.0313555710017681,,,,,,,
250.0,-0.0124570848420262,-0.0384415648877621,-0.0137929916381836,,-0.0039023400750011,-0.0209883693605661,0.0190742500126362,0.0178555492311716,0.0026132583152502,,,-0.0392852798104286,-0.0093008046969771,,0.0313321128487587,,,,,,,
260.0,-0.0125117301940918,-0.0384962074458599,-0.0139023782685399,,-0.0038555145729333,-0.0207305904477835,0.0194180496037006,0.0178633686155081,0.0025038719177246,,,-0.0389572158455849,-0.0089258197695016,,0.0313009284436703,,,,,,,
270.0,-0.0125742917880416,-0.0385743156075478,-0.0140039445832372,,-0.0038085938431322,-0.0204883571714163,0.0197383891791105,0.0178555492311716,0.0023867606651037,,,-0.0388478301465511,-0.0085586551576852,,0.0312931053340435,,,,,,,
280.0,-0.0126445768401027,-0.0386055968701839,-0.0141211515292525,,-0.0037695884238928,-0.0202461238950491,0.0200586318969727,0.0178477298468351,0.0022851943504065,,,-0.0385587699711323,-0.0081913946196436,,0.0312931053340435,,,,,,,
290.0,-0.0126992231234908,-0.0386525169014931,-0.0142383575439453,,-0.0036913871299475,-0.0200196262449026,0.0204024314880371,0.0178477298468351,0.0022070885170251,,,-0.0381055846810341,-0.0078398706391453,,0.0313009284436703,,,,,,,
300.0,-0.012753963470459,-0.0386993400752544,-0.0143711091950536,,-0.0036211013793945,-0.0197930335998535,0.020746136084199,0.0178633686155081,0.0020977021194994,,,-0.0376837737858295,-0.0075038908980786,,0.0313243865966797,,,,,,,
310.0,-0.012792969122529,-0.0387306213378906,-0.0144961355254054,,-0.0035429955460131,-0.0195664409548044,0.0210586544126272,0.0178711898624897,0.0020117759704589,,,-0.0372618697583675,-0.0071680070832371,,0.0313399322330952,,,,,,,
320.0,-0.0128398900851607,-0.0387540832161903,-0.0146289831027389,,-0.0034727097954601,-0.0193399433046579,0.021332073956728,0.0178633686155081,0.0019023895729333,,,-0.0367149375379086,-0.0068476679734885,,0.0313477516174316,,,,,,,
330.0,-0.0128711704164743,-0.0387852676212788,-0.0147617338225245,,-0.0033788681030273,-0.0191289912909269,0.0214258190244436,0.0178399085998535,0.0017930030589923,,,-0.0363009460270405,-0.0065351487137377,,0.0313477516174316,,,,,,,
340.0,-0.0129258157685399,-0.0388321876525879,-0.014894581399858,,-0.0033085823524743,-0.0189102180302143,0.0216367729008198,0.017832089215517,0.0016836166614666,,,-0.0358946807682514,-0.0062304497696459,,0.0313243865966797,,,,,,,
350.0,-0.0130430227145553,-0.0389337539672852,-0.0150507930666208,,-0.0032695771660655,-0.0187149047851563,0.0219962131232023,0.0178008079528809,0.0015507697826251,,,-0.0356602668762207,-0.0059413909912109,,0.0313087478280067,,,,,,,
360.0,-0.01318359375,-0.0390587821602821,-0.0152070997282863,,-0.0032382966019213,-0.0185352321714163,0.0225117690861225,0.0177539829164743,0.0014570236671716,,,-0.0354493148624897,-0.0056523322127759,,0.0312931053340435,,,,,,,
370.0,-0.0132305147126317,-0.0391056053340435,-0.0153554920107126,,-0.0031680108513683,-0.0183633808046579,0.0229336749762297,0.0177305229008198,0.0013554573524743,,,-0.0350899696350098,-0.00537109375,,0.0312931053340435,,,,,,,
380.0,-0.0132461553439498,-0.0391368865966797,-0.0155117986723781,,-0.003066444536671,-0.0181602481752634,0.0234180446714163,0.0177070628851652,0.001253891037777,,,-0.0348633788526058,-0.0050976756028831,,0.0312931053340435,,,,,,,
390.0,-0.0133164403960109,-0.0391758941113949,-0.0156523715704679,,-0.0029570579063147,-0.017972756177187,0.0238008499145508,0.0176993366330862,0.0011289597023278,,,-0.0346134193241596,-0.0048477174714207,,0.0313009284436703,,,,,,,
400.0,-0.0133633613586426,-0.039222814142704,-0.0158008579164743,,-0.0028867721557617,-0.0177852641791105,0.0241992957890034,0.0176758766174316,0.0010117531055584,,,-0.0342930816113949,-0.0046054841950535,,0.0313165672123432,,,,,,,
410.0,-0.0134180067107081,-0.0392462722957134,-0.0159492492675781,,-0.0028163909446448,-0.0175899509340525,0.0245587360113859,0.0176758766174316,0.0009023666498251,,,-0.0341212265193462,-0.0043788910843431,,0.0313165672123432,,,,,,,
420.0,-0.0135195730254054,-0.0393243804574013,-0.0161055568605661,,-0.0027461051940918,-0.0174180027097464,0.0248556137084961,0.0176524166017771,0.0007851600530557,,,-0.0339337363839149,-0.0041445731185376,,0.0313165672123432,,,,,,,
430.0,-0.0135743143036962,-0.0393556617200375,-0.0162539482116699,,-0.0026758194435387,-0.0172383319586515,0.025269603356719,0.0176524166017771,0.000667953514494,,,-0.0337149612605572,-0.0039336206391453,,0.0313321128487587,,,,,,,
440.0,-0.0136054996401072,-0.0393712036311626,-0.0164179801940918,,-0.0025898932944983,-0.017066478729248,0.0255899429321289,0.017636775970459,0.0005352020380087,,,-0.0335431098937988,-0.0037304877769202,,0.0313243865966797,,,,,,,
450.0,-0.0136367799714208,-0.0393868461251259,-0.0165664684027433,,-0.002488326979801,-0.0168946273624897,0.0259102825075388,0.017636775970459,0.000402355188271,,,-0.0333789847791195,-0.0035351754631847,,0.0313321128487587,,,,,,,
460.0,-0.0136757856234908,-0.0394103042781353,-0.0167148597538471,,-0.0023945809807628,-0.0167148597538471,0.0261837001889944,0.0176289565861225,0.0002773285086732,,,-0.0332930572330952,-0.0033398629166185,,0.0313399322330952,,,,,,,
470.0,-0.0136992456391454,-0.0394103042781353,-0.0168633460998535,,-0.0023163796868175,-0.0165430065244436,0.0264649391174316,0.0176211353391409,0.0001679420529399,,,-0.0331055633723736,-0.0031601905357092,,0.0313477516174316,,,,,,,
480.0,-0.0137461666017771,-0.0394103042781353,-0.0170273780822754,,-0.0022226334549486,-0.0163633357733488,0.0267461780458689,0.0176133159548044,5.85556044825353e-05,,,-0.0328868888318539,-0.0029960633255541,,0.0313477516174316,,,,,,,
490.0,-0.0138008119538426,-0.0394259467720985,-0.0171680450439453,,-0.0021445273887366,-0.0161993037909269,0.0270118713378906,0.0176054965704679,-4.30107138527092e-05,,,-0.032832145690918,-0.0028320313431322,,0.0313555710017681,,,,,,,
500.0,-0.0138399126008153,-0.0394259467720985,-0.0173242576420307,,-0.0020586014725267,-0.0160429961979389,0.0273086559027433,0.0175977703183889,-0.0001444816589355,,,-0.0327462218701839,-0.0026601792778819,,0.0313633941113949,,,,,,,
510.0,-0.0139023782685399,-0.0394415855407715,-0.0174649246037006,,-0.0019726753234863,-0.0158867835998535,0.0275821685791016,0.0175977703183889,-0.0002460479736328,,,-0.0326915755867958,-0.002511692000553,,0.0313712134957314,,,,,,,
520.0,-0.0139649389311671,-0.039457131177187,-0.0176211353391409,,-0.0018945693736895,-0.0157461166381836,0.0278399474918842,0.017582131549716,-0.0003397941763978,,,-0.032621193677187,-0.0023554803337901,,0.0313712134957314,,,,,,,
530.0,-0.0140586858615279,-0.0394962318241596,-0.0177696235477924,,-0.0018398285610601,-0.0156055456027389,0.0280743595212698,0.017582131549716,-0.0004258155822753,,,-0.0323712341487408,-0.0022069930564612,,0.0313790328800678,,,,,,,
540.0,-0.014136791229248,-0.0395196937024593,-0.0179180148988962,,-0.0017617226112633,-0.0154883386567235,0.0283086784183979,0.0175743103027344,-0.0005195617559365,,,-0.0324884429574013,-0.0020742416381835,,0.0313790328800678,,,,,,,
550.0,-0.0141992568969727,-0.0395353324711323,-0.0180743224918842,,-0.0016757965786382,-0.0153554920107126,0.0285430904477835,0.0175586696714163,-0.0006054878467693,,,-0.032472800463438,-0.0019335746765136,,0.0313790328800678,,,,,,,
560.0,-0.0142617225646973,-0.0395353324711323,-0.018222713842988,,-0.0015976906288415,-0.0152383809909225,0.0287540443241596,0.0175352096557617,-0.0007148743025027,,,-0.032410241663456,-0.0018163680797442,,0.0313946716487408,,,,,,,
570.0,-0.014308643527329,-0.0395353324711323,-0.0183789264410734,,-0.0015117645962163,-0.015105533413589,0.0289493557065725,0.0175195690244436,-0.0007695198291912,,,-0.0323086753487587,-0.001691436744295,,0.031410314142704,,,,,,,
580.0,-0.0143789295107126,-0.0395431518554688,-0.0185195934027433,,-0.0014179230201989,-0.0149726867675781,0.0291055683046579,0.0175039302557707,-0.0008319854969158,,,-0.0321524627506733,-0.0015742302639409,,0.031433679163456,,,,,,,
590.0,-0.0144414901733398,-0.0395509712398052,-0.0186602603644133,,-0.0013398170704022,-0.0148399351164699,0.0292852409183979,0.0174962040036917,-0.0009023666498251,,,-0.0320352576673031,-0.0014570236671716,,0.0314571373164654,,,,,,,
600.0,-0.0145039558410645,-0.0395899787545204,-0.0188164710998535,,-0.0012695313198491,-0.014714908786118,0.0294024478644133,0.0174805652350187,-0.0009648323175497,,,-0.0319962501525879,-0.0013476371532306,,0.0314727798104286,,,,,,,
610.0,-0.0145820621401072,-0.0396056175231934,-0.0189649593085051,,-0.0011914253700524,-0.0145977018401027,0.0295040141791105,0.0174649246037006,-0.001027298043482,,,-0.0318634025752544,-0.0012382507557049,,0.0314805991947651,,,,,,,
620.0,-0.0146524431183934,-0.0396134369075298,-0.0191211700439453,,-0.0011288643581792,-0.0144726755097508,0.0296680461615324,0.0174492839723825,-0.0010820388561114,,,-0.0317618362605572,-0.001144504523836,,0.031496237963438,,,,,,,
630.0,-0.014707088470459,-0.0396290794014931,-0.0192617420107126,,-0.0010663986904546,-0.0143555644899607,0.0298165325075388,0.0174336433410645,-0.001144504523836,,,-0.0316602699458599,-0.0010351181263104,,0.031496237963438,,,,,,,
640.0,-0.0147695541381836,-0.039644718170166,-0.0194024089723825,,-0.0009804725414142,-0.0142305372282863,0.0299571044743061,0.017402458935976,-0.0011992454528808,,,-0.0315508842468262,-0.0009491920354776,,0.031496237963438,,,,,,,
650.0,-0.0148399351164699,-0.039668083190918,-0.0195508953183889,,-0.0009180069318972,-0.0141133312135935,0.030097771435976,0.0173946376889944,-0.0012695313198491,,,-0.0314493179321289,-0.0008554458618164,,0.0315040610730648,,,,,,,
660.0,-0.0149024007841945,-0.0396915450692177,-0.0196992885321379,,-0.0008398056379519,-0.0139961242675781,0.0302462577819824,0.0173789989203215,-0.0012929916847497,,,-0.0313009284436703,-0.000746059406083,,0.0315040610730648,,,,,,,
670.0,-0.0149570470675826,-0.0396993644535542,-0.0198477748781443,,-0.0007773399702273,-0.0138867376372218,0.0303790103644133,0.0173711776733398,-0.0013398170704022,,,-0.031215000897646,-0.0006444930913858,,0.0315040610730648,,,,,,,
680.0,-0.0150352483615279,-0.0397306457161903,-0.0199883468449116,,-0.0007148743025027,-0.0137773519381881,0.0305040366947651,0.0173477176576853,-0.0013789177173748,,,-0.031128978356719,-0.0005507469177246,,0.0315040610730648,,,,,,,
690.0,-0.0150977140292525,-0.0397462844848633,-0.020136833190918,,-0.0006444930913858,-0.0136680603027344,0.0306212436407804,0.0173320770263672,-0.0014023780822753,,,-0.0310430526733398,-0.0004570007440634,,0.031496237963438,,,,,,,
700.0,-0.0151679990813136,-0.0397852919995785,-0.0202852245420218,,-0.0005898475646972,-0.0135664939880371,0.0307384487241507,0.0173164363950491,-0.0014492034679278,,,-0.0309884082525969,-0.0003710746823344,,0.0314884185791016,,,,,,,
710.0,-0.0152305606752634,-0.0398087501525879,-0.0204414371401072,,-0.0005273818969726,-0.0134649276733398,0.0308477412909269,0.0173086170107126,-0.0013008117675781,,,-0.0309181213378906,-0.0002929687616415,,0.0314884185791016,,,,,,,
720.0,-0.015293026342988,-0.0398322120308876,-0.0205742847174406,,-0.0004570007440634,-0.0133633613586426,0.0309727676212788,0.0172930713742971,-0.0013398170704022,,,-0.0308868419378996,-0.0002070426999125,,0.0314884185791016,,,,,,,
730.0,-0.0153476716950536,-0.039863396435976,-0.0207149516791105,,-0.0003945350763387,-0.0132696153596044,0.031074333935976,0.0172774326056242,-0.0013710976345464,,,-0.0309259425848722,-0.0001289367646677,,0.0314805991947651,,,,,,,
740.0,-0.0154102323576808,-0.039879035204649,-0.0208555217832327,,-0.0003242492675781,-0.0131680490449071,0.0311915408819914,0.0172617919743061,-0.0014023780822753,,,-0.0309571269899607,-5.07354743604083e-05,,0.0314805991947651,,,,,,,
750.0,-0.0154414176940918,-0.0398868583142757,-0.0209961887449026,,-0.000238323220401,-0.0130664827302098,0.0313009284436703,0.0172383319586515,-0.0014413833850994,,,-0.0309571269899607,1.17301942736958e-05,,0.0314727798104286,,,,,,,
760.0,-0.0154883386567235,-0.0399024970829487,-0.0211367607116699,,-0.0001679420529399,-0.0129727367311716,0.0313946716487408,0.0172305107116699,-0.0014883041149005,,,-0.0307618137449026,8.98361249710433e-05,,0.0314727798104286,,,,,,,
770.0,-0.0155429840087891,-0.0399259589612484,-0.0212696082890034,,-0.0001132965116994,-0.0128633501008153,0.031496237963438,0.0172226913273335,-0.0015273094177246,,,-0.0307228099554777,0.0001523017854196,,0.0314649604260921,,,,,,,
780.0,-0.0155977252870798,-0.0399571433663368,-0.0214179996401072,,-6.63757309666835e-05,-0.0127696041017771,0.0315821655094624,0.0171915050595999,-0.0015585899818688,,,-0.0307149887084961,0.0002226829528808,,0.0314571373164654,,,,,,,
790.0,-0.0156445503234863,-0.0399806015193462,-0.0215508472174406,,-3.91006460631615e-06,-0.0126758581027389,0.0316759124398232,0.0171758662909269,-0.0015820503467693,,,-0.0307618137449026,0.0002851486206054,,0.0314571373164654,,,,,,,
800.0,-0.0157071109861135,-0.040004063397646,-0.0216915141791105,,5.85556044825353e-05,-0.0125664714723825,0.0317618362605572,0.0171680450439453,-0.0015976906288415,,,-0.030738353729248,0.0003398895205464,,0.0314493179321289,,,,,,,
810.0,-0.0157617572695017,-0.0400431640446186,-0.0218320842832327,,0.0001054763779393,-0.0124727254733443,0.031839944422245,0.0171524044126272,-0.0016133309109136,,,-0.0307461749762297,0.0003945350763387,,0.0314414985477924,,,,,,,
820.0,-0.0158086773008108,-0.0400665290653706,-0.0219649318605661,,0.0001601219264557,-0.0123867988586426,0.031925868242979,0.0171289443969727,-0.0016366959316656,,,-0.0307071693241596,0.0004570007440634,,0.031433679163456,,,,,,,
830.0,-0.0158555041998625,-0.0400899909436703,-0.0220977794378996,,0.000230503079365,-0.0122930528596044,0.0319962501525879,0.0171211250126362,-0.0016523360973224,,,-0.030738353729248,0.0005117416731081,,0.0314258597791195,,,,,,,
840.0,-0.0159024242311716,-0.0401134490966797,-0.0222305301576853,,0.0002851486206054,-0.012214851565659,0.0320743583142757,0.0170977599918842,-0.0016601562965661,,,-0.0307228099554777,0.0005663871997967,,0.0314181335270405,,,,,,,
850.0,-0.0159492492675781,-0.0401369109749794,-0.0223711971193552,,0.00034761428833,-0.0121211055666208,0.0321368239820004,0.0170899387449026,-0.0016679763793945,,,-0.0307071693241596,0.0006289482116699,,0.0314181335270405,,,,,,,
860.0,-0.0160039905458689,-0.0401759147644043,-0.0224961284548044,,0.0003945350763387,-0.0120351789519191,0.0321993827819824,0.0170586593449116,-0.0016757965786382,,,-0.0307539943605661,0.0006992340204305,,0.031410314142704,,,,,,,
870.0,-0.0160508155822754,-0.0402071960270405,-0.0226367954164743,,0.0004570007440634,-0.0119492532685399,0.032261848449707,0.0170430187135935,-0.0016836166614666,,,-0.0307461749762297,0.0007616996881552,,0.0314024947583675,,,,,,,
880.0,-0.0161055568605661,-0.0402461998164654,-0.0227696429938078,,0.0005039215320721,-0.0118711469694972,0.0322774909436703,0.0170195586979389,-0.001691436744295,,,-0.0307618137449026,0.0008242607000283,,0.0313946716487408,,,,,,,
890.0,-0.0161445625126362,-0.0402618423104286,-0.0229023937135935,,0.0005507469177246,-0.0117930416017771,0.0323009490966797,0.016996193677187,-0.001691436744295,,,-0.0307696349918842,0.0008789062849245,,0.0313790328800678,,,,,,,
900.0,-0.0161836631596088,-0.040285300463438,-0.0230274200439453,,0.0006054878467693,-0.0117071149870753,0.0323399566113949,0.0169727336615324,-0.0016992569435387,,,-0.0308009143918753,0.0009336471557617,,0.0313633941113949,,,,,,,
910.0,-0.0162226688116789,-0.0403009429574013,-0.0231524463742971,,0.0006444930913858,-0.0116367340087891,0.0323946960270405,0.0169492717832327,-0.001714801765047,,,-0.0309181213378906,0.0009804725414142,,0.0313555710017681,,,,,,,
920.0,-0.0162539482116699,-0.0403244011104107,-0.023285198956728,,0.0007148743025027,-0.0115586286410689,0.0324415229260921,0.0169336330145597,-0.0017226219642907,,,-0.0310274120420218,0.0010195731883868,,0.0313477516174316,,,,,,,
930.0,-0.0162930488586426,-0.0403399467468262,-0.0234102252870798,,0.0007773399702273,-0.0114883426576853,0.0324571616947651,0.0169024467468262,-0.0017304420471191,,,-0.0311056133359671,0.0010663986904546,,0.0313399322330952,,,,,,,
940.0,-0.0163242351263762,-0.0403477661311626,-0.0235430728644133,,0.0008398056379519,-0.0114102363586426,0.0324962623417377,0.0168789867311716,-0.0017304420471191,,,-0.0311524402350187,0.0011133194202557,,0.0313243865966797,,,,,,,
950.0,-0.0163633357733488,-0.0403790473937988,-0.0236680991947651,,0.0009023666498251,-0.0113320350646973,0.0325430892407894,0.0168477054685354,-0.0017304420471191,,,-0.0311837196350098,0.0011601448059082,,0.0313165672123432,,,,,,,
960.0,-0.0163946151733398,-0.0403868667781353,-0.0238008499145508,,0.0009491920354776,-0.0112617490813136,0.032597828656435,0.0168242454528809,-0.0017382622463628,,,-0.0312227252870798,0.0011992454528808,,0.0313087478280067,,,,,,,
970.0,-0.0164336208254099,-0.040410328656435,-0.0239180568605661,,0.0009961128234863,-0.0111836437135935,0.0326446555554867,0.0168008804321289,-0.0017460823291912,,,-0.0312696471810341,0.0012382507557049,,0.0313009284436703,,,,,,,
980.0,-0.0164727214723825,-0.0404337905347347,-0.024043083190918,,0.0010507584083825,-0.0111133577302098,0.0327149406075478,0.0167852398008108,-0.0017460823291912,,,-0.0313242934644222,0.0012773514026776,,0.0312931053340435,,,,,,,
990.0,-0.0165040027350187,-0.0404493324458599,-0.0241602901369333,,0.0011054993374273,-0.0110507970675826,0.0327696800231934,0.0167539604008198,-0.0017617226112633,,,-0.0313868522644043,0.0013164520496502,,0.0312774665653706,,,,,,,
1000.0,-0.0165351871401072,-0.0404727943241596,-0.0242774020880461,,0.0011601448059082,-0.0109726907685399,0.032832145690918,0.0167305003851652,-0.0017617226112633,,,-0.0314414985477924,0.0013554573524743,,0.0312696471810341,,,,,,,
1010.0,-0.0165664684027433,-0.0404962562024593,-0.0244024284183979,,0.0011992454528808,-0.0109024047851563,0.0328712463378906,0.0166993141174316,-0.0017695426940918,,,-0.0314649604260921,0.0013945579994469,,0.0312540046870708,,,,,,,
1020.0,-0.0165977478027344,-0.0405197143554688,-0.0245118141174316,,0.0012460708385333,-0.010839844122529,0.0329415313899517,0.0166758541017771,-0.0017773628933355,,,-0.0315274260938168,0.0014257431030273,,0.0312383659183979,,,,,,,
1030.0,-0.0166367534548044,-0.0405352599918842,-0.024629021063447,,0.0013008117675781,-0.0107773784548044,0.0329961776733398,0.0166445728391409,-0.0017851829761639,,,-0.0315508842468262,0.00146484375,,0.0312305446714163,,,,,,,
1040.0,-0.0166680347174406,-0.0405665412545204,-0.0247462280094624,,0.0013398170704022,-0.0107149127870798,0.0329806320369244,0.0166212078183889,-0.0017930030589923,,,-0.0315899848937988,0.0014961243141442,,0.0312071796506643,,,,,,,
1050.0,-0.0166993141174316,-0.0405743606388569,-0.0248555187135935,,0.0013789177173748,-0.0106445318087935,0.0329649932682514,0.0165899284183979,-0.001800823258236,,,-0.0316133499145508,0.0015429496997967,,0.0311915408819914,,,,,,,
1060.0,-0.0167383197695017,-0.0406056419014931,-0.0249727256596088,,0.0014101982815191,-0.0105820661410689,0.0329493544995785,0.0165586471557617,-0.0018086433410644,,,-0.0316680930554867,0.0015742302639409,,0.0311759002506733,,,,,,,
1070.0,-0.0167696010321379,-0.0406368263065815,-0.0250821113586426,,0.0014492034679278,-0.0105274198576808,0.0329493544995785,0.0165351871401072,-0.0018163680797442,,,-0.031628992408514,0.0016055107116699,,0.0311602596193552,,,,,,,
1080.0,-0.0168008804321289,-0.0406524650752544,-0.0251993183046579,,0.0014961243141442,-0.0104648591950536,0.0329649932682514,0.0164961814880371,-0.0018320083618164,,,-0.0314727798104286,0.001644516014494,,0.0311290752142668,,,,,,,
1090.0,-0.0168320666998625,-0.0406681075692177,-0.0253087040036917,,0.0015429496997967,-0.010410213842988,0.0329571738839149,0.0164727214723825,-0.0018398285610601,,,-0.0315665267407894,0.0016757965786382,,0.0311134345829487,,,,,,,
1100.0,-0.016855526715517,-0.0406837463378906,-0.0254180915653706,,0.0015820503467693,-0.0103554725646973,0.0330196395516396,0.0164414402097464,-0.0018398285610601,,,-0.0316524505615234,0.0017070770263671,,0.0310977939516306,,,,,,,
1110.0,-0.0168868061155081,-0.0407072082161903,-0.0255196578800678,,0.001621150993742,-0.0102851865813136,0.0330587401986122,0.0164024364203215,-0.0018398285610601,,,-0.0317227356135845,0.0017382622463628,,0.0310821533203125,,,,,,,
1120.0,-0.0169179923832417,-0.0407306663691998,-0.0256290435791016,,0.0016679763793945,-0.010230541229248,0.0330977439880371,0.0163711551576853,-0.0018476486438885,,,-0.031839944422245,0.0017695426940918,,0.0310586933046579,,,,,,,
1130.0,-0.0169492717832327,-0.0407462120056152,-0.0257306098937988,,0.0017070770263671,-0.0101758008822799,0.0331212058663368,0.0163320545107126,-0.0018554687267169,,,-0.0318087600171566,0.001800823258236,,0.0310430526733398,,,,,,,
1140.0,-0.0169805530458689,-0.0407618544995785,-0.02583990059793,,0.0017460823291912,-0.0101211545988917,0.0331368446350098,0.0162852294743061,-0.001871109008789,,,-0.0319025032222271,0.0018320083618164,,0.0310196876525879,,,,,,,
1150.0,-0.0170040130615234,-0.0407774932682514,-0.0259336475282907,,0.0017851829761639,-0.0100585939362645,0.0331368446350098,0.0162617694586515,-0.001871109008789,,,-0.0318790450692177,0.0018632889259606,,0.0310040470212698,,,,,,,
1160.0,-0.017035199329257,-0.0408009551465511,-0.026035213842988,,0.0018320083618164,-0.010003948584199,0.033152487128973,0.0162304881960154,-0.0018789292080327,,,-0.0308712013065815,0.0019023895729333,,0.0309884082525969,,,,,,,
1170.0,-0.0170586593449116,-0.0408087745308876,-0.0261289607733488,,0.001871109008789,-0.0099492073059082,0.0331837646663189,0.0161993037909269,-0.0018867492908611,,,-0.0306290630251169,0.0019335746765136,,0.0309805870056152,,,,,,,
1180.0,-0.0170899387449026,-0.0408244132995605,-0.0262227058410645,,0.0019179343944415,-0.0098867416381835,0.033238410949707,0.0161680225282907,-0.0018867492908611,,,-0.0305665023624897,0.0019570351578295,,0.0309649463742971,,,,,,,
1190.0,-0.0171211250126362,-0.0408477783203125,-0.0263242721557617,,0.0019570351578295,-0.009832096286118,0.0332618728280067,0.0161055568605661,-0.0019023895729333,,,-0.0305977817624807,0.0019883157219737,,0.0309493076056242,,,,,,,
1200.0,-0.0171524044126272,-0.0408790595829487,-0.0264180190861225,,0.0019804954063147,-0.0097773550078272,0.0332853309810162,0.01607427559793,-0.0018945693736895,,,-0.0306524280458689,0.0020195008255541,,0.0309337619692087,,,,,,,
1210.0,-0.0171836856752634,-0.0408946983516216,-0.0265118610113859,,0.0020195008255541,-0.0097227096557617,0.0332930572330952,0.0160508155822754,-0.0019023895729333,,,-0.0307149887084961,0.0020507813896983,,0.0309181213378906,,,,,,,
1220.0,-0.0172070506960154,-0.0409181602299213,-0.0266133304685354,,0.0020507813896983,-0.00967578869313,0.0333243384957314,0.016019631177187,-0.0019023895729333,,,-0.0308009143918753,0.0020742416381835,,0.0309103019535542,,,,,,,
1230.0,-0.0172383319586515,-0.0409337058663368,-0.0266993530094624,,0.002089882036671,-0.0096289636567235,0.0333556197583675,0.0159805305302143,-0.0019101143116131,,,-0.0308399200439453,0.0021055222023278,,0.0309024807065725,,,,,,,
1240.0,-0.0172696113586426,-0.0409571640193462,-0.0267852786928415,,0.0021288872230798,-0.0095742223784327,0.0334102623164654,0.0159492492675781,-0.0019257545936852,,,-0.0308868419378996,0.0021367073059082,,0.0308868419378996,,,,,,,
1250.0,-0.0172930713742971,-0.0409728065133095,-0.0268712043762207,,0.0021523477043956,-0.0095273973420262,0.0334571860730648,0.0159102436155081,-0.0019257545936852,,,-0.0309493076056242,0.002160167787224,,0.0308712013065815,,,,,,,
1260.0,-0.0173164363950491,-0.0410040877759457,-0.0269571300595999,,0.0021758079528808,-0.0094804763793945,0.0334806442260742,0.015878964215517,-0.0019335746765136,,,-0.0308087356388569,0.0021836280357092,,0.0308633800595999,,,,,,,
1270.0,-0.0173477176576853,-0.0410119071602821,-0.0270508769899607,,0.0022226334549486,-0.009433651342988,0.0335509292781353,0.0158398635685444,-0.0019492149585858,,,-0.0308633800595999,0.0022148133721202,,0.0308477412909269,,,,,,,
1280.0,-0.0173711776733398,-0.0410352721810341,-0.0271368026733398,,0.0022539140190929,-0.0093945506960153,0.0336290374398232,0.0158008579164743,-0.0019648552406579,,,-0.0309259425848722,0.002230453537777,,0.030824376270175,,,,,,,
1290.0,-0.0173946376889944,-0.041050910949707,-0.0272149089723825,,0.0022773742675781,-0.0093477247282862,0.0337149612605572,0.0157539378851652,-0.0019804954063147,,,-0.0309336669743061,0.0022617341019213,,0.0308087356388569,,,,,,,
1300.0,-0.017425823956728,-0.0410665534436703,-0.0273008346557617,,0.0023085593711584,-0.009292984381318,0.0338008888065815,0.0157227516174316,-0.0019961358048021,,,-0.0309805870056152,0.0022851943504065,,0.0307930950075388,,,,,,,
1310.0,-0.0174492839723825,-0.0410743728280067,-0.027379035949707,,0.0023398399353027,-0.009246158413589,0.033878993242979,0.0156680103391409,-0.0020116807427257,,,-0.0310430526733398,0.0023085593711584,,0.0307774543762207,,,,,,,
1320.0,-0.0174727439880371,-0.0410978309810162,-0.0274649616330862,,0.0023711204994469,-0.0092070577666163,0.0339415557682514,0.0156445503234863,-0.0020195008255541,,,-0.0310899745672941,0.0023241997696459,,0.0307618137449026,,,,,,,
1330.0,-0.0174961090087891,-0.0411134734749794,-0.0275508891791105,,0.0024024010635912,-0.0091679571196436,0.0340274833142757,0.0155977252870798,-0.0020273209083825,,,-0.0311367996037006,0.0023554803337901,,0.0307461749762297,,,,,,,
1340.0,-0.0175195690244436,-0.0411290191113949,-0.0276368148624897,,0.00244140625,-0.0091289523988962,0.0340899489820004,0.0155508043244481,-0.0020429610740393,,,-0.0311759002506733,0.0023789405822753,,0.0307306293398142,,,,,,,
1350.0,-0.0175430309027433,-0.0411368384957314,-0.0277149211615324,,0.0024648667313158,-0.0090820314362645,0.0341525077819824,0.0155039792880416,-0.0020507813896983,,,-0.0312383659183979,0.0023945809807628,,0.0307149887084961,,,,,,,
1360.0,-0.0175664909183979,-0.0411524772644043,-0.02779302559793,,0.0024961472954601,-0.0090430257841944,0.0342071540653706,0.0154648786410689,-0.0020586014725267,,,-0.0313712134957314,0.0024101256858557,,0.0306915286928415,,,,,,,
1370.0,-0.017582131549716,-0.0411681197583675,-0.0278712268918753,,0.0025273323990404,-0.0090039251372218,0.0342696197330952,0.0154258729889989,-0.0020742416381835,,,-0.0314493179321289,0.00244140625,,0.0306758880615234,,,,,,,
1380.0,-0.0176054965704679,-0.041175939142704,-0.027949333190918,,0.0025664330460131,-0.0089649204164743,0.0343243591487408,0.0153789520263672,-0.002089882036671,,,-0.0315352454781532,0.0024570466484874,,0.0306602474302053,,,,,,,
1390.0,-0.0176211353391409,-0.041191577911377,-0.0280274394899607,,0.0025898932944983,-0.0089179994538426,0.034355640411377,0.0153399473056197,-0.0020977021194994,,,-0.0315587036311626,0.0024805068969726,,0.0306446086615324,,,,,,,
1400.0,-0.0176445972174406,-0.0412072204053402,-0.0280977245420218,,0.0026367187965661,-0.0088788988068699,0.0343868248164654,0.0153008466586471,-0.002089882036671,,,-0.0316602699458599,0.0025038719177246,,0.0306290630251169,,,,,,,
1410.0,-0.0176602359861135,-0.0412150397896767,-0.0281681064516306,,0.0026601792778819,-0.0088398931547999,0.0344102866947651,0.0152539256960154,-0.0021054267417639,,,-0.031714916229248,0.0025273323990404,,0.0306134223937988,,,,,,,
1420.0,-0.0176836978644133,-0.0412227623164654,-0.0282383915036917,,0.0026914596091955,-0.0088007925078272,0.0344415679574013,0.0152070997282863,-0.002113247057423,,,-0.0317305587232113,0.0025429725646972,,0.0305977817624807,,,,,,,
1430.0,-0.0176992416381836,-0.0412384048104286,-0.0283164978027344,,0.0027226449456065,-0.0087617877870798,0.0344805717468262,0.0151679990813136,-0.0021210671402514,,,-0.0317931175231934,0.0025664330460131,,0.0305821429938078,,,,,,,
1440.0,-0.0177227016538382,-0.0412462241947651,-0.028378963470459,,0.0027539252769202,-0.0087226871401071,0.0345196723937988,0.0151368146762252,-0.0021288872230798,,,-0.0318868644535542,0.0025898932944983,,0.0305665023624897,,,,,,,
1450.0,-0.0177305229008198,-0.041261862963438,-0.0284493453800678,,0.002777385758236,-0.0086835864931345,0.0345587730407715,0.0150898937135935,-0.0021367073059082,,,-0.0319649688899517,0.0026054382324218,,0.0305508617311716,,,,,,,
1460.0,-0.0177461635321379,-0.0412775054574013,-0.0285196304321289,,0.0028085708618164,-0.0086524011567235,0.0345899574458599,0.0150430677458644,-0.0021523477043956,,,-0.0320196151733398,0.0026288987137377,,0.0305430423468351,,,,,,,
1470.0,-0.0177618023008108,-0.0412853248417377,-0.0285820960998535,,0.0028398514259606,-0.0086133005097508,0.0346212387084961,0.0150117874145508,-0.002160167787224,,,-0.0320430770516396,0.0026445388793945,,0.0305274967104197,,,,,,,
1480.0,-0.0177774429321289,-0.0412931442260742,-0.0286446567624807,,0.0028554915916174,-0.0085742948576808,0.0346447005867958,0.0149726867675781,-0.0021679878700524,,,-0.0320899970829487,0.0026679993607103,,0.0305118560791016,,,,,,,
1490.0,-0.0177929885685444,-0.0413009636104107,-0.028714943677187,,0.0028789520729333,-0.0085430145263671,0.0346758849918842,0.0149258617311716,-0.0021836280357092,,,-0.0321993827819824,0.0026836395263671,,0.0305040366947651,,,,,,,
1500.0,-0.0178086291998625,-0.0413087867200375,-0.0287774093449116,,0.0029101371765136,-0.0085039138793945,0.0346915237605572,0.014894581399858,-0.0022069930564612,,,-0.0321837440133095,0.0026992799248546,,0.030488396063447,,,,,,,
1510.0,-0.0178242679685354,-0.0413243286311626,-0.0288399700075388,,0.0029335976578295,-0.0084804538637399,0.0347071662545204,0.014855575747788,-0.0021992684341967,,,-0.0322931297123432,0.0027148246299475,,0.0304805766791105,,,,,,,
1520.0,-0.0178399085998535,-0.0413321517407894,-0.0289024356752634,,0.0029570579063147,-0.0084492685273289,0.0347228050231934,0.0148008344694972,-0.0022069930564612,,,-0.0321993827819824,0.0027304650284349,,0.0304727554321289,,,,,,,
1530.0,-0.0178555492311716,-0.0413321517407894,-0.0289649963378906,,0.0029805183876305,-0.0084179881960153,0.0347306244075298,0.0147617338225245,-0.0022148133721202,,,-0.0323399566113949,0.0027461051940918,,0.0304571148008108,,,,,,,
1540.0,-0.0178711898624897,-0.0413321517407894,-0.0290274620056152,,0.0030038834083825,-0.0083867078647017,0.0347462669014931,0.0147227291017771,-0.0022226334549486,,,-0.032386876642704,0.0027539252769202,,0.0304415710270405,,,,,,,
1550.0,-0.0178790092468262,-0.0413399711251259,-0.0290899276733398,,0.0030273438896983,-0.0083555225282907,0.0347618125379086,0.0146836284548044,-0.0022382736206054,,,-0.0325430892407894,0.0027695656754076,,0.0304337497800589,,,,,,,
1560.0,-0.0178945548832417,-0.0413399711251259,-0.0291446689516306,,0.0030429840553551,-0.0083320615813136,0.034769631922245,0.0146368024870753,-0.0022460937034338,,,-0.0326290130615234,0.0027852058410644,,0.0304181110113859,,,,,,,
1570.0,-0.0179023742675781,-0.0413477905094624,-0.0291993152350187,,0.003066444536671,-0.008308601565659,0.034769631922245,0.0145977018401027,-0.0022617341019213,,,-0.0327227599918842,0.002800750778988,,0.0304102897644043,,,,,,,
1580.0,-0.0179180148988962,-0.0413477905094624,-0.0292617809027433,,0.0030899047851562,-0.008277416229248,0.0347774513065815,0.0145586971193552,-0.0022773742675781,,,-0.0327696800231934,0.0028163909446448,,0.0303946491330862,,,,,,,
1590.0,-0.0179258342832327,-0.0413556098937988,-0.0293165203183889,,0.0031132698059082,-0.0082461358979344,0.034769631922245,0.0145195964723825,-0.0022851943504065,,,-0.0328008644282818,0.0028242112603038,,0.0303868297487497,,,,,,,
1600.0,-0.0179414749145508,-0.0413556098937988,-0.0293789859861135,,0.003136730287224,-0.0082148555666208,0.034769631922245,0.0144804958254099,-0.00230073928833,,,-0.0328634269535542,0.0028398514259606,,0.0303790103644133,,,,,,,
1610.0,-0.0179492961615324,-0.0413634292781353,-0.0294337272644043,,0.0031523704528808,-0.0081913946196436,0.0347540862858295,0.0144493104889989,-0.0023163796868175,,,-0.0328790657222271,0.0028398514259606,,0.0303711891174316,,,,,,,
1620.0,-0.0179649349302053,-0.0413712523877621,-0.0294883735477924,,0.0031758309341967,-0.0081680295988917,0.0347462669014931,0.0143945692107081,-0.0023163796868175,,,-0.0330743789672852,0.0028554915916174,,0.0303555484861135,,,,,,,
1630.0,-0.0179805755615234,-0.0413712523877621,-0.0295431148260832,,0.0031991959549486,-0.0081445695832371,0.0347306244075298,0.0143711091950536,-0.0023320198524743,,,-0.0331603065133095,0.0028711319901049,,0.0303477291017771,,,,,,,
1640.0,-0.0179961211979389,-0.0413712523877621,-0.0295977592468262,,0.0032148361206054,-0.0081054689362645,0.0347384475171566,0.0143399238586426,-0.0023398399353027,,,-0.0332071296870708,0.0028789520729333,,0.0303400047123432,,,,,,,
1650.0,-0.018011761829257,-0.0413790717720985,-0.0296525005251169,,0.0032226562034338,-0.0080821039155125,0.0347306244075298,0.014308643527329,-0.0023554803337901,,,-0.0332305915653706,0.0028945922385901,,0.0303321834653616,,,,,,,
1660.0,-0.0180195812135935,-0.0413790717720985,-0.0297071468085051,,0.0032461166847497,-0.008058643899858,0.0347228050231934,0.0142695428803563,-0.0023633004166185,,,-0.0332696922123432,0.0029023170936852,,0.0303165446966887,,,,,,,
1670.0,-0.01802740059793,-0.0413790717720985,-0.0297539718449116,,0.0032617568504065,-0.0080351829528808,0.0346993468701839,0.0142383575439453,-0.0023711204994469,,,-0.0331993103027344,0.002917957259342,,0.030308723449707,,,,,,,
1680.0,-0.018043041229248,-0.0413790717720985,-0.0298165325075388,,0.0032852173317223,-0.0080117229372263,0.0346915237605572,0.0141992568969727,-0.0024023056030273,,,-0.033027458935976,0.0029335976578295,,0.0302930828183889,,,,,,,
1690.0,-0.0180508624762297,-0.041386891156435,-0.0298633575439453,,0.0032929421868175,-0.0079882619902491,0.0346680656075478,0.0141602521762252,-0.0023945809807628,,,-0.0330509208142757,0.0029335976578295,,0.0302852634340525,,,,,,,
1700.0,-0.0180665012449026,-0.0413790717720985,-0.0299102794378996,,0.0033164024353027,-0.0079648969694972,0.0346447005867958,0.0141211515292525,-0.0024101256858557,,,-0.0331212058663368,0.0029492378234863,,0.0302696228027344,,,,,,,
1710.0,-0.0180821418762207,-0.0413790717720985,-0.0299649238586426,,0.0033320428337901,-0.0079414369538426,0.0346290580928326,0.0140898702666163,-0.0024101256858557,,,-0.033168125897646,0.0029570579063147,,0.0302618034183979,,,,,,,
1720.0,-0.0180976875126362,-0.0413790717720985,-0.0300118457525969,,0.0033555030822753,-0.0079257963225245,0.0346055999398232,0.0140508655458689,-0.0024257660843431,,,-0.0332305915653706,0.0029726983048021,,0.0302462577819824,,,,,,,
1730.0,-0.0181133281439543,-0.0413790717720985,-0.0300586707890034,,0.0033711434807628,-0.0079023363068699,0.0345899574458599,0.0140117648988962,-0.0024335861671716,,,-0.0323008559644222,0.0029726983048021,,0.030238438397646,,,,,,,
1740.0,-0.0181211475282907,-0.0413790717720985,-0.0301055908203125,,0.0033945085015147,-0.007878971286118,0.034574318677187,0.0139727592468262,-0.0024570466484874,,,-0.032261848449707,0.0029883384704589,,0.0302227977663279,,,,,,,
1750.0,-0.0181367881596088,-0.0413712523877621,-0.030152415856719,,0.0034023285843431,-0.0078555112704634,0.034550953656435,0.0139414789155126,-0.0024570466484874,,,-0.0323086753487587,0.0029960633255541,,0.0302071571350098,,,,,,,
1760.0,-0.0181524287909269,-0.0413790717720985,-0.0301993377506733,,0.0034257888328284,-0.0078398706391453,0.0345353148877621,0.0139023782685399,-0.0024726868141442,,,-0.0323712341487408,0.0029883384704589,,0.0301915165036917,,,,,,,
1770.0,-0.0181602481752634,-0.0413712523877621,-0.0302461627870798,,0.0034336091484874,-0.0078242300078272,0.0345196723937988,0.0138711929321289,-0.0024726868141442,,,-0.0324806235730648,0.0030899047851562,,0.0301758777350187,,,,,,,
1780.0,-0.0181758888065815,-0.0413712523877621,-0.0302930828183889,,0.0034570693969726,-0.0078085898421704,0.0344962142407894,0.0138320922851563,-0.0024805068969726,,,-0.0325587280094624,0.0030820847023278,,0.0301602371037006,,,,,,,
1790.0,-0.0181914325803518,-0.0413712523877621,-0.0303399097174406,,0.003464889479801,-0.0077852248214185,0.0344805717468262,0.0137929916381836,-0.002488326979801,,,-0.0326446555554867,0.0030508041381835,,0.0301446914672852,,,,,,,
1800.0,-0.0182070732116699,-0.0413634292781353,-0.0303790103644133,,0.003496074816212,-0.0077695846557617,0.0344572067260742,0.0137618063017726,-0.0025038719177246,,,-0.0327462218701839,0.0030273438896983,,0.0301290508359671,,,,,,,
1810.0,-0.0182148944586515,-0.0413556098937988,-0.0304259303957224,,0.0035117149818688,-0.0077539444901049,0.0344337485730648,0.0137227056547999,-0.002511692000553,,,-0.0328556075692177,0.0030117034912109,,0.0301134120672941,,,,,,,
1820.0,-0.0336836837232113,-0.057769775390625,-0.0481056235730648,,-0.0119727132841945,-0.0405508987605572,-0.0011601448059082,-0.0059335711412131,-0.0074727060273289,,,-0.0469728484749794,-0.0057305335067212,,0.0188945773988962,,,,,,,
1830.0,-0.033152487128973,-0.057347871363163,-0.0475744269788265,-0.0226367954164743,-0.0115508083254099,-0.0402618423104286,-0.0007148743025027,-0.0054961205460131,-0.0074101448990404,-0.0027461051940918,-0.0183712001889944,-0.0474493987858295,-0.0055507658980786,0.01025390625,0.0189414974302053,0.0261290557682514,0.0037929534446448,0.0218165405094624,,,0.101402759552002,0.0675901398062706
1840.0,-0.0326290130615234,-0.0568400397896767,-0.0470744147896767,-0.0220352169126272,-0.0111211780458689,-0.039879035204649,-0.00034761428833,-0.0050430297851562,-0.0073398589156568,-0.0026288987137377,-0.0183399207890034,-0.0477149970829487,-0.0054726600646972,0.0108867650851607,0.0191133506596088,0.0259259231388569,0.0032461166847497,0.0213243495672941,,,0.101699642837048,0.0680588707327843
1850.0,-0.0320978164672852,-0.0563088431954384,-0.0465978644788265,-0.0214336402714252,-0.0106289861723781,-0.0395196937024593,7.41958647267893e-05,-0.0046054841950535,-0.0072539332322776,-0.0027617455925792,-0.0180352218449116,-0.0477228164672852,-0.0054023745469749,0.0115118026733398,0.019355583935976,0.0258008968085051,0.0025820732116699,0.0207071304321289,,,0.101809024810791,0.0684573203325272
1860.0,-0.0315978042781353,-0.055816650390625,-0.0461524985730648,-0.0208711624145508,-0.0101914405822754,-0.0391758941113949,0.0004648208559956,-0.0041913986206054,-0.0071758269332349,-0.0029257775750011,-0.0175976753234863,-0.0475509651005268,-0.0053476332686841,0.0120586398988962,0.019589900970459,0.0256836898624897,0.002082061721012,0.0201680194586515,,,0.101887129247189,0.0685822516679764
1870.0,-0.0311212539672852,-0.0553400032222271,-0.0457462333142757,-0.0203476902097464,-0.0098008159548044,-0.0388634689152241,0.0008398056379519,-0.0037851333618164,-0.0071132662706077,-0.0029882432427257,-0.0171836856752634,-0.0473634712398052,-0.0053086280822753,0.0125508308410645,0.019769573584199,0.0255821235477924,0.0016992569435387,0.0196524616330862,,,0.101926140487194,0.068621352314949
1880.0,-0.0306837093085051,-0.0549181960523129,-0.0453712455928326,-0.0198554992675781,-0.009441471658647,-0.0385743156075478,0.0011836051708087,-0.00341796875,-0.0070977210998535,-0.0029805183876305,-0.0168477054685354,-0.0471290610730648,-0.0052851676009595,0.0129727367311716,0.019925881177187,0.0254727359861135,0.001285171485506,0.0191368106752634,,,0.101926140487194,0.0685041472315788
1890.0,-0.0302852634340525,-0.0545119307935238,-0.0450119040906429,-0.0193945895880461,-0.009105491451919,-0.0382930748164654,0.0015273094177246,-0.003058624221012,-0.0070820809341967,-0.0029414177406579,-0.0165508277714252,-0.0469181053340435,-0.0052773477509617,0.0133008006960154,0.0201055537909269,0.0253633502870798,0.0008008003351278,0.0186524391174316,,,0.101918317377567,0.0683088302612305
1900.0,-0.0299102794378996,-0.0541369430720806,-0.0446759238839149,-0.0189649593085051,-0.0087929731234908,-0.0380274765193462,0.0018789292080327,-0.0027226449456065,-0.0070664407685399,-0.0028944970108568,-0.0163165088742971,-0.046691607683897,-0.0052538872696459,0.0135430339723825,0.0203165058046579,0.0252462383359671,0.0002616882266011,0.0182148944586515,,,0.101887129247189,0.0680745169520378
1910.0,-0.0295586585998535,-0.0537775047123432,-0.0443634055554867,-0.0185665134340525,-0.0085039138793945,-0.0377930663526058,0.0022226334549486,-0.0024101256858557,-0.0070586204528808,-0.0028789520729333,-0.0161211974918842,-0.046480655670166,-0.005238342564553,0.0137227056547999,0.0205430034548044,0.0251446720212698,-0.0003086090146098,0.0178399085998535,,,0.101863674819469,0.0678322836756706
1920.0,-0.0292540546506643,-0.0534806251525879,-0.0440821647644043,-0.0182070732116699,-0.008277416229248,-0.0375900268554688,0.0025351524818688,-0.0021210671402514,-0.0070195198059082,-0.0028633119072765,-0.0159727092832327,-0.0462540648877621,-0.0052460669539868,0.0138945579528809,0.0207695960998535,0.0250431057065725,-0.0009023666498251,0.0175039302557707,,,0.101863674819469,0.0675823241472244
1930.0,-0.0289649963378906,-0.0531837455928326,-0.0438087470829487,-0.0178633686155081,-0.0080351829528808,-0.0373712554574013,0.002847671508789,-0.0018945693736895,-0.0069961547851562,-0.0028789520729333,-0.0158555041998625,-0.0459884665906429,-0.0052851676009595,0.0140742305666208,0.0209649093449116,0.0249570850282907,-0.0014883041149005,0.0171915050595999,,,0.101894952356815,0.0673166289925575
1940.0,-0.0286681186407804,-0.052894689142704,-0.0435587875545025,-0.0175273902714252,-0.0077852248214185,-0.0371603034436703,0.0031054497230798,-0.0016133309109136,-0.0069805146194994,-0.0029023170936852,-0.0157695766538382,-0.0456915870308876,-0.0053398134186863,0.0142695428803563,0.021152401342988,0.024878978729248,-0.0020742416381835,0.0169258117675781,,,0.10193395614624,0.0670588538050652
1950.0,-0.0283946041017771,-0.0526212714612484,-0.0433087348937988,-0.0172148700803518,-0.0075508118607103,-0.0369728095829487,0.0033555030822753,-0.0013632774353027,-0.0069570541381835,-0.0029335976578295,-0.0157149322330952,-0.0454025268554688,-0.0054023745469749,0.0144571308046579,0.0213165283203125,0.0248165130615234,-0.0026445388793945,0.0166758541017771,,,0.101965241134167,0.066793255507946
1960.0,-0.0281211864203215,-0.0523634925484657,-0.0430665984749794,-0.01691017113626,-0.0073085785843431,-0.0367774963378906,0.0035820961929857,-0.0011133194202557,-0.0069414139725267,-0.0029805183876305,-0.015683650970459,-0.0451134704053402,-0.0054491995833814,0.0146289831027389,0.0214805603027344,0.0247540473937988,-0.003207016037777,0.0164336208254099,,,0.10198087990284,0.0665431991219521
1970.0,-0.0278712268918753,-0.0521134398877621,-0.0428321845829487,-0.0166211128234863,-0.0070899012498557,-0.0365978255867958,0.0037929534446448,-0.0008867263677529,-0.0069335936568677,-0.0030429840553551,-0.0156758315861225,-0.0447931289672852,-0.0054961205460131,0.0147930150851607,0.0216367729008198,0.0246993061155081,-0.0037851333618164,0.0161914825439453,,,0.101988695561886,0.0662932395935059
1980.0,-0.0276524554938078,-0.0519025810062885,-0.0426212325692177,-0.0163633357733488,-0.0069335936568677,-0.0364727973937988,0.0040117264725267,-0.00067577365553,-0.0069335936568677,-0.0031132698059082,-0.0156992916017771,-0.0444649718701839,-0.0055352211929857,0.0149415014311671,0.0217852592468262,0.0246603023260832,-0.0043320655822753,0.0159805305302143,,,0.101988695561886,0.0660510063171387
1990.0,-0.0274415016174316,-0.0517306327819824,-0.0424337387084961,-0.0161289218813181,-0.0067695616744458,-0.0363399498164654,0.0042383195832371,-0.0004804611380677,-0.0069414139725267,-0.0031913758721202,-0.0157305728644133,-0.0441447272896767,-0.0055820466950535,0.0150742530822754,0.02193365059793,0.024629021063447,-0.0048867226578295,0.0157617572695017,,,0.101973056793213,0.0658010467886925
2000.0,-0.0272383689880371,-0.0515431426465511,-0.0422462485730648,-0.0158946048468351,-0.0066055296920239,-0.0362150184810162,0.0044414522126317,-0.0003007888735737,-0.0069570541381835,-0.0032773972488939,-0.0157617572695017,-0.0438165664672852,-0.0056211473420262,0.0152070997282863,0.022089958190918,0.0245977398008108,-0.0054258345626294,0.0155352596193552,,,0.10195741802454,0.0655509978532791
2010.0,-0.0270586963742971,-0.0513947494328022,-0.0420822165906429,-0.0156914722174406,-0.0064492225646972,-0.0361056327819824,0.0046289446763694,-0.0001289367646677,-0.0070039751008153,-0.0033633231651037,-0.0158243179321289,-0.0435040481388569,-0.0056601525284349,0.0153399473056197,0.0222383495420218,0.0245664604008198,-0.0059492113068699,0.0153164863586426,,,0.101941779255867,0.0653088614344597
2020.0,-0.0268790256232023,-0.0512150786817074,-0.0419025421142578,-0.0154805183410645,-0.0062773707322776,-0.035972785204649,0.0048242569901049,3.51905837305821e-05,-0.0070586204528808,-0.0034727097954601,-0.0158946048468351,-0.0431993491947651,-0.0057070734910666,0.0154805183410645,0.0223711971193552,0.0245430953800678,-0.0064492225646972,0.0150977140292525,,,0.101910591125488,0.0650666281580925
2030.0,-0.0266915317624807,-0.051027487963438,-0.0417227745056152,-0.015285206027329,-0.0061055184341967,-0.035832118242979,0.0050273896194994,0.0001992225734284,-0.0071367262862622,-0.0035664557944983,-0.0159727092832327,-0.0428946502506733,-0.0057695391587913,0.0156133649870753,0.0225117690861225,0.0245196353644133,-0.0069414139725267,0.0148789407685399,,,0.101879313588142,0.0648323073983192
2040.0,-0.0265352260321379,-0.0508634559810162,-0.0415587425231934,-0.015113353729248,-0.0059804916381835,-0.0357383750379086,0.0052148820832371,0.0003398895205464,-0.0072461129166185,-0.0036757469642907,-0.01607427559793,-0.0426055900752544,-0.0058398246765136,0.0157461166381836,0.0226367954164743,0.0245039947330952,-0.0074179652146995,0.0146602634340525,,,0.101848028600216,0.064605712890625
2050.0,-0.0263790134340525,-0.0507150664925575,-0.0414103530347347,-0.0149492267519236,-0.0058476449921727,-0.0356368087232113,0.0053945542313158,0.0003788948233705,-0.0073711397126317,-0.0037929534446448,-0.0161758419126272,-0.0423165336251259,-0.0059180259704589,0.0158867835998535,0.0227696429938078,0.0244883541017771,-0.007886791601777,0.0144414901733398,,,0.101801209151745,0.0643713027238846
2060.0,-0.0262227058410645,-0.0505743995308876,-0.0412540435791016,-0.0147930150851607,-0.0056992531754076,-0.0355196967720985,0.0055898665450513,0.0005976677057333,-0.0075038908980786,-0.0039023400750011,-0.016269588842988,-0.0420431159436703,-0.0060117724351584,0.0160118099302053,0.022886848077178,0.0244648940861225,-0.0083398818969726,0.0142227178439498,,,0.101754285395145,0.0641526207327843
2070.0,-0.0260743144899607,-0.0504181869328022,-0.0411134734749794,-0.0146368024870753,-0.0055664065293967,-0.0354181304574013,0.0057851793244481,0.0007305145263671,-0.0076445578597486,-0.0040195467881858,-0.0163711551576853,-0.0417775176465511,-0.0061133387498557,0.0161367412656546,0.0229961406439543,0.0244415290653706,-0.0087773324921727,0.0139961242675781,,,0.101691819727421,0.0639416724443436
2080.0,-0.0259259231388569,-0.0502540580928326,-0.040964987128973,-0.0144804958254099,-0.0054180147126317,-0.0353009216487408,0.0059726717881858,0.0008632660028524,-0.0077929496765136,-0.0041445731185376,-0.016480540856719,-0.0415274612605572,-0.0062226294539868,0.016269588842988,0.0231133457273245,0.0244258884340525,-0.0091992383822798,0.0137851713225245,,,0.101637080311775,0.0637463554739952
2090.0,-0.0257774349302053,-0.0500900261104107,-0.0408165939152241,-0.0143321035429835,-0.0052773477509617,-0.035191535949707,0.0061836242675781,0.0009882927406579,-0.0079336166381835,-0.0042773247696459,-0.0165899284183979,-0.0412931442260742,-0.00634765625,0.0164024364203215,0.0232227332890034,0.0244102478027344,-0.0096055036410689,0.0135821346193552,,,0.101574614644051,0.0635510459542274
2100.0,-0.0256367679685354,-0.0499181747436523,-0.0406681075692177,-0.0141914365813136,-0.0051289559341967,-0.0350821502506733,0.0063789370469749,0.0011133194202557,-0.0080742835998535,-0.00439453125,-0.0167071353644133,-0.0410978309810162,-0.0064805033616721,0.0165196415036917,0.023316478356719,0.0243946071714163,-0.0099961282685399,0.0133790019899607,,,0.101504325866699,0.0633713752031326
2110.0,-0.0255040172487497,-0.0497853271663189,-0.0405352599918842,-0.0140586858615279,-0.0050039291381835,-0.0350040458142757,0.0065664290450513,0.0012227058177813,-0.0082148555666208,-0.0045273783616721,-0.0168320666998625,-0.0408946983516216,-0.0066210748627781,0.0166367534548044,0.0234102252870798,0.0243711471557617,-0.0103867528960109,0.0131758693605661,,,0.101433947682381,0.0631916075944901
2120.0,-0.0253789909183979,-0.0496524833142757,-0.040410328656435,-0.0139336585998535,-0.0048789023421704,-0.0349181182682514,0.0067461016587913,0.0013319969875738,-0.0083477022126317,-0.0046601295471191,-0.0169414523988962,-0.0407072082161903,-0.0067695616744458,0.0167461391538382,0.0234883315861225,0.0243556033819914,-0.0107617378234863,0.0129727367311716,,,0.101348020136356,0.0630119368433952
2130.0,-0.0252461433410645,-0.0495040901005268,-0.0402774810791016,-0.0138164525851607,-0.0047538760118186,-0.0348243713378906,0.0069257738068699,0.0014413833850994,-0.0084804538637399,-0.004800796508789,-0.0170742999762297,-0.0404884330928326,-0.0069179534912109,0.0168633460998535,0.0235743522644043,0.0243321415036917,-0.0111211780458689,0.0127852438017726,,,0.101269915699959,0.0628479048609734
2140.0,-0.0251368526369333,-0.0493868850171566,-0.0401446335017681,-0.0137148862704635,-0.0046601295471191,-0.0347539894282818,0.0071055414155125,0.0015429496997967,-0.0086054801940918,-0.0049414634704589,-0.0171993263065815,-0.040285300463438,-0.0070820809341967,0.0169727336615324,0.023652458563447,0.0243086814880371,-0.0114648817107081,0.0125899314880371,,,0.101183988153934,0.0626760497689247
2150.0,-0.0250274669378996,-0.0492541305720806,-0.0400197021663189,-0.0136054996401072,-0.0045430185273289,-0.0346680656075478,0.0072852135635912,0.0016366959316656,-0.0087305074557662,-0.005089855287224,-0.0173242576420307,-0.040074348449707,-0.0072461129166185,0.0170742999762297,0.0237227436155081,0.024293040856719,-0.0118008619174361,0.0124024394899607,,,0.101090244948864,0.0625041052699089
2160.0,-0.0249180793762207,-0.0491369254887104,-0.0399103164672852,-0.0135195730254054,-0.0044648172333836,-0.0346055999398232,0.0074492455460131,0.0017226219642907,-0.0088398931547999,-0.0052460669539868,-0.017457103356719,-0.0398868583142757,-0.0074179652146995,0.0171758662909269,0.0237930305302143,0.0242695808410645,-0.0121289258822799,0.012214851565659,,,0.100996494293213,0.0623400695621967
2170.0,-0.0248243343085051,-0.0490275397896767,-0.0398009307682514,-0.0134258270263672,-0.0043632509186863,-0.0345353148877621,0.007621097844094,0.0018086433410644,-0.0089571001008153,-0.0053945542313158,-0.0175976753234863,-0.0397071838378906,-0.007589912507683,0.0172930713742971,0.0238555911928415,0.0242540370672941,-0.0124414442107081,0.0120351789519191,,,0.100894927978516,0.0621760375797749
2180.0,-0.0247149467468262,-0.0488946922123432,-0.0396759025752544,-0.013332081027329,-0.0042461394332349,-0.0344571135938168,0.0077852248214185,0.0018867492908611,-0.0090820314362645,-0.0055352211929857,-0.0177305229008198,-0.0395353324711323,-0.0077617648057639,0.0173946376889944,0.0239180568605661,0.0242305751889944,-0.012753963470459,0.0118711469694972,,,0.100801184773445,0.0620041862130165
2190.0,-0.0246133804321289,-0.0487619414925575,-0.0395586974918842,-0.0132383350282907,-0.0041367532685399,-0.0343790054321289,0.0079648969694972,0.0019726753234863,-0.0091914180666208,-0.0056836130097508,-0.0178711898624897,-0.0393633842468262,-0.0079414369538426,0.0174962040036917,0.0239805225282907,0.0242071151733398,-0.0130430227145553,0.0117071149870753,,,0.100699618458748,0.0618400573730469
2200.0,-0.0245118141174316,-0.048644732683897,-0.0394415855407715,-0.013152408413589,-0.0040430068038404,-0.0343087203800678,0.0081367492675781,0.0020507813896983,-0.0093008046969771,-0.0058320048265159,-0.0180039405822754,-0.0392071716487408,-0.0081132892519235,0.0175977703183889,0.024043083190918,0.0241914745420218,-0.0133242607116699,0.0115429880097508,,,0.100590229034424,0.061676025390625
2210.0,-0.0244102478027344,-0.0485275276005268,-0.0393321998417377,-0.0130743030458689,-0.0039492608048021,-0.0342462547123432,0.008316421881318,0.0021288872230798,-0.0094101903960108,-0.0059726717881858,-0.0181446075439453,-0.0390821471810341,-0.0082929609343409,0.0176993366330862,0.0240977294743061,0.0241681095212698,-0.0135976793244481,0.0113945966586471,,,0.10048084706068,0.0615198127925396
2220.0,-0.0243243221193552,-0.0484259612858295,-0.039222814142704,-0.0130117414519191,-0.0038866996765136,-0.0341836921870708,0.008488274179399,0.0021992684341967,-0.0095195770263671,-0.0061211585998535,-0.0182851795107126,-0.0389493964612484,-0.008464909158647,0.0178008079528809,0.0241602901369333,0.0241446495056152,-0.0138555532321334,0.0112461093813181,,,0.100371457636356,0.0613556876778603
2230.0,-0.024238396435976,-0.0483087562024593,-0.0391212478280067,-0.012933636084199,-0.0037851333618164,-0.0341134071350098,0.0086524011567235,0.0022695541847497,-0.0096133230254054,-0.0062617301009595,-0.0184258464723825,-0.0388087294995785,-0.0086289411410689,0.0179023742675781,0.0242149364203215,0.0241211894899607,-0.0141055108979344,0.0110977170988917,,,0.100262068212032,0.0611916556954384
2240.0,-0.0241524707525969,-0.0481993667781353,-0.0390196815133095,-0.0128633501008153,-0.0036992074456065,-0.0340587608516216,0.0088242534548044,0.0023476600181311,-0.0097148893401026,-0.0063945772126317,-0.0185665134340525,-0.038691520690918,-0.0087851528078317,0.018011761829257,0.0242695808410645,0.0240977294743061,-0.0143477441743016,0.0109570501372218,,,0.10014495998621,0.0610276237130165
2250.0,-0.0240664482116699,-0.0481056235730648,-0.0389181151986122,-0.012792969122529,-0.0035976411309093,-0.0339883826673031,0.0089961057528853,0.0024101256858557,-0.0098086362704634,-0.0065195085480809,-0.0186914447695017,-0.0385743156075478,-0.0089414594694972,0.0181133281439543,0.0243165027350187,0.0240742694586515,-0.0145820621401072,0.0108164791017771,,,0.10002775490284,0.0608713142573833
2260.0,-0.0239805225282907,-0.0479650497436523,-0.0388009063899517,-0.0127226831391454,-0.003496074816212,-0.0339180938899517,0.0091602327302098,0.0024805068969726,-0.0099023822695016,-0.006644535344094,-0.0188242923468351,-0.038472842425108,-0.0090820314362645,0.0182148944586515,0.0243711471557617,0.0240587238222361,-0.0148008344694972,0.0106836324557662,,,0.0999105498194695,0.0607072822749615
2270.0,-0.0238945968449116,-0.0478478446602821,-0.0387071631848812,-0.0126445768401027,-0.0033945085015147,-0.0338478088378906,0.0093320850282907,0.0025429725646972,-0.0099883079528808,-0.0067695616744458,-0.0189571380615234,-0.0383868217468262,-0.0092148780822753,0.0183164607733488,0.0244258884340525,0.0240352638065815,-0.0150117874145508,0.0105507848784328,,,0.0997933372855186,0.0605431571602821
2280.0,-0.0238086711615324,-0.0477384589612484,-0.0386055968701839,-0.0125821111723781,-0.0033007622696459,-0.033793069422245,0.0095039373263716,0.0026054382324218,-0.0100664142519236,-0.0068789483048021,-0.0190820693969727,-0.0383165366947651,-0.0093477247282862,0.0184180270880461,0.0244648940861225,0.0240118037909269,-0.0152070997282863,0.0104258535429835,,,0.0996683165431023,0.0603791251778603
2290.0,-0.0237227436155081,-0.0476447120308876,-0.0385196693241596,-0.0125195505097508,-0.0032226562034338,-0.0337462425231934,0.0096679693087935,0.0026679993607103,-0.0101523399353027,-0.0069805146194994,-0.0192149169743061,-0.038246251642704,-0.0094726560637354,0.0185117721557617,0.0245039947330952,0.0239883419126272,-0.0154024129733443,0.0103086475282907,,,0.0995512008666992,0.0602150931954384
2300.0,-0.023652458563447,-0.0475431457161903,-0.0384259223937988,-0.0124649051576853,-0.003136730287224,-0.0336915031075478,0.009832096286118,0.0027226449456065,-0.010230541229248,-0.0070820809341967,-0.0193321239203215,-0.0381525047123432,-0.0095898630097508,0.018613338470459,0.0245352741330862,0.0239727981388569,-0.0155899049714208,0.0101836202666163,,,0.0994261726737022,0.0600510612130165
2310.0,-0.0235742572695017,-0.0474493987858295,-0.0383478179574013,-0.0124023435637355,-0.003058624221012,-0.0336446762084961,0.0099883079528808,0.002777385758236,-0.0103086475282907,-0.0071992874145507,-0.0194415096193552,-0.0380587577819824,-0.0096992496401071,0.0187070854008198,0.0245742797851563,0.0239415168762207,-0.0157695766538382,0.0100664142519236,,,0.0993011519312859,0.0598947517573833
2320.0,-0.0235039722174406,-0.047371294349432,-0.038261890411377,-0.012355518527329,-0.0029960633255541,-0.0336055755615234,0.0101446155458689,0.0028320313431322,-0.0103789335116744,-0.0073007582686841,-0.0195508953183889,-0.0379728339612484,-0.0097929956391453,0.018808651715517,0.0245977398008108,0.0239180568605661,-0.01593360863626,0.0099493032321333,,,0.0991761237382889,0.0597307197749615
2330.0,-0.0234336853027344,-0.0472775474190712,-0.0381836891174316,-0.0123085975646973,-0.002917957259342,-0.0335509292781353,0.0103008272126317,0.0028867721557617,-0.0104570388793945,-0.0073946001939475,-0.0196601878851652,-0.0378790870308876,-0.0098867416381835,0.0189023967832327,0.0246212016791105,0.0238945968449116,-0.0160977374762297,0.009832096286118,,,0.0990511924028397,0.0595665946602821
2340.0,-0.0233634002506733,-0.0471838004887104,-0.0381055846810341,-0.0122617725282907,-0.0028554915916174,-0.0335040092468262,0.0104648591950536,0.0029414177406579,-0.0105117801576853,-0.0074805258773267,-0.0197617541998625,-0.0377930663526058,-0.0099726682528853,0.01900396309793,0.0246446616947651,0.023863410577178,-0.0162539482116699,0.0097227096557617,,,0.0989183411002159,0.0594103820621967
2350.0,-0.0232930183410645,-0.0470900535583496,-0.0380274765193462,-0.012214851565659,-0.0027852058410644,-0.033449362963438,0.0106289861723781,0.0029960633255541,-0.0105664255097508,-0.0075429915450513,-0.0198477748781443,-0.0377071388065815,-0.0100507736206055,0.0190977100282907,0.024668026715517,0.0238399505615234,-0.0164024364203215,0.0096133230254054,,,0.0987933203577995,0.0592463500797749
2360.0,-0.0232227332890034,-0.0469963066279888,-0.0379493720829487,-0.0121680265292525,-0.0027148246299475,-0.0334024429321289,0.0107930181547999,0.0030429840553551,-0.0106289861723781,-0.0076132775284349,-0.0199337005615234,-0.0376212112605572,-0.0101133352145553,0.0191914569586515,0.0246836673468351,0.0238164905458689,-0.0165351871401072,0.0095195770263671,,,0.0986605659127235,0.059090044349432
2370.0,-0.0231524463742971,-0.046910285949707,-0.0378790870308876,-0.0121289258822799,-0.0026601792778819,-0.033363439142704,0.0109570501372218,0.0030899047851562,-0.0106758121401072,-0.0076680183410644,-0.0200196262449026,-0.0375665687024593,-0.0101758008822799,0.0192930232733488,0.0246993061155081,0.0237852092832327,-0.0166914947330952,0.0093945506960153,,,0.0985198989510536,0.0589260123670101
2380.0,-0.0230898857116699,-0.046840000897646,-0.0378165245056152,-0.0120899202302098,-0.0025976181495934,-0.0333165191113949,0.0111211780458689,0.003136730287224,-0.0107305524870753,-0.007730484008789,-0.0200899131596088,-0.0374961867928505,-0.0102383615449071,0.0193867683410645,0.0247149467468262,0.0237618442624807,-0.0168242454528809,0.009285164065659,,,0.0983870550990105,0.0587619803845882
2390.0,-0.0230196006596088,-0.0467540733516216,-0.0377384200692177,-0.0120508195832372,-0.0025351524818688,-0.0332696922123432,0.0112852100282907,0.0031836510170251,-0.0107773784548044,-0.0077929496765136,-0.0201680194586515,-0.0374259017407894,-0.0102851865813136,0.0194883346557617,0.0247305873781443,0.0237383842468262,-0.0169492717832327,0.0091835977509617,,,0.0982543006539345,0.0586056709289551
2400.0,-0.0229571349918842,-0.0466681495308876,-0.0376681350171566,-0.0120117189362645,-0.0024805068969726,-0.0332305915653706,0.0114414216950536,0.0032304765190929,-0.0108164791017771,-0.0078398706391453,-0.0202305801212788,-0.037355612963438,-0.0103242872282863,0.0195820815861225,0.0247384067624807,0.0237071048468351,-0.017066478729248,0.0090898517519235,,,0.0981214568018913,0.0584494583308697
2410.0,-0.022894574329257,-0.0465900413691998,-0.0376055724918842,-0.0119727132841945,-0.0024257660843431,-0.0331914909183979,0.0115977292880416,0.0032773972488939,-0.0108633041381836,-0.007878971286118,-0.0202930457890034,-0.0372775085270405,-0.0103632928803563,0.0196836479008198,0.0247540473937988,0.0236759185791016,-0.0171836856752634,0.0090039251372218,,,0.0979887023568153,0.0582931526005268
2420.0,-0.0228321086615324,-0.0465274825692177,-0.0375431068241596,-0.0119414329528809,-0.0023711204994469,-0.033152487128973,0.0117539409548044,0.0033164024353027,-0.0108945844694972,-0.007917976938188,-0.020355511456728,-0.0371994040906429,-0.0103867528960109,0.0197773929685354,0.0247617717832327,0.023652458563447,-0.0172930713742971,0.0089101791381835,,,0.0978558585047722,0.0581369400024414
2430.0,-0.0227696429938078,-0.0464415550231934,-0.0374728217720985,-0.0119101526215672,-0.0023163796868175,-0.0331055633723736,0.0119179729372263,0.0033555030822753,-0.0109258657321334,-0.0079570775851607,-0.0204180721193552,-0.0371290221810341,-0.010410213842988,0.0198711398988962,0.0247695930302143,0.0236289985477924,-0.0174023639410734,0.0088164331391453,,,0.0977230072021484,0.057980727404356
2440.0,-0.0227070804685354,-0.0463712699711323,-0.0374102592468262,-0.0118711469694972,-0.0022539140190929,-0.0330665595829487,0.0120664602145553,0.0033945085015147,-0.0109570501372218,-0.0079882619902491,-0.0204648971557617,-0.0370509140193462,-0.0104336738586426,0.0199727062135935,0.0247852336615324,0.0236055385321379,-0.0175039302557707,0.0087305074557662,,,0.0975824370980263,0.0578322410583496
2450.0,-0.0226446148008108,-0.046285342425108,-0.0373477935791016,-0.0118320463225245,-0.0021914483513683,-0.0330196395516396,0.0122304921969771,0.0034414292313158,-0.010980511084199,-0.0080039026215672,-0.0205039978027344,-0.0369728095829487,-0.010441399179399,0.0200664531439543,0.0248008724302053,0.0235820766538382,-0.0176054965704679,0.0086367605254054,,,0.0974495932459831,0.057683851569891
2460.0,-0.0225899703800678,-0.0462072379887104,-0.037285327911377,-0.0117930416017771,-0.0021210671402514,-0.0329728126525879,0.0123789785429835,0.0034805298782885,-0.0110117914155126,-0.0080273626372218,-0.0205508228391409,-0.0368947051465511,-0.010441399179399,0.0201601982116699,0.0248165130615234,0.0235587116330862,-0.0177070628851652,0.0085586551576852,,,0.0973089262843132,0.0575353614985943
2470.0,-0.0225274097174406,-0.0461290366947651,-0.0372227691113949,-0.0117539409548044,-0.0020586014725267,-0.0329258926212788,0.0125273708254099,0.0035273551475256,-0.0110351564362645,-0.0080508235841989,-0.0205977447330952,-0.0368165038526058,-0.010441399179399,0.0202539451420307,0.0248321536928415,0.0235430728644133,-0.0178008079528809,0.008464909158647,,,0.0971761718392372,0.0573791526257992
2480.0,-0.0224727634340525,-0.0460509322583675,-0.0371603034436703,-0.0117148403078318,-0.0019961358048021,-0.0328868888318539,0.0126993181183934,0.0035742761101573,-0.0110507970675826,-0.008058643899858,-0.0206367503851652,-0.036738395690918,-0.010441399179399,0.0203476902097464,0.0248477943241596,0.0235196109861135,-0.0178945548832417,0.0083789825439453,,,0.0970355048775673,0.0572306625545025
2490.0,-0.0224102027714252,-0.0459728240966797,-0.0371055603027344,-0.0116836549714208,-0.0019335746765136,-0.0328399650752544,0.0128555297851563,0.0036211013793945,-0.0110742570832372,-0.0080742835998535,-0.0206758510321379,-0.0366681106388569,-0.0104336738586426,0.0204415321350098,0.02486333809793,0.023496150970459,-0.0179882999509573,0.0082929609343409,,,0.0968949347734451,0.0570822730660439
2500.0,-0.0223555564880371,-0.0458947196602821,-0.0370430946350098,-0.0116445543244481,-0.001871109008789,-0.0328008644282818,0.0130039220675826,0.0036680221091955,-0.0110820773988962,-0.0080821039155125,-0.0207071304321289,-0.0365978255867958,-0.0104180341586471,0.0205352790653706,0.0248867999762297,0.0234806071966887,-0.0180743224918842,0.0082148555666208,,,0.0967542678117752,0.0569337867200375
2510.0,-0.0223008152097464,-0.0458244346082211,-0.0369806289672852,-0.0116055486723781,-0.0018163680797442,-0.0327618606388569,0.013160228729248,0.0037148476112633,-0.0110977170988917,-0.0080898283049464,-0.0207383166998625,-0.0365118980407715,-0.010402393527329,0.0206290241330862,0.0249102599918842,0.0234649665653706,-0.0181524287909269,0.0081367492675781,,,0.0966214165091515,0.0567853935062885
2520.0,-0.0222461707890034,-0.0457696914672852,-0.0369258895516396,-0.0115742683410645,-0.0017695426940918,-0.0327305793762207,0.0133086210116744,0.003753948258236,-0.0111055374145508,-0.0080898283049464,-0.0207695960998535,-0.0364258773624897,-0.0103789335116744,0.020722771063447,0.0249259006232023,0.023441506549716,-0.0182383544743061,0.0080664632841944,,,0.0964808464050293,0.0566447265446186
2530.0,-0.0221915245056152,-0.0456994064152241,-0.0368712432682514,-0.0115351676940918,-0.0017226219642907,-0.0326992981135845,0.0134571073576808,0.0038007737603038,-0.0111133577302098,-0.0080976486206054,-0.0208086967468262,-0.0363477729260921,-0.0103554725646973,0.0208086967468262,0.0249493606388569,0.0234258659183979,-0.0183399207890034,0.0079883579164743,,,0.0963401794433594,0.0565041564404964
2540.0,-0.0221367832273245,-0.0456446669995785,-0.0368165038526058,-0.0115039823576808,-0.001691436744295,-0.0326681137084961,0.0136054996401072,0.0038398744072765,-0.0111211780458689,-0.0080976486206054,-0.0208398830145597,-0.0362696647644043,-0.0103242872282863,0.0208946224302053,0.0249649044126272,0.0234102252870798,-0.018402386456728,0.007910156622529,,,0.0961996093392372,0.0563556663691998
2550.0,-0.0220821388065815,-0.0455900207161903,-0.0367618575692177,-0.0114727020263672,-0.001644516014494,-0.0326368324458599,0.0137461666017771,0.0038711547385901,-0.0111367227509618,-0.0080976486206054,-0.0208711624145508,-0.0362071990966797,-0.0103008272126317,0.0209805499762297,0.0249805450439453,0.0233945846557617,-0.0184727665036917,0.0078320503234863,,,0.0960589423775673,0.0562150962650776
2560.0,-0.0220352169126272,-0.0455197356641293,-0.0367149375379086,-0.0114414216950536,-0.0015976906288415,-0.0325900092720985,0.0138867376372218,0.0039179804734885,-0.0111367227509618,-0.0080898283049464,-0.0209102630615234,-0.0361289978027344,-0.010261726565659,0.0210664756596088,0.0249805450439453,0.0233790408819914,-0.0185508728027344,0.0077617648057639,,,0.0959261879324913,0.0560666099190712
2570.0,-0.0219805724918842,-0.0454493537545204,-0.0366602912545204,-0.0114102363586426,-0.0015585899818688,-0.0325587280094624,0.0140352249145508,0.0039649009704589,-0.0111367227509618,-0.0080821039155125,-0.0209336280822754,-0.0360587127506733,-0.010230541229248,0.021152401342988,0.0249883662909269,0.0233634002506733,-0.0186211597174406,0.0076914788223803,,,0.0957855209708214,0.0559338591992855
2580.0,-0.0219258312135935,-0.0453712455928326,-0.0366133712232113,-0.011378956027329,-0.0015039443969726,-0.0325118079781532,0.0141757968813181,0.0040117264725267,-0.0111367227509618,-0.0080742835998535,-0.0209649093449116,-0.0359884276986122,-0.0101914405822754,0.0212305076420307,0.0249805450439453,0.0233477596193552,-0.0186914447695017,0.007621097844094,,,0.0956448540091515,0.0557931922376156
2590.0,-0.0218711849302053,-0.0453009605407715,-0.0365587249398232,-0.0113398553803563,-0.0014570236671716,-0.032472800463438,0.0143242841586471,0.0040508271194994,-0.0111367227509618,-0.0080508235841989,-0.0210040099918842,-0.0359181426465511,-0.0101523399353027,0.021308708935976,0.0249883662909269,0.0233399402350187,-0.0187540054321289,0.0075586321763694,,,0.0955042839050293,0.0556525252759457
2600.0,-0.0218242648988962,-0.0452306754887104,-0.0365118980407715,-0.0113086700439453,-0.0014257431030273,-0.0324415229260921,0.0144648551940918,0.0040976526215672,-0.0111367227509618,-0.0080430032685399,-0.0210351943969727,-0.0358477607369423,-0.0101133352145553,0.0213868152350187,0.0249961856752634,0.0233242996037006,-0.0188242923468351,0.0074883461929857,,,0.0953636169433594,0.0555197708308697
2610.0,-0.0217696186155081,-0.0451759360730648,-0.0364571586251259,-0.0112773897126317,-0.0013867378002032,-0.032410241663456,0.0146133424714208,0.0041367532685399,-0.0111367227509618,-0.0080273626372218,-0.0210586544126272,-0.0357696525752544,-0.0100664142519236,0.0214571002870798,0.025019645690918,0.0233086589723825,-0.0188867580145597,0.0074179652146995,,,0.0952230468392372,0.0553791038691998
2620.0,-0.021722698584199,-0.0451134704053402,-0.0364103317260742,-0.0112461093813181,-0.0013398170704022,-0.0323712341487408,0.0147461891174316,0.0041757584549486,-0.0111367227509618,-0.0080117229372263,-0.0210899356752634,-0.0356993675231934,-0.0100274085998535,0.0215352065861225,0.0250431057065725,0.0233008395880461,-0.018949318677187,0.0073476792313158,,,0.0950902029871941,0.0552463531494141
2630.0,-0.0216758735477924,-0.0450509078800678,-0.0363555923104286,-0.011207103729248,-0.0013008117675781,-0.0323399566113949,0.014886761084199,0.0042148591019213,-0.0111367227509618,-0.0079960823059082,-0.0211212169378996,-0.0356212630867958,-0.0099804876372218,0.0215977672487497,0.0250664707273245,0.0232852939516306,-0.0190117843449116,0.0072852135635912,,,0.0949496254324913,0.0551056861877441
2640.0,-0.0216211322695017,-0.0449884422123432,-0.036308765411377,-0.0111758233979344,-0.001253891037777,-0.0323008559644222,0.0150274280458689,0.004261780064553,-0.0111367227509618,-0.0079805376008153,-0.021152401342988,-0.035550881177187,-0.0099336626008153,0.0216758735477924,0.0250977519899607,0.0232774745672941,-0.0190664287656546,0.0072226524353027,,,0.0948089584708214,0.0549728386104107
2650.0,-0.0215743072330952,-0.0449181571602821,-0.0362618453800678,-0.0111367227509618,-0.0011992454528808,-0.032261848449707,0.0151601796969771,0.0043007852509617,-0.0111367227509618,-0.0079648969694972,-0.0211758613586426,-0.0354805961251259,-0.0098945619538426,0.0217461585998535,0.0251290332525969,0.023261833935976,-0.0191289912909269,0.0071601867675781,,,0.0946761146187782,0.054840087890625
2660.0,-0.0215273853391409,-0.0448555946350098,-0.0362150184810162,-0.0110977170988917,-0.0011523247230798,-0.0322305671870708,0.015293026342988,0.0043398858979344,-0.0111289024353027,-0.0079492572695016,-0.0211993213742971,-0.0354103110730648,-0.0098477369174361,0.0218165405094624,0.0251523982733488,0.0232461933046579,-0.0191836357116699,0.0070977210998535,,,0.0945355445146561,0.0547072403132915
2670.0,-0.0214727409183979,-0.0447931289672852,-0.0361602790653706,-0.0110664367675781,-0.0011133194202557,-0.0321993827819824,0.0154258729889989,0.0043867114000022,-0.0111211780458689,-0.0079257963225245,-0.0212305076420307,-0.035339929163456,-0.0098008159548044,0.0218868255615234,0.0251758582890034,0.0232383739203215,-0.0192383769899607,0.007042980287224,,,0.0944026932120323,0.0545743964612484
2680.0,-0.0214258190244436,-0.0447306632995605,-0.0361212752759457,-0.0110273361206055,-0.001074218773283,-0.0321681015193462,0.0155586246401072,0.0044258120469749,-0.0111211780458689,-0.007910156622529,-0.0212617870420218,-0.0352618210017681,-0.0097538949921727,0.021949291229248,0.0252071376889944,0.0232227332890034,-0.0193008426576853,0.0069805146194994,,,0.0942698493599892,0.0544416420161724
2690.0,-0.0213789939880371,-0.0446759238839149,-0.0360743515193462,-0.0109961507841945,-0.0010351181263104,-0.0321368239820004,0.015683650970459,0.0044648172333836,-0.0111133577302098,-0.0078945159912109,-0.0212852489203215,-0.035191535949707,-0.0097070699557662,0.0220118518918753,0.0252305995672941,0.0232149120420218,-0.0193477626889944,0.0069335936568677,,,0.0941370949149132,0.0543166175484657
2700.0,-0.021332073956728,-0.0446212776005268,-0.0360274314880371,-0.0109570501372218,-0.0009961128234863,-0.0321133621037006,0.0158008579164743,0.0045039178803563,-0.0111055374145508,-0.007878971286118,-0.0213165283203125,-0.0351290702819824,-0.0096601489931345,0.0220743175595999,0.0252462383359671,0.0231992732733488,-0.0194024089723825,0.0068789483048021,,,0.0939964279532433,0.0541837699711323
2710.0,-0.0212930683046579,-0.0445743575692177,-0.0359884276986122,-0.0109258657321334,-0.0009648323175497,-0.0320821776986122,0.0159258842468262,0.0045351982116699,-0.0111055374145508,-0.0078633306547999,-0.0213477145880461,-0.0350508689880371,-0.0096211433410644,0.0221367832273245,0.025269603356719,0.0231837276369333,-0.0194493290036917,0.0068242074921727,,,0.0938636809587479,0.0540588386356831
2720.0,-0.0212461482733488,-0.044527530670166,-0.0359493270516396,-0.0108945844694972,-0.0009335518116131,-0.0320587158203125,0.0160351749509573,0.0045742033980786,-0.0111055374145508,-0.0078476909548044,-0.0213711746037006,-0.0349884033203125,-0.0095742223784327,0.0221915245056152,0.0252852439880371,0.0231759082525969,-0.0195039752870798,0.0067695616744458,,,0.0937308296561241,0.0539338104426861
2730.0,-0.0212071426212788,-0.0444727912545204,-0.0359103195369244,-0.0108633041381836,-0.000894546508789,-0.0320274345576763,0.0161523818969727,0.0046133040450513,-0.0111133577302098,-0.0078242300078272,-0.0213946346193552,-0.0349102988839149,-0.0095352176576852,0.0222461707890034,0.0253008846193552,0.0231602676212788,-0.0195586215704679,0.0067226411774754,,,0.093597985804081,0.0538087859749794
2740.0,-0.0211602207273245,-0.0444181449711323,-0.0358712188899517,-0.01083202380687,-0.0008632660028524,-0.0320040695369244,0.016269588842988,0.0046445848420262,-0.0111055374145508,-0.0078085898421704,-0.0214258190244436,-0.0348400138318539,-0.0094882966950535,0.0223009120672941,0.0253165252506733,0.0231446269899607,-0.0196133609861135,0.0066601755097508,,,0.0934574156999588,0.0536837577819824
2750.0,-0.021113395690918,-0.0443712249398232,-0.035832118242979,-0.010800838470459,-0.0008319854969158,-0.0319806113839149,0.0163867957890034,0.0046835900284349,-0.0111055374145508,-0.0077852248214185,-0.0214492809027433,-0.034769631922245,-0.0094492910429835,0.0223555564880371,0.0253243446350098,0.0231289863586426,-0.0196601878851652,0.0066055296920239,,,0.0933245643973351,0.0535510070621967
2760.0,-0.0210742950439453,-0.0443243980407715,-0.0357931144535542,-0.0107695581391454,-0.0008008003351278,-0.0319571495056152,0.0164961814880371,0.0047070505097508,-0.0111055374145508,-0.0077617648057639,-0.0214727409183979,-0.0346993468701839,-0.0094101903960108,0.0224024783819914,0.0253399852663279,0.0231211669743061,-0.0197149273008108,0.0065507888793945,,,0.0931917205452919,0.0534338019788265
2770.0,-0.0210351943969727,-0.0442696586251259,-0.0357540138065815,-0.0107382778078318,-0.0007616996881552,-0.0319336913526058,0.016605569049716,0.0047539710067212,-0.0110977170988917,-0.0077461241744458,-0.0215040203183889,-0.0346368812024593,-0.0093710897490382,0.0224571228027344,0.0253477096557617,0.023105526342988,-0.0197617541998625,0.0065039633773267,,,0.0930511504411697,0.0533087737858295
2780.0,-0.0209961887449026,-0.0442150123417377,-0.0357228294014931,-0.0107070924714208,-0.0007305145263671,-0.0319025032222271,0.0167226791381836,0.0047851563431322,-0.0110977170988917,-0.0077226641587913,-0.0215352065861225,-0.034574318677187,-0.0093320850282907,0.022496223449707,0.0253555309027433,0.0230899807065725,-0.0198164936155081,0.0064492225646972,,,0.092918299138546,0.0531838424503803
2790.0,-0.02095708809793,-0.0441603660583496,-0.0356837287545204,-0.0106758121401072,-0.0006914138793945,-0.0318790450692177,0.016839886084199,0.0048242569901049,-0.0110898977145553,-0.0076992036774754,-0.0215664859861135,-0.0345040336251259,-0.009292984381318,0.0225430484861135,0.0253555309027433,0.0230743419378996,-0.0198633205145597,0.0064023970626294,,,0.0927855521440506,0.0530588142573833
2800.0,-0.0209102630615234,-0.044105626642704,-0.0356446281075478,-0.0106445318087935,-0.0006523132324218,-0.031855583190918,0.0169492717832327,0.0048555373214185,-0.0110898977145553,-0.0076758386567235,-0.0216055866330862,-0.0344337485730648,-0.009253978729248,0.0225899703800678,0.0253555309027433,0.0230587013065815,-0.0199180599302053,0.00634765625,,,0.0926527008414268,0.0529416091740131
2810.0,-0.0208711624145508,-0.0440587997436523,-0.0356134437024593,-0.0106133464723825,-0.0006133079878054,-0.0318243019282818,0.0170586593449116,0.0048945429734885,-0.0110898977145553,-0.0076523781754076,-0.0216445922851563,-0.0343711860477924,-0.0092226983979344,0.0226289760321379,0.0253633502870798,0.0230430606752634,-0.0199570655822754,0.0063086510635912,,,0.0925198569893837,0.0528244040906429
2820.0,-0.0208320617675781,-0.0440118797123432,-0.0355821624398232,-0.0105898855254054,-0.0005820274236612,-0.0318009369075298,0.0171680450439453,0.0049258233048021,-0.0110898977145553,-0.0076367380097508,-0.0216602329164743,-0.0343009009957314,-0.0091835977509617,0.0226680766791105,0.0253633502870798,0.0230274200439453,-0.019996166229248,0.0062617301009595,,,0.0923792868852615,0.052699375897646
2830.0,-0.0208008773624897,-0.0439650528132915,-0.0355430617928505,-0.0105586051940918,-0.0005429267766885,-0.0317774787545204,0.0172774326056242,0.0049648284912109,-0.0110977170988917,-0.0076132775284349,-0.0216836929321289,-0.0342306159436703,-0.0091524124145507,0.0227070804685354,0.0253555309027433,0.0230117794126272,-0.0200430881232023,0.0062070847488939,,,0.0922464355826378,0.0525822639465332
2840.0,-0.0207695960998535,-0.0439259521663189,-0.0355118773877621,-0.0105351451784372,-0.0005039215320721,-0.0317540168762207,0.0173789989203215,0.0049882889725267,-0.0110898977145553,-0.007589912507683,-0.0217148791998625,-0.0341680534183979,-0.0091211320832371,0.0227383617311716,0.0253555309027433,0.0229961406439543,-0.0200820919126272,0.0061679841019213,,,0.0921135917305946,0.052465058863163
2850.0,-0.0207305904477835,-0.0438712127506733,-0.0354805961251259,-0.0105039598420262,-0.0004804611380677,-0.0317305587232113,0.0174883846193552,0.0050273896194994,-0.0110977170988917,-0.0075664520263671,-0.0217305179685354,-0.0340977683663368,-0.0090898517519235,0.0227696429938078,0.0253477096557617,0.0229805950075388,-0.0201211925595999,0.0061289789155125,,,0.0919808372855186,0.0523478500545025
2860.0,-0.0206914898008108,-0.0438322089612484,-0.0354414954781532,-0.0104726795107126,-0.0004491806030273,-0.0317071937024593,0.017582131549716,0.0050585749559104,-0.0110977170988917,-0.0075429915450513,-0.0217539798468351,-0.0340353026986122,-0.0090508460998535,0.0228008273988962,0.0253477096557617,0.0229649543762207,-0.0201523788273335,0.0060898782685399,,,0.0918479934334755,0.0522306449711323
2870.0,-0.0206523891538382,-0.0437931083142757,-0.0354103110730648,-0.0104492185637355,-0.0004179954703431,-0.0316915512084961,0.0176836978644133,0.0050976756028831,-0.0111055374145508,-0.0075195315293967,-0.0217852592468262,-0.0339650176465511,-0.0090195657685399,0.0228321086615324,0.0253399852663279,0.0229571349918842,-0.0201914794743061,0.0060507776215672,,,0.0917229652404785,0.0521134398877621
2880.0,-0.0206133853644133,-0.0437462814152241,-0.0353790298104286,-0.0104258535429835,-0.0003945350763387,-0.0316680930554867,0.0177774429321289,0.0051133157685399,-0.0111211780458689,-0.0074960710480809,-0.0218008998781443,-0.0339024551212788,-0.0089882854372263,0.022855568677187,0.0253321658819914,0.0229414943605661,-0.0202149394899607,0.0060195922851562,,,0.0915980339050293,0.0520119667053223
2890.0,-0.0205821041017771,-0.0437071807682514,-0.0353555679321289,-0.010410213842988,-0.0003632545412983,-0.031644631177187,0.0178711898624897,0.0051523209549486,-0.0111133577302098,-0.0074648857116699,-0.0218242648988962,-0.0338399894535542,-0.0089649204164743,0.022886848077178,0.0253243446350098,0.022925853729248,-0.0202461238950491,0.0059726717881858,,,0.0914651900529861,0.0518947616219521
2900.0,-0.0205430034548044,-0.0436603538691998,-0.0353243835270405,-0.0103867528960109,-0.0003320694086141,-0.0316133499145508,0.0179649349302053,0.0051914216019213,-0.0111133577302098,-0.0074492455460131,-0.0218477249145508,-0.0337774269282818,-0.0089336400851607,0.02291021309793,0.0253165252506733,0.0229023937135935,-0.0202852245420218,0.005925846286118,,,0.0913323387503624,0.0517775528132915
2910.0,-0.020511819049716,-0.0436134338378906,-0.0352931022644043,-0.0103632928803563,-0.0003007888735737,-0.0315978042781353,0.0180508624762297,0.0052227019332349,-0.0111133577302098,-0.0074179652146995,-0.021879006177187,-0.0337149612605572,-0.0089023588225245,0.0229336749762297,0.0253165252506733,0.022886848077178,-0.020332146435976,0.0058789253234863,,,0.091199591755867,0.0516603477299213
2920.0,-0.0204727184027433,-0.0435587875545025,-0.0352696441113949,-0.0103398328647017,-0.0002616882266011,-0.0315743461251259,0.0181446075439453,0.0052538872696459,-0.0111211780458689,-0.0074023245833814,-0.0218946468085051,-0.0336524955928326,-0.0088788988068699,0.0229571349918842,0.0253087040036917,0.0228712093085051,-0.0203711520880461,0.0058242799714207,,,0.0910589247941971,0.0515431426465511
2930.0,-0.0204414371401072,-0.0435275100171566,-0.0352384559810162,-0.0103164678439498,-0.000230503079365,-0.0315508842468262,0.0182305332273245,0.0052773477509617,-0.0111211780458689,-0.0073711397126317,-0.0219101905822754,-0.033597756177187,-0.0088477134704589,0.0229805950075388,0.0253008846193552,0.022855568677187,-0.0204102527350187,0.005777359008789,,,0.0909261703491211,0.0514259338378906
2940.0,-0.0204102527350187,-0.043465044349432,-0.0352149978280067,-0.0102930068969727,-0.0001992225734284,-0.0315274260938168,0.0183242801576853,0.0053086280822753,-0.0111211780458689,-0.0073554995469749,-0.02193365059793,-0.0335352905094624,-0.0088242534548044,0.0230117794126272,0.0253008846193552,0.0228399280458689,-0.0204492565244436,0.0057305335067212,,,0.0907933264970779,0.0513088218867779
2950.0,-0.0203711520880461,-0.0434181205928326,-0.035191535949707,-0.0102773671969771,-0.0001679420529399,-0.0315040610730648,0.0184102058410645,0.0053399088792502,-0.0111211780458689,-0.007332039065659,-0.021949291229248,-0.0334728248417377,-0.0087929731234908,0.0230430606752634,0.0252930652350187,0.0228242874145508,-0.0204805377870798,0.0056914328597486,,,0.0906604751944542,0.0512072555720806
2960.0,-0.020332146435976,-0.0433712974190712,-0.0351602546870708,-0.01025390625,-0.0001367569057038,-0.0314884185791016,0.0184961315244436,0.00537109375,-0.0111289024353027,-0.0073085785843431,-0.0219727512449026,-0.0334180854260921,-0.0087696081027388,0.0230821613222361,0.0252852439880371,0.0228008273988962,-0.020511819049716,0.0056523322127759,,,0.0905277281999588,0.0510900504887104
2970.0,-0.0203008651733398,-0.0433243773877621,-0.0351368896663189,-0.0102383615449071,-0.0001132965116994,-0.0314649604260921,0.0185743328183889,0.0054023745469749,-0.0111367227509618,-0.0072930338792502,-0.0219883918762207,-0.0333556197583675,-0.0087461471557617,0.0231211669743061,0.0252774246037006,0.0227852817624807,-0.0205351840704679,0.0056133270263671,,,0.0903948768973351,0.0509806647896767
2980.0,-0.0202695857733488,-0.0432697311043739,-0.035121250897646,-0.010222720913589,-8.20159912109375e-05,-0.0314258597791195,0.0186524391174316,0.0054258345626294,-0.0111367227509618,-0.0072695733979344,-0.0220117568969727,-0.0333008766174316,-0.0087226871401071,0.0231680870056152,0.025269603356719,0.0227696429938078,-0.0205821041017771,0.0055820466950535,,,0.0902698561549187,0.0508790984749794
2990.0,-0.0202305801212788,-0.0432228110730648,-0.0350899696350098,-0.0102070812135935,-5.07354743604083e-05,-0.0313790328800678,0.0187383648008108,0.0054570198990404,-0.0111367227509618,-0.0072539332322776,-0.0220273975282907,-0.033238410949707,-0.00869922619313,0.0232149120420218,0.025269603356719,0.0227540023624897,-0.0206055641174316,0.0055352211929857,,,0.0901371017098427,0.0507540702819824
3000.0,-0.0201992988586426,-0.0431759841740131,-0.0350665114820004,-0.0101914405822754,-2.73704536084551e-05,-0.0313477516174316,0.0188164710998535,0.005488300230354,-0.0111367227509618,-0.0072382926009595,-0.0220430381596088,-0.0331759452819824,-0.0086757661774754,0.0232774745672941,0.0252617839723825,0.0227383617311716,-0.0206290241330862,0.0054961205460131,,,0.0900042578577995,0.0506446845829487
3010.0,-0.0201601982116699,-0.043129064142704,-0.0350431464612484,-0.0101758008822799,-3.91006460631615e-06,-0.0313087478280067,0.0188945773988962,0.0055195810273289,-0.0111445430666208,-0.0072226524353027,-0.0220664981752634,-0.0331290252506733,-0.0086524011567235,0.0233555790036917,0.0252539645880461,0.022714901715517,-0.0206445697695017,0.0054648402146995,,,0.0898792296648026,0.0505431182682514
3020.0,-0.0201290138065815,-0.0430822372436523,-0.0350196845829487,-0.0101679805666208,1.95503234863281e-05,-0.0312774665653706,0.0189649593085051,0.0055430415086448,-0.0111523633822799,-0.0072070122696459,-0.0220821388065815,-0.0330743789672852,-0.0086367605254054,0.0234336853027344,0.0252462383359671,0.0226993560791016,-0.0206758510321379,0.0054258345626294,,,0.0897464752197266,0.0504338257014751
3030.0,-0.0200899131596088,-0.0430274978280067,-0.0350040458142757,-0.0101601602509618,4.30107138527092e-05,-0.0312461853027344,0.0190430637449026,0.0055585862137377,-0.0111680030822754,-0.007191467564553,-0.0221055038273335,-0.0330196395516396,-0.0086133005097508,0.0235039722174406,0.0252384189516306,0.0226837154477835,-0.0206993110477924,0.0053867339156568,,,0.0896136313676834,0.0503244400024414
3040.0,-0.0200508125126362,-0.0429883971810341,-0.034980583935976,-0.0101445196196437,6.63757309666835e-05,-0.031215000897646,0.0191211700439453,0.0055976868607103,-0.0111758233979344,-0.0071758269332349,-0.022128963842988,-0.0329649932682514,-0.0085976598784327,0.0235743522644043,0.0252305995672941,0.0226602554321289,-0.0207149516791105,0.0053554535843431,,,0.0894886031746864,0.0502228736877441
3050.0,-0.0200196262449026,-0.0429415702819824,-0.0349571220576763,-0.0101367952302098,8.98361249710433e-05,-0.0311759002506733,0.0191914569586515,0.0056211473420262,-0.0111914640292525,-0.0071601867675781,-0.0221446044743061,-0.0329102538526058,-0.0085742948576808,0.0236446391791105,0.0252227783203125,0.0226446148008108,-0.0207383166998625,0.0053242682479322,,,0.0893636718392372,0.0501134879887104
3060.0,-0.0199883468449116,-0.0428946502506733,-0.0349415801465511,-0.0101289749145508,0.0001054763779393,-0.0311446189880371,0.0192618370056152,0.0056523322127759,-0.011199283413589,-0.0071523669175803,-0.0221680644899607,-0.0328556075692177,-0.0085508348420262,0.0237149242311716,0.025214958935976,0.0226211547851563,-0.020761776715517,0.0052851676009595,,,0.0892308279871941,0.0500041022896767
3070.0,-0.0199492461979389,-0.0428556464612484,-0.0349259376525879,-0.0101211545988917,0.0001289367646677,-0.0311134345829487,0.0193243026733398,0.0056757926940918,-0.011207103729248,-0.0071367262862622,-0.0221837051212788,-0.0328008644282818,-0.0085351942107081,0.0237852092832327,0.0252071376889944,0.0226055141538382,-0.0207774173468351,0.0052538872696459,,,0.0890979766845703,0.0499025359749794
3080.0,-0.0199180599302053,-0.042808722704649,-0.0349102988839149,-0.0101211545988917,0.0001523017854196,-0.031074333935976,0.0193945895880461,0.0057070734910666,-0.0112149240449071,-0.0071132662706077,-0.0221993457525969,-0.0327462218701839,-0.0085195545107126,0.0238477718085051,0.0251993183046579,0.0225899703800678,-0.0208008773624897,0.0052148820832371,,,0.0889730453491211,0.0498009696602821
3090.0,-0.0198867805302143,-0.0427618995308876,-0.0348868370056152,-0.0101133352145553,0.000175762179424,-0.0310352332890034,0.0194648746401072,0.0057305335067212,-0.011222648434341,-0.0071054459549486,-0.0222227107733488,-0.0326992981135845,-0.0084960935637354,0.0239180568605661,0.0251914989203215,0.0225665103644133,-0.0208243373781443,0.0051836012862622,,,0.0888480171561241,0.0496994033455849
3100.0,-0.0198477748781443,-0.0427149794995785,-0.0348711982369423,-0.0101055148988962,0.0001914024323923,-0.0310118682682514,0.0195274353027344,0.0057460786774754,-0.01123046875,-0.0070977210998535,-0.0222461707890034,-0.0326446555554867,-0.0084804538637399,0.0239883419126272,0.0251758582890034,0.0225508697330952,-0.0208477023988962,0.0051523209549486,,,0.088715173304081,0.0495978370308876
3110.0,-0.0198164936155081,-0.0426837913691998,-0.034855555742979,-0.0101055148988962,0.0002148628263967,-0.0309727676212788,0.019589900970459,0.005777359008789,-0.0112461093813181,-0.0070820809341967,-0.0222618114203215,-0.0325900092720985,-0.008464909158647,0.0240587238222361,0.0251680370420218,0.0225274097174406,-0.0208633430302143,0.0051211356185376,,,0.0885823294520378,0.0494962707161903
3120.0,-0.0197773929685354,-0.0426368713378906,-0.0348400138318539,-0.0101055148988962,0.000230503079365,-0.0309336669743061,0.0196602828800678,0.0058008194901049,-0.0112539296969771,-0.0070742606185376,-0.0222774501889944,-0.0325352661311626,-0.0084414482116699,0.0241290088742971,0.0251602176576853,0.0225117690861225,-0.0208868030458689,0.005089855287224,,,0.0884573981165886,0.0493947044014931
3130.0,-0.0197539329528809,-0.042597770690918,-0.0348243713378906,-0.0101055148988962,0.0002538681146688,-0.0308946613222361,0.0197149273008108,0.0058242799714207,-0.0112617490813136,-0.0070586204528808,-0.022308636456728,-0.0324806235730648,-0.0084258085116744,0.0241914745420218,0.0251446720212698,0.0224884040653706,-0.0209102630615234,0.0050508501008153,,,0.0883245468139648,0.0492931380867958
3140.0,-0.0197149273008108,-0.0425509475171566,-0.0348087325692177,-0.0101055148988962,0.0002773285086732,-0.0308555606752634,0.0197773929685354,0.0058554648421704,-0.0112773897126317,-0.0070508006028831,-0.0223242770880461,-0.0324258804321289,-0.0084101678803563,0.0242540370672941,0.0251368526369333,0.0224727634340525,-0.0209336280822754,0.0050195693038404,,,0.0881995186209679,0.0491915717720985
3150.0,-0.0196836479008198,-0.0425196662545204,-0.0347930900752544,-0.0101055148988962,0.0002929687616415,-0.0308165550231934,0.0198321342468262,0.0058789253234863,-0.0112930303439498,-0.007035159971565,-0.0223477371037006,-0.0323790572583675,-0.0083945272490382,0.0243399627506733,0.0251290332525969,0.0224571228027344,-0.0209492687135935,0.0049804686568677,,,0.0880667716264725,0.0490900054574013
3160.0,-0.0196524616330862,-0.0424728393554688,-0.0347774513065815,-0.0101055148988962,0.0003164291556458,-0.0307774543762207,0.0198945999145508,0.0059023858048021,-0.0113008497282863,-0.0070195198059082,-0.0223633777350187,-0.0323164947330952,-0.0083788875490427,0.024418069049716,0.0251212120056152,0.0224336627870798,-0.0209649093449116,0.004949283786118,,,0.0879339203238487,0.0489962585270405
3170.0,-0.0196211822330952,-0.0424259193241596,-0.0347618125379086,-0.0101055148988962,0.0003398895205464,-0.0307461749762297,0.0199493411928415,0.005925846286118,-0.0113164903596044,-0.0070039751008153,-0.0223790165036917,-0.0322696678340435,-0.0083633428439497,0.0244805347174406,0.0251133926212788,0.0224180221557617,-0.0209805499762297,0.0049180029891431,,,0.0878088995814323,0.0488946922123432
3180.0,-0.0195820815861225,-0.0423869155347347,-0.0347462669014931,-0.0101055148988962,0.0003554344293661,-0.030699348077178,0.019996166229248,0.0059492113068699,-0.0113320350646973,-0.0069883349351584,-0.0224023815244436,-0.0322071090340614,-0.0083555225282907,0.0245664604008198,0.0251055713742971,0.0224024783819914,-0.0210040099918842,0.0048867226578295,,,0.0876839682459831,0.048793125897646
3190.0,-0.0195586215704679,-0.0423478148877621,-0.0347384475171566,-0.0101055148988962,0.0003710746823344,-0.0306602474302053,0.0200509075075388,0.0059726717881858,-0.0113398553803563,-0.0069805146194994,-0.0224258434027433,-0.0321524627506733,-0.0083398818969726,0.0246368404477835,0.0250899326056242,0.0223790165036917,-0.0210273750126362,0.0048477174714207,,,0.0875511169433594,0.0486993789672852
3200.0,-0.0195274353027344,-0.0423087142407894,-0.0347228050231934,-0.0101133352145553,0.0003867149353027,-0.0306212436407804,0.0200977325439453,0.0060039521194994,-0.0113476756960154,-0.0069648744538426,-0.0224414821714163,-0.0321133621037006,-0.0083242421969771,0.0247071273624897,0.0250742919743061,0.0223555564880371,-0.0210351943969727,0.0048164366744458,,,0.0874182730913162,0.0485978126525879
3210.0,-0.0194961559027433,-0.0422697067260742,-0.0347149856388569,-0.0101211545988917,0.000402355188271,-0.0305821429938078,0.0201446544378996,0.0060274126008153,-0.0113633153960109,-0.0069570541381835,-0.022464944049716,-0.0320587158203125,-0.008308601565659,0.0247774124145508,0.0250664707273245,0.022339915856719,-0.0210586544126272,0.0047851563431322,,,0.087293341755867,0.0485040657222271
3220.0,-0.0194648746401072,-0.0422306060791016,-0.0347071662545204,-0.0101211545988917,0.0004179954703431,-0.0305430423468351,0.0201836582273245,0.0060507776215672,-0.011378956027329,-0.0069492342881858,-0.0224884040653706,-0.0320117957890034,-0.00830078125,0.0248321536928415,0.0250509269535542,0.0223164558410645,-0.0210664756596088,0.0047539710067212,,,0.08716831356287,0.0484103225171566
3230.0,-0.0194336902350187,-0.0421916022896767,-0.0346915237605572,-0.0101211545988917,0.0004336357233114,-0.0305040366947651,0.0202227588742971,0.006066417787224,-0.0113945966586471,-0.0069335936568677,-0.0225039478391409,-0.0319649688899517,-0.0082851415500044,0.0248946193605661,0.0250352863222361,0.0223009120672941,-0.0210821162909269,0.0047226906754076,,,0.0870354697108269,0.0483087562024593
3240.0,-0.0194024089723825,-0.042152501642704,-0.0346758849918842,-0.0101211545988917,0.0004570007440634,-0.0304649360477924,0.0202695857733488,0.0060898782685399,-0.0114102363586426,-0.0069179534912109,-0.0225274097174406,-0.0319180488586426,-0.008277416229248,0.0249570850282907,0.025019645690918,0.0222774501889944,-0.0210977550595999,0.0046835900284349,,,0.0869105383753777,0.0482150092720985
3250.0,-0.019378948956728,-0.0421134009957314,-0.0346680656075478,-0.0101289749145508,0.0004726409970317,-0.0304181110113859,0.0203086864203215,0.0061133387498557,-0.0114257810637355,-0.0069101336412131,-0.0225508697330952,-0.0318790450692177,-0.008269595913589,0.025019645690918,0.0250040050595999,0.0222618114203215,-0.021113395690918,0.0046524046920239,,,0.0867776870727539,0.0481134429574013
3260.0,-0.0193477626889944,-0.0420822165906429,-0.0346602462232113,-0.0101289749145508,0.00048828125,-0.0303790103644133,0.0203399658203125,0.0061367037706077,-0.0114414216950536,-0.006902408786118,-0.0225743297487497,-0.031839944422245,-0.0082539562135934,0.0250977519899607,0.0249883662909269,0.0222461707890034,-0.0211289413273335,0.0046211243607103,,,0.0866526588797569,0.0480196960270405
3270.0,-0.0193164832890034,-0.0420431159436703,-0.0346524231135845,-0.0101367952302098,0.0005039215320721,-0.0303321834653616,0.0203789714723825,0.0061601637862622,-0.0114570623263717,-0.0068945884704589,-0.0225976947695017,-0.0318009369075298,-0.0082383155822753,0.0251680370420218,0.0249727256596088,0.0222227107733488,-0.0211445819586515,0.0045898440293967,,,0.0865276381373405,0.0479259490966797
3280.0,-0.0192852020263672,-0.0420041084289551,-0.0346447005867958,-0.0101367952302098,0.0005195617559365,-0.0302930828183889,0.0204102527350187,0.0061758044175803,-0.0114727020263672,-0.0068789483048021,-0.0226211547851563,-0.0317618362605572,-0.0082304952666163,0.0252305995672941,0.0249649044126272,0.0222071651369333,-0.021152401342988,0.0045586586929857,,,0.0864027068018913,0.0478400252759457
3290.0,-0.0192461963742971,-0.0419728271663189,-0.0346290580928326,-0.0101445196196437,0.0005352020380087,-0.0302539821714163,0.0204415321350098,0.0061992644332349,-0.0114883426576853,-0.0068711279891431,-0.0226367954164743,-0.031714916229248,-0.0082226758822798,0.0253008846193552,0.0249493606388569,0.0221915245056152,-0.0211680419743061,0.0045273783616721,,,0.0862698554992676,0.0477462783455849
3300.0,-0.0192149169743061,-0.0419337265193462,-0.0346290580928326,-0.0101523399353027,0.0005430221790447,-0.0302149783819914,0.0204492565244436,0.006214905064553,-0.0115118026733398,-0.0068711279891431,-0.0226680766791105,-0.0316759124398232,-0.0082148555666208,0.0253555309027433,0.0249337200075388,0.0221680644899607,-0.0211836826056242,0.0044960975646972,,,0.0861448273062706,0.0476525314152241
3310.0,-0.0191836357116699,-0.0419025421142578,-0.0346134193241596,-0.0101523399353027,0.0005585670587606,-0.0301758777350187,0.0204961784183979,0.0062382700853049,-0.0115118026733398,-0.0068711279891431,-0.0226915366947651,-0.0316368117928505,-0.0082070352509617,0.0254180915653706,0.0249259006232023,0.0221524238586426,-0.0211993213742971,0.0044648172333836,,,0.0860120803117752,0.0475587844848633
3320.0,-0.0191524513065815,-0.0418634414672852,-0.0346055999398232,-0.0101601602509618,0.0005742073408328,-0.0301290508359671,0.0205196384340525,0.0062617301009595,-0.0115273473784328,-0.0068633081391453,-0.022714901715517,-0.0315978042781353,-0.0081913946196436,0.0254727359861135,0.0249102599918842,0.0221367832273245,-0.0212149620056152,0.0044258120469749,,,0.0858870521187782,0.0474650375545025
3330.0,-0.0191211700439453,-0.041832160204649,-0.0345977805554867,-0.0101679805666208,0.0005898475646972,-0.0300821308046579,0.0205430034548044,0.0062773707322776,-0.0115351676940918,-0.0068554878234863,-0.0227305423468351,-0.0315587036311626,-0.0081835752353072,0.0255352985113859,0.0248946193605661,0.0221211444586515,-0.0212226863950491,0.00439453125,,,0.0857620239257813,0.0473791137337685
3340.0,-0.0190898906439543,-0.0417931564152241,-0.0345977805554867,-0.0101758008822799,0.0005976677057333,-0.0300353057682514,0.0205586440861225,0.0063008307479322,-0.0115508083254099,-0.0068476679734885,-0.0227618217468262,-0.03151960298419,-0.0081758499145507,0.0255899429321289,0.024878978729248,0.0221055988222361,-0.0212461482733488,0.0043555260635912,,,0.0856292769312859,0.0472853668034077
3350.0,-0.0190587043762207,-0.0417618751525879,-0.0345977805554867,-0.0101836202666163,0.0006133079878054,-0.0299883838742971,0.0205821041017771,0.0063164713792502,-0.0115664480254054,-0.0068476679734885,-0.0227852817624807,-0.0314805991947651,-0.0081680295988917,0.025644589215517,0.02486333809793,0.0220821388065815,-0.0212539676576853,0.0043320655822753,,,0.0855042487382889,0.0471994392573833
3360.0,-0.0190274249762297,-0.0417227745056152,-0.0345899574458599,-0.0101914405822754,0.0006289482116699,-0.0299415588378906,0.0205977447330952,0.0063320160843431,-0.0115820886567235,-0.0068398476578295,-0.0228086467832327,-0.0314414985477924,-0.0081602102145552,0.0256993304938078,0.0248477943241596,0.0220664981752634,-0.0212774276733398,0.0043007852509617,,,0.0853792205452919,0.0471056960523129
3370.0,-0.0189961437135935,-0.0416915901005268,-0.0345821380615234,-0.0101992608979344,0.0006444930913858,-0.0298946388065815,0.0206133853644133,0.006355476565659,-0.0115977292880416,-0.0068320273421704,-0.0228321086615324,-0.031410314142704,-0.0081523898988962,0.0257539749145508,0.0248321536928415,0.0220508575439453,-0.0212774276733398,0.0042773247696459,,,0.0852541923522949,0.0470274947583675
3380.0,-0.0189649593085051,-0.0416524894535542,-0.034574318677187,-0.0102070812135935,0.0006601333734579,-0.029847813770175,0.0206368453800678,0.0063789370469749,-0.0116133689880371,-0.0068320273421704,-0.0228633880615234,-0.0313712134957314,-0.0081445695832371,0.0258087161928415,0.024808693677187,0.0220273975282907,-0.0212930683046579,0.0042461394332349,,,0.0851292610168457,0.0469415672123432
3390.0,-0.0189336780458689,-0.0416133888065815,-0.0345664992928505,-0.0102149015292525,0.000667953514494,-0.0298087131232023,0.0206523891538382,0.0063945772126317,-0.0116367340087891,-0.0068320273421704,-0.022886848077178,-0.0313399322330952,-0.0081367492675781,0.025855541229248,0.0247930530458689,0.0220118518918753,-0.0213008876889944,0.0042226794175803,,,0.0850042328238487,0.0468556396663189
3400.0,-0.0188945773988962,-0.0415743850171566,-0.034558679908514,-0.010222720913589,0.0006835937383584,-0.029761791229248,0.0206680297851563,0.0064180376939475,-0.0116523746401072,-0.0068320273421704,-0.02291021309793,-0.0313009284436703,-0.008128928951919,0.0259102825075388,0.0247774124145508,0.0219883918762207,-0.021308708935976,0.0041992189362645,,,0.0848870277404785,0.0467697158455849
3410.0,-0.0188633929938078,-0.0415431037545204,-0.0345431342720985,-0.010230541229248,0.0006914138793945,-0.0297071468085051,0.0206758510321379,0.0064335823990404,-0.0116758346557617,-0.0068320273421704,-0.0229336749762297,-0.0312696471810341,-0.008128928951919,0.0259649287909269,0.0247617717832327,0.0219727512449026,-0.0213242527097464,0.0041680335998535,,,0.0847619995474815,0.046691607683897
3420.0,-0.0188321117311716,-0.0415040962398052,-0.0345353148877621,-0.0102383615449071,0.0006992340204305,-0.0296602249145508,0.0206836704164743,0.0064492225646972,-0.0116914752870798,-0.0068242074921727,-0.0229571349918842,-0.0312305446714163,-0.0081211095675826,0.0260196682065725,0.0247384067624807,0.021949291229248,-0.0213242527097464,0.0041523934341967,,,0.0846370682120323,0.0466135032474995
3430.0,-0.0188008304685354,-0.0414649955928326,-0.0345196723937988,-0.010246085934341,0.0007226943853311,-0.0296133998781443,0.0206914898008108,0.0064726830460131,-0.0117148403078318,-0.0068242074921727,-0.0229805950075388,-0.0311993602663279,-0.0081211095675826,0.0260743144899607,0.0247227679938078,0.02193365059793,-0.021332073956728,0.0041289329528808,,,0.0845198631286621,0.0465353019535542
3440.0,-0.018769646063447,-0.0414258949458599,-0.0345040336251259,-0.010261726565659,0.0007305145263671,-0.0295742992311716,0.0207071304321289,0.0064805033616721,-0.0117304800078273,-0.0068242074921727,-0.0230117794126272,-0.0311680790036917,-0.0081132892519235,0.0261290557682514,0.0246993061155081,0.021918011829257,-0.0213477145880461,0.004105472471565,,,0.084387019276619,0.0464493744075298
3450.0,-0.0187383648008108,-0.041386891156435,-0.0344962142407894,-0.0102695468813181,0.000746059406083,-0.0295274741947651,0.0207149516791105,0.0065039633773267,-0.0117539409548044,-0.0068242074921727,-0.0230352412909269,-0.0311367996037006,-0.0081132892519235,0.0261758808046579,0.0246758460998535,0.0218946468085051,-0.021363353356719,0.0040741921402514,,,0.0842620879411697,0.0463712699711323
3460.0,-0.0186992641538382,-0.0413477905094624,-0.0344805717468262,-0.0102851865813136,0.0007616996881552,-0.0294805523008108,0.020722771063447,0.0065117836929857,-0.0117695806547999,-0.0068242074921727,-0.023066520690918,-0.0311056133359671,-0.0081054689362645,0.0262305270880461,0.0246603023260832,0.021879006177187,-0.0213789939880371,0.0040508271194994,,,0.0841370597481728,0.046285342425108
3470.0,-0.0186758041381836,-0.0413087867200375,-0.0344727523624897,-0.0102930068969727,0.0007695198291912,-0.0294337272644043,0.020722771063447,0.0065351487137377,-0.011785221286118,-0.0068242074921727,-0.0230977069586515,-0.0310821533203125,-0.0081054689362645,0.0262852665036917,0.0246368404477835,0.0218555461615324,-0.0213946346193552,0.0040195467881858,,,0.0840120315551758,0.0462072379887104
3480.0,-0.0186367984861135,-0.0412696860730648,-0.0344571135938168,-0.0103086475282907,0.0007851600530557,-0.0293946266174316,0.0207305904477835,0.0065507888793945,-0.0118320463225245,-0.0068163871765136,-0.0231211669743061,-0.0310508739203215,-0.0081054689362645,0.0263320934027433,0.0246133804321289,0.0218399055302143,-0.0214102752506733,0.0039960863068699,,,0.0838870033621788,0.0461291335523129
3490.0,-0.0186055190861225,-0.0412305854260921,-0.0344493873417377,-0.0103242872282863,0.0008008003351278,-0.0293478015810251,0.0207305904477835,0.0065586091950535,-0.0118398666381836,-0.0068163871765136,-0.0231446269899607,-0.0310196876525879,-0.0081054689362645,0.0263790134340525,0.0245899204164743,0.0218165405094624,-0.0214258190244436,0.003972721286118,,,0.0837620720267296,0.0460509322583675
3500.0,-0.0185742378234863,-0.041191577911377,-0.0344337485730648,-0.0103321075439453,0.0008086204761639,-0.029300881549716,0.0207305904477835,0.0065820696763694,-0.0118555072695017,-0.0068163871765136,-0.0231680870056152,-0.0309884082525969,-0.0081054689362645,0.0264336597174406,0.0245742797851563,0.0218008998781443,-0.0214414596557617,0.0039492608048021,,,0.0836448669433594,0.0459728240966797
3510.0,-0.0185430534183979,-0.0411524772644043,-0.034425925463438,-0.0103476522490382,0.0008242607000283,-0.0292617809027433,0.0207305904477835,0.0065977098420262,-0.0118711469694972,-0.0068242074921727,-0.0231992732733488,-0.0309571269899607,-0.0081054689362645,0.0264727603644133,0.0245509147644043,0.0217774398624897,-0.0214571002870798,0.0039179804734885,,,0.0835198387503624,0.0458947196602821
3520.0,-0.0185117721557617,-0.0411212928593159,-0.0344181060791016,-0.0103632928803563,0.0008320808410644,-0.0292149540036917,0.0207384116947651,0.0066055296920239,-0.0118946079164743,-0.0068242074921727,-0.0232305526733398,-0.0309336669743061,-0.0081054689362645,0.0265196803957224,0.0245274547487497,0.0217617992311716,-0.0214727409183979,0.003894519759342,,,0.0834026336669922,0.0458166114985943
3530.0,-0.0184883121401072,-0.0410821922123432,-0.0344024673104286,-0.0103711131960154,0.0008398056379519,-0.029175853356719,0.0207384116947651,0.006621170323342,-0.0119101526215672,-0.0068242074921727,-0.0232461933046579,-0.0309103019535542,-0.0081132892519235,0.0265665054321289,0.0244961734861135,0.021738339215517,-0.0214962009340525,0.0038633346557617,,,0.083277702331543,0.0457306876778603
3540.0,-0.0184571277350187,-0.0410430915653706,-0.0343946479260921,-0.0103867528960109,0.0008554458618164,-0.0291368495672941,0.0207305904477835,0.0066288947127759,-0.0119336126372218,-0.0068242074921727,-0.0232774745672941,-0.0308868419378996,-0.0081132892519235,0.0266056060791016,0.0244805347174406,0.0217149741947651,-0.0215040203183889,0.0038398744072765,,,0.0831604972481728,0.0456603057682514
3550.0,-0.0184258464723825,-0.0410040877759457,-0.0343868248164654,-0.010402393527329,0.0008632660028524,-0.0290977489203215,0.0207384116947651,0.0066523551940918,-0.011957073584199,-0.0068242074921727,-0.0233086589723825,-0.0308555606752634,-0.0081132892519235,0.0266446117311716,0.0244571696966887,0.0216915141791105,-0.0215195659548044,0.0038164139259606,,,0.0830354690551758,0.0455822013318539
3560.0,-0.0183945652097464,-0.040964987128973,-0.0343711860477924,-0.0104180341586471,0.0008710861438885,-0.0290587432682514,0.020746136084199,0.0066679953597486,-0.011964893899858,-0.0068320273421704,-0.0233321189880371,-0.0308321006596088,-0.0081211095675826,0.0266837123781443,0.0244337078183889,0.0216758735477924,-0.0215352065861225,0.0037851333618164,,,0.0829182639718056,0.045504093170166
3570.0,-0.0183633808046579,-0.0409337058663368,-0.034363366663456,-0.0104336738586426,0.0008789062849245,-0.0290118213742971,0.0207384116947651,0.0066758156754076,-0.0119805335998535,-0.0068242074921727,-0.0233555790036917,-0.0308165550231934,-0.008128928951919,0.0267227180302143,0.0244102478027344,0.0216524135321379,-0.0215508472174406,0.0037617683410644,,,0.0827933326363564,0.0454259887337685
3580.0,-0.0183399207890034,-0.0408946983516216,-0.034355640411377,-0.0104492185637355,0.000894546508789,-0.0289805419743061,0.0207384116947651,0.0066914558410644,-0.0119961742311716,-0.0068320273421704,-0.0233789440244436,-0.0307930950075388,-0.008128928951919,0.026761818677187,0.0243867877870798,0.0216367729008198,-0.0215664859861135,0.0037383080925792,,,0.0826761275529861,0.0453477874398232
3590.0,-0.0183086395263672,-0.040855597704649,-0.0343478210270405,-0.0104570388793945,0.0009023666498251,-0.0289415363222361,0.0207305904477835,0.0067070960067212,-0.0120117189362645,-0.0068320273421704,-0.0234024059027433,-0.0307696349918842,-0.0081367492675781,0.0268009193241596,0.0243711471557617,0.0216134078800678,-0.0215821266174316,0.0037148476112633,,,0.0825510993599892,0.0452696792781353
3600.0,-0.0182851795107126,-0.0408165939152241,-0.0343321822583675,-0.0104726795107126,0.0009101867908611,-0.0289102550595999,0.020722771063447,0.0067226411774754,-0.0120429992675781,-0.0068320273421704,-0.023441506549716,-0.0307539943605661,-0.0081445695832371,0.0268399249762297,0.0243399627506733,0.0215899478644133,-0.0215977672487497,0.0036913871299475,,,0.082433894276619,0.0451993942260742
3610.0,-0.0182539951056242,-0.0407853126525879,-0.0343243591487408,-0.0104883192107081,0.0009180069318972,-0.0288711544126272,0.0207149516791105,0.0067226411774754,-0.0120586398988962,-0.0068320273421704,-0.0234571453183889,-0.0307228099554777,-0.0081523898988962,0.0268946643918753,0.0243165027350187,0.0215743072330952,-0.0216134078800678,0.0036680221091955,,,0.0823166891932487,0.0451291091740131
3620.0,-0.0507853515446186,-0.0713167190551758,-0.068199448287487,-0.0352149978280067,-0.0289415363222361,-0.0587619803845882,-0.0247774124145508,-0.0254337321966887,-0.0388321876525879,-0.0297384262084961,-0.0506056807935238,-0.0628166198730469,-0.0335431098937988,0.0068242074921727,-0.0012382507557049,-0.0039649009704589,-0.056371308863163,-0.0272852908819914,,,0.0543087981641293,0.0137696266174316
3630.0,-0.0505041144788265,-0.071129135787487,-0.0680354163050652,-0.0347228050231934,-0.0286602973937988,-0.0585666671395302,-0.0246055610477924,-0.0251993183046579,-0.0386525169014931,-0.0293789859861135,-0.050511933863163,-0.0628088042140007,-0.0333321578800678,0.0072304727509617,-0.0010898590553551,-0.0038866996765136,-0.0563400276005268,-0.0268009193241596,,0.0353790298104286,0.0538557060062885,0.0136446002870798
3640.0,-0.0502306930720806,-0.0708557143807411,-0.0678400993347168,-0.0343009009957314,-0.0284102447330952,-0.0583009719848633,-0.0243556033819914,-0.0249337200075388,-0.0384415648877621,-0.0290274620056152,-0.050386905670166,-0.0627306923270226,-0.0331759452819824,0.0075429915450513,-0.0009101867908611,-0.003777313278988,-0.0564650557935238,-0.0266056060791016,,0.0350118651986122,0.0535040870308876,0.0134649276733398
3650.0,-0.049965001642704,-0.0705588385462761,-0.0676213279366493,-0.0338946357369423,-0.0281681064516306,-0.0580353736877441,-0.024082088842988,-0.024668026715517,-0.0382540710270405,-0.0286993030458689,-0.0502853393554688,-0.0626447722315788,-0.0330196395516396,0.0078476909548044,-0.0007226943853311,-0.0036602020263671,-0.0565587989985943,-0.0265195854008198,,0.0346134193241596,0.0532463081181049,0.013332081027329
3660.0,-0.0497228614985943,-0.070293240249157,-0.067410372197628,-0.0335196517407894,-0.0279415138065815,-0.057793140411377,-0.023832131177187,-0.0244258884340525,-0.0380665771663189,-0.028355598449707,-0.0501837730407715,-0.0625510215759277,-0.0328790657222271,0.0081367492675781,-0.0005429267766885,-0.0035429955460131,-0.056707289069891,-0.0263633728027344,,0.0342462547123432,0.0529885292053223,0.0132305147126317
3670.0,-0.0495583899319172,-0.0701108127832413,-0.0672850236296654,-0.0332114547491074,-0.0277958046644926,-0.0576060749590397,-0.0236590709537268,-0.024252824485302,-0.037921629846096,-0.028067683801055,-0.0501193255186081,-0.0625037476420403,-0.0327833257615566,0.0083746435120701,-0.0004121112870052,-0.0034793089143931,-0.0569193549454212,-0.02618408203125,,0.0339294224977493,0.0527599602937698,0.01311762817204
3680.0,-0.0493560433387756,-0.0698983073234558,-0.067127987742424,-0.0328880175948143,-0.0276254937052727,-0.0573904514312744,-0.0234543848782778,-0.0240497011691332,-0.0377224050462246,-0.0277551840990782,-0.0500271394848824,-0.0624100007116795,-0.0326598882675171,0.0086316773667931,-0.0002433586050756,-0.0033761882223188,-0.05697325989604,-0.0259043928235769,,0.0336575508117676,0.0526341795921326,0.0130207538604736
3690.0,-0.0491833873093128,-0.069714717566967,-0.0669975206255913,-0.0325966067612171,-0.0274747125804424,-0.0571857616305351,-0.0232707932591438,-0.0238676685839891,-0.0375364683568478,-0.0274606514722109,-0.0499435476958752,-0.0623232834041119,-0.0325481705367565,0.0088730808347463,-8.08620461612009e-05,-0.0032832145225256,-0.0569568574428558,-0.0255747064948082,,0.0334091074764729,0.0525209046900272,0.0129605960100889
3700.0,-0.0490146391093731,-0.0695373713970184,-0.0668779835104942,-0.0323255099356174,-0.0273356474936008,-0.0569927915930748,-0.0231020394712687,-0.023701261729002,-0.0373692773282528,-0.0271786153316498,-0.049861516803503,-0.062238123267889,-0.0324505120515823,0.0090980818495154,6.99234005878679e-05,-0.0031957149039953,-0.0568818561732769,-0.025239547714591,,0.0332130156457424,0.0524146556854248,0.0129340356215835
3710.0,-0.048855260014534,-0.0693748667836189,-0.0667654871940613,-0.0320653542876244,-0.0272059626877308,-0.0568006038665771,-0.0229465719312429,-0.0235426668077707,-0.0372161567211151,-0.0269067417830229,-0.049782607704401,-0.06216000020504,-0.0323536396026611,0.009308242239058,0.00021132468828,-0.0031121254432946,-0.0567927919328213,-0.0249317362904549,,0.0330434888601303,0.0523193329572678,0.0129098128527403
3720.0,-0.048713855445385,-0.0692256540060043,-0.0666670501232147,-0.0318223834037781,-0.0270942449569702,-0.0566193535923958,-0.0228043831884861,-0.0234020426869392,-0.0370708405971527,-0.0266489256173372,-0.0497099533677101,-0.0620896853506565,-0.032269261777401,0.0095027731731534,0.0003449249197728,-0.0030308722052723,-0.0567006058990955,-0.0246411077678204,,0.0328958295285702,0.052240427583456,0.0128832524642348
3730.0,-0.0485841706395149,-0.0690904930233955,-0.0665764212608337,-0.0315989479422569,-0.0269942414015532,-0.056446697562933,-0.0226911008358002,-0.0232731346040964,-0.0369356870651245,-0.0264067407697439,-0.0496419854462147,-0.0620256215333939,-0.0321895740926266,0.0096863647922873,0.0004699230194091,-0.0029480552766472,-0.056603729724884,-0.0243559498339891,,0.0327614508569241,0.052174024283886,0.0128504373133183
3740.0,-0.0484615117311478,-0.0689608082175255,-0.0664936080574989,-0.0313833244144917,-0.0269028376787901,-0.0562826320528984,-0.0225520376116037,-0.0231528226286173,-0.0368059948086739,-0.026173148304224,-0.0495740175247192,-0.0619654692709446,-0.032117698341608,0.0098613640293479,0.0005871105240657,-0.0028699301183223,-0.0565170086920261,-0.0240965746343136,,0.0326302051544189,0.0521146468818188,0.0128035638481379
3750.0,-0.0483435429632664,-0.0688412711024284,-0.0664178282022476,-0.0311762895435095,-0.0268168970942497,-0.0561185739934444,-0.0224379766732454,-0.0230418816208839,-0.0366802141070366,-0.0259481426328421,-0.0495107360184193,-0.0619076564908028,-0.0320466049015522,0.0100223058834672,0.0006988334353081,-0.0027910231146961,-0.0564279444515705,-0.023848919197917,,0.0325106717646122,0.0520662106573582,0.0127590363845229
3760.0,-0.0482357293367386,-0.0687272176146507,-0.066342830657959,-0.0309786312282085,-0.0267372075468302,-0.05595763027668,-0.0223293770104647,-0.022930946201086,-0.0365614630281925,-0.0257356446236372,-0.0494537018239498,-0.0618592165410519,-0.0319833233952522,0.0101793380454183,0.0008050823234952,-0.0027168083470314,-0.0563459135591984,-0.0236043874174356,,0.0323934815824032,0.0520201176404953,0.0127051258459687
3770.0,-0.0481318235397339,-0.0686201825737953,-0.0662771984934807,-0.0307872239500284,-0.0266653336584568,-0.0558045096695423,-0.0222293846309185,-0.0228317249566317,-0.0364489629864693,-0.0255309566855431,-0.0493997931480408,-0.0618201531469822,-0.0319247283041477,0.0103394892066717,0.0009058666182681,-0.0026488399598747,-0.0562615394592285,-0.0233707893639803,,0.0322895720601082,0.0519779287278652,0.0126551240682602
3780.0,-0.048031821846962,-0.06851626932621,-0.0662154853343964,-0.0306028500199318,-0.0265965834259987,-0.0556552857160568,-0.0221325010061264,-0.0227340701967478,-0.0363411530852318,-0.0253372043371201,-0.0493482351303101,-0.0617756210267544,-0.0318676978349686,0.0104910563677549,0.0010035228915512,-0.0025847719516605,-0.0561756044626236,-0.023139538243413,,0.032191913574934,0.0519373007118702,0.0126035595312715
3790.0,-0.0479380674660206,-0.0684162750840187,-0.0661600157618523,-0.0304262861609459,-0.0265317391604185,-0.0555107593536377,-0.022042665630579,-0.0226410999894142,-0.0362411551177502,-0.0251559540629387,-0.0493029206991196,-0.0617404691874981,-0.031819261610508,0.0106277745217085,0.0010996151249855,-0.0025253961794078,-0.0560951307415962,-0.0229168832302094,,0.0321012958884239,0.0518982410430908,0.0125559037551284
3800.0,-0.0478490106761456,-0.0683233067393303,-0.0661053285002708,-0.0302551928907633,-0.0264715850353241,-0.0553716942667961,-0.0219606291502714,-0.0225543826818466,-0.0361458398401737,-0.0249832961708307,-0.0492568239569664,-0.0617053098976612,-0.0317716002464294,0.0107629299163818,0.0011972712818533,-0.0024668024852871,-0.056023258715868,-0.0227028168737888,,0.0320114493370056,0.0518552772700787,0.0125082489103079
3810.0,-0.0477575995028019,-0.0682295560836792,-0.0660529807209969,-0.0300825349986553,-0.0264129918068647,-0.0552271604537964,-0.0218762587755919,-0.0224692244082689,-0.0360567755997181,-0.0248231403529644,-0.0492138564586639,-0.0616693720221519,-0.0317294150590897,0.0108887096866965,0.0012933635152876,-0.0024129007942974,-0.0559412278234959,-0.0224973484873772,,0.0319255143404007,0.0518154315650463,0.0124629400670528
3820.0,-0.0476747900247574,-0.0681420490145683,-0.0660061091184616,-0.0299169104546309,-0.0263590849936008,-0.0550873167812824,-0.0218012519180775,-0.0223879721015692,-0.0359669327735901,-0.0246629845350981,-0.0491740107536316,-0.0616373419761658,-0.0316911339759827,0.0110129350796342,0.0013847731752321,-0.0023613357916474,-0.0558779463171959,-0.0222996901720762,,0.0318403504788876,0.0517732426524162,0.0124160666018724
3830.0,-0.0475974455475807,-0.0680561140179634,-0.0659623593091965,-0.0297590959817171,-0.0263083018362522,-0.0549513809382915,-0.0217286013066769,-0.0223114099353552,-0.0358833409845829,-0.0245161093771458,-0.0491404198110104,-0.0616068728268147,-0.0316575430333614,0.0111394971609116,0.0014722727937623,-0.0023160267155617,-0.0558091960847378,-0.022099694237113,,0.0317630097270012,0.0517357438802719,0.0123770041391253
3840.0,-0.0475224442780018,-0.067975640296936,-0.065919391810894,-0.0296044107526541,-0.0262590833008289,-0.0548154376447201,-0.0216575041413307,-0.0222379770129919,-0.0358059927821159,-0.0243770442903042,-0.0491068251430988,-0.0615771859884262,-0.0316262915730476,0.0112629318609834,0.0015574264107272,-0.0022730540949851,-0.055755291134119,-0.0219192206859589,,0.0316833220422268,0.0516919903457165,0.0123309036716819
3850.0,-0.0474505685269833,-0.0678951740264893,-0.0658850148320198,-0.0294559709727764,-0.0262137688696384,-0.0546880960464478,-0.0215911008417606,-0.02216218970716,-0.035733338445425,-0.0242450144141912,-0.0490787029266357,-0.0615506209433079,-0.0315966010093689,0.0113879293203354,0.0016347693745046,-0.002233991632238,-0.0557076297700405,-0.021745003759861,,0.0316036306321621,0.0516490265727043,0.0122871585190296
3860.0,-0.0473810359835625,-0.0678193941712379,-0.0658451765775681,-0.029310654848814,-0.0261715836822987,-0.0545630976557732,-0.0215278137475252,-0.0220918841660023,-0.0356614626944065,-0.0241207927465439,-0.0490529201924801,-0.0615240596234798,-0.0315708182752132,0.0115113733336329,0.0017082118429243,-0.0021980570163577,-0.0556670092046261,-0.0215778164565563,,0.0315278507769108,0.0516060516238213,0.0122457500547171
3870.0,-0.0473115034401417,-0.067742832005024,-0.0658107921481133,-0.0291637796908617,-0.0261286161839962,-0.0544295012950897,-0.0214653108268976,-0.0220207870006561,-0.0355950556695461,-0.02400360442698,-0.0490294843912125,-0.061504527926445,-0.0315466001629829,0.0116371531039476,0.0017777442699298,-0.0021668053232133,-0.05563810095191,-0.0214160922914743,,0.0314544178545475,0.0515623092651367,0.0122035592794418
3880.0,-0.0472474433481693,-0.06766626983881,-0.0657748579978943,-0.0290215909481049,-0.0260895527899265,-0.0543037205934525,-0.0214028172194958,-0.021952036768198,-0.0355341173708439,-0.023894228041172,-0.0490076057612896,-0.0614857785403728,-0.0315208248794079,0.0117613691836596,0.0018386745359748,-0.0021378993988037,-0.0556107573211193,-0.0212653148919344,,0.0313809774816036,0.051518552005291,0.0121621508151293
3890.0,-0.0471865087747574,-0.0675959587097168,-0.0657451674342155,-0.0288840904831886,-0.0260520502924919,-0.0541826225817204,-0.0213426593691111,-0.0218864157795906,-0.0354739613831043,-0.0237879790365696,-0.0489904209971428,-0.0614693723618984,-0.0314997285604477,0.0118809025734663,0.0018949317745864,-0.0021105573978275,-0.0555896610021591,-0.0211215689778328,,0.0313075445592403,0.0514732450246811,0.0121191879734397
3900.0,-0.0471247844398022,-0.0675233006477356,-0.0657147020101547,-0.0287481546401978,-0.0260153338313103,-0.0540576241910458,-0.0212832819670439,-0.0218200013041496,-0.0354169309139252,-0.0236872006207705,-0.0489755757153034,-0.061452966183424,-0.0314801968634129,0.0119941895827651,0.0019433688139542,-0.002087116241455,-0.0555810667574406,-0.0209879688918591,,0.0312309730798006,0.0514240264892578,0.0120754335075617
3910.0,-0.047067753970623,-0.0674561113119125,-0.0656842291355133,-0.028615340590477,-0.0259778294712305,-0.0539365336298943,-0.0212293807417154,-0.0217512510716915,-0.0353583358228207,-0.0235911030322313,-0.0489599518477917,-0.0614349953830242,-0.0314614474773407,0.0121238706633449,0.0019871138501912,-0.002065239008516,-0.055573258548975,-0.0208574961870909,,0.0311544127762318,0.0513724610209465,0.0120316883549094
3920.0,-0.0470138490200043,-0.0673889219760895,-0.0656600147485733,-0.0284919012337923,-0.0259473659098148,-0.0538209043443203,-0.021171560510993,-0.0216895379126072,-0.035307552665472,-0.0235012620687485,-0.0489505752921104,-0.0614217184484005,-0.0314458236098289,0.0122543424367905,0.0020269583910703,-0.0020480537787079,-0.0555701293051243,-0.020733280107379,,0.0310825444757938,0.0513224601745605,0.0119910622015595
3930.0,-0.0469552539288998,-0.067321740090847,-0.0656365752220154,-0.0283669028431177,-0.0259114261716604,-0.0537076219916344,-0.0211176574230194,-0.0216278173029423,-0.0352575518190861,-0.0234184451401234,-0.0489419847726822,-0.0614068731665611,-0.0314317606389523,0.0123645020648837,0.0020636843983084,-0.0020308685488998,-0.0555662252008915,-0.0206106267869473,,0.031010664999485,0.0512732416391373,0.0119512174278498
3940.0,-0.0468982271850109,-0.0672576725482941,-0.0656100139021873,-0.0282442476600409,-0.025877833366394,-0.0535912178456783,-0.0210629738867283,-0.0215660948306322,-0.0352122448384762,-0.0233403202146292,-0.048934169113636,-0.0613935887813568,-0.0314200408756733,0.0124762151390314,0.0020980548579245,-0.0020168018527329,-0.0555748157203197,-0.0205074977129698,,0.0309341046959162,0.0512169934809208,0.0119090266525745
3950.0,-0.0468435361981392,-0.067192830145359,-0.0655850097537041,-0.0281223729252815,-0.025843458250165,-0.0534771531820297,-0.0210059359669685,-0.0215051546692848,-0.0351708345115185,-0.0232637599110603,-0.0489286966621876,-0.0613842122256756,-0.0314114466309547,0.0125895021483302,0.0021269607823342,-0.0020050811581313,-0.0555810667574406,-0.02040203101933,,0.0308590978384018,0.0511607453227043,0.0118668461218476
3960.0,-0.0468005649745464,-0.0671389251947403,-0.0655615776777267,-0.0280067436397076,-0.0258200205862522,-0.0533685609698296,-0.0209512524306774,-0.0214457791298628,-0.035127867013216,-0.0231926683336496,-0.0489247925579548,-0.0613756217062473,-0.0314028523862362,0.0126926228404045,0.0021535204723477,-0.0019933700095862,-0.0555865354835987,-0.0202996823936701,,0.0307848826050758,0.0511076152324677,0.0118293380364776
3970.0,-0.0467513464391232,-0.0670826733112335,-0.065544381737709,-0.027895025908947,-0.0257950201630592,-0.0532685592770576,-0.0209012497216463,-0.0213879682123661,-0.035088025033474,-0.0231246948242188,-0.048920888453722,-0.0613685920834541,-0.0313950404524803,0.0127824684605002,0.0021761797834187,-0.0019832134712487,-0.0555966943502426,-0.0202082823961973,,0.0307075399905443,0.0510490201413631,0.0117902755737305
3980.0,-0.0466997846961021,-0.0670240819454193,-0.0655248537659645,-0.0277856532484293,-0.0257668923586607,-0.0531716868281364,-0.0208528134971857,-0.0213325023651123,-0.035049743950367,-0.0230629779398441,-0.0489232279360294,-0.061364684253931,-0.0313895680010319,0.012866067700088,0.0021980570163577,-0.0019746208563447,-0.0556107573211193,-0.020118435844779,,0.0306325331330299,0.0509904287755489,0.0117535591125488
3990.0,-0.0466490015387535,-0.0669670477509499,-0.0655053183436394,-0.0276778414845467,-0.0257379859685898,-0.0530755892395973,-0.0208035949617624,-0.0212770365178585,-0.0350106805562973,-0.0230004787445068,-0.0489224530756474,-0.0613615587353706,-0.0313848815858364,0.0129480930045247,0.0022214888595044,-0.0019668005406856,-0.0556232593953609,-0.0200293734669685,,0.030558317899704,0.0509310513734818,0.01171840634197
4000.0,-0.0465990044176579,-0.0669115781784058,-0.0654881373047829,-0.0275723692029715,-0.0257098618894815,-0.0529841855168343,-0.0207528118044138,-0.0212223436683416,-0.034970834851265,-0.0229411032050848,-0.0489201061427593,-0.0613545253872871,-0.0313786342740059,0.0130238812416792,0.0022433660924434,-0.0019582079257816,-0.0556349754333496,-0.0199481192976236,,0.0304817575961351,0.0508693307638168,0.011684026569128
4010.0,-0.046550564467907,-0.0668545514345169,-0.0654693841934204,-0.0274684615433216,-0.0256778337061405,-0.0528912134468555,-0.0207035914063454,-0.0211668778210878,-0.0349317751824856,-0.0228817258030176,-0.048918541520834,-0.0613490603864193,-0.0313739478588104,0.0130973141640425,0.002263679401949,-0.0019480513874441,-0.0556459128856659,-0.0198637489229441,,0.0304075330495834,0.0508083999156952,0.0116512198001146
4020.0,-0.0465005673468113,-0.0668006390333176,-0.0654498562216759,-0.0273692458868027,-0.0256504863500595,-0.0527974627912045,-0.0206559374928474,-0.0211176574230194,-0.0348927117884159,-0.0228254739195108,-0.048918541520834,-0.0613467171788216,-0.0313716009259224,0.0131715387105942,0.00228633871302,-0.00193945877254,-0.0556599758565426,-0.0197871867567301,,0.0303301904350519,0.0507451146841049,0.0116207497194409
4030.0,-0.0464560352265835,-0.0667506381869316,-0.0654334500432014,-0.0272731482982635,-0.0256239268928766,-0.0527068413794041,-0.0206106267869473,-0.0210668742656708,-0.0348606780171394,-0.0227731317281723,-0.0489201061427593,-0.0613451525568962,-0.0313708186149597,0.0132418442517519,0.0023050880990922,-0.0019324301974847,-0.0556732565164566,-0.019706716760993,,0.0302536282688379,0.050681047141552,0.0115894982591271
4040.0,-0.0464099384844303,-0.0666990801692009,-0.0654139220714569,-0.0271770562976599,-0.0255965795367956,-0.0526154302060604,-0.0205621905624866,-0.0210106279700994,-0.0348200537264347,-0.0227207895368338,-0.048918541520834,-0.0613420270383358,-0.0313684791326523,0.01331059448421,0.0023269653320312,-0.001923055620864,-0.0556873232126236,-0.0196324922144413,,0.0301786325871944,0.050618551671505,0.0115613741800189
4050.0,-0.0463646240532398,-0.0666498616337776,-0.0653959512710571,-0.0270825233310461,-0.02557079680264,-0.0525287128984928,-0.0205145254731178,-0.0209629721939564,-0.0347786471247673,-0.0226700063794851,-0.0489193238317966,-0.0613412447273731,-0.0313692577183247,0.0133770080283284,0.0023457144852727,-0.0019152449676767,-0.0556959137320518,-0.0195559300482273,,0.0301036257296801,0.0505552664399147,0.0115355867892504
4060.0,-0.0463185347616673,-0.066599078476429,-0.0653779804706573,-0.0269879903644323,-0.0255426727235317,-0.0524412132799625,-0.0204660892486572,-0.0209051612764597,-0.034741148352623,-0.0226215682923794,-0.0489201061427593,-0.061338122934103,-0.0313684791326523,0.0134402848780155,0.0023652457166463,-0.0019066429231315,-0.0557045079767704,-0.0194801520556211,,0.0300255008041859,0.0504880808293819,0.0115090273320675
4070.0,-0.0462747849524021,-0.0665482953190804,-0.0653600096702576,-0.0268973670899868,-0.0255184546113014,-0.0523568391799927,-0.0204184334725142,-0.020852031186223,-0.0347036458551884,-0.0225715674459934,-0.048920888453722,-0.0613349936902523,-0.0313669145107269,0.0135066891089082,0.0023855590261519,-0.0018949317745864,-0.0557138808071613,-0.0194035898894072,,0.0299551952630281,0.0504263564944267,0.0114902779459953
4080.0,-0.0462302528321743,-0.0664998590946198,-0.0653436109423637,-0.026809087023139,-0.0254926718771458,-0.0522740259766579,-0.0203699972480536,-0.0207981299608946,-0.0346614606678486,-0.022524693980813,-0.0489240102469921,-0.0613334365189075,-0.0313676968216896,0.0135684106498957,0.0024058723356574,-0.0018847751198336,-0.0557045079767704,-0.0193121805787086,,0.0298926923424006,0.0503716729581356,0.0114785572513938
4090.0,-0.0461857207119465,-0.0664514228701591,-0.0653303191065788,-0.0267239287495613,-0.0254700183868408,-0.0521935559809208,-0.0203231237828732,-0.0207465644925833,-0.0346216149628162,-0.0224762577563524,-0.048920888453722,-0.0613279677927494,-0.0313669145107269,0.0136285685002804,0.002426957944408,-0.0018746184650808,-0.0556966960430145,-0.0192309282720089,,0.0298278518021107,0.0503138639032841,0.0114644998684525
4100.0,-0.0461443141102791,-0.0664029866456985,-0.0653154850006104,-0.0266395509243011,-0.0254450179636478,-0.0521123073995113,-0.0202762503176928,-0.0206942167133093,-0.0345802046358585,-0.0224301610141993,-0.0489177629351616,-0.0613217167556286,-0.0313661321997643,0.0136895077303052,0.0024496172554791,-0.0018628978868946,-0.0556927844882011,-0.0191543661057949,,0.0297598745673895,0.0502521395683289,0.0114488694816828
4110.0,-0.046102125197649,-0.06635532528162,-0.065302200615406,-0.0265583023428917,-0.0254231449216604,-0.0520365238189697,-0.0202317144721746,-0.0206442158669233,-0.0345442704856396,-0.0223864167928696,-0.0489162020385265,-0.0613178089261055,-0.0313653498888016,0.013744973577559,0.0024668024852871,-0.0018535231938585,-0.0556880980730057,-0.0190848354250193,,0.0296903513371944,0.0501888655126095,0.0114332484081388
4120.0,-0.0460630655288696,-0.0663123577833176,-0.0652889162302017,-0.0264786146581173,-0.0254020486027002,-0.0519623011350632,-0.0201887506991625,-0.0205949973315001,-0.0345036461949348,-0.022342661395669,-0.0489169843494892,-0.06131312251091,-0.0313661321997643,0.0138020031154156,0.0024871157947927,-0.0018433665391057,-0.0556841939687729,-0.0190129652619362,,0.0296208187937737,0.0501247979700565,0.0114191817119718
4130.0,-0.0460240021348,-0.0662693902850151,-0.0652795359492302,-0.0264051761478186,-0.0253817364573479,-0.0518912114202976,-0.0201442148536444,-0.0205457769334316,-0.0344614610075951,-0.0222989078611135,-0.0489138551056385,-0.0613053068518639,-0.0313653498888016,0.0138598149642348,0.0025074291042983,-0.0018300819210708,-0.055674035102129,-0.0189410876482725,,0.0295551866292953,0.050066202878952,0.0114082433283329
4140.0,-0.0459810346364975,-0.0662209466099739,-0.0652631372213364,-0.026327833533287,-0.0253559537231922,-0.051815427839756,-0.0200965590775013,-0.0204926580190659,-0.0344216153025627,-0.0222543813288212,-0.0489138551056385,-0.0613021850585938,-0.0313669145107269,0.0139129441231489,0.0025253961794078,-0.0018207072280347,-0.0556662268936634,-0.0188699904829264,,0.0294887814670801,0.050003707408905,0.0113965319469571
4150.0,-0.0459474362432957,-0.0661803260445595,-0.0652529820799828,-0.0262575186789036,-0.0253356397151947,-0.0517443343997002,-0.0200551506131887,-0.0204450022429228,-0.0343872383236885,-0.0222129728645086,-0.0489122942090034,-0.0612982772290707,-0.0313692577183247,0.0139645095914602,0.0025410270318388,-0.0018105506896972,-0.0556560680270195,-0.0187988951802254,,0.0294215958565474,0.0499419867992401,0.0113848112523556
4160.0,-0.0459068156778812,-0.0661381408572197,-0.0652412623167038,-0.0261887684464455,-0.025316109880805,-0.0516748018562794,-0.0200114063918591,-0.0203965567052364,-0.0343419276177883,-0.0221715644001961,-0.0489443242549896,-0.0612943731248379,-0.0313708186149597,0.0140137290582061,0.0025566481053829,-0.0017996119568124,-0.0556404441595078,-0.0187254622578621,,0.0293583106249571,0.0498833917081356,0.0113754365593195
4170.0,-0.045872438699007,-0.0660998597741127,-0.0652326643466949,-0.0261239279061556,-0.0252973604947329,-0.051610741764307,-0.0199723429977894,-0.0203528106212616,-0.0343036465346813,-0.0221278183162212,-0.0489115118980408,-0.0612881220877171,-0.0313716009259224,0.014063729904592,0.0025761793367564,-0.0017894554184749,-0.0556255988776684,-0.0186543650925159,,0.0292958151549101,0.0498240180313587,0.0113676255568862
4180.0,-0.0458341576159,-0.0660600140690804,-0.0652217268943787,-0.0260567367076874,-0.0252786111086607,-0.0515443347394466,-0.0199293699115515,-0.020304374396801,-0.0342583321034908,-0.0220840647816658,-0.0489044785499573,-0.0612810887396336,-0.0313723832368851,0.0141121670603752,0.0025933741126209,-0.0017769621917977,-0.0556052848696709,-0.0185778047889471,,0.0292372219264507,0.0497677698731422,0.0113629335537553
4190.0,-0.0457966551184654,-0.0660178288817406,-0.0652107894420624,-0.02599111571908,-0.0252559557557106,-0.0514771454036236,-0.0198864080011845,-0.020254373550415,-0.0342169292271137,-0.0220418833196163,-0.0489005744457245,-0.061274841427803,-0.0313747264444828,0.0141574759036303,0.0026121234986931,-0.0017668056534603,-0.0555841960012913,-0.0185020249336958,,0.0291762817651033,0.0497099570930004,0.0113566871732473
4200.0,-0.0457622818648815,-0.0659787654876709,-0.0652006343007088,-0.0259309578686953,-0.0252379849553108,-0.0514169931411743,-0.0198481176048517,-0.0202082823961973,-0.0341747365891933,-0.0219989102333784,-0.0488974526524544,-0.0612685903906822,-0.0313762910664082,0.0142051307484508,0.0026293087285012,-0.0017574309604242,-0.0555646643042564,-0.0184317100793123,,0.0291145611554384,0.049652136862278,0.0113512128591537
4210.0,-0.0457302518188953,-0.0659428313374519,-0.0651920363306999,-0.0258708000183105,-0.025218453258276,-0.0513560511171818,-0.0198090542107821,-0.0201621819287539,-0.0341333337128162,-0.0219582840800285,-0.0488966703414917,-0.0612654685974121,-0.0313786342740059,0.014233254827559,0.0026433658786118,-0.0017472743056714,-0.0555466935038567,-0.0183645244687796,,0.0290536303073168,0.049591988325119,0.0113441841676831
4220.0,-0.0456958748400211,-0.065905325114727,-0.0651811063289642,-0.0258129872381687,-0.0252020489424467,-0.0512958951294422,-0.0197692103683949,-0.0201168730854988,-0.0340911410748959,-0.0219121929258108,-0.0488912016153336,-0.0612592175602913,-0.0313778519630432,0.0142527865245938,0.0026621150318533,-0.0017371177673339,-0.0555263794958591,-0.0182973388582468,,0.0289926901459694,0.0495333932340145,0.0113371564075351
4230.0,-0.0456630662083626,-0.06586704403162,-0.0651717260479927,-0.025755176320672,-0.025180172175169,-0.0512365251779556,-0.0197285935282707,-0.0200707819312811,-0.0340481735765934,-0.0218700021505356,-0.0488888546824455,-0.0612514019012451,-0.0313809774816036,0.0142723172903061,0.0026777456514537,-0.0017269611125811,-0.055507630109787,-0.0182340517640114,,0.0289301872253418,0.0494732372462749,0.0113316820934415
4240.0,-0.0456294678151608,-0.0658318921923637,-0.0651623532176018,-0.0257004871964455,-0.0251598581671715,-0.0511779263615608,-0.0196879673749208,-0.0200270265340805,-0.0340028628706932,-0.021828593686223,-0.0488833896815777,-0.0612428076565266,-0.0313809774816036,0.0142934126779437,0.0026957129593938,-0.0017160224961116,-0.0554865337908268,-0.0181653015315533,,0.0288739390671253,0.0494169779121876,0.0113269994035363
4250.0,-0.0455927513539791,-0.065790481865406,-0.0651490762829781,-0.0256418939679861,-0.0251379869878292,-0.0511138662695885,-0.0196457765996456,-0.0199754610657692,-0.0339544229209423,-0.0217848494648933,-0.048880260437727,-0.0612349957227707,-0.031382542103529,0.0143129443749785,0.0027144621126353,-0.0017074298812076,-0.0554599761962891,-0.0180973336100578,,0.0288161262869835,0.0493607334792614,0.0113262170925736
4260.0,-0.0455599389970303,-0.0657545477151871,-0.0651412606239319,-0.0255911108106375,-0.025120796635747,-0.0510583966970444,-0.0196074955165386,-0.0199293699115515,-0.0339145809412003,-0.021745003759861,-0.0488794781267643,-0.0612303093075752,-0.0313880108296871,0.0143254464492202,0.0027316473424434,-0.0016988372663036,-0.0554357580840588,-0.0180285833775997,,0.0287598706781864,0.0493037030100822,0.0113230897113681
4270.0,-0.0455263406038284,-0.0657170489430428,-0.0651311054825783,-0.0255379863083363,-0.0251043941825628,-0.0510005839169025,-0.0195668693631887,-0.0198840610682964,-0.0338770821690559,-0.0217035952955484,-0.0488755740225315,-0.0612232759594917,-0.0313919149339199,0.0143395038321614,0.0027480602730065,-0.0016902446513995,-0.0554130971431732,-0.017966078594327,,0.0287012755870819,0.0492443256080151,0.0113191790878773
4280.0,-0.0454927496612072,-0.0656795427203178,-0.0651209503412247,-0.025488767772913,-0.0250817332416773,-0.0509451143443584,-0.0195278059691191,-0.0198356248438358,-0.0338372364640236,-0.0216614045202732,-0.0488740094006062,-0.0612154677510262,-0.0313950404524803,0.0143543528392911,0.0027644634246826,-0.0016832065302878,-0.0553943477571011,-0.0179067030549049,,0.0286442469805479,0.0491880774497986,0.0113160610198975
4290.0,-0.0454591549932957,-0.0656436011195183,-0.0651131346821785,-0.0254411119967699,-0.0250676721334457,-0.0508935488760471,-0.0194879621267319,-0.0197895243763924,-0.0337997376918793,-0.0216200053691864,-0.0488732345402241,-0.0612099952995777,-0.0313989445567131,0.0143691916018724,0.0027785301208496,-0.0016761779552325,-0.0553709119558334,-0.0178473368287086,,0.0285856518894434,0.0491287037730217,0.0113121503964067
4300.0,-0.0454271249473095,-0.0656076669692993,-0.065106101334095,-0.0253918934613466,-0.0250520464032888,-0.0508435517549515,-0.0194504633545876,-0.0197465606033802,-0.03376379981637,-0.0215809438377619,-0.0488724522292614,-0.0612021796405315,-0.0314028523862362,0.0143856042996049,0.0027925872709602,-0.0016699313418939,-0.0553505979478359,-0.0177856162190437,,0.0285286232829094,0.0490716733038425,0.0113105867058039
4310.0,-0.0453966557979584,-0.0655740723013878,-0.0650982931256294,-0.0253450144082308,-0.0250332970172167,-0.0507951155304909,-0.0194137468934059,-0.0197020247578621,-0.0337270759046078,-0.0215418804436922,-0.048866979777813,-0.0611904673278332,-0.0314036309719086,0.0144012253731489,0.0028066539671272,-0.0016621112590655,-0.0553287267684937,-0.0177278034389019,,0.0284708105027676,0.0490122959017754,0.0113059040158987
4320.0,-0.0453677512705326,-0.0655420422554016,-0.0650935992598534,-0.0253004878759384,-0.0250176712870598,-0.050748236477375,-0.0193770211189985,-0.0196598432958126,-0.0336911417543888,-0.0215051546692848,-0.0488646365702152,-0.0611787438392639,-0.0314067602157593,0.0144160743802786,0.0028214931953698,-0.0016550826840102,-0.0553123168647289,-0.0176738929003477,,0.0284114349633455,0.0489537045359612,0.0113027757033706
4330.0,-0.0453388430178165,-0.0655092298984528,-0.0650865733623505,-0.0252559557557106,-0.0250012669712305,-0.0506990179419518,-0.0193403046578169,-0.0196176525205374,-0.0336536392569542,-0.0214645378291607,-0.0488622933626175,-0.0611709356307983,-0.0314106643199921,0.0144316954538226,0.0028363417368382,-0.0016464900691062,-0.0552966929972172,-0.0176215544342995,,0.0283520594239235,0.0488927625119686,0.0112973116338253
4340.0,-0.0453075915575027,-0.0654756352305412,-0.0650787651538849,-0.0252114236354828,-0.0249856412410736,-0.0506505817174911,-0.0193035881966352,-0.0195746794342995,-0.0336184874176979,-0.0214246939867735,-0.0488599464297295,-0.0611615590751171,-0.0314153507351875,0.0144449798390269,0.0028480624314397,-0.0016417979495599,-0.0552810654044151,-0.0175699889659882,,0.0282919015735388,0.048832606524229,0.0112918373197317
4350.0,-0.045278687030077,-0.0654404833912849,-0.065070167183876,-0.0251676738262177,-0.0249684527516365,-0.0506037063896656,-0.0192668717354536,-0.0195293705910444,-0.033584114164114,-0.0213832855224609,-0.0488544777035713,-0.0611521862447262,-0.0314169153571129,0.0144621655344963,0.0028605556581169,-0.0016347693745046,-0.055262316018343,-0.017516078427434,,0.028236435726285,0.0487747937440872,0.0112902736291289
4360.0,-0.0452466532588005,-0.0654068812727928,-0.0650607943534851,-0.0251270476728678,-0.0249504838138819,-0.0505537055432796,-0.0192278102040291,-0.019482497125864,-0.0335512980818748,-0.0213450044393539,-0.0488521382212639,-0.0611435882747173,-0.0314231626689434,0.0144770042970777,0.0028714942745864,-0.0016285228775814,-0.0552427843213081,-0.0174621772021055,,0.028179407119751,0.0487169809639454,0.0112879369407892
4370.0,-0.0452185273170471,-0.0653771981596947,-0.065056100487709,-0.0250872038304806,-0.0249364227056503,-0.0505107380449772,-0.0191934294998646,-0.0194403063505888,-0.033518485724926,-0.0213051605969667,-0.0488497912883759,-0.0611365586519241,-0.0314278565347195,0.0144941993057728,0.0028832149691879,-0.0016230487963184,-0.055224034935236,-0.017405929043889,,0.0281262770295143,0.048661507666111,0.0112887192517519
4380.0,-0.0451888404786587,-0.0653436109423637,-0.0650498569011688,-0.0250465776771307,-0.0249215792864561,-0.0504646450281143,-0.0191598404198885,-0.0193965528160334,-0.0334848910570145,-0.0212645344436169,-0.048844326287508,-0.0611256211996078,-0.0314325429499149,0.0145098203793168,0.0028910255059599,-0.0016191481845453,-0.0552052855491638,-0.0173512361943722,,0.0280708111822605,0.0486044771969318,0.0112879369407892
4390.0,-0.0451607182621956,-0.0653123557567596,-0.0650428235530853,-0.0250090789049864,-0.0249075163155794,-0.0504232347011566,-0.0191270243376493,-0.0193543713539839,-0.0334513001143932,-0.0212239064276218,-0.0488380752503872,-0.0611162446439266,-0.0314372293651104,0.014528569765389,0.002900400198996,-0.0016144561814144,-0.0551865361630917,-0.0173004530370235,,0.028017682954669,0.0485513582825661,0.0112894913181663
4400.0,-0.0451310276985168,-0.0652818828821182,-0.0650373548269272,-0.0249707978218794,-0.0248950142413378,-0.0503794848918915,-0.0190918724983931,-0.0193098355084658,-0.0334184840321541,-0.0211887545883656,-0.0488380752503872,-0.0611092112958431,-0.0314434766769409,0.0145434187725186,0.0029097746592015,-0.0016089915297925,-0.0551646612584591,-0.0172395221889019,,0.027967682108283,0.0484982281923294,0.0112934010103345
4410.0,-0.0451021231710911,-0.0652506351470947,-0.065031886100769,-0.024934858083725,-0.0248801708221436,-0.0503396391868591,-0.0190590564161539,-0.0192707721143961,-0.0333872362971306,-0.0211551561951637,-0.0488333888351917,-0.0611006207764149,-0.031447384506464,0.0145613858476281,0.0029168128967285,-0.0016082095680758,-0.0551427863538265,-0.0171895213425159,,0.0279161259531975,0.0484435446560383,0.0112934010103345
4420.0,-0.0450755581259727,-0.0652225092053413,-0.0650279819965363,-0.0249020475894213,-0.0248668901622295,-0.0503013581037521,-0.0190293695777655,-0.0192285906523466,-0.0333567671477795,-0.0211215689778328,-0.048830259591341,-0.061092808842659,-0.0314536318182945,0.0145785706117749,0.0029230595100671,-0.0016027354868128,-0.0551232546567917,-0.017137173563242,,0.0278653427958488,0.0483896322548389,0.0112965293228626
4430.0,-0.0450497791171074,-0.0651951655745506,-0.0650240704417229,-0.0248692370951176,-0.0248551703989506,-0.0502638630568981,-0.0190004631876945,-0.0191895291209221,-0.0333255156874657,-0.0210887528955936,-0.0488287024199963,-0.0610857754945755,-0.0314591005444527,0.0145973199978471,0.002930087968707,-0.0015996169531717,-0.0551045015454292,-0.0170879550278187,,0.0278145596385002,0.0483372956514359,0.0113004297018051
4440.0,-0.0450271219015121,-0.0651701688766479,-0.0650201663374901,-0.0248364210128784,-0.0248411074280739,-0.0502271391451359,-0.0189723391085863,-0.0191504657268524,-0.0332919210195541,-0.0210559368133545,-0.0488232299685478,-0.0610779635608196,-0.0314669162034988,0.0146152870729566,0.0029378985054791,-0.0015972709516063,-0.0550818480551243,-0.0170317068696022,,0.0277676861733198,0.0482865124940872,0.011305121704936
4450.0,-0.0450029037892818,-0.065142035484314,-0.0650162622332573,-0.0248036086559296,-0.024827828630805,-0.050192765891552,-0.0189418699592352,-0.0191106218844652,-0.0332606732845306,-0.0210223477333784,-0.0488255731761456,-0.0610685907304287,-0.0314716063439846,0.0146324820816517,0.0029449367430061,-0.0015941428719088,-0.0550607517361641,-0.0169824883341789,,0.0277200303971767,0.0482357293367386,0.0113098043948412
4460.0,-0.0449755601584911,-0.0651123523712158,-0.0650092288851738,-0.0247723571956158,-0.0248137656599283,-0.0501505807042122,-0.0189098361879587,-0.019070778042078,-0.0332255177199841,-0.0209895316511393,-0.048816978931427,-0.0610623396933079,-0.0314778499305248,0.0146527858451009,0.0029527472797781,-0.0015918064163997,-0.0550373159348965,-0.0169285777956247,,0.0276754945516586,0.0481865108013153,0.0113160610198975
4470.0,-0.0449505597352982,-0.0650865733623505,-0.0650053173303604,-0.0247411094605923,-0.0248020458966494,-0.0501146391034126,-0.0188817121088505,-0.0190317146480083,-0.0331927053630352,-0.0209559332579374,-0.0488138571381569,-0.0610537454485893,-0.031483318656683,0.014669980853796,0.0029574297368526,-0.001590242376551,-0.0550185665488243,-0.016882486641407,,0.0276254937052727,0.048132598400116,0.0113184070214629
4480.0,-0.0449279025197029,-0.0650631338357925,-0.0650045424699783,-0.0247122049331665,-0.0247903298586607,-0.0500802658498287,-0.0188551507890224,-0.0189957711845636,-0.0331606715917587,-0.020926246419549,-0.0488115102052689,-0.0610474944114685,-0.0314911343157291,0.0146902939304709,0.0029621219728142,-0.0015910243382677,-0.0549959130585194,-0.0168317034840584,,0.0275825299322605,0.0480841621756554,0.0113254357129335
4490.0,-0.0449029058218002,-0.0650365725159645,-0.0649998560547829,-0.0246825162321329,-0.0247770454734564,-0.0500419847667217,-0.0188270285725594,-0.0189653001725674,-0.0331286415457726,-0.0208981223404408,-0.0488083884119987,-0.061040461063385,-0.0314981639385223,0.0147082610055804,0.0029652500525116,-0.001589460298419,-0.0549748167395592,-0.0167863946408033,,0.0275379940867424,0.0480333901941776,0.0113301174715161
4500.0,-0.04488180950284,-0.0650131329894066,-0.0649982914328575,-0.0246551707386971,-0.0247684512287378,-0.0500091724097729,-0.0188035871833563,-0.0189293660223484,-0.0330973900854588,-0.02086609788239,-0.0488060414791107,-0.0610334351658821,-0.0315067581832409,0.0147262280806899,0.0029683683533221,-0.001590242376551,-0.0549545027315617,-0.0167309176176786,,0.0274958033114672,0.0479849502444267,0.0113394921645522
4510.0,-0.0448599345982075,-0.0649912655353546,-0.0649975091218948,-0.024628609418869,-0.0247575137764215,-0.0499794855713844,-0.0187785904854536,-0.0188918672502041,-0.0330645777285099,-0.0208317171782255,-0.0488013550639153,-0.0610256232321262,-0.0315130092203617,0.0147457597777247,0.0029714964330196,-0.0015878962585702,-0.054928719997406,-0.0166793633252382,,0.027455186471343,0.0479404143989086,0.0113473124802113
4520.0,-0.0448419637978077,-0.0649717301130295,-0.0649967268109322,-0.0246043913066387,-0.0247497037053108,-0.049949798732996,-0.0187582783401012,-0.0188574884086847,-0.0330341085791588,-0.0208035949617624,-0.0488021373748779,-0.0610178075730801,-0.0315200425684452,0.0147637268528342,0.0029738426674157,-0.0015878962585702,-0.0549084097146988,-0.0166340451687574,,0.0274122133851051,0.0478865131735802,0.0113535588607192
4530.0,-0.0448255576193333,-0.0649529844522476,-0.0649982914328575,-0.0245793908834457,-0.0247395467013121,-0.0499177686870098,-0.0187324900180101,-0.018823117017746,-0.0330044217407703,-0.0207739062607288,-0.0487997941672802,-0.0610076524317265,-0.0315270684659481,0.0147801302373409,0.0029761791229248,-0.0015878962585702,-0.0548873171210289,-0.0165840424597263,,0.0273723695427179,0.0478411950170994,0.0113613698631525
4540.0,-0.0447982139885426,-0.064926415681839,-0.0649928227066994,-0.0245497021824121,-0.024726266041398,-0.0498818308115005,-0.0187067128717899,-0.0187817085534334,-0.0329723879694939,-0.020742654800415,-0.0487943254411221,-0.0609982758760452,-0.0315341018140316,0.0147988889366388,0.0029785251244902,-0.0015878962585702,-0.0548670031130314,-0.0165356062352657,,0.0273317433893681,0.0477958843111992,0.0113715268671513
4550.0,-0.0447739958763123,-0.0648990720510483,-0.0649889186024666,-0.0245207976549864,-0.0247122049331665,-0.0498466715216637,-0.0186817068606615,-0.0187426470220089,-0.032941922545433,-0.0207145307213068,-0.0487904213368893,-0.0609889030456543,-0.0315419137477875,0.0148160737007856,0.0029793072026222,-0.0015863323351368,-0.0548466891050339,-0.0164918601512909,,0.0272926799952984,0.0477505661547184,0.0113801192492247
4560.0,-0.0447513423860073,-0.0648740753531456,-0.0649850144982338,-0.0244934502989054,-0.024702824652195,-0.0498154200613499,-0.0186582747846842,-0.0187059305608273,-0.0329122357070446,-0.0206864066421986,-0.0487880744040012,-0.0609787441790104,-0.031548947095871,0.0148324770852923,0.0029785251244902,-0.0015878962585702,-0.0548295043408871,-0.0164488889276981,,0.0272512715309858,0.0477021299302578,0.011387157253921
4570.0,-0.0447302460670471,-0.064852200448513,-0.0649834498763084,-0.0244692321866751,-0.0246911086142063,-0.0497841723263264,-0.0186379626393318,-0.018670778721571,-0.0328833274543285,-0.0206598471850157,-0.0487857274711132,-0.0609732754528522,-0.0315583236515522,0.014848880469799,0.0029754065908491,-0.001589460298419,-0.0548162199556828,-0.0164113901555538,,0.0272090900689363,0.0476536937057972,0.0113941859453917
4580.0,-0.0447091534733772,-0.0648303180932999,-0.0649826675653458,-0.0244457963854074,-0.0246825162321329,-0.0497568249702454,-0.0186231136322021,-0.0186363980174065,-0.0328552015125751,-0.0206309407949448,-0.0487841702997684,-0.0609654635190964,-0.0315661318600178,0.0148652931675315,0.0029769609682261,-0.001590242376551,-0.0548013783991337,-0.0163762383162975,,0.0271676816046238,0.0476052574813366,0.0113980863243341
4590.0,-0.0446919687092304,-0.06480922549963,-0.0649811029434204,-0.024421576410532,-0.0246715787798166,-0.0497263595461845,-0.0185988992452621,-0.0186004638671875,-0.0328255109488964,-0.0206035897135735,-0.0487818233668804,-0.0609584301710129,-0.0315731652081013,0.014883260242641,0.0029761791229248,-0.001589460298419,-0.0547826290130615,-0.0163332652300596,,0.0271294023841619,0.0475591644644737,0.0114098070189357
4600.0,-0.0446685254573822,-0.0647857934236526,-0.0649779811501503,-0.0243981406092644,-0.0246629845350981,-0.0496997982263565,-0.0185778047889471,-0.0185668654739857,-0.0327973887324333,-0.0205762479454279,-0.0487802624702454,-0.0609521791338921,-0.0315817594528198,0.0148996636271477,0.0029738426674157,-0.001590242376551,-0.0547685660421848,-0.0162949841469526,,0.0270919036120176,0.0475154109299183,0.0114183994010091
4610.0,-0.0446489937603474,-0.0647631362080574,-0.0649771988391876,-0.0243746992200613,-0.024653609842062,-0.0496740154922009,-0.0185574907809496,-0.0185317136347294,-0.0327700451016426,-0.0205481238663197,-0.048777136951685,-0.0609435886144638,-0.0315887928009033,0.0149184130132198,0.0029738426674157,-0.0015910243382677,-0.0547552853822708,-0.0162606053054333,,0.0270497128367424,0.0474654100835323,0.0114238737151027
4620.0,-0.0446302443742752,-0.0647412538528442,-0.0649748519062996,-0.0243536084890366,-0.0246450137346983,-0.0496490150690079,-0.0185387413948774,-0.0184981152415276,-0.0327427014708519,-0.0205215644091368,-0.0487740114331245,-0.0609365589916706,-0.0315966010093689,0.014935608021915,0.0029714964330196,-0.0015918064163997,-0.0547420009970665,-0.0162238888442516,,0.0270114317536354,0.0474200993776321,0.0114316837862134
4630.0,-0.0446091555058956,-0.0647193863987923,-0.0649732872843742,-0.0243348591029644,-0.0246364213526249,-0.0496193245053291,-0.018520774319768,-0.0184637438505888,-0.0327137932181358,-0.020494993776083,-0.0487724468111992,-0.0609303079545498,-0.0316059775650501,0.014951229095459,0.0029699325095862,-0.0015933609101921,-0.0547310672700405,-0.0161895174533129,,0.0269715879112482,0.0473732277750969,0.0114379310980439
4640.0,-0.0445896200835705,-0.0646998509764671,-0.0649709478020668,-0.0243161059916019,-0.0246278289705515,-0.0495951063930988,-0.0185043625533581,-0.0184332747012377,-0.0326880104839802,-0.0204684343189001,-0.0487708896398544,-0.0609217137098312,-0.0316145680844784,0.0149676315486431,0.0029675865080207,-0.0015964888734743,-0.0547209121286869,-0.0161574836820364,,0.0269309617578983,0.0473263524472713,0.0114434044808149
4650.0,-0.0445677451789379,-0.0646756365895271,-0.0649670362472534,-0.0242942329496145,-0.0246161073446274,-0.0495654195547104,-0.0184840578585863,-0.0183988939970732,-0.0326544195413589,-0.0204410925507545,-0.0487685427069664,-0.0609139017760754,-0.0316208228468895,0.0149848265573382,0.0029691504314541,-0.0015972709516063,-0.054708406329155,-0.0161254499107599,,0.0268926806747913,0.0472802519798279,0.0114512154832482
4660.0,-0.044545091688633,-0.0646521970629692,-0.0649662539362907,-0.0242762602865696,-0.024607514962554,-0.0495388582348824,-0.018468426540494,-0.0183660890907049,-0.0326278582215309,-0.0204160884022713,-0.0487685427069664,-0.0609123408794403,-0.0316309779882431,0.014996537938714,0.002966031897813,-0.0016003990313038,-0.0546998158097267,-0.016096543520689,,0.0268497075885534,0.0472294799983501,0.011452779173851
4670.0,-0.0445279031991959,-0.0646334439516068,-0.064964696764946,-0.0242582932114601,-0.0246012639254332,-0.0495146401226521,-0.0184520240873098,-0.0183340553194284,-0.0326012931764126,-0.0203903093934059,-0.0487747937440872,-0.060901403427124,-0.031640350818634,0.0150090409442782,0.0029629038181155,-0.0016035174485296,-0.0546927824616432,-0.0160652920603752,,0.0268098637461662,0.047182597219944,0.0114574618637562
4680.0,-0.0445091538131237,-0.0646154806017876,-0.0649639144539833,-0.0242403261363506,-0.0245934519916773,-0.0494919829070568,-0.0184395220130682,-0.0183035843074322,-0.0325739532709122,-0.0203614048659801,-0.0487646386027336,-0.0608888976275921,-0.0316489450633526,0.0150231076404452,0.0029644679743796,-0.0016050814883783,-0.0546849705278873,-0.0160402953624725,,0.0267692469060421,0.0471357256174088,0.0114629361778498
4690.0,-0.044492743909359,-0.0645975098013878,-0.0649654790759087,-0.0242239180952311,-0.0245864186435938,-0.0494708903133869,-0.0184270180761814,-0.0182738974690437,-0.0325520746409893,-0.0203387439250946,-0.0487677603960037,-0.0608826540410519,-0.0316583253443241,0.0150356004014611,0.0029589938931167,-0.0016105555696412,-0.0546748153865337,-0.0160082615911961,,0.0267325211316347,0.0470911972224712,0.0114699648693204
4700.0,-0.0444763414561749,-0.0645787641406059,-0.064964696764946,-0.0242075156420469,-0.024580167606473,-0.0494497939944267,-0.0184137430042028,-0.0182442087680101,-0.0325247310101986,-0.0203137490898371,-0.0487646386027336,-0.060874056071043,-0.0316684767603874,0.0150473210960627,0.0029566478915512,-0.0016128921415656,-0.0546716898679733,-0.0159832667559385,,0.0266903396695852,0.047041978687048,0.0114738745614886
4710.0,-0.0444599315524101,-0.0645623505115509,-0.0649662539362907,-0.0241926703602076,-0.0245747044682503,-0.0494287014007568,-0.0184020232409239,-0.0182145219296217,-0.0324973873794079,-0.0202887430787086,-0.0487654209136963,-0.0608654618263245,-0.0316778570413589,0.0150590417906642,0.0029527472797781,-0.0016168021829798,-0.054660752415657,-0.0159535780549049,,0.0266528315842152,0.0469950959086418,0.0114777749404311
4720.0,-0.0444419644773006,-0.0645428225398064,-0.0649639144539833,-0.0241754818707705,-0.0245661064982414,-0.0494068264961243,-0.0183895193040371,-0.0181824862957001,-0.0324723869562149,-0.0202637482434511,-0.0487661957740784,-0.060860775411129,-0.0316895730793476,0.0150723261758685,0.0029496192000806,-0.0016199302626773,-0.0546545013785362,-0.0159285739064217,,0.0266145505011082,0.0469490028917789,0.0114832492545247
4730.0,-0.0444239936769009,-0.0645217299461365,-0.0649623572826385,-0.0241598561406136,-0.0245559494942427,-0.049384169280529,-0.0183777995407581,-0.018151244148612,-0.0324450433254242,-0.0202379692345858,-0.0487646386027336,-0.0608506202697754,-0.0316966064274311,0.0150863835588098,0.0029464911203831,-0.0016230487963184,-0.054645910859108,-0.015903577208519,,0.0265754889696836,0.0469044782221317,0.0114879319444299
4740.0,-0.0444052442908287,-0.0645006373524666,-0.0649600103497505,-0.0241442285478115,-0.0245473571121693,-0.0493599511682987,-0.0183645244687796,-0.0181207749992609,-0.0324192605912685,-0.0202137473970652,-0.0487630739808083,-0.0608396790921688,-0.0317051969468594,0.0150981042534113,0.0029425907414406,-0.0016269588377326,-0.0546427853405476,-0.0158832650631666,,0.0265348628163338,0.0468544773757458,0.0114902779459953
4750.0,-0.0443864949047565,-0.0644787549972534,-0.0649568811058998,-0.0241278260946274,-0.0245395470410585,-0.0493396371603012,-0.0183559320867062,-0.0180895235389471,-0.0323934815824032,-0.0201918687671423,-0.0487638562917709,-0.0608318708837032,-0.0317137911915779,0.0151090426370502,0.0029378985054791,-0.0016308688791468,-0.0546373166143894,-0.0158582590520382,,0.0264950264245272,0.0468083843588829,0.0114934062585235
4760.0,-0.0443700887262821,-0.0644623562693596,-0.0649576634168625,-0.0241129826754332,-0.0245348587632179,-0.049320887774229,-0.0183481108397245,-0.0180613994598389,-0.0323684811592102,-0.0201653093099594,-0.0487630739808083,-0.0608232766389847,-0.0317239463329315,0.0151191996410489,0.00293556204997,-0.0016339874127879,-0.0546302832663059,-0.0158332623541355,,0.0264583006501198,0.0467622838914394,0.011497306637466
4770.0,-0.0443552434444427,-0.0644451677799225,-0.0649568811058998,-0.0240981373935938,-0.0245286077260971,-0.0493037030100822,-0.0183410830795765,-0.0180340483784676,-0.0323442630469799,-0.0201418679207563,-0.0487646386027336,-0.0608170256018639,-0.0317333228886127,0.0151293557137251,0.0029308700468391,-0.0016386794159188,-0.0546240322291851,-0.0158082582056522,,0.0264192391186953,0.0467154122889042,0.0115012163296342
4780.0,-0.0443403981626034,-0.0644295364618301,-0.0649600103497505,-0.0240848585963249,-0.0245239213109016,-0.0492872931063175,-0.0183364003896713,-0.018006706610322,-0.0323223881423473,-0.0201176535338163,-0.0487654209136963,-0.0608115568757057,-0.0317434780299664,0.0151379490271211,0.0029269598890095,-0.0016449260292574,-0.0546193458139896,-0.0157832615077496,,0.0263817403465509,0.0466708838939667,0.0115058990195394
4790.0,-0.0443271212279797,-0.0644131377339363,-0.0649584457278252,-0.0240731369704008,-0.0245215743780136,-0.0492724515497684,-0.0183324906975031,-0.0179809276014566,-0.0323012918233871,-0.0200957767665386,-0.0487661957740784,-0.0608037449419498,-0.0317528508603573,0.0151481050997972,0.0029254055116325,-0.0016488360706716,-0.0546123161911964,-0.0157574843615294,,0.0263450238853693,0.0466271303594112,0.0115113733336329
4800.0,-0.0443146228790283,-0.0644006356596947,-0.0649592280387878,-0.0240590758621693,-0.0245168879628181,-0.049256045371294,-0.0183395184576511,-0.0179551504552364,-0.0322989486157894,-0.0200738999992609,-0.048766978085041,-0.0607967115938663,-0.0317622274160385,0.0151598257943988,0.002920713275671,-0.0016535186441615,-0.0546068474650383,-0.0157363880425692,,0.0263083074241877,0.0465810373425484,0.0115129370242357
4810.0,-0.0443021208047867,-0.0643850043416023,-0.0649600103497505,-0.0240481365472078,-0.0245114229619503,-0.049241978675127,-0.0183270256966352,-0.0179309267550707,-0.032284889370203,-0.0200512502342463,-0.0487685427069664,-0.0607920251786709,-0.0317723825573921,0.0151692004874349,0.0029152487404644,-0.0016582107637077,-0.0546029396355152,-0.0157160758972168,,0.0262684617191553,0.0465349368751049,0.0115152737125754
4820.0,-0.0442896224558353,-0.0643701627850533,-0.0649600103497505,-0.0240356400609016,-0.0245075132697821,-0.0492279194295406,-0.018323116004467,-0.0179074853658676,-0.0322614461183548,-0.0200278088450432,-0.0487677603960037,-0.0607857741415501,-0.031782541424036,0.0151777928695083,0.0029113388154655,-0.0016628932207822,-0.0546013787388802,-0.0156957618892193,,0.0262309536337852,0.0464911945164204,0.0115184020251036
4830.0,-0.0442755594849586,-0.0643545389175415,-0.0649600103497505,-0.0240215733647346,-0.024498138576746,-0.0492115169763565,-0.0183192063122988,-0.0178785789757967,-0.0322380103170872,-0.0200035944581032,-0.0487724468111992,-0.0607771798968315,-0.031791914254427,0.015187949873507,0.0029066561255604,-0.0016683673020452,-0.0545966885983944,-0.0156738851219416,,0.0261934567242861,0.0464451014995575,0.011520748026669
4840.0,-0.0442638397216797,-0.0643412545323372,-0.0649615749716759,-0.024009857326746,-0.0244957972317934,-0.0491974502801895,-0.0183192063122988,-0.0178535841405392,-0.0322176963090897,-0.0199809353798628,-0.0487708896398544,-0.0607693716883659,-0.0318012908101082,0.0151934139430523,0.0029027462005615,-0.0016722679138183,-0.0545865334570408,-0.0156434159725904,,0.0261590853333473,0.0464036948978901,0.0115262120962143
4850.0,-0.044247429817915,-0.064323291182518,-0.0649584457278252,-0.0239950120449066,-0.0244879815727472,-0.0491802617907524,-0.0183168686926365,-0.0178285781294107,-0.0321966074407101,-0.0199606232345104,-0.0487693250179291,-0.0607631206512451,-0.0318130105733871,0.0152004528790712,0.0028964995872229,-0.001678523956798,-0.0545810647308826,-0.0156184192746878,,0.0261239241808653,0.0463622845709324,0.0115309040993452
4860.0,-0.0442318059504032,-0.0643045380711555,-0.0649568811058998,-0.0239817332476377,-0.024480951949954,-0.0491622947156429,-0.0183145236223936,-0.0178012363612652,-0.0321762934327126,-0.0199387446045876,-0.0487708896398544,-0.0607568696141243,-0.0318223834037781,0.0152098266407847,0.0028910255059599,-0.0016832065302878,-0.0545771569013596,-0.0155981061980128,,0.0260856430977583,0.0463169738650322,0.0115324687212706
4870.0,-0.0442169643938541,-0.0642881318926811,-0.0649560987949371,-0.023969229310751,-0.0244762655347586,-0.0491458885371685,-0.0183137413114309,-0.0177731122821569,-0.0321544148027897,-0.01991374976933,-0.0487708896398544,-0.0607490576803684,-0.031832542270422,0.0152168553322554,0.0028847788926214,-0.0016878986498341,-0.0545763783156872,-0.0155777931213379,,0.0260473620146513,0.0462724380195141,0.0115340324118733
4880.0,-0.0442021228373051,-0.0642717257142067,-0.0649545416235924,-0.0239567328244448,-0.024471577256918,-0.0491341687738895,-0.0183137413114309,-0.0177457705140114,-0.0321356654167175,-0.0198926534503698,-0.0487732291221619,-0.0607435889542103,-0.0318426974117756,0.0152231026440859,0.0028808687347918,-0.0016933631850406,-0.0545755960047245,-0.0155613897368312,,0.0260067358613014,0.0462279133498669,0.0115363691002131
4890.0,-0.0441880561411381,-0.0642576664686203,-0.0649553239345551,-0.0239450111985207,-0.0244668908417225,-0.0491208881139755,-0.0183145236223936,-0.0177199840545654,-0.032116137444973,-0.0198731236159801,-0.0487747937440872,-0.0607373379170895,-0.0318520739674568,0.0152324764057994,0.0028746223542839,-0.0017004013061523,-0.0545732527971268,-0.015542640350759,,0.0259676743298769,0.0461825914680958,0.0115363691002131
4900.0,-0.0441763401031494,-0.064242035150528,-0.0649553239345551,-0.0239332914352417,-0.0244637634605169,-0.0491083897650242,-0.0183176510035992,-0.0176957696676254,-0.0320950411260128,-0.0198496822267771,-0.0487740114331245,-0.0607318691909313,-0.0318622291088104,0.0152395153418183,0.0028714942745864,-0.0017043018015101,-0.0545654371380806,-0.015519198961556,,0.0259317383170128,0.0461411960422993,0.0115387151017785
4910.0,-0.0441646166145802,-0.0642287582159042,-0.0649560987949371,-0.0239246990531683,-0.0244606398046017,-0.0490990169346333,-0.018323116004467,-0.017673110589385,-0.0320770740509033,-0.0198309328407049,-0.0487747937440872,-0.0607264041900635,-0.0318731665611267,0.0152441971004009,0.0028644655831158,-0.0017113303765654,-0.054567001760006,-0.0155027955770493,,0.0258918944746256,0.0460950918495655,0.0115379327908158
4920.0,-0.0441583655774593,-0.0642193853855133,-0.0649584457278252,-0.0239168871194124,-0.024459857493639,-0.0490912012755871,-0.0183301437646151,-0.01765201613307,-0.0320583246648312,-0.0198114011436701,-0.0487794801592827,-0.060720931738615,-0.0318848825991154,0.0152488900348544,0.0028582096565514,-0.0017168044578284,-0.0545623153448105,-0.0154809188097715,,0.0258536133915186,0.0460521318018436,0.0115418434143066
4930.0,-0.0441497750580311,-0.0642084404826164,-0.0649607926607132,-0.0239098537713289,-0.0244582928717136,-0.0490833893418312,-0.0183356180787086,-0.0176301468163729,-0.032039575278759,-0.0197895243763924,-0.0487802624702454,-0.0607162453234196,-0.0318950414657593,0.0152527904137969,0.0028527448885142,-0.0017230510711669,-0.054557628929615,-0.0154613871127367,,0.0258184615522623,0.0460099391639233,0.0115426247939467
4940.0,-0.0441411808133125,-0.0641967281699181,-0.0649615749716759,-0.0238996986299753,-0.0244543887674809,-0.0490732342004776,-0.0183418653905392,-0.0176074877381325,-0.0320208258926868,-0.0197723377496004,-0.0487794801592827,-0.0607092119753361,-0.0319044142961502,0.0152410697191954,0.0028480624314397,-0.0017300796462222,-0.0545545034110546,-0.0154434200376272,,0.0257778353989124,0.0459646321833134,0.0115418434143066
4950.0,-0.0441325902938843,-0.0641865730285645,-0.0649639144539833,-0.0238918866962194,-0.0244512651115656,-0.049064639955759,-0.0183481108397245,-0.0175863932818174,-0.0320028550922871,-0.0197489075362682,-0.0487794801592827,-0.0607037432491779,-0.0319169163703918,0.0144660659134388,0.0028394602704793,-0.0017363356892019,-0.0545537211000919,-0.0154254529625177,,0.025741109624505,0.0459216572344303,0.0115441894158721
4960.0,-0.0441247746348381,-0.0641740709543228,-0.064964696764946,-0.0238848533481359,-0.0244504828006029,-0.0490583889186382,-0.0183567143976688,-0.0175660792738199,-0.0319848880171776,-0.0197270289063454,-0.0487818233668804,-0.0606959313154221,-0.0319255106151104,0.0148098180070519,0.0028379058931022,-0.0017418002244085,-0.0545482523739338,-0.0154059212654829,,0.025702828541398,0.0458786860108376,0.0115441894158721
4970.0,-0.0441107116639614,-0.0641568824648857,-0.0649639144539833,-0.0238746963441372,-0.0244442317634821,-0.0490458868443966,-0.018361397087574,-0.0175442025065422,-0.0319684781134129,-0.0197090618312359,-0.0487810410559177,-0.0606912449002266,-0.0319372303783894,0.0148660754784942,0.0028339957352727,-0.0017488383455202,-0.0545505955815315,-0.0153934191912413,,0.0256606470793486,0.0458341576159,0.011541061103344
4980.0,-0.0440997742116451,-0.064142033457756,-0.0649631321430206,-0.0238661039620638,-0.0244411081075668,-0.0490357279777527,-0.0183692071586847,-0.0175192058086395,-0.0319505110383034,-0.0196887496858835,-0.0487833879888058,-0.0606849938631058,-0.0319466069340706,0.0148738855496049,0.0028308676555752,-0.0017550849588587,-0.054544348269701,-0.0153699778020382,,0.0256270505487919,0.045794315636158,0.0115441894158721
4990.0,-0.0440864935517311,-0.0641240701079369,-0.0649631321430206,-0.0238559488207102,-0.024434857070446,-0.049024011939764,-0.0183746814727783,-0.0174988936632872,-0.0319317616522312,-0.0196707807481289,-0.0487865097820759,-0.0606795251369476,-0.0319567620754242,0.0148707581683993,0.0028277491219341,-0.0017605494940653,-0.0545435659587383,-0.0153543567284942,,0.0255887694656849,0.0457513406872749,0.0115441894158721
5000.0,-0.0440747775137424,-0.0641092285513878,-0.0649654790759087,-0.0238473545759916,-0.0244325157254934,-0.0490185432136059,-0.0183848384767771,-0.0174762345850468,-0.0319176986813545,-0.019654368981719,-0.0487880744040012,-0.0606724955141544,-0.0319684781134129,0.0148606011644006,0.0028230571188032,-0.001767587615177,-0.0545404367148876,-0.0153348250314593,,0.0255512706935406,0.0457107163965702,0.0115457437932491
5010.0,-0.0440622754395008,-0.0640920400619507,-0.064964696764946,-0.0238395445048809,-0.0244286060333252,-0.0490099526941776,-0.0183918662369251,-0.0174504555761814,-0.0318989455699921,-0.019633274525404,-0.0487857274711132,-0.0606615580618382,-0.0319778546690941,0.0148543547838926,0.0028183746617287,-0.0017738342285156,-0.0545310638844967,-0.0153098199516535,,0.0255184546113014,0.0456716530025005,0.0115496534854174
5020.0,-0.0440505556762218,-0.0640787556767464,-0.0649623572826385,-0.0238309465348721,-0.0244247000664473,-0.0490029193460941,-0.0184028055518866,-0.0174293611198664,-0.0318817608058453,-0.0196137428283691,-0.0487849526107311,-0.0606545247137547,-0.0319880098104477,0.0148496627807617,0.0028144645038992,-0.0017800807254388,-0.0545279383659363,-0.015291852876544,,0.0254825204610825,0.0456318184733391,0.0115512181073427
5030.0,-0.0440396219491959,-0.0640639066696167,-0.0649615749716759,-0.0238207913935184,-0.0244207940995693,-0.0489951074123383,-0.0184098333120346,-0.0174043644219637,-0.0318661332130432,-0.0195942111313343,-0.0487880744040012,-0.0606490559875965,-0.031998947262764,0.0148465437814593,0.0028089999686926,-0.0017863368848338,-0.0545209050178528,-0.0152684208005667,,0.0254489220678806,0.0455927550792694,0.0115527817979455
5040.0,-0.0440278984606266,-0.0640490725636482,-0.0649607926607132,-0.023812199011445,-0.0244184490293264,-0.0489896386861801,-0.0184215549379587,-0.0173840522766113,-0.0318520739674568,-0.0195770263671875,-0.0487888567149639,-0.060644369572401,-0.0320091061294079,0.0148441977798939,0.0028035258874297,-0.0017925833817571,-0.05451700091362,-0.0152512257918715,,0.0254129879176617,0.0455521270632744,0.0115535641089082
5050.0,-0.0440169610083103,-0.0640365704894066,-0.0649615749716759,-0.0238051693886518,-0.0244161076843739,-0.0489857345819473,-0.0184332747012377,-0.0173637382686138,-0.0318364463746548,-0.019559059292078,-0.0487896390259266,-0.0606349930167198,-0.0320200435817242,0.0148426340892911,0.002796497195959,-0.0018011759966611,-0.0545099712908268,-0.0152277946472168,,0.0253801718354225,0.0455146208405495,0.0115574644878507
5060.0,-0.0440091490745544,-0.0640256330370903,-0.0649615749716759,-0.0237981360405684,-0.0244145430624485,-0.0489794798195362,-0.0184442140161991,-0.017344206571579,-0.031820822507143,-0.0195395275950432,-0.0487904213368893,-0.060628741979599,-0.0320301987230778,0.0148426340892911,0.0027910231146961,-0.0018066500779241,-0.0545052848756313,-0.0152090452611446,,0.0253442376852036,0.0454755574464798,0.0115582467988133
5070.0,-0.0440005585551262,-0.0640154704451561,-0.0649623572826385,-0.0237926673144102,-0.0244129840284586,-0.0489771366119385,-0.0184613987803459,-0.017325459048152,-0.0318059772253036,-0.0195231251418591,-0.0487935431301594,-0.0606224946677685,-0.0320403575897217,0.0148410694673657,0.0027855585794895,-0.0018136786529794,-0.0544998161494732,-0.0151871675625443,,0.025309856981039,0.0454364940524101,0.0115590281784534
5080.0,-0.0439958721399307,-0.0640053153038025,-0.0649639144539833,-0.0237864162772894,-0.0244122017174959,-0.0489701069891453,-0.0184699911624193,-0.0173067096620798,-0.0317926965653896,-0.0195051468908787,-0.0487966686487198,-0.0606162436306477,-0.0320512913167477,0.0148418517783284,0.002779311966151,-0.0018230533460155,-0.0545013733208179,-0.0151731008663774,,0.0252715777605772,0.0453943163156509,0.011556682176888
5090.0,-0.0439864955842495,-0.0639896914362907,-0.0649639144539833,-0.0237778220325708,-0.0244075153023005,-0.0489646382629871,-0.0184848308563232,-0.017287177965045,-0.0317786335945129,-0.0194879621267319,-0.0488044805824757,-0.0606115572154522,-0.0320637933909893,0.0148449800908566,0.0027730560395866,-0.001828517881222,-0.0544974692165852,-0.0151551337912679,,0.0252364240586758,0.0453544706106186,0.011556682176888
5100.0,-0.0439763404428959,-0.0639787539839745,-0.0649654790759087,-0.0237707942724228,-0.0244059506803751,-0.0489607341587543,-0.0184981152415276,-0.0172676462680101,-0.0317661389708519,-0.0194699950516224,-0.0488044805824757,-0.0606068708002567,-0.0320747308433056,0.014839505776763,0.002765245269984,-0.0018355560023337,-0.0544935651123524,-0.0151363844051957,,0.0252004899084568,0.0453146249055862,0.011556682176888
5110.0,-0.0439669638872147,-0.0639670342206955,-0.064964696764946,-0.0237629786133766,-0.0244043860584497,-0.0489560440182686,-0.0185121819376945,-0.017248896881938,-0.0317497290670872,-0.0194512456655502,-0.0488005727529526,-0.0606006197631359,-0.0320848897099495,0.0148356053978205,0.002760553266853,-0.001841802499257,-0.0544935651123524,-0.0151231000199914,,0.0251629818230867,0.0452740006148815,0.0115543361753225
5120.0,-0.0439599305391312,-0.0639584437012672,-0.0649670362472534,-0.0237575098872185,-0.0244051683694124,-0.0489552617073059,-0.0185293667018414,-0.0172332655638456,-0.0317364484071732,-0.0194340609014034,-0.0487997941672802,-0.0605967119336128,-0.0320950411260128,0.0148363877087831,0.0027550887316465,-0.001850395114161,-0.0544959120452404,-0.0151113886386156,,0.0251239202916622,0.0452310256659985,0.0115519994869828
5130.0,-0.0439521223306656,-0.0639482885599136,-0.0649670362472534,-0.0237504802644253,-0.0244028270244598,-0.0489497929811478,-0.0185410883277655,-0.0172145180404186,-0.0317223817110062,-0.0194160845130682,-0.0488013550639153,-0.0605935901403427,-0.0321067608892918,0.0148410694673657,0.0027496241964399,-0.0018582057673484,-0.0544880963861942,-0.015090293250978,,0.0250918958336115,0.0451943092048168,0.0115543361753225
5140.0,-0.0439443066716194,-0.0639350041747093,-0.0649670362472534,-0.0237450115382671,-0.0243989173322916,-0.0489466711878777,-0.0185559261590242,-0.0171981137245893,-0.031705979257822,-0.0193996801972389,-0.0488013550639153,-0.0605896785855293,-0.0321169160306454,0.014847326092422,0.0027457140386104,-0.0018628978868946,-0.0544865317642689,-0.0150777911767364,,0.0250536147505045,0.0451513454318047,0.0115496534854174
5150.0,-0.0439341478049755,-0.0639225095510483,-0.0649678185582161,-0.0237379781901836,-0.0243981406092644,-0.0489427596330643,-0.0185707751661539,-0.0171801466494799,-0.0316911339759827,-0.0193817131221294,-0.0488005727529526,-0.0605857744812965,-0.0321286395192146,0.01485357247293,0.0027394676581025,-0.0018714903853833,-0.0544849708676338,-0.0150629514828324,,0.0250168889760971,0.0451130568981171,0.0115496534854174
5160.0,-0.0439286790788174,-0.06391391903162,-0.0649693831801414,-0.0237332917749882,-0.024396575987339,-0.0489404201507568,-0.0185856148600578,-0.0171621702611446,-0.0316778570413589,-0.0193653106689453,-0.0488021373748779,-0.0605810880661011,-0.0321387946605682,0.0148621648550034,0.0027339935768395,-0.0018769645830616,-0.0544802844524384,-0.0150457574054599,,0.0249840822070837,0.0450747758150101,0.0115488721057773
5170.0,-0.0439224317669868,-0.0639037564396858,-0.0649693831801414,-0.0237270444631577,-0.0243957936763763,-0.0489404201507568,-0.0186035819351673,-0.0171481128782034,-0.031665351241827,-0.0193488970398903,-0.0488037019968033,-0.0605756156146526,-0.0321505106985569,0.014869193546474,0.0027285288088023,-0.0018839931581169,-0.0544755980372429,-0.0150293540209532,,0.0249489210546017,0.0450357124209404,0.0115488721057773
5180.0,-0.043913833796978,-0.0638920366764069,-0.0649693831801414,-0.0237207934260368,-0.0243911072611809,-0.0489349514245987,-0.0186176486313343,-0.0171277988702059,-0.0316520743072033,-0.0193309299647808,-0.0488037019968033,-0.0605717115104198,-0.0321622304618359,0.0148762315511703,0.0027238368056714,-0.0018918036948889,-0.0544732511043549,-0.0150129506364465,,0.0249129869043827,0.044996652752161,0.0115465261042118
5190.0,-0.0439044609665871,-0.0638779699802399,-0.0649686008691788,-0.023714542388916,-0.0243895426392555,-0.0489318259060383,-0.0186340510845184,-0.0171121694147587,-0.0316348820924759,-0.0193129628896713,-0.048805259168148,-0.0605670250952244,-0.0321731641888618,0.014883260242641,0.0027175901923328,-0.0018988322699442,-0.0544693470001221,-0.0150020122528076,,0.0248762704432011,0.044956024736166,0.0115465261042118
5200.0,-0.0438950844109058,-0.0638654753565788,-0.064964696764946,-0.0237075127661228,-0.0243856385350227,-0.0489279180765152,-0.0186496824026108,-0.0170926377177238,-0.0316169150173664,-0.0192957781255245,-0.0488060414791107,-0.0605631209909916,-0.0321848876774311,0.0148887252435088,0.0027121161110699,-0.0019058703910559,-0.054467000067234,-0.0149902915582061,,0.0248411074280739,0.0449169613420963,0.0115434071049094
5210.0,-0.0438872762024403,-0.0638568848371506,-0.0649670362472534,-0.0237059500068426,-0.0243864189833403,-0.0489271394908428,-0.0186723321676254,-0.0170770157128572,-0.03160285577178,-0.0192801468074322,-0.0488068237900734,-0.0605599917471409,-0.0321981646120548,0.0148887252435088,0.0027074336539953,-0.0019136810442432,-0.0544638782739639,-0.0149770062416792,,0.0248059555888176,0.0448786802589893,0.0115434071049094
5220.0,-0.043877899646759,-0.0638451650738716,-0.0649670362472534,-0.023701261729002,-0.0243848562240601,-0.0489247925579548,-0.0186871811747551,-0.0170598309487104,-0.0315864458680153,-0.0192621797323227,-0.0488083884119987,-0.0605553053319454,-0.0322098881006241,0.0148895066231489,0.0027043055742979,-0.0019199275411665,-0.0544576235115528,-0.0149574754759669,,0.0247754845768213,0.0448450930416584,0.0115465261042118
5230.0,-0.0438732132315636,-0.063835009932518,-0.0649662539362907,-0.0236957930028439,-0.0243840739130974,-0.0489247925579548,-0.0187051482498646,-0.0170426461845636,-0.0315700434148312,-0.0192457772791386,-0.0488115102052689,-0.0605506151914597,-0.0322208255529404,0.0148941986262798,0.0026996231172233,-0.0019269561162218,-0.0544318482279778,-0.0149254510179162,,0.0247489251196384,0.0448130592703819,0.0115535641089082
5240.0,-0.0438677445054054,-0.0638264119625092,-0.0649662539362907,-0.0236911047250032,-0.0243832971900702,-0.0489216707646847,-0.0187215507030487,-0.0170293617993593,-0.0315528512001038,-0.0192285906523466,-0.0488115102052689,-0.060540460050106,-0.0322301983833313,0.0148996636271477,0.0026941490359604,-0.0019339942373335,-0.0544240325689316,-0.0149035733193159,,0.0247231386601925,0.0447825901210308,0.0115605928003788
5250.0,-0.0438607111573219,-0.0638162568211555,-0.0649662539362907,-0.0236872006207705,-0.0243825148791075,-0.0489201061427593,-0.0187403000891209,-0.0170090477913618,-0.031537227332592,-0.0192113965749741,-0.0488115102052689,-0.0605342127382755,-0.0322411395609379,0.014907474629581,0.0026902484241873,-0.00193945877254,-0.0544271618127823,-0.0148965353146195,,0.0246832929551601,0.044738844037056,0.0115535641089082
5260.0,-0.0438528992235661,-0.0638021901249886,-0.0649639144539833,-0.023680167272687,-0.0243786089122295,-0.0489169843494892,-0.0187582783401012,-0.016991863027215,-0.0315231643617153,-0.0191949941217899,-0.0488138571381569,-0.0605303086340427,-0.0322520732879639,0.014912948012352,0.0026847743429243,-0.0019472694257274,-0.0544451288878918,-0.0149066923186183,,0.0246364213526249,0.0446911789476871,0.0115426247939467
5270.0,-0.0438489951193333,-0.0637951642274857,-0.064964696764946,-0.0236770436167717,-0.0243793856352568,-0.0489177629351616,-0.0187762454152107,-0.0169770140200853,-0.031510666012764,-0.019177807494998,-0.0488161966204643,-0.0605232752859592,-0.0322637930512428,0.0149191943928599,0.0026808737311512,-0.0019527435069903,-0.0544427819550037,-0.0148949809372425,,0.0246020499616861,0.0446536801755428,0.0115426247939467
5280.0,-0.0438427440822124,-0.063785009086132,-0.0649631321430206,-0.0236700102686882,-0.0243770442903042,-0.0489162020385265,-0.0187949948012829,-0.0169613938778639,-0.0314997285604477,-0.0191598404198885,-0.0488177612423897,-0.0605185888707638,-0.0322739481925964,0.0149238873273134,0.0026753996498882,-0.0019597720820456,-0.0544380955398083,-0.0148848248645663,,0.0245684515684843,0.0446138381958008,0.0115402787923813
5290.0,-0.0438372753560543,-0.0637756362557411,-0.0649615749716759,-0.0236668866127729,-0.0243770442903042,-0.0489146374166012,-0.018811397254467,-0.0169442072510719,-0.031485665589571,-0.0191418640315533,-0.0488185435533524,-0.0605154633522034,-0.032284889370203,0.0149324797093868,0.0026699351146817,-0.0019668005406856,-0.0544357523322105,-0.0148699758574367,,0.024533299729228,0.0445771217346191,0.011541061103344
5300.0,-0.0438286811113358,-0.0637631341814995,-0.0649560987949371,-0.0236614178866148,-0.0243746992200613,-0.0489115118980408,-0.0188262462615967,-0.0169262308627367,-0.0314731635153294,-0.0191246792674065,-0.0488185435533524,-0.0605092123150826,-0.032295823097229,0.0149387260898948,0.0026652431115508,-0.0019738387782126,-0.0544388741254807,-0.0148645108565688,,0.024495018646121,0.0445357114076614,0.0115371514111757
5310.0,-0.0438232123851776,-0.0637521892786026,-0.0649506375193596,-0.023655166849494,-0.0243786089122295,-0.0489083863794804,-0.0188403036445379,-0.0169082637876272,-0.0314591005444527,-0.019106712192297,-0.0488185435533524,-0.0605053082108498,-0.0323067605495453,0.0149449817836285,0.0026613424997776,-0.0019816493149846,-0.0544349700212479,-0.0148527901619673,,0.0244606398046017,0.0444974303245544,0.0115363691002131
5320.0,-0.0438177436590195,-0.0637435987591743,-0.0649490728974342,-0.0236520431935787,-0.0243825148791075,-0.0489083863794804,-0.018861398100853,-0.0168965440243483,-0.0314466021955013,-0.0190903078764677,-0.0488208867609501,-0.0605021789669991,-0.0323169194161892,0.014951229095459,0.0026574325747788,-0.0019878959283232,-0.0544310659170151,-0.0148402880877256,,0.0244270414113998,0.0444614961743355,0.0115371514111757
5330.0,-0.0438099317252636,-0.0637350082397461,-0.0649467259645462,-0.0236473549157381,-0.0243801679462194,-0.048907607793808,-0.0188801474869251,-0.016880139708519,-0.031435664743185,-0.0190738961100578,-0.0488232299685478,-0.0604982748627663,-0.0323294214904308,0.0149551387876272,0.0026488399598747,-0.0019980524666607,-0.054428718984127,-0.0148285673931241,,0.0243911072611809,0.0444224365055561,0.0115363691002131
5340.0,-0.0438052453100681,-0.0637279748916626,-0.0649467259645462,-0.0236457921564579,-0.0243801679462194,-0.0489107295870781,-0.0189004614949226,-0.0168660823255777,-0.0314247272908688,-0.0190582741051912,-0.0488247945904732,-0.0604920238256454,-0.0323395766317844,0.0149598214775324,0.0026425838004797,-0.0020058632362633,-0.0544271618127823,-0.0148184103891253,,0.0243567358702421,0.0443849377334118,0.0115355867892504
5350.0,-0.0438028983771801,-0.0637209415435791,-0.0649467259645462,-0.0236434508115053,-0.0243817325681448,-0.0489130727946758,-0.0189223382622004,-0.0168543625622988,-0.0314130112528801,-0.0190410893410444,-0.0488255731761456,-0.060488898307085,-0.0323520749807358,0.0149621674790978,0.0026379013434052,-0.0020121191628277,-0.0544216893613338,-0.014803571626544,,0.0243254844099283,0.0443497747182846,0.0115363691002131
5360.0,-0.043797429651022,-0.0637115687131882,-0.0649451687932014,-0.0236411038786173,-0.0243778266012669,-0.0489138551056385,-0.0189418699592352,-0.0168395135551691,-0.0314012914896011,-0.0190262403339148,-0.0488294847309589,-0.0604849942028522,-0.0323622301220894,0.014965295791626,0.0026308726519346,-0.0020222759339958,-0.0544216893613338,-0.0147957606241107,,0.024291105568409,0.0443114936351776,0.0115355867892504
5370.0,-0.0437919609248638,-0.0637006312608719,-0.0649412646889687,-0.0236356351524591,-0.0243746992200613,-0.0489115118980408,-0.018959054723382,-0.016823111101985,-0.0313926972448826,-0.0190106201916933,-0.0488318242132664,-0.0604826472699642,-0.0323739536106586,0.0149660678580403,0.0026238346472382,-0.0020300864707678,-0.0544193461537361,-0.0147848222404718,,0.0242567341774702,0.044274777173996,0.0115355867892504
5380.0,-0.0437864921987057,-0.063692033290863,-0.0649389177560806,-0.0236332938075066,-0.0243739224970341,-0.0489138551056385,-0.0189793668687344,-0.0168098248541355,-0.0313794128596783,-0.018994988873601,-0.0488349460065365,-0.0604810900986195,-0.0323848873376846,0.0149676315486431,0.0026168059557676,-0.0020394611638039,-0.0544138737022877,-0.0147699732333422,,0.0242254827171564,0.0442396253347397,0.0115363691002131
5390.0,-0.0437833666801453,-0.0636904761195183,-0.0649412646889687,-0.0236332938075066,-0.024375481531024,-0.0489154197275639,-0.0190028082579374,-0.0167996697127819,-0.0313700400292873,-0.0189770217984915,-0.0488365106284618,-0.0604779608547688,-0.0323958247900009,0.0149707598611712,0.0026129053439945,-0.0020457075443118,-0.0544045008718967,-0.0147520061582327,,0.0241950117051601,0.0442060269415379,0.0115402787923813
5400.0,-0.0437778979539871,-0.0636826604604721,-0.064940482378006,-0.0236317291855812,-0.0243746992200613,-0.048918541520834,-0.0190246775746346,-0.0167879574000835,-0.0313583239912987,-0.0189613997936249,-0.0488372929394245,-0.0604748390614986,-0.0324067622423172,0.0149715421721339,0.0026058673392981,-0.0020543001592159,-0.0544013790786266,-0.0147418491542339,,0.0241614244878292,0.0441685281693935,0.0115394974127412
5410.0,-0.102080464363098,-0.102079682052135,-0.102080464363098,-0.0702061280608177,-0.080497570335865,-0.102033585309982,-0.0793460011482239,-0.0786108449101448,-0.0907929241657257,-0.0469583794474602,-0.101953901350498,-0.102077335119247,-0.0879358723759651,-0.0302145667374134,-0.0462146289646626,-0.051802147179842,-0.0922202691435814,-0.0389028824865818,,-0.0325786396861076,-0.0194801520556211,-0.0414599217474461
5420.0,-0.105824664235115,-0.117121510207653,-0.12088718265295,-0.07016821205616,-0.0801136046648026,-0.106762126088142,-0.0789104476571083,-0.0783166885375977,-0.0906292945146561,-0.0459962859749794,-0.105691812932491,-0.108598046004772,-0.0878323540091515,-0.0299415588378906,-0.0460900329053402,-0.0517149940133095,-0.0929417610168457,-0.0403399467468262,,-0.0322305671870708,-0.0193711277097464,-0.0411837585270405
5430.0,-0.105512142181396,-0.116808988153934,-0.12067623436451,-0.0700588226318359,-0.0798791870474815,-0.106512166559696,-0.0786370262503624,-0.0781526565551758,-0.0905042663216591,-0.0452540405094624,-0.105566792190075,-0.108535580337048,-0.0877698883414268,-0.0297384262084961,-0.0460119247436523,-0.0516681671142578,-0.093597985804081,-0.0416056625545025,,-0.0319493301212788,-0.0193008426576853,-0.0409571640193462
5440.0,-0.105277732014656,-0.116582490503788,-0.120543383061886,-0.0698556900024414,-0.0797151550650597,-0.106324575841427,-0.0784495398402214,-0.0780589133501053,-0.0903948768973351,-0.0445899963378906,-0.105441763997078,-0.108441829681396,-0.0876995101571083,-0.0295509342104197,-0.045933723449707,-0.0516212470829487,-0.0941682830452919,-0.0426837913691998,,-0.0316993705928326,-0.0192461963742971,-0.0407462120056152
5450.0,-0.105098061263561,-0.116410635411739,-0.120457462966442,-0.0696057304739952,-0.0795901343226433,-0.106152728199959,-0.0782854110002518,-0.0780119895935059,-0.0903089568018913,-0.0439727790653706,-0.105309009552002,-0.108340263366699,-0.0876292213797569,-0.0293711666017771,-0.0458399765193462,-0.0515666007995605,-0.0946526527404785,-0.0435587875545025,,-0.0314649604260921,-0.0191836357116699,-0.0405352599918842
5460.0,-0.104934029281139,-0.116262152791023,-0.120387174189091,-0.0693323165178299,-0.0794807448983192,-0.105996511876583,-0.0781291946768761,-0.077972985804081,-0.090223029255867,-0.0434103012084961,-0.105176165699959,-0.108215235173702,-0.0875354781746864,-0.0291993152350187,-0.0457540526986122,-0.0515119545161724,-0.0950667411088943,-0.0442696586251259,,-0.0312461853027344,-0.0191289912909269,-0.0403399467468262
5470.0,-0.104785539209843,-0.116144947707653,-0.120332531630993,-0.069066621363163,-0.0793948173522949,-0.105871491134167,-0.0779885277152061,-0.0779338851571083,-0.0901526436209679,-0.0428869239985943,-0.105043411254883,-0.108098030090332,-0.0874417349696159,-0.0290274620056152,-0.0456603057682514,-0.0514493957161903,-0.0953949019312859,-0.0448400489985943,,-0.0310508739203215,-0.0190742500126362,-0.0401446335017681
5480.0,-0.1046526953578,-0.116043381392956,-0.120269969105721,-0.0688166618347168,-0.0793088898062706,-0.105769924819469,-0.0778635963797569,-0.0778947845101357,-0.0900745391845703,-0.0424024574458599,-0.10491056740284,-0.107973098754883,-0.0873323455452919,-0.0288634300231934,-0.0455587394535542,-0.0513869300484657,-0.0956448540091515,-0.0452853217720985,,-0.0308712013065815,-0.019019603729248,-0.0399649627506733
5490.0,-0.104535579681396,-0.115957453846931,-0.120207503437996,-0.0685667023062706,-0.079230785369873,-0.105683997273445,-0.0777385756373405,-0.0778401419520378,-0.089988611638546,-0.0419493690133095,-0.104793362319469,-0.107855893671513,-0.0872073173522949,-0.0286993030458689,-0.0454649925231934,-0.0513321869075298,-0.095824621617794,-0.0456368438899517,,-0.0307149887084961,-0.0189649593085051,-0.0397931113839149
5500.0,-0.104426197707653,-0.115871526300907,-0.120137214660645,-0.0683244690299034,-0.0791526809334755,-0.105613708496094,-0.0776213631033897,-0.0777854919433594,-0.0899026915431023,-0.0415274612605572,-0.104668334126472,-0.107738688588142,-0.0870745703577995,-0.028535271063447,-0.0453634262084961,-0.0512697212398052,-0.0959417372941971,-0.0459103584289551,,-0.0305665023624897,-0.0189180374145508,-0.0396212600171566
5510.0,-0.104332447052002,-0.115801237523556,-0.120066836476326,-0.068090058863163,-0.0790744796395302,-0.105551145970821,-0.0775041580200195,-0.077722929418087,-0.0898167639970779,-0.0411368384957314,-0.104551218450069,-0.107629299163818,-0.0869417190551758,-0.028378963470459,-0.0452696792781353,-0.0512072555720806,-0.0959808379411697,-0.0461213104426861,,-0.0304259303957224,-0.0188633929938078,-0.039449404925108
5520.0,-0.104230880737305,-0.115730859339237,-0.119996547698975,-0.0678400993347168,-0.0790041908621788,-0.105496503412724,-0.0773714110255241,-0.0776604637503624,-0.0897230133414268,-0.0407696738839149,-0.104434013366699,-0.107512094080448,-0.0867933258414268,-0.0282149314880371,-0.045168112963438,-0.0511446967720985,-0.0959651991724968,-0.0462931655347347,,-0.0303009040653706,-0.018808651715517,-0.0392774604260921
5530.0,-0.104137137532234,-0.11565275490284,-0.119926266372204,-0.0675901398062706,-0.078933909535408,-0.105441763997078,-0.0772463828325272,-0.0775901824235916,-0.0896214470267296,-0.0404181480407715,-0.104316808283329,-0.107402704656124,-0.0866448432207108,-0.0280587207525969,-0.0450743697583675,-0.0510900504887104,-0.0959027335047722,-0.0464337356388569,,-0.0301836971193552,-0.0187618266791105,-0.0391134284436703
5540.0,-0.104043386876583,-0.115582466125488,-0.119855880737305,-0.0673400908708572,-0.0788713470101357,-0.105402760207653,-0.0771369934082031,-0.0775197967886925,-0.0895198807120323,-0.0400899909436703,-0.104207418859005,-0.107285596430302,-0.0864886268973351,-0.0279102325439453,-0.0449806228280067,-0.051027487963438,-0.0957933440804482,-0.0465509407222271,,-0.0300821308046579,-0.0187070854008198,-0.0389415733516216
5550.0,-0.103949643671513,-0.115504361689091,-0.119777776300907,-0.0670979544520378,-0.078808881342411,-0.105355836451054,-0.0770354270935059,-0.0774495154619217,-0.0894104987382889,-0.0397696495056152,-0.104090213775635,-0.107176207005978,-0.086324505507946,-0.0277618411928415,-0.044886875897646,-0.0509728454053402,-0.0956526771187782,-0.0466525070369244,,-0.0299883838742971,-0.0186602603644133,-0.0387697219848633
5560.0,-0.103855900466442,-0.115426257252693,-0.119715310633183,-0.0668557211756706,-0.0787542387843132,-0.105309009552002,-0.0769260451197624,-0.0773714110255241,-0.0892932936549187,-0.0394805930554867,-0.103973008692265,-0.107059001922607,-0.0861604735255241,-0.027597714215517,-0.0447931289672852,-0.0509181991219521,-0.0954886451363564,-0.0467462539672852,,-0.0298946388065815,-0.018613338470459,-0.0386055968701839
5570.0,-0.103762149810791,-0.115348055958748,-0.119645021855831,-0.0666057616472244,-0.0786916762590408,-0.105262093245983,-0.0768244788050652,-0.077293299138546,-0.0891760811209679,-0.0391993522644043,-0.103863716125488,-0.10693397372961,-0.0859964415431023,-0.0274493228644133,-0.0446915626525879,-0.0508556365966797,-0.0952855125069618,-0.046824362128973,,-0.0298087131232023,-0.018558694049716,-0.0384415648877621
5580.0,-0.1036761328578,-0.11526995152235,-0.119582466781139,-0.0663713440299034,-0.0786370262503624,-0.105207443237305,-0.0767229124903679,-0.0772150978446007,-0.0890589728951454,-0.0389337539672852,-0.103754334151745,-0.10681676864624,-0.0858323127031326,-0.0273008346557617,-0.0445978157222271,-0.0507931709289551,-0.0950667411088943,-0.0469025634229183,,-0.0297306068241596,-0.0185117721557617,-0.0382852554321289
5590.0,-0.103590205311775,-0.115191839635372,-0.119520001113415,-0.0661291107535362,-0.0785744711756706,-0.105160526931286,-0.0766057968139648,-0.077129177749157,-0.0889417678117752,-0.0386837013065815,-0.103644944727421,-0.106691837310791,-0.085660457611084,-0.0271524433046579,-0.0444962494075298,-0.0507384315133095,-0.0948167815804482,-0.0469806678593159,,-0.0296525005251169,-0.0184571277350187,-0.038121223449707
5600.0,-0.103504277765751,-0.115121558308601,-0.119465254247189,-0.0658947974443436,-0.078527644276619,-0.105113700032234,-0.0764964148402214,-0.0770510658621788,-0.0888167396187782,-0.0384415648877621,-0.103535555303097,-0.106566809117794,-0.0854886099696159,-0.027011776342988,-0.0444025062024593,-0.0506759658455849,-0.0945433601737022,-0.0470431335270405,,-0.0295742992311716,-0.018402386456728,-0.0379650108516216
5610.0,-0.103426173329353,-0.115051172673702,-0.119410611689091,-0.0656603798270226,-0.0784729942679405,-0.105066776275635,-0.0763870254158974,-0.0769729614257813,-0.0886917114257813,-0.0382149703800678,-0.103426173329353,-0.106449604034424,-0.0853167548775673,-0.0268712043762207,-0.0443009398877621,-0.0506213195621967,-0.0942620262503624,-0.047121237963438,,-0.029511833563447,-0.0183555614203215,-0.0378165245056152
5620.0,-0.103348068892956,-0.114988707005978,-0.119363687932491,-0.0654260665178299,-0.0784260779619217,-0.105019949376583,-0.0762619972229004,-0.0768870338797569,-0.088574506342411,-0.0380040183663368,-0.103324607014656,-0.106332398951054,-0.0851448103785515,-0.0267305374145508,-0.0442071929574013,-0.0505665801465511,-0.0939964279532433,-0.0472071655094624,,-0.0294570922851563,-0.0183164607733488,-0.0376837737858295
5630.0,-0.103269957005978,-0.114918425679207,-0.119309045374393,-0.0651838332414627,-0.0783714279532433,-0.104973033070564,-0.0761447921395302,-0.0768088325858116,-0.0884495750069618,-0.0377930663526058,-0.103215217590332,-0.106207467615604,-0.0849729552865028,-0.0265899654477835,-0.044105626642704,-0.0505041144788265,-0.0936917290091515,-0.0472775474190712,,-0.0293946266174316,-0.0182696338742971,-0.0375509262084961
5640.0,-0.103199578821659,-0.114855863153934,-0.119262121617794,-0.0649416968226433,-0.0783245116472244,-0.104926206171513,-0.076019860804081,-0.0767229124903679,-0.0883245468139648,-0.0375900268554688,-0.103113651275635,-0.106082439422607,-0.0848011001944542,-0.0264492984861135,-0.0440118797123432,-0.0504493713378906,-0.0933870300650597,-0.0473634712398052,,-0.0293478015810251,-0.0182305332273245,-0.0374259017407894
5650.0,-0.103121474385262,-0.114785574376583,-0.119215302169323,-0.0647072792053223,-0.078269861638546,-0.104879282414913,-0.075879193842411,-0.0766369849443436,-0.0882073417305946,-0.0373947136104107,-0.103004269301891,-0.105949595570564,-0.0846214294433594,-0.0263087283819914,-0.043910313397646,-0.0503947250545025,-0.0930667892098427,-0.0474337600171566,,-0.029300881549716,-0.0181836131960154,-0.0373008735477924
5660.0,-0.103043369948864,-0.114715293049812,-0.119168378412724,-0.0644650459289551,-0.0782229453325272,-0.104824639856815,-0.0757385268807411,-0.0765432342886925,-0.0880824103951454,-0.0371994040906429,-0.102902702987194,-0.105816841125488,-0.0844417586922646,-0.0261680614203215,-0.0438087470829487,-0.0503322593867779,-0.0927386283874512,-0.0475040450692177,,-0.0292462352663279,-0.0181446075439453,-0.0371915809810162
5670.0,-0.102973081171513,-0.11465273052454,-0.119129374623299,-0.0642150864005089,-0.0781682953238487,-0.104785539209843,-0.075597956776619,-0.0764651298522949,-0.0879652053117752,-0.0370196364820004,-0.102808952331543,-0.105683997273445,-0.084261991083622,-0.026035213842988,-0.0437150001525879,-0.0502775199711323,-0.0924026519060135,-0.0475744269788265,,-0.0292071346193552,-0.0180976875126362,-0.0370821952819824
5680.0,-0.102902702987194,-0.114590264856815,-0.119082450866699,-0.0639806762337685,-0.0781213790178299,-0.104738712310791,-0.0754416510462761,-0.0763713866472244,-0.087848000228405,-0.0368399620056152,-0.102707386016846,-0.105551145970821,-0.0840823203325272,-0.0259024631232023,-0.0436212532222271,-0.0502228736877441,-0.092066764831543,-0.0476447120308876,,-0.0291603095829487,-0.0180586818605661,-0.0369884483516216
5690.0,-0.102832414209843,-0.114527799189091,-0.119043447077274,-0.063738539814949,-0.0780667290091515,-0.104691796004772,-0.0752932578325272,-0.0762854591012001,-0.0877307876944542,-0.0366681106388569,-0.102605819702148,-0.105418398976326,-0.0838948264718056,-0.0257696155458689,-0.0435275100171566,-0.0501603148877621,-0.0917307883501053,-0.0477071776986122,,-0.0291290283203125,-0.0180195812135935,-0.0368947051465511
5700.0,-0.102762125432491,-0.114465236663818,-0.119004346430302,-0.063504122197628,-0.0780198127031326,-0.1046526953578,-0.0751370415091515,-0.0761995315551758,-0.0876214057207108,-0.036504078656435,-0.102512076497078,-0.105293370783329,-0.083707332611084,-0.0256290435791016,-0.0434337630867958,-0.0500978492200375,-0.0913949012756348,-0.0477775596082211,,-0.0290899276733398,-0.0179805755615234,-0.0368087776005268
5710.0,-0.102691747248173,-0.114402770996094,-0.118965245783329,-0.0632698088884354,-0.077972985804081,-0.104613684117794,-0.0749807357788086,-0.0761136040091515,-0.0875042006373405,-0.0363399498164654,-0.102418325841427,-0.105168342590332,-0.0835198387503624,-0.0255040172487497,-0.043340016156435,-0.0500432029366493,-0.0910511016845703,-0.0478322021663189,,-0.0290431026369333,-0.0179336555302143,-0.036722756922245
5720.0,-0.102629281580448,-0.114348128437996,-0.118926241993904,-0.0630432143807411,-0.0779260620474815,-0.104574583470821,-0.0748323425650597,-0.0760354027152061,-0.0873870849609375,-0.0361759178340435,-0.10231675952673,-0.105035595595837,-0.0833323523402214,-0.0253711696714163,-0.0432462692260742,-0.0499728210270405,-0.0907152220606804,-0.0478946678340435,,-0.0290118213742971,-0.0178945548832417,-0.0366524718701839
5730.0,-0.10257463902235,-0.114301204681396,-0.118894957005978,-0.0628244429826736,-0.0778792425990105,-0.104535579681396,-0.0746760368347168,-0.0759494826197624,-0.0872777029871941,-0.0360274314880371,-0.102230839431286,-0.104918383061886,-0.083152674138546,-0.0252384189516306,-0.0431525222957134,-0.0499181747436523,-0.0903792381286621,-0.0479415915906429,,-0.0289805419743061,-0.0178555492311716,-0.0365821830928326
5740.0,-0.102519892156124,-0.114246562123299,-0.118855953216553,-0.0626056715846062,-0.0778401419520378,-0.104504302144051,-0.0745276436209679,-0.0758713707327843,-0.08716831356287,-0.0358790419995785,-0.102137088775635,-0.104793362319469,-0.0829730033874512,-0.0251055713742971,-0.0430665984749794,-0.0498556159436703,-0.0900510773062706,-0.0480040572583675,,-0.0289415363222361,-0.017816448584199,-0.0365118980407715
5750.0,-0.102465249598026,-0.114199638366699,-0.118824675679207,-0.0623948089778423,-0.0777932181954384,-0.104473017156124,-0.0743791610002518,-0.0757932662963867,-0.087058924138546,-0.0357306487858295,-0.102043345570564,-0.104676149785519,-0.0827932357788086,-0.0249805450439453,-0.0429806709289551,-0.0497931502759457,-0.0897308364510536,-0.0480509772896767,,-0.0289102550595999,-0.0177774429321289,-0.0364493392407894
5760.0,-0.102410510182381,-0.114144995808601,-0.11879339069128,-0.0621760375797749,-0.0777463912963867,-0.104434013366699,-0.0742151290178299,-0.0757151618599892,-0.0869495421648026,-0.0355899818241596,-0.101949594914913,-0.104558944702148,-0.0826135650277138,-0.0248477943241596,-0.0428869239985943,-0.0497306846082211,-0.0894261375069618,-0.0481134429574013,,-0.0288867950439453,-0.0177383422851563,-0.0363946929574013
5770.0,-0.102348044514656,-0.114098072052002,-0.118762210011482,-0.0619650855660439,-0.0776994749903679,-0.104402735829353,-0.0740666389465332,-0.0756369605660439,-0.0868401527404785,-0.0354493148624897,-0.101863674819469,-0.104441836476326,-0.082433894276619,-0.0247305873781443,-0.0428009033203125,-0.0496681220829487,-0.0891292616724968,-0.0481681823730469,,-0.0288556106388569,-0.0176992416381836,-0.0363399498164654
5780.0,-0.102293394505978,-0.114043429493904,-0.118730925023556,-0.0617619529366493,-0.0776604637503624,-0.104371450841427,-0.0739026069641113,-0.0755510330200195,-0.0867385864257813,-0.035316564142704,-0.101777747273445,-0.104324631392956,-0.0822620391845703,-0.0246055610477924,-0.0427227988839149,-0.0496056564152241,-0.0888402014970779,-0.0482150092720985,,-0.0288243293762207,-0.0176602359861135,-0.0362853072583675
5790.0,-0.102238655090332,-0.113988690078259,-0.11869964748621,-0.0615510009229183,-0.0776135474443436,-0.104332447052002,-0.0737463980913162,-0.0754807516932487,-0.086637020111084,-0.0351837165653706,-0.101683996617794,-0.104215241968632,-0.0820823684334755,-0.0244805347174406,-0.0426368713378906,-0.0495431907474995,-0.0885589644312859,-0.0482697486877441,,-0.0287930499762297,-0.0176211353391409,-0.0362305641174316
5800.0,-0.102176189422607,-0.113941863179207,-0.118668459355831,-0.0613478682935238,-0.0775745436549187,-0.104301169514656,-0.0735822692513466,-0.0753948241472244,-0.0865354537963867,-0.0350586883723736,-0.10159807652235,-0.104105852544308,-0.0819104239344597,-0.0243633277714252,-0.0425587669014931,-0.0494806282222271,-0.088269904255867,-0.0483087562024593,,-0.0287618637084961,-0.017582131549716,-0.0361759178340435
5810.0,-0.102121450006962,-0.113887123763561,-0.118637181818485,-0.0611369125545025,-0.0775276198983192,-0.104277707636356,-0.0734260603785515,-0.075324535369873,-0.0864338874816895,-0.0349337570369244,-0.101512148976326,-0.103996470570564,-0.081738568842411,-0.0242462158203125,-0.0424806587398052,-0.0494181625545025,-0.0880433097481728,-0.0483946800231934,,-0.0287618637084961,-0.0175586696714163,-0.0361524596810341
5820.0,-0.102066807448864,-0.11384029686451,-0.118605904281139,-0.0609494224190712,-0.0774886161088943,-0.104246519505978,-0.0732620283961296,-0.0752463340759277,-0.086340144276619,-0.0348087325692177,-0.101426124572754,-0.10388708114624,-0.0815667137503624,-0.0241290088742971,-0.0424024574458599,-0.0493634231388569,-0.0878088995814323,-0.0484572425484657,,-0.0287384036928415,-0.0175352096557617,-0.0361134521663189
5830.0,-0.102012060582638,-0.11379337310791,-0.11858244240284,-0.0607619285583496,-0.0774495154619217,-0.104215241968632,-0.0731057152152061,-0.075176052749157,-0.0862463936209679,-0.0346915237605572,-0.10134019702673,-0.103785514831543,-0.0813948661088943,-0.0240118037909269,-0.0423321723937988,-0.0493009574711323,-0.0875824019312859,-0.0485197082161903,,-0.028714943677187,-0.0175039302557707,-0.0360665321350098
5840.0,-0.101965241134167,-0.113754369318485,-0.118551254272461,-0.0605822578072548,-0.0774025917053223,-0.104183964431286,-0.072949506342411,-0.0751057639718056,-0.0861526504158974,-0.034574318677187,-0.101254276931286,-0.1036761328578,-0.0812229141592979,-0.0238945968449116,-0.0422540679574013,-0.0492384918034077,-0.0873636230826378,-0.0485821738839149,,-0.0286914836615324,-0.0174649246037006,-0.0360197089612484
5850.0,-0.101910494267941,-0.113707445561886,-0.118527792394161,-0.0603947639465332,-0.0773635879158974,-0.104160599410534,-0.0727932006120682,-0.0750354751944542,-0.0860589072108269,-0.0344649329781532,-0.101176165044308,-0.103574566543102,-0.0810510665178299,-0.0237852092832327,-0.0421837829053402,-0.0491837523877621,-0.0871604904532433,-0.048644732683897,,-0.0286758430302143,-0.0174336433410645,-0.0359806083142757
5860.0,-0.101863674819469,-0.113660626113415,-0.118504337966442,-0.0602150931954384,-0.0773323103785515,-0.104129314422607,-0.0726369842886925,-0.0749650970101357,-0.0859729796648026,-0.0343478210270405,-0.101090244948864,-0.103473089635372,-0.080887034535408,-0.023675823584199,-0.0421134009957314,-0.0491212867200375,-0.0869651809334755,-0.0487150214612484,,-0.0286524780094624,-0.0174023639410734,-0.0359336845576763
5870.0,-0.101808927953243,-0.113613702356815,-0.118473149836063,-0.0600354187190533,-0.077293299138546,-0.104105852544308,-0.0724807754158974,-0.074902631342411,-0.0858792290091515,-0.0342384353280067,-0.10100431740284,-0.103371523320675,-0.0807230025529861,-0.0235742572695017,-0.0420431159436703,-0.0490665435791016,-0.0867933258414268,-0.0487853065133095,,-0.0286290179938078,-0.0173711776733398,-0.0358868613839149
5880.0,-0.101762108504772,-0.113574601709843,-0.118449687957764,-0.0598556511104107,-0.0772541984915733,-0.104082398116589,-0.0723166465759277,-0.0748323425650597,-0.0857933089137077,-0.034129049628973,-0.100926116108894,-0.103269957005978,-0.0805588737130165,-0.0234649665653706,-0.0419806502759457,-0.0490118972957134,-0.0866292044520378,-0.0488556884229183,,-0.0286133773624897,-0.0173398982733488,-0.0358399413526058
5890.0,-0.101707458496094,-0.113527774810791,-0.118426226079464,-0.0596837997436523,-0.0772150978446007,-0.104059033095837,-0.0721604377031326,-0.0747697874903679,-0.0856995582580566,-0.0340274833142757,-0.10084018856287,-0.10316839069128,-0.0803948417305946,-0.0233634002506733,-0.0419180877506733,-0.0489494316279888,-0.0864729881286621,-0.0489259734749794,,-0.0285899173468351,-0.0173086170107126,-0.0357931144535542
5900.0,-0.101660542190075,-0.113488674163818,-0.118402771651745,-0.059511948376894,-0.0771839171648026,-0.104035571217537,-0.0720119476318359,-0.0747073218226433,-0.0856136307120323,-0.0339180938899517,-0.100762084126472,-0.103066824376583,-0.0802308097481728,-0.023261833935976,-0.0418556220829487,-0.0488946922123432,-0.086340144276619,-0.0489962585270405,,-0.0285665523260832,-0.0172774326056242,-0.035746194422245
5910.0,-0.101613618433475,-0.113441847264767,-0.118379309773445,-0.0593400970101357,-0.0771448165178299,-0.104012109339237,-0.0718557387590408,-0.0746448561549187,-0.0855277106165886,-0.0338165275752544,-0.100683979690075,-0.102973081171513,-0.0800745040178299,-0.0231602676212788,-0.0417931564152241,-0.0488400459289551,-0.0862229391932487,-0.049074362963438,,-0.0285509116947651,-0.017246151342988,-0.0356993675231934
5920.0,-0.101566791534424,-0.113402746617794,-0.118355944752693,-0.0591681487858295,-0.0771135315299034,-0.103988647460938,-0.0717073455452919,-0.0745822936296463,-0.0854339599609375,-0.0337227843701839,-0.100598052144051,-0.102871514856815,-0.079926110804081,-0.023066520690918,-0.0417384169995785,-0.0487853065133095,-0.0861136466264725,-0.0491525642573833,,-0.028535271063447,-0.0172226913273335,-0.0356524474918842
5930.0,-0.101519875228405,-0.113363742828369,-0.118332482874393,-0.0590041168034077,-0.0770823508501053,-0.103965185582638,-0.071566678583622,-0.0745276436209679,-0.085347943007946,-0.0336290374398232,-0.100519947707653,-0.102769948542118,-0.0797776207327843,-0.0229727756232023,-0.0416837707161903,-0.0487228408455849,-0.0860198959708214,-0.0492306724190712,,-0.0285118110477924,-0.0171915050595999,-0.0355978012084961
5940.0,-0.101473048329353,-0.113324642181396,-0.118309020996094,-0.0588479042053223,-0.0770510658621788,-0.103949643671513,-0.0714181885123253,-0.0744650885462761,-0.0852620154619217,-0.0335274711251259,-0.100441746413708,-0.102676205337048,-0.0796370506286621,-0.0228790286928415,-0.0416290275752544,-0.0486681945621967,-0.0859338790178299,-0.0493087768554688,,-0.0284883510321379,-0.0171602256596088,-0.0355430617928505
5950.0,-0.101426124572754,-0.113285541534424,-0.118285559117794,-0.0586837790906429,-0.0770197883248329,-0.10393400490284,-0.0712776184082031,-0.0744104385375977,-0.0851682648062706,-0.0334415435791016,-0.10036363452673,-0.10257463902235,-0.079488568007946,-0.0227852817624807,-0.0415743850171566,-0.0486134551465511,-0.0858635902404785,-0.0493868850171566,,-0.0284728053957224,-0.0171367656439543,-0.0354962348937988
5960.0,-0.101379297673702,-0.113246537744999,-0.118270017206669,-0.0585275664925575,-0.0769886001944542,-0.10391054302454,-0.0711369514465332,-0.0743557959794998,-0.0850823447108269,-0.0333477966487408,-0.100285530090332,-0.102480888366699,-0.07935581356287,-0.022699261084199,-0.0415274612605572,-0.0485509894788265,-0.0858089476823807,-0.0494728088378906,,-0.0284493453800678,-0.0171054843813181,-0.0354414954781532
5970.0,-0.101332381367683,-0.113207437098026,-0.118246555328369,-0.0583713538944721,-0.0769494995474815,-0.10388708114624,-0.0709885582327843,-0.0742932334542274,-0.0849964171648026,-0.0332540534436703,-0.100207425653934,-0.102394960820675,-0.0792151466012001,-0.0226055141538382,-0.0414728187024593,-0.0484962463378906,-0.085769847035408,-0.0495665557682514,,-0.0284337047487497,-0.0170821193605661,-0.0353868491947651
5980.0,-0.101285554468632,-0.113168433308601,-0.118223093450069,-0.0582228675484657,-0.0769182220101357,-0.103863716125488,-0.0708478912711143,-0.0742385908961296,-0.0849104896187782,-0.033168125897646,-0.100137136876583,-0.10231675952673,-0.079082302749157,-0.022519588470459,-0.0414258949458599,-0.0484416000545025,-0.0857463851571083,-0.0496603026986122,,-0.0284180641174316,-0.0170586593449116,-0.035339929163456
5990.0,-0.101238630712032,-0.113129332661629,-0.118207454681396,-0.0580744743347168,-0.0768948569893837,-0.103848077356815,-0.0707073211669922,-0.0741916671395302,-0.0848245620727539,-0.0330821983516216,-0.100066758692265,-0.102238655090332,-0.0789573714137077,-0.0224336627870798,-0.0413790717720985,-0.0483790412545204,-0.0857230201363564,-0.049746323376894,,-0.0284024234861135,-0.017035199329257,-0.0352852828800678
6000.0,-0.101191811263561,-0.113098047673702,-0.118191815912724,-0.0579338073730469,-0.0768635794520378,-0.103832438588142,-0.0705666542053223,-0.0741370245814323,-0.0847386345267296,-0.0329961776733398,-0.099988654255867,-0.102152727544308,-0.0788323432207108,-0.0223477371037006,-0.0413321517407894,-0.0483243949711323,-0.0857230201363564,-0.0498400703072548,,-0.0283867847174406,-0.0170117374509573,-0.0352306365966797
6010.0,-0.101144887506962,-0.113059043884277,-0.118176274001598,-0.0577854178845882,-0.0768401175737381,-0.103816799819469,-0.0704260841012001,-0.0740822777152061,-0.0846526175737381,-0.032902430742979,-0.0999183654785156,-0.10207462310791,-0.0787073150277138,-0.0222618114203215,-0.0412853248417377,-0.0482697486877441,-0.0857307463884354,-0.0499493591487408,,-0.0283712390810251,-0.016996193677187,-0.0351837165653706
6020.0,-0.101105883717537,-0.113019943237305,-0.118160627782345,-0.0576447509229183,-0.0768088325858116,-0.103801153600216,-0.0702854171395302,-0.0740354582667351,-0.0845745131373405,-0.0328243263065815,-0.0998479872941971,-0.101996518671513,-0.0785822868347168,-0.0221758838742971,-0.0412384048104286,-0.0482071898877621,-0.0857542082667351,-0.0500587485730648,,-0.028355598449707,-0.0169727336615324,-0.035121250897646
6030.0,-0.101058959960938,-0.112988665699959,-0.118137173354626,-0.0575040839612484,-0.0767854675650597,-0.103777699172497,-0.070152573287487,-0.0739807114005089,-0.0844885855913162,-0.0327383987605572,-0.0997776985168457,-0.101918317377567,-0.0784651786088943,-0.022089958190918,-0.0411993972957134,-0.0481525436043739,-0.0857776626944542,-0.0501446723937988,,-0.0283321384340525,-0.0169414523988962,-0.0350665114820004
6040.0,-0.101019956171513,-0.11295747756958,-0.118129350244999,-0.0573713295161724,-0.0767541900277138,-0.103762149810791,-0.070019818842411,-0.0739338919520378,-0.0844104811549187,-0.0326602943241596,-0.0997074171900749,-0.101848028600216,-0.0783479735255241,-0.0220117568969727,-0.0411524772644043,-0.048097800463438,-0.0858089476823807,-0.0502385161817074,,-0.0283086784183979,-0.0169179923832417,-0.0350040458142757
6050.0,-0.100973032414913,-0.112926200032234,-0.118113711476326,-0.0572384856641293,-0.0767307281494141,-0.103746511042118,-0.0698947906494141,-0.0738869681954384,-0.0843323692679405,-0.0325821898877621,-0.0996449515223503,-0.101769924163818,-0.0782307609915733,-0.0219258312135935,-0.0411134734749794,-0.0480431579053402,-0.0858479514718056,-0.0503322593867779,,-0.0282852184027433,-0.0168946273624897,-0.0349415801465511
6060.0,-0.100933931767941,-0.112894915044308,-0.118098072707653,-0.0571056380867958,-0.0767073631286621,-0.103738687932491,-0.0697619467973709,-0.0738401412963867,-0.084254264831543,-0.0325039885938168,-0.0995745658874512,-0.101699642837048,-0.0781213790178299,-0.0218477249145508,-0.0410821922123432,-0.0479806922376156,-0.0859026908874512,-0.0504338257014751,,-0.0282696727663279,-0.0168711673468351,-0.0348868370056152
6070.0,-0.100894927978516,-0.11286373436451,-0.118090249598026,-0.0569807067513466,-0.0766839012503624,-0.103723049163818,-0.0696370154619217,-0.0737932249903679,-0.0841760635375977,-0.0324258804321289,-0.0995042845606804,-0.101629257202148,-0.0780119895935059,-0.0217696186155081,-0.0410430915653706,-0.0479259490966797,-0.0859651565551758,-0.0505275726318359,,-0.0282462127506733,-0.0168477054685354,-0.0348243713378906
6080.0,-0.100848011672497,-0.112832449376583,-0.118074707686901,-0.0568478591740131,-0.0766604468226433,-0.103699587285519,-0.0695198103785515,-0.0737463980913162,-0.0840979591012001,-0.0323477759957314,-0.0994418188929558,-0.101558975875378,-0.0779026076197624,-0.0216915141791105,-0.0410119071602821,-0.0478713028132915,-0.0860276222229004,-0.0506135001778603,,-0.0282227527350187,-0.0168164260685444,-0.0347618125379086
6090.0,-0.100809000432491,-0.112801171839237,-0.118059061467648,-0.0567306540906429,-0.0766369849443436,-0.103683948516846,-0.0693947821855545,-0.0736994743347168,-0.0840198546648026,-0.0322774909436703,-0.0993714332580566,-0.101488687098026,-0.0778010413050652,-0.0216211322695017,-0.040980625897646,-0.047816563397646,-0.0861058235168457,-0.0507072471082211,,-0.028199290856719,-0.0167930610477924,-0.0346993468701839
6100.0,-0.100769899785519,-0.112769983708858,-0.118043422698975,-0.0566057227551937,-0.0766135230660439,-0.103660583496094,-0.0692697539925575,-0.0736526474356651,-0.0839495658874512,-0.0321993827819824,-0.099308967590332,-0.101418308913708,-0.0776994749903679,-0.021543025970459,-0.0409493446350098,-0.0477619171142578,-0.0861839279532433,-0.0508088134229183,,-0.0281759258359671,-0.0167774204164743,-0.0346368812024593
6110.0,-0.100723080337048,-0.112738706171513,-0.118035607039928,-0.0564806945621967,-0.0765901580452919,-0.103644944727421,-0.0691526457667351,-0.0736057311296463,-0.0838713645935059,-0.0321290008723736,-0.0992465019226074,-0.101355843245983,-0.0775979086756706,-0.0214727409183979,-0.0409181602299213,-0.0476993583142757,-0.0862776786088943,-0.0509025566279888,,-0.0281524658203125,-0.0167539604008198,-0.034574318677187
6120.0,-0.100683979690075,-0.112707428634167,-0.118019960820675,-0.0563634894788265,-0.0765666961669922,-0.103621482849121,-0.0690354332327843,-0.0735667273402214,-0.0837932601571083,-0.0320587158203125,-0.0991839393973351,-0.101293377578259,-0.0774963423609734,-0.0214024540036917,-0.0408946983516216,-0.0476447120308876,-0.0863714218139648,-0.0510041229426861,,-0.0281368251889944,-0.0167305003851652,-0.0345118530094624
6130.0,-0.100644879043102,-0.112676240503788,-0.118012145161629,-0.056246280670166,-0.0765510573983192,-0.103605844080448,-0.0689182281494141,-0.073519803583622,-0.0837229713797569,-0.0319884307682514,-0.0991214737296104,-0.101230815052986,-0.0774025917053223,-0.0213398933410645,-0.0408712401986122,-0.0475900657474995,-0.0864729881286621,-0.0511056892573833,,-0.0281133651733398,-0.0167148597538471,-0.0344571135938168
6140.0,-0.100613690912724,-0.112652778625488,-0.117996506392956,-0.0561290755867958,-0.0765275955200195,-0.103590205311775,-0.0688088461756706,-0.0734807029366493,-0.0836526900529861,-0.0319180488586426,-0.0990667343139648,-0.101168349385262,-0.0773088485002518,-0.0212696082890034,-0.040839958935976,-0.0475353263318539,-0.0865823775529861,-0.0512072555720806,,-0.0280899051576853,-0.0166914947330952,-0.0343946479260921
6150.0,-0.100574590265751,-0.112629316747189,-0.117988683283329,-0.0560197830200195,-0.0765120536088943,-0.103574566543102,-0.0686994567513466,-0.0734416991472244,-0.0835744887590408,-0.0318477638065815,-0.0990042686462402,-0.101105883717537,-0.0772229209542274,-0.0212071426212788,-0.0408165939152241,-0.0474806800484657,-0.0866917595267296,-0.0513088218867779,,-0.0280743595212698,-0.0166758541017771,-0.034340001642704
6160.0,-0.100543312728405,-0.112605862319469,-0.117973141372204,-0.0559103973209858,-0.0764885917305946,-0.103566840291023,-0.0686057135462761,-0.0734025985002518,-0.0835041999816895,-0.0317774787545204,-0.0989496260881424,-0.101043321192265,-0.077129177749157,-0.0211445819586515,-0.0407931320369244,-0.0474259369075298,-0.0868088752031326,-0.0514103882014751,,-0.0280508995056152,-0.0166523940861225,-0.0342774391174316
6170.0,-0.100512124598026,-0.112590312957764,-0.117965318262577,-0.0558010116219521,-0.0764729529619217,-0.103559017181396,-0.0685041472315788,-0.0733635947108269,-0.0834339186549187,-0.0317071937024593,-0.09888706356287,-0.100988678634167,-0.0770510658621788,-0.0210899356752634,-0.0407696738839149,-0.047371294349432,-0.0869182571768761,-0.0515041351318359,,-0.0280274394899607,-0.0166367534548044,-0.034214973449707
6180.0,-0.10048084706068,-0.112566851079464,-0.11795749515295,-0.0556994453072548,-0.0764573141932487,-0.103543378412724,-0.0684103965759277,-0.0733244940638542,-0.0833636298775673,-0.031644631177187,-0.0988324210047722,-0.100926116108894,-0.0769651457667351,-0.0210273750126362,-0.0407462120056152,-0.0473165512084961,-0.087043285369873,-0.0516057014465332,,-0.0280039794743061,-0.0166133884340525,-0.0341525077819824
6190.0,-0.100449562072754,-0.112543396651745,-0.117949679493904,-0.0555978789925575,-0.076433852314949,-0.103535555303097,-0.0683088302612305,-0.0732853934168816,-0.0833010673522949,-0.0315743461251259,-0.098777674138546,-0.100871466100216,-0.0768870338797569,-0.020972728729248,-0.0407228469848633,-0.047261904925108,-0.08716831356287,-0.0517072677612305,,-0.0279806144535542,-0.0165899284183979,-0.0340977683663368
6200.0,-0.100418381392956,-0.112527750432491,-0.117934040725231,-0.0554963126778603,-0.0764182135462761,-0.103527739644051,-0.06821508705616,-0.0732463821768761,-0.0832307860255241,-0.0315118804574013,-0.0987230315804482,-0.100824646651745,-0.0768088325858116,-0.0209259036928415,-0.0406993888318539,-0.0472149848937988,-0.087293341755867,-0.0517931953072548,,-0.0279571544378996,-0.0165742877870798,-0.0340353026986122
6210.0,-0.100379280745983,-0.112504296004772,-0.117926217615604,-0.055394746363163,-0.0764026641845703,-0.103519916534424,-0.0681213364005089,-0.0732072815299034,-0.0831683203577995,-0.0314493179321289,-0.0986683890223503,-0.100769899785519,-0.0767307281494141,-0.0208711624145508,-0.0406759269535542,-0.0471603386104107,-0.0874260887503624,-0.0518869422376156,,-0.0279415138065815,-0.0165508277714252,-0.0339805595576763
6220.0,-0.100347995758057,-0.11248093098402,-0.117910578846931,-0.0552931800484657,-0.0763792023062706,-0.103512100875378,-0.0680275931954384,-0.0731682777404785,-0.0830979347229004,-0.0313790328800678,-0.0986136421561241,-0.100715257227421,-0.0766604468226433,-0.0208320617675781,-0.0406524650752544,-0.0471055991947651,-0.0875589400529861,-0.0519806854426861,,-0.0279180537909269,-0.0165351871401072,-0.0339180938899517
6230.0,-0.100308991968632,-0.112457469105721,-0.117902755737305,-0.0551994331181049,-0.0763635635375977,-0.103504277765751,-0.0679338499903679,-0.0731370002031326,-0.0830354690551758,-0.0313165672123432,-0.098566822707653,-0.100668333470821,-0.0765901580452919,-0.0207852367311716,-0.0406291000545025,-0.0470587722957134,-0.0876916870474815,-0.0520666129887104,,-0.0278945919126272,-0.0165118221193552,-0.0338634513318539
6240.0,-0.100277714431286,-0.112441830337048,-0.117887116968632,-0.0551056861877441,-0.0763479247689247,-0.103496454656124,-0.0678479224443436,-0.07309789955616,-0.0829730033874512,-0.0312540046870708,-0.0985120758414268,-0.10062151402235,-0.0765197798609734,-0.0207383166998625,-0.0406056419014931,-0.0470041297376156,-0.0878245383501053,-0.0521525405347347,,-0.0278712268918753,-0.0164961814880371,-0.0338008888065815
6250.0,-0.100254252552986,-0.112426184117794,-0.117879390716553,-0.0550119392573833,-0.0763322860002518,-0.103488638997078,-0.0677619948983192,-0.0730667114257813,-0.0829182639718056,-0.0311837196350098,-0.098457433283329,-0.100566767156124,-0.076449491083622,-0.0206993110477924,-0.0405821800231934,-0.0469493865966797,-0.0879652053117752,-0.0522462837398052,,-0.0278477668762207,-0.0164727214723825,-0.0337462425231934
6260.0,-0.100223064422607,-0.112410545349121,-0.117871575057507,-0.0549181960523129,-0.0763089209794998,-0.103480815887451,-0.0676760673522949,-0.0730276107788086,-0.082855798304081,-0.0311212539672852,-0.0984105095267296,-0.100527763366699,-0.0763870254158974,-0.0206602104008198,-0.0405587218701839,-0.0469025634229183,-0.0880979523062706,-0.052340030670166,,-0.0278321262449026,-0.0164570808410645,-0.0336915031075478
6270.0,-0.100191786885262,-0.112387180328369,-0.117855928838253,-0.0548244491219521,-0.0762932822108269,-0.103473089635372,-0.0675978660583496,-0.0729963332414627,-0.0827932357788086,-0.0310586933046579,-0.0983558669686317,-0.10048084706068,-0.076324462890625,-0.0206212047487497,-0.0405352599918842,-0.0468556396663189,-0.0882386192679405,-0.0524259582161903,,-0.027808666229248,-0.0164336208254099,-0.0336290374398232
6280.0,-0.100168325006962,-0.112371541559696,-0.117848113179207,-0.0547385215759277,-0.0762854591012001,-0.103465273976326,-0.0675197616219521,-0.072965145111084,-0.0827385932207108,-0.0309962276369333,-0.0983089432120323,-0.100434020161629,-0.0762698203325272,-0.0205821041017771,-0.0405118949711323,-0.0468009971082211,-0.0883791968226433,-0.0525118820369244,,-0.0277853012084961,-0.0164179801940918,-0.0335742942988873
6290.0,-0.100137136876583,-0.112355902791023,-0.11784029006958,-0.054652500897646,-0.0762619972229004,-0.103457450866699,-0.0674416571855545,-0.0729338675737381,-0.0826761275529861,-0.0309336669743061,-0.0982543006539345,-0.100387096405029,-0.0762073546648026,-0.0205508228391409,-0.0404884330928326,-0.0467540733516216,-0.0885120406746864,-0.0525978095829487,,-0.0277618411928415,-0.0163946151733398,-0.0335196517407894
6300.0,-0.100105859339237,-0.11234026402235,-0.117824651300907,-0.0545665733516216,-0.0762541815638542,-0.103449635207653,-0.067363552749157,-0.0728947669267654,-0.0826213881373405,-0.0308712013065815,-0.0982152000069618,-0.100347995758057,-0.0761447921395302,-0.0205196384340525,-0.0404727943241596,-0.0467072501778603,-0.0886527076363564,-0.052676010876894,,-0.027738381177187,-0.0163711551576853,-0.0334650054574013
6310.0,-0.100074581801891,-0.112324617803097,-0.11781682819128,-0.0544806495308876,-0.0762385353446007,-0.103441812098026,-0.0672854408621788,-0.0728635787963867,-0.0825667381286621,-0.0308087356388569,-0.0981683731079102,-0.100301168859005,-0.0760979652404785,-0.0204883571714163,-0.0404493324458599,-0.0466603301465511,-0.0887854620814323,-0.0527462959289551,,-0.0277227405458689,-0.0163555145263672,-0.0334102623164654
6320.0,-0.100043393671513,-0.112308979034424,-0.117809012532234,-0.0543947219848633,-0.0762228965759277,-0.1034339889884,-0.0672072395682335,-0.0728323012590408,-0.0825041756033897,-0.0307539943605661,-0.0981214568018913,-0.100262068212032,-0.0760432258248329,-0.0204570777714252,-0.040425967425108,-0.046605683863163,-0.0889183059334755,-0.0528244040906429,,-0.0276992805302143,-0.0163320545107126,-0.0333556197583675
6330.0,-0.100019931793213,-0.112285614013672,-0.117801189422607,-0.0543166175484657,-0.0762073546648026,-0.103426173329353,-0.0671291351318359,-0.0728010162711143,-0.0824495330452919,-0.0306915286928415,-0.0980746299028397,-0.100223064422607,-0.0759885832667351,-0.0204337127506733,-0.0404025092720985,-0.0465587638318539,-0.0890511497855186,-0.052894689142704,,-0.0276759155094624,-0.0163165088742971,-0.0333086960017681
6340.0,-0.099988654255867,-0.112269975244999,-0.117785647511482,-0.0542385093867779,-0.0761917158961296,-0.103418350219727,-0.0670588538050652,-0.0727698355913162,-0.0823948904871941,-0.0306367874145508,-0.0980277061462402,-0.100183963775635,-0.0759338364005089,-0.0204024314880371,-0.0403790473937988,-0.0465119369328022,-0.0891917273402214,-0.0529728904366493,,-0.0276602748781443,-0.0163008701056242,-0.0332540534436703
6350.0,-0.0999651923775673,-0.112254336476326,-0.117777824401855,-0.0541604049503803,-0.0761760696768761,-0.103418350219727,-0.0669885650277138,-0.0727385506033897,-0.0823401436209679,-0.0305743217468262,-0.0979808792471886,-0.100137136876583,-0.0758870169520378,-0.0203789714723825,-0.0403555892407894,-0.0464650169014931,-0.0893245711922646,-0.0530431754887104,,-0.0276368148624897,-0.0162852294743061,-0.0331993103027344
6360.0,-0.0999418273568153,-0.112246513366699,-0.117770008742809,-0.054082203656435,-0.0761682540178299,-0.10341053456068,-0.0669260025024414,-0.0727150961756706,-0.0822933241724968,-0.0305196773260832,-0.0979339629411697,-0.10009803622961,-0.0758322700858116,-0.0203476902097464,-0.0403399467468262,-0.0464180968701839,-0.0894573256373405,-0.0531134605407715,,-0.0276055335998535,-0.016269588842988,-0.033152487128973
6370.0,-0.0999183654785156,-0.112230874598026,-0.117762185633183,-0.0540119186043739,-0.076152615249157,-0.10341053456068,-0.0668635368347168,-0.0726839080452919,-0.0822464004158974,-0.0304727554321289,-0.0978948622941971,-0.100066758692265,-0.0757854506373405,-0.020332146435976,-0.0403165817260742,-0.0463712699711323,-0.0895823463797569,-0.0531760230660439,,-0.0275821685791016,-0.0162461288273335,-0.0330977439880371
6380.0,-0.0998870879411697,-0.112215235829353,-0.117754362523556,-0.0539338104426861,-0.0761447921395302,-0.103402711451054,-0.0668010711669922,-0.0726604461669922,-0.0821917578577995,-0.0304181110113859,-0.0978480353951454,-0.10002775490284,-0.0757385268807411,-0.0203086864203215,-0.0403009429574013,-0.0463243499398232,-0.0897151976823807,-0.0532384887337685,,-0.0275665279477835,-0.0162304881960154,-0.033043097704649
6390.0,-0.09986362606287,-0.112207412719727,-0.11774654686451,-0.053863525390625,-0.0761291533708572,-0.103402711451054,-0.0667385086417198,-0.0726291686296463,-0.0821448341012001,-0.0303633697330952,-0.0978089347481728,-0.0999964699149132,-0.0756916999816895,-0.0202852245420218,-0.0402774810791016,-0.0462775230407715,-0.0898402258753777,-0.0533087737858295,,-0.0275430679321289,-0.0162149425595999,-0.0329961776733398
6400.0,-0.0998402610421181,-0.112191870808601,-0.117738723754883,-0.0537931434810162,-0.0761136040091515,-0.103394888341427,-0.0666760429739952,-0.0726057067513466,-0.0820980072021484,-0.0303165446966887,-0.0977621078491211,-0.0999573692679405,-0.0756447836756706,-0.0202695857733488,-0.0402618423104286,-0.0462306030094624,-0.089972972869873,-0.0533635132014751,,-0.0275196079164743,-0.0161914825439453,-0.0329493544995785
6410.0,-0.0998167991638184,-0.112184047698975,-0.117730908095837,-0.0537228584289551,-0.0761057883501053,-0.103394888341427,-0.0666213035583496,-0.0725745186209679,-0.0820589065551758,-0.0302696228027344,-0.0977230072021484,-0.0999261885881424,-0.075597956776619,-0.0202461238950491,-0.0402461998164654,-0.0461915992200375,-0.09009800106287,-0.0534181594848633,,-0.0275039672851563,-0.0161758419126272,-0.0328946113586426
6420.0,-0.0997933372855186,-0.112168408930302,-0.11772308498621,-0.053652573376894,-0.0760901495814323,-0.103387072682381,-0.0665666610002518,-0.0725510641932487,-0.082011990249157,-0.0302227977663279,-0.0976761803030968,-0.0998870879411697,-0.0755588561296463,-0.0202305801212788,-0.0402228347957134,-0.046144675463438,-0.090223029255867,-0.0534729026257992,,-0.0274806022644043,-0.0161523818969727,-0.0328477881848812
6430.0,-0.0997620597481728,-0.112152770161629,-0.117715261876583,-0.0535821914672852,-0.0760823264718056,-0.103379249572754,-0.0665041953325272,-0.072527602314949,-0.0819729790091515,-0.0301758777350187,-0.0976370796561241,-0.0998558029532433,-0.0755120292305946,-0.0202149394899607,-0.0402071960270405,-0.0460978522896767,-0.0903401374816895,-0.0535197257995605,,-0.0274493228644133,-0.0161289218813181,-0.0327853225171566
6440.0,-0.0997386947274208,-0.112137131392956,-0.117707446217537,-0.0535119064152241,-0.0760666877031326,-0.103371523320675,-0.0664572715759277,-0.0724963173270226,-0.0819260627031326,-0.0301290508359671,-0.097590260207653,-0.0998246222734451,-0.075472928583622,-0.0201992988586426,-0.0401915572583675,-0.046058751642704,-0.0904651656746864,-0.0535743720829487,,-0.0274336822330952,-0.0161133762449026,-0.0327462218701839
6450.0,-0.0997152328491211,-0.112129308283329,-0.11769962310791,-0.0534494407474995,-0.0760588645935059,-0.103363707661629,-0.0664026290178299,-0.0724729523062706,-0.0818870589137077,-0.0300899501889944,-0.0975511595606804,-0.0997933372855186,-0.0754261016845703,-0.0201914794743061,-0.0401759147644043,-0.0460197441279888,-0.0905823707580566,-0.0536291114985943,,-0.0274180416017771,-0.0160977374762297,-0.0326992981135845
6460.0,-0.0996995940804482,-0.112121485173702,-0.117691807448864,-0.0533868782222271,-0.0760510489344597,-0.103355884552002,-0.0663478896021843,-0.0724494978785515,-0.0818479582667351,-0.0300508495420218,-0.0975120589137077,-0.0997620597481728,-0.0753870010375977,-0.020175838842988,-0.0401602759957314,-0.0459728240966797,-0.0907073989510536,-0.0536837577819824,,-0.0273946765810251,-0.0160820968449116,-0.0326524749398232
6470.0,-0.0996761322021484,-0.112105846405029,-0.117684081196785,-0.0533244125545025,-0.0760432258248329,-0.103348068892956,-0.0663010627031326,-0.072418212890625,-0.0818088576197624,-0.0300118457525969,-0.0974730476737022,-0.0997230559587479,-0.075347900390625,-0.0201680194586515,-0.0401524566113949,-0.045933723449707,-0.0908246040344238,-0.0537385009229183,,-0.027379035949707,-0.0160664562135935,-0.032605554908514
6480.0,-0.0996526703238487,-0.11209812015295,-0.117676258087158,-0.0532619468867779,-0.07602758705616,-0.103340245783329,-0.066246323287487,-0.072394847869873,-0.0817698463797569,-0.0299727451056242,-0.0974339470267296,-0.0996995940804482,-0.0753088966012001,-0.0201601982116699,-0.0401369109749794,-0.0458947196602821,-0.0909417197108269,-0.0537931434810162,,-0.0273555759340525,-0.0160508155822754,-0.0325587280094624
6490.0,-0.0996293053030968,-0.112082481384277,-0.117668442428112,-0.0531993880867958,-0.076019860804081,-0.103332422673702,-0.0661916732788086,-0.0723713859915733,-0.081738568842411,-0.0299337394535542,-0.0973949432373047,-0.0996683165431023,-0.0752776190638542,-0.0201523788273335,-0.0401290915906429,-0.045863438397646,-0.0910589247941971,-0.0538400672376156,,-0.0273399353027344,-0.0160273555666208,-0.0325118079781532
6500.0,-0.0996136665344238,-0.112074665725231,-0.117660619318485,-0.0531369224190712,-0.0760120376944542,-0.103332422673702,-0.0661447569727898,-0.0723479315638542,-0.0816995650529861,-0.0298946388065815,-0.097355842590332,-0.0996371284127235,-0.0752386078238487,-0.0201445575803518,-0.0401134490966797,-0.0458244346082211,-0.0911761298775673,-0.053886890411377,,-0.0273164752870798,-0.0160118099302053,-0.0324649810791016
6510.0,-0.0995902046561241,-0.112066842615604,-0.117652796208858,-0.0530666373670101,-0.0759963989257813,-0.103324607014656,-0.0660901069641113,-0.0723166465759277,-0.0816682800650597,-0.0298633575439453,-0.0973167419433594,-0.0996136665344238,-0.0751995071768761,-0.020136833190918,-0.0401056297123432,-0.0457931533455849,-0.0912855193018913,-0.0539338104426861,,-0.0272931102663279,-0.0159961711615324,-0.0324258804321289
6520.0,-0.099566750228405,-0.112051203846931,-0.117644980549812,-0.0530118942260742,-0.0759885832667351,-0.103316783905029,-0.0660431906580925,-0.0722932815551758,-0.081629179418087,-0.0298243518918753,-0.0972777381539345,-0.0995823889970779,-0.0751682296395302,-0.020136833190918,-0.0400899909436703,-0.0457540526986122,-0.0914027243852615,-0.0539884567260742,,-0.0272774696350098,-0.0159805305302143,-0.0323790572583675
6530.0,-0.0995512008666992,-0.112043380737305,-0.117637157440186,-0.0529494285583496,-0.0759807601571083,-0.103308968245983,-0.0659963637590408,-0.0722776427865028,-0.0815901756286621,-0.0297930724918842,-0.0972386375069618,-0.0995512008666992,-0.0751292258501053,-0.0201290138065815,-0.0400821678340435,-0.0457228682935238,-0.091512106359005,-0.0540353767573833,,-0.0272540096193552,-0.0159648898988962,-0.0323321335017681
6540.0,-0.0995277389883995,-0.112035565078259,-0.117637157440186,-0.052894689142704,-0.0759729370474815,-0.103301145136356,-0.0659572631120682,-0.0722541809082031,-0.0815588980913162,-0.0297539718449116,-0.0972073599696159,-0.0995277389883995,-0.0750979408621788,-0.0201211925595999,-0.040074348449707,-0.0456915870308876,-0.0916213989257813,-0.0540743842720985,,-0.0272383689880371,-0.0159492492675781,-0.0322853103280067
6550.0,-0.0995121002197266,-0.112027741968632,-0.117629341781139,-0.0528322234749794,-0.0759572982788086,-0.103301145136356,-0.0659104362130165,-0.0722307190299034,-0.0815197974443436,-0.029722785577178,-0.0971683487296104,-0.0994964614510536,-0.0750666633248329,-0.0201211925595999,-0.0400665290653706,-0.0456524863839149,-0.0917229652404785,-0.0541213043034077,,-0.0272149089723825,-0.0159258842468262,-0.0322383902966976
6560.0,-0.0994886383414268,-0.112019918859005,-0.117621518671513,-0.0527775771915913,-0.0759494826197624,-0.103285506367683,-0.0658713355660439,-0.0722072646021843,-0.0814886093139648,-0.029691506177187,-0.0971292480826378,-0.0994729995727539,-0.0750354751944542,-0.0201133731752634,-0.0400587096810341,-0.0456213019788265,-0.0918323546648026,-0.0541604049503803,,-0.0271993633359671,-0.0159102436155081,-0.0321993827819824
6570.0,-0.0994729995727539,-0.112012103199959,-0.117613695561886,-0.0527150146663189,-0.0759416595101357,-0.103285506367683,-0.0658245086669922,-0.0721838995814323,-0.081457331776619,-0.0296602249145508,-0.0970902442932129,-0.0994418188929558,-0.0749963745474815,-0.0201055537909269,-0.0400508902966976,-0.0455900207161903,-0.0919339209794998,-0.054207231849432,,-0.0271837245672941,-0.0158946048468351,-0.0321602821350098
6580.0,-0.099449634552002,-0.112004280090332,-0.11760587990284,-0.0526603721082211,-0.0759338364005089,-0.103277780115604,-0.0657854080200195,-0.0721682533621788,-0.0814260467886925,-0.0296368598937988,-0.097058966755867,-0.0994183570146561,-0.0749650970101357,-0.0201055537909269,-0.0400431640446186,-0.0455587394535542,-0.0920433029532433,-0.0542463324964046,,-0.0271602626889944,-0.015878964215517,-0.0321133621037006
6590.0,-0.099433995783329,-0.111996553838253,-0.11760587990284,-0.0525978095829487,-0.0759261175990105,-0.103277780115604,-0.0657463073730469,-0.0721447989344597,-0.0813948661088943,-0.0296055804938078,-0.0970198661088943,-0.0993948951363564,-0.0749339088797569,-0.0200977325439453,-0.0400353446602821,-0.0455275550484657,-0.0921448692679405,-0.0542853362858295,,-0.0271446239203215,-0.015863323584199,-0.0320743583142757
6600.0,-0.0994105339050293,-0.111988738179207,-0.117598056793213,-0.0525431632995605,-0.0759182944893837,-0.103269957005978,-0.065707303583622,-0.07212133705616,-0.0813635811209679,-0.0295742992311716,-0.0969886779785156,-0.0993714332580566,-0.074902631342411,-0.0200977325439453,-0.0400353446602821,-0.0454962737858295,-0.0922386199235916,-0.0543244369328022,,-0.0271211620420218,-0.0158476829528809,-0.0320352576673031
6610.0,-0.0993870720267296,-0.11198091506958,-0.117590330541134,-0.0524806976318359,-0.0759104713797569,-0.103269957005978,-0.0656760260462761,-0.072105698287487,-0.081332303583622,-0.0295509342104197,-0.096949577331543,-0.0993480682373047,-0.0748713538050652,-0.0200899131596088,-0.0400275252759457,-0.0454649925231934,-0.0923401862382889,-0.0543557181954384,,-0.0271055232733488,-0.0158320423215628,-0.0319884307682514
6620.0,-0.0993714332580566,-0.111965276300907,-0.117582514882088,-0.0524259582161903,-0.0759026557207108,-0.103262141346931,-0.0656369253993034,-0.0720823332667351,-0.0813011154532433,-0.0295196529477835,-0.0969182997941971,-0.099324606359005,-0.0748323425650597,-0.0200899131596088,-0.0400275252759457,-0.0454415343701839,-0.0924339294433594,-0.0543869026005268,,-0.0270821582525969,-0.0158086773008108,-0.0319415107369423
6630.0,-0.0993480682373047,-0.11195745319128,-0.117582514882088,-0.0523634925484657,-0.075894832611084,-0.103262141346931,-0.0655979141592979,-0.0720588713884354,-0.0812776610255241,-0.0294961929321289,-0.0968792960047722,-0.099308967590332,-0.0748010650277138,-0.0200899131596088,-0.0400275252759457,-0.0454103462398052,-0.0925276800990105,-0.054418183863163,,-0.0270586963742971,-0.0157930385321379,-0.0319102294743061
6640.0,-0.0993324294686317,-0.111949637532234,-0.117574691772461,-0.0523087494075298,-0.0758870169520378,-0.103262141346931,-0.0655666366219521,-0.0720432326197624,-0.0812463760375977,-0.0294727329164743,-0.0968480110168457,-0.0992855057120323,-0.0747697874903679,-0.0200899131596088,-0.0400197021663189,-0.0453868880867958,-0.0926292464137077,-0.0544494651257992,,-0.0270430576056242,-0.0157773979008198,-0.0318712256848812
6650.0,-0.0993167906999588,-0.111941814422607,-0.117574691772461,-0.0522462837398052,-0.075879193842411,-0.103254318237305,-0.0655353590846062,-0.0720197707414627,-0.0812229141592979,-0.0294415485113859,-0.0968167334794998,-0.0992698669433594,-0.0747385993599892,-0.0200899131596088,-0.0400197021663189,-0.0453556068241596,-0.0927229896187782,-0.0544884689152241,,-0.0270274169743061,-0.0157617572695017,-0.0318321250379086
6660.0,-0.0993011519312859,-0.111933998763561,-0.117566876113415,-0.0521916411817074,-0.0758713707327843,-0.103254318237305,-0.0655041709542274,-0.0720042213797569,-0.081199549138546,-0.0294180866330862,-0.0967855453491211,-0.0992543250322342,-0.0747073218226433,-0.0200899131596088,-0.0400197021663189,-0.0453322418034077,-0.0928167328238487,-0.0545197501778603,,-0.027011776342988,-0.0157461166381836,-0.0317931175231934
6670.0,-0.0992855057120323,-0.111926175653934,-0.117566876113415,-0.0521368980407715,-0.0758635550737381,-0.103246502578259,-0.0654728934168816,-0.0719807669520378,-0.0811760947108269,-0.0294024478644133,-0.0967542678117752,-0.0992386862635612,-0.0746760368347168,-0.0200899131596088,-0.0400118827819824,-0.045308779925108,-0.092902660369873,-0.0545587539672852,,-0.0269884113222361,-0.0157305728644133,-0.0317540168762207
6680.0,-0.0992698669433594,-0.111918352544308,-0.117559053003788,-0.0520822517573833,-0.0758635550737381,-0.103246502578259,-0.0654494315385818,-0.0719651207327843,-0.0811526328325272,-0.0293789859861135,-0.0967151671648026,-0.0992152243852615,-0.0746525749564171,-0.0200977325439453,-0.0400118827819824,-0.0452853217720985,-0.0929964110255241,-0.0545978546142578,,-0.026972770690918,-0.0157149322330952,-0.031714916229248
6690.0,-0.0992543250322342,-0.111910536885262,-0.117559053003788,-0.0520275123417377,-0.0758557319641113,-0.103246502578259,-0.0654260665178299,-0.0719494819641113,-0.0811291709542274,-0.0293556209653616,-0.0966839790344238,-0.0991995856165886,-0.074621394276619,-0.0200977325439453,-0.0400118827819824,-0.0452540405094624,-0.0930824279785156,-0.054629135876894,,-0.0269571300595999,-0.0156992916017771,-0.0316759124398232
6700.0,-0.0992386862635612,-0.111902810633183,-0.117551229894161,-0.0519728660583496,-0.0758479163050652,-0.103246502578259,-0.0653947815299034,-0.0719260200858116,-0.0811136290431023,-0.029332160949707,-0.0966527014970779,-0.0991839393973351,-0.0745901092886925,-0.0201055537909269,-0.0400118827819824,-0.0452306754887104,-0.0931683555245399,-0.0546681396663189,,-0.0269414912909269,-0.015683650970459,-0.0316368117928505
6710.0,-0.0992152243852615,-0.111894987523556,-0.117543414235115,-0.051918126642704,-0.0758400931954384,-0.103238679468632,-0.0653713271021843,-0.0719103813171387,-0.0810901671648026,-0.0293087009340525,-0.0966214165091515,-0.0991683006286621,-0.0745666548609734,-0.0201055537909269,-0.0400118827819824,-0.0452072136104107,-0.0932464599609375,-0.0546994209289551,,-0.0269180294126272,-0.0156680103391409,-0.0315978042781353
6720.0,-0.0991995856165886,-0.11188717186451,-0.117535591125488,-0.0518634803593159,-0.0758400931954384,-0.103238679468632,-0.0653478652238846,-0.0718948394060135,-0.0810745283961296,-0.0292930603027344,-0.0965902358293533,-0.0991527587175369,-0.0745354667305946,-0.0201055537909269,-0.0400118827819824,-0.0451837554574013,-0.0933323875069618,-0.0547307021915913,,-0.0269024856388569,-0.0156445503234863,-0.0315587036311626
6730.0,-0.0991839393973351,-0.111879348754883,-0.117527775466442,-0.0518088340759277,-0.0758322700858116,-0.103238679468632,-0.0653323158621788,-0.0718792006373405,-0.0810510665178299,-0.0292696002870798,-0.0965589508414268,-0.099137119948864,-0.0745120048522949,-0.0201055537909269,-0.0400118827819824,-0.0451602935791016,-0.0934104919433594,-0.0547697059810162,,-0.0268868450075388,-0.015629006549716,-0.03151960298419
6740.0,-0.0991761237382889,-0.111871533095837,-0.117519952356815,-0.0517619140446186,-0.0758245512843132,-0.103230856359005,-0.0653166770935059,-0.0718557387590408,-0.081035427749157,-0.0292540546506643,-0.0965354964137077,-0.0991214737296104,-0.0744885429739952,-0.0201133731752634,-0.0400118827819824,-0.0451369285583496,-0.0934885963797569,-0.0548009872436523,,-0.0268633849918842,-0.0156133649870753,-0.0314884185791016
6750.0,-0.0991605743765831,-0.11186370998621,-0.117519952356815,-0.0517072677612305,-0.0758245512843132,-0.103230856359005,-0.0653010383248329,-0.0718400999903679,-0.0810198783874512,-0.0292384158819914,-0.096504308283329,-0.0991058349609375,-0.0744650885462761,-0.0201133731752634,-0.0400197021663189,-0.0451134704053402,-0.0935745239257813,-0.0548322685062885,,-0.0268477443605661,-0.0155977252870798,-0.0314493179321289
6760.0,-0.0991449356079102,-0.111855886876583,-0.117512129247189,-0.0516603477299213,-0.0758167281746864,-0.103223040699959,-0.0652932152152061,-0.0718244537711143,-0.0810042396187782,-0.0292227752506733,-0.0964730307459831,-0.0990901961922646,-0.0744417235255241,-0.0201133731752634,-0.0400197021663189,-0.045097827911377,-0.0936449095606804,-0.0548712722957134,,-0.026832103729248,-0.0155820846557617,-0.031410314142704
6770.0,-0.099137119948864,-0.111848071217537,-0.117504313588142,-0.0516057014465332,-0.0758167281746864,-0.103215217590332,-0.0652775764465332,-0.0718088150024414,-0.0809886008501053,-0.0291993152350187,-0.0964417457580566,-0.0990823730826378,-0.0744182616472244,-0.0201211925595999,-0.0400197021663189,-0.0450743697583675,-0.0937230139970779,-0.0549025535583496,,-0.02681646309793,-0.0155664449557662,-0.0313712134957314
6780.0,-0.0991214737296104,-0.11184024810791,-0.117504313588142,-0.0515587814152241,-0.0758089050650597,-0.103199578821659,-0.065269760787487,-0.0717932730913162,-0.0809729620814323,-0.0291836746037006,-0.0964105650782585,-0.0990745574235916,-0.0743947997689247,-0.0201211925595999,-0.0400197021663189,-0.0450509078800678,-0.0937932953238487,-0.0549260154366493,,-0.026793098077178,-0.0155508043244481,-0.0313399322330952
6790.0,-0.0991058349609375,-0.111832432448864,-0.117496490478516,-0.0515041351318359,-0.0758010894060135,-0.103191755712032,-0.0652541145682335,-0.0717776343226433,-0.0809573158621788,-0.0291680339723825,-0.096379280090332,-0.0990667343139648,-0.074371337890625,-0.0201211925595999,-0.0400197021663189,-0.0450353622436523,-0.0938636809587479,-0.0549571998417377,,-0.0267774593085051,-0.0155274393036962,-0.0313009284436703
6800.0,-0.0990901961922646,-0.111824609339237,-0.117488764226437,-0.0514493957161903,-0.0757932662963867,-0.103183940052986,-0.0652385726571083,-0.0717541724443436,-0.0809416770935059,-0.0291524883359671,-0.0963558182120323,-0.0990590080618858,-0.0743557959794998,-0.0201290138065815,-0.0400197021663189,-0.0450119040906429,-0.0939339622855186,-0.0549806617200375,,-0.026761818677187,-0.0155117986723781,-0.0312618277966976
6810.0,-0.0990745574235916,-0.11181678622961,-0.117488764226437,-0.0514025688171387,-0.0757932662963867,-0.10316839069128,-0.0652307495474815,-0.0717463493347168,-0.0809261351823807,-0.0291368495672941,-0.0963245406746864,-0.0990511924028397,-0.0743401572108269,-0.0201290138065815,-0.0400197021663189,-0.0449962615966797,-0.09400425106287,-0.0550119392573833,,-0.0267461780458689,-0.0154961589723825,-0.0312305446714163
6820.0,-0.0990511924028397,-0.111808970570564,-0.11748094856739,-0.0513478294014931,-0.0757854506373405,-0.103160575032234,-0.0652151107788086,-0.0717228874564171,-0.0809104964137077,-0.029121208935976,-0.0962933525443077,-0.0990355536341667,-0.0743166953325272,-0.020136833190918,-0.0400197021663189,-0.0449806228280067,-0.0940745398402214,-0.0550432205200195,,-0.0267305374145508,-0.0154805183410645,-0.0311915408819914
6830.0,-0.0990433692932129,-0.111801244318485,-0.117473125457764,-0.0513010025024414,-0.0757776275277138,-0.103144936263561,-0.0652072951197624,-0.0717073455452919,-0.0808948501944542,-0.0291055683046579,-0.0962698981165886,-0.0990277305245399,-0.0743010565638542,-0.020136833190918,-0.0400197021663189,-0.044957160949707,-0.0941370949149132,-0.055074404925108,,-0.0267071723937988,-0.0154648786410689,-0.0311602596193552
6840.0,-0.0990277305245399,-0.111793421208858,-0.117465309798717,-0.0512462630867958,-0.0757776275277138,-0.103137113153934,-0.0651994720101357,-0.071691706776619,-0.0808792114257813,-0.0290899276733398,-0.0962386131286621,-0.0990199074149132,-0.0742854103446007,-0.0201445575803518,-0.0400197021663189,-0.0449416153132915,-0.0942073836922646,-0.0551056861877441,,-0.0266915317624807,-0.0154492380097508,-0.0311212539672852
6850.0,-0.099012091755867,-0.111793421208858,-0.117465309798717,-0.0511994361877441,-0.0757776275277138,-0.103129290044308,-0.0651916489005089,-0.0716838836669922,-0.0808635726571083,-0.0290742870420218,-0.0962152481079102,-0.099012091755867,-0.0742775946855545,-0.0201445575803518,-0.0400275252759457,-0.0449259765446186,-0.0942698493599892,-0.0551291480660439,,-0.0266758929938078,-0.0154336933046579,-0.0310899745672941
6860.0,-0.0990042686462402,-0.111785605549812,-0.117465309798717,-0.051152516156435,-0.075769804418087,-0.103121474385262,-0.0651838332414627,-0.0716682448983192,-0.0808557495474815,-0.0290587432682514,-0.0961839705705643,-0.0990042686462402,-0.0742619559168816,-0.0201523788273335,-0.0400275252759457,-0.0449103377759457,-0.0943324118852615,-0.0551603324711323,,-0.0266602523624897,-0.0154180526733398,-0.0310586933046579
6870.0,-0.0989964529871941,-0.111785605549812,-0.117465309798717,-0.0510978698730469,-0.075769804418087,-0.103113651275635,-0.0651838332414627,-0.0716526061296463,-0.0808401107788086,-0.0290431026369333,-0.0961605086922646,-0.0989964529871941,-0.0742542296648026,-0.0201601982116699,-0.0400353446602821,-0.0448946952819824,-0.0944105163216591,-0.0552072525024414,,-0.0266602523624897,-0.0154180526733398,-0.0310352332890034
6880.0,-0.0989808067679405,-0.111777782440186,-0.117457486689091,-0.0510509498417377,-0.075769804418087,-0.103113651275635,-0.0651838332414627,-0.0716447830200195,-0.0808322951197624,-0.0290274620056152,-0.0961370468139648,-0.0989886298775673,-0.0742385908961296,-0.0201601982116699,-0.0400353446602821,-0.0448790565133095,-0.0944808050990105,-0.0552462600171566,,-0.0266446117311716,-0.0154024129733443,-0.0310040470212698
6890.0,-0.0989729911088943,-0.111777782440186,-0.117457486689091,-0.0510041229426861,-0.0757619887590408,-0.103105835616589,-0.0651760101318359,-0.0716291442513466,-0.0808167457580566,-0.0290196426212788,-0.0961136817932129,-0.0989808067679405,-0.0742307677865028,-0.0201680194586515,-0.0400431640446186,-0.044871237128973,-0.0945355445146561,-0.0552775375545025,,-0.0266289710998535,-0.0153867723420262,-0.0309727676212788
6900.0,-0.0989574417471886,-0.111769966781139,-0.117457486689091,-0.050957202911377,-0.0757619887590408,-0.103098012506962,-0.0651760101318359,-0.0716213211417198,-0.0808089300990105,-0.0290040019899607,-0.096082404255867,-0.0989729911088943,-0.0742229446768761,-0.0201680194586515,-0.0400508902966976,-0.0448555946350098,-0.0945901870727539,-0.0552931800484657,,-0.0266133304685354,-0.0153711317107081,-0.0309336669743061
6910.0,-0.0989496260881424,-0.111769966781139,-0.117449663579464,-0.0509025566279888,-0.0757541656494141,-0.103090189397335,-0.0651760101318359,-0.0716057792305946,-0.0808011069893837,-0.0289883613586426,-0.0960589423775673,-0.0989651679992676,-0.0742151290178299,-0.020175838842988,-0.0400508902966976,-0.0448478721082211,-0.0946371108293533,-0.0553088188171387,,-0.0265899654477835,-0.0153476716950536,-0.0308868419378996
6920.0,-0.0989339873194695,-0.111762143671513,-0.117449663579464,-0.0508634559810162,-0.0757541656494141,-0.103090189397335,-0.0651760101318359,-0.0715979561209679,-0.0807932838797569,-0.0289727207273245,-0.0960354804992676,-0.0989574417471886,-0.0742151290178299,-0.020175838842988,-0.0400587096810341,-0.0448322296142578,-0.0946917533874512,-0.0553400032222271,,-0.0265743266791105,-0.0153321269899607,-0.0308555606752634
6930.0,-0.0989261642098427,-0.111762143671513,-0.117449663579464,-0.0508088134229183,-0.0757541656494141,-0.103082470595837,-0.0651760101318359,-0.0715823173522949,-0.080777645111084,-0.0289571769535542,-0.0960121154785156,-0.0989574417471886,-0.0742073059082031,-0.0201836582273245,-0.0400665290653706,-0.0448244102299213,-0.0947464928030968,-0.0553791038691998,,-0.0265586860477924,-0.0153164863586426,-0.030824376270175
6940.0,-0.0989105254411697,-0.111754320561886,-0.117449663579464,-0.0507618896663189,-0.0757541656494141,-0.10307464748621,-0.0651760101318359,-0.0715745016932487,-0.0807698294520378,-0.0289493557065725,-0.0959886536002159,-0.0989496260881424,-0.074199490249157,-0.0201836582273245,-0.0400665290653706,-0.0448165908455849,-0.0948011428117752,-0.0554103851318359,,-0.0265430454164743,-0.0153008466586471,-0.0307852756232023
6950.0,-0.0988948866724968,-0.111754320561886,-0.117441847920418,-0.0507150664925575,-0.0757463499903679,-0.103066824376583,-0.0651760101318359,-0.0715588554739952,-0.080762006342411,-0.0289337169378996,-0.0959651991724968,-0.0989418029785156,-0.074199490249157,-0.0201914794743061,-0.040074348449707,-0.0448087714612484,-0.094855785369873,-0.0554493926465511,,-0.0265274047851563,-0.015285206027329,-0.0307539943605661
6960.0,-0.09888706356287,-0.111754320561886,-0.117441847920418,-0.0506681464612484,-0.0757463499903679,-0.103066824376583,-0.0651838332414627,-0.0715432167053223,-0.0807541832327843,-0.028925895690918,-0.0959417372941971,-0.0989339873194695,-0.0741916671395302,-0.0201914794743061,-0.0400821678340435,-0.0448009483516216,-0.0949027091264725,-0.055480670183897,,-0.0265118610113859,-0.0152695653960109,-0.0307149887084961
6970.0,-0.0988714247941971,-0.11174650490284,-0.117441847920418,-0.0506213195621967,-0.0757463499903679,-0.103059008717537,-0.0651838332414627,-0.0715354010462761,-0.0807463675737381,-0.0289102550595999,-0.0959183722734451,-0.0989261642098427,-0.0741916671395302,-0.0201914794743061,-0.0400821678340435,-0.0447931289672852,-0.0949573516845703,-0.0555119514465332,,-0.0264962203800678,-0.0152539256960154,-0.0306837093085051
6980.0,-0.0988636985421181,-0.11174650490284,-0.117434024810791,-0.0505822189152241,-0.0757463499903679,-0.10305118560791,-0.0651838332414627,-0.0715275779366493,-0.0807385444641113,-0.0288946162909269,-0.0958949103951454,-0.0989261642098427,-0.0741838440299034,-0.0201914794743061,-0.0400899909436703,-0.0447774901986122,-0.0950042754411697,-0.0555509589612484,,-0.0264805797487497,-0.0152305606752634,-0.0306446086615324
6990.0,-0.0988558754324913,-0.111738681793213,-0.117434024810791,-0.0505352988839149,-0.0757385268807411,-0.10305118560791,-0.0651916489005089,-0.0715120360255241,-0.0807307288050652,-0.0288867950439453,-0.0958714485168457,-0.0989183411002159,-0.0741838440299034,-0.0201992988586426,-0.0400978103280067,-0.0447774901986122,-0.0950511023402214,-0.0555900596082211,,-0.0264649391174316,-0.0152149200439453,-0.0306056030094624
7000.0,-0.0988402366638184,-0.111738681793213,-0.117434024810791,-0.0504884719848633,-0.0757385268807411,-0.103043369948864,-0.0651994720101357,-0.0715042129158974,-0.0807230025529861,-0.0288711544126272,-0.095847986638546,-0.0989105254411697,-0.0741760283708572,-0.0201992988586426,-0.0400978103280067,-0.044761847704649,-0.0950980186462402,-0.0556291602551937,,-0.0264492984861135,-0.0151992803439498,-0.0305743217468262
7010.0,-0.0988324210047722,-0.111730866134167,-0.117426209151745,-0.0504415519535542,-0.0757385268807411,-0.103035546839237,-0.0652072951197624,-0.0714963898062706,-0.0807151794433594,-0.0288634300231934,-0.095824621617794,-0.0989105254411697,-0.0741760283708572,-0.0201992988586426,-0.0401056297123432,-0.0447540283203125,-0.0951371192932129,-0.0556603446602821,,-0.0264336597174406,-0.0151836397126317,-0.0305430423468351
7020.0,-0.0988245978951454,-0.111730866134167,-0.117418386042118,-0.0504025481641293,-0.0757385268807411,-0.103035546839237,-0.0652229338884354,-0.0714807510375977,-0.0807073637843132,-0.0288477893918753,-0.0958011671900749,-0.098902702331543,-0.0741682052612305,-0.0202071201056242,-0.0401134490966797,-0.0447540283203125,-0.0951839461922646,-0.0556916259229183,,-0.0264180190861225,-0.0151679990813136,-0.0305040366947651
7030.0,-0.0988167747855186,-0.111730866134167,-0.117418386042118,-0.0503556244075298,-0.0757385268807411,-0.10302772372961,-0.0652385726571083,-0.0714729353785515,-0.0806995406746864,-0.0288399700075388,-0.0957777053117752,-0.098902702331543,-0.0741682052612305,-0.0202071201056242,-0.0401212684810162,-0.0447463057935238,-0.0952386856079102,-0.0557384490966797,,-0.0264102946966887,-0.0151601796969771,-0.0304805766791105
7040.0,-0.0988089591264725,-0.111730866134167,-0.117418386042118,-0.0503166206181049,-0.0757385268807411,-0.10302772372961,-0.0652541145682335,-0.0714651122689247,-0.0806917175650597,-0.0288321506232023,-0.0957542434334755,-0.098902702331543,-0.0741682052612305,-0.0202071201056242,-0.0401290915906429,-0.044738482683897,-0.0952855125069618,-0.0557775497436523,,-0.0263946540653706,-0.015144539065659,-0.0304492954164743
7050.0,-0.0988011360168457,-0.111738681793213,-0.117410562932491,-0.0502697005867958,-0.0757307037711143,-0.10302772372961,-0.065269760787487,-0.0714572891592979,-0.0806917175650597,-0.0288243293762207,-0.0957307815551758,-0.0988948866724968,-0.0741682052612305,-0.0202149394899607,-0.0401369109749794,-0.0447306632995605,-0.0953246131539345,-0.0558088310062885,,-0.0263790134340525,-0.0151368146762252,-0.0304181110113859
7060.0,-0.0987933203577995,-0.111730866134167,-0.117410562932491,-0.0502306930720806,-0.0757307037711143,-0.103019908070564,-0.06528539955616,-0.0714494735002518,-0.0806839019060135,-0.0288086887449026,-0.0957074165344238,-0.0988948866724968,-0.0741604790091515,-0.0202149394899607,-0.0401369109749794,-0.0447228439152241,-0.0953714400529861,-0.0558556579053402,,-0.026371194049716,-0.0151211740449071,-0.0303790103644133
7070.0,-0.0987854972481728,-0.111730866134167,-0.117410562932491,-0.0501837730407715,-0.0757307037711143,-0.103019908070564,-0.0653010383248329,-0.071441650390625,-0.0806760787963867,-0.0288008693605661,-0.0956917777657509,-0.0988948866724968,-0.0741604790091515,-0.0202149394899607,-0.0401446335017681,-0.0447150245308876,-0.095418356359005,-0.0558947585523129,,-0.0263555534183979,-0.015105533413589,-0.0303477291017771
7080.0,-0.098777674138546,-0.111730866134167,-0.117402747273445,-0.0501446723937988,-0.0757307037711143,-0.103012084960938,-0.0653245002031326,-0.0714338347315788,-0.0806760787963867,-0.0287930499762297,-0.0956683158874512,-0.0988948866724968,-0.0741604790091515,-0.0202227588742971,-0.0401524566113949,-0.0447150245308876,-0.0954651832580566,-0.0559415817260742,,-0.0263477321714163,-0.0150977140292525,-0.0303165446966887
7090.0,-0.0987621322274208,-0.111730866134167,-0.117402747273445,-0.0500978492200375,-0.0757307037711143,-0.103004269301891,-0.0653400421142578,-0.0714260116219521,-0.0806682631373405,-0.028785228729248,-0.0956448540091515,-0.0988948866724968,-0.0741604790091515,-0.0202227588742971,-0.0401602759957314,-0.0447072051465511,-0.0955121070146561,-0.0559806823730469,,-0.0263399127870798,-0.0150898937135935,-0.0302930828183889
7100.0,-0.098754309117794,-0.11172304302454,-0.117395021021366,-0.050050925463438,-0.0757307037711143,-0.103004269301891,-0.0653556808829308,-0.0714181885123253,-0.0806604400277138,-0.0287774093449116,-0.0956293120980263,-0.0988948866724968,-0.0741526633501053,-0.0202305801212788,-0.0401680953800678,-0.0446993820369244,-0.0955432876944542,-0.0560119636356831,,-0.0263165477663279,-0.0150664327666163,-0.0302539821714163
7110.0,-0.0987464934587479,-0.11172304302454,-0.117395021021366,-0.0500041022896767,-0.0757307037711143,-0.102996446192265,-0.0653713271021843,-0.0714104697108269,-0.0806604400277138,-0.0287696849554777,-0.0956058502197266,-0.0988948866724968,-0.0741604790091515,-0.0202383995056152,-0.0401759147644043,-0.0446993820369244,-0.0955823883414268,-0.056050967425108,,-0.0263009071350098,-0.0150507930666208,-0.0302149783819914
7120.0,-0.0987386703491211,-0.11172304302454,-0.117395021021366,-0.0499571822583675,-0.0757307037711143,-0.102988623082638,-0.0653869658708572,-0.0713948234915733,-0.080652616918087,-0.0287618637084961,-0.0955823883414268,-0.0988948866724968,-0.0741526633501053,-0.0202383995056152,-0.0401837341487408,-0.0446915626525879,-0.0956136733293533,-0.0560822486877441,,-0.0262852665036917,-0.0150352483615279,-0.0301836971193552
7130.0,-0.0987308546900749,-0.11172304302454,-0.117395021021366,-0.0499181747436523,-0.0757307037711143,-0.102988623082638,-0.0654026046395302,-0.0713870078325272,-0.0806448012590408,-0.0287540443241596,-0.0955667495727539,-0.098902702331543,-0.0741526633501053,-0.0202461238950491,-0.0401915572583675,-0.0446837432682514,-0.0956526771187782,-0.0561213493347168,,-0.0262696277350187,-0.0150196077302098,-0.0301445964723825
7140.0,-0.0987230315804482,-0.111715219914913,-0.117387197911739,-0.0498790740966797,-0.0757229849696159,-0.102980904281139,-0.0654182434082031,-0.0713791847229004,-0.0806369781494141,-0.028746223077178,-0.0955121070146561,-0.098902702331543,-0.0741526633501053,-0.0202539451420307,-0.040199376642704,-0.0446759238839149,-0.0956917777657509,-0.0561525337398052,,-0.0262539871037006,-0.0150039670988917,-0.0301134120672941
7150.0,-0.0987152084708214,-0.111715219914913,-0.117387197911739,-0.0498400703072548,-0.0757229849696159,-0.102980904281139,-0.0654416084289551,-0.0713713690638542,-0.0806369781494141,-0.0287384036928415,-0.0954495444893837,-0.098902702331543,-0.0741448402404785,-0.0202539451420307,-0.0402071960270405,-0.0446681044995785,-0.0957307815551758,-0.0561916343867779,,-0.026246165856719,-0.0149961477145553,-0.0300821308046579
7160.0,-0.0987073928117752,-0.111715219914913,-0.117387197911739,-0.0498009696602821,-0.0757229849696159,-0.102973081171513,-0.0654494315385818,-0.0713635459542274,-0.0806292518973351,-0.0287305843085051,-0.0953949019312859,-0.0989105254411697,-0.0741448402404785,-0.0202617645263672,-0.040215015411377,-0.0446681044995785,-0.0957620665431023,-0.0562228225171566,,-0.0262305270880461,-0.0149805070832372,-0.0300508495420218
7170.0,-0.0986995697021484,-0.111715219914913,-0.117387197911739,-0.0497618690133095,-0.0757229849696159,-0.102973081171513,-0.0654728934168816,-0.0713557228446007,-0.0806292518973351,-0.0287227630615234,-0.0953401550650597,-0.0989105254411697,-0.0741448402404785,-0.0202695857733488,-0.0402228347957134,-0.0446602813899517,-0.0957933440804482,-0.0562541000545025,,-0.0262149814516306,-0.0149648664519191,-0.0300118457525969
7180.0,-0.0986917540431023,-0.111715219914913,-0.117387197911739,-0.0497228614985943,-0.0757229849696159,-0.102973081171513,-0.0654885321855545,-0.0713479071855545,-0.0806214362382889,-0.028714943677187,-0.0952855125069618,-0.0989183411002159,-0.0741448402404785,-0.0202774051576853,-0.0402384772896767,-0.0446524620056152,-0.095824621617794,-0.0562775619328022,,-0.0261993408203125,-0.0149492267519236,-0.0299805644899607
7190.0,-0.0986839309334755,-0.111707501113415,-0.117387197911739,-0.0496837608516216,-0.0757229849696159,-0.102973081171513,-0.0655041709542274,-0.0713479071855545,-0.0806214362382889,-0.028714943677187,-0.095230869948864,-0.0989183411002159,-0.0741370245814323,-0.0202852245420218,-0.0402461998164654,-0.0446524620056152,-0.0958558097481728,-0.0563088431954384,,-0.0261837001889944,-0.0149336820468307,-0.0299415588378906
7200.0,-0.0986761078238487,-0.111707501113415,-0.117387197911739,-0.0496447570621967,-0.0757229849696159,-0.102965258061886,-0.0655276328325272,-0.0713400840759277,-0.0806136131286621,-0.0287071224302053,-0.0951839461922646,-0.0989261642098427,-0.0741370245814323,-0.0202930457890034,-0.0402540229260921,-0.0446447394788265,-0.0958870872855186,-0.0563478469848633,,-0.0261680614203215,-0.0149180414155126,-0.0299102794378996
7210.0,-0.164598271250725,-0.167691990733147,-0.177801415324211,-0.0993792563676834,-0.136043459177017,-0.158043578267097,-0.136246591806412,-0.137379452586174,-0.149942025542259,-0.0635197684168816,-0.157746702432632,-0.158770084381104,-0.147121623158455,-0.071129135787487,-0.0951604843139648,-0.103308968245983,-0.152410700917244,-0.11209812015295,,-0.0477931015193462,-0.0537306778132915,-0.0845745131373405
7220.0,-0.164535805583,-0.167691990733147,-0.177770242094994,-0.0990590080618858,-0.136106014251709,-0.157988831400871,-0.136160656809807,-0.137316897511482,-0.149863824248314,-0.0630041137337685,-0.157590493559837,-0.158762365579605,-0.147152900695801,-0.0706838592886925,-0.0952386856079102,-0.103355884552002,-0.152613833546638,-0.112559035420418,,-0.0458166114985943,-0.0531369224190712,-0.0833869948983192
7230.0,-0.164473250508308,-0.167684271931648,-0.177707672119141,-0.098902702331543,-0.13608255982399,-0.157902911305428,-0.136121556162834,-0.137246608734131,-0.149762257933617,-0.0625510215759277,-0.157442003488541,-0.158746719360352,-0.147168546915054,-0.0702697783708572,-0.0953167900443077,-0.103402711451054,-0.152793511748314,-0.112855911254883,,-0.044441606849432,-0.052886962890625,-0.0825510993599892
7240.0,-0.164418607950211,-0.167668625712395,-0.177653029561043,-0.098754309117794,-0.13605909049511,-0.157824799418449,-0.136090382933617,-0.137176319956779,-0.149668499827385,-0.0621212981641293,-0.157285794615746,-0.158723264932632,-0.147184178233147,-0.0698869749903679,-0.0953714400529861,-0.1034339889884,-0.152934178709984,-0.11307468265295,,-0.0433634780347347,-0.0527775771915913,-0.0819182395935059
7250.0,-0.164356142282486,-0.167652994394302,-0.177598282694817,-0.0986058264970779,-0.13603563606739,-0.157715424895287,-0.136051282286644,-0.137098222970963,-0.149574756622314,-0.0616838447749615,-0.157137304544449,-0.158707618713379,-0.147192001342773,-0.0695276260375977,-0.0954261794686317,-0.103465273976326,-0.1530591994524,-0.113246537744999,,-0.0425196662545204,-0.0527775771915913,-0.0813792273402214
7260.0,-0.164293572306633,-0.167637348175049,-0.177535817027092,-0.0984417945146561,-0.136004447937012,-0.157598212361336,-0.136012271046638,-0.137027844786644,-0.149488836526871,-0.0612697601318359,-0.156996726989746,-0.158676341176033,-0.147184178233147,-0.0691994652152061,-0.0954651832580566,-0.103488638997078,-0.153176411986351,-0.113402746617794,,-0.0418399833142757,-0.0528322234749794,-0.0808635726571083
7270.0,-0.164231106638908,-0.167621716856956,-0.177481174468994,-0.0982854887843132,-0.135980993509293,-0.157504469156265,-0.135973170399666,-0.136957556009293,-0.149402901530266,-0.0608791373670101,-0.156848236918449,-0.158645153045654,-0.147152900695801,-0.0688947662711143,-0.0955042839050293,-0.103504277765751,-0.153285697102547,-0.113535597920418,,-0.041261862963438,-0.0529337897896767,-0.0804261192679405
7280.0,-0.164168551564217,-0.167598247528076,-0.177418619394302,-0.0981292724609375,-0.135949715971947,-0.157426357269287,-0.135934069752693,-0.136887267231941,-0.149324804544449,-0.0605119727551937,-0.156699851155281,-0.158613875508308,-0.147121623158455,-0.0686135292053223,-0.095535472035408,-0.103519916534424,-0.153379440307617,-0.113644979894161,,-0.0407462120056152,-0.0530353561043739,-0.0800510421395302
7290.0,-0.164106085896492,-0.167582705616951,-0.177363976836205,-0.0979730635881424,-0.135926246643066,-0.157332614064217,-0.135895058512688,-0.136816889047623,-0.149246692657471,-0.0601603500545025,-0.156559184193611,-0.158574774861336,-0.147074803709984,-0.0683479309082031,-0.095551110804081,-0.103519916534424,-0.153465464711189,-0.113738730549812,,-0.0402931235730648,-0.0531525611877441,-0.0796995162963867
7300.0,-0.164043620228767,-0.167559251189232,-0.177309229969978,-0.0978245735168457,-0.135895058512688,-0.157231047749519,-0.135863780975342,-0.136746600270271,-0.149160668253899,-0.0598244667053223,-0.156410798430443,-0.15853576362133,-0.147012233734131,-0.068082332611084,-0.0955667495727539,-0.103527739644051,-0.153551384806633,-0.113824658095837,,-0.0399024970829487,-0.0532853119075298,-0.079379178583622
7310.0,-0.163988873362541,-0.167535781860352,-0.17725458741188,-0.0976761803030968,-0.135863780975342,-0.157121658325195,-0.135824784636497,-0.13667631149292,-0.149082571268082,-0.0595041289925575,-0.156270131468773,-0.158496662974358,-0.146941944956779,-0.0678244605660439,-0.0955823883414268,-0.103519916534424,-0.153621673583984,-0.113894939422607,,-0.0395665168762207,-0.0534181594848633,-0.0791448578238487
7320.0,-0.163934230804443,-0.167512327432632,-0.177199840545654,-0.0975198745727539,-0.135840326547623,-0.157020092010498,-0.13579349219799,-0.136613756418228,-0.149004459381104,-0.0591994300484657,-0.156129464507103,-0.158449843525887,-0.146863847970963,-0.0675745010375977,-0.0955902114510536,-0.103512100875378,-0.153691962361336,-0.11395750194788,,-0.0392774604260921,-0.0535588264465332,-0.0789417251944542
7330.0,-0.163871675729752,-0.16748896241188,-0.177145197987556,-0.097371481359005,-0.135816961526871,-0.156926348805428,-0.135762214660645,-0.136543467640877,-0.148934170603752,-0.0589025504887104,-0.1559888869524,-0.15839509665966,-0.146785736083984,-0.0673244521021843,-0.0955980345606804,-0.103504277765751,-0.153762340545654,-0.114019967615604,,-0.0390040390193462,-0.0536915771663189,-0.0787620544433594
7340.0,-0.163817033171654,-0.167465493083,-0.177090555429459,-0.0972308143973351,-0.135785683989525,-0.156832605600357,-0.1357232183218,-0.136473178863525,-0.148856073617935,-0.0586134903132915,-0.15584821999073,-0.158340454101563,-0.146691992878914,-0.0670744925737381,-0.0955902114510536,-0.103488638997078,-0.153824806213379,-0.114082433283329,,-0.0387540832161903,-0.0538166053593159,-0.0786213874816895
7350.0,-0.163762375712395,-0.167442038655281,-0.177035808563232,-0.0970980674028397,-0.135762214660645,-0.156676396727562,-0.135691925883293,-0.136402890086174,-0.14877787232399,-0.0583400726318359,-0.155707642436028,-0.158285722136497,-0.14660607278347,-0.0668400749564171,-0.0955902114510536,-0.103473089635372,-0.153879448771477,-0.114129357039928,,-0.0385274887084961,-0.0539416335523129,-0.0785041823983192
7360.0,-0.163699820637703,-0.167410761117935,-0.176981166005135,-0.0969574004411697,-0.135730937123299,-0.156527906656265,-0.13565282523632,-0.136332511901855,-0.148699760437012,-0.0580822937190533,-0.155574798583984,-0.158223256468773,-0.146520048379898,-0.0665979385375977,-0.0955823883414268,-0.103449635207653,-0.153934195637703,-0.1141761764884,,-0.0383165366947651,-0.0540743842720985,-0.0783947929739952
7370.0,-0.163645178079605,-0.167387396097183,-0.176926419138908,-0.096824549138546,-0.13569974899292,-0.156457617878914,-0.135621652007103,-0.136262223124504,-0.148621663451195,-0.0578322410583496,-0.155434235930443,-0.158160790801048,-0.146426305174828,-0.0663635283708572,-0.0955745726823807,-0.103426173329353,-0.153988838195801,-0.114223100244999,,-0.038121223449707,-0.0541915893554688,-0.0782932266592979
7380.0,-0.163590431213379,-0.167363926768303,-0.176863953471184,-0.0966918021440506,-0.135676294565201,-0.156387329101563,-0.135590359568596,-0.136199757456779,-0.148551374673843,-0.0576134696602821,-0.155301377177238,-0.158098220825195,-0.146340370178223,-0.0661291107535362,-0.0955667495727539,-0.10341053456068,-0.1540357619524,-0.114262104034424,,-0.0379337333142757,-0.0543087981641293,-0.0781994834542274
7390.0,-0.163543611764908,-0.167332649230957,-0.176809221506119,-0.0965511351823807,-0.13565282523632,-0.156332597136497,-0.13555908203125,-0.136137202382088,-0.148473262786865,-0.0573791526257992,-0.155168533325195,-0.158027932047844,-0.146262273192406,-0.0658947974443436,-0.095551110804081,-0.103387072682381,-0.154082581400871,-0.114301204681396,,-0.0377697013318539,-0.0544103644788265,-0.0781291946768761
7400.0,-0.163488864898682,-0.167309194803238,-0.176762387156487,-0.0964261069893837,-0.135629460215569,-0.156270131468773,-0.135527893900871,-0.136066913604736,-0.14839506149292,-0.0571681968867779,-0.155035778880119,-0.157957658171654,-0.146184161305428,-0.0656603798270226,-0.0955432876944542,-0.103355884552002,-0.154121682047844,-0.114332489669323,,-0.0376055724918842,-0.0545119307935238,-0.0780589133501053
7410.0,-0.163434222340584,-0.167278006672859,-0.176707744598389,-0.0962855368852615,-0.135598182678223,-0.156199842691422,-0.135488793253899,-0.136004447937012,-0.148324772715569,-0.0569572448730469,-0.154895111918449,-0.157895088195801,-0.146106049418449,-0.0654338821768761,-0.0955199226737022,-0.103332422673702,-0.154160693287849,-0.114355944097042,,-0.0374571792781353,-0.0546134971082211,-0.0780119895935059
7420.0,-0.163379475474358,-0.167246729135513,-0.176660820841789,-0.0961526855826378,-0.135574728250504,-0.156160742044449,-0.135457515716553,-0.135934069752693,-0.148246675729752,-0.0567619316279888,-0.154762268066406,-0.157824799418449,-0.146027848124504,-0.0652072951197624,-0.0955042839050293,-0.103308968245983,-0.154199793934822,-0.114379309117794,,-0.0373165123164654,-0.0547150634229183,-0.077957347035408
7430.0,-0.163332656025887,-0.167223259806633,-0.176606178283691,-0.0960276648402214,-0.135543450713158,-0.156113907694817,-0.135426327586174,-0.135871604084969,-0.1481763869524,-0.056582260876894,-0.15462951362133,-0.157754525542259,-0.145957574248314,-0.0650041624903679,-0.0954964682459831,-0.103277780115604,-0.154231071472168,-0.114410594105721,,-0.0371915809810162,-0.0548244491219521,-0.0779104232788086
7440.0,-0.16327790915966,-0.167192086577415,-0.176551446318626,-0.0958949103951454,-0.135520085692406,-0.156059175729752,-0.135395050048828,-0.135809138417244,-0.148106008768082,-0.0564104095101357,-0.154504492878914,-0.157684236764908,-0.145887285470963,-0.0648010298609734,-0.0954808220267296,-0.103262141346931,-0.154262259602547,-0.11443405598402,,-0.0370665565133095,-0.0549181960523129,-0.077847957611084
7450.0,-0.163231089711189,-0.167168617248535,-0.176504611968994,-0.0957698822021484,-0.135496616363525,-0.156012341380119,-0.135363772511482,-0.135746583342552,-0.14803571999073,-0.056246280670166,-0.154371649026871,-0.157621666789055,-0.145824819803238,-0.0646135360002518,-0.0954651832580566,-0.103238679468632,-0.154301360249519,-0.114441871643066,,-0.036949347704649,-0.0550041198730469,-0.0777932181954384
7460.0,-0.16318416595459,-0.167137339711189,-0.176457688212395,-0.0956448540091515,-0.13546533882618,-0.155957609415054,-0.135332584381104,-0.135684117674828,-0.147965431213379,-0.0560822486877441,-0.154246717691422,-0.15755920112133,-0.145770072937012,-0.0644416809082031,-0.0954495444893837,-0.103215217590332,-0.154324814677238,-0.114449694752693,,-0.0368399620056152,-0.0550822280347347,-0.0777620300650597
7470.0,-0.163137346506119,-0.167106062173843,-0.176403045654297,-0.095527745783329,-0.13544188439846,-0.155902966856956,-0.135309129953384,-0.135621652007103,-0.147902876138687,-0.0559337623417377,-0.154121682047844,-0.157496646046638,-0.145715430378914,-0.0642619132995605,-0.0954417213797569,-0.103199578821659,-0.154356107115746,-0.114465236663818,,-0.0367305763065815,-0.0551603324711323,-0.077722929418087
7480.0,-0.163098245859146,-0.167082697153091,-0.176356121897697,-0.095418356359005,-0.135418519377708,-0.155840396881104,-0.135277852416039,-0.135566905140877,-0.147832587361336,-0.0557853691279888,-0.153996661305428,-0.157434180378914,-0.145660683512688,-0.0641057044267654,-0.0954261794686317,-0.103176213800907,-0.154387280344963,-0.114480875432491,,-0.0366290099918842,-0.0552385337650776,-0.0776839256286621
7490.0,-0.163051411509514,-0.167051419615746,-0.176309302449226,-0.0953089743852615,-0.135395050048828,-0.155762299895287,-0.135246559977531,-0.135504439473152,-0.147770121693611,-0.0556447021663189,-0.153871640563011,-0.157379537820816,-0.145613864064217,-0.0639573112130165,-0.095418356359005,-0.103160575032234,-0.154410749673843,-0.114488698542118,,-0.0365352630615234,-0.0553244613111019,-0.0776448249816895
7500.0,-0.163004502654076,-0.167027950286865,-0.176262378692627,-0.0951995849609375,-0.135371595621109,-0.155676364898682,-0.135223194956779,-0.13544188439846,-0.147707566618919,-0.0555275939404964,-0.153746709227562,-0.15732479095459,-0.145574763417244,-0.0638166442513466,-0.095402717590332,-0.103144936263561,-0.154434204101563,-0.114504337310791,,-0.0364493392407894,-0.055394746363163,-0.0776057243347168
7510.0,-0.16296549141407,-0.167004495859146,-0.176215559244156,-0.0950902029871941,-0.135348126292229,-0.155590444803238,-0.135191917419434,-0.135387226939201,-0.147645100951195,-0.0554103851318359,-0.153621673583984,-0.157270148396492,-0.145527943968773,-0.0636994391679764,-0.0953870788216591,-0.103121474385262,-0.154449850320816,-0.114519976079464,,-0.0363634116947651,-0.0554728507995605,-0.0775745436549187
7520.0,-0.162918567657471,-0.166973307728767,-0.176168635487556,-0.0949886366724968,-0.135324761271477,-0.155543521046638,-0.135168462991714,-0.135324761271477,-0.14758263528347,-0.0552853606641293,-0.153496652841568,-0.157215401530266,-0.1454888433218,-0.0635900497436523,-0.0953792557120323,-0.103098012506962,-0.154449850320816,-0.114535622298717,,-0.0362774841487408,-0.0555509589612484,-0.0775432586669922
7530.0,-0.162879571318626,-0.166949853301048,-0.176121711730957,-0.0948792472481728,-0.135293483734131,-0.155488878488541,-0.135144993662834,-0.135270029306412,-0.147520065307617,-0.0551681518554688,-0.153379440307617,-0.157168582081795,-0.145457550883293,-0.0634884834289551,-0.0953714400529861,-0.103090189397335,-0.154442027211189,-0.114535622298717,,-0.0361993797123432,-0.0556213371455669,-0.0775119811296463
7540.0,-0.162840470671654,-0.166926383972168,-0.176082715392113,-0.0947776809334755,-0.135270029306412,-0.155441954731941,-0.135113820433617,-0.135215386748314,-0.147465422749519,-0.055058766156435,-0.153262332081795,-0.157121658325195,-0.145426377654076,-0.0633947402238846,-0.0953558012843132,-0.10307464748621,-0.154457569122314,-0.114543437957764,,-0.0361212752759457,-0.0556916259229183,-0.0774963423609734
7550.0,-0.162793546915054,-0.166895195841789,-0.176035791635513,-0.0946682915091515,-0.135246559977531,-0.155387312173843,-0.135090351104736,-0.135160639882088,-0.147410675883293,-0.0549493804574013,-0.153145119547844,-0.157074838876724,-0.145402908325195,-0.0632931739091873,-0.0953479781746864,-0.103066824376583,-0.154473215341568,-0.114558987319469,,-0.0360508933663368,-0.0557619109749794,-0.0774886161088943
7560.0,-0.162754535675049,-0.16687174141407,-0.175996780395508,-0.0945667251944542,-0.135223194956779,-0.155317023396492,-0.135066896677017,-0.13510599732399,-0.147348210215569,-0.0548479072749615,-0.153027921915054,-0.157027915120125,-0.145371630787849,-0.063207246363163,-0.0953401550650597,-0.10305118560791,-0.15448884665966,-0.114558987319469,,-0.0359884276986122,-0.0558321960270405,-0.0774651542305946
7570.0,-0.162715435028076,-0.166848286986351,-0.175949856638908,-0.0944729819893837,-0.13519974052906,-0.155246645212173,-0.135043427348137,-0.135051250457764,-0.147293567657471,-0.0547540672123432,-0.152910709381104,-0.156988903880119,-0.145355984568596,-0.0631135031580925,-0.0953324362635612,-0.103043369948864,-0.154504492878914,-0.114566802978516,,-0.0359181426465511,-0.0558947585523129,-0.0774573311209679
7580.0,-0.162676438689232,-0.166816994547844,-0.175903037190437,-0.0943714156746864,-0.135176286101341,-0.155207633972168,-0.135020062327385,-0.134996607899666,-0.147238835692406,-0.0546759627759457,-0.152793511748314,-0.156949803233147,-0.145332619547844,-0.0630119368433952,-0.0953167900443077,-0.103035546839237,-0.154512315988541,-0.114574626088142,,-0.0358555801212788,-0.0559572242200375,-0.0774416923522949
7590.0,-0.162645146250725,-0.166793629527092,-0.175863936543465,-0.0942776724696159,-0.135152816772461,-0.155176356434822,-0.134996607899666,-0.134941965341568,-0.147192001342773,-0.0546134971082211,-0.152684211730957,-0.156902983784676,-0.145316988229752,-0.0629338249564171,-0.0953089743852615,-0.103035546839237,-0.154527947306633,-0.114574626088142,,-0.0358009338378906,-0.0560197830200195,-0.077426053583622
7600.0,-0.162606045603752,-0.166770175099373,-0.175824925303459,-0.0941761061549187,-0.135129451751709,-0.155137345194817,-0.134973153471947,-0.134887218475342,-0.147137269377708,-0.0545510314404964,-0.152574822306633,-0.15687170624733,-0.145301342010498,-0.0628557205200195,-0.0953089743852615,-0.10302772372961,-0.154543593525887,-0.114566802978516,,-0.0357383750379086,-0.0560744293034077,-0.0774182304739952
7610.0,-0.162567049264908,-0.166738897562027,-0.175778016448021,-0.0940745398402214,-0.13510599732399,-0.155106067657471,-0.134949684143066,-0.134832575917244,-0.147082611918449,-0.0544962882995605,-0.152457624673843,-0.156832605600357,-0.145285710692406,-0.062777616083622,-0.0953011512756348,-0.10302772372961,-0.154551416635513,-0.114566802978516,,-0.0356915481388569,-0.0561290755867958,-0.0774025917053223
7620.0,-0.162527948617935,-0.166715428233147,-0.175738915801048,-0.0939807891845703,-0.13508252799511,-0.155074790120125,-0.134926319122314,-0.134777829051018,-0.147035703063011,-0.0544416420161724,-0.152348235249519,-0.156793594360352,-0.145277887582779,-0.0627150535583496,-0.0952933356165886,-0.10302772372961,-0.154559135437012,-0.11455126106739,,-0.0356368087232113,-0.0561838150024414,-0.0773948654532433
7630.0,-0.162496671080589,-0.166692063212395,-0.175699904561043,-0.093894861638546,-0.13505907356739,-0.155043512582779,-0.134902864694595,-0.134731009602547,-0.146988868713379,-0.0543869026005268,-0.152238845825195,-0.156762316823006,-0.145270064473152,-0.0626447722315788,-0.0952855125069618,-0.10302772372961,-0.154566958546638,-0.114543437957764,,-0.0355821624398232,-0.0562306419014931,-0.0773870497941971
7640.0,-0.162457659840584,-0.166668608784676,-0.17566080391407,-0.0938011184334755,-0.135035708546638,-0.1550123244524,-0.134879395365715,-0.13467626273632,-0.146934136748314,-0.0543400757014751,-0.152129456400871,-0.156723216176033,-0.145262241363525,-0.0625823065638542,-0.0952855125069618,-0.10302772372961,-0.154582604765892,-0.114535622298717,,-0.035535242408514,-0.0562932007014751,-0.0773792266845703
7650.0,-0.162426382303238,-0.166645154356956,-0.175621792674065,-0.0937151908874512,-0.135020062327385,-0.154988870024681,-0.134855940937996,-0.134629443287849,-0.146887302398682,-0.054293155670166,-0.152020081877708,-0.156692028045654,-0.145254418253899,-0.0625197440385818,-0.0952776893973351,-0.10302772372961,-0.154582604765892,-0.114512160420418,,-0.0354884155094624,-0.0563478469848633,-0.0773714110255241
7660.0,-0.162387371063232,-0.166621685028076,-0.175582692027092,-0.0936292633414268,-0.134996607899666,-0.154957577586174,-0.134840399026871,-0.134574696421623,-0.146848201751709,-0.0542541518807411,-0.151918515563011,-0.156660750508308,-0.145246610045433,-0.0624572746455669,-0.0952776893973351,-0.103035546839237,-0.154598236083984,-0.114488698542118,,-0.0354414954781532,-0.0564025901257992,-0.0773635879158974
7670.0,-0.162356093525887,-0.166598320007324,-0.175543591380119,-0.0935433432459831,-0.134973153471947,-0.154934212565422,-0.13481692969799,-0.134527876973152,-0.146801382303238,-0.054207231849432,-0.151809126138687,-0.156629472970963,-0.145246610045433,-0.0624103546142578,-0.0952776893973351,-0.103043369948864,-0.154606059193611,-0.114480875432491,,-0.035402487963438,-0.056457232683897,-0.0773557648062706
7680.0,-0.162316992878914,-0.166574865579605,-0.175504595041275,-0.0934574156999588,-0.134957507252693,-0.154902935028076,-0.134793475270271,-0.134480953216553,-0.146754458546638,-0.0541759505867958,-0.151707649230957,-0.156598284840584,-0.145238876342773,-0.0623478889465332,-0.0952776893973351,-0.103043369948864,-0.154606059193611,-0.114465236663818,,-0.0353555679321289,-0.0565119758248329,-0.0773401260375977
7690.0,-0.162285804748535,-0.166551396250725,-0.175465494394302,-0.0933714881539345,-0.134934142231941,-0.15487165749073,-0.134777829051018,-0.134426310658455,-0.146715357899666,-0.0541369430720806,-0.15160608291626,-0.156567007303238,-0.145238876342773,-0.0623009689152241,-0.0952776893973351,-0.10305118560791,-0.154613882303238,-0.114441871643066,,-0.0353087447583675,-0.0565666221082211,-0.0773166641592979
7700.0,-0.162254527211189,-0.166527941823006,-0.175434306263924,-0.0932854637503624,-0.134918496012688,-0.154848203063011,-0.134754374623299,-0.134379386901855,-0.146668538451195,-0.0541056655347347,-0.151504516601563,-0.156543537974358,-0.145238876342773,-0.0622776038944721,-0.0952776893973351,-0.103059008717537,-0.154621705412865,-0.114426232874393,,-0.0352774634957314,-0.0566212646663189,-0.077301025390625
7710.0,-0.16223107278347,-0.166504576802254,-0.175403028726578,-0.0931995436549187,-0.134895041584969,-0.154817014932632,-0.134731009602547,-0.134332567453384,-0.146621614694595,-0.0540743842720985,-0.151402950286865,-0.15651236474514,-0.145246610045433,-0.0622619651257992,-0.0952776893973351,-0.103066824376583,-0.154621705412865,-0.114410594105721,,-0.0352306365966797,-0.0566681884229183,-0.0772854834794998
7720.0,-0.162199780344963,-0.166488930583,-0.175363928079605,-0.0931136161088943,-0.134871587157249,-0.154785737395287,-0.134715363383293,-0.134285643696785,-0.14658260345459,-0.0540431998670101,-0.151301383972168,-0.15648889541626,-0.145246610045433,-0.062230683863163,-0.0952776893973351,-0.103082470595837,-0.15462951362133,-0.114410594105721,,-0.035191535949707,-0.0567228309810162,-0.077277660369873
7730.0,-0.162168607115746,-0.166465476155281,-0.175332739949226,-0.0930355116724968,-0.134855940937996,-0.154754444956779,-0.134691908955574,-0.134231001138687,-0.146543502807617,-0.0540119186043739,-0.151207640767097,-0.156457617878914,-0.145246610045433,-0.0622150413691998,-0.0952855125069618,-0.103090189397335,-0.154637336730957,-0.114410594105721,,-0.0351602546870708,-0.0567697547376156,-0.0772620216012001
7740.0,-0.162137314677238,-0.166442021727562,-0.17530146241188,-0.0929495841264725,-0.134840399026871,-0.154731079936028,-0.13467626273632,-0.134191900491714,-0.146504506468773,-0.0539884567260742,-0.1511060744524,-0.156426340341568,-0.145254418253899,-0.0621838569641113,-0.0952855125069618,-0.103098012506962,-0.154637336730957,-0.114418409764767,,-0.035121250897646,-0.056816577911377,-0.0772463828325272
7750.0,-0.162113860249519,-0.166426375508308,-0.175270184874535,-0.0928714796900749,-0.13481692969799,-0.154699802398682,-0.134652808308601,-0.134145066142082,-0.1464654058218,-0.0539650917053223,-0.15101233124733,-0.156402975320816,-0.145254418253899,-0.0621603988111019,-0.0952933356165886,-0.103113651275635,-0.154652878642082,-0.114426232874393,,-0.0350899696350098,-0.0568713210523129,-0.0772385597229004
7760.0,-0.162082672119141,-0.166403010487556,-0.175238892436028,-0.0927855521440506,-0.134801298379898,-0.154660701751709,-0.134637266397476,-0.134098157286644,-0.146426305174828,-0.0539416335523129,-0.150918588042259,-0.156379505991936,-0.145270064473152,-0.0621447563171387,-0.0953011512756348,-0.103121474385262,-0.154652878642082,-0.11443405598402,,-0.0350586883723736,-0.0569181442260742,-0.0772229209542274
7770.0,-0.162043571472168,-0.166387364268303,-0.17520771920681,-0.0927073508501053,-0.134777829051018,-0.15462951362133,-0.134613797068596,-0.134051322937012,-0.146387293934822,-0.0539181716740131,-0.150817021727562,-0.15634822845459,-0.145270064473152,-0.0621212981641293,-0.0953011512756348,-0.103137113153934,-0.154660701751709,-0.11443405598402,,-0.0350275039672852,-0.0569572448730469,-0.0772072821855545
7780.0,-0.162020117044449,-0.166363909840584,-0.175176426768303,-0.0926292464137077,-0.134762197732925,-0.154598236083984,-0.134598165750504,-0.134004399180412,-0.146348193287849,-0.0538947097957134,-0.15072326362133,-0.156324774026871,-0.145277887582779,-0.062105655670166,-0.0953089743852615,-0.103144936263561,-0.154660701751709,-0.11443405598402,,-0.0349884033203125,-0.057004164904356,-0.0771917328238487
7790.0,-0.16198892891407,-0.16634826362133,-0.175145149230957,-0.0925433188676834,-0.1347466558218,-0.154543593525887,-0.134574696421623,-0.133957579731941,-0.146309182047844,-0.0538790710270405,-0.15062952041626,-0.156301409006119,-0.145285710692406,-0.0620901100337505,-0.0953167900443077,-0.103152751922607,-0.154660701751709,-0.114449694752693,,-0.0349649451673031,-0.0570509918034077,-0.0771839171648026
7800.0,-0.161965474486351,-0.166324809193611,-0.175113961100578,-0.0924652144312859,-0.134731009602547,-0.154520139098167,-0.134559065103531,-0.133910655975342,-0.146277904510498,-0.053863525390625,-0.150543496012688,-0.156277939677238,-0.145301342010498,-0.0620744712650776,-0.0953246131539345,-0.10316839069128,-0.154668524861336,-0.114480875432491,,-0.0349337570369244,-0.0570900924503803,-0.0771760940551758
7810.0,-0.161934182047844,-0.166309267282486,-0.175082683563232,-0.0923949256539345,-0.134707555174828,-0.154496669769287,-0.134543523192406,-0.133871555328369,-0.146238803863525,-0.0538400672376156,-0.150449752807617,-0.156246662139893,-0.145309165120125,-0.0620666518807411,-0.0953324362635612,-0.103183940052986,-0.154676347970963,-0.114504337310791,,-0.0349024794995785,-0.0571290962398052,-0.0771682783961296
7820.0,-0.161910727620125,-0.166293621063232,-0.175051406025887,-0.0923167243599892,-0.134691908955574,-0.154473215341568,-0.134520053863525,-0.133824735879898,-0.146207615733147,-0.0538244247436523,-0.150363832712173,-0.1562310308218,-0.145316988229752,-0.0620666518807411,-0.0953401550650597,-0.103191755712032,-0.154676347970963,-0.114527799189091,,-0.0348711982369423,-0.0571681968867779,-0.0771604552865028
7830.0,-0.161887362599373,-0.166270166635513,-0.175028041005135,-0.0922386199235916,-0.13467626273632,-0.154457569122314,-0.134504422545433,-0.133785635232925,-0.146168515086174,-0.0538087859749794,-0.150277897715569,-0.156207665801048,-0.145324811339378,-0.0620666518807411,-0.0953479781746864,-0.103207401931286,-0.154684171080589,-0.114543437957764,,-0.0348400138318539,-0.0572150237858295,-0.0771526321768761
7840.0,-0.161863908171654,-0.16625452041626,-0.175004586577415,-0.0921683311462402,-0.134660631418228,-0.154434204101563,-0.13448877632618,-0.133738800883293,-0.146137237548828,-0.0537931434810162,-0.150191977620125,-0.156184196472168,-0.145332619547844,-0.0620666518807411,-0.0953558012843132,-0.103215217590332,-0.154684171080589,-0.114558987319469,,-0.0348165519535542,-0.0572463050484657,-0.0771369934082031
7850.0,-0.161840438842773,-0.166238889098167,-0.174973294138908,-0.0920902267098427,-0.134645089507103,-0.154410749673843,-0.134473130106926,-0.13369970023632,-0.146106049418449,-0.0537775047123432,-0.150098234415054,-0.156160742044449,-0.145340353250504,-0.0620744712650776,-0.0953714400529861,-0.103230856359005,-0.154684171080589,-0.114574626088142,,-0.034785270690918,-0.0572854056954384,-0.077129177749157
7860.0,-0.161816984415054,-0.166223242878914,-0.174942120909691,-0.0920198485255241,-0.134629443287849,-0.154387280344963,-0.134457498788834,-0.133652880787849,-0.146074771881104,-0.0537697784602642,-0.150020122528076,-0.156137272715569,-0.145355984568596,-0.0620822906494141,-0.0953792557120323,-0.103246502578259,-0.154691979289055,-0.114590264856815,,-0.0347618125379086,-0.0573244094848633,-0.077129177749157
7870.0,-0.161793619394302,-0.166207700967789,-0.174910828471184,-0.0919495597481728,-0.134613797068596,-0.154363825917244,-0.134434133768082,-0.133613780140877,-0.146035671234131,-0.0537541396915913,-0.149934202432632,-0.156121641397476,-0.145363807678223,-0.0620822906494141,-0.0953949019312859,-0.103254318237305,-0.154691979289055,-0.114605903625488,,-0.0347306244075298,-0.0573635101318359,-0.077129177749157
7880.0,-0.161770150065422,-0.166192054748535,-0.174887374043465,-0.0918792709708214,-0.134598165750504,-0.154340460896492,-0.134426310658455,-0.133574679493904,-0.146012306213379,-0.0537463203072548,-0.14984817802906,-0.156098276376724,-0.145371630787849,-0.0620979331433773,-0.095402717590332,-0.103269957005978,-0.154691979289055,-0.114613726735115,,-0.0346993468701839,-0.0573947913944721,-0.0771213546395302
7890.0,-0.161746695637703,-0.166176423430443,-0.174856096506119,-0.0918167158961296,-0.13458251953125,-0.154317006468773,-0.134402856230736,-0.133527860045433,-0.145981028676033,-0.0537385009229183,-0.149770066142082,-0.156074807047844,-0.145387277007103,-0.062105655670166,-0.095418356359005,-0.103285506367683,-0.154691979289055,-0.114637188613415,,-0.0346758849918842,-0.057433795183897,-0.0771135315299034
7900.0,-0.161723241209984,-0.166160777211189,-0.174832731485367,-0.0917464271187782,-0.134566888213158,-0.154293537139893,-0.134387210011482,-0.13348875939846,-0.145949751138687,-0.0537306778132915,-0.149684146046638,-0.156059175729752,-0.145395085215569,-0.0621134750545025,-0.0954261794686317,-0.10329332202673,-0.154699802398682,-0.11465273052454,,-0.0346524231135845,-0.0574728958308697,-0.0771135315299034
7910.0,-0.161699876189232,-0.166145130991936,-0.174809262156487,-0.0916761383414268,-0.134551331400871,-0.154270082712173,-0.134371563792229,-0.133449748158455,-0.145918563008308,-0.0537228584289551,-0.14960603415966,-0.156035706400871,-0.145402908325195,-0.0621212981641293,-0.0954417213797569,-0.103308968245983,-0.154707625508308,-0.11467619240284,,-0.0346290580928326,-0.0575119033455849,-0.0771057158708572
7920.0,-0.161684229969978,-0.166129499673843,-0.174785807728767,-0.0916135832667351,-0.134535700082779,-0.154254540801048,-0.134363755583763,-0.133410647511482,-0.145887285470963,-0.0537150390446186,-0.149527937173843,-0.156020164489746,-0.145410731434822,-0.0621369369328022,-0.0954573675990105,-0.103316783905029,-0.154707625508308,-0.114691831171513,,-0.0346055999398232,-0.0575510039925575,-0.0771057158708572
7930.0,-0.161660775542259,-0.166113957762718,-0.174762353301048,-0.0915511175990105,-0.134520053863525,-0.154231071472168,-0.134348198771477,-0.133371636271477,-0.145863816142082,-0.0537072196602821,-0.149449825286865,-0.155996710062027,-0.145418554544449,-0.0621447563171387,-0.0954651832580566,-0.103332422673702,-0.154715448617935,-0.114707469940186,,-0.0345821380615234,-0.0575822852551937,-0.0770979896187782
7940.0,-0.161637306213379,-0.166098311543465,-0.174738988280296,-0.0914886519312859,-0.134504422545433,-0.154207617044449,-0.134332567453384,-0.133324727416039,-0.145832538604736,-0.0536994002759457,-0.14937162399292,-0.155981063842773,-0.145426377654076,-0.0621603988111019,-0.0954808220267296,-0.103348068892956,-0.154715448617935,-0.114723108708858,,-0.034558679908514,-0.0576134696602821,-0.0770901665091515
7950.0,-0.161621674895287,-0.166090488433838,-0.174723342061043,-0.0914260894060135,-0.134496599435806,-0.154191970825195,-0.134316921234131,-0.133293434977531,-0.145809173583984,-0.0536994002759457,-0.149293527007103,-0.155957609415054,-0.145434185862541,-0.0621682181954384,-0.0954964682459831,-0.103355884552002,-0.154715448617935,-0.114738754928112,,-0.0345431342720985,-0.0576447509229183,-0.0770823508501053
7960.0,-0.161598309874535,-0.166074857115746,-0.174699887633324,-0.0913636237382889,-0.134480953216553,-0.154168516397476,-0.134301289916039,-0.13324661552906,-0.145777896046638,-0.0536994002759457,-0.149215415120125,-0.155941963195801,-0.145449742674828,-0.0621760375797749,-0.0955121070146561,-0.103371523320675,-0.154723271727562,-0.114746570587158,,-0.0345196723937988,-0.057683851569891,-0.0770823508501053
7970.0,-0.161582663655281,-0.166059210896492,-0.17468424141407,-0.0913011580705643,-0.13446532189846,-0.154152974486351,-0.134285643696785,-0.133207514882088,-0.145754441618919,-0.0536994002759457,-0.149137303233147,-0.155918598175049,-0.145457550883293,-0.0621916763484478,-0.095527745783329,-0.103387072682381,-0.154723271727562,-0.114754296839237,,-0.0344962142407894,-0.0577072165906429,-0.0770667120814323
7980.0,-0.161559209227562,-0.166051387786865,-0.174660786986351,-0.0912385955452919,-0.134449765086174,-0.154129505157471,-0.134269997477531,-0.133176326751709,-0.145723253488541,-0.0536994002759457,-0.149066925048828,-0.155902966856956,-0.14546537399292,-0.0621994994580746,-0.0955432876944542,-0.103394888341427,-0.154723271727562,-0.114762119948864,,-0.0344727523624897,-0.0577463172376156,-0.0770588889718056
7990.0,-0.161543563008308,-0.166035756468773,-0.174645230174065,-0.0911761298775673,-0.134434133768082,-0.154106050729752,-0.134254455566406,-0.133137226104736,-0.14569978415966,-0.0536994002759457,-0.148988828063011,-0.155887320637703,-0.145473197102547,-0.0622072219848633,-0.0955589339137077,-0.10341053456068,-0.154731079936028,-0.11476993560791,,-0.0344571135938168,-0.0577775947749615,-0.0770588889718056
8000.0,-0.161520108580589,-0.166027933359146,-0.174621775746346,-0.0911136642098427,-0.134426310658455,-0.154090404510498,-0.134246632456779,-0.133098125457764,-0.145676329731941,-0.0536994002759457,-0.148910716176033,-0.155863866209984,-0.145481020212173,-0.0622150413691998,-0.0955667495727539,-0.103418350219727,-0.154731079936028,-0.114777758717537,,-0.0344337485730648,-0.0578087829053402,-0.0770510658621788
8010.0,-0.161504551768303,-0.166012391448021,-0.174606129527092,-0.0910511016845703,-0.134410664439201,-0.154059216380119,-0.134231001138687,-0.133059129118919,-0.145652875304222,-0.0537150390446186,-0.148840427398682,-0.15584821999073,-0.1454888433218,-0.062230683863163,-0.0955823883414268,-0.1034339889884,-0.154731079936028,-0.114785574376583,,-0.0344102866947651,-0.0578400604426861,-0.0770510658621788
8020.0,-0.161488920450211,-0.166004568338394,-0.174582675099373,-0.0909886360168457,-0.134395033121109,-0.1540357619524,-0.134215354919434,-0.133020028471947,-0.145621687173843,-0.0537228584289551,-0.148770049214363,-0.155824854969978,-0.145496651530266,-0.0622385032474995,-0.0956058502197266,-0.103449635207653,-0.154731079936028,-0.11479339748621,,-0.0343946479260921,-0.0578635223209858,-0.0770432502031326
8030.0,-0.16146545112133,-0.165988922119141,-0.174567028880119,-0.0909260734915733,-0.134387210011482,-0.154012307524681,-0.134207531809807,-0.13298873603344,-0.145598217844963,-0.0537385009229183,-0.148699760437012,-0.155809208750725,-0.145504474639893,-0.0622385032474995,-0.0956136733293533,-0.103457450866699,-0.154731079936028,-0.114809036254883,,-0.0343711860477924,-0.0578947067260742,-0.0770432502031326
8040.0,-0.161449819803238,-0.165981099009514,-0.174551486968994,-0.0908636078238487,-0.134371563792229,-0.153988838195801,-0.134191900491714,-0.132949739694595,-0.145574763417244,-0.0537463203072548,-0.14862947165966,-0.155793577432632,-0.145512297749519,-0.0622463226318359,-0.0956293120980263,-0.103473089635372,-0.154738903045654,-0.114824675023556,,-0.034355640411377,-0.0579181686043739,-0.0770432502031326
8050.0,-0.161434173583984,-0.165965467691422,-0.174528032541275,-0.0908011421561241,-0.134356021881104,-0.153965383768082,-0.134176254272461,-0.132910639047623,-0.145543485879898,-0.0537697784602642,-0.14855919778347,-0.155777931213379,-0.145520120859146,-0.0622541420161724,-0.0956448540091515,-0.103480815887451,-0.154738903045654,-0.114840321242809,,-0.0343321822583675,-0.0579494498670101,-0.0770432502031326
8060.0,-0.161418542265892,-0.165957644581795,-0.174512386322021,-0.0907385870814323,-0.134348198771477,-0.15394201874733,-0.134160712361336,-0.132879450917244,-0.145527943968773,-0.0537931434810162,-0.14848880469799,-0.155762299895287,-0.145527943968773,-0.0622619651257992,-0.095660500228405,-0.103496454656124,-0.154738903045654,-0.114832498133183,,-0.0343165397644043,-0.057980727404356,-0.0770354270935059
8070.0,-0.161402985453606,-0.165941998362541,-0.174496755003929,-0.0906839370727539,-0.134332567453384,-0.153918549418449,-0.134152889251709,-0.132840350270271,-0.145496651530266,-0.0538166053593159,-0.1484185308218,-0.155738830566406,-0.145535662770271,-0.0622697845101357,-0.0956761389970779,-0.103504277765751,-0.154738903045654,-0.114848040044308,,-0.0343009009957314,-0.058004092425108,-0.0770354270935059
8080.0,-0.161387354135513,-0.165934190154076,-0.174481108784676,-0.0906214714050293,-0.134324744343758,-0.15389509499073,-0.134137257933617,-0.132801249623299,-0.145473197102547,-0.0538400672376156,-0.148348242044449,-0.155723288655281,-0.145543485879898,-0.0622854232788086,-0.0956917777657509,-0.103519916534424,-0.154738903045654,-0.114855863153934,,-0.0342774391174316,-0.0580275543034077,-0.0770276114344597
8090.0,-0.16137170791626,-0.165918633341789,-0.174465462565422,-0.0905589088797569,-0.134309098124504,-0.153871640563011,-0.13412943482399,-0.13277006149292,-0.145449742674828,-0.053863525390625,-0.148277953267097,-0.155707642436028,-0.145551308989525,-0.0622932426631451,-0.0957074165344238,-0.103535555303097,-0.154738903045654,-0.114871501922607,,-0.0342696197330952,-0.0580588355660439,-0.0770276114344597
8100.0,-0.161356076598167,-0.165910825133324,-0.174449920654297,-0.0905042663216591,-0.134301289916039,-0.153848275542259,-0.134113788604736,-0.132730960845947,-0.145434185862541,-0.053886890411377,-0.148215398192406,-0.155699834227562,-0.145551308989525,-0.0623087882995605,-0.0957230553030968,-0.10355120152235,-0.154746726155281,-0.11488714069128,,-0.0342462547123432,-0.0580900199711323,-0.0770276114344597
8110.0,-0.161340430378914,-0.165903002023697,-0.174434289336205,-0.0904417037963867,-0.134293466806412,-0.153832629323006,-0.13410596549511,-0.132699683308601,-0.145410731434822,-0.0539181716740131,-0.148145109415054,-0.155684188008308,-0.145551308989525,-0.0623322501778603,-0.0957386046648026,-0.103559017181396,-0.154746726155281,-0.114894963800907,,-0.0342306159436703,-0.058113481849432,-0.0770276114344597
8120.0,-0.16132478415966,-0.16589517891407,-0.174418643116951,-0.0903870612382889,-0.134277820587158,-0.153809174895287,-0.134090334177017,-0.132660672068596,-0.145387277007103,-0.0539338104426861,-0.148082539439201,-0.155660733580589,-0.145551308989525,-0.0623478889465332,-0.0957542434334755,-0.103574566543102,-0.154746726155281,-0.114902786910534,,-0.034214973449707,-0.0581447593867779,-0.0770197883248329
8130.0,-0.161309242248535,-0.165879532694817,-0.174402996897697,-0.0903245955705643,-0.134269997477531,-0.153785705566406,-0.13408251106739,-0.13262939453125,-0.145371630787849,-0.0539572723209858,-0.148012265563011,-0.155645087361336,-0.14555911719799,-0.0623635314404964,-0.0957698822021484,-0.103582382202148,-0.154746726155281,-0.114918425679207,,-0.0341993346810341,-0.0581682212650776,-0.0770119652152061
8140.0,-0.161293610930443,-0.165871724486351,-0.174387365579605,-0.0902620330452919,-0.134254455566406,-0.153770074248314,-0.134066864848137,-0.132598116993904,-0.14534817636013,-0.0539806373417377,-0.147949799895287,-0.155629545450211,-0.145566940307617,-0.0623869895935059,-0.0957855209708214,-0.103598020970821,-0.154746726155281,-0.114926241338253,,-0.0341915152966976,-0.0581915862858295,-0.0770119652152061
8150.0,-0.161285787820816,-0.165863901376724,-0.174379542469978,-0.0902073904871941,-0.134246632456779,-0.153746709227562,-0.134059146046638,-0.132566928863525,-0.145332619547844,-0.0540040992200375,-0.147887229919434,-0.155613899230957,-0.145566940307617,-0.0624025352299213,-0.0958089828491211,-0.103613667190075,-0.154754444956779,-0.114941887557507,,-0.0341758728027344,-0.0582228675484657,-0.0770119652152061
8160.0,-0.161262318491936,-0.165856078267097,-0.174363896250725,-0.0901448279619217,-0.134231001138687,-0.153715416789055,-0.134051322937012,-0.132527828216553,-0.145309165120125,-0.0540275573730469,-0.147824764251709,-0.155598267912865,-0.145566940307617,-0.0624181739985943,-0.0958168059587479,-0.103621482849121,-0.154754444956779,-0.114949606359005,,-0.0341603271663189,-0.0582463257014751,-0.0770119652152061
8170.0,-0.16125451028347,-0.165840432047844,-0.1743483543396,-0.0900823622941971,-0.13422317802906,-0.153668597340584,-0.134035691618919,-0.132496550679207,-0.145285710692406,-0.0540431998670101,-0.147762298583984,-0.155582621693611,-0.145574763417244,-0.062441635876894,-0.0958401709794998,-0.103637121617794,-0.154754444956779,-0.114973068237305,,-0.034144688397646,-0.0582697875797749,-0.0770119652152061
8180.0,-0.161238864064217,-0.165832623839378,-0.174340531229973,-0.0900277122855186,-0.134215354919434,-0.153613850474358,-0.134027868509293,-0.132457539439201,-0.145270064473152,-0.0540743842720985,-0.147699743509293,-0.155566975474358,-0.145582586526871,-0.0624572746455669,-0.095847986638546,-0.103652767837048,-0.154762268066406,-0.114980891346931,,-0.0341368690133095,-0.0583009719848633,-0.0770042464137077
8190.0,-0.161223217844963,-0.165824890136719,-0.17432489991188,-0.0899651572108269,-0.134199723601341,-0.153527930378914,-0.134012222290039,-0.132426261901855,-0.145254418253899,-0.0540900230407715,-0.147637277841568,-0.155551344156265,-0.145590409636497,-0.0624729171395302,-0.0958636328577995,-0.103660583496094,-0.154754444956779,-0.114996530115604,,-0.0341212265193462,-0.058324433863163,-0.0770042464137077
8200.0,-0.161215499043465,-0.165817067027092,-0.174317076802254,-0.0899183303117752,-0.134191900491714,-0.153465464711189,-0.134004399180412,-0.132395073771477,-0.145231053233147,-0.0541134849190712,-0.147574812173843,-0.155535697937012,-0.145590409636497,-0.0624885559082031,-0.0958792716264725,-0.1036761328578,-0.154754444956779,-0.115004353225231,,-0.0341055877506733,-0.0583478920161724,-0.076996423304081
8210.0,-0.161199852824211,-0.165801435709,-0.174301430583,-0.0898635908961296,-0.134176254272461,-0.153434187173843,-0.133996590971947,-0.132355973124504,-0.145207598805428,-0.0541369430720806,-0.14751224219799,-0.155520156025887,-0.145598217844963,-0.0625119209289551,-0.0958949103951454,-0.103691771626472,-0.154754444956779,-0.115019991993904,,-0.0340899489820004,-0.0583713538944721,-0.0769886001944542
8220.0,-0.161184221506119,-0.165793612599373,-0.174285799264908,-0.0898167639970779,-0.134168431162834,-0.153387263417244,-0.13398876786232,-0.132324695587158,-0.145191952586174,-0.0541604049503803,-0.147457599639893,-0.155504509806633,-0.14560604095459,-0.062527559697628,-0.0959105491638184,-0.103699587285519,-0.154754444956779,-0.11502780765295,,-0.0340743064880371,-0.0583868995308876,-0.076996423304081
8230.0,-0.161176398396492,-0.165785789489746,-0.174277976155281,-0.0897620245814323,-0.134160712361336,-0.153371721506119,-0.133973121643066,-0.132293507456779,-0.145176321268082,-0.0541759505867958,-0.147395133972168,-0.155496701598167,-0.14560604095459,-0.0625432059168816,-0.0959260985255241,-0.103715233504772,-0.154746726155281,-0.115035630762577,,-0.0340587608516216,-0.058410357683897,-0.0769886001944542
8240.0,-0.161160752177238,-0.165777966380119,-0.174270153045654,-0.0896995589137077,-0.134145066142082,-0.153356075286865,-0.13396529853344,-0.132262229919434,-0.145152851939201,-0.0541915893554688,-0.147332578897476,-0.155473232269287,-0.145613864064217,-0.0625588446855545,-0.0959417372941971,-0.103723049163818,-0.154746726155281,-0.115051172673702,,-0.0340431220829487,-0.0584338195621967,-0.0769886001944542
8250.0,-0.161152943968773,-0.165770158171654,-0.174254611134529,-0.0896449089050293,-0.134137257933617,-0.153348252177238,-0.133957579731941,-0.132230952382088,-0.145137310028076,-0.0542150512337685,-0.147277936339378,-0.15546540915966,-0.145613864064217,-0.0625823065638542,-0.09595737606287,-0.103738687932491,-0.154746726155281,-0.115058995783329,,-0.0340274833142757,-0.0584572814404964,-0.0769886001944542
8260.0,-0.161137297749519,-0.165762335062027,-0.174246788024902,-0.0895823463797569,-0.13412943482399,-0.153332620859146,-0.133941933512688,-0.132199764251709,-0.145121678709984,-0.0542306900024414,-0.147223189473152,-0.155449777841568,-0.145621687173843,-0.0626056715846062,-0.0959651991724968,-0.103754334151745,-0.154754444956779,-0.115074634552002,,-0.034019660204649,-0.0584806464612484,-0.0769886001944542
8270.0,-0.161129474639893,-0.1657545119524,-0.174238964915276,-0.0895198807120323,-0.134121611714363,-0.153316974639893,-0.133934125304222,-0.132168486714363,-0.14510603249073,-0.0542541518807411,-0.147160723805428,-0.155434235930443,-0.14562951028347,-0.0626213103532791,-0.0959808379411697,-0.103762149810791,-0.154754444956779,-0.115090273320675,,-0.034004021435976,-0.0585041046142578,-0.0769886001944542
8280.0,-0.161121651530266,-0.165746688842773,-0.17423115670681,-0.0894651412963867,-0.134113788604736,-0.1533013433218,-0.133934125304222,-0.132137209177017,-0.145090386271477,-0.0542775169014931,-0.147105976939201,-0.155426412820816,-0.145637229084969,-0.0626447722315788,-0.0959964767098427,-0.103777699172497,-0.154754444956779,-0.115098096430302,,-0.0339962020516396,-0.0585275664925575,-0.0769886001944542
8290.0,-0.161106109619141,-0.165738865733147,-0.174215510487556,-0.0893948599696159,-0.13410596549511,-0.153285697102547,-0.133918479084969,-0.132105931639671,-0.145074754953384,-0.054293155670166,-0.147051334381104,-0.155402943491936,-0.145637229084969,-0.0626682266592979,-0.0960042998194695,-0.103785514831543,-0.154746726155281,-0.115105919539928,,-0.0339805595576763,-0.0585432052612305,-0.0769886001944542
8300.0,-0.161098286509514,-0.165731057524681,-0.17420768737793,-0.0893323943018913,-0.134090334177017,-0.153277978301048,-0.133910655975342,-0.132074743509293,-0.145059108734131,-0.0543166175484657,-0.146996691823006,-0.15539513528347,-0.145645052194595,-0.0626838728785515,-0.0960199385881424,-0.103801153600216,-0.154746726155281,-0.115121558308601,,-0.0339650176465511,-0.0585666671395302,-0.0769886001944542
8310.0,-0.161082655191422,-0.165723323822021,-0.174199864268303,-0.0892620086669922,-0.13408251106739,-0.153262332081795,-0.133902832865715,-0.132043465971947,-0.145043477416039,-0.0543322563171387,-0.146941944956779,-0.155379489064217,-0.145652875304222,-0.0627072378993034,-0.0960276648402214,-0.103808976709843,-0.154746726155281,-0.115129373967648,,-0.0339571945369244,-0.0585822127759457,-0.076980784535408
8320.0,-0.161074832081795,-0.165715500712395,-0.174192056059837,-0.0891995429992676,-0.134074687957764,-0.153246685862541,-0.133895024657249,-0.13201217353344,-0.145027920603752,-0.0543557181954384,-0.146887302398682,-0.155363842844963,-0.145652875304222,-0.0627228766679764,-0.0960354804992676,-0.103824615478516,-0.154738903045654,-0.115144923329353,,-0.0339415557682514,-0.0586056709289551,-0.0769729614257813
8330.0,-0.161067008972168,-0.165699869394302,-0.174184232950211,-0.0891449004411697,-0.134066864848137,-0.153238877654076,-0.133887201547623,-0.131981000304222,-0.14501228928566,-0.0543712638318539,-0.146832570433617,-0.155356034636497,-0.145660683512688,-0.0627463385462761,-0.0960511192679405,-0.103832438588142,-0.154738903045654,-0.1151527389884,,-0.0339259169995785,-0.0586213134229183,-0.0769729614257813
8340.0,-0.161059185862541,-0.165692046284676,-0.174176409840584,-0.0890901610255241,-0.134059146046638,-0.153223231434822,-0.133879378437996,-0.131949707865715,-0.144996643066406,-0.0543869026005268,-0.146777912974358,-0.155340388417244,-0.145660683512688,-0.062761977314949,-0.0960589423775673,-0.103840254247189,-0.154738903045654,-0.115168385207653,,-0.0339180938899517,-0.0586447715759277,-0.0769729614257813
8350.0,-0.161043554544449,-0.165684223175049,-0.174168586730957,-0.0890355110168457,-0.134051322937012,-0.153215408325195,-0.133871555328369,-0.131918430328369,-0.144988819956779,-0.0544103644788265,-0.146723181009293,-0.155324846506119,-0.145668506622314,-0.062777616083622,-0.0960667654871941,-0.103855900466442,-0.154738903045654,-0.115176200866699,,-0.0339024551212788,-0.058660414069891,-0.0769729614257813
8360.0,-0.161035731434822,-0.165684223175049,-0.17416076362133,-0.0889807716012001,-0.134035691618919,-0.153207585215569,-0.133863836526871,-0.131895065307617,-0.144973188638687,-0.0544338226318359,-0.14667634665966,-0.155317023396492,-0.145676329731941,-0.0628009811043739,-0.0960745811462402,-0.103863716125488,-0.154738903045654,-0.115191839635372,,-0.0338946357369423,-0.0586837790906429,-0.0769729614257813
8370.0,-0.161027908325195,-0.165676400065422,-0.174153044819832,-0.0889261290431023,-0.134027868509293,-0.153199777007103,-0.133856013417244,-0.131863787770271,-0.144957542419434,-0.0544494651257992,-0.146621614694595,-0.155301377177238,-0.145676329731941,-0.0628088042140007,-0.0960902199149132,-0.103879265487194,-0.154731079936028,-0.115199662744999,,-0.033878993242979,-0.0586994178593159,-0.0769729614257813
8380.0,-0.161020189523697,-0.165668591856956,-0.174145221710205,-0.0888713821768761,-0.134020045399666,-0.153184130787849,-0.133848190307617,-0.131832510232925,-0.144942000508308,-0.0544806495308876,-0.146566972136497,-0.155293568968773,-0.145684152841568,-0.0628244429826736,-0.0960980430245399,-0.10388708114624,-0.154731079936028,-0.115207485854626,,-0.0338711738586426,-0.0587228797376156,-0.0769729614257813
8390.0,-0.16101236641407,-0.16566076874733,-0.174137398600578,-0.0888167396187782,-0.134020045399666,-0.153176411986351,-0.13384036719799,-0.131801322102547,-0.144926354289055,-0.0544962882995605,-0.146520048379898,-0.155277922749519,-0.145691975951195,-0.0628400817513466,-0.0961058661341667,-0.103894904255867,-0.154723271727562,-0.115215301513672,,-0.0338556282222271,-0.0587385185062885,-0.0769729614257813
8400.0,-0.161004543304443,-0.165652945637703,-0.174129590392113,-0.0887620970606804,-0.134004399180412,-0.153160765767097,-0.133832558989525,-0.131777867674828,-0.144918546080589,-0.0545197501778603,-0.1464654058218,-0.155270099639893,-0.145691975951195,-0.0628635436296463,-0.0960980430245399,-0.10391054302454,-0.154723271727562,-0.115223124623299,,-0.0338478088378906,-0.0587541572749615,-0.0769729614257813
8410.0,-0.160996720194817,-0.165645122528076,-0.174121767282486,-0.0887073501944542,-0.133996590971947,-0.153152942657471,-0.133824735879898,-0.13174657523632,-0.144902899861336,-0.0545432083308697,-0.146418482065201,-0.1552544683218,-0.14569978415966,-0.0628791823983192,-0.0961136817932129,-0.103918366134167,-0.154723271727562,-0.115230940282345,,-0.0338321700692177,-0.058769702911377,-0.0769651457667351
8420.0,-0.160988911986351,-0.165637299418449,-0.174113944172859,-0.0886527076363564,-0.13398876786232,-0.153137311339378,-0.133824735879898,-0.131715297698975,-0.144887253642082,-0.0545665733516216,-0.146363839507103,-0.155238822102547,-0.145707607269287,-0.0628947243094444,-0.0961215049028397,-0.103926181793213,-0.154715448617935,-0.115230940282345,,-0.0338243506848812,-0.0587931647896767,-0.0769651457667351
8430.0,-0.160981088876724,-0.165629580616951,-0.174106121063232,-0.0885979682207108,-0.13398876786232,-0.153129488229752,-0.133816912770271,-0.131691932678223,-0.144879445433617,-0.0545900352299213,-0.146317005157471,-0.155231103301048,-0.145715430378914,-0.062910370528698,-0.0961370468139648,-0.103941820561886,-0.154715448617935,-0.115238763391972,,-0.0338165275752544,-0.0588166229426861,-0.0769651457667351
8440.0,-0.160973265767097,-0.165629580616951,-0.174106121063232,-0.0885433182120323,-0.133980944752693,-0.153121665120125,-0.133809089660645,-0.131660655140877,-0.144863799214363,-0.0546134971082211,-0.146270081400871,-0.155215457081795,-0.145715430378914,-0.0629260092973709,-0.0961448699235916,-0.103949643671513,-0.154715448617935,-0.115230940282345,,-0.033808708190918,-0.0588322654366493,-0.0769651457667351
8450.0,-0.160965442657471,-0.165621757507324,-0.174098297953606,-0.0884964019060135,-0.133973121643066,-0.153113842010498,-0.133801266551018,-0.131637200713158,-0.144855976104736,-0.0546369552612305,-0.146223172545433,-0.155207633972168,-0.145723253488541,-0.0629494711756706,-0.0961526855826378,-0.103957466781139,-0.154715448617935,-0.115238763391972,,-0.0338008888065815,-0.0588557235896587,-0.0769729614257813
8460.0,-0.160957619547844,-0.165613934397697,-0.17409048974514,-0.0884339362382889,-0.13396529853344,-0.153098210692406,-0.133793458342552,-0.131606012582779,-0.144840434193611,-0.0546603202819824,-0.146176338195801,-0.155192002654076,-0.145723253488541,-0.0629651099443436,-0.0961683318018913,-0.103973008692265,-0.154715448617935,-0.115246489644051,,-0.0337852500379086,-0.0588712692260742,-0.0769729614257813
8470.0,-0.160949811339378,-0.165606126189232,-0.174082666635513,-0.0883791968226433,-0.133957579731941,-0.153090387582779,-0.133793458342552,-0.131582543253899,-0.144832611083984,-0.0546837821602821,-0.146121606230736,-0.155176356434822,-0.145730972290039,-0.0629884749650955,-0.0961761474609375,-0.103980831801891,-0.154715448617935,-0.115262128412724,,-0.0337852500379086,-0.0588947311043739,-0.0769729614257813
8480.0,-0.160941988229752,-0.165606126189232,-0.174074843525887,-0.0883245468139648,-0.133949756622314,-0.153082564473152,-0.133785635232925,-0.131551265716553,-0.144816979765892,-0.0547072403132915,-0.146074771881104,-0.155168533325195,-0.145738795399666,-0.0630041137337685,-0.0961839705705643,-0.103988647460938,-0.154715448617935,-0.11526995152235,,-0.0337774269282818,-0.0589103698730469,-0.0769729614257813
8490.0,-0.160934165120125,-0.165598303079605,-0.174074843525887,-0.088269904255867,-0.133941933512688,-0.153074845671654,-0.133777812123299,-0.131527811288834,-0.144809156656265,-0.0547307021915913,-0.146027848124504,-0.155152902007103,-0.145738795399666,-0.0630119368433952,-0.0961917862296104,-0.103996470570564,-0.154715448617935,-0.115285590291023,,-0.0337697044014931,-0.0589338317513466,-0.0769729614257813
8500.0,-0.160934165120125,-0.165598303079605,-0.17406702041626,-0.0882151648402214,-0.133934125304222,-0.1530591994524,-0.133777812123299,-0.131496623158455,-0.144793510437012,-0.0547540672123432,-0.145981028676033,-0.155137345194817,-0.145746618509293,-0.0630353912711143,-0.0961996093392372,-0.10400428622961,-0.154715448617935,-0.115293405950069,,-0.0337618850171566,-0.058957289904356,-0.076980784535408
8510.0,-0.160926342010498,-0.165590479969978,-0.17406702041626,-0.088160514831543,-0.133926302194595,-0.153051376342773,-0.133769989013672,-0.131473168730736,-0.144785687327385,-0.0547775290906429,-0.145934104919434,-0.155129536986351,-0.145754441618919,-0.0630510374903679,-0.096207432448864,-0.104012109339237,-0.154715448617935,-0.115285590291023,,-0.0337618850171566,-0.058980654925108,-0.076980784535408
8520.0,-0.160918623209,-0.165582656860352,-0.174059301614761,-0.0881057754158974,-0.133918479084969,-0.153043553233147,-0.133762270212173,-0.131449699401855,-0.144770056009293,-0.0548009872436523,-0.145887285470963,-0.155113890767097,-0.145762249827385,-0.0630666762590408,-0.0962152481079102,-0.104019932448864,-0.154723271727562,-0.115277767181396,,-0.0337540619075298,-0.0590041168034077,-0.0769886001944542
8530.0,-0.160910800099373,-0.165574833750725,-0.174051478505135,-0.0880511328577995,-0.133918479084969,-0.153035745024681,-0.133754447102547,-0.13141842186451,-0.144762232899666,-0.0548244491219521,-0.14584818482399,-0.155106067657471,-0.145762249827385,-0.0630823150277138,-0.0962229743599892,-0.10402774810791,-0.154715448617935,-0.115293405950069,,-0.0337384231388569,-0.0590119361877441,-0.076980784535408
8540.0,-0.160910800099373,-0.165574833750725,-0.174051478505135,-0.0879885703325272,-0.133902832865715,-0.153020098805428,-0.133754447102547,-0.131387233734131,-0.144746690988541,-0.0548479072749615,-0.145801350474358,-0.155090436339378,-0.145770072937012,-0.063097856938839,-0.0962307974696159,-0.104035571217537,-0.154707625508308,-0.115301229059696,,-0.0337306037545204,-0.0590275786817074,-0.076980784535408
8550.0,-0.160902976989746,-0.165567025542259,-0.174043655395508,-0.0879339203238487,-0.133902832865715,-0.153012275695801,-0.13374662399292,-0.131363779306412,-0.144738867878914,-0.0548712722957134,-0.145754441618919,-0.155082613229752,-0.145777896046638,-0.0631135031580925,-0.0962386131286621,-0.104043386876583,-0.154707625508308,-0.115309052169323,,-0.0337227843701839,-0.0590432174503803,-0.076980784535408
8560.0,-0.160895153880119,-0.165559202432632,-0.174035832285881,-0.0878714546561241,-0.133895024657249,-0.153004452586174,-0.133738800883293,-0.131340309977531,-0.144731044769287,-0.0548947341740131,-0.145707607269287,-0.155066967010498,-0.145777896046638,-0.0631291419267654,-0.0962464362382889,-0.10405120998621,-0.154691979289055,-0.115316867828369,,-0.0337071418762207,-0.0590588562190533,-0.076980784535408
8570.0,-0.160887345671654,-0.165559202432632,-0.174035832285881,-0.0878167152404785,-0.133887201547623,-0.152996644377708,-0.133738800883293,-0.131316944956779,-0.144715413451195,-0.0549181960523129,-0.145668506622314,-0.155051335692406,-0.145785719156265,-0.0631447806954384,-0.0962464362382889,-0.104059033095837,-0.154691979289055,-0.115316867828369,,-0.0336993224918842,-0.0590744018554688,-0.0769729614257813
8580.0,-0.160887345671654,-0.165551379323006,-0.174028024077415,-0.0877620726823807,-0.133879378437996,-0.152988821268082,-0.133730992674828,-0.131285667419434,-0.144707590341568,-0.0549493804574013,-0.145621687173843,-0.155043512582779,-0.145793542265892,-0.0631604194641113,-0.0962542518973351,-0.104066751897335,-0.154691979289055,-0.115332506597042,,-0.0336915031075478,-0.059090044349432,-0.076980784535408
8590.0,-0.160879522562027,-0.165551379323006,-0.174028024077415,-0.0877073332667351,-0.133871555328369,-0.152981087565422,-0.133730992674828,-0.131262212991714,-0.144699767231941,-0.0549728386104107,-0.145574763417244,-0.155027970671654,-0.145801350474358,-0.0631760582327843,-0.0962620750069618,-0.104074575006962,-0.154684171080589,-0.115340232849121,,-0.0336836837232113,-0.0591056831181049,-0.076980784535408
8600.0,-0.1608716994524,-0.165543556213379,-0.174020200967789,-0.0876448675990105,-0.133871555328369,-0.152973279356956,-0.133723169565201,-0.131238743662834,-0.144684121012688,-0.0550041198730469,-0.145535662770271,-0.155020147562027,-0.145809173583984,-0.0631916075944901,-0.0962698981165886,-0.104082398116589,-0.154684171080589,-0.115355871617794,,-0.0336758606135845,-0.0591213218867779,-0.076980784535408
8610.0,-0.1608716994524,-0.165535733103752,-0.174012377858162,-0.0875745788216591,-0.133863836526871,-0.15296545624733,-0.133723169565201,-0.131215378642082,-0.144676312804222,-0.0550275817513466,-0.1454888433218,-0.155004501342773,-0.145809173583984,-0.063207246363163,-0.0962777137756348,-0.104090213775635,-0.154684171080589,-0.115363694727421,,-0.0336681380867958,-0.0591369643807411,-0.0769729614257813
8620.0,-0.160863876342773,-0.165535733103752,-0.174012377858162,-0.0875120162963867,-0.133856013417244,-0.152957633137703,-0.133715346455574,-0.131184101104736,-0.144668489694595,-0.055058766156435,-0.145449742674828,-0.154996678233147,-0.145816996693611,-0.0632228851318359,-0.0962855368852615,-0.104098036885262,-0.154676347970963,-0.115379333496094,,-0.0336603187024593,-0.0591526031494141,-0.0769729614257813
8630.0,-0.160856053233147,-0.165528014302254,-0.174012377858162,-0.0874495506286621,-0.133848190307617,-0.152949810028076,-0.133715346455574,-0.131160646677017,-0.144652843475342,-0.0550900474190712,-0.145410731434822,-0.154988870024681,-0.145832538604736,-0.0632385239005089,-0.0962933525443077,-0.104105852544308,-0.154676347970963,-0.115387156605721,,-0.0336524955928326,-0.059175968170166,-0.0769729614257813
8640.0,-0.160856053233147,-0.165528014302254,-0.174012377858162,-0.0873949080705643,-0.133848190307617,-0.152934178709984,-0.133707523345947,-0.131137177348137,-0.144645124673843,-0.0551213286817074,-0.145363807678223,-0.154973223805428,-0.145832538604736,-0.0632541701197624,-0.0963011756539345,-0.104105852544308,-0.154676347970963,-0.115402795374393,,-0.0336446762084961,-0.0591916106641293,-0.0769729614257813
8650.0,-0.160856053233147,-0.165528014302254,-0.174004554748535,-0.0873323455452919,-0.13384036719799,-0.152926355600357,-0.133707523345947,-0.131113812327385,-0.144637301564217,-0.0551525130867958,-0.145324811339378,-0.154965400695801,-0.145840361714363,-0.0632698088884354,-0.0963089987635612,-0.104113675653934,-0.154668524861336,-0.115402795374393,,-0.0336290374398232,-0.0591994300484657,-0.0769729614257813
8660.0,-0.160848245024681,-0.165520191192627,-0.174004554748535,-0.0872698798775673,-0.133832558989525,-0.152910709381104,-0.13369970023632,-0.131090357899666,-0.14462947845459,-0.0551759712398052,-0.145285710692406,-0.154949769377708,-0.14584818482399,-0.0632853507995605,-0.0963168144226074,-0.104121498763561,-0.154668524861336,-0.115418434143066,,-0.0336290374398232,-0.0592150688171387,-0.0769651457667351
8670.0,-0.160840421915054,-0.165512368083,-0.173996731638908,-0.0872073173522949,-0.133824735879898,-0.152902886271477,-0.13369970023632,-0.131066903471947,-0.144613847136497,-0.0552072525024414,-0.145246610045433,-0.154942035675049,-0.145856007933617,-0.0633009895682335,-0.0963323637843132,-0.104129314422607,-0.154668524861336,-0.115426257252693,,-0.0336212180554867,-0.0592385306954384,-0.0769729614257813
8680.0,-0.160840421915054,-0.165512368083,-0.173996731638908,-0.0871526747941971,-0.133824735879898,-0.152895078063011,-0.133691892027855,-0.131043434143066,-0.144606024026871,-0.0552307143807411,-0.145199775695801,-0.154926404356956,-0.145863816142082,-0.063316635787487,-0.0963323637843132,-0.104137137532234,-0.154660701751709,-0.115434072911739,,-0.0336133949458599,-0.0592541694641113,-0.0769729614257813
8690.0,-0.160832598805428,-0.165504559874535,-0.173988923430443,-0.0870902091264725,-0.133816912770271,-0.152895078063011,-0.133691892027855,-0.131020069122314,-0.144598200917244,-0.0552618987858295,-0.145160675048828,-0.154910758137703,-0.145863816142082,-0.0633400902152061,-0.0963480025529861,-0.104137137532234,-0.154660701751709,-0.115441799163818,,-0.0336055755615234,-0.0592697151005268,-0.076980784535408
8700.0,-0.160824880003929,-0.165504559874535,-0.173988923430443,-0.0870276466012001,-0.133809089660645,-0.152887254953384,-0.133684068918228,-0.130988791584969,-0.14458255469799,-0.0552853606641293,-0.145121678709984,-0.154895111918449,-0.145871639251709,-0.0633557364344597,-0.0963558182120323,-0.10414495319128,-0.154660701751709,-0.115449622273445,,-0.033597756177187,-0.0592853538691998,-0.076980784535408
8710.0,-0.160824880003929,-0.165496736764908,-0.173988923430443,-0.0869730040431023,-0.133809089660645,-0.152871713042259,-0.133684068918228,-0.130965337157249,-0.144574746489525,-0.0553088188171387,-0.145082578063011,-0.154887303709984,-0.145887285470963,-0.0633713752031326,-0.0963636413216591,-0.104152776300907,-0.154660701751709,-0.115457437932491,,-0.0335899367928505,-0.059300996363163,-0.076980784535408
8720.0,-0.160817056894302,-0.165488913655281,-0.173981100320816,-0.0869104415178299,-0.133801266551018,-0.152871713042259,-0.133684068918228,-0.130941867828369,-0.144566923379898,-0.0553400032222271,-0.145043477416039,-0.15487165749073,-0.145887285470963,-0.0633869171142578,-0.0963714644312859,-0.104160599410534,-0.154652878642082,-0.115457437932491,,-0.0335899367928505,-0.0593166351318359,-0.0769886001944542
8730.0,-0.160817056894302,-0.165488913655281,-0.173981100320816,-0.0868479758501053,-0.133793458342552,-0.152863889932632,-0.133676245808601,-0.130918502807617,-0.144559100270271,-0.0553634651005268,-0.145004466176033,-0.154856011271477,-0.145895108580589,-0.0634025558829308,-0.096379280090332,-0.104160599410534,-0.154652878642082,-0.115465261042118,,-0.0335742942988873,-0.0593322776257992,-0.0769886001944542
8740.0,-0.160809233784676,-0.165481090545654,-0.173973277211189,-0.0867855101823807,-0.133785635232925,-0.152856066823006,-0.133676245808601,-0.130895048379898,-0.144543558359146,-0.055394746363163,-0.14496536552906,-0.154848203063011,-0.145902916789055,-0.0634182021021843,-0.096394918859005,-0.104168318212032,-0.154652878642082,-0.115465261042118,,-0.0335742942988873,-0.0593479163944721,-0.076996423304081
8750.0,-0.160801410675049,-0.165481090545654,-0.173973277211189,-0.0867307707667351,-0.133785635232925,-0.152848243713379,-0.133676245808601,-0.130879402160645,-0.144535735249519,-0.0554182045161724,-0.144926354289055,-0.154832646250725,-0.145918563008308,-0.0634416565299034,-0.0964027419686317,-0.104176141321659,-0.154637336730957,-0.115457437932491,,-0.0335587523877621,-0.0593634620308876,-0.076996423304081
8760.0,-0.160801410675049,-0.165473267436028,-0.173973277211189,-0.0866683050990105,-0.133777812123299,-0.152848243713379,-0.133668527007103,-0.130855947732925,-0.144527912139893,-0.0554493926465511,-0.144887253642082,-0.154824838042259,-0.145918563008308,-0.063457302749157,-0.0964105650782585,-0.104183964431286,-0.154645159840584,-0.115473084151745,,-0.0335587523877621,-0.0593791007995605,-0.0770042464137077
8770.0,-0.160793587565422,-0.165473267436028,-0.173973277211189,-0.0866135582327843,-0.133769989013672,-0.152840420603752,-0.133668527007103,-0.130832478404045,-0.144520089030266,-0.0554728507995605,-0.14484815299511,-0.154809191823006,-0.145926281809807,-0.0634729415178299,-0.0964261069893837,-0.104183964431286,-0.154645159840584,-0.115480899810791,,-0.0335509292781353,-0.0593947432935238,-0.0770042464137077
8780.0,-0.160785779356956,-0.165473267436028,-0.173965454101563,-0.0865589156746864,-0.133769989013672,-0.152832612395287,-0.133668527007103,-0.130809113383293,-0.1445122808218,-0.0555041320621967,-0.144816979765892,-0.154801368713379,-0.145934104919434,-0.0634884834289551,-0.0964339300990105,-0.104191780090332,-0.154637336730957,-0.115496538579464,,-0.0335431098937988,-0.0594103820621967,-0.0770119652152061
8790.0,-0.160785779356956,-0.165465459227562,-0.173965454101563,-0.0864964500069618,-0.133762270212173,-0.15282478928566,-0.133660703897476,-0.130785658955574,-0.144504457712173,-0.0555275939404964,-0.144770056009293,-0.154785737395287,-0.14594192802906,-0.063504122197628,-0.0964495688676834,-0.104199603199959,-0.154637336730957,-0.115504361689091,,-0.0335352905094624,-0.0594260208308697,-0.0770197883248329
8800.0,-0.16077795624733,-0.165465459227562,-0.173965454101563,-0.0864338874816895,-0.133754447102547,-0.152816966176033,-0.133660703897476,-0.130762204527855,-0.14448881149292,-0.0555587783455849,-0.144738867878914,-0.15477791428566,-0.145949751138687,-0.0635275840759277,-0.0964573845267296,-0.104207418859005,-0.154637336730957,-0.115520000457764,,-0.0335352905094624,-0.0594416633248329,-0.0770197883248329
8810.0,-0.16077795624733,-0.165457636117935,-0.173957735300064,-0.0863714218139648,-0.133754447102547,-0.152809143066406,-0.133652880787849,-0.130738735198975,-0.14448881149292,-0.0555900596082211,-0.144699767231941,-0.154762268066406,-0.145957574248314,-0.0635432228446007,-0.0964730307459831,-0.104207418859005,-0.15462951362133,-0.11552782356739,,-0.0335196517407894,-0.0594572089612484,-0.0770197883248329
8820.0,-0.160770133137703,-0.165457636117935,-0.173957735300064,-0.086316779255867,-0.133754447102547,-0.152801319956779,-0.133652880787849,-0.130723193287849,-0.144473180174828,-0.0556213371455669,-0.144668489694595,-0.154746726155281,-0.145973205566406,-0.0635588690638542,-0.0964808464050293,-0.104215241968632,-0.15462951362133,-0.115535549819469,,-0.0335196517407894,-0.0594728477299213,-0.0770354270935059
8830.0,-0.160770133137703,-0.165449813008308,-0.173957735300064,-0.0862542167305946,-0.13374662399292,-0.152801319956779,-0.133652880787849,-0.13069973886013,-0.144465357065201,-0.0556525252759457,-0.14462947845459,-0.154738903045654,-0.145973205566406,-0.0635744109749794,-0.0964964851737022,-0.104223065078259,-0.15462951362133,-0.115551188588142,,-0.0335118286311626,-0.0594884864985943,-0.0770354270935059
8840.0,-0.160762310028076,-0.165449813008308,-0.173957735300064,-0.0861995741724968,-0.133738800883293,-0.152793511748314,-0.133652880787849,-0.13067626953125,-0.144457533955574,-0.0556759834289551,-0.144590377807617,-0.154723271727562,-0.14598885178566,-0.0635900497436523,-0.096504308283329,-0.104230880737305,-0.15462951362133,-0.115566827356815,,-0.0335040092468262,-0.0595041289925575,-0.0770432502031326
8850.0,-0.160762310028076,-0.165449813008308,-0.173957735300064,-0.0861448273062706,-0.133738800883293,-0.152793511748314,-0.133652880787849,-0.130652815103531,-0.144449815154076,-0.0557072646915913,-0.144559100270271,-0.154715448617935,-0.145996674895287,-0.0635978728532791,-0.0965198501944542,-0.104230880737305,-0.15462951362133,-0.115574650466442,,-0.0335040092468262,-0.0595197677612305,-0.0770510658621788
8860.0,-0.160754486918449,-0.165441989898682,-0.173949912190437,-0.086082361638546,-0.133730992674828,-0.152785778045654,-0.133645057678223,-0.130629450082779,-0.144441992044449,-0.0557384490966797,-0.144520089030266,-0.154699802398682,-0.146004483103752,-0.0636135116219521,-0.096527673304081,-0.104238703846931,-0.154621705412865,-0.115582466125488,,-0.0334961898624897,-0.0595354102551937,-0.0770588889718056
8870.0,-0.160754486918449,-0.165441989898682,-0.173949912190437,-0.0860354453325272,-0.133730992674828,-0.152785778045654,-0.133645057678223,-0.130613803863525,-0.144434168934822,-0.0557697303593159,-0.14448881149292,-0.154691979289055,-0.146012306213379,-0.063629150390625,-0.0965433120727539,-0.104246519505978,-0.154621705412865,-0.115598104894161,,-0.0334883704781532,-0.0595510490238667,-0.0770667120814323
8880.0,-0.160746678709984,-0.165441989898682,-0.173949912190437,-0.0859807953238487,-0.133730992674828,-0.152785778045654,-0.133645057678223,-0.130590349435806,-0.144426345825195,-0.0557931922376156,-0.144449815154076,-0.154676347970963,-0.146020129323006,-0.0636447891592979,-0.0965511351823807,-0.104254342615604,-0.154621705412865,-0.115605928003788,,-0.0334883704781532,-0.0595665946602821,-0.0770667120814323
8890.0,-0.160746678709984,-0.165434271097183,-0.173949912190437,-0.0859261527657509,-0.133723169565201,-0.152777954936028,-0.133645057678223,-0.130574703216553,-0.144418522715569,-0.0558244697749615,-0.144418522715569,-0.154668524861336,-0.146027848124504,-0.0636604353785515,-0.0965667739510536,-0.104262068867683,-0.154621705412865,-0.115613751113415,,-0.0334805510938168,-0.0595822334289551,-0.0770745277404785
8900.0,-0.160738855600357,-0.165434271097183,-0.173949912190437,-0.0858714133501053,-0.133723169565201,-0.152777954936028,-0.133645057678223,-0.130551248788834,-0.144410714507103,-0.0558556579053402,-0.144387245178223,-0.154652878642082,-0.146035671234131,-0.0636838003993034,-0.0965745970606804,-0.104262068867683,-0.154613882303238,-0.115613751113415,,-0.0334728248417377,-0.0595900528132915,-0.0770745277404785
8910.0,-0.160738855600357,-0.165426447987556,-0.173942089080811,-0.0858167633414268,-0.133715346455574,-0.152770146727562,-0.133645057678223,-0.130527883768082,-0.144410714507103,-0.0558791160583496,-0.144348248839378,-0.154645159840584,-0.146043494343758,-0.0636994391679764,-0.0965902358293533,-0.10426988452673,-0.154606059193611,-0.115621566772461,,-0.0334650054574013,-0.0596056953072548,-0.0770823508501053
8920.0,-0.16073103249073,-0.165426447987556,-0.173942089080811,-0.0857620239257813,-0.133715346455574,-0.152770146727562,-0.133645057678223,-0.130512237548828,-0.144402891397476,-0.0559103973209858,-0.144316956400871,-0.15462951362133,-0.146051317453384,-0.0637150779366493,-0.0965980514883995,-0.104277707636356,-0.154606059193611,-0.115637116134167,,-0.0334571860730648,-0.0596213340759277,-0.0770901665091515
8930.0,-0.16073103249073,-0.165426447987556,-0.173942089080811,-0.0857073813676834,-0.133707523345947,-0.152770146727562,-0.133645057678223,-0.130488783121109,-0.144387245178223,-0.0559415817260742,-0.144277855753899,-0.154621705412865,-0.146059140563011,-0.0637307167053223,-0.0966136008501053,-0.104277707636356,-0.154606059193611,-0.115644931793213,,-0.033449362963438,-0.059636976569891,-0.0770901665091515
8940.0,-0.16073103249073,-0.16541862487793,-0.173942089080811,-0.0856526419520378,-0.133707523345947,-0.152762323617935,-0.133645057678223,-0.130473136901855,-0.144387245178223,-0.0559728629887104,-0.144246682524681,-0.154606059193611,-0.146066948771477,-0.063738539814949,-0.0966292396187782,-0.104285530745983,-0.154598236083984,-0.11565275490284,,-0.0334415435791016,-0.0596525184810162,-0.0770979896187782
8950.0,-0.160723313689232,-0.16541862487793,-0.173942089080811,-0.0855979919433594,-0.133707523345947,-0.152762323617935,-0.133645057678223,-0.130449682474136,-0.144379422068596,-0.0559963248670101,-0.144215390086174,-0.154598236083984,-0.146074771881104,-0.0637620016932487,-0.096637062728405,-0.104293346405029,-0.154598236083984,-0.115660570561886,,-0.0334415435791016,-0.0596681609749794,-0.0771057158708572
8960.0,-0.160723313689232,-0.165410801768303,-0.173934265971184,-0.0855432525277138,-0.13369970023632,-0.152754500508308,-0.133637234568596,-0.130426317453384,-0.14437161386013,-0.0560275092720985,-0.144184112548828,-0.154582604765892,-0.14608259499073,-0.0637775436043739,-0.0966527014970779,-0.104301169514656,-0.154598236083984,-0.115668393671513,,-0.0334337241947651,-0.0596837997436523,-0.0771135315299034
8970.0,-0.160715490579605,-0.165410801768303,-0.173934265971184,-0.0854886099696159,-0.13369970023632,-0.152754500508308,-0.133645057678223,-0.130410671234131,-0.144363790750504,-0.0560587905347347,-0.144152924418449,-0.154574781656265,-0.146090418100357,-0.0637931823730469,-0.0966605171561241,-0.104301169514656,-0.154590412974358,-0.115676216781139,,-0.0334259048104286,-0.0596994422376156,-0.0771135315299034
8980.0,-0.160715490579605,-0.165402993559837,-0.173934265971184,-0.0854339599609375,-0.133691892027855,-0.152746677398682,-0.133645057678223,-0.130387216806412,-0.144356057047844,-0.0560822486877441,-0.144121646881104,-0.154559135437012,-0.146098241209984,-0.0638166442513466,-0.0966761633753777,-0.104308985173702,-0.154590412974358,-0.115684032440186,,-0.0334259048104286,-0.0597072616219521,-0.0771213546395302
8990.0,-0.160715490579605,-0.165402993559837,-0.173934265971184,-0.0853713974356651,-0.133691892027855,-0.152746677398682,-0.133645057678223,-0.130371570587158,-0.144348248839378,-0.0561135299503803,-0.144090369343758,-0.154551416635513,-0.146106049418449,-0.0638401061296463,-0.0966839790344238,-0.104316808283329,-0.154590412974358,-0.115691855549812,,-0.0334180854260921,-0.059722900390625,-0.077129177749157
9000.0,-0.160707667469978,-0.165402993559837,-0.173934265971184,-0.0853167548775673,-0.133691892027855,-0.152738854289055,-0.133637234568596,-0.130348116159439,-0.144348248839378,-0.0561368949711323,-0.144051358103752,-0.15453577041626,-0.146113872528076,-0.0638712868094444,-0.0966996178030968,-0.104316808283329,-0.154582604765892,-0.115699671208858,,-0.0334102623164654,-0.0597385428845882,-0.077129177749157
9010.0,-0.160707667469978,-0.165395170450211,-0.173934265971184,-0.0852620154619217,-0.133684068918228,-0.152738854289055,-0.133637234568596,-0.130332574248314,-0.144340425729752,-0.0561681762337685,-0.144020080566406,-0.154527947306633,-0.146121606230736,-0.0638947486877441,-0.0967074409127235,-0.104324631392956,-0.154582604765892,-0.115707494318485,,-0.0334102623164654,-0.0597540847957134,-0.0771369934082031
9020.0,-0.215871915221214,-0.21026249229908,-0.225090697407722,-0.122270010411739,-0.185137465596199,-0.202379703521729,-0.178465560078621,-0.184879586100578,-0.201403141021729,-0.117137148976326,-0.198567196726799,-0.202567204833031,-0.200825020670891,-0.106277756392956,-0.137926295399666,-0.149223238229752,-0.198145300149918,-0.160332679748535,,-0.0941214561462402,-0.126590356230736,-0.144543558359146
9030.0,-0.215770348906517,-0.210215672850609,-0.225090697407722,-0.121879391372204,-0.185168653726578,-0.202395245432854,,-0.184793666005135,-0.201184377074242,-0.116699695587158,-0.198535919189453,-0.202496811747551,-0.200770288705826,-0.106238655745983,-0.137871652841568,-0.149129495024681,,,,-0.0933870300650597,-0.126504421234131,-0.144215390086174
9040.0,-0.215707883238792,-0.210192203521729,-0.225067242980003,-0.121730901300907,-0.185106188058853,-0.202387526631355,,-0.184723377227783,-0.20094995200634,-0.116473101079464,-0.198340609669685,-0.202442169189453,-0.20073901116848,-0.106191828846931,-0.137840375304222,-0.149051383137703,,,,-0.0927699133753777,-0.126449689269066,-0.143941983580589
9050.0,-0.215653136372566,-0.210168749094009,-0.225043818354607,-0.121590331196785,-0.185059264302254,-0.202379703521729,,-0.184660822153091,-0.20073901116848,-0.116269968450069,-0.198168754577637,-0.202395245432854,-0.200699999928474,-0.106191828846931,-0.137816905975342,-0.148981004953384,,,,-0.0922307968139648,-0.126418396830559,-0.143668562173843
9060.0,-0.215614125132561,-0.210160925984383,-0.225028187036514,-0.121465303003788,-0.185035899281502,-0.202371880412102,,-0.184613987803459,-0.200543686747551,-0.116082482039928,-0.198004633188248,-0.202356249094009,-0.200668722391129,-0.106230832636356,-0.137809082865715,-0.148926362395287,,,,-0.0917464271187782,-0.126387223601341,-0.143402859568596
9070.0,-0.215582847595215,-0.210145279765129,-0.225012585520744,-0.121348097920418,-0.185020253062248,-0.202356249094009,,-0.184567078948021,-0.20035620033741,-0.11591062694788,-0.197848424315453,-0.202317148447037,-0.200645253062248,-0.106277756392956,-0.137801274657249,-0.148879438638687,,,,-0.0912933349609375,-0.126371577382088,-0.143137261271477
9080.0,-0.215551570057869,-0.210129737854004,-0.224996954202652,-0.121230892837048,-0.185004621744156,-0.202340602874756,,-0.184520244598389,-0.200184345245361,-0.115730859339237,-0.197699934244156,-0.202285960316658,-0.200629711151123,-0.106324575841427,-0.137801274657249,-0.148824796080589,,,,-0.0908557921648026,-0.126348122954369,-0.142879486083984
9090.0,-0.215512558817863,-0.210114106535912,-0.224973484873772,-0.121121600270271,-0.184988975524902,-0.202317148447037,,-0.184465512633324,-0.200020313262939,-0.115582466125488,-0.197551533579826,-0.202246859669685,-0.200606256723404,-0.106402777135372,-0.137801274657249,-0.148785695433617,,,,-0.0904495269060135,-0.126324653625488,-0.142613798379898
9100.0,-0.215481281280518,-0.210098460316658,-0.224957898259163,-0.121012210845947,-0.18497334420681,-0.202293783426285,,-0.184418678283691,-0.199864014983177,-0.115449622273445,-0.197418689727783,-0.202215582132339,-0.20059061050415,-0.106465242803097,-0.137801274657249,-0.148746684193611,,,,-0.0900745391845703,-0.126309111714363,-0.142356023192406
9110.0,-0.215457826852798,-0.210090637207031,-0.224950075149536,-0.120918467640877,-0.184965521097183,-0.202270314097404,,-0.184379577636719,-0.199723437428474,-0.115316867828369,-0.197278127074242,-0.202176570892334,-0.200567156076431,-0.106535531580448,-0.137801274657249,-0.148707583546638,,,,-0.0897073745727539,-0.126285657286644,-0.142098233103752
9120.0,-0.21542663872242,-0.210067182779312,-0.224926620721817,-0.120824716985226,-0.18494987487793,-0.202239036560059,,-0.184324935078621,-0.199582770466805,-0.115191839635372,-0.197153091430664,-0.202145293354988,-0.200551509857178,-0.106613636016846,-0.137809082865715,-0.148676306009293,,,,-0.0893635749816895,-0.12627001106739,-0.141840368509293
9130.0,-0.215403184294701,-0.210059359669685,-0.224911019206047,-0.12074651569128,-0.184934332966805,-0.202199935913086,,-0.184278011322021,-0.199450016021729,-0.115066818892956,-0.197020247578621,-0.202106192708015,-0.200528144836426,-0.106676198542118,-0.137816905975342,-0.148645117878914,,,,-0.0890276953577995,-0.126254364848137,-0.141590401530266
9140.0,-0.215371891856194,-0.210035994648933,-0.224895387887955,-0.120668411254883,-0.184918686747551,-0.202168747782707,,-0.18423119187355,-0.199324995279312,-0.114949606359005,-0.196895316243172,-0.202075004577637,-0.200512513518333,-0.106746487319469,-0.137816905975342,-0.148613840341568,,,,-0.088715173304081,-0.126238733530045,-0.141340360045433
9150.0,-0.215340614318848,-0.21002034842968,-0.224879741668701,-0.120598129928112,-0.184903055429459,-0.202137470245361,,-0.184184268116951,-0.199199959635735,-0.114840321242809,-0.196770295500755,-0.202035903930664,-0.200489044189453,-0.106824591755867,-0.137824729084969,-0.148590371012688,,,,-0.0884182974696159,-0.126223087310791,-0.141098216176033
9160.0,-0.215317249298096,-0.210004717111588,-0.224864155054092,-0.120520018041134,-0.184887409210205,-0.202098473906517,,-0.18413744866848,-0.199082762002945,-0.114730931818485,-0.196653082966805,-0.202004626393318,-0.200473412871361,-0.106894969940186,-0.137832552194595,-0.14855919778347,,,,-0.0881214141845703,-0.126207545399666,-0.140863806009293
9170.0,-0.21528597176075,-0.209989070892334,-0.224840685725212,-0.120449639856815,-0.184871777892113,-0.20206718146801,,-0.18409052491188,-0.198965549468994,-0.114621542394161,-0.196528062224388,-0.201973438262939,-0.20044994354248,-0.106965258717537,-0.137840375304222,-0.14853572845459,,,,-0.0878558158874512,-0.126191899180412,-0.140652850270271
9180.0,-0.215262517333031,-0.209973439574242,-0.22482505440712,-0.120379351079464,-0.184856131672859,-0.202028080821037,,-0.184035882353783,-0.198864087462425,-0.114519976079464,-0.196410939097404,-0.201934337615967,-0.200434312224388,-0.107035540044308,-0.137848183512688,-0.148520097136497,,,,-0.087590217590332,-0.12617626786232,-0.14044189453125
9190.0,-0.215231329202652,-0.209949970245361,-0.22480945289135,-0.120301246643066,-0.184840589761734,-0.20199690759182,,-0.183988958597183,-0.198754698038101,-0.114418409764767,-0.196293741464615,-0.201903149485588,-0.200410947203636,-0.10709810256958,-0.137856006622314,-0.148496627807617,,,,-0.0873479843139648,-0.12615279853344,-0.140246585011482
9200.0,-0.215207859873772,-0.209934428334236,-0.224785998463631,-0.120223142206669,-0.184817120432854,-0.201965615153313,,-0.183942124247551,-0.198653131723404,-0.114324666559696,-0.196176528930664,-0.201864048838615,-0.200387477874756,-0.107152752578259,-0.137863829731941,-0.148473262786865,,,,-0.0871057510375977,-0.126137167215347,-0.140059098601341
9210.0,-0.215176582336426,-0.209918782114983,-0.224770411849022,-0.120160579681396,-0.184801489114761,-0.20192651450634,,-0.183887392282486,-0.198551565408707,-0.114230923354626,-0.19606713950634,-0.20183277130127,-0.200371846556664,-0.107199668884277,-0.137871652841568,-0.148457631468773,,,,-0.0868636146187782,-0.126113802194595,-0.139895066618919
9220.0,-0.21514530479908,-0.209895327687263,-0.224746942520142,-0.120090298354626,-0.184778019785881,-0.201887518167496,,-0.183840557932854,-0.198457822203636,-0.114137172698975,-0.19594994187355,-0.201793774962425,-0.200348377227783,-0.107238672673702,-0.137879475951195,-0.148441985249519,,,,-0.0866292044520378,-0.126098155975342,-0.139738842844963
9230.0,-0.215121939778328,-0.20987968146801,-0.224731311202049,-0.120020009577274,-0.184754565358162,-0.20185624063015,,-0.183785825967789,-0.198364064097404,-0.11405124515295,-0.195840552449226,-0.201762482523918,-0.200332835316658,-0.107269957661629,-0.13789501786232,-0.1484185308218,,,,-0.0864105224609375,-0.126082524657249,-0.139590367674828
9240.0,-0.215098485350609,-0.209864050149918,-0.224715709686279,-0.119949631392956,-0.18473120033741,-0.201817139983177,,-0.183738991618156,-0.198270320892334,-0.113965228199959,-0.195738986134529,-0.201731204986572,-0.200317189097404,-0.107301138341427,-0.137910649180412,-0.148410707712173,,,,-0.0861995741724968,-0.126066878437996,-0.13946533203125
9250.0,-0.215067192912102,-0.209848403930664,-0.224700078368187,-0.119871519505978,-0.184707745909691,-0.201785951852798,,-0.183684259653091,-0.198184296488762,-0.113879300653934,-0.195621877908707,-0.201692208647728,-0.200301557779312,-0.10731678456068,-0.137918472290039,-0.14839506149292,,,,-0.0859886184334755,-0.126043424010277,-0.139348223805428
9260.0,-0.215043738484383,-0.209832862019539,-0.224684432148933,-0.119785599410534,-0.184676453471184,-0.201746851205826,,-0.183629617094994,-0.198098376393318,-0.11379337310791,-0.195512488484383,-0.201660916209221,-0.200278088450432,-0.1073402389884,-0.137926295399666,-0.148379430174828,,,,-0.085785485804081,-0.126027777791023,-0.139238834381104
9270.0,-0.215012550354004,-0.209817215800285,-0.224668845534325,-0.119707487523556,-0.184652999043465,-0.20171557366848,,-0.183582693338394,-0.198012456297874,-0.113715268671513,-0.195410922169685,-0.201629638671875,-0.200262457132339,-0.107355885207653,-0.137941941618919,-0.148363873362541,,,,-0.0855901762843132,-0.126012235879898,-0.139145091176033
9280.0,-0.214989095926285,-0.209793761372566,-0.224653199315071,-0.119637206196785,-0.184629634022713,-0.201676562428474,,-0.183528050780296,-0.197934344410896,-0.113637164235115,-0.195301532745361,-0.201598450541496,-0.200246810913086,-0.107371523976326,-0.137957572937012,-0.148348242044449,,,,-0.0854026824235916,-0.125988766551018,-0.139059171080589
9290.0,-0.214957818388939,-0.209778115153313,-0.224637553095818,-0.11955900490284,-0.184598356485367,-0.201637461781502,,-0.183473393321037,-0.197856232523918,-0.113559059798717,-0.195199966430664,-0.20156717300415,-0.200231269001961,-0.107410527765751,-0.137965396046638,-0.148340418934822,,,,-0.08521518856287,-0.125973135232925,-0.138973146677017
9300.0,-0.21492663025856,-0.20976248383522,-0.224621966481209,-0.119480900466442,-0.184567078948021,-0.201606273651123,,-0.183418661355972,-0.197778135538101,-0.113488674163818,-0.195098400115967,-0.201535895466805,-0.200215622782707,-0.107433989644051,-0.137981042265892,-0.148324772715569,,,,-0.0850198790431023,-0.125957489013672,-0.138895034790039
9310.0,-0.21490316092968,-0.209746941924095,-0.224614143371582,-0.119394972920418,-0.184543713927269,-0.201574996113777,,-0.18337182700634,-0.197699934244156,-0.113410569727421,-0.19499683380127,-0.201504707336426,-0.200199991464615,-0.107480905950069,-0.13798876106739,-0.148309141397476,,,,-0.0848323851823807,-0.125934034585953,-0.138832569122314
9320.0,-0.214871883392334,-0.209723472595215,-0.224590688943863,-0.119309045374393,-0.184512421488762,-0.201543718576431,,-0.183317095041275,-0.197629645466805,-0.113340280950069,-0.194903090596199,-0.20147342979908,-0.200192168354988,-0.107527732849121,-0.138004407286644,-0.148301318287849,,,,-0.0846448913216591,-0.125918492674828,-0.138770014047623
9330.0,-0.214848428964615,-0.209707841277122,-0.224575087428093,-0.119223117828369,-0.184465512633324,-0.201512530446053,,-0.183262452483177,-0.197551533579826,-0.113269999623299,-0.194801524281502,-0.201442152261734,-0.200176522135735,-0.107566833496094,-0.138020038604736,-0.148285672068596,,,,-0.0844729468226433,-0.125902846455574,-0.138707548379898
9340.0,-0.214817240834236,-0.209692195057869,-0.224559456110001,-0.119137190282345,-0.184434324502945,-0.201481252908707,,-0.183207705616951,-0.197481259703636,-0.113207437098026,-0.194707781076431,-0.201410964131355,-0.200160890817642,-0.107605837285519,-0.138027861714363,-0.148277953267097,,,,-0.0842932686209679,-0.125879392027855,-0.1386529058218
9350.0,-0.214793786406517,-0.209676548838615,-0.224543809890747,-0.119051270186901,-0.184395223855972,-0.201449975371361,,-0.183153063058853,-0.197410866618156,-0.113144971430302,-0.194606214761734,-0.201379686594009,-0.200145244598389,-0.107652761042118,-0.138043507933617,-0.148262307047844,,,,-0.0841214209794998,-0.125863745808601,-0.138598158955574
9360.0,-0.21476249396801,-0.209660917520523,-0.22453598678112,-0.118965245783329,-0.184363946318626,-0.201418682932854,,-0.183098316192627,-0.197348400950432,-0.113082505762577,-0.194512471556664,-0.201340585947037,-0.200129702687263,-0.107691764831543,-0.138051316142082,-0.148254498839378,,,,-0.0839495658874512,-0.125840291380882,-0.138551339507103
9370.0,-0.214739128947258,-0.209645375609398,-0.224520400166512,-0.118887141346931,-0.184324935078621,-0.201387509703636,,-0.183043673634529,-0.197278127074242,-0.113019943237305,-0.194418713450432,-0.201309397816658,-0.200121879577637,-0.107730865478516,-0.138066962361336,-0.148246675729752,,,,-0.0837932601571083,-0.125824734568596,-0.13851223886013
9380.0,-0.214707851409912,-0.209629729390144,-0.224504753947258,-0.118801213800907,-0.184285834431648,-0.201356217265129,,-0.18299674987793,-0.197215557098389,-0.112965300679207,-0.194324970245361,-0.201278120279312,-0.200106248259544,-0.107762150466442,-0.138082504272461,-0.148231029510498,,,,-0.0836214050650597,-0.125801280140877,-0.138473227620125
9390.0,-0.214676573872566,-0.209614083170891,-0.224489122629166,-0.118715286254883,-0.184246823191643,-0.201324939727783,,-0.182942107319832,-0.197153091430664,-0.112902738153934,-0.194223403930664,-0.201246842741966,-0.200098425149918,-0.107801154255867,-0.138090327382088,-0.148223206400871,,,,-0.0834651961922646,-0.125785633921623,-0.138434126973152
9400.0,-0.214653119444847,-0.209598451852798,-0.224473521113396,-0.118629358708858,-0.184215545654297,-0.201293751597404,,-0.182887360453606,-0.197090625762939,-0.112848095595837,-0.19413748383522,-0.201215654611588,-0.200082778930664,-0.10784025490284,-0.138105973601341,-0.148215398192406,,,,-0.0833167061209679,-0.125762179493904,-0.13839502632618
9410.0,-0.214621931314468,-0.209582805633545,-0.224457889795303,-0.118543438613415,-0.184176445007324,-0.201262474060059,,-0.182832717895508,-0.197028070688248,-0.11279334872961,-0.19404374063015,-0.201192185282707,-0.200074955821037,-0.107879355549812,-0.138113781809807,-0.148199751973152,,,,-0.0831761360168457,-0.125746533274651,-0.138363838195801
9420.0,-0.214598461985588,-0.209567174315453,-0.22444224357605,-0.118449687957764,-0.18413744866848,-0.201231196522713,,-0.18277807533741,-0.19697342813015,-0.112738706171513,-0.193957805633545,-0.201168730854988,-0.200059324502945,-0.10791053622961,-0.13812942802906,-0.148191928863525,,,,-0.0830276533961296,-0.125730901956558,-0.138332560658455
9430.0,-0.214567184448242,-0.209551617503166,-0.224426656961441,-0.118363760411739,-0.184098348021507,-0.201200008392334,,-0.182723328471184,-0.196918681263924,-0.112684063613415,-0.193864062428474,-0.201145276427269,-0.200051501393318,-0.107949636876583,-0.138137251138687,-0.148184105753899,,,,-0.0828869864344597,-0.125707536935806,-0.138301283121109
9440.0,-0.21454381942749,-0.209535986185074,-0.224411010742188,-0.118277840316296,-0.184059336781502,-0.201168730854988,,-0.182676509022713,-0.196856215596199,-0.112637139856815,-0.193778038024902,-0.201129630208015,-0.200035959482193,-0.107988648116589,-0.138152882456779,-0.1481763869524,,,,-0.0827464088797569,-0.125691890716553,-0.138277918100357
9450.0,-0.214512541890144,-0.20952033996582,-0.224403187632561,-0.118191815912724,-0.184028059244156,-0.201137453317642,,-0.182621762156487,-0.196801573038101,-0.112582497298717,-0.193692117929459,-0.201129630208015,-0.200028136372566,-0.108019925653934,-0.138160705566406,-0.148160740733147,,,,-0.0826135650277138,-0.125668436288834,-0.138254448771477
9460.0,-0.214489087462425,-0.209504708647728,-0.224379777908325,-0.118105888366699,-0.183988958597183,-0.201106265187263,,-0.182567119598389,-0.196746826171875,-0.112535573542118,-0.193606182932854,-0.201121807098389,-0.200020313262939,-0.10805120319128,-0.13817635178566,-0.148152932524681,,,,-0.0824808105826378,-0.12565279006958,-0.138230994343758
9470.0,-0.214457795023918,-0.209489062428474,-0.224371954798698,-0.118019960820675,-0.183949947357178,-0.201074987649918,,-0.182520195841789,-0.196692183613777,-0.11248093098402,-0.19352026283741,-0.201106265187263,-0.200012490153313,-0.108082488179207,-0.138191893696785,-0.148145109415054,,,,-0.0823557898402214,-0.125629425048828,-0.138207539916039
9480.0,-0.214434430003166,-0.209473416209221,-0.224356323480606,-0.117934040725231,-0.183910846710205,-0.201043710112572,,-0.182465553283691,-0.196637436747551,-0.112434007227421,-0.193434342741966,-0.201098442077637,-0.200004681944847,-0.108113668859005,-0.138199716806412,-0.148137286305428,,,,-0.0822229385375977,-0.125613793730736,-0.138184070587158
9490.0,-0.21440315246582,-0.209457784891129,-0.224340677261353,-0.11784029006958,-0.183871746063232,-0.201004698872566,,-0.182410821318626,-0.19659061729908,-0.112387180328369,-0.193356230854988,-0.201082810759544,-0.199989035725594,-0.108137130737305,-0.138207539916039,-0.148129463195801,,,,-0.0820980072021484,-0.125590324401855,-0.138168528676033
9500.0,-0.214379698038101,-0.209442242980003,-0.224325090646744,-0.11774654686451,-0.183832749724388,-0.20097342133522,,-0.182356163859367,-0.196535870432854,-0.11234026402235,-0.193270310759544,-0.201059341430664,-0.199981212615967,-0.108160592615604,-0.138223171234131,-0.148121640086174,,,,-0.0819729790091515,-0.125574693083763,-0.138145074248314
9510.0,-0.214348509907722,-0.20942659676075,-0.22430944442749,-0.117652796208858,-0.183801457285881,-0.20094995200634,,-0.182301431894302,-0.196489050984383,-0.112293437123299,-0.193184286355972,-0.201035887002945,-0.19997338950634,-0.108191780745983,-0.138230994343758,-0.148113831877708,,,,-0.081863597035408,-0.125551223754883,-0.13812942802906
9520.0,-0.214325055480003,-0.209410950541496,-0.224293813109398,-0.117559053003788,-0.183762460947037,-0.200910955667496,,-0.18225459754467,-0.196442127227783,-0.112254336476326,-0.193106174468994,-0.201012521982193,-0.199965581297874,-0.108215235173702,-0.138246640563011,-0.148106008768082,,,,-0.0817463919520378,-0.12553559243679,-0.138113781809807
9530.0,-0.214301586151123,-0.209395319223404,-0.224278211593628,-0.117465309798717,-0.183731183409691,-0.20087967813015,,-0.182199865579605,-0.196387484669685,-0.112215235829353,-0.193028077483177,-0.200996875762939,-0.199957758188248,-0.108246520161629,-0.138254448771477,-0.148098185658455,,,,-0.081629179418087,-0.125512227416039,-0.138090327382088
9540.0,-0.214270308613777,-0.20937967300415,-0.224262580275536,-0.117371559143066,-0.183692082762718,-0.200848385691643,,-0.182145223021507,-0.196340560913086,-0.112176232039928,-0.192942142486572,-0.20097342133522,-0.199949935078621,-0.108262158930302,-0.138262271881104,-0.148090362548828,,,,-0.0815197974443436,-0.125496581196785,-0.138066962361336
9550.0,-0.214246943593025,-0.209364041686058,-0.224246934056282,-0.117269992828369,-0.183660894632339,-0.200809389352798,,-0.182090565562248,-0.196293741464615,-0.112137131392956,-0.192864045500755,-0.200957775115967,-0.199942216277122,-0.108285523951054,-0.13827009499073,-0.148082539439201,,,,-0.0814105048775673,-0.125480934977531,-0.138051316142082
9560.0,-0.214223489165306,-0.209356218576431,-0.224231347441673,-0.117168426513672,-0.183621793985367,-0.200785920023918,,-0.18204365670681,-0.196246817708015,-0.11209812015295,-0.192785933613777,-0.200942143797874,-0.199934393167496,-0.1083168014884,-0.138277918100357,-0.148074820637703,,,,-0.08130893856287,-0.125457480549812,-0.138027861714363
9570.0,-0.214192196726799,-0.209340676665306,-0.22421570122242,-0.117082498967648,-0.183590516448021,-0.200746819376945,,-0.181988999247551,-0.196199998259544,-0.112059019505978,-0.192707732319832,-0.200918778777122,-0.199918746948242,-0.108332447707653,-0.138293460011482,-0.148066997528076,,,,-0.0812073722481728,-0.125441834330559,-0.13801221549511
9580.0,-0.21416874229908,-0.209317207336426,-0.224192246794701,-0.116988755762577,-0.183551505208015,-0.200715646147728,,-0.181934267282486,-0.196160897612572,-0.112019918859005,-0.192629620432854,-0.200895309448242,-0.199910923838615,-0.108363725244999,-0.138301283121109,-0.148059174418449,,,,-0.0811136290431023,-0.125426292419434,-0.13798876106739
9590.0,-0.214145377278328,-0.209309384226799,-0.224176645278931,-0.116902828216553,-0.18352022767067,-0.200692176818848,,-0.181887432932854,-0.196114063262939,-0.111988738179207,-0.192559346556664,-0.200871855020523,-0.19990311563015,-0.108387090265751,-0.138309106230736,-0.148051366209984,,,,-0.0810198783874512,-0.125402837991714,-0.137973219156265
9600.0,-0.214114099740982,-0.209293752908707,-0.224161013960838,-0.116824626922607,-0.183488950133324,-0.200660899281502,,-0.181832700967789,-0.196074962615967,-0.111949637532234,-0.192481234669685,-0.200848385691643,-0.199895292520523,-0.108410552144051,-0.138316914439201,-0.148043543100357,,,,-0.0809338614344597,-0.125387191772461,-0.137949749827385
9610.0,-0.214090630412102,-0.209278106689453,-0.224145367741585,-0.11674652248621,-0.183457762002945,-0.200629711151123,,-0.181785866618156,-0.196035861968994,-0.111918352544308,-0.19240303337574,-0.200825020670891,-0.199887469410896,-0.10843401402235,-0.138324737548828,-0.14803571999073,,,,-0.0808479338884354,-0.125371560454369,-0.137926295399666
9620.0,-0.214067175984383,-0.209262475371361,-0.224129781126976,-0.116676233708858,-0.183418661355972,-0.200606256723404,,-0.181731134653091,-0.195989042520523,-0.111879348754883,-0.192324921488762,-0.200801566243172,-0.19987964630127,-0.108457468450069,-0.138332560658455,-0.148027896881104,,,,-0.080762006342411,-0.125348091125488,-0.137902840971947
9630.0,-0.214043810963631,-0.209246918559074,-0.224114134907722,-0.116598129272461,-0.183395192027092,-0.200574979186058,,-0.181684300303459,-0.19594994187355,-0.111848071217537,-0.192254647612572,-0.200778111815453,-0.19987964630127,-0.108480833470821,-0.138340383768082,-0.148020073771477,,,,-0.0806839019060135,-0.125332549214363,-0.137879475951195
9640.0,-0.214020356535912,-0.209239110350609,-0.224106311798096,-0.116512201726437,-0.183364018797874,-0.200551509857178,,-0.181629568338394,-0.195910930633545,-0.11181678622961,-0.192176535725594,-0.200754642486572,-0.199871823191643,-0.108504295349121,-0.138348206877708,-0.148020073771477,,,,-0.0805979743599892,-0.12531690299511,-0.137863829731941
9650.0,-0.213996887207031,-0.209223464131355,-0.224090680480003,-0.116434000432491,-0.183332726359367,-0.200528144836426,,-0.181582733988762,-0.195871829986572,-0.111785605549812,-0.192106157541275,-0.200723454356194,-0.199864014983177,-0.108535580337048,-0.138348206877708,-0.148004442453384,,,,-0.0805120468139648,-0.125301271677017,-0.137832552194595
9660.0,-0.213965609669685,-0.209207817912102,-0.224067255854607,-0.116348080337048,-0.183301448822021,-0.20049686729908,,-0.181528002023697,-0.1958327293396,-0.111754320561886,-0.192035868763924,-0.200699999928474,-0.19985619187355,-0.108559034764767,-0.138356015086174,-0.148004442453384,,,,-0.0804416686296463,-0.125285625457764,-0.137801274657249
9670.0,-0.213942244648933,-0.209192186594009,-0.224059447646141,-0.116277791559696,-0.183270260691643,-0.200473412871361,,-0.181481167674065,-0.195793733000755,-0.11172304302454,-0.191965579986572,-0.200668722391129,-0.199848368763924,-0.108574584126472,-0.138363838195801,-0.147996619343758,,,,-0.0803635641932487,-0.125262171030045,-0.137777909636497
9680.0,-0.213918790221214,-0.209176540374756,-0.224036023020744,-0.116191864013672,-0.183238983154297,-0.200442120432854,,-0.181426435709,-0.195754632353783,-0.111691854894161,-0.191887483000755,-0.200645253062248,-0.199840649962425,-0.108590222895145,-0.138371661305428,-0.147988796234131,,,,-0.0802854523062706,-0.125246524810791,-0.137754440307617
9690.0,-0.213895320892334,-0.209168717265129,-0.224028214812279,-0.116113759577274,-0.183215528726578,-0.200418755412102,,-0.181379601359367,-0.195715621113777,-0.111660577356815,-0.191817089915276,-0.200621888041496,-0.199832826852798,-0.108582399785519,-0.138379380106926,-0.147981077432632,,,,-0.0802151709794998,-0.125230982899666,-0.137730985879898
9700.0,-0.213871866464615,-0.209153175354004,-0.224004745483398,-0.116043381392956,-0.183184251189232,-0.200395300984383,,-0.181324869394302,-0.195668697357178,-0.111629299819469,-0.191746816039085,-0.20059061050415,-0.199832826852798,-0.108605861663818,-0.138387203216553,-0.147973254323006,,,,-0.0801370665431023,-0.125215336680412,-0.137707516551018
9710.0,-0.213848501443863,-0.209137544035912,-0.223989114165306,-0.115965269505978,-0.18316088616848,-0.200371846556664,,-0.18127803504467,-0.195637419819832,-0.111598111689091,-0.191684350371361,-0.200567156076431,-0.199825003743172,-0.108629323542118,-0.13839502632618,-0.147973254323006,,,,-0.0800666809082031,-0.12519970536232,-0.137684151530266
9720.0,-0.213825032114983,-0.209129720926285,-0.223973467946053,-0.11588716506958,-0.183129593729973,-0.200348377227783,,-0.181231126189232,-0.195598408579826,-0.111574649810791,-0.191613957285881,-0.200543686747551,-0.199817180633545,-0.108644962310791,-0.13839502632618,-0.147965431213379,,,,-0.0799963995814323,-0.125184059143066,-0.13765287399292
9730.0,-0.213801577687263,-0.209114074707031,-0.223957926034927,-0.115816883742809,-0.183106139302254,-0.200325012207031,,-0.181176468729973,-0.19556713104248,-0.111543372273445,-0.191543683409691,-0.200512513518333,-0.199809357523918,-0.108660601079464,-0.138402849435806,-0.147957608103752,,,,-0.079926110804081,-0.125168427824974,-0.137629419565201
9740.0,-0.213770300149918,-0.209098443388939,-0.223942279815674,-0.11574649810791,-0.183074951171875,-0.200301557779312,,-0.181129559874535,-0.195528134703636,-0.111512184143066,-0.191473394632339,-0.200489044189453,-0.199809357523918,-0.108683966100216,-0.138410672545433,-0.147949799895287,,,,-0.0798557326197624,-0.125160604715347,-0.13760595023632
9750.0,-0.213746935129166,-0.209082797169685,-0.223926648497581,-0.115668393671513,-0.183051496744156,-0.200278088450432,,-0.181082725524902,-0.195496842265129,-0.111488722264767,-0.191403105854988,-0.200457766652107,-0.199801549315453,-0.108707427978516,-0.138418480753899,-0.147949799895287,,,,-0.079785443842411,-0.125137239694595,-0.137574777007103
9760.0,-0.213723465800285,-0.209067150950432,-0.223911002278328,-0.115590289235115,-0.183028027415276,-0.200262457132339,,-0.181027993559837,-0.195457741618156,-0.111457444727421,-0.191340550780296,-0.200434312224388,-0.199793726205826,-0.108723066747189,-0.138418480753899,-0.14794197678566,,,,-0.0797151550650597,-0.125129416584969,-0.137543484568596
9770.0,-0.213700011372566,-0.209059432148933,-0.223895356059074,-0.115512184798717,-0.183004572987556,-0.200238987803459,,-0.180981159210205,-0.195426568388939,-0.111426167190075,-0.191270262002945,-0.200403124094009,-0.199785903096199,-0.108738712966442,-0.138426303863525,-0.147934153676033,,,,-0.0796370506286621,-0.125105962157249,-0.137520030140877
9780.0,-0.213676556944847,-0.20904378592968,-0.223871901631355,-0.115434072911739,-0.182973384857178,-0.200215622782707,,-0.180934235453606,-0.195395275950432,-0.111402802169323,-0.19120779633522,-0.200379654765129,-0.199785903096199,-0.108746528625488,-0.138426303863525,-0.147926330566406,,,,-0.0795666724443436,-0.125098139047623,-0.137488842010498
9790.0,-0.213653191924095,-0.209028154611588,-0.223864182829857,-0.115355871617794,-0.182957753539085,-0.200199991464615,,-0.180879592895508,-0.195356175303459,-0.111371517181396,-0.191137418150902,-0.20035620033741,-0.199778079986572,-0.108762167394161,-0.138434126973152,-0.147926330566406,,,,-0.079504206776619,-0.125082492828369,-0.137465387582779
9800.0,-0.213637545704842,-0.209020331501961,-0.223848536610603,-0.115285590291023,-0.182934284210205,-0.200184345245361,,-0.180832669138908,-0.195332810282707,-0.111348055303097,-0.191074952483177,-0.200332835316658,-0.199778079986572,-0.108777716755867,-0.138441950082779,-0.147918507456779,,,,-0.0794417411088943,-0.125066861510277,-0.137434110045433
9810.0,-0.213614091277122,-0.209004685282707,-0.22383289039135,-0.115207485854626,-0.182910829782486,-0.200168713927269,,-0.180785849690437,-0.195301532745361,-0.111324600875378,-0.191012486815453,-0.200309380888939,-0.199770256876945,-0.108785532414913,-0.138449773192406,-0.147910699248314,,,,-0.0793870016932487,-0.12505903840065,-0.137410640716553
9820.0,-0.213590621948242,-0.208996877074242,-0.223817259073257,-0.115121558308601,-0.182887360453606,-0.200145244598389,,-0.180738925933838,-0.195270255208015,-0.111301235854626,-0.1909499168396,-0.200278088450432,-0.19976244866848,-0.108801178634167,-0.138449773192406,-0.147910699248314,,,,-0.0793245360255241,-0.125043392181396,-0.137379452586174
9830.0,-0.21356725692749,-0.208981230854988,-0.223801612854004,-0.115035630762577,-0.182863995432854,-0.200129702687263,,-0.180692106485367,-0.19523897767067,-0.111277773976326,-0.190887451171875,-0.200254634022713,-0.19976244866848,-0.10881681740284,-0.138457581400871,-0.147902876138687,,,,-0.0792619735002518,-0.125027850270271,-0.137348175048828
9840.0,-0.213543802499771,-0.208965584635735,-0.223785981535912,-0.114965252578259,-0.182848364114761,-0.20011405646801,,-0.180645182728767,-0.195207789540291,-0.111254312098026,-0.190817162394524,-0.200223445892334,-0.199754625558853,-0.108832456171513,-0.138465404510498,-0.14789505302906,,,,-0.0792073234915733,-0.125012204051018,-0.137316897511482
9850.0,-0.213520333170891,-0.208957865834236,-0.223770335316658,-0.114879325032234,-0.182824894785881,-0.200090602040291,,-0.180598363280296,-0.195176512002945,-0.111230850219727,-0.190754607319832,-0.200207814574242,-0.199746891856194,-0.108848094940186,-0.138473227620125,-0.14789505302906,,,,-0.0791448578238487,-0.125004395842552,-0.137285709381104
9860.0,-0.213496878743172,-0.208942219614983,-0.223754793405533,-0.114809036254883,-0.182809263467789,-0.200074955821037,,-0.180551439523697,-0.195145234465599,-0.111207485198975,-0.190692141652107,-0.200176522135735,-0.199746891856194,-0.108863733708858,-0.138473227620125,-0.147887229919434,,,,-0.0790901184082031,-0.124988749623299,-0.137262254953384
9870.0,-0.213481232523918,-0.208934411406517,-0.223739147186279,-0.114738754928112,-0.182785898447037,-0.200059324502945,,-0.180504605174065,-0.19511404633522,-0.111184023320675,-0.190629675984383,-0.200153067708015,-0.199739083647728,-0.108879283070564,-0.138480946421623,-0.147879511117935,,,,-0.0790354758501053,-0.124980926513672,-0.137230977416039
9880.0,-0.213457867503166,-0.208918765187263,-0.223723515868187,-0.11467619240284,-0.182770252227783,-0.200043678283691,,-0.180449873209,-0.195082768797874,-0.111160568892956,-0.190567120909691,-0.200121879577637,-0.199731260538101,-0.108894921839237,-0.138480946421623,-0.147879511117935,,,,-0.0789807364344597,-0.124965287744999,-0.13719978928566
9890.0,-0.213434413075447,-0.20890311896801,-0.223707869648933,-0.114605903625488,-0.182754620909691,-0.200028136372566,,-0.180403038859367,-0.195059299468994,-0.111144922673702,-0.190512463450432,-0.200098425149918,-0.199731260538101,-0.10891056060791,-0.13848876953125,-0.147871688008308,,,,-0.0789260864257813,-0.124957464635372,-0.137176319956779
9900.0,-0.213410958647728,-0.208895310759544,-0.22369222342968,-0.114535622298717,-0.182731151580811,-0.200004681944847,,-0.180356130003929,-0.195028111338615,-0.11112155765295,-0.19044990837574,-0.200074955821037,-0.199731260538101,-0.10893402248621,-0.138496592640877,-0.147871688008308,,,,-0.0788713470101357,-0.124941922724247,-0.137145042419434
9910.0,-0.213387489318848,-0.208879664540291,-0.223676592111588,-0.114473059773445,-0.182715520262718,-0.199989035725594,,-0.180317118763924,-0.19499683380127,-0.111105918884277,-0.190387442708015,-0.200051501393318,-0.199723437428474,-0.108949661254883,-0.138496592640877,-0.147863864898682,,,,-0.078824520111084,-0.12493409961462,-0.137113764882088
9920.0,-0.213371947407722,-0.208871841430664,-0.223668858408928,-0.114402770996094,-0.182699874043465,-0.19997338950634,,-0.180262371897697,-0.19497337937355,-0.111082457005978,-0.190324977040291,-0.200020313262939,-0.199715614318848,-0.108965210616589,-0.138504415750504,-0.147856041789055,,,,-0.0787697806954384,-0.124918460845947,-0.137082576751709
9930.0,-0.213348492980003,-0.208856299519539,-0.223653227090836,-0.114340305328369,-0.182684332132339,-0.199957758188248,,-0.180223375558853,-0.194942191243172,-0.111066818237305,-0.190270230174065,-0.19999685883522,-0.199715614318848,-0.108980849385262,-0.13851223886013,-0.147856041789055,,,,-0.0787229537963867,-0.124910645186901,-0.13705912232399
9940.0,-0.21333284676075,-0.208848476409912,-0.223637580871582,-0.114269927144051,-0.182668685913086,-0.199942216277122,,-0.180176451802254,-0.194918736815453,-0.111043356359005,-0.19020776450634,-0.19997338950634,-0.199707791209221,-0.108988665044308,-0.13851223886013,-0.147848233580589,,,,-0.0786760374903679,-0.124894998967648,-0.13703565299511
9950.0,-0.213309392333031,-0.20883284509182,-0.22362194955349,-0.114207461476326,-0.182653054594994,-0.199926570057869,,-0.180129632353783,-0.194895267486572,-0.111027717590332,-0.190145209431648,-0.199949935078621,-0.199707791209221,-0.109004311263561,-0.138520047068596,-0.147848233580589,,,,-0.0786292105913162,-0.124887183308601,-0.13701219856739
9960.0,-0.21328592300415,-0.208825021982193,-0.223606303334236,-0.114144995808601,-0.182645231485367,-0.199918746948242,,-0.180082708597183,-0.194863989949226,-0.111012175679207,-0.19009056687355,-0.199918746948242,-0.199699983000755,-0.109019950032234,-0.138527870178223,-0.147840410470963,,,,-0.0785822868347168,-0.124879360198975,-0.136988833546638
9970.0,-0.213270381093025,-0.208817198872566,-0.223598480224609,-0.114082433283329,-0.182629585266113,-0.19990311563015,,-0.180043607950211,-0.194840624928474,-0.110988713800907,-0.190035924315453,-0.199895292520523,-0.199699983000755,-0.109035588800907,-0.138527870178223,-0.147840410470963,,,,-0.0785354599356651,-0.124863721430302,-0.136957556009293
9980.0,-0.213246926665306,-0.208801552653313,-0.223582848906517,-0.114019967615604,-0.182613953948021,-0.199887469410896,,-0.179996773600578,-0.194817170500755,-0.110973075032234,-0.1899733543396,-0.199871823191643,-0.199692159891129,-0.109043411910534,-0.138535693287849,-0.147832587361336,,,,-0.0784885436296463,-0.124855898320675,-0.136934086680412
9990.0,-0.213223457336426,-0.20878592133522,-0.223567292094231,-0.11395750194788,-0.182598307728767,-0.199871823191643,,-0.17994986474514,-0.194785878062248,-0.110949613153934,-0.189918711781502,-0.199848368763924,-0.199692159891129,-0.109059050679207,-0.138543516397476,-0.147832587361336,,,,-0.0784417167305946,-0.12484035640955,-0.136910632252693
10000.0,-0.213207826018333,-0.208778098225594,-0.223551660776138,-0.113902762532234,-0.182590588927269,-0.19985619187355,,-0.179903030395508,-0.194762423634529,-0.110933974385262,-0.18985615670681,-0.199825003743172,-0.199684336781502,-0.109074592590332,-0.138543516397476,-0.147832587361336,,,,-0.0783947929739952,-0.124832533299923,-0.136887267231941
10010.0,-0.213184356689453,-0.208762556314468,-0.223536014556885,-0.11384029686451,-0.182574942708015,-0.199840649962425,,-0.179863929748535,-0.194739058613777,-0.110918425023556,-0.189801499247551,-0.199793726205826,-0.199684336781502,-0.109090231359005,-0.138551339507103,-0.147824764251709,,,,-0.0783479735255241,-0.124824717640877,-0.136863812804222
10020.0,-0.213168814778328,-0.208754733204842,-0.223520383238792,-0.113777734339237,-0.182567119598389,-0.199832826852798,,-0.179817110300064,-0.194715604186058,-0.110902786254883,-0.189746856689453,-0.199770256876945,-0.199676513671875,-0.109098054468632,-0.138551339507103,-0.147816941142082,,,,-0.0783088728785515,-0.124809078872204,-0.136840343475342
10030.0,-0.213145360350609,-0.208746910095215,-0.223512560129166,-0.113723091781139,-0.182551488280296,-0.199817180633545,,-0.179770186543465,-0.194684311747551,-0.11088714748621,-0.189684301614761,-0.199746891856194,-0.199676513671875,-0.109105877578259,-0.138559147715569,-0.147816941142082,,,,-0.0782620459794998,-0.124801255762577,-0.136816889047623
10040.0,-0.213129714131355,-0.208731278777122,-0.223496913909912,-0.113660626113415,-0.18254366517067,-0.199809357523918,,-0.179731175303459,-0.194660857319832,-0.110871508717537,-0.189629659056664,-0.199723437428474,-0.199668690562248,-0.109121516346931,-0.138559147715569,-0.147816941142082,,,,-0.0782229453325272,-0.12479343265295,-0.136793524026871
10050.0,-0.213106259703636,-0.208715632557869,-0.22348128259182,-0.113605879247189,-0.182535842061043,-0.199793726205826,,-0.179684266448021,-0.19463749229908,-0.110855869948864,-0.189574912190437,-0.199692159891129,-0.199660882353783,-0.109129332005978,-0.138566970825195,-0.147809132933617,,,,-0.0781761184334755,-0.124785616993904,-0.13677005469799
10060.0,-0.213082790374756,-0.208707809448242,-0.223465725779533,-0.113551236689091,-0.182520195841789,-0.199785903096199,,-0.179637432098389,-0.194614037871361,-0.11084022372961,-0.189520269632339,-0.199676513671875,-0.199660882353783,-0.109144978225231,-0.138566970825195,-0.147809132933617,,,,-0.0781291946768761,-0.124769978225231,-0.136746600270271
10070.0,-0.213067248463631,-0.20869217813015,-0.223450094461441,-0.113496497273445,-0.182512387633324,-0.199778079986572,,-0.179598331451416,-0.19459056854248,-0.110816858708858,-0.189457699656487,-0.199645325541496,-0.199653059244156,-0.109160616993904,-0.138574704527855,-0.14780130982399,,,,-0.0780900940299034,-0.124762155115604,-0.136723145842552
10080.0,-0.213051602244377,-0.208684355020523,-0.223442271351814,-0.113441847264767,-0.182504564523697,-0.199770256876945,,-0.179559230804443,-0.194567114114761,-0.110809043049812,-0.189410880208015,-0.199621871113777,-0.199645325541496,-0.109176158905029,-0.13858251273632,-0.14780130982399,,,,-0.0780432745814323,-0.124754332005978,-0.1366997808218
10090.0,-0.213028147816658,-0.208668813109398,-0.223426625132561,-0.113387107849121,-0.182489022612572,-0.199754625558853,,-0.179512411355972,-0.194543749094009,-0.110793404281139,-0.189348414540291,-0.199598416686058,-0.199637517333031,-0.109183982014656,-0.13858251273632,-0.147793486714363,,,,-0.0780041739344597,-0.124746613204479,-0.13667631149292
10100.0,-0.213012501597404,-0.208660989999771,-0.223410993814468,-0.113332465291023,-0.182481199502945,-0.199746891856194,,-0.179465487599373,-0.194520279765129,-0.110777758061886,-0.189301490783691,-0.199574947357178,-0.199637517333031,-0.109199620783329,-0.138590335845947,-0.147793486714363,,,,-0.077957347035408,-0.124738790094852,-0.136637210845947
10110.0,-0.212989047169685,-0.208653166890144,-0.223395347595215,-0.113285541534424,-0.182481199502945,-0.199746891856194,,-0.179426476359367,-0.19449682533741,-0.110762119293213,-0.189246848225594,-0.199551582336426,-0.199629694223404,-0.109215259552002,-0.138598158955574,-0.147793486714363,,,,-0.0779260620474815,-0.124730966985226,-0.136598214507103
10120.0,-0.21297350525856,-0.208637520670891,-0.223387524485588,-0.113230898976326,-0.182473376393318,-0.199739083647728,,-0.179387375712395,-0.194473370909691,-0.11074648052454,-0.189192101359367,-0.199528127908707,-0.199629694223404,-0.109223082661629,-0.138598158955574,-0.147785767912865,,,,-0.0778792425990105,-0.12472315132618,-0.13655911386013
10130.0,-0.212957859039307,-0.208629712462425,-0.223371982574463,-0.113176248967648,-0.182465553283691,-0.199731260538101,,-0.17934837937355,-0.194450005888939,-0.110730841755867,-0.18913745880127,-0.199504658579826,-0.199629694223404,-0.109238721430302,-0.138605982065201,-0.147785767912865,,,,-0.077847957611084,-0.124715328216553,-0.136527821421623
10140.0,-0.212942227721214,-0.208621889352798,-0.223364159464836,-0.113121509552002,-0.182457730174065,-0.199723437428474,,-0.179301455616951,-0.194426536560059,-0.110715292394161,-0.18909053504467,-0.199481204152107,-0.199621871113777,-0.109246544539928,-0.138613805174828,-0.147785767912865,,,,-0.0778088569641113,-0.124707512557507,-0.136504456400871
10150.0,-0.212918758392334,-0.208606243133545,-0.223356351256371,-0.11307468265295,-0.182449921965599,-0.199715614318848,,-0.179262354969978,-0.194410905241966,-0.110707476735115,-0.189035892486572,-0.199457749724388,-0.199621871113777,-0.109262086451054,-0.138613805174828,-0.147777944803238,,,,-0.0777698531746864,-0.12469968944788,-0.136496648192406
10160.0,-0.212903127074242,-0.208598420023918,-0.223340705037117,-0.113027766346931,-0.182442098855972,-0.199707791209221,,-0.179223343729973,-0.194387435913086,-0.110691837966442,-0.188981160521507,-0.199434384703636,-0.19961404800415,-0.10926990956068,-0.138621613383293,-0.147777944803238,,,,-0.0777385756373405,-0.124691866338253,-0.136481001973152
10170.0,-0.21287976205349,-0.208582788705826,-0.223325058817863,-0.11298093944788,-0.182434275746346,-0.199699983000755,,-0.179184243083,-0.194363981485367,-0.110676191747189,-0.188926503062248,-0.199410915374756,-0.199606224894524,-0.109285548329353,-0.138621613383293,-0.147777944803238,,,,-0.0776994749903679,-0.124684050679207,-0.136473178863525
10180.0,-0.212864115834236,-0.208574965596199,-0.223317250609398,-0.11293401569128,-0.182434275746346,-0.199699983000755,,-0.179137423634529,-0.194340616464615,-0.110660552978516,-0.18887959420681,-0.19937963783741,-0.199606224894524,-0.1092933639884,-0.13862943649292,-0.147770121693611,,,,-0.0776604637503624,-0.12467622756958,-0.136457547545433
10190.0,-0.212848469614983,-0.208567246794701,-0.223301604390144,-0.112894915044308,-0.182426452636719,-0.199692159891129,,-0.179098322987556,-0.194324970245361,-0.110644914209843,-0.188824936747551,-0.199363991618156,-0.199606224894524,-0.109309010207653,-0.138637259602547,-0.147770121693611,,,,-0.0776291862130165,-0.124668411910534,-0.136449724435806
10200.0,-0.21283283829689,-0.208551600575447,-0.223293781280518,-0.112848095595837,-0.182418629527092,-0.199684336781502,,-0.179059311747551,-0.194301515817642,-0.110629372298717,-0.188778027892113,-0.199340626597404,-0.199598416686058,-0.109309010207653,-0.138637259602547,-0.147770121693611,,,,-0.0775901824235916,-0.124660588800907,-0.13644190132618
10210.0,-0.212817192077637,-0.20854377746582,-0.223278149962425,-0.112801171839237,-0.182410821318626,-0.199676513671875,,-0.179020211100578,-0.194285869598389,-0.110613726079464,-0.188723370432854,-0.199317172169685,-0.199598416686058,-0.109316825866699,-0.138645082712173,-0.147762298583984,,,,-0.0775588974356651,-0.12465276569128,-0.136434078216553
10220.0,-0.212793737649918,-0.208535954356194,-0.223270416259766,-0.112754344940186,-0.182410821318626,-0.199676513671875,,-0.178981110453606,-0.19426241517067,-0.110605910420418,-0.188676461577415,-0.199293717741966,-0.199590593576431,-0.109316825866699,-0.1386529058218,-0.147762298583984,,,,-0.0775276198983192,-0.12465276569128,-0.13641844689846
10230.0,-0.212778195738792,-0.208520323038101,-0.223254784941673,-0.112707428634167,-0.182402998209,-0.199668690562248,,-0.178942114114761,-0.194239050149918,-0.110582448542118,-0.188621804118156,-0.199270248413086,-0.199590593576431,-0.109324648976326,-0.1386529058218,-0.147762298583984,,,,-0.0774963423609734,-0.124645046889782,-0.136410713195801
10240.0,-0.212762549519539,-0.208512499928474,-0.223246961832047,-0.112668417394161,-0.182402998209,-0.199668690562248,,-0.178903013467789,-0.194223403930664,-0.110574625432491,-0.188574895262718,-0.199246883392334,-0.199590593576431,-0.109332464635372,-0.138660714030266,-0.147754475474358,,,,-0.0774573311209679,-0.124637223780155,-0.136402890086174
10250.0,-0.212746903300285,-0.208504676818848,-0.223231315612793,-0.112621501088142,-0.18239526450634,-0.199653059244156,,-0.178864002227783,-0.194199949502945,-0.110558986663818,-0.188520237803459,-0.199223428964615,-0.199582770466805,-0.109340287744999,-0.138668537139893,-0.147754475474358,,,,-0.077426053583622,-0.124629400670528,-0.136395081877708
10260.0,-0.212731271982193,-0.208496853709221,-0.223223492503166,-0.112574674189091,-0.18239526450634,-0.199653059244156,,-0.178824901580811,-0.194176480174065,-0.110551171004772,-0.188473418354988,-0.199199959635735,-0.199582770466805,-0.109332464635372,-0.138668537139893,-0.147754475474358,,,,-0.0773948654532433,-0.124621585011482,-0.136387258768082
10270.0,-0.212715625762939,-0.208481222391129,-0.223215684294701,-0.112535573542118,-0.182387456297874,-0.199653059244156,,-0.178785800933838,-0.194160848855972,-0.110535524785519,-0.188426494598389,-0.199176505208015,-0.199582770466805,-0.109348110854626,-0.138676270842552,-0.147754475474358,,,,-0.0773635879158974,-0.124613761901855,-0.136379435658455
10280.0,-0.21269217133522,-0.208473399281502,-0.223207861185074,-0.112488746643066,-0.182387456297874,-0.199645325541496,,-0.178746804594994,-0.19413748383522,-0.110519982874393,-0.188371852040291,-0.199153140187263,-0.199574947357178,-0.109355926513672,-0.138676270842552,-0.147746667265892,,,,-0.0773244872689247,-0.124605946242809,-0.136371612548828
10290.0,-0.212676629424095,-0.208465680480003,-0.22319221496582,-0.112441830337048,-0.182379633188248,-0.199637517333031,,-0.178707703948021,-0.194121837615967,-0.110512159764767,-0.188317105174065,-0.199129685759544,-0.199574947357178,-0.109363652765751,-0.138684079051018,-0.147746667265892,,,,-0.077293299138546,-0.124605946242809,-0.136371612548828
10300.0,-0.212668806314468,-0.208457857370377,-0.223184391856194,-0.112395003437996,-0.182379633188248,-0.199629694223404,,-0.178668692708015,-0.194106206297874,-0.110496520996094,-0.188270285725594,-0.199114039540291,-0.199574947357178,-0.109379291534424,-0.138691902160645,-0.147746667265892,,,,-0.0772620216012001,-0.124598123133183,-0.136363789439201
10310.0,-0.212653160095215,-0.208442211151123,-0.223176673054695,-0.112355902791023,-0.182371810078621,-0.199629694223404,,-0.17863741517067,-0.194082736968994,-0.110488705337048,-0.188223361968994,-0.199090585112572,-0.199574947357178,-0.109387114644051,-0.138691902160645,-0.147746667265892,,,,-0.0772307440638542,-0.124590300023556,-0.136363789439201
10320.0,-0.212637528777122,-0.208434388041496,-0.223168849945068,-0.112308979034424,-0.182371810078621,-0.199621871113777,,-0.178598314523697,-0.194067105650902,-0.110480882227421,-0.188176542520523,-0.199067115783691,-0.199567124247551,-0.109394930303097,-0.138699725270271,-0.147738844156265,,,,-0.0771995559334755,-0.12458248436451,-0.136355981230736
10330.0,-0.212621882557869,-0.208426579833031,-0.223161026835442,-0.112262152135372,-0.182371810078621,-0.199621871113777,,-0.178559303283691,-0.19404374063015,-0.110473059117794,-0.188129618763924,-0.199043750762939,-0.199567124247551,-0.109402753412724,-0.138699725270271,-0.147738844156265,,,,-0.0771682783961296,-0.124574661254883,-0.136355981230736
10340.0,-0.212606236338615,-0.208418756723404,-0.223145395517349,-0.112215235829353,-0.182363986968994,-0.19961404800415,,-0.178528025746346,-0.194028094410896,-0.110465243458748,-0.188082695007324,-0.199028119444847,-0.199567124247551,-0.109418392181396,-0.138707548379898,-0.147738844156265,,,,-0.0771448165178299,-0.124574661254883,-0.136355981230736
10350.0,-0.21259069442749,-0.208410933613777,-0.223137572407722,-0.112168408930302,-0.182363986968994,-0.199606224894524,,-0.178488925099373,-0.194012448191643,-0.110449604690075,-0.188035875558853,-0.199004650115967,-0.199567124247551,-0.109426215291023,-0.138707548379898,-0.147738844156265,,,,-0.0771057158708572,-0.124566845595837,-0.136348158121109
10360.0,-0.212575063109398,-0.208395287394524,-0.223129749298096,-0.112121485173702,-0.182356163859367,-0.199598416686058,,-0.178449913859367,-0.193988993763924,-0.110441781580448,-0.187981233000755,-0.198981195688248,-0.199559316039085,-0.109434030950069,-0.138715371489525,-0.147731021046638,,,,-0.0770823508501053,-0.12455902248621,-0.136348158121109
10370.0,-0.212559416890144,-0.208387479186058,-0.223121926188469,-0.112074665725231,-0.182356163859367,-0.199598416686058,,-0.178410813212395,-0.19397334754467,-0.110434055328369,-0.187942132353783,-0.198957830667496,-0.199559316039085,-0.109449677169323,-0.138715371489525,-0.147731021046638,,,,-0.0770510658621788,-0.124551296234131,-0.136340335011482
10380.0,-0.212543770670891,-0.208371922373772,-0.223106294870377,-0.112027741968632,-0.182348355650902,-0.199582770466805,,-0.17837181687355,-0.193949982523918,-0.110426239669323,-0.187887385487556,-0.198934361338615,-0.199559316039085,-0.109457395970821,-0.13872317969799,-0.147731021046638,,,,-0.0770197883248329,-0.124543480575085,-0.136340335011482
10390.0,-0.212528139352798,-0.208364114165306,-0.22309847176075,-0.111988738179207,-0.182348355650902,-0.199574947357178,,-0.178340539336205,-0.193934351205826,-0.110410593450069,-0.187848374247551,-0.198910906910896,-0.199559316039085,-0.109473042190075,-0.13872317969799,-0.147731021046638,,,,-0.076996423304081,-0.124535657465458,-0.136340335011482
10400.0,-0.212512493133545,-0.208356291055679,-0.223090648651123,-0.111949637532234,-0.182348355650902,-0.199567124247551,,-0.178301438689232,-0.193918704986572,-0.110402777791023,-0.187801465392113,-0.198887452483177,-0.199559316039085,-0.109488680958748,-0.138731002807617,-0.147731021046638,,,,-0.0769651457667351,-0.124535657465458,-0.136340335011482
10410.0,-0.212496861815453,-0.208348467946053,-0.223075106739998,-0.111910536885262,-0.182348355650902,-0.199559316039085,,-0.178270250558853,-0.19390307366848,-0.110394954681396,-0.18775463104248,-0.198864087462425,-0.199551582336426,-0.109496496617794,-0.138731002807617,-0.147723197937012,,,,-0.0769416838884354,-0.124527834355831,-0.136332511901855
10420.0,-0.212481305003166,-0.208340644836426,-0.223067283630371,-0.111871533095837,-0.182340532541275,-0.199543759226799,,-0.17823114991188,-0.193887427449226,-0.11038713902235,-0.187707707285881,-0.198848441243172,-0.199551582336426,-0.109512142837048,-0.138738825917244,-0.147723197937012,,,,-0.0769182220101357,-0.124520018696785,-0.136332511901855
10430.0,-0.212465673685074,-0.208325013518333,-0.223036006093025,-0.111824609339237,-0.182340532541275,-0.199535951018333,,-0.178199872374535,-0.193864062428474,-0.110379315912724,-0.18766088783741,-0.198824986815453,-0.199543759226799,-0.109519958496094,-0.138746649026871,-0.147723197937012,,,,-0.0768948569893837,-0.124520018696785,-0.136332511901855
10440.0,-0.21245002746582,-0.208317190408707,-0.223012551665306,-0.111785605549812,-0.182340532541275,-0.199528127908707,,-0.178160861134529,-0.193848416209221,-0.110363677144051,-0.187613964080811,-0.198801517486572,-0.199543759226799,-0.109527781605721,-0.138746649026871,-0.147715374827385,,,,-0.0768635794520378,-0.124512195587158,-0.136324688792229
10450.0,-0.212434396147728,-0.20830936729908,-0.223004728555679,-0.111738681793213,-0.182332709431648,-0.19952030479908,,-0.178129583597183,-0.193832784891129,-0.110355854034424,-0.187567144632339,-0.198778063058853,-0.199543759226799,-0.109535597264767,-0.138754472136497,-0.147715374827385,,,,-0.0768401175737381,-0.124504379928112,-0.136332511901855
10460.0,-0.212426573038101,-0.208301544189453,-0.222996905446053,-0.111699678003788,-0.182332709431648,-0.199512481689453,,-0.178098306059837,-0.193817138671875,-0.110348038375378,-0.18752022087574,-0.198754698038101,-0.199543759226799,-0.109543420374393,-0.138754472136497,-0.147715374827385,,,,-0.0768166556954384,-0.124504379928112,-0.136324688792229
10470.0,-0.212410926818848,-0.208285912871361,-0.222989082336426,-0.111660577356815,-0.182324886322021,-0.199512481689453,,-0.178059294819832,-0.193793684244156,-0.110340215265751,-0.187473401427269,-0.198731228709221,-0.199535951018333,-0.10955124348402,-0.138762280344963,-0.147715374827385,,,,-0.0767932906746864,-0.124496556818485,-0.136324688792229
10480.0,-0.212395295500755,-0.208285912871361,-0.222981363534927,-0.111621476709843,-0.182324886322021,-0.199504658579826,,-0.178028017282486,-0.193778038024902,-0.110332489013672,-0.187434300780296,-0.198715597391129,-0.199535951018333,-0.109558962285519,-0.138762280344963,-0.147715374827385,,,,-0.0767620131373405,-0.124488733708858,-0.13631696999073
10490.0,-0.212379738688469,-0.208270356059074,-0.222973540425301,-0.111574649810791,-0.182324886322021,-0.199496850371361,,-0.17799673974514,-0.193762496113777,-0.110324673354626,-0.187387466430664,-0.198692128062248,-0.199535951018333,-0.109566785395145,-0.138770014047623,-0.147715374827385,,,,-0.0767385512590408,-0.124488733708858,-0.13631696999073
10500.0,-0.212371930480003,-0.208262547850609,-0.222965717315674,-0.111535549163818,-0.182324886322021,-0.199496850371361,,-0.177957728505135,-0.193746849894524,-0.110316850244999,-0.187348365783691,-0.198668763041496,-0.199535951018333,-0.109574608504772,-0.138770014047623,-0.147707566618919,,,,-0.0767150893807411,-0.124480918049812,-0.13631696999073
10510.0,-0.21235628426075,-0.208254724740982,-0.222957894206047,-0.111496545374393,-0.182317063212395,-0.199489027261734,,-0.177926450967789,-0.193731218576431,-0.110316850244999,-0.187301442027092,-0.198645308613777,-0.199528127908707,-0.109582424163818,-0.138777837157249,-0.147707566618919,,,,-0.0766917243599892,-0.124480918049812,-0.136309146881104
10520.0,-0.212340638041496,-0.208246901631355,-0.222950085997581,-0.111465267837048,-0.182317063212395,-0.199489027261734,,-0.177895173430443,-0.193715572357178,-0.110309027135372,-0.187254622578621,-0.198621854186058,-0.199528127908707,-0.109590247273445,-0.138777837157249,-0.147707566618919,,,,-0.0766604468226433,-0.124473094940186,-0.136309146881104
10530.0,-0.212325006723404,-0.208239078521729,-0.222942262887955,-0.111426167190075,-0.182317063212395,-0.199481204152107,,-0.177863985300064,-0.193699941039085,-0.110301211476326,-0.187207698822021,-0.198598384857178,-0.199528127908707,-0.109598062932491,-0.138785645365715,-0.147707566618919,,,,-0.0766369849443436,-0.124473094940186,-0.136309146881104
10540.0,-0.212317183613777,-0.208231255412102,-0.222934439778328,-0.111387155950069,-0.182309255003929,-0.19947338104248,,-0.177832707762718,-0.193684294819832,-0.110293388366699,-0.187168702483177,-0.198574930429459,-0.19952030479908,-0.109605886042118,-0.138785645365715,-0.147707566618919,,,,-0.0766135230660439,-0.124465279281139,-0.136301323771477
10550.0,-0.212301537394524,-0.208215624094009,-0.222926616668701,-0.111348055303097,-0.182309255003929,-0.199465557932854,,-0.177793607115746,-0.193668752908707,-0.110285572707653,-0.187121778726578,-0.198551565408707,-0.19952030479908,-0.109613709151745,-0.138793468475342,-0.147699743509293,,,,-0.0765901580452919,-0.124457456171513,-0.136301323771477
10560.0,-0.212285995483398,-0.208207800984383,-0.222918793559074,-0.111309051513672,-0.182309255003929,-0.199465557932854,,-0.177770242094994,-0.193653106689453,-0.110277749598026,-0.187082767486572,-0.198535919189453,-0.19952030479908,-0.109629347920418,-0.138801291584969,-0.147707566618919,,,,-0.0765666961669922,-0.124457456171513,-0.136301323771477
10570.0,-0.212278172373772,-0.208199977874756,-0.222910985350609,-0.111269950866699,-0.182309255003929,-0.199457749724388,,-0.177731141448021,-0.193637475371361,-0.110277749598026,-0.1870436668396,-0.198520287871361,-0.19952030479908,-0.109637163579464,-0.138801291584969,-0.147707566618919,,,,-0.0765432342886925,-0.124457456171513,-0.136301323771477
10580.0,-0.212262541055679,-0.208192154765129,-0.222903162240982,-0.111230850219727,-0.182309255003929,-0.199457749724388,,-0.177699849009514,-0.193621829152107,-0.1102699264884,-0.186996847391129,-0.19849681854248,-0.19952030479908,-0.109644986689091,-0.138801291584969,-0.147699743509293,,,,-0.0765197798609734,-0.124449729919434,-0.136301323771477
10590.0,-0.212254717946053,-0.208184346556664,-0.222895339131355,-0.111191846430302,-0.182301431894302,-0.199450016021729,,-0.177676483988762,-0.193606182932854,-0.110262110829353,-0.186949923634529,-0.198473453521729,-0.19952030479908,-0.10965271294117,-0.138809114694595,-0.147699743509293,,,,-0.0764964148402214,-0.124441914260387,-0.136293515563011
10600.0,-0.212239071726799,-0.208176612854004,-0.222887516021729,-0.111152745783329,-0.182301431894302,-0.199442192912102,,-0.177637383341789,-0.193590551614761,-0.110254287719727,-0.186910822987556,-0.198449999094009,-0.199512481689453,-0.10965271294117,-0.138816937804222,-0.147699743509293,,,,-0.0764729529619217,-0.124441914260387,-0.136293515563011
10610.0,-0.212231263518333,-0.208168789744377,-0.22287979722023,-0.111105918884277,-0.182301431894302,-0.199442192912102,,-0.17761392891407,-0.193574905395508,-0.11024647206068,-0.186864003539085,-0.198426529765129,-0.199512481689453,-0.109660528600216,-0.138816937804222,-0.147699743509293,,,,-0.0764573141932487,-0.124441914260387,-0.136293515563011
10620.0,-0.21221561729908,-0.208160981535912,-0.222871974110603,-0.111051179468632,-0.182293698191643,-0.199434384703636,,-0.177582740783691,-0.193559363484383,-0.110238745808601,-0.186824902892113,-0.198410898447037,-0.199512481689453,-0.109668351709843,-0.138816937804222,-0.147691920399666,,,,-0.076433852314949,-0.124434091150761,-0.136293515563011
10630.0,-0.212207794189453,-0.208153158426285,-0.222871974110603,-0.110996536910534,-0.182293698191643,-0.199434384703636,,-0.177551463246346,-0.193543717265129,-0.110230922698975,-0.18677806854248,-0.198387429118156,-0.199512481689453,-0.109668351709843,-0.138824746012688,-0.147691920399666,,,,-0.0764104872941971,-0.124434091150761,-0.136293515563011
10640.0,-0.212199971079826,-0.208145335316658,-0.222864151000977,-0.110949613153934,-0.182293698191643,-0.199426561594009,,-0.177520185709,-0.193528085947037,-0.110223107039928,-0.186738967895508,-0.198364064097404,-0.199504658579826,-0.109676174819469,-0.138824746012688,-0.147691920399666,,,,-0.0763870254158974,-0.124434091150761,-0.136285692453384
10650.0,-0.212184429168701,-0.208137512207031,-0.22285632789135,-0.110894970595837,-0.182293698191643,-0.199426561594009,,-0.177488997578621,-0.193512439727783,-0.110215283930302,-0.186699971556664,-0.198348432779312,-0.199504658579826,-0.109676174819469,-0.138832569122314,-0.147691920399666,,,,-0.0763635635375977,-0.124426268041134,-0.136285692453384
10660.0,-0.212176606059074,-0.208129689097404,-0.22285632789135,-0.11086368560791,-0.182285889983177,-0.199418738484383,,-0.177457720041275,-0.193496808409691,-0.110215283930302,-0.186660870909691,-0.198324963450432,-0.199504658579826,-0.109683990478516,-0.138832569122314,-0.147691920399666,,,,-0.0763401016592979,-0.124426268041134,-0.136277869343758
10670.0,-0.212160974740982,-0.208121880888939,-0.222848519682884,-0.110816858708858,-0.182285889983177,-0.199410915374756,,-0.177434250712395,-0.193481162190437,-0.110207460820675,-0.186613947153091,-0.198301509022713,-0.199504658579826,-0.109691813588142,-0.138840392231941,-0.147691920399666,,,,-0.076316736638546,-0.124418452382088,-0.136277869343758
10680.0,-0.212153151631355,-0.208114057779312,-0.222840696573257,-0.110777758061886,-0.182285889983177,-0.199410915374756,,-0.177402973175049,-0.193473443388939,-0.110207460820675,-0.186574935913086,-0.198285862803459,-0.199496850371361,-0.109691813588142,-0.138840392231941,-0.147691920399666,,,,-0.0762932822108269,-0.124418452382088,-0.136277869343758
10690.0,-0.212145328521729,-0.208106234669685,-0.222832873463631,-0.11074648052454,-0.182285889983177,-0.199410915374756,,-0.17737178504467,-0.193457797169685,-0.110199645161629,-0.186535835266113,-0.198262497782707,-0.199496850371361,-0.109699629247189,-0.138848215341568,-0.147691920399666,,,,-0.0762698203325272,-0.124418452382088,-0.136270046234131
10700.0,-0.212129697203636,-0.208098411560059,-0.222825050354004,-0.110699653625488,-0.18227806687355,-0.199403092265129,,-0.177340507507324,-0.193442150950432,-0.110191822052002,-0.186496838927269,-0.198239043354988,-0.199496850371361,-0.109699629247189,-0.138856038451195,-0.147691920399666,,,,-0.0762541815638542,-0.124410629272461,-0.136270046234131
10710.0,-0.212121874094009,-0.208090588450432,-0.222825050354004,-0.110660552978516,-0.18227806687355,-0.199395284056664,,-0.177317053079605,-0.193426519632339,-0.110184006392956,-0.18644991517067,-0.198223397135735,-0.199496850371361,-0.109707452356815,-0.138856038451195,-0.147691920399666,,,,-0.0762307196855545,-0.124410629272461,-0.136262223124504
10720.0,-0.212106227874756,-0.208082780241966,-0.222817227244377,-0.110621549189091,-0.18227806687355,-0.199395284056664,,-0.177285864949226,-0.193410873413086,-0.110184006392956,-0.186410903930664,-0.198199942708015,-0.199496850371361,-0.109707452356815,-0.13886384665966,-0.147691920399666,,,,-0.0762073546648026,-0.124410629272461,-0.136262223124504
10730.0,-0.212098509073257,-0.208075046539307,-0.222809419035912,-0.110582448542118,-0.18227806687355,-0.199387460947037,,-0.17725458741188,-0.193403050303459,-0.110176183283329,-0.186371803283691,-0.198184296488762,-0.199496850371361,-0.109707452356815,-0.13886384665966,-0.147691920399666,,,,-0.0761838927865028,-0.124402813613415,-0.136262223124504
10740.0,-0.212090685963631,-0.20806722342968,-0.222801595926285,-0.110543347895145,-0.182270243763924,-0.19937963783741,,-0.177231118083,-0.193387418985367,-0.110176183283329,-0.186332702636719,-0.19816093146801,-0.199496850371361,-0.109715275466442,-0.13887158036232,-0.147691920399666,,,,-0.0761604309082031,-0.124402813613415,-0.136254414916039
10750.0,-0.212082862854004,-0.208059415221214,-0.222793772816658,-0.110504344105721,-0.182270243763924,-0.19937963783741,,-0.177199840545654,-0.193371877074242,-0.110168360173702,-0.186293706297874,-0.198137477040291,-0.199489027261734,-0.109715275466442,-0.13887158036232,-0.147684201598167,,,,-0.0761447921395302,-0.124402813613415,-0.136254414916039
10760.0,-0.212075039744377,-0.208051592111588,-0.222793772816658,-0.110457420349121,-0.182270243763924,-0.199371814727783,,-0.177176475524902,-0.193356230854988,-0.110168360173702,-0.186254605650902,-0.198114022612572,-0.199489027261734,-0.109715275466442,-0.138879403471947,-0.147691920399666,,,,-0.0761214271187782,-0.124402813613415,-0.136246591806412
10770.0,-0.212059408426285,-0.208051592111588,-0.22278605401516,-0.110418416559696,-0.182270243763924,-0.199363991618156,,-0.177145197987556,-0.193348407745361,-0.110160544514656,-0.186215594410896,-0.198098376393318,-0.199489027261734,-0.109715275466442,-0.13887158036232,-0.147684201598167,,,,-0.0760979652404785,-0.124402813613415,-0.136230945587158
10780.0,-0.212051585316658,-0.208035945892334,-0.222778230905533,-0.110371492803097,-0.182262420654297,-0.199356183409691,,-0.177113920450211,-0.193332776427269,-0.110160544514656,-0.186168670654297,-0.198075011372566,-0.199489027261734,-0.109715275466442,-0.138856038451195,-0.147684201598167,,,,-0.0760745033621788,-0.124394990503788,-0.136215403676033
10790.0,-0.212043762207031,-0.208028122782707,-0.222778230905533,-0.110332489013672,-0.182262420654297,-0.199348449707031,,-0.177090555429459,-0.193317130208015,-0.110152721405029,-0.186129570007324,-0.198059365153313,-0.199489027261734,-0.109715275466442,-0.13887158036232,-0.147684201598167,,,,-0.0760588645935059,-0.124394990503788,-0.136199757456779
10800.0,-0.212035939097404,-0.208028122782707,-0.222770407795906,-0.110293388366699,-0.182262420654297,-0.199340626597404,,-0.177059277892113,-0.193301483988762,-0.110144905745983,-0.18609057366848,-0.198035910725594,-0.199489027261734,-0.109715275466442,-0.13887158036232,-0.147684201598167,,,,-0.0760354027152061,-0.124394990503788,-0.136199757456779
10810.0,-0.212028130888939,-0.208020314574242,-0.222762584686279,-0.110254287719727,-0.182262420654297,-0.199332818388939,,-0.177035808563232,-0.193293675780296,-0.110144905745983,-0.186059281229973,-0.19802026450634,-0.199481204152107,-0.109707452356815,-0.138879403471947,-0.147684201598167,,,,-0.076019860804081,-0.124394990503788,-0.136191949248314
10820.0,-0.212020307779312,-0.208012491464615,-0.222762584686279,-0.110215283930302,-0.182262420654297,-0.199324995279312,,-0.177012354135513,-0.193278029561043,-0.110144905745983,-0.186020284891129,-0.197996810078621,-0.199489027261734,-0.109707452356815,-0.138879403471947,-0.147684201598167,,,,-0.0759963989257813,-0.124394990503788,-0.136184126138687
10830.0,-0.248223587870598,,,,-0.211145311594009,,-0.153168588876724,-0.209231287240982,-0.228442296385765,-0.149793535470963,-0.219770342111588,-0.221582889556885,-0.233356341719627,-0.122715286910534,-0.152426347136497,-0.165770158171654,,,,-0.121488764882088,-0.170293614268303,-0.17482490837574
10840.0,-0.248043924570084,,,,-0.211153134703636,,-0.153082564473152,-0.209270283579826,-0.228176638484001,-0.149215415120125,-0.219614133238792,-0.221348479390144,-0.233192309737206,-0.122574709355831,-0.152176380157471,-0.165535733103752,,,,-0.121309094130993,-0.170504570007324,-0.174707695841789
10850.0,-0.247879847884178,,,,-0.210973456501961,,-0.152973279356956,-0.209176540374756,-0.227903231978416,-0.148840427398682,-0.219317242503166,-0.221121892333031,-0.233043864369392,-0.122441865503788,-0.151957616209984,-0.165324881672859,,,,-0.121137142181396,-0.170668601989746,-0.174645230174065
10860.0,-0.247739225625992,,,,-0.210817247629166,,-0.152848243713379,-0.209121897816658,-0.227645397186279,-0.148480996489525,-0.219043835997581,-0.220911026000977,-0.232911020517349,-0.122332476079464,-0.151762291789055,-0.165121749043465,,,,-0.120980933308601,-0.17082491517067,-0.174613952636719
10870.0,-0.247622013092041,,,,-0.210637480020523,,-0.152770146727562,-0.209074974060059,-0.22739540040493,-0.148145109415054,-0.218770310282707,-0.220707893371582,-0.232786044478416,-0.122238732874393,-0.151574805378914,-0.164934262633324,,,,-0.120848082005978,-0.170965477824211,-0.174590498209
10880.0,-0.247504860162735,,,,-0.210465624928474,,-0.15267638862133,-0.209012508392334,-0.227161034941673,-0.147824764251709,-0.218520358204842,-0.220512583851814,-0.232684478163719,-0.122168444097042,-0.151410773396492,-0.164762303233147,,,,-0.120730876922607,-0.171098336577415,-0.174559220671654
10890.0,-0.247387647628784,,,,-0.210301592946053,,-0.152574822306633,-0.208950042724609,-0.226942256093025,-0.147520065307617,-0.218270406126976,-0.220325097441673,-0.232582911849022,-0.12210588902235,-0.151262283325195,-0.164606094360352,,,,-0.120621584355831,-0.171207711100578,-0.174520209431648
10900.0,-0.247270494699478,,,,-0.210160925984383,,-0.152481079101563,-0.208895310759544,-0.226739123463631,-0.147231012582779,-0.218035981059074,-0.220153138041496,-0.232496976852417,-0.122059062123299,-0.151121616363525,-0.164449885487556,,,,-0.120520018041134,-0.171309277415276,-0.174481108784676
10910.0,-0.247168928384781,,,,-0.21002034842968,,-0.152395159006119,-0.20883284509182,-0.22653603553772,-0.146941944956779,-0.217809394001961,-0.219981297850609,-0.2324188798666,-0.122027777135372,-0.150988861918449,-0.16430139541626,,,,-0.120418451726437,-0.17139521241188,-0.174449920654297
10920.0,-0.247059538960457,,,,-0.20990315079689,,-0.152316957712173,-0.208778098225594,-0.226348504424095,-0.146668538451195,-0.217598438262939,-0.219825074076653,-0.232340723276138,-0.121996596455574,-0.15087166428566,-0.164168551564217,,,,-0.120316885411739,-0.171473309397697,-0.174410820007324
10930.0,-0.246965795755386,,,,-0.209785938262939,,-0.152246668934822,-0.208715632557869,-0.226161003112793,-0.146402940154076,-0.217387586832047,-0.21966877579689,-0.232270434498787,-0.121973134577274,-0.150754451751709,-0.164043620228767,,,,-0.120215319097042,-0.171535775065422,-0.174371719360352
10940.0,-0.246864229440689,,,,-0.209676548838615,,-0.152176380157471,-0.208653166890144,-0.225989148020744,-0.146145060658455,-0.217192277312279,-0.219528198242188,-0.232207924127579,-0.121957495808601,-0.150652885437012,-0.163934230804443,,,,-0.120121575891972,-0.171598345041275,-0.174332723021507
10950.0,-0.246770486235619,,,,-0.209582805633545,,-0.152113825082779,-0.208598420023918,-0.225817248225212,-0.145895108580589,-0.21699695289135,-0.219395354390144,-0.232145413756371,-0.121941857039928,-0.150566965341568,-0.163824841380119,,,,-0.120027832686901,-0.171645164489746,-0.174301430583
10960.0,-0.246676728129387,,,,-0.209489062428474,,-0.152051359415054,-0.208535954356194,-0.22565321624279,-0.145652875304222,-0.216809377074242,-0.219270333647728,-0.232090711593628,-0.121926210820675,-0.150481030344963,-0.163738921284676,,,,-0.119941905140877,-0.171692088246346,-0.174254611134529
10970.0,-0.24659076333046,,,,-0.209403142333031,,-0.151996716856956,-0.208473399281502,-0.225496962666512,-0.145418554544449,-0.216621875762939,-0.219145402312279,-0.232043847441673,-0.121910572052002,-0.150410756468773,-0.163660809397697,,,,-0.119855880737305,-0.171731099486351,-0.174223333597183
10980.0,-0.246497020125389,,,,-0.209325030446053,,-0.15194196999073,-0.208410933613777,-0.225348517298698,-0.145191952586174,-0.216442212462425,-0.219028189778328,-0.231989145278931,-0.121910572052002,-0.15034818649292,-0.163598254323006,,,,-0.11976995319128,-0.171770200133324,-0.174199864268303
10990.0,-0.246411085128784,,,,-0.209254741668701,,-0.151887327432632,-0.208348467946053,-0.225207909941673,-0.144973188638687,-0.216270357370377,-0.218910977244377,-0.231942281126976,-0.121910572052002,-0.150293543934822,-0.163551434874535,,,,-0.11967620998621,-0.17180147767067,-0.174176409840584
11000.0,-0.24632516503334,,,,-0.209192186594009,,-0.151832580566406,-0.208285912871361,-0.225067242980003,-0.144754409790039,-0.216098502278328,-0.218785956501961,-0.231903225183487,-0.121918395161629,-0.150238901376724,-0.163512334227562,,,,-0.119590282440186,-0.171832665801048,-0.17416076362133
11010.0,-0.246239230036736,,,,-0.209129720926285,,-0.151777938008308,-0.208215624094009,-0.224926620721817,-0.144551381468773,-0.215934380888939,-0.218676567077637,-0.231856346130371,-0.121918395161629,-0.150199800729752,-0.163481041789055,,,,-0.119504354894161,-0.171856120228767,-0.174145221710205
11020.0,-0.246153265237808,,,,-0.209067150950432,,-0.151731014251709,-0.208153158426285,-0.224801644682884,-0.144340425729752,-0.215770348906517,-0.218551635742188,-0.231817290186882,-0.121926210820675,-0.150160700082779,-0.16346549987793,,,,-0.119418434798717,-0.171871766448021,-0.174137398600578
11030.0,-0.24607515335083,,,,-0.209012508392334,,-0.151684194803238,-0.208090588450432,-0.224676609039307,-0.144145116209984,-0.215606316924095,-0.218442246317863,-0.231778249144554,-0.121941857039928,-0.1501295119524,-0.163457676768303,,,,-0.119340322911739,-0.17189522087574,-0.174137398600578
11040.0,-0.245997056365013,,,,-0.208965584635735,,-0.151629447937012,-0.208028122782707,-0.224551633000374,-0.143957614898682,-0.215450003743172,-0.218340680003166,-0.231739148497581,-0.121957495808601,-0.150106057524681,-0.163449868559837,,,,-0.119254402816296,-0.171903043985367,-0.174137398600578
11050.0,-0.245911076664925,,,,-0.208918765187263,,-0.151582628488541,-0.207965657114983,-0.224434420466423,-0.143777847290039,-0.215293794870377,-0.218254759907722,-0.231707915663719,-0.121980957686901,-0.150090411305428,-0.163457676768303,,,,-0.11917620152235,-0.171918585896492,-0.174145221710205
11060.0,-0.245840787887573,,,,-0.208879664540291,,-0.151535704731941,-0.207903102040291,-0.224325090646744,-0.143598183989525,-0.215137585997581,-0.218161016702652,-0.23166885972023,-0.122012138366699,-0.150074765086174,-0.16346549987793,,,,-0.119090273976326,-0.171926409006119,-0.174145221710205
11070.0,-0.245762631297112,,,,-0.208840653300285,,-0.15148888528347,-0.207840636372566,-0.22421570122242,-0.143426328897476,-0.214989095926285,-0.218075081706047,-0.231637582182884,-0.122043423354626,-0.150074765086174,-0.163488864898682,,,,-0.119012169539928,-0.171934232115746,-0.174145221710205
11080.0,-0.245692357420921,,,,-0.208801552653313,,-0.151441961526871,-0.207778170704842,-0.224114134907722,-0.143262296915054,-0.214840695261955,-0.217996880412102,-0.231606349349022,-0.122074700891972,-0.150074765086174,-0.163504511117935,,,,-0.118926241993904,-0.171942040324211,-0.174153044819832
11090.0,-0.24561420083046,,,,-0.208762556314468,,-0.151395127177238,-0.20771561563015,-0.224012568593025,-0.143098160624504,-0.214684396982193,-0.217918783426285,-0.231567293405533,-0.122113704681396,-0.150082588195801,-0.163527965545654,,,,-0.11884031444788,-0.171942040324211,-0.174153044819832
11100.0,-0.245543912053108,,,,-0.208731278777122,,-0.151356026530266,-0.207653149962425,-0.223918825387955,-0.142941951751709,-0.21454381942749,-0.217848494648933,-0.231543824076653,-0.122160628437996,-0.150106057524681,-0.163559243083,,,,-0.118762210011482,-0.171949863433838,-0.17416076362133
11110.0,-0.245473578572273,,,,-0.208699986338615,,-0.151309207081795,-0.207598403096199,-0.223825082182884,-0.142785742878914,-0.214395329356194,-0.217770382761955,-0.23151259124279,-0.122191905975342,-0.150137335062027,-0.163582608103752,,,,-0.118684008717537,-0.171949863433838,-0.17416076362133
11120.0,-0.245411068201065,,,,-0.208668813109398,,-0.151270106434822,-0.207535937428474,-0.223739147186279,-0.142637252807617,-0.214254766702652,-0.217700004577637,-0.231481358408928,-0.122238732874393,-0.150176331400871,-0.163613900542259,,,,-0.118605904281139,-0.171949863433838,-0.174168586730957
11130.0,-0.245340779423714,,,,-0.208637520670891,,-0.151223182678223,-0.207481294870377,-0.223645403981209,-0.142496585845947,-0.214106276631355,-0.217629715800285,-0.231457903981209,-0.122270010411739,-0.150223255157471,-0.163645178079605,,,,-0.118527792394161,-0.171949863433838,-0.174168586730957
11140.0,-0.245278269052505,,,,-0.208606243133545,,-0.151184186339378,-0.207418724894524,-0.223567292094231,-0.142356023192406,-0.213965609669685,-0.217559441924095,-0.231434494256973,-0.122309021651745,-0.150285720825195,-0.163676366209984,,,,-0.118449687957764,-0.171942040324211,-0.174176409840584
11150.0,-0.245215758681297,,,,-0.208582788705826,,-0.151145085692406,-0.207364082336426,-0.22348128259182,-0.142215356230736,-0.213825032114983,-0.217489153146744,-0.231403216719627,-0.122340299189091,-0.150363832712173,-0.16370764374733,,,,-0.118371583521366,-0.171942040324211,-0.174176409840584
11160.0,-0.245153293013573,,,,-0.208559423685074,,-0.1511060744524,-0.207309350371361,-0.223410993814468,-0.14208260178566,-0.213684365153313,-0.217418774962425,-0.231379792094231,-0.122379399836063,-0.15044192969799,-0.163746744394302,,,,-0.118293382227421,-0.171934232115746,-0.174168586730957
11170.0,-0.245090767741203,,,,-0.208535954356194,,-0.151066973805428,-0.207254692912102,-0.22333288192749,-0.141949757933617,-0.213551625609398,-0.217348486185074,-0.231356337666512,-0.122410587966442,-0.150535687804222,-0.163777932524681,,,,-0.118215277791023,-0.171926409006119,-0.174168586730957
11180.0,-0.245028257369995,,,,-0.208504676818848,,-0.151027873158455,-0.207207784056664,-0.223254784941673,-0.141824722290039,-0.213410958647728,-0.217278197407722,-0.231332927942276,-0.122426226735115,-0.150637254118919,-0.163809210062027,,,,-0.118144989013672,-0.171918585896492,-0.174168586730957
11190.0,-0.244973570108414,,,,-0.208481222391129,,-0.150988861918449,-0.207153126597404,-0.223184391856194,-0.14169979095459,-0.213270381093025,-0.217207819223404,-0.23130165040493,-0.122457504272461,-0.150738820433617,-0.163832664489746,,,,-0.118066884577274,-0.171910762786865,-0.174168586730957
11200.0,-0.244911104440689,,,,-0.208457857370377,,-0.150949761271477,-0.207098484039307,-0.223114117980003,-0.141574770212173,-0.213137537240982,-0.217137530446053,-0.231278225779533,-0.122488789260387,-0.150840386748314,-0.163863942027092,,,,-0.117996506392956,-0.171903043985367,-0.174168586730957
11210.0,-0.244856402277946,,,,-0.208434388041496,,-0.150910764932632,-0.207051560282707,-0.223043829202652,-0.141457557678223,-0.213004693388939,-0.217075064778328,-0.231254771351814,-0.122527793049812,-0.150957584381104,-0.163887307047844,,,,-0.117918394505978,-0.17189522087574,-0.17416076362133
11220.0,-0.244801715016365,,,,-0.208410933613777,,-0.150879487395287,-0.207004651427269,-0.222973540425301,-0.141340360045433,-0.212871938943863,-0.217004686594009,-0.231223538517952,-0.122566893696785,-0.151066973805428,-0.163918599486351,,,,-0.117848113179207,-0.171887397766113,-0.17416076362133
11230.0,-0.244747027754784,,,,-0.208387479186058,,-0.150832563638687,-0.206957817077637,-0.222903162240982,-0.141223147511482,-0.21273909509182,-0.216942220926285,-0.231200084090233,-0.12260589748621,-0.151168540120125,-0.16394205391407,,,,-0.117777824401855,-0.171871766448021,-0.174153044819832
11240.0,-0.244692325592041,,,,-0.208371922373772,,-0.150801375508308,-0.206910893321037,-0.222840696573257,-0.141113862395287,-0.212614059448242,-0.216871932148933,-0.231168851256371,-0.122644998133183,-0.151270106434822,-0.163965418934822,,,,-0.117707446217537,-0.171863943338394,-0.174153044819832
11250.0,-0.24463763833046,,,,-0.208348467946053,,-0.150762274861336,-0.206848427653313,-0.222770407795906,-0.141004472970963,-0.212481305003166,-0.216809377074242,-0.23114538192749,-0.122684098780155,-0.151356026530266,-0.163988873362541,,,,-0.117637157440186,-0.171848297119141,-0.174145221710205
11260.0,-0.244590759277344,,,,-0.208332821726799,,-0.15073099732399,-0.20680932700634,-0.222707852721214,-0.140895083546638,-0.21235628426075,-0.21673908829689,-0.231114149093628,-0.122730925679207,-0.151441961526871,-0.164012342691422,,,,-0.117566876113415,-0.171840474009514,-0.174145221710205
11270.0,-0.244536072015762,,,,-0.20830936729908,,-0.150699809193611,-0.206762507557869,-0.222637563943863,-0.140793517231941,-0.212223440408707,-0.216676622629166,-0.231090739369392,-0.122777841985226,-0.151512339711189,-0.164027974009514,,,,-0.117496490478516,-0.171824842691422,-0.174137398600578
11280.0,-0.244489192962646,,,,-0.208293721079826,,-0.150668531656265,-0.20671558380127,-0.222575098276138,-0.140684127807617,-0.212106227874756,-0.216614052653313,-0.231059461832047,-0.122824668884277,-0.151574805378914,-0.164051443338394,,,,-0.117426209151745,-0.171809196472168,-0.174129590392113
11290.0,-0.244434505701065,,,,-0.208278089761734,,-0.150637254118919,-0.206668764352798,-0.22250472009182,-0.14058256149292,-0.211981296539307,-0.216543778777122,-0.231036052107811,-0.12286376953125,-0.151621624827385,-0.164066985249519,,,,-0.11736374348402,-0.171793654561043,-0.174129590392113
11300.0,-0.244387626647949,,,,-0.208262547850609,,-0.150606065988541,-0.206629663705826,-0.222442254424095,-0.140480995178223,-0.211864098906517,-0.216481313109398,-0.231012582778931,-0.122902773320675,-0.151652917265892,-0.164082631468773,,,,-0.117293454706669,-0.171785831451416,-0.174121767282486
11310.0,-0.244340762495995,,,,-0.208246901631355,,-0.150574788451195,-0.206582829356194,-0.222379788756371,-0.140387251973152,-0.211746886372566,-0.216418743133545,-0.230989173054695,-0.122934058308601,-0.151684194803238,-0.164098262786865,,,,-0.11722307652235,-0.171770200133324,-0.174113944172859
11320.0,-0.244293883442879,,,,-0.208231255412102,,-0.150551319122314,-0.206535920500755,-0.222317218780518,-0.140285685658455,-0.211629673838615,-0.21635627746582,-0.230973526835442,-0.122973158955574,-0.151692017912865,-0.164113909006119,,,,-0.117152787744999,-0.17175455391407,-0.174106121063232
11330.0,-0.24425482749939,,,,-0.208215624094009,,-0.150520130991936,-0.20649690926075,-0.222246930003166,-0.140191942453384,-0.211512476205826,-0.216293811798096,-0.230950072407722,-0.122996523976326,-0.151692017912865,-0.164129540324211,,,,-0.117082498967648,-0.171738907694817,-0.174098297953606
11340.0,-0.244207963347435,,,,-0.208199977874756,,-0.150496676564217,-0.20644998550415,-0.222184464335442,-0.140098199248314,-0.211395367980003,-0.216231256723404,-0.230926662683487,-0.123012162744999,-0.151684194803238,-0.164145186543465,,,,-0.117012120783329,-0.171723276376724,-0.17409048974514
11350.0,-0.244168907403946,,,,-0.208184346556664,,-0.150465399026871,-0.206403166055679,-0.22212190926075,-0.140012264251709,-0.211285978555679,-0.216168791055679,-0.230903193354607,-0.123027801513672,-0.151652917265892,-0.164153009653091,,,,-0.116941832005978,-0.171707734465599,-0.174082666635513
11360.0,-0.24412202835083,,,,-0.208168789744377,,-0.150449752807617,-0.206364065408707,-0.222067266702652,-0.139926344156265,-0.211176589131355,-0.216106325387955,-0.230887606739998,-0.123043440282345,-0.151621624827385,-0.164168551564217,,,,-0.116879366338253,-0.171692088246346,-0.174074843525887
11370.0,-0.244082972407341,,,,-0.208160981535912,,-0.150426387786865,-0.206324964761734,-0.222004696726799,-0.139832600951195,-0.211075022816658,-0.216043755412102,-0.230871960520744,-0.123043440282345,-0.151574805378914,-0.164176374673843,,,,-0.116808988153934,-0.171676442027092,-0.17406702041626
11380.0,-0.244043871760368,,,,-0.208145335316658,,-0.150402933359146,-0.206278130412102,-0.221942231059074,-0.13974666595459,-0.210965633392334,-0.215989112854004,-0.230856329202652,-0.123051263391972,-0.151527881622314,-0.164192005991936,,,,-0.116738699376583,-0.171660810709,-0.174059301614761
11390.0,-0.244012638926506,,,,-0.208137512207031,,-0.150379464030266,-0.206239029765129,-0.22187976539135,-0.139660641551018,-0.21085624396801,-0.215926557779312,-0.230840727686882,-0.123051263391972,-0.151473239064217,-0.164199829101563,,,,-0.116668418049812,-0.171645164489746,-0.174043655395508
11400.0,-0.243973597884178,,,,-0.208121880888939,,-0.150363832712173,-0.206192210316658,-0.221817210316658,-0.139574721455574,-0.210762500762939,-0.215864092111588,-0.23082509636879,-0.123051263391972,-0.151410773396492,-0.164215475320816,,,,-0.116605952382088,-0.171621710062027,-0.174028024077415
11410.0,-0.243934541940689,,,,-0.208106234669685,,-0.150340363383293,-0.206145286560059,-0.22176256775856,-0.13948880136013,-0.210653111338615,-0.215801626443863,-0.230809450149536,-0.123059086501598,-0.151340395212173,-0.164223298430443,,,,-0.116535566747189,-0.171606168150902,-0.174020200967789
11420.0,-0.243903264403343,,,,-0.208098411560059,,-0.150324821472168,-0.206106290221214,-0.221700102090836,-0.139402866363525,-0.210559368133545,-0.215746879577637,-0.230793863534927,-0.123066902160645,-0.151277929544449,-0.164231106638908,,,,-0.116473101079464,-0.171590521931648,-0.174004554748535
11430.0,-0.243864208459854,,,,-0.208082780241966,,-0.150309190154076,-0.206059366464615,-0.221645355224609,-0.139316946268082,-0.210457801818848,-0.215684413909912,-0.230778217315674,-0.123066902160645,-0.151215463876724,-0.164246752858162,,,,-0.116402819752693,-0.171574875712395,-0.173996731638908
11440.0,-0.243832975625992,,,,-0.20806722342968,,-0.150293543934822,-0.206012532114983,-0.221582889556885,-0.139231011271477,-0.21035623550415,-0.215629771351814,-0.230762585997581,-0.123066902160645,-0.151152893900871,-0.164254575967789,,,,-0.116332434117794,-0.171551421284676,-0.173981100320816
11450.0,-0.243793874979019,,,,-0.208059415221214,,-0.150285720825195,-0.205965623259544,-0.22152815759182,-0.13915291428566,-0.210254669189453,-0.215567216277122,-0.230746984481812,-0.123074725270271,-0.151090428233147,-0.164270117878914,,,,-0.116269968450069,-0.171535775065422,-0.173965454101563
11460.0,-0.243762642145157,,,,-0.208043769001961,,-0.150270089507103,-0.205918788909912,-0.221465691924095,-0.139074712991714,-0.210160925984383,-0.215512558817863,-0.230731353163719,-0.123074725270271,-0.151035696268082,-0.164285764098167,,,,-0.116207502782345,-0.17152014374733,-0.173949912190437
11470.0,-0.243731409311295,,,,-0.208035945892334,,-0.150254443287849,-0.205879688262939,-0.221411034464836,-0.13898877799511,-0.210067182779312,-0.215450003743172,-0.230723530054092,-0.123074725270271,-0.150981053709984,-0.16430139541626,,,,-0.116152763366699,-0.171496778726578,-0.173934265971184
11480.0,-0.243700131773949,,,,-0.208020314574242,,-0.150246620178223,-0.20583276450634,-0.221356302499771,-0.138910681009293,-0.209973439574242,-0.215395361185074,-0.230707883834839,-0.123059086501598,-0.150926306843758,-0.164317041635513,,,,-0.116090297698975,-0.171481132507324,-0.173926457762718
11490.0,-0.243676707148552,,,,-0.208012491464615,,-0.150231078267097,-0.205785945057869,-0.221301659941673,-0.138824746012688,-0.209871873259544,-0.215340614318848,-0.230700120329857,-0.123051263391972,-0.15087166428566,-0.164332672953606,,,,-0.116027735173702,-0.171465501189232,-0.173910811543465
11500.0,-0.243637666106224,,,,-0.207996845245361,,-0.150223255157471,-0.20573902130127,-0.221246913075447,-0.138746649026871,-0.209785938262939,-0.21528597176075,-0.230684474110603,-0.123051263391972,-0.150817021727562,-0.164348319172859,,,,-0.115973092615604,-0.171442031860352,-0.173895165324211
11510.0,-0.243614196777344,,,,-0.207981303334236,,-0.150215432047844,-0.205692201852798,-0.221200093626976,-0.138668537139893,-0.209692195057869,-0.215231329202652,-0.230676651000977,-0.123059086501598,-0.150770097970963,-0.164363861083984,,,,-0.115918450057507,-0.171426400542259,-0.173879534006119
11520.0,-0.243582963943481,,,,-0.207973480224609,,-0.150207623839378,-0.205645278096199,-0.22114534676075,-0.138590335845947,-0.209598451852798,-0.215176582336426,-0.230661019682884,-0.123066902160645,-0.15072326362133,-0.164387330412865,,,,-0.115855887532234,-0.171410843729973,-0.173863992094994
11530.0,-0.243551686406136,,,,-0.207957848906517,,-0.150191977620125,-0.205598458647728,-0.221090704202652,-0.13851223886013,-0.209504708647728,-0.215114116668701,-0.230653241276741,-0.123074725270271,-0.150684162974358,-0.164402961730957,,,,-0.115801237523556,-0.171387389302254,-0.173856168985367
11540.0,-0.2435282766819,,,,-0.207942202687263,,-0.150191977620125,-0.205551534891129,-0.221043780446053,-0.138426303863525,-0.209418773651123,-0.215067192912102,-0.230645418167114,-0.12308245152235,-0.150637254118919,-0.164418607950211,,,,-0.11574649810791,-0.171371743083,-0.173840522766113
11550.0,-0.243497043848038,,,,-0.20792655646801,,-0.150176331400871,-0.205496892333031,-0.220989137887955,-0.138340383768082,-0.209325030446053,-0.215004727244377,-0.230629786849022,-0.123090267181396,-0.150598242878914,-0.16444206237793,,,,-0.115691855549812,-0.171348288655281,-0.173824891448021
11560.0,-0.243465766310692,,,,-0.207918748259544,,-0.150168523192406,-0.205449968576431,-0.220942214131355,-0.13827009499073,-0.209239110350609,-0.214949995279312,-0.230621963739395,-0.123105905950069,-0.150559142231941,-0.164457604289055,,,,-0.115637116134167,-0.171332642436028,-0.173809245228767
11570.0,-0.243442341685295,,,,-0.207903102040291,,-0.150160700082779,-0.205403134226799,-0.220895394682884,-0.138191893696785,-0.209153175354004,-0.21490316092968,-0.230614140629768,-0.123105905950069,-0.150520130991936,-0.164473250508308,,,,-0.115582466125488,-0.171309277415276,-0.173793599009514
11580.0,-0.243411064147949,,,,-0.207895278930664,,-0.150152876973152,-0.205356225371361,-0.220848470926285,-0.138113781809807,-0.209059432148933,-0.214848428964615,-0.23059855401516,-0.123113729059696,-0.150481030344963,-0.164488896727562,,,,-0.115520000457764,-0.171293646097183,-0.173777967691422
11590.0,-0.243387654423714,,,,-0.207879737019539,,-0.150145053863525,-0.205309391021729,-0.220801636576653,-0.138043507933617,-0.208973407745361,-0.214793786406517,-0.230590730905533,-0.123113729059696,-0.150449752807617,-0.164504528045654,,,,-0.115465261042118,-0.17127799987793,-0.173762425780296
11600.0,-0.243356376886368,,,,-0.207864090800285,,-0.150145053863525,-0.205254659056664,-0.220754727721214,-0.137973219156265,-0.208887487649918,-0.214739128947258,-0.230582907795906,-0.123121552169323,-0.150410756468773,-0.164520174264908,,,,-0.115394972264767,-0.171254545450211,-0.173746779561043
11610.0,-0.243332967162132,,,,-0.207848459482193,,-0.1501295119524,-0.205207824707031,-0.220700070261955,-0.137902840971947,-0.208801552653313,-0.214684396982193,-0.230575084686279,-0.123121552169323,-0.150379464030266,-0.164527997374535,,,,-0.115340232849121,-0.17123107612133,-0.173731133341789
11620.0,-0.243309497833252,,,,-0.207840636372566,,-0.1501295119524,-0.205153092741966,-0.220653161406517,-0.137824729084969,-0.208715632557869,-0.214637562632561,-0.230559453368187,-0.123113729059696,-0.15034818649292,-0.164543628692627,,,,-0.115254305303097,-0.171215534210205,-0.173715502023697
11630.0,-0.24327826499939,,,,-0.207824990153313,,-0.150121688842773,-0.205106258392334,-0.220606327056885,-0.137754440307617,-0.208629712462425,-0.214582830667496,-0.230551674962044,-0.123113729059696,-0.150309190154076,-0.164551451802254,,,,-0.115207485854626,-0.171199902892113,-0.173699855804443
11640.0,-0.243254810571671,,,,-0.20780935883522,,-0.150113865733147,-0.205059334635735,-0.220559403300285,-0.137684151530266,-0.208551600575447,-0.214528188109398,-0.23053602874279,-0.123098090291023,-0.150277897715569,-0.164551451802254,,,,-0.115160562098026,-0.171176433563232,-0.173684224486351
11650.0,-0.243231400847435,,,,-0.207801535725594,,-0.150106057524681,-0.205004692077637,-0.220512583851814,-0.137621596455574,-0.208465680480003,-0.214481264352798,-0.23053602874279,-0.123090267181396,-0.150238901376724,-0.164559170603752,,,,-0.115105919539928,-0.171152979135513,-0.173668667674065
11660.0,-0.243200168013573,,,,-0.207785993814468,,-0.150106057524681,-0.204957768321037,-0.220465660095215,-0.137551307678223,-0.208379656076431,-0.214434430003166,-0.230520397424698,-0.123090267181396,-0.150199800729752,-0.164566993713379,,,,-0.115058995783329,-0.17113733291626,-0.173653036355972
11670.0,-0.243176698684692,,,,-0.207770347595215,,-0.150098234415054,-0.204903125762939,-0.220418840646744,-0.137481018900871,-0.208301544189453,-0.214379698038101,-0.230512574315071,-0.123090267181396,-0.150168523192406,-0.164566993713379,,,,-0.115004353225231,-0.171121701598167,-0.173629567027092
11680.0,-0.24314546585083,,,,-0.207754716277122,,-0.150090411305428,-0.20485620200634,-0.220371916890144,-0.13741846382618,-0.208215624094009,-0.214332863688469,-0.230496987700462,-0.123090267181396,-0.1501295119524,-0.164559170603752,,,,-0.114965252578259,-0.171098336577415,-0.173621758818626
11690.0,-0.243122011423111,,,,-0.207746893167496,,-0.150090411305428,-0.204801559448242,-0.220317274332047,-0.137348175048828,-0.208129689097404,-0.214278131723404,-0.230489164590836,-0.123074725270271,-0.150090411305428,-0.164559170603752,,,,-0.11491060256958,-0.171074867248535,-0.173598289489746
11700.0,-0.243098601698875,,,,-0.207731246948242,,-0.150082588195801,-0.204754635691643,-0.220270350575447,-0.137285709381104,-0.208051592111588,-0.214231297373772,-0.230473518371582,-0.123074725270271,-0.150059133768082,-0.164551451802254,,,,-0.114863686263561,-0.171059235930443,-0.173582658171654
11710.0,-0.243067309260368,,,,-0.20771561563015,,-0.150082588195801,-0.204699993133545,-0.220223531126976,-0.137215331196785,-0.207973480224609,-0.214184388518333,-0.230465695261955,-0.12308245152235,-0.150020122528076,-0.164543628692627,,,,-0.11481685936451,-0.171043589711189,-0.173567101359367
11720.0,-0.243043899536133,,,,-0.207707792520523,,-0.150074765086174,-0.204653069376945,-0.220176607370377,-0.13715286552906,-0.207895278930664,-0.214137554168701,-0.230450108647346,-0.123090267181396,-0.149981021881104,-0.164535805583,,,,-0.114777758717537,-0.171020224690437,-0.173551470041275
11730.0,-0.243020445108414,,,,-0.20769214630127,,-0.150074765086174,-0.204606249928474,-0.220137596130371,-0.137090399861336,-0.207824990153313,-0.214098453521729,-0.23044228553772,-0.123090267181396,-0.149942025542259,-0.164520174264908,,,,-0.114730931818485,-0.171004578471184,-0.173528000712395
11740.0,-0.242997035384178,,,,-0.207676604390144,,-0.150066956877708,-0.204551607370377,-0.220082864165306,-0.137020021677017,-0.207739070057869,-0.214043810963631,-0.230434462428093,-0.123098090291023,-0.149902924895287,-0.164504528045654,,,,-0.114691831171513,-0.170981124043465,-0.173512369394302
11750.0,-0.242965742945671,,,,-0.207660958170891,,-0.150066956877708,-0.20449686050415,-0.220036029815674,-0.136957556009293,-0.207668781280518,-0.214004710316658,-0.230418831110001,-0.123105905950069,-0.149871632456779,-0.164488896727562,,,,-0.11465273052454,-0.170965477824211,-0.173481091856956
11760.0,-0.242942333221436,,,,-0.207653149962425,,-0.150066956877708,-0.204450041055679,-0.219989106059074,-0.136895090341568,-0.207590684294701,-0.213957890868187,-0.230411008000374,-0.123113729059696,-0.149832636117935,-0.164465427398682,,,,-0.114605903625488,-0.170949846506119,-0.17346553504467
11770.0,-0.242918878793716,,,,-0.207637503743172,,-0.150066956877708,-0.204395294189453,-0.219942286610603,-0.136832520365715,-0.207520291209221,-0.213910967111588,-0.230395421385765,-0.123113729059696,-0.149793535470963,-0.16444206237793,,,,-0.114566802978516,-0.170926377177238,-0.173449903726578
11780.0,-0.242895469069481,,,,-0.207621857523918,,-0.150059133768082,-0.204348474740982,-0.219895362854004,-0.13677005469799,-0.207442194223404,-0.213871866464615,-0.230387598276138,-0.123121552169323,-0.149762257933617,-0.164418607950211,,,,-0.114519976079464,-0.170903012156487,-0.173434257507324
11790.0,-0.242871999740601,,,,-0.207614049315453,,-0.150059133768082,-0.204293727874756,-0.219848439097404,-0.136707589030266,-0.207371905446053,-0.213832855224609,-0.230371952056885,-0.123121552169323,-0.149723246693611,-0.16439513862133,,,,-0.114480875432491,-0.170887380838394,-0.173418626189232
11800.0,-0.242848590016365,,,,-0.207598403096199,,-0.150059133768082,-0.204246908426285,-0.219801619648933,-0.136652857065201,-0.207301527261734,-0.21378593146801,-0.230356365442276,-0.123113729059696,-0.149691969156265,-0.164363861083984,,,,-0.114441871643066,-0.170863911509514,-0.173395156860352
11810.0,-0.242817312479019,,,,-0.207582861185074,,-0.150059133768082,-0.204192161560059,-0.219754695892334,-0.136590391397476,-0.207223415374756,-0.213746935129166,-0.230348542332649,-0.123113729059696,-0.149660691618919,-0.164332672953606,,,,-0.114402770996094,-0.170848280191422,-0.173379525542259
11820.0,-0.242793902754784,,,,-0.20756721496582,,-0.150059133768082,-0.204145342111588,-0.21971569955349,-0.136527821421623,-0.207153126597404,-0.213707834482193,-0.230340719223022,-0.123113729059696,-0.149629503488541,-0.164309218525887,,,,-0.114363670349121,-0.17082491517067,-0.173356160521507
11830.0,-0.242770433425903,,,,-0.207559391856194,,-0.150059133768082,-0.204098418354988,-0.21966877579689,-0.136473178863525,-0.207082852721214,-0.213668823242188,-0.23032508790493,-0.123113729059696,-0.14960603415966,-0.164277940988541,,,,-0.114324666559696,-0.170809268951416,-0.173340514302254
11840.0,-0.242747023701668,,,,-0.207543760538101,,-0.150059133768082,-0.204051598906517,-0.219621941447258,-0.136410713195801,-0.207012459635735,-0.213629722595215,-0.230317264795303,-0.123121552169323,-0.149574756622314,-0.164238929748535,,,,-0.114285565912724,-0.170785814523697,-0.173317059874535
11850.0,-0.242715746164322,,,,-0.207528114318848,,-0.150059133768082,-0.204004675149918,-0.21957503259182,-0.136355981230736,-0.20694999396801,-0.213582798838615,-0.230301663279533,-0.123129367828369,-0.149551391601563,-0.164207652211189,,,,-0.114246562123299,-0.170762345194817,-0.173301413655281
11860.0,-0.242692336440086,,,,-0.207512483000755,,-0.150059133768082,-0.20395003259182,-0.219528198242188,-0.136293515563011,-0.206871896982193,-0.213543802499771,-0.230293855071068,-0.123137190937996,-0.149527937173843,-0.164176374673843,,,,-0.114207461476326,-0.170738890767097,-0.173277959227562
11870.0,-0.242661103606224,,,,-0.207496836781502,,-0.150066956877708,-0.20390310883522,-0.219481274485588,-0.136230945587158,-0.206801608204842,-0.213504701852798,-0.230278208851814,-0.123152829706669,-0.14951229095459,-0.164137363433838,,,,-0.1141761764884,-0.170723348855972,-0.173238947987556
11880.0,-0.242637634277344,,,,-0.207481294870377,,-0.150066956877708,-0.203856274485588,-0.219434455037117,-0.13617630302906,-0.206731230020523,-0.213457867503166,-0.230270385742188,-0.123160652816296,-0.149488836526871,-0.164106085896492,,,,-0.114137172698975,-0.170699879527092,-0.173223301768303
11890.0,-0.242614224553108,,,,-0.207465648651123,,-0.150066956877708,-0.20380936563015,-0.219387531280518,-0.136113837361336,-0.206668764352798,-0.213418766856194,-0.230254799127579,-0.123168468475342,-0.149473190307617,-0.164066985249519,,,,-0.114105895161629,-0.170676425099373,-0.173207670450211
11900.0,-0.242590770125389,,,,-0.207450017333031,,-0.150074765086174,-0.203762531280518,-0.219348534941673,-0.13605909049511,-0.206606298685074,-0.213379666209221,-0.230246976017952,-0.123191833496094,-0.149457558989525,-0.164035797119141,,,,-0.114066794514656,-0.170652970671654,-0.17318420112133
11910.0,-0.242567300796509,,,,-0.207434371113777,,-0.150074765086174,-0.203715607523918,-0.219301611185074,-0.135996624827385,-0.206535920500755,-0.21333284676075,-0.230231329798698,-0.123199656605721,-0.149449825286865,-0.163996696472168,,,,-0.114027790725231,-0.1706373244524,-0.173168659210205
11920.0,-0.242536067962646,,,,-0.207418724894524,,-0.150082588195801,-0.203668788075447,-0.219262510538101,-0.13594189286232,-0.206473454833031,-0.213293746113777,-0.230223521590233,-0.123215295374393,-0.149434193968773,-0.163965418934822,,,,-0.113996505737305,-0.170613959431648,-0.173145204782486
11930.0,-0.242520436644554,,,,-0.207403093576431,,-0.150082588195801,-0.203621864318848,-0.219215676188469,-0.135879427194595,-0.206410989165306,-0.213246926665306,-0.230215698480606,-0.123230934143066,-0.149426370859146,-0.163934230804443,,,,-0.11395750194788,-0.170598313212395,-0.173129558563232
11940.0,-0.242489203810692,,,,-0.207387551665306,,-0.150090411305428,-0.203574940562248,-0.219176575541496,-0.135824784636497,-0.206348419189453,-0.213207826018333,-0.230207920074463,-0.123246572911739,-0.149426370859146,-0.163910776376724,,,,-0.113926224410534,-0.170582681894302,-0.17311392724514
11950.0,-0.242465779185295,,,,-0.207371905446053,,-0.150090411305428,-0.203528121113777,-0.219129756093025,-0.135770037770271,-0.206278130412102,-0.213160991668701,-0.230192288756371,-0.123262219130993,-0.149418547749519,-0.163879498839378,,,,-0.113894939422607,-0.170559212565422,-0.173098281025887
11960.0,-0.242442324757576,,,,-0.207356259226799,,-0.150098234415054,-0.203481197357178,-0.219090655446053,-0.135715395212173,-0.206215664744377,-0.213121891021729,-0.230184465646744,-0.123270034790039,-0.149418547749519,-0.163848310709,,,,-0.113855935633183,-0.17054358124733,-0.173074916005135
11970.0,-0.242418870329857,,,,-0.207340627908707,,-0.150106057524681,-0.203442201018333,-0.219043835997581,-0.13565282523632,-0.206160932779312,-0.213075071573257,-0.230176642537117,-0.123285584151745,-0.149418547749519,-0.163824841380119,,,,-0.113824658095837,-0.170520216226578,-0.173051461577415
11980.0,-0.24239544570446,,,,-0.207324981689453,,-0.150106057524681,-0.203395277261734,-0.219004735350609,-0.135598182678223,-0.206098467111588,-0.213028147816658,-0.23016881942749,-0.123285584151745,-0.149418547749519,-0.1638013869524,,,,-0.113785557448864,-0.170496746897697,-0.173027992248535
11990.0,-0.242371991276741,,,,-0.207301527261734,,-0.150113865733147,-0.203348442912102,-0.218957901000977,-0.135535627603531,-0.206035897135735,-0.212989047169685,-0.230153232812881,-0.123301222920418,-0.149418547749519,-0.163785740733147,,,,-0.113754369318485,-0.170481115579605,-0.173004537820816
12000.0,-0.242340758442879,,,,-0.207285985350609,,-0.150121688842773,-0.203301534056664,-0.218918800354004,-0.135480985045433,-0.20597343146801,-0.212942227721214,-0.230145409703255,-0.123316861689091,-0.149418547749519,-0.163770109415054,,,,-0.113723091781139,-0.170457646250725,-0.172981172800064
12010.0,-0.242317348718643,,,,-0.207270339131355,,-0.1501295119524,-0.203262522816658,-0.218887522816658,-0.135426327586174,-0.205918788909912,-0.212895303964615,-0.230137586593628,-0.123332500457764,-0.149426370859146,-0.163762375712395,,,,-0.113691806793213,-0.170442014932632,-0.172965526580811
12020.0,-0.242293879389763,,,,-0.207254692912102,,-0.150137335062027,-0.203215599060059,-0.218840703368187,-0.135371595621109,-0.20585623383522,-0.212848469614983,-0.230129763484001,-0.123348139226437,-0.149426370859146,-0.163754567503929,,,,-0.113660626113415,-0.170426473021507,-0.172942072153091
12030.0,-0.242270469665527,,,,-0.207239061594009,,-0.150145053863525,-0.203176602721214,-0.218801602721214,-0.135316953063011,-0.205801591277122,-0.212801560759544,-0.230121955275536,-0.12336378544569,-0.149434193968773,-0.163754567503929,,,,-0.113629341125488,-0.170403003692627,-0.172918602824211
12040.0,-0.242247015237808,,,,-0.207215592265129,,-0.150145053863525,-0.203129678964615,-0.218762591481209,-0.135262206196785,-0.20573902130127,-0.212754726409912,-0.230106353759766,-0.123379327356815,-0.149434193968773,-0.163762375712395,,,,-0.113605879247189,-0.170387372374535,-0.172895148396492
12050.0,-0.242223545908928,,,,-0.207207784056664,,-0.150152876973152,-0.203090578317642,-0.218723490834236,-0.135207563638687,-0.205684378743172,-0.212707802653313,-0.230098530650139,-0.123394966125488,-0.149442002177238,-0.163770109415054,,,,-0.113566875457764,-0.170363903045654,-0.17287178337574
12060.0,-0.242200136184692,,,,-0.207184419035912,,-0.150160700082779,-0.203051567077637,-0.21869221329689,-0.135160639882088,-0.205629736185074,-0.212668806314468,-0.230090722441673,-0.123410604894161,-0.149449825286865,-0.163777932524681,,,,-0.113543413579464,-0.170348271727562,-0.172848328948021
12070.0,-0.242176681756973,,,,-0.207168772816658,,-0.150168523192406,-0.203004643321037,-0.218653202056885,-0.13510599732399,-0.205574989318848,-0.212621882557869,-0.230082899332047,-0.123426251113415,-0.149457558989525,-0.163793563842773,,,,-0.113519959151745,-0.17032490670681,-0.172824859619141
12080.0,-0.242153272032738,,,,-0.207153126597404,,-0.150176331400871,-0.202965646982193,-0.218614101409912,-0.135043427348137,-0.205512523651123,-0.212575063109398,-0.230067253112793,-0.123441889882088,-0.14946536719799,-0.163817033171654,,,,-0.113488674163818,-0.17030143737793,-0.172801405191422
12090.0,-0.242122039198875,,,,-0.207137495279312,,-0.150184154510498,-0.202918723225594,-0.218575000762939,-0.134988784790039,-0.205457791686058,-0.212528139352798,-0.230059489607811,-0.123457528650761,-0.149473190307617,-0.163832664489746,,,,-0.113465309143066,-0.170285806059837,-0.17277804017067
12100.0,-0.242098569869995,,,,-0.207121849060059,,-0.150191977620125,-0.202879711985588,-0.218536004424095,-0.134941965341568,-0.205403134226799,-0.212481305003166,-0.230051666498184,-0.123480893671513,-0.149481013417244,-0.163863942027092,,,,-0.113434031605721,-0.170270159840584,-0.172754570841789
12110.0,-0.24207516014576,,,,-0.207106217741966,,-0.150199800729752,-0.202840611338615,-0.218504711985588,-0.134887218475342,-0.205348402261734,-0.212434396147728,-0.230036020278931,-0.123488716781139,-0.149488836526871,-0.163887307047844,,,,-0.113410569727421,-0.170246705412865,-0.17273111641407
12120.0,-0.24205170571804,,,,-0.207098484039307,,-0.150199800729752,-0.202793702483177,-0.218473434448242,-0.134840399026871,-0.205293759703636,-0.212387561798096,-0.230028197169304,-0.123512171208858,-0.149504467844963,-0.163918599486351,,,,-0.113379292190075,-0.170231148600578,-0.172707661986351
12130.0,-0.24202823638916,,,,-0.207082852721214,,-0.150207623839378,-0.202754691243172,-0.218434438109398,-0.134793475270271,-0.20523901283741,-0.212340638041496,-0.230020388960838,-0.123535633087158,-0.14951229095459,-0.163949877023697,,,,-0.113355927169323,-0.170207694172859,-0.172684296965599
12140.0,-0.242004826664925,,,,-0.207075029611588,,-0.150215432047844,-0.202715590596199,-0.218403145670891,-0.134738832712173,-0.205184370279312,-0.212293818593025,-0.230004787445068,-0.123559094965458,-0.149527937173843,-0.163973242044449,,,,-0.113324642181396,-0.170192047953606,-0.172653004527092
12150.0,-0.241973593831062,,,,-0.207059383392334,,-0.150223255157471,-0.202676579356194,-0.218364149332047,-0.134691908955574,-0.20513753592968,-0.212246894836426,-0.229996964335442,-0.123574636876583,-0.149543568491936,-0.164004519581795,,,,-0.113301180303097,-0.170168593525887,-0.172629550099373
12160.0,-0.241957947611809,,,,-0.207051560282707,,-0.150223255157471,-0.202637478709221,-0.218332871794701,-0.134645089507103,-0.205082803964615,-0.212199971079826,-0.229981333017349,-0.123598098754883,-0.149559125304222,-0.164035797119141,,,,-0.113277815282345,-0.170152947306633,-0.172606095671654
12170.0,-0.241926714777946,,,,-0.207043752074242,,-0.150231078267097,-0.202598378062248,-0.218301579356194,-0.134598165750504,-0.205028161406517,-0.212160974740982,-0.229973509907722,-0.123621560633183,-0.149574756622314,-0.164059266448021,,,,-0.113254360854626,-0.170137405395508,-0.172582730650902
12180.0,-0.241903260350227,,,,-0.207035928964615,,-0.150231078267097,-0.202559381723404,-0.218270406126976,-0.134551331400871,-0.204981237649918,-0.212114050984383,-0.229965731501579,-0.123637199401855,-0.149598225951195,-0.164082631468773,,,,-0.113230898976326,-0.170121774077415,-0.172567084431648
12190.0,-0.241879805922508,,,,-0.207028105854988,,-0.150238901376724,-0.202520281076431,-0.218239113688469,-0.134504422545433,-0.20492659509182,-0.212075039744377,-0.229950100183487,-0.123660661280155,-0.149621680378914,-0.164113909006119,,,,-0.1131996139884,-0.170098304748535,-0.172543630003929
12200.0,-0.241864204406738,,,,-0.207020282745361,,-0.150238901376724,-0.202481269836426,-0.218207836151123,-0.13446532189846,-0.20487967133522,-0.212028130888939,-0.22994227707386,-0.123684026300907,-0.149637326598167,-0.164129540324211,,,,-0.113183975219727,-0.170082673430443,-0.172520160675049
12210.0,-0.241832926869392,,,,-0.207012459635735,,-0.150246620178223,-0.202442169189453,-0.218176648020744,-0.134418487548828,-0.204825028777122,-0.211981296539307,-0.229934453964233,-0.123707488179207,-0.149668499827385,-0.164153009653091,,,,-0.113160610198975,-0.170067027211189,-0.17249670624733
12220.0,-0.241809517145157,,,,-0.207012459635735,,-0.150246620178223,-0.202410891652107,-0.218145370483398,-0.134371563792229,-0.204778105020523,-0.211934372782707,-0.229918867349625,-0.123730950057507,-0.149699792265892,-0.164168551564217,,,,-0.113137148320675,-0.17004357278347,-0.172473341226578
12230.0,-0.241786047816277,,,,-0.207012459635735,,-0.150246620178223,-0.202364072203636,-0.218114092946053,-0.134324744343758,-0.204731270670891,-0.211895376443863,-0.229911044239998,-0.123754404485226,-0.149731069803238,-0.16418419778347,,,,-0.113113693892956,-0.170028015971184,-0.172457695007324
12240.0,-0.241762638092041,,,,-0.207004651427269,,-0.150246620178223,-0.202324971556664,-0.218075081706047,-0.134277820587158,-0.204684361815453,-0.211848452687263,-0.229903221130371,-0.123777769505978,-0.149762257933617,-0.164192005991936,,,,-0.113090232014656,-0.170012384653091,-0.172434240579605
12250.0,-0.241739183664322,,,,-0.207004651427269,,-0.150246620178223,-0.202293783426285,-0.218043804168701,-0.134238824248314,-0.204629704356194,-0.211809352040291,-0.229887589812279,-0.123801231384277,-0.149793535470963,-0.164199829101563,,,,-0.113066866993904,-0.169988915324211,-0.172410771250725
12260.0,-0.241715773940086,,,,-0.207004651427269,,-0.150246620178223,-0.202254682779312,-0.218020349740982,-0.134191900491714,-0.204590603709221,-0.211770340800285,-0.229879766702652,-0.12381687015295,-0.149832636117935,-0.164207652211189,,,,-0.113043405115604,-0.169973284006119,-0.172387406229973
12270.0,-0.241692304611206,,,,-0.207012459635735,,-0.150246620178223,-0.202215582132339,-0.217989072203636,-0.134145066142082,-0.204535961151123,-0.211723431944847,-0.229871943593025,-0.123824693262577,-0.149871632456779,-0.164207652211189,,,,-0.113027766346931,-0.169957637786865,-0.17237177491188
12280.0,-0.241668894886971,,,,-0.207012459635735,,-0.150238901376724,-0.202176570892334,-0.217957884073257,-0.13410596549511,-0.204489037394524,-0.211684420704842,-0.229856356978416,-0.12384033203125,-0.149910733103752,-0.164207652211189,,,,-0.113004304468632,-0.16994209587574,-0.172348305583
12290.0,-0.241645440459251,,,,-0.207012459635735,,-0.150238901376724,-0.202145293354988,-0.217934414744377,-0.134059146046638,-0.204442217946053,-0.211637496948242,-0.22984853386879,-0.12386379390955,-0.149957567453384,-0.164207652211189,,,,-0.112988665699959,-0.169918641448021,-0.172332674264908
12300.0,-0.241622015833855,,,,-0.207020282745361,,-0.150238901376724,-0.202106192708015,-0.217903137207031,-0.134020045399666,-0.204395294189453,-0.211598500609398,-0.229832887649536,-0.123887158930302,-0.149996668100357,-0.164207652211189,,,,-0.112965300679207,-0.169902995228767,-0.172309204936028
12310.0,-0.241598561406136,,,,-0.207020282745361,,-0.150231078267097,-0.20206718146801,-0.217871949076653,-0.133980944752693,-0.204348474740982,-0.211559399962425,-0.229825064539909,-0.123910620808601,-0.150043487548828,-0.164207652211189,,,,-0.112949661910534,-0.169887349009514,-0.172293663024902
12320.0,-0.2415751516819,,,,-0.207028105854988,,-0.150231078267097,-0.202035903930664,-0.217848494648933,-0.133934125304222,-0.204301550984383,-0.211520299315453,-0.229817301034927,-0.123926259577274,-0.150090411305428,-0.164199829101563,,,,-0.112926200032234,-0.169871717691422,-0.172270208597183
12330.0,-0.24155168235302,,,,-0.207035928964615,,-0.150231078267097,-0.20199690759182,-0.217817217111588,-0.133895024657249,-0.204254731535912,-0.21147346496582,-0.229801654815674,-0.123941898345947,-0.150137335062027,-0.16418419778347,,,,-0.112902738153934,-0.169848248362541,-0.17225456237793
12340.0,-0.241528272628784,,,,-0.207043752074242,,-0.150223255157471,-0.201957806944847,-0.217793747782707,-0.133848190307617,-0.204207807779312,-0.211434364318848,-0.229786023497581,-0.12395753711462,-0.150184154510498,-0.164168551564217,,,,-0.112887099385262,-0.169832706451416,-0.172238931059837
12350.0,-0.241504818201065,,,,-0.207043752074242,,-0.150223255157471,-0.20192651450634,-0.21776257455349,-0.133809089660645,-0.204168707132339,-0.211395367980003,-0.229778200387955,-0.123973086476326,-0.150238901376724,-0.16416072845459,,,,-0.112871550023556,-0.169817075133324,-0.172223284840584
12360.0,-0.241489171981812,,,,-0.207059383392334,,-0.150223255157471,-0.201887518167496,-0.217739105224609,-0.133769989013672,-0.204121872782707,-0.211356267333031,-0.229770421981812,-0.123980902135372,-0.150285720825195,-0.164153009653091,,,,-0.112855911254883,-0.16980142891407,-0.17220763862133
12370.0,-0.241465762257576,,,,-0.207075029611588,,-0.150223255157471,-0.20185624063015,-0.21771565079689,-0.133730992674828,-0.204082772135735,-0.211317166686058,-0.229762598872185,-0.123988725244999,-0.150340363383293,-0.164137363433838,,,,-0.112832449376583,-0.169785782694817,-0.172192096710205
12380.0,-0.241434529423714,,,,-0.207082852721214,,-0.150215432047844,-0.201817139983177,-0.217684462666512,-0.133691892027855,-0.204035952687263,-0.211278155446053,-0.229754790663719,-0.123996548354626,-0.150387287139893,-0.164121732115746,,,,-0.11281681060791,-0.169770151376724,-0.172176465392113
12390.0,-0.24141888320446,,,,-0.20709066092968,,-0.150215432047844,-0.201785951852798,-0.217661008238792,-0.133652880787849,-0.203989028930664,-0.211231231689453,-0.229739144444466,-0.124004364013672,-0.150434210896492,-0.164113909006119,,,,-0.11279334872961,-0.169754505157471,-0.172160819172859
12400.0,-0.241395428776741,,,,-0.207106217741966,,-0.150215432047844,-0.201754674315453,-0.217637538909912,-0.133613780140877,-0.20395003259182,-0.211200043559074,-0.229731321334839,-0.124012187123299,-0.150481030344963,-0.164098262786865,,,,-0.112769983708858,-0.169738963246346,-0.172145172953606
12410.0,-0.241372019052505,,,,-0.207114025950432,,-0.150215432047844,-0.20171557366848,-0.217606261372566,-0.133566960692406,-0.20390310883522,-0.211153134703636,-0.22971573472023,-0.124020002782345,-0.150527954101563,-0.164082631468773,,,,-0.112754344940186,-0.169723317027092,-0.172129541635513
12420.0,-0.241348549723625,,,,-0.207129672169685,,-0.150207623839378,-0.201676562428474,-0.217582896351814,-0.133527860045433,-0.203864097595215,-0.211121842265129,-0.229707911610603,-0.124020002782345,-0.150574788451195,-0.164066985249519,,,,-0.112730883061886,-0.169699862599373,-0.17211389541626
12430.0,-0.24132513999939,,,,-0.207145318388939,,-0.150215432047844,-0.201645284891129,-0.217559441924095,-0.133496567606926,-0.203824996948242,-0.211082845926285,-0.229700088500977,-0.124020002782345,-0.150621697306633,-0.164051443338394,,,,-0.112715244293213,-0.169684216380119,-0.172106072306633
12440.0,-0.241301685571671,,,,-0.207160949707031,,-0.150215432047844,-0.201614007353783,-0.217528149485588,-0.133457571268082,-0.20378589630127,-0.211051568388939,-0.22969226539135,-0.124027825891972,-0.150668531656265,-0.164035797119141,,,,-0.11269960552454,-0.169668585062027,-0.172090530395508
12450.0,-0.241278275847435,,,,-0.207176595926285,,-0.150215432047844,-0.201574996113777,-0.217504695057869,-0.133418470621109,-0.203739076852798,-0.211012557148933,-0.229684457182884,-0.124027825891972,-0.150707632303238,-0.164020165801048,,,,-0.112676240503788,-0.169652938842773,-0.172074899077415
12460.0,-0.241262629628181,,,,-0.207184419035912,,-0.150215432047844,-0.201543718576431,-0.217481330037117,-0.133379369974136,-0.203699976205826,-0.210973456501961,-0.229668855667114,-0.124027825891972,-0.150746628642082,-0.164012342691422,,,,-0.112660601735115,-0.169637396931648,-0.172067075967789
12470.0,-0.241239219903946,,,,-0.207207784056664,,-0.150215432047844,-0.201512530446053,-0.217450052499771,-0.133340358734131,-0.20366096496582,-0.210942178964615,-0.229661032557487,-0.124027825891972,-0.150785729289055,-0.163996696472168,,,,-0.112637139856815,-0.169621750712395,-0.172043606638908
12480.0,-0.241223573684692,,,,-0.207223415374756,,-0.150223255157471,-0.201481252908707,-0.217426583170891,-0.133301258087158,-0.203621864318848,-0.210910990834236,-0.229653224349022,-0.124027825891972,-0.150824829936028,-0.163981065154076,,,,-0.112621501088142,-0.169606119394302,-0.172027975320816
12490.0,-0.241200119256973,,,,-0.207231238484383,,-0.150223255157471,-0.201442152261734,-0.217403128743172,-0.133262261748314,-0.203574940562248,-0.21087971329689,-0.229637578129768,-0.124020002782345,-0.150856018066406,-0.163965418934822,,,,-0.112605862319469,-0.169590473175049,-0.172012329101563
12500.0,-0.241184517741203,,,,-0.207246884703636,,-0.150223255157471,-0.201410964131355,-0.217371940612793,-0.133223161101341,-0.203535944223404,-0.210840612649918,-0.229629755020142,-0.124020002782345,-0.150902941823006,-0.163957700133324,,,,-0.112582497298717,-0.169574841856956,-0.171996787190437
12510.0,-0.241161063313484,,,,-0.207262516021729,,-0.150231078267097,-0.201379686594009,-0.217348486185074,-0.133191868662834,-0.203496843576431,-0.210809424519539,-0.22962199151516,-0.124012187123299,-0.150934129953384,-0.163949877023697,,,,-0.112566851079464,-0.169559195637703,-0.171988964080811
12520.0,-0.241145417094231,,,,-0.207278162240982,,-0.150231078267097,-0.201348409056664,-0.217325016856194,-0.13315287232399,-0.203457832336426,-0.210778146982193,-0.229614168405533,-0.124004364013672,-0.15096540749073,-0.163934230804443,,,,-0.112543396651745,-0.169543653726578,-0.171981140971184
12530.0,-0.241129830479622,,,,-0.207293793559074,,-0.150238901376724,-0.201317116618156,-0.217301562428474,-0.133113771677017,-0.203418731689453,-0.210746869444847,-0.229606345295906,-0.123996548354626,-0.150988861918449,-0.163926407694817,,,,-0.112527750432491,-0.169528007507324,-0.171965509653091
12540.0,-0.241106376051903,,,,-0.207309350371361,,-0.150238901376724,-0.201285943388939,-0.217270374298096,-0.133082494139671,-0.20337963104248,-0.210715681314468,-0.229598522186279,-0.123988725244999,-0.151020154356956,-0.163910776376724,,,,-0.112512111663818,-0.169512376189232,-0.171949863433838
12550.0,-0.241090774536133,,,,-0.207324981689453,,-0.150246620178223,-0.201254650950432,-0.217254742980003,-0.133043482899666,-0.203340634703636,-0.210692211985588,-0.229590699076653,-0.123973086476326,-0.151043519377708,-0.163902953267097,,,,-0.112496472895145,-0.169496729969978,-0.171942040324211
12560.0,-0.24107514321804,,,,-0.207340627908707,,-0.150254443287849,-0.201223373413086,-0.217223450541496,-0.133004382252693,-0.203301534056664,-0.210660934448242,-0.229582890868187,-0.12395753711462,-0.151066973805428,-0.163895130157471,,,,-0.11248093098402,-0.169481083750725,-0.171926409006119
12570.0,-0.241059496998787,,,,-0.207348451018333,,-0.150254443287849,-0.201184377074242,-0.217199996113777,-0.132973194122314,-0.203262522816658,-0.210629746317863,-0.229575112462044,-0.123949721455574,-0.151082620024681,-0.163879498839378,,,,-0.112465284764767,-0.169465452432632,-0.171910762786865
12580.0,-0.241043910384178,,,,-0.207364082336426,,-0.150262266397476,-0.201160907745361,-0.217176631093025,-0.132934093475342,-0.203231245279312,-0.210606291890144,-0.229567289352417,-0.123941898345947,-0.1511060744524,-0.163871675729752,,,,-0.112449645996094,-0.16944208741188,-0.17189522087574
12590.0,-0.241020441055298,,,,-0.207379728555679,,-0.150270089507103,-0.201129630208015,-0.217145353555679,-0.132902815937996,-0.203184321522713,-0.210575014352798,-0.229551658034325,-0.123926259577274,-0.151121616363525,-0.163863942027092,,,,-0.112434007227421,-0.169426441192627,-0.171879574656487
12600.0,-0.241004809737206,,,,-0.207387551665306,,-0.150277897715569,-0.20109061896801,-0.217121884226799,-0.13286380469799,-0.203153133392334,-0.210543736815453,-0.229551658034325,-0.123918436467648,-0.151137262582779,-0.163848310709,,,,-0.112418368458748,-0.169410809874535,-0.171871766448021
12610.0,-0.240989208221436,,,,-0.207403093576431,,-0.150285720825195,-0.201067164540291,-0.217098519206047,-0.132832527160645,-0.203114032745361,-0.210520371794701,-0.229543834924698,-0.123902797698975,-0.151152893900871,-0.163840487599373,,,,-0.112402729690075,-0.169402986764908,-0.171856120228767
12620.0,-0.240981385111809,,,,-0.207418724894524,,-0.150293543934822,-0.201035887002945,-0.217082887887955,-0.132801249623299,-0.203075036406517,-0.210489079356194,-0.229536011815071,-0.123887158930302,-0.151168540120125,-0.163824841380119,,,,-0.112387180328369,-0.169387340545654,-0.171840474009514
12630.0,-0.240965753793716,,,,-0.20742654800415,,-0.150293543934822,-0.201004698872566,-0.217051610350609,-0.132762238383293,-0.203035935759544,-0.210457801818848,-0.229528188705444,-0.123871520161629,-0.151184186339378,-0.163817033171654,,,,-0.112371541559696,-0.169371709227562,-0.171832665801048
12640.0,-0.240950107574463,,,,-0.207442194223404,,-0.150301367044449,-0.20097342133522,-0.217028141021729,-0.132730960845947,-0.203004643321037,-0.210434347391129,-0.229520425200462,-0.123855970799923,-0.151199817657471,-0.163809210062027,,,,-0.112355902791023,-0.169356152415276,-0.171817019581795
12650.0,-0.240934520959854,,,,-0.207450017333031,,-0.150309190154076,-0.200942143797874,-0.217004686594009,-0.132699683308601,-0.202965646982193,-0.21040315926075,-0.229512602090836,-0.123832516372204,-0.151215463876724,-0.163793563842773,,,,-0.11234026402235,-0.169340521097183,-0.171809196472168
12660.0,-0.240918874740601,,,,-0.207465648651123,,-0.150316998362541,-0.200910955667496,-0.216981321573257,-0.132660672068596,-0.20292654633522,-0.210379704833031,-0.229504778981209,-0.12381687015295,-0.151231005787849,-0.163777932524681,,,,-0.112324617803097,-0.16932487487793,-0.17180147767067
12670.0,-0.240911051630974,,,,-0.20747347176075,,-0.150324821472168,-0.20087967813015,-0.216957852244377,-0.13262939453125,-0.202895268797874,-0.21035623550415,-0.229504778981209,-0.123801231384277,-0.151246652007103,-0.163770109415054,,,,-0.112308979034424,-0.169309243559837,-0.171785831451416
,,,,,,,,,,,,,,,,,,,,,,
