t_s,R75,51,R77,53,R78,55,R80,57,R81,59,R83,61,R92,63,R98,65,R102,67,R103,69,R104,71,R105,73,R106,75,R99,77,R100,79,R101,81,R116,83,R117,85,R118,87,R119,89,R120,91,R121,93,R122,95,R123
0,0.013109034858644,0,0.0322700403630733,0,-0.0161137282848358,0,-0.019763745367527,0,0.0247278306633234,0,-0.0318762920796871,0,-0.0351645834743977,0,-0.0333927050232887,0,0.0550123192369938,0,0.0367427133023739,0,-0.0469068177044392,0,0.0442193113267422,0,0.0227918811142445,0,0.102399997413158,0,-0.0012066459748894,0,-0.102080464363098,0,0.0277637764811516,0,-0.102080464363098,0,0.0330778583884239,0,0.0505857355892658,0,0.00833558104932308,0,0.0498068332672119,0,0.0443224310874939,0,0.0596381165087223
10,0.0147540094330907,10,0.0331133864820004,10,-0.0158320423215628,10,-0.0167305003851652,10,0.0254415515810251,10,-0.0315978042781353,10,-0.0350899696350098,10,-0.0331055633723736,10,0.0553322806954384,10,0.037285327911377,10,-0.0440821647644043,10,0.044871237128973,10,0.0249259006232023,10,1.02400004863739,10,0.00082426070002839,10,-1.02400004863739,10,0.0294102672487497,10,-1.02400004863739,10,0.0348087325692177,10,0.050957202911377,10,0.00994148291647434,10,0.0499103553593159,10,0.0449494384229183,10,0.0599103942513466
20,0.0158205032348633,20,0.0336332321166992,20,-0.0156641006469727,20,-0.0143356323242188,20,0.0258989334106445,20,-0.031367301940918,20,-0.0349607467651367,20,-0.0328512191772461,20,0.0555076599121094,20,0.0375394821166992,20,-0.0419139862060547,20,0.0452737808227539,20,0.0264453887939453,20,5.64537334442139,20,0.00222682952880859,20,-2.07590675354004,20,0.0305080413818359,20,-6.17045307159424,20,0.0358982086181641,20,0.0511331558227539,20,0.0110549926757812,20,0.0498828887939453,20,0.0453519821166992,20,0.0601177215576172
30,0.0166015625,30,0.0340232849121094,30,-0.0155858993530273,30,-0.0123825073242188,30,0.0262889862060547,30,-0.0312108993530273,30,-0.0349607467651367,30,-0.0326175689697266,30,0.0555858612060547,30,0.0377740859985352,30,-0.0402736663818359,30,0.0456638336181641,30,0.0276174545288086,30,5.34865283966064,30,0.00324249267578125,30,-2.70692443847656,30,0.0312891006469727,30,-6.36381340026855,30,0.0367584228515625,30,0.0512895584106445,30,0.011836051940918,30,0.0498828887939453,30,0.0456638336181641,30,0.0601959228515625
40,0.0170707702636719,40,0.0343360900878906,40,-0.015507698059082,40,-0.0108203887939453,40,0.0265235900878906,40,-0.031132698059082,40,-0.0348825454711914,40,-0.0324611663818359,40,0.0556640625,40,0.0378513336181641,40,-0.0388669967651367,40,0.0458984375,40,0.0284767150878906,40,5.06849575042725,40,0.00402355194091797,40,-3.27536392211914,40,0.0319919586181641,40,-6.54514217376709,40,0.0373830795288086,40,0.0514459609985352,40,0.0124607086181641,40,0.0498046875,40,0.0459766387939453,40,0.0602741241455078
50,0.0173826217651367,50,0.0345706939697266,50,-0.015507698059082,50,-0.00957012176513672,50,0.0267581939697266,50,-0.0309762954711914,50,-0.0348825454711914,50,-0.0323047637939453,50,0.0556640625,50,0.0379295349121094,50,-0.0376176834106445,50,0.0461330413818359,50,0.0292577743530273,50,4.80146312713623,50,0.00464820861816406,50,-3.78630352020264,50,0.0325393676757812,50,-6.71443939208984,50,0.0379295349121094,50,0.0515232086181641,50,0.0130081176757812,50,0.0496482849121094,50,0.0461330413818359,50,0.0603513717651367
60,0.0176172256469727,60,0.0347270965576172,60,-0.0155858993530273,60,-0.00847625732421875,60,0.0269145965576172,60,-0.0308980941772461,60,-0.0348043441772461,60,-0.0321483612060547,60,0.0556640625,60,0.0379295349121094,60,-0.0366020202636719,60,0.0462894439697266,60,0.0298051834106445,60,4.54466533660889,60,0.00519561767578125,60,-4.247398853302,60,0.0330076217651367,60,-6.87233066558838,60,0.0383205413818359,60,0.0515232086181641,60,0.0133981704711914,60,0.0494928359985352,60,0.0462894439697266,60,0.0603513717651367
70,0.0177736282348633,70,0.0348052978515625,70,-0.0156641006469727,70,-0.00753879547119141,70,0.0270700454711914,70,-0.0307426452636719,70,-0.0347270965576172,70,-0.0319919586181641,70,0.0556640625,70,0.0379295349121094,70,-0.0356645584106445,70,0.0463676452636719,70,0.0302734375,70,4.29739952087402,70,0.00574207305908203,70,-4.66357231140137,70,0.0334768295288086,70,-7.02037811279297,70,0.0386333465576172,70,0.0515232086181641,70,0.013789176940918,70,0.0493364334106445,70,0.0463676452636719,70,0.0603513717651367
80,0.0180082321166992,80,0.0348825454711914,80,-0.0156641006469727,80,-0.00667953491210938,80,0.027226448059082,80,-0.0306644439697266,80,-0.0346488952636719,80,-0.0318355560302734,80,0.0556640625,80,0.0379295349121094,80,-0.0348043441772461,80,0.0464458465576172,80,0.0306644439697266,80,4.05708599090576,80,0.00621128082275391,80,-5.03958940505981,80,0.0338668823242188,80,-7.15951919555664,80,0.0388669967651367,80,0.0515232086181641,80,0.0141019821166992,80,0.0491800308227539,80,0.0464458465576172,80,0.0603513717651367
90,0.0181646347045898,90,0.0349607467651367,90,-0.0158205032348633,90,-0.00597667694091797,90,0.0273046493530273,90,-0.0305080413818359,90,-0.0346488952636719,90,-0.0316801071166992,90,0.0556640625,90,0.0379295349121094,90,-0.0341014862060547,90,0.0465240478515625,90,0.0309762954711914,90,3.82435035705566,90,0.00667953491210938,90,-5.38005924224854,90,0.0341796875,90,-7.29006671905518,90,0.0391016006469727,90,0.0515232086181641,90,0.0143356323242188,90,0.048945426940918,90,0.0465240478515625,90,0.0602741241455078
100,0.0183982849121094,100,0.035038948059082,100,-0.0158987045288086,100,-0.00519561767578125,100,0.0273828506469727,100,-0.0304298400878906,100,-0.0345706939697266,100,-0.0315237045288086,100,0.0555858612060547,100,0.0379295349121094,100,-0.0333986282348633,100,0.0465240478515625,100,0.0312891006469727,100,3.59778690338135,100,0.00714874267578125,100,-5.68920135498047,100,0.0345706939697266,100,-7.41326999664307,100,0.0392580032348633,100,0.0515232086181641,100,0.0145702362060547,100,0.048710823059082,100,0.0466022491455078,100,0.0602741241455078
110,0.0185546875,110,0.0351171493530273,110,-0.0159769058227539,110,-0.00449180603027344,110,0.027461051940918,110,-0.0302734375,110,-0.0344924926757812,110,-0.031367301940918,110,0.0555858612060547,110,0.0379295349121094,110,-0.0327739715576172,110,0.0466022491455078,110,0.0316019058227539,110,3.37841129302979,110,0.00761699676513672,110,-5.96779584884644,110,0.0348825454711914,110,-7.52873945236206,110,0.0394144058227539,110,0.0515232086181641,110,0.0147266387939453,110,0.0484771728515625,110,0.0466022491455078,110,0.0601959228515625
120,0.0187892913818359,120,0.0351171493530273,120,-0.0160551071166992,120,-0.00386714935302734,120,0.0275392532348633,120,-0.0301952362060547,120,-0.0344142913818359,120,-0.0312891006469727,120,0.0555076599121094,120,0.0378513336181641,120,-0.0322265625,120,0.0466022491455078,120,0.0318365097045898,120,3.1645040512085,120,0.00800800323486328,120,-6.21701574325562,120,0.0351171493530273,120,-7.63850545883179,120,0.0395708084106445,120,0.0514459609985352,120,0.0148830413818359,120,0.0483207702636719,120,0.0466794967651367,120,0.0601177215576172
130,0.0189456939697266,130,0.0351171493530273,130,-0.0162105560302734,130,-0.00316429138183594,130,0.0275392532348633,130,-0.0301170349121094,130,-0.0344142913818359,130,-0.031132698059082,130,0.0555076599121094,130,0.0377740859985352,130,-0.0317583084106445,130,0.0466022491455078,130,0.0320701599121094,130,2.95536327362061,130,0.00839805603027344,130,-6.4420166015625,130,0.0354299545288086,130,-7.74280261993408,130,0.0397272109985352,130,0.0514459609985352,130,0.0150394439697266,130,0.0480079650878906,130,0.0466794967651367,130,0.0600395202636719
140,0.0191793441772461,140,0.0351171493530273,140,-0.0162887573242188,140,-0.00253868103027344,140,0.0276174545288086,140,-0.0299606323242188,140,-0.0343360900878906,140,-0.0309762954711914,140,0.0554304122924805,140,0.0377740859985352,140,-0.0312891006469727,140,0.0466022491455078,140,0.0323047637939453,140,2.75168991088867,140,0.00871086120605469,140,-6.6426420211792,140,0.0356645584106445,140,-7.84069347381592,140,0.0398044586181641,140,0.0513677597045898,140,0.0151958465576172,140,0.0477733612060547,140,0.0466794967651367,140,0.0600395202636719
150,0.019413948059082,150,0.0351171493530273,150,-0.0163669586181641,150,-0.00199222564697266,150,0.0276174545288086,150,-0.0298824310302734,150,-0.0342578887939453,150,-0.0308208465576172,150,0.0553522109985352,150,0.0376958847045898,150,-0.0308208465576172,150,0.0466022491455078,150,0.0324611663818359,150,2.55270481109619,150,0.00910186767578125,150,-6.821861743927,150,0.0358209609985352,150,-7.93319416046143,150,0.0399608612060547,150,0.0512895584106445,150,0.0153512954711914,150,0.0475397109985352,150,0.0466794967651367,150,0.0599613189697266
160,0.019648551940918,160,0.0351953506469727,160,-0.0164451599121094,160,-0.00136756896972656,160,0.0276956558227539,160,-0.0298051834106445,160,-0.0341796875,160,-0.0307426452636719,160,0.0552740097045898,160,0.0376176834106445,160,-0.0304298400878906,160,0.0466022491455078,160,0.0326175689697266,160,2.35848522186279,160,0.00933647155761719,160,-6.98108100891113,160,0.0360546112060547,160,-8.02116298675537,160,0.0400390625,160,0.0512895584106445,160,0.0154294967651367,160,0.0473051071166992,160,0.0466794967651367,160,0.0598049163818359
170,0.0198831558227539,170,0.0351171493530273,170,-0.0166015625,170,-0.000820159912109375,170,0.0276956558227539,170,-0.0296487808227539,170,-0.0341014862060547,170,-0.0305862426757812,170,0.0551958084106445,170,0.0375394821166992,170,-0.0300388336181641,170,0.0466022491455078,170,0.0327739715576172,170,2.16871929168701,170,0.00964832305908203,170,-7.12280035018921,170,0.0362110137939453,170,-8.10444450378418,170,0.0401172637939453,170,0.0512113571166992,170,0.0155858993530273,170,0.046992301940918,170,0.0466794967651367,170,0.0597267150878906
180,0.0201177597045898,180,0.0351171493530273,180,-0.0166797637939453,180,-0.000273704528808594,180,0.0276956558227539,180,-0.0295705795288086,180,-0.0340232849121094,180,-0.0304298400878906,180,0.0551176071166992,180,0.0374612808227539,180,-0.0296487808227539,180,0.0466022491455078,180,0.0329294204711914,180,1.98356246948242,180,0.00996112823486328,180,-7.24991035461426,180,0.0364456176757812,180,-8.18389797210693,180,0.0402736663818359,180,0.0511331558227539,180,0.0156641006469727,180,0.046757698059082,180,0.0466794967651367,180,0.0596485137939453
190,0.0203514099121094,190,0.0351171493530273,190,-0.0168361663818359,190,0.000273704528808594,190,0.0276956558227539,190,-0.0294923782348633,190,-0.0339450836181641,190,-0.0303516387939453,190,0.0550394058227539,190,0.0373048782348633,190,-0.0292577743530273,190,0.0465240478515625,190,0.033085823059082,190,1.80184268951416,190,0.0101957321166992,190,-7.36498880386353,190,0.0366020202636719,190,-8.25866413116455,190,0.0403518676757812,190,0.0510549545288086,190,0.015742301940918,190,0.0464458465576172,190,0.0466022491455078,190,0.0594921112060547
200,0.0205860137939453,200,0.0351171493530273,200,-0.0169143676757812,200,0.000741958618164062,200,0.0276956558227539,200,-0.029414176940918,200,-0.0338668823242188,200,-0.0301952362060547,200,0.0549612045288086,200,0.037226676940918,200,-0.0289449691772461,200,0.0465240478515625,200,0.0331640243530273,200,1.62426376342773,200,0.0104293823242188,200,-7.46795797348022,200,0.0367584228515625,200,-8.32960224151611,200,0.0404300689697266,200,0.0510549545288086,200,0.0158205032348633,200,0.0462112426757812,200,0.0466022491455078,200,0.0594139099121094
210,0.0207424163818359,210,0.0351171493530273,210,-0.0169925689697266,210,0.00128936767578125,210,0.0277738571166992,210,-0.0293359756469727,210,-0.0338668823242188,210,-0.0301170349121094,210,0.0548830032348633,210,0.0371484756469727,210,-0.0287113189697266,210,0.0465240478515625,210,0.033320426940918,210,1.44895076751709,210,0.0106639862060547,210,-7.55975532531738,210,0.0368356704711914,210,-8.39764881134033,210,0.0405082702636719,210,0.0509767532348633,210,0.0158987045288086,210,0.0458984375,210,0.0466022491455078,210,0.0592584609985352
220,0.0209770202636719,220,0.0351171493530273,220,-0.0170707702636719,220,0.00175762176513672,220,0.0277738571166992,220,-0.0292577743530273,220,-0.0337114334106445,220,-0.0299606323242188,220,0.054804801940918,220,0.0370702743530273,220,-0.0283985137939453,220,0.0465240478515625,220,0.0333986282348633,220,1.27434062957764,220,0.0108203887939453,220,-7.64358377456665,220,0.036992073059082,220,-8.462571144104,220,0.0405864715576172,220,0.050898551940918,220,0.0159769058227539,220,0.0456638336181641,220,0.0466022491455078,220,0.0591802597045898
230,0.0211324691772461,230,0.0351171493530273,230,-0.0172262191772461,230,0.00214862823486328,230,0.0277738571166992,230,-0.0291013717651367,230,-0.0336332321166992,230,-0.0298824310302734,230,0.0547266006469727,230,0.0369138717651367,230,-0.0280857086181641,230,0.0464458465576172,230,0.0335550308227539,230,1.10160541534424,230,0.0110549926757812,230,-7.72006797790527,230,0.0370702743530273,230,-8.52327442169189,230,0.0406646728515625,230,0.0508203506469727,230,0.0160551071166992,230,0.0453519821166992,230,0.0466022491455078,230,0.0590238571166992
240,0.021367073059082,240,0.0351171493530273,240,-0.0173044204711914,240,0.00261688232421875,240,0.0277738571166992,240,-0.0290231704711914,240,-0.0335550308227539,240,-0.0297269821166992,240,0.0546483993530273,240,0.0368356704711914,240,-0.0277738571166992,240,0.0464458465576172,240,0.0336332321166992,240,0.929886817932129,240,0.0112895965576172,240,-7.78889656066895,240,0.037226676940918,240,-8.58054065704346,240,0.0407419204711914,240,0.0507421493530273,240,0.0161333084106445,240,0.0451173782348633,240,0.0466022491455078,240,0.0588674545288086
250,0.0215234756469727,250,0.0351171493530273,250,-0.0173826217651367,250,0.00300788879394531,250,0.0277738571166992,250,-0.0289449691772461,250,-0.0334768295288086,250,-0.0296487808227539,250,0.054570198059082,250,0.0367584228515625,250,-0.0275392532348633,250,0.0464458465576172,250,0.0337114334106445,250,0.758557319641113,250,0.0114450454711914,250,-7.85194396972656,250,0.0373048782348633,250,-8.63507175445557,250,0.0408201217651367,250,0.050663948059082,250,0.0162115097045898,250,0.044804573059082,250,0.0465240478515625,250,0.0587892532348633
260,0.0216798782348633,260,0.0351171493530273,260,-0.017460823059082,260,0.00339889526367188,260,0.0277738571166992,260,-0.0288677215576172,260,-0.0333986282348633,260,-0.0294923782348633,260,0.0544919967651367,260,0.0366020202636719,260,-0.0273046493530273,260,0.0463676452636719,260,0.0337896347045898,260,0.588400840759277,260,0.011601448059082,260,-7.9093656539917,260,0.0374612808227539,260,-8.68694686889648,260,0.040898323059082,260,0.0505857467651367,260,0.0162115097045898,260,0.0444927215576172,260,0.0465240478515625,260,0.0586328506469727
270,0.0218362808227539,270,0.0351171493530273,270,-0.0175390243530273,270,0.00371074676513672,270,0.0277738571166992,270,-0.0287895202636719,270,-0.0333986282348633,270,-0.029414176940918,270,0.0544147491455078,270,0.0365238189697266,270,-0.0270700454711914,270,0.0463676452636719,270,0.0339450836181641,270,0.418634414672852,270,0.0117578506469727,270,-7.96092891693115,270,0.0375394821166992,270,-8.7368688583374,270,0.0409765243530273,270,0.0504302978515625,270,0.0162887573242188,270,0.0442581176757812,270,0.0465240478515625,270,0.058476448059082
280,0.0219926834106445,280,0.035038948059082,280,-0.0176172256469727,280,0.00410175323486328,280,0.0277738571166992,280,-0.0287113189697266,280,-0.033320426940918,280,-0.0293359756469727,280,0.0542583465576172,280,0.0364456176757812,280,-0.0269145965576172,280,0.0463676452636719,280,0.0340232849121094,280,0.250118255615234,280,0.0119142532348633,280,-8.00772571563721,280,0.0376176834106445,280,-8.78335380554199,280,0.0410547256469727,280,0.0503520965576172,280,0.0163669586181641,280,0.0439453125,280,0.0465240478515625,280,0.0583209991455078
290,0.0221481323242188,290,0.035038948059082,290,-0.017695426940918,290,0.00441455841064453,290,0.0277738571166992,290,-0.0286331176757812,290,-0.0332422256469727,290,-0.029179573059082,290,0.0541801452636719,290,0.0362892150878906,290,-0.0266799926757812,290,0.0462894439697266,290,0.0341014862060547,290,0.0834770202636719,290,0.0120706558227539,290,-8.05116367340088,290,0.0376958847045898,290,-8.82710361480713,290,0.0410547256469727,290,0.0502738952636719,290,0.0163669586181641,290,0.0436334609985352,290,0.0465240478515625,290,0.0581645965576172
300,0.0222263336181641,300,0.035038948059082,300,-0.0177736282348633,300,0.00472640991210938,300,0.0277738571166992,300,-0.0285549163818359,300,-0.0331640243530273,300,-0.0291013717651367,300,0.0541019439697266,300,0.0362110137939453,300,-0.0264453887939453,300,0.0462894439697266,300,0.0341796875,300,-0.0814456939697266,300,0.0121488571166992,300,-8.09116363525391,300,0.0377740859985352,300,-8.86827564239502,300,0.041132926940918,300,0.0501956939697266,300,0.0164451599121094,300,0.0433988571166992,300,0.0464458465576172,300,0.0580081939697266
310,0.0223827362060547,310,0.035038948059082,310,-0.0178518295288086,310,0.00503921508789062,310,0.0277738571166992,310,-0.0284767150878906,310,-0.033085823059082,310,-0.0290231704711914,310,0.0540237426757812,310,0.0360546112060547,310,-0.0262889862060547,310,0.0462894439697266,310,0.0342578887939453,310,-0.244805335998535,310,0.0123043060302734,310,-8.12741374969482,310,0.0378513336181641,310,-8.90811920166016,310,0.0412111282348633,310,0.0500392913818359,310,0.0165233612060547,310,0.043086051940918,310,0.0464458465576172,310,0.0577735900878906
320,0.0224609375,320,0.035038948059082,320,-0.0179300308227539,320,0.00527381896972656,320,0.0277738571166992,320,-0.0283985137939453,320,-0.0330076217651367,320,-0.0289449691772461,320,0.0539455413818359,320,0.0359764099121094,320,-0.0261325836181641,320,0.0462112426757812,320,0.0342578887939453,320,-0.406134605407715,320,0.0124607086181641,320,-8.16077327728271,320,0.0378513336181641,320,-8.94515132904053,320,0.0412893295288086,320,0.0499610900878906,320,0.0165233612060547,320,0.0427732467651367,320,0.0464458465576172,320,0.0576171875
330,0.0225391387939453,330,0.035038948059082,330,-0.0180082321166992,330,0.00550746917724609,330,0.0277738571166992,330,-0.0283203125,330,-0.0329294204711914,330,-0.0287895202636719,330,0.0537891387939453,330,0.0358209609985352,330,-0.0259761810302734,330,0.0462112426757812,330,0.0343360900878906,330,-0.565353393554688,330,0.0125389099121094,330,-8.19171047210693,330,0.0379295349121094,330,-8.97999477386475,330,0.0412893295288086,330,0.0498046875,330,0.0166015625,330,0.0425395965576172,330,0.0464458465576172,330,0.0574607849121094
340,0.0226173400878906,340,0.035038948059082,340,-0.0180864334106445,340,0.00582027435302734,340,0.0277738571166992,340,-0.0282421112060547,340,-0.0328512191772461,340,-0.0287113189697266,340,0.0537109375,340,0.0356645584106445,340,-0.0257425308227539,340,0.0461330413818359,340,0.0344142913818359,340,-0.722854614257812,340,0.0126953125,340,-8.2209300994873,340,0.0380077362060547,340,-9.01272964477539,340,0.0413675308227539,340,0.0497264862060547,340,0.0166015625,340,0.0422267913818359,340,0.0463676452636719,340,0.0572271347045898
350,0.0226955413818359,350,0.035038948059082,350,-0.0181636810302734,350,0.00605487823486328,350,0.0277738571166992,350,-0.0281639099121094,350,-0.0327739715576172,350,-0.0286331176757812,350,0.0536327362060547,350,0.0355863571166992,350,-0.0255861282348633,350,0.0461330413818359,350,0.0344924926757812,350,-0.878323554992676,350,0.0127735137939453,350,-8.2470235824585,350,0.0380077362060547,350,-9.04421424865723,350,0.0413675308227539,350,0.0495700836181641,350,0.0166797637939453,350,0.0419921875,350,0.0463676452636719,350,0.0570707321166992
360,0.0227737426757812,360,0.035038948059082,360,-0.0182418823242188,360,0.00628948211669922,360,0.0277738571166992,360,-0.0280857086181641,360,-0.0326957702636719,360,-0.0285549163818359,360,0.0535545349121094,360,0.0354299545288086,360,-0.0254297256469727,360,0.0461330413818359,360,0.0344924926757812,360,-1.03168392181396,360,0.0129299163818359,360,-8.2704610824585,360,0.0380859375,360,-9.07335472106934,360,0.0414457321166992,360,0.0494928359985352,360,0.0167579650878906,360,0.0416803359985352,360,0.0463676452636719,360,0.0568361282348633
370,0.0228519439697266,370,0.035038948059082,370,-0.0183200836181641,370,0.00644493103027344,370,0.0277738571166992,370,-0.0280075073242188,370,-0.0326175689697266,370,-0.0284767150878906,370,0.0533990859985352,370,0.035273551940918,370,-0.025273323059082,370,0.0460548400878906,370,0.0345706939697266,370,-1.18301200866699,370,0.0130081176757812,370,-8.29264831542969,370,0.0380859375,370,-9.10101127624512,370,0.0414457321166992,370,0.0493364334106445,370,0.0167579650878906,370,0.0413675308227539,370,0.0463676452636719,370,0.0566015243530273
380,0.0228519439697266,380,0.035038948059082,380,-0.0183982849121094,380,0.00667953491210938,380,0.0278520584106445,380,-0.0279293060302734,380,-0.0325393676757812,380,-0.0283985137939453,380,0.0533208847045898,380,0.0351953506469727,380,-0.0251169204711914,380,0.0460548400878906,380,0.0345706939697266,380,-1.33270072937012,380,0.0130863189697266,380,-8.31264877319336,380,0.0381641387939453,380,-9.12702655792236,380,0.0415239334106445,380,0.0491800308227539,380,0.0168361663818359,380,0.041132926940918,380,0.0463676452636719,380,0.0563678741455078
390,0.0229301452636719,390,0.035038948059082,390,-0.0184764862060547,390,0.00691413879394531,390,0.0278520584106445,390,-0.0278520584106445,390,-0.0324611663818359,390,-0.0283203125,390,0.0531644821166992,390,0.035038948059082,390,-0.0250387191772461,390,0.0459766387939453,390,0.0346488952636719,390,-1.48035717010498,390,0.0131645202636719,390,-8.3310079574585,390,0.0381641387939453,390,-9.1526517868042,390,0.0415239334106445,390,0.0490236282348633,390,0.0168361663818359,390,0.0408201217651367,390,0.0462894439697266,390,0.0561332702636719
400,0.0229301452636719,400,0.035038948059082,400,-0.0184764862060547,400,0.00707054138183594,400,0.0278520584106445,400,-0.0278520584106445,400,-0.0323829650878906,400,-0.0282421112060547,400,0.0530862808227539,400,0.0348825454711914,400,-0.0248832702636719,400,0.0459766387939453,400,0.0347270965576172,400,-1.6254358291626,400,0.0133199691772461,400,-8.34796142578125,400,0.0382423400878906,400,-9.17679214477539,400,0.0415239334106445,400,0.0488672256469727,400,0.0169143676757812,400,0.0405864715576172,400,0.0462894439697266,400,0.0558986663818359
410,0.0229301452636719,410,0.035038948059082,410,-0.0185546875,410,0.00722694396972656,410,0.0278520584106445,410,-0.0277738571166992,410,-0.0323047637939453,410,-0.0281639099121094,410,0.0529298782348633,410,0.0348052978515625,410,-0.0247268676757812,410,0.0458984375,410,0.0347270965576172,410,-1.76879596710205,410,0.0133981704711914,410,-8.36335182189941,410,0.0382423400878906,410,-9.19905853271484,410,0.0416021347045898,410,0.048710823059082,410,0.0169925689697266,410,0.0402736663818359,410,0.0462894439697266,410,0.0556640625
420,0.0229301452636719,420,0.035038948059082,420,-0.0186328887939453,420,0.00738334655761719,420,0.0278520584106445,420,-0.0276956558227539,420,-0.0322265625,420,-0.0280857086181641,420,0.052851676940918,420,0.0346488952636719,420,-0.0245704650878906,420,0.0458984375,420,0.0347270965576172,420,-1.91043663024902,420,0.0134763717651367,420,-8.3778829574585,420,0.0382423400878906,420,-9.22023010253906,420,0.0416021347045898,420,0.0485553741455078,420,0.0169925689697266,420,0.0399608612060547,420,0.0462894439697266,420,0.0553522109985352
430,0.0230083465576172,430,0.035038948059082,430,-0.0187110900878906,430,0.00753879547119141,430,0.0278520584106445,430,-0.0276174545288086,430,-0.0321483612060547,430,-0.0280075073242188,430,0.0526952743530273,430,0.0344924926757812,430,-0.0244922637939453,430,0.0458984375,430,0.0348052978515625,430,-2.0508279800415,430,0.013554573059082,430,-8.39178943634033,430,0.0382423400878906,430,-9.24030876159668,430,0.0416021347045898,430,0.0483989715576172,430,0.0170707702636719,430,0.0397272109985352,430,0.0462894439697266,430,0.0551176071166992
440,0.0229301452636719,440,0.035038948059082,440,-0.0187110900878906,440,0.00769519805908203,440,0.0278520584106445,440,-0.0275392532348633,440,-0.0320701599121094,440,-0.0279293060302734,440,0.052617073059082,440,0.0344142913818359,440,-0.0243358612060547,440,0.0458202362060547,440,0.0348052978515625,440,-2.1884069442749,440,0.0136327743530273,440,-8.40405559539795,440,0.0382423400878906,440,-9.25960540771484,440,0.0416021347045898,440,0.0482425689697266,440,0.0170707702636719,440,0.0394144058227539,440,0.0462112426757812,440,0.0548830032348633
450,0.0229301452636719,450,0.035038948059082,450,-0.0187892913818359,450,0.00785160064697266,450,0.0278520584106445,450,-0.027461051940918,450,-0.0319919586181641,450,-0.0278520584106445,450,0.0524616241455078,450,0.0342578887939453,450,-0.0242576599121094,450,0.0458202362060547,450,0.0348052978515625,450,-2.32411050796509,450,0.0137109756469727,450,-8.41538333892822,450,0.0382423400878906,450,-9.27819919586182,450,0.0416021347045898,450,0.0480861663818359,450,0.0171489715576172,450,0.039179801940918,450,0.0462112426757812,450,0.0546483993530273
460,0.0229301452636719,460,0.035038948059082,460,-0.0188674926757812,460,0.00792980194091797,460,0.0278520584106445,460,-0.0273828506469727,460,-0.0319137573242188,460,-0.0277738571166992,460,0.0523834228515625,460,0.0341014862060547,460,-0.0241012573242188,460,0.0457420349121094,460,0.0348825454711914,460,-2.45825147628784,460,0.013789176940918,460,-8.42468070983887,460,0.0382423400878906,460,-9.29515266418457,460,0.0415239334106445,460,0.0478515625,460,0.0171489715576172,460,0.0388669967651367,460,0.0462112426757812,460,0.0543365478515625
470,0.0229301452636719,470,0.035038948059082,470,-0.0188674926757812,470,0.00808620452880859,470,0.0278520584106445,470,-0.0273828506469727,470,-0.0318355560302734,470,-0.0276956558227539,470,0.0522270202636719,470,0.0340232849121094,470,-0.0240230560302734,470,0.0457420349121094,470,0.0348825454711914,470,-2.5904393196106,470,0.0138673782348633,470,-8.43491458892822,470,0.0382423400878906,470,-9.31194972991943,470,0.0415239334106445,470,0.0476951599121094,470,0.0172262191772461,470,0.0386333465576172,470,0.0462112426757812,470,0.0541019439697266
480,0.0229301452636719,480,0.035038948059082,480,-0.0189456939697266,480,0.00824260711669922,480,0.0278520584106445,480,-0.0273046493530273,480,-0.0317583084106445,480,-0.0276174545288086,480,0.0521488189697266,480,0.0338668823242188,480,-0.0239458084106445,480,0.0456638336181641,480,0.0348825454711914,480,-2.72059631347656,480,0.0139455795288086,480,-8.44436836242676,480,0.0382423400878906,480,-9.32757472991943,480,0.0415239334106445,480,0.0475397109985352,480,0.0173044204711914,480,0.0383205413818359,480,0.0462112426757812,480,0.0537891387939453
490,0.0229301452636719,490,0.035038948059082,490,-0.0190238952636719,490,0.00832080841064453,490,0.0278520584106445,490,-0.027226448059082,490,-0.0316801071166992,490,-0.0275392532348633,490,0.0519924163818359,490,0.0337114334106445,490,-0.0237894058227539,490,0.0455865859985352,490,0.0349607467651367,490,-2.84903430938721,490,0.0140237808227539,490,-8.45163345336914,490,0.0382423400878906,490,-9.3429651260376,490,0.0415239334106445,490,0.0473833084106445,490,0.0173044204711914,490,0.0380859375,490,0.0462112426757812,490,0.0534763336181641
500,0.0229301452636719,500,0.035038948059082,500,-0.0190238952636719,500,0.00839805603027344,500,0.0278520584106445,500,-0.027226448059082,500,-0.0316019058227539,500,-0.027461051940918,500,0.0519142150878906,500,0.0336332321166992,500,-0.0237112045288086,500,0.0455865859985352,500,0.0349607467651367,500,-2.97606611251831,500,0.0141019821166992,500,-8.45952415466309,500,0.0381641387939453,500,-9.35780906677246,500,0.0414457321166992,500,0.0471487045288086,500,0.0173826217651367,500,0.0377740859985352,500,0.0462112426757812,500,0.0532426834106445
510,0.0229301452636719,510,0.035038948059082,510,-0.0191011428833008,510,0.00855445861816406,510,0.0278520584106445,510,-0.0271482467651367,510,-0.0316019058227539,510,-0.027461051940918,510,0.0517578125,510,0.0334768295288086,510,-0.0236330032348633,510,0.0455083847045898,510,0.0349607467651367,510,-3.10176944732666,510,0.0141801834106445,510,-8.466477394104,510,0.0381641387939453,510,-9.37234020233154,510,0.0414457321166992,510,0.046992301940918,510,0.0173826217651367,510,0.0375394821166992,510,0.0461330413818359,510,0.0529298782348633
520,0.0229301452636719,520,0.035038948059082,520,-0.0191793441772461,520,0.00863265991210938,520,0.0278520584106445,520,-0.0270700454711914,520,-0.0315237045288086,520,-0.0273828506469727,520,0.0516014099121094,520,0.033320426940918,520,-0.023554801940918,520,0.0455083847045898,520,0.0349607467651367,520,-3.22575426101685,520,0.0142574310302734,520,-8.47327423095703,520,0.0380859375,520,-9.38585567474365,520,0.0413675308227539,520,0.046757698059082,520,0.017460823059082,520,0.0373048782348633,520,0.0461330413818359,520,0.052617073059082
530,0.0229301452636719,530,0.035038948059082,530,-0.0191793441772461,530,0.00871086120605469,530,0.0278520584106445,530,-0.0269918441772461,530,-0.0314455032348633,530,-0.0273046493530273,530,0.0515232086181641,530,0.0332422256469727,530,-0.0234766006469727,530,0.0454301834106445,530,0.0349607467651367,530,-3.34786415100098,530,0.0143356323242188,530,-8.47936820983887,530,0.0380859375,530,-9.39968395233154,530,0.0413675308227539,530,0.0466022491455078,530,0.017460823059082,530,0.036992073059082,530,0.0461330413818359,530,0.0523052215576172
540,0.0229301452636719,540,0.035038948059082,540,-0.0192575454711914,540,0.0087890625,540,0.0278520584106445,540,-0.0269918441772461,540,-0.031367301940918,540,-0.027226448059082,540,0.0513677597045898,540,0.033085823059082,540,-0.0233983993530273,540,0.0454301834106445,540,0.0349607467651367,540,-3.46864604949951,540,0.0144138336181641,540,-8.48616504669189,540,0.0380077362060547,540,-9.41234016418457,540,0.0412893295288086,540,0.0464458465576172,540,0.0175390243530273,540,0.0367584228515625,540,0.0461330413818359,540,0.0519924163818359
550,0.0229301452636719,550,0.035038948059082,550,-0.0192575454711914,550,0.00886726379394531,550,0.0278520584106445,550,-0.0269145965576172,550,-0.0312891006469727,550,-0.0271482467651367,550,0.0512113571166992,550,0.0329294204711914,550,-0.023320198059082,550,0.0453519821166992,550,0.035038948059082,550,-3.58700561523438,550,0.0144920349121094,550,-8.49225902557373,550,0.0380077362060547,550,-9.42437171936035,550,0.0412893295288086,550,0.0462112426757812,550,0.0175390243530273,550,0.0365238189697266,550,0.0461330413818359,550,0.0517578125
560,0.0230083465576172,560,0.035038948059082,560,-0.0193357467651367,560,0.00894546508789062,560,0.0278520584106445,560,-0.0268363952636719,560,-0.0312108993530273,560,-0.0270700454711914,560,0.0510549545288086,560,0.0328521728515625,560,-0.0232419967651367,560,0.0452737808227539,560,0.035038948059082,560,-3.70434999465942,560,0.0144920349121094,560,-8.49788379669189,560,0.0379295349121094,560,-9.43609046936035,560,0.0412111282348633,560,0.0460548400878906,560,0.0176172256469727,560,0.0362892150878906,560,0.0461330413818359,560,0.0514459609985352
570,0.0230083465576172,570,0.035038948059082,570,-0.0193357467651367,570,0.00902366638183594,570,0.0278520584106445,570,-0.0267581939697266,570,-0.031132698059082,570,-0.0270700454711914,570,0.050898551940918,570,0.0326957702636719,570,-0.0231637954711914,570,0.0452737808227539,570,0.035038948059082,570,-3.81981897354126,570,0.0145702362060547,570,-8.50218105316162,570,0.0378513336181641,570,-9.44765281677246,570,0.041132926940918,570,0.0458202362060547,570,0.0176172256469727,570,0.0359764099121094,570,0.0460548400878906,570,0.0511331558227539
580,0.0230083465576172,580,0.035038948059082,580,-0.019413948059082,580,0.00902366638183594,580,0.0278520584106445,580,-0.0267581939697266,580,-0.0310544967651367,580,-0.0269918441772461,580,0.0508203506469727,580,0.0325393676757812,580,-0.0230855941772461,580,0.0451955795288086,580,0.035038948059082,580,-3.93403816223145,580,0.0146484375,580,-8.50608730316162,580,0.0377740859985352,580,-9.45827770233154,580,0.0410547256469727,580,0.0456638336181641,580,0.0176172256469727,580,0.0357427597045898,580,0.0460548400878906,580,0.0508203506469727
590,0.0230083465576172,590,0.035038948059082,590,-0.019413948059082,590,0.00910186767578125,590,0.0278520584106445,590,-0.0266799926757812,590,-0.0309762954711914,590,-0.0269145965576172,590,0.050663948059082,590,0.0324611663818359,590,-0.0230855941772461,590,0.0451173782348633,590,0.035038948059082,590,-4.04677295684814,590,0.0147266387939453,590,-8.51007080078125,590,0.0376176834106445,590,-9.46905899047852,590,0.0409765243530273,590,0.0455083847045898,590,0.017695426940918,590,0.0355081558227539,590,0.0460548400878906,590,0.0505084991455078
600,0.0230855941772461,600,0.035038948059082,600,-0.0194921493530273,600,0.00918006896972656,600,0.0278520584106445,600,-0.0266017913818359,600,-0.0308980941772461,600,-0.0268363952636719,600,0.0505084991455078,600,0.0323047637939453,600,-0.0230073928833008,600,0.045039176940918,600,0.035038948059082,600,-4.15669536590576,600,0.0147266387939453,600,-8.51241493225098,600,0.0375394821166992,600,-9.47905921936035,600,0.040898323059082,600,0.0452737808227539,600,0.017695426940918,600,0.035273551940918,600,0.0460548400878906,600,0.0501956939697266
610,0.0230855941772461,610,0.035038948059082,610,-0.0194921493530273,610,0.00918006896972656,610,0.0278520584106445,610,-0.0266017913818359,610,-0.0308980941772461,610,-0.0268363952636719,610,0.0503520965576172,610,0.0321483612060547,610,-0.0229301452636719,610,0.045039176940918,610,0.035038948059082,610,-4.26622724533081,610,0.0148048400878906,610,-8.5160083770752,610,0.0374612808227539,610,-9.48898124694824,610,0.0408201217651367,610,0.0451173782348633,610,0.017695426940918,610,0.035038948059082,610,0.0460548400878906,610,0.0498828887939453
620,0.0231637954711914,620,0.035038948059082,620,-0.0195703506469727,620,0.00925827026367188,620,0.0278520584106445,620,-0.0265235900878906,620,-0.0308208465576172,620,-0.0267581939697266,620,0.0501956939697266,620,0.0320701599121094,620,-0.0229301452636719,620,0.0449609756469727,620,0.035038948059082,620,-4.37411832809448,620,0.0148830413818359,620,-8.51952457427979,620,0.0373048782348633,620,-9.49882507324219,620,0.0407419204711914,620,0.0448827743530273,620,0.0177736282348633,620,0.0348052978515625,620,0.0460548400878906,620,0.0495700836181641
630,0.0231637954711914,630,0.035038948059082,630,-0.0195703506469727,630,0.00925827026367188,630,0.0279302597045898,630,-0.0264453887939453,630,-0.0307426452636719,630,-0.0266799926757812,630,0.0500392913818359,630,0.0319137573242188,630,-0.0228519439697266,630,0.0448827743530273,630,0.035038948059082,630,-4.48091554641724,630,0.0148830413818359,630,-8.52241516113281,630,0.0371484756469727,630,-9.50835609436035,630,0.0406646728515625,630,0.0447263717651367,630,0.0177736282348633,630,0.0345706939697266,630,0.0460548400878906,630,0.0492582321166992
640,0.0232419967651367,640,0.035038948059082,640,-0.019648551940918,640,0.00933647155761719,640,0.0279302597045898,640,-0.0264453887939453,640,-0.0306644439697266,640,-0.0266799926757812,640,0.0498828887939453,640,0.0318365097045898,640,-0.0228519439697266,640,0.044804573059082,640,0.035038948059082,640,-4.58638477325439,640,0.0149612426757812,640,-8.52546215057373,640,0.0370702743530273,640,-9.51749706268311,640,0.0405082702636719,640,0.0444927215576172,640,0.0178518295288086,640,0.0343360900878906,640,0.0460548400878906,640,0.048945426940918
650,0.0232419967651367,650,0.035038948059082,650,-0.019648551940918,650,0.00941371917724609,650,0.0279302597045898,650,-0.0263671875,650,-0.0305862426757812,650,-0.0266017913818359,650,0.0497264862060547,650,0.0316801071166992,650,-0.0227737426757812,650,0.0447263717651367,650,0.035038948059082,650,-4.69044733047485,650,0.0150394439697266,650,-8.52733707427979,650,0.0369138717651367,650,-9.52624702453613,650,0.0404300689697266,650,0.0443363189697266,650,0.0178518295288086,650,0.0341014862060547,650,0.0459766387939453,650,0.0486326217651367
660,0.0232419967651367,660,0.035038948059082,660,-0.0197267532348633,660,0.00941371917724609,660,0.0279302597045898,660,-0.0263671875,660,-0.0305080413818359,660,-0.0265235900878906,660,0.0495700836181641,660,0.0315237045288086,660,-0.0227737426757812,660,0.0446481704711914,660,0.035038948059082,660,-4.79341650009155,660,0.0150394439697266,660,-8.52952480316162,660,0.0367584228515625,660,-9.53460693359375,660,0.0403518676757812,660,0.0441017150878906,660,0.0178518295288086,660,0.0337896347045898,660,0.0459766387939453,660,0.0483207702636719
670,0.023320198059082,670,0.035038948059082,670,-0.0197267532348633,670,0.00949192047119141,670,0.0279302597045898,670,-0.0262889862060547,670,-0.0305080413818359,670,-0.0265235900878906,670,0.0494146347045898,670,0.0314455032348633,670,-0.0227737426757812,670,0.0446481704711914,670,0.035038948059082,670,-4.89458894729614,670,0.0151176452636719,670,-8.53132152557373,670,0.0366020202636719,670,-9.54280948638916,670,0.0401954650878906,670,0.0439453125,670,0.0178518295288086,670,0.0336332321166992,670,0.0459766387939453,670,0.0480079650878906
680,0.023320198059082,680,0.035038948059082,680,-0.0197267532348633,680,0.00949192047119141,680,0.0279302597045898,680,-0.0262107849121094,680,-0.0304298400878906,680,-0.0264453887939453,680,0.0492582321166992,680,0.0312891006469727,680,-0.0226955413818359,680,0.0445709228515625,680,0.035038948059082,680,-4.99435472488403,680,0.0151958465576172,680,-8.53382110595703,680,0.0364456176757812,680,-9.55023193359375,680,0.0401172637939453,680,0.0437107086181641,680,0.0179300308227539,680,0.0333986282348633,680,0.0459766387939453,680,0.0476951599121094
690,0.0233983993530273,690,0.035038948059082,690,-0.0198049545288086,690,0.00957012176513672,690,0.0279302597045898,690,-0.0262107849121094,690,-0.0303516387939453,690,-0.0263671875,690,0.0491018295288086,690,0.0312108993530273,690,-0.0226955413818359,690,0.0444927215576172,690,0.035038948059082,690,-5.0926365852356,690,0.0151958465576172,690,-8.53460311889648,690,0.0362892150878906,690,-9.55827808380127,690,0.0399608612060547,690,0.0435552597045898,690,0.0179300308227539,690,0.0331640243530273,690,0.0459766387939453,690,0.0473833084106445
700,0.0233983993530273,700,0.035038948059082,700,-0.0198049545288086,700,0.00957012176513672,700,0.0279302597045898,700,-0.0261325836181641,700,-0.0302734375,700,-0.0263671875,700,0.0488672256469727,700,0.0310544967651367,700,-0.0226955413818359,700,0.0444145202636719,700,0.035038948059082,700,-5.19013690948486,700,0.0152730941772461,700,-8.5362434387207,700,0.0361328125,700,-9.56585693359375,700,0.0398826599121094,700,0.0433206558227539,700,0.0179300308227539,700,0.0329294204711914,700,0.0459766387939453,700,0.0471487045288086
710,0.0234766006469727,710,0.035038948059082,710,-0.0198831558227539,710,0.00964832305908203,710,0.0279302597045898,710,-0.0261325836181641,710,-0.0301952362060547,710,-0.0262889862060547,710,0.048710823059082,710,0.0309762954711914,710,-0.0226955413818359,710,0.0443363189697266,710,0.035038948059082,710,-5.2866997718811,710,0.0152730941772461,710,-8.53686809539795,710,0.0359764099121094,710,-9.57327842712402,710,0.0397272109985352,710,0.0431642532348633,710,0.0180082321166992,710,0.0326957702636719,710,0.0458984375,710,0.0468358993530273
720,0.0234766006469727,720,0.035038948059082,720,-0.0198831558227539,720,0.00964832305908203,720,0.0279302597045898,720,-0.0260543823242188,720,-0.0301170349121094,720,-0.0262889862060547,720,0.0485553741455078,720,0.0308208465576172,720,-0.0226955413818359,720,0.0442581176757812,720,0.035038948059082,720,-5.38154363632202,720,0.0153512954711914,720,-8.53686809539795,720,0.0357427597045898,720,-9.58085632324219,720,0.0395708084106445,720,0.0429296493530273,720,0.0180082321166992,720,0.0324611663818359,720,0.0458984375,720,0.0465240478515625
730,0.0234766006469727,730,0.035038948059082,730,-0.0198831558227539,730,0.00972652435302734,730,0.0279302597045898,730,-0.0259761810302734,730,-0.0300388336181641,730,-0.0262107849121094,730,0.0483989715576172,730,0.0307426452636719,730,-0.0226173400878906,730,0.0441799163818359,730,0.0349607467651367,730,-5.47521591186523,730,0.0153512954711914,730,-8.53780555725098,730,0.0355863571166992,730,-9.58765316009521,730,0.0394926071166992,730,0.0427732467651367,730,0.0180082321166992,730,0.0322265625,730,0.0458984375,730,0.0462112426757812
740,0.023554801940918,740,0.035038948059082,740,-0.0199613571166992,740,0.00972652435302734,740,0.0279302597045898,740,-0.0259761810302734,740,-0.0300388336181641,740,-0.0261325836181641,740,0.0481643676757812,740,0.0305862426757812,740,-0.0226173400878906,740,0.0441017150878906,740,0.0349607467651367,740,-5.56748199462891,740,0.0154294967651367,740,-8.5401496887207,740,0.0354299545288086,740,-9.59390354156494,740,0.0393362045288086,740,0.0426177978515625,740,0.0180864334106445,740,0.0319919586181641,740,0.0458984375,740,0.0458984375
750,0.023554801940918,750,0.035038948059082,750,-0.0199613571166992,750,0.00980472564697266,750,0.0279302597045898,750,-0.0258989334106445,750,-0.0299606323242188,750,-0.0261325836181641,750,0.0480079650878906,750,0.0305080413818359,750,-0.0226173400878906,750,0.0440235137939453,750,0.0349607467651367,750,-5.6581072807312,750,0.015507698059082,750,-8.54147720336914,750,0.0351953506469727,750,-9.60015392303467,750,0.039179801940918,750,0.0423831939697266,750,0.0180864334106445,750,0.0318365097045898,750,0.0458984375,750,0.0456638336181641
760,0.023554801940918,760,0.035038948059082,760,-0.0200395584106445,760,0.00988292694091797,760,0.0279302597045898,760,-0.0258989334106445,760,-0.0298824310302734,760,-0.0260543823242188,760,0.0478515625,760,0.0304298400878906,760,-0.0226173400878906,760,0.0439453125,760,0.0349607467651367,760,-5.74709224700928,760,0.015507698059082,760,-8.54319667816162,760,0.035038948059082,760,-9.60609149932861,760,0.0390233993530273,760,0.0422267913818359,760,0.0180864334106445,760,0.0316019058227539,760,0.0458984375,760,0.0453519821166992
770,0.0236330032348633,770,0.035038948059082,770,-0.0200395584106445,770,0.00988292694091797,770,0.0279302597045898,770,-0.0258207321166992,770,-0.0298051834106445,770,-0.0260543823242188,770,0.0476951599121094,770,0.0302734375,770,-0.0226173400878906,770,0.0438671112060547,770,0.0349607467651367,770,-5.83443593978882,770,0.0155858993530273,770,-8.544602394104,770,0.0348052978515625,770,-9.61202907562256,770,0.038945198059082,770,0.0419921875,770,0.0180864334106445,770,0.031367301940918,770,0.0458984375,770,0.045039176940918
780,0.0236330032348633,780,0.035038948059082,780,-0.0200395584106445,780,0.00996112823486328,780,0.0279302597045898,780,-0.0258207321166992,780,-0.0297269821166992,780,-0.0259761810302734,780,0.0474615097045898,780,0.0301952362060547,780,-0.0226173400878906,780,0.0437889099121094,780,0.0349607467651367,780,-5.91998338699341,780,0.0155858993530273,780,-8.54499340057373,780,0.0346488952636719,780,-9.61749744415283,780,0.0387887954711914,780,0.0418357849121094,780,0.0181646347045898,780,0.031132698059082,780,0.0458202362060547,780,0.0447263717651367
790,0.0236330032348633,790,0.035038948059082,790,-0.0201168060302734,790,0.00996112823486328,790,0.0279302597045898,790,-0.0257425308227539,790,-0.0297269821166992,790,-0.0259761810302734,790,0.0473051071166992,790,0.0301170349121094,790,-0.0226173400878906,790,0.0437107086181641,790,0.0348825454711914,790,-6.00443696975708,790,0.0155858993530273,790,-8.54663372039795,790,0.0344142913818359,790,-9.62265396118164,790,0.0386333465576172,790,0.0416803359985352,790,0.0181646347045898,790,0.0309762954711914,790,0.0458202362060547,790,0.0444927215576172
800,0.0236330032348633,800,0.0351171493530273,800,-0.0201168060302734,800,0.0100393295288086,800,0.0279302597045898,800,-0.0256643295288086,800,-0.0296487808227539,800,-0.0258989334106445,800,0.0470705032348633,800,0.0299606323242188,800,-0.0226173400878906,800,0.0436334609985352,800,0.0348825454711914,800,-6.08709335327148,800,0.0156641006469727,800,-8.54835319519043,800,0.0342578887939453,800,-9.62773132324219,800,0.0384769439697266,800,0.0414457321166992,800,0.0181646347045898,800,0.0307426452636719,800,0.0458202362060547,800,0.0441799163818359
810,0.0236330032348633,810,0.0351171493530273,810,-0.0201168060302734,810,0.0101175308227539,810,0.0279302597045898,810,-0.0256643295288086,810,-0.0295705795288086,810,-0.0258989334106445,810,0.0469141006469727,810,0.0298833847045898,810,-0.0226173400878906,810,0.0435552597045898,810,0.0348825454711914,810,-6.16779661178589,810,0.015742301940918,810,-8.54936790466309,810,0.0340232849121094,810,-9.63312244415283,810,0.0383205413818359,810,0.0412893295288086,810,0.0181646347045898,810,0.0305080413818359,810,0.0458202362060547,810,0.0438671112060547
820,0.0236330032348633,820,0.0351171493530273,820,-0.0201950073242188,820,0.0101175308227539,820,0.0280075073242188,820,-0.0255861282348633,820,-0.0294923782348633,820,-0.0258207321166992,820,0.046757698059082,820,0.0298051834106445,820,-0.0226173400878906,820,0.0433988571166992,820,0.0348825454711914,820,-6.24717235565186,820,0.015742301940918,820,-8.55100917816162,820,0.0338668823242188,820,-9.63780975341797,820,0.0381641387939453,820,0.0410547256469727,820,0.0181646347045898,820,0.0303516387939453,820,0.0458202362060547,820,0.0436334609985352
830,0.0236330032348633,830,0.035038948059082,830,-0.0201950073242188,830,0.0101957321166992,830,0.0280075073242188,830,-0.0255861282348633,830,-0.0294923782348633,830,-0.0258207321166992,830,0.0465240478515625,830,0.0297269821166992,830,-0.0226173400878906,830,0.0433206558227539,830,0.0348052978515625,830,-6.32435989379883,830,0.015742301940918,830,-8.55179023742676,830,0.0336332321166992,830,-9.64312267303467,830,0.0380077362060547,830,0.040898323059082,830,0.0182418823242188,830,0.0301170349121094,830,0.0458202362060547,830,0.0433206558227539
840,0.0236330032348633,840,0.0351171493530273,840,-0.0201950073242188,840,0.0101957321166992,840,0.0280075073242188,840,-0.025507926940918,840,-0.029414176940918,840,-0.0257425308227539,840,0.0463676452636719,840,0.0295705795288086,840,-0.0226955413818359,840,0.0432424545288086,840,0.0348052978515625,840,-6.39990711212158,840,0.0158205032348633,840,-8.55194664001465,840,0.0333986282348633,840,-9.64820098876953,840,0.0378513336181641,840,0.0407419204711914,840,0.0182418823242188,840,0.0299606323242188,840,0.0457420349121094,840,0.043086051940918
850,0.0236330032348633,850,0.0351171493530273,850,-0.0201950073242188,850,0.0102739334106445,850,0.0280075073242188,850,-0.025507926940918,850,-0.0293359756469727,850,-0.0257425308227539,850,0.0461330413818359,850,0.0294923782348633,850,-0.0226955413818359,850,0.0431642532348633,850,0.0348052978515625,850,-6.47365760803223,850,0.0158205032348633,850,-8.55233764648438,850,0.0332422256469727,850,-9.6531229019165,850,0.0376958847045898,850,0.0405864715576172,850,0.0182418823242188,850,0.0297269821166992,850,0.0457420349121094,850,0.0427732467651367
860,0.0236330032348633,860,0.035038948059082,860,-0.0202732086181641,860,0.0103511810302734,860,0.0280075073242188,860,-0.0254297256469727,860,-0.0292577743530273,860,-0.0256643295288086,860,0.0459766387939453,860,0.029414176940918,860,-0.0226955413818359,860,0.043086051940918,860,0.0347270965576172,860,-6.54553270339966,860,0.0158987045288086,860,-8.55280590057373,860,0.0330076217651367,860,-9.65788841247559,860,0.0375394821166992,860,0.0403518676757812,860,0.0182418823242188,860,0.0295705795288086,860,0.0457420349121094,860,0.0425395965576172
870,0.0236330032348633,870,0.0351171493530273,870,-0.0202732086181641,870,0.0103511810302734,870,0.0280075073242188,870,-0.0253515243530273,870,-0.0292577743530273,870,-0.0256643295288086,870,0.0457420349121094,870,0.0292577743530273,870,-0.0226955413818359,870,0.0430078506469727,870,0.0347270965576172,870,-6.61537647247314,870,0.0158987045288086,870,-8.55319690704346,870,0.0328521728515625,870,-9.6616382598877,870,0.0373830795288086,870,0.0401954650878906,870,0.0182418823242188,870,0.0293359756469727,870,0.0457420349121094,870,0.0422267913818359
880,0.0236330032348633,880,0.035038948059082,880,-0.0202732086181641,880,0.0104293823242188,880,0.0280075073242188,880,-0.0253515243530273,880,-0.029179573059082,880,-0.0255861282348633,880,0.0455865859985352,880,0.029179573059082,880,-0.0226955413818359,880,0.042851448059082,880,0.0346488952636719,880,-6.68389225006104,880,0.0159769058227539,880,-8.55296230316162,880,0.0326175689697266,880,-9.66663837432861,880,0.037226676940918,880,0.0400390625,880,0.0183200836181641,880,0.029179573059082,880,0.0457420349121094,880,0.0419921875
890,0.0236330032348633,890,0.035038948059082,890,-0.0203514099121094,890,0.0105075836181641,890,0.0280075073242188,890,-0.0253515243530273,890,-0.0291013717651367,890,-0.0255861282348633,890,0.0453519821166992,890,0.0291013717651367,890,-0.0226955413818359,890,0.0427732467651367,890,0.0346488952636719,890,-6.75037717819214,890,0.0159769058227539,890,-8.55319690704346,890,0.0323829650878906,890,-9.67023181915283,890,0.0370702743530273,890,0.0398044586181641,890,0.0183200836181641,890,0.0289459228515625,890,0.0457420349121094,890,0.0417575836181641
900,0.0236330032348633,900,0.035038948059082,900,-0.0203514099121094,900,0.0105857849121094,900,0.0280075073242188,900,-0.025273323059082,900,-0.0290231704711914,900,-0.025507926940918,900,0.0451955795288086,900,0.0290231704711914,900,-0.0226955413818359,900,0.0426950454711914,900,0.0346488952636719,900,-6.81569004058838,900,0.0159769058227539,900,-8.55319690704346,900,0.0322265625,900,-9.67452907562256,900,0.0369138717651367,900,0.0396490097045898,900,0.0183200836181641,900,0.0287895202636719,900,0.0457420349121094,900,0.0414457321166992
910,0.0236330032348633,910,0.035038948059082,910,-0.0203514099121094,910,0.0106639862060547,910,0.0280075073242188,910,-0.0251951217651367,910,-0.0290231704711914,910,-0.025507926940918,910,0.0449609756469727,910,0.0288677215576172,910,-0.0226955413818359,910,0.0426177978515625,910,0.0345706939697266,910,-6.8792839050293,910,0.0160551071166992,910,-8.55343055725098,910,0.0319919586181641,910,-9.67820072174072,910,0.0367584228515625,910,0.0394926071166992,910,0.0183200836181641,910,0.0286331176757812,910,0.0456638336181641,910,0.0412111282348633
920,0.0236330032348633,920,0.035038948059082,920,-0.0203514099121094,920,0.0106639862060547,920,0.0280075073242188,920,-0.0251951217651367,920,-0.0289449691772461,920,-0.025507926940918,920,0.044804573059082,920,0.0287895202636719,920,-0.0227737426757812,920,0.0424613952636719,920,0.0345706939697266,920,-6.94170570373535,920,0.0160551071166992,920,-8.55374336242676,920,0.0318365097045898,920,-9.68210697174072,920,0.0365238189697266,920,0.0392580032348633,920,0.0183200836181641,920,0.0283985137939453,920,0.0456638336181641,920,0.0409765243530273
930,0.0236330032348633,930,0.035038948059082,930,-0.0204296112060547,930,0.0107421875,930,0.0280075073242188,930,-0.0251169204711914,930,-0.0288677215576172,930,-0.0254297256469727,930,0.0445709228515625,930,0.0287113189697266,930,-0.0227737426757812,930,0.0423831939697266,930,0.0344924926757812,930,-7.00256538391113,930,0.0160551071166992,930,-8.55413436889648,930,0.0316019058227539,930,-9.68531036376953,930,0.0363674163818359,930,0.0391016006469727,930,0.0183200836181641,930,0.0282421112060547,930,0.0456638336181641,930,0.0407419204711914
940,0.0236330032348633,940,0.035038948059082,940,-0.0204296112060547,940,0.0108203887939453,940,0.0280075073242188,940,-0.0251169204711914,940,-0.0287895202636719,940,-0.0254297256469727,940,0.0443363189697266,940,0.0286331176757812,940,-0.0227737426757812,940,0.0423049926757812,940,0.0344924926757812,940,-7.04248762130737,940,0.0161333084106445,940,-8.52936840057373,940,0.031367301940918,940,-9.67812252044678,940,0.0362110137939453,940,0.038945198059082,940,0.0183200836181641,940,0.0280857086181641,940,0.0456638336181641,940,0.0404300689697266
950,0.0236330032348633,950,0.035038948059082,950,-0.0204296112060547,950,0.0108985900878906,950,0.0280075073242188,950,-0.0250387191772461,950,-0.0287895202636719,950,-0.0253515243530273,950,0.0441799163818359,950,0.0285549163818359,950,-0.0227737426757812,950,0.0421485900878906,950,0.0344142913818359,950,-7.11975383758545,950,0.0161333084106445,950,-8.55202484130859,950,0.0312108993530273,950,-9.69038867950439,950,0.0360546112060547,950,0.0387887954711914,950,0.0183200836181641,950,0.0278520584106445,950,0.0456638336181641,950,0.0401954650878906
960,0.0236330032348633,960,0.035038948059082,960,-0.0204296112060547,960,0.0109767913818359,960,0.0280075073242188,960,-0.0250387191772461,960,-0.0287113189697266,960,-0.025273323059082,960,0.0439453125,960,0.0284767150878906,960,-0.0227737426757812,960,0.0420703887939453,960,0.0344142913818359,960,-7.14326953887939,960,0.0161333084106445,960,-8.51819610595703,960,0.0309762954711914,960,-9.6753101348877,960,0.0358982086181641,960,0.0386333465576172,960,0.0183200836181641,960,0.0276956558227539,960,0.0455865859985352,960,0.0399608612060547
970,0.0236330032348633,970,0.035038948059082,970,-0.0205078125,970,0.0110549926757812,970,0.0280075073242188,970,-0.0249605178833008,970,-0.0286331176757812,970,-0.0251951217651367,970,0.0437107086181641,970,0.0283985137939453,970,-0.0227737426757812,970,0.0419921875,970,0.0343360900878906,970,-7.20998859405518,970,0.0159769058227539,970,-8.52694606781006,970,0.0308208465576172,970,-9.68562316894531,970,0.0356645584106445,970,0.0383987426757812,970,0.0183982849121094,970,0.0275392532348633,970,0.0455865859985352,970,0.0397272109985352
980,0.0236330032348633,980,0.035038948059082,980,-0.0205078125,980,0.0110549926757812,980,0.0280075073242188,980,-0.0249605178833008,980,-0.0286331176757812,980,-0.0251951217651367,980,0.0435552597045898,980,0.0283203125,980,-0.0227737426757812,980,0.0419139862060547,980,0.0343360900878906,980,-7.26873874664307,980,0.0159769058227539,980,-8.53061866760254,980,0.0305862426757812,980,-9.69179439544678,980,0.0355081558227539,980,0.0382423400878906,980,0.0183982849121094,980,0.0273828506469727,980,0.0455865859985352,980,0.0394926071166992
990,0.0236330032348633,990,0.035038948059082,990,-0.0205078125,990,0.0111331939697266,990,0.0280075073242188,990,-0.0248832702636719,990,-0.0285549163818359,990,-0.0251951217651367,990,0.0433206558227539,990,0.0282421112060547,990,-0.0227737426757812,990,0.0418357849121094,990,0.0342578887939453,990,-7.32475423812866,990,0.0159769058227539,990,-8.53249359130859,990,0.0304298400878906,990,-9.69671630859375,990,0.0353517532348633,990,0.0380859375,990,0.0183982849121094,990,0.027226448059082,990,0.0455865859985352,990,0.0392580032348633
1000,0.0236330032348633,1000,0.035038948059082,1000,-0.0205078125,1000,0.0112113952636719,1000,0.0280075073242188,1000,-0.0248832702636719,1000,-0.0284767150878906,1000,-0.0251169204711914,1000,0.0431642532348633,1000,0.0281639099121094,1000,-0.0228519439697266,1000,0.0416803359985352,1000,0.0342578887939453,1000,-7.37905120849609,1000,0.0160551071166992,1000,-8.53397750854492,1000,0.0301952362060547,1000,-9.70007610321045,1000,0.0351171493530273,1000,0.0379295349121094,1000,0.0183982849121094,1000,0.0269927978515625,1000,0.0455865859985352,1000,0.0390233993530273
1010,0.0236330032348633,1010,0.035038948059082,1010,-0.0205860137939453,1010,0.0112895965576172,1010,0.0280075073242188,1010,-0.0248050689697266,1010,-0.0284767150878906,1010,-0.0251169204711914,1010,0.0429296493530273,1010,0.0280857086181641,1010,-0.0228519439697266,1010,0.0416021347045898,1010,0.0341796875,1010,-7.43233299255371,1010,0.0160551071166992,1010,-8.53436851501465,1010,0.0300388336181641,1010,-9.7039041519165,1010,0.0349607467651367,1010,0.0377740859985352,1010,0.0183982849121094,1010,0.0268363952636719,1010,0.0455083847045898,1010,0.0387887954711914
1020,0.0236330032348633,1020,0.035038948059082,1020,-0.0205860137939453,1020,0.0113668441772461,1020,0.0280075073242188,1020,-0.0247268676757812,1020,-0.0283985137939453,1020,-0.0251169204711914,1020,0.0427732467651367,1020,0.0280075073242188,1020,-0.0228519439697266,1020,0.0414457321166992,1020,0.0341796875,1020,-7.48428630828857,1020,0.0161333084106445,1020,-8.53405570983887,1020,0.0298051834106445,1020,-9.70788860321045,1020,0.0347270965576172,1020,0.0376176834106445,1020,0.0183982849121094,1020,0.0266799926757812,1020,0.0455083847045898,1020,0.0385551452636719
1030,0.0236330032348633,1030,0.035038948059082,1030,-0.0205860137939453,1030,0.0114450454711914,1030,0.0280075073242188,1030,-0.0247268676757812,1030,-0.0283985137939453,1030,-0.0250387191772461,1030,0.0425395965576172,1030,0.0279302597045898,1030,-0.0228519439697266,1030,0.0413675308227539,1030,0.0341014862060547,1030,-7.53514575958252,1030,0.0161333084106445,1030,-8.53358745574951,1030,0.0296487808227539,1030,-9.71101379394531,1030,0.0345706939697266,1030,0.0374612808227539,1030,0.0183982849121094,1030,0.0265235900878906,1030,0.0455083847045898,1030,0.0383205413818359
1040,0.0236330032348633,1040,0.035038948059082,1040,-0.0205860137939453,1040,0.0114450454711914,1040,0.0280075073242188,1040,-0.0247268676757812,1040,-0.0283203125,1040,-0.0250387191772461,1040,0.0423049926757812,1040,0.0278520584106445,1040,-0.0229301452636719,1040,0.0412111282348633,1040,0.0341014862060547,1040,-7.58600521087646,1040,0.0162115097045898,1040,-8.53382110595703,1040,0.0294923782348633,1040,-9.71405982971191,1040,0.0344142913818359,1040,0.0373048782348633,1040,0.0183982849121094,1040,0.0263671875,1040,0.0455083847045898,1040,0.0380859375
1050,0.0236330032348633,1050,0.035038948059082,1050,-0.0206642150878906,1050,0.0115232467651367,1050,0.0279302597045898,1050,-0.0246486663818359,1050,-0.0282421112060547,1050,-0.0250387191772461,1050,0.0421485900878906,1050,0.0277738571166992,1050,-0.0229301452636719,1050,0.041132926940918,1050,0.0340232849121094,1050,-7.63569307327271,1050,0.0162115097045898,1050,-8.53311824798584,1050,0.0292577743530273,1050,-9.71741962432861,1050,0.0342578887939453,1050,0.0371484756469727,1050,0.0183200836181641,1050,0.0262107849121094,1050,0.0455083847045898,1050,0.0378513336181641
1060,0.0236330032348633,1060,0.0349607467651367,1060,-0.0206642150878906,1060,0.011601448059082,1060,0.0279302597045898,1060,-0.0245704650878906,1060,-0.0282421112060547,1060,-0.0250387191772461,1060,0.0419139862060547,1060,0.0276956558227539,1060,-0.0229301452636719,1060,0.0409765243530273,1060,0.0339450836181641,1060,-7.68444347381592,1060,0.0162115097045898,1060,-8.532883644104,1060,0.0291013717651367,1060,-9.7202320098877,1060,0.0340232849121094,1060,0.036992073059082,1060,0.0183200836181641,1060,0.0260543823242188,1060,0.0454301834106445,1060,0.0376176834106445
1070,0.0236330032348633,1070,0.0349607467651367,1070,-0.0206642150878906,1070,0.0116796493530273,1070,0.0279302597045898,1070,-0.0245704650878906,1070,-0.0281639099121094,1070,-0.0249605178833008,1070,0.0417575836181641,1070,0.0276956558227539,1070,-0.0229301452636719,1070,0.040898323059082,1070,0.0339450836181641,1070,-7.73241233825684,1070,0.0162887573242188,1070,-8.53178977966309,1070,0.0289459228515625,1070,-9.72374820709229,1070,0.0338668823242188,1070,0.0369138717651367,1070,0.0183982849121094,1070,0.0258989334106445,1070,0.0454301834106445,1070,0.0374612808227539
1080,0.0237112045288086,1080,0.0349607467651367,1080,-0.0206642150878906,1080,0.0117578506469727,1080,0.0279302597045898,1080,-0.0244922637939453,1080,-0.0281639099121094,1080,-0.0249605178833008,1080,0.0415239334106445,1080,0.0276174545288086,1080,-0.0229301452636719,1080,0.0407419204711914,1080,0.0338668823242188,1080,-7.78006839752197,1080,0.0162887573242188,1080,-8.53046226501465,1080,0.0287113189697266,1080,-9.7273416519165,1080,0.0336332321166992,1080,0.0367584228515625,1080,0.0183200836181641,1080,0.0257425308227539,1080,0.0454301834106445,1080,0.037226676940918
1090,0.0237112045288086,1090,0.0349607467651367,1090,-0.0207424163818359,1090,0.0117578506469727,1090,0.0279302597045898,1090,-0.0244922637939453,1090,-0.0280857086181641,1090,-0.0249605178833008,1090,0.0413675308227539,1090,0.0275392532348633,1090,-0.0230073928833008,1090,0.0406646728515625,1090,0.0338668823242188,1090,-7.8273344039917,1090,0.0162887573242188,1090,-8.53030586242676,1090,0.0285549163818359,1090,-9.73015403747559,1090,0.0334768295288086,1090,0.0366020202636719,1090,0.0183200836181641,1090,0.0255861282348633,1090,0.0453519821166992,1090,0.036992073059082
1100,0.0237112045288086,1100,0.0349607467651367,1100,-0.0207424163818359,1100,0.011836051940918,1100,0.0279302597045898,1100,-0.0244140625,1100,-0.0280075073242188,1100,-0.0249605178833008,1100,0.041132926940918,1100,0.027461051940918,1100,-0.0230073928833008,1100,0.0405082702636719,1100,0.0337896347045898,1100,-7.87342834472656,1100,0.0163669586181641,1100,-8.53132152557373,1100,0.0283985137939453,1100,-9.73210716247559,1100,0.033320426940918,1100,0.0364456176757812,1100,0.0183200836181641,1100,0.0254297256469727,1100,0.0453519821166992,1100,0.0367584228515625
1110,0.0237112045288086,1110,0.0349607467651367,1110,-0.0207424163818359,1110,0.011836051940918,1110,0.0279302597045898,1110,-0.0244140625,1110,-0.0280075073242188,1110,-0.0248832702636719,1110,0.040898323059082,1110,0.0273828506469727,1110,-0.0230073928833008,1110,0.0404300689697266,1110,0.0337114334106445,1110,-7.91944408416748,1110,0.0163669586181641,1110,-8.53054046630859,1110,0.0282421112060547,1110,-9.73491954803467,1110,0.033085823059082,1110,0.0362892150878906,1110,0.0183200836181641,1110,0.025273323059082,1110,0.0453519821166992,1110,0.0366020202636719
1120,0.0237112045288086,1120,0.0349607467651367,1120,-0.0207424163818359,1120,0.0119142532348633,1120,0.0279302597045898,1120,-0.0243358612060547,1120,-0.0279293060302734,1120,-0.0248832702636719,1120,0.0407419204711914,1120,0.0273046493530273,1120,-0.0230073928833008,1120,0.0402736663818359,1120,0.0337114334106445,1120,-7.96460056304932,1120,0.0163669586181641,1120,-8.53030586242676,1120,0.0280075073242188,1120,-9.73671627044678,1120,0.0329294204711914,1120,0.0361328125,1120,0.0183200836181641,1120,0.0251169204711914,1120,0.0452737808227539,1120,0.0363674163818359
1130,0.0237112045288086,1130,0.0349607467651367,1130,-0.0207424163818359,1130,0.0119924545288086,1130,0.0279302597045898,1130,-0.0243358612060547,1130,-0.0279293060302734,1130,-0.0248832702636719,1130,0.0405082702636719,1130,0.027226448059082,1130,-0.0230073928833008,1130,0.0401954650878906,1130,0.0336332321166992,1130,-8.00921058654785,1130,0.0163669586181641,1130,-8.52983665466309,1130,0.0278520584106445,1130,-9.7390604019165,1130,0.0327739715576172,1130,0.0359764099121094,1130,0.0183200836181641,1130,0.0249614715576172,1130,0.0452737808227539,1130,0.0362110137939453
1140,0.0237112045288086,1140,0.0348825454711914,1140,-0.0208206176757812,1140,0.0119924545288086,1140,0.0279302597045898,1140,-0.0242576599121094,1140,-0.0278520584106445,1140,-0.0248050689697266,1140,0.0403518676757812,1140,0.0271482467651367,1140,-0.0230073928833008,1140,0.0400390625,1140,0.0335550308227539,1140,-8.05327224731445,1140,0.0164451599121094,1140,-8.52913379669189,1140,0.0276174545288086,1140,-9.74124813079834,1140,0.0325393676757812,1140,0.0358209609985352,1140,0.0183200836181641,1140,0.0248050689697266,1140,0.0452737808227539,1140,0.0359764099121094
1150,0.0237894058227539,1150,0.0348825454711914,1150,-0.0208206176757812,1150,0.0120706558227539,1150,0.0279302597045898,1150,-0.0242576599121094,1150,-0.0277738571166992,1150,-0.0248050689697266,1150,0.0401172637939453,1150,0.0271482467651367,1150,-0.0230073928833008,1150,0.0398826599121094,1150,0.0335550308227539,1150,-8.09655380249023,1150,0.0164451599121094,1150,-8.52874374389648,1150,0.027461051940918,1150,-9.74382591247559,1150,0.0323829650878906,1150,0.0356645584106445,1150,0.0183200836181641,1150,0.0247268676757812,1150,0.0451955795288086,1150,0.0358209609985352
1160,0.0237894058227539,1160,0.0348825454711914,1160,-0.0208206176757812,1160,0.0120706558227539,1160,0.0278520584106445,1160,-0.0242576599121094,1160,-0.0277738571166992,1160,-0.0248050689697266,1160,0.0399608612060547,1160,0.0270700454711914,1160,-0.0230073928833008,1160,0.0398044586181641,1160,0.0334768295288086,1160,-8.13913249969482,1160,0.0164451599121094,1160,-8.5277271270752,1160,0.0273046493530273,1160,-9.74648189544678,1160,0.0321483612060547,1160,0.0355081558227539,1160,0.0183200836181641,1160,0.0245704650878906,1160,0.0451955795288086,1160,0.0355863571166992
1170,0.0237894058227539,1170,0.0348825454711914,1170,-0.0208206176757812,1170,0.0121488571166992,1170,0.0278520584106445,1170,-0.0241794586181641,1170,-0.0276956558227539,1170,-0.0248050689697266,1170,0.0397272109985352,1170,0.0269927978515625,1170,-0.0230073928833008,1170,0.0396490097045898,1170,0.0334768295288086,1170,-8.18139839172363,1170,0.0164451599121094,1170,-8.52686786651611,1170,0.0271482467651367,1170,-9.74812316894531,1170,0.0319919586181641,1170,0.0354299545288086,1170,0.0183200836181641,1170,0.0244140625,1170,0.0451955795288086,1170,0.0354299545288086
1180,0.0237894058227539,1180,0.0348825454711914,1180,-0.0208988189697266,1180,0.0121488571166992,1180,0.0278520584106445,1180,-0.0241794586181641,1180,-0.0276956558227539,1180,-0.0248050689697266,1180,0.0395708084106445,1180,0.0269927978515625,1180,-0.0230073928833008,1180,0.0395708084106445,1180,0.0333986282348633,1180,-8.22303867340088,1180,0.0164451599121094,1180,-8.52655601501465,1180,0.0269145965576172,1180,-9.75054454803467,1180,0.0318365097045898,1180,0.035273551940918,1180,0.0183200836181641,1180,0.0242576599121094,1180,0.0451173782348633,1180,0.0351953506469727
1190,0.0237894058227539,1190,0.0348825454711914,1190,-0.0208988189697266,1190,0.0122270584106445,1190,0.0278520584106445,1190,-0.0241012573242188,1190,-0.0276174545288086,1190,-0.0247268676757812,1190,0.0393362045288086,1190,0.0269145965576172,1190,-0.0230073928833008,1190,0.0394144058227539,1190,0.033320426940918,1190,-8.26428890228271,1190,0.0165233612060547,1190,-8.52600860595703,1190,0.0267581939697266,1190,-9.75281047821045,1190,0.0316019058227539,1190,0.0351171493530273,1190,0.0183200836181641,1190,0.0241794586181641,1190,0.0451173782348633,1190,0.035038948059082
1200,0.0238676071166992,1200,0.0348825454711914,1200,-0.0208988189697266,1200,0.0122270584106445,1200,0.0278520584106445,1200,-0.0241012573242188,1200,-0.0276174545288086,1200,-0.0247268676757812,1200,0.0391016006469727,1200,0.0268363952636719,1200,-0.0230855941772461,1200,0.0393362045288086,1200,0.033320426940918,1200,-8.30460166931152,1200,0.0165233612060547,1200,-8.52608680725098,1200,0.0266017913818359,1200,-9.75515460968018,1200,0.0314455032348633,1200,0.0349607467651367,1200,0.0183200836181641,1200,0.0240240097045898,1200,0.0451173782348633,1200,0.0348052978515625
1210,0.0238676071166992,1210,0.0348052978515625,1210,-0.0208988189697266,1210,0.0122270584106445,1210,0.0278520584106445,1210,-0.0240230560302734,1210,-0.0275392532348633,1210,-0.0247268676757812,1210,0.038945198059082,1210,0.0267581939697266,1210,-0.0230073928833008,1210,0.039179801940918,1210,0.0332422256469727,1210,-8.3446798324585,1210,0.0165233612060547,1210,-8.5257740020752,1210,0.0264453887939453,1210,-9.7571849822998,1210,0.0312108993530273,1210,0.0348052978515625,1210,0.0183200836181641,1210,0.0238676071166992,1210,0.045039176940918,1210,0.0346488952636719
1220,0.0238676071166992,1220,0.0348052978515625,1220,-0.0208988189697266,1220,0.0123043060302734,1220,0.0278520584106445,1220,-0.0240230560302734,1220,-0.0275392532348633,1220,-0.0247268676757812,1220,0.0387115478515625,1220,0.0267581939697266,1220,-0.0230073928833008,1220,0.0391016006469727,1220,0.0331640243530273,1220,-8.38405513763428,1220,0.0165233612060547,1220,-8.52546215057373,1220,0.0262889862060547,1220,-9.7592945098877,1220,0.0310544967651367,1220,0.0347270965576172,1220,0.0183200836181641,1220,0.0237112045288086,1220,0.045039176940918,1220,0.0344924926757812
1230,0.0238676071166992,1230,0.0348052978515625,1230,-0.0208988189697266,1230,0.0123043060302734,1230,0.0278520584106445,1230,-0.0239458084106445,1230,-0.027461051940918,1230,-0.0246486663818359,1230,0.0385551452636719,1230,0.0266799926757812,1230,-0.0230073928833008,1230,0.038945198059082,1230,0.0331640243530273,1230,-8.42241477966309,1230,0.0165233612060547,1230,-8.525071144104,1230,0.0261325836181641,1230,-9.76085758209229,1230,0.0308990478515625,1230,0.0345706939697266,1230,0.0183200836181641,1230,0.0236330032348633,1230,0.045039176940918,1230,0.0343360900878906
1240,0.0238676071166992,1240,0.0348052978515625,1240,-0.0209770202636719,1240,0.0123043060302734,1240,0.0278520584106445,1240,-0.0239458084106445,1240,-0.027461051940918,1240,-0.0246486663818359,1240,0.0383205413818359,1240,0.0266017913818359,1240,-0.0230073928833008,1240,0.0388669967651367,1240,0.033085823059082,1240,-8.46077442169189,1240,0.0165233612060547,1240,-8.52522754669189,1240,0.0259771347045898,1240,-9.76241970062256,1240,0.0306644439697266,1240,0.0344142913818359,1240,0.0183200836181641,1240,0.0234766006469727,1240,0.0449609756469727,1240,0.0341014862060547
1250,0.0238676071166992,1250,0.0348052978515625,1250,-0.0209770202636719,1250,0.0123043060302734,1250,0.0278520584106445,1250,-0.0238676071166992,1250,-0.0273828506469727,1250,-0.0246486663818359,1250,0.0381641387939453,1250,0.0266017913818359,1250,-0.0230073928833008,1250,0.0387115478515625,1250,0.0330076217651367,1250,-8.49850845336914,1250,0.0165233612060547,1250,-8.52561855316162,1250,0.0257425308227539,1250,-9.76406002044678,1250,0.0305080413818359,1250,0.0342578887939453,1250,0.0183200836181641,1250,0.023320198059082,1250,0.0449609756469727,1250,0.0339450836181641
1260,0.0239458084106445,1260,0.0348052978515625,1260,-0.0209770202636719,1260,0.0123825073242188,1260,0.0278520584106445,1260,-0.0237894058227539,1260,-0.0273828506469727,1260,-0.0246486663818359,1260,0.0379295349121094,1260,0.0265235900878906,1260,-0.0230073928833008,1260,0.0386333465576172,1260,0.0330076217651367,1260,-8.53577423095703,1260,0.0166015625,1260,-8.5245246887207,1260,0.0255861282348633,1260,-9.7664041519165,1260,0.0303516387939453,1260,0.0341796875,1260,0.0183200836181641,1260,0.0232419967651367,1260,0.0449609756469727,1260,0.0337896347045898
1270,0.0239458084106445,1270,0.0348052978515625,1270,-0.0209770202636719,1270,0.0123825073242188,1270,0.0277738571166992,1270,-0.0237894058227539,1270,-0.0273046493530273,1270,-0.0245704650878906,1270,0.0377740859985352,1270,0.0265235900878906,1270,-0.0230073928833008,1270,0.0384769439697266,1270,0.0329294204711914,1270,-8.57233715057373,1270,0.0166015625,1270,-8.52460289001465,1270,0.0254297256469727,1270,-9.7683572769165,1270,0.0301170349121094,1270,0.0340232849121094,1270,0.0183200836181641,1270,0.0230855941772461,1270,0.0448827743530273,1270,0.0336332321166992
1280,0.0239458084106445,1280,0.0347270965576172,1280,-0.0209770202636719,1280,0.0123825073242188,1280,0.0277738571166992,1280,-0.0237112045288086,1280,-0.0273046493530273,1280,-0.0245704650878906,1280,0.0376176834106445,1280,0.0264453887939453,1280,-0.0230073928833008,1280,0.0383987426757812,1280,0.0328521728515625,1280,-8.6085090637207,1280,0.0166015625,1280,-8.52358722686768,1280,0.025273323059082,1280,-9.77015399932861,1280,0.0299606323242188,1280,0.0338668823242188,1280,0.0183200836181641,1280,0.0230083465576172,1280,0.0448827743530273,1280,0.0334768295288086
1290,0.0239458084106445,1290,0.0347270965576172,1290,-0.0209770202636719,1290,0.0123825073242188,1290,0.0277738571166992,1290,-0.0237112045288086,1290,-0.027226448059082,1290,-0.0245704650878906,1290,0.0373830795288086,1290,0.0263671875,1290,-0.0230073928833008,1290,0.0382423400878906,1290,0.0328521728515625,1290,-8.64444732666016,1290,0.0166015625,1290,-8.52343082427979,1290,0.0251169204711914,1290,-9.77202892303467,1290,0.0297269821166992,1290,0.0337896347045898,1290,0.0183200836181641,1290,0.0228519439697266,1290,0.044804573059082,1290,0.033320426940918
1300,0.0239458084106445,1300,0.0347270965576172,1300,-0.0210542678833008,1300,0.0123825073242188,1300,0.0277738571166992,1300,-0.0237112045288086,1300,-0.027226448059082,1300,-0.0245704650878906,1300,0.037226676940918,1300,0.0263671875,1300,-0.0230073928833008,1300,0.0381641387939453,1300,0.0327739715576172,1300,-8.6796817779541,1300,0.0166015625,1300,-8.52241516113281,1300,0.0249614715576172,1300,-9.7742166519165,1300,0.0295705795288086,1300,0.0336332321166992,1300,0.0183200836181641,1300,0.0226955413818359,1300,0.044804573059082,1300,0.033085823059082
1310,0.0240240097045898,1310,0.0347270965576172,1310,-0.0210542678833008,1310,0.0124607086181641,1310,0.0277738571166992,1310,-0.0236330032348633,1310,-0.0271482467651367,1310,-0.0245704650878906,1310,0.036992073059082,1310,0.0262889862060547,1310,-0.0229301452636719,1310,0.0380077362060547,1310,0.0326957702636719,1310,-8.71460342407227,1310,0.0166015625,1310,-8.52100849151611,1310,0.0248050689697266,1310,-9.77648258209229,1310,0.029414176940918,1310,0.0334768295288086,1310,0.0183200836181641,1310,0.0226173400878906,1310,0.044804573059082,1310,0.0329294204711914
1320,0.0240240097045898,1320,0.0347270965576172,1320,-0.0210542678833008,1320,0.0124607086181641,1320,0.0277738571166992,1320,-0.0236330032348633,1320,-0.0271482467651367,1320,-0.0244922637939453,1320,0.0368356704711914,1320,0.0262889862060547,1320,-0.0229301452636719,1320,0.0379295349121094,1320,0.0326957702636719,1320,-8.74890041351318,1320,0.0166015625,1320,-8.51983737945557,1320,0.0245704650878906,1320,-9.77874755859375,1320,0.029179573059082,1320,0.0333986282348633,1320,0.0182418823242188,1320,0.0225391387939453,1320,0.0447263717651367,1320,0.0327739715576172
1330,0.0240240097045898,1330,0.0347270965576172,1330,-0.0210542678833008,1330,0.0124607086181641,1330,0.0277738571166992,1330,-0.023554801940918,1330,-0.0270700454711914,1330,-0.0244922637939453,1330,0.0366802215576172,1330,0.0262107849121094,1330,-0.0229301452636719,1330,0.0377740859985352,1330,0.0326175689697266,1330,-8.78241634368896,1330,0.0166015625,1330,-8.51913356781006,1330,0.0244140625,1330,-9.78085708618164,1330,0.0290231704711914,1330,0.0332422256469727,1330,0.0182418823242188,1330,0.0223827362060547,1330,0.0447263717651367,1330,0.0326175689697266
1340,0.0240240097045898,1340,0.0346488952636719,1340,-0.0210542678833008,1340,0.0124607086181641,1340,0.0277738571166992,1340,-0.023554801940918,1340,-0.0270700454711914,1340,-0.0244922637939453,1340,0.0364456176757812,1340,0.0262107849121094,1340,-0.0229301452636719,1340,0.0376958847045898,1340,0.0325393676757812,1340,-8.81561946868896,1340,0.0166015625,1340,-8.51882171630859,1340,0.0242576599121094,1340,-9.78257656097412,1340,0.0288677215576172,1340,0.0331640243530273,1340,0.0182418823242188,1340,0.0223045349121094,1340,0.0446481704711914,1340,0.0324611663818359
1350,0.0240240097045898,1350,0.0346488952636719,1350,-0.0211324691772461,1350,0.0124607086181641,1350,0.0276956558227539,1350,-0.0234766006469727,1350,-0.0269918441772461,1350,-0.0244922637939453,1350,0.0362892150878906,1350,0.0261325836181641,1350,-0.0228519439697266,1350,0.0376176834106445,1350,0.0325393676757812,1350,-8.84780693054199,1350,0.0166015625,1350,-8.51843070983887,1350,0.0241012573242188,1350,-9.78452968597412,1350,0.0286331176757812,1350,0.0330076217651367,1350,0.0182418823242188,1350,0.0221481323242188,1350,0.0446481704711914,1350,0.0323829650878906
1360,0.0241012573242188,1360,0.0346488952636719,1360,-0.0211324691772461,1360,0.0124607086181641,1360,0.0276956558227539,1360,-0.0234766006469727,1360,-0.0269918441772461,1360,-0.0244140625,1360,0.0361328125,1360,0.0261325836181641,1360,-0.0228519439697266,1360,0.0374612808227539,1360,0.0324611663818359,1360,-8.87936973571777,1360,0.0166015625,1360,-8.51749324798584,1360,0.0239458084106445,1360,-9.78679466247559,1360,0.0284767150878906,1360,0.0329294204711914,1360,0.0182418823242188,1360,0.0220708847045898,1360,0.0446481704711914,1360,0.0322265625
1370,0.0241012573242188,1370,0.0346488952636719,1370,-0.0211324691772461,1370,0.0124607086181641,1370,0.0276956558227539,1370,-0.0233983993530273,1370,-0.0269145965576172,1370,-0.0244140625,1370,0.0358982086181641,1370,0.0260543823242188,1370,-0.0228519439697266,1370,0.0373830795288086,1370,0.0324611663818359,1370,-8.91054153442383,1370,0.0166015625,1370,-8.51749324798584,1370,0.0237894058227539,1370,-9.78820133209229,1370,0.0283203125,1370,0.0327739715576172,1370,0.0182418823242188,1370,0.0219144821166992,1370,0.0445709228515625,1370,0.0320701599121094
1380,0.0241012573242188,1380,0.0346488952636719,1380,-0.0211324691772461,1380,0.0125389099121094,1380,0.0276956558227539,1380,-0.0233983993530273,1380,-0.0269145965576172,1380,-0.0244140625,1380,0.0357427597045898,1380,0.0259771347045898,1380,-0.0228519439697266,1380,0.037226676940918,1380,0.0323829650878906,1380,-8.94069766998291,1380,0.0166015625,1380,-8.51694679260254,1380,0.0237112045288086,1380,-9.78999805450439,1380,0.0280857086181641,1380,0.0326175689697266,1380,0.0182418823242188,1380,0.0218362808227539,1380,0.0445709228515625,1380,0.0319137573242188
1390,0.0241012573242188,1390,0.0346488952636719,1390,-0.0211324691772461,1390,0.0125389099121094,1390,0.0276956558227539,1390,-0.023320198059082,1390,-0.0268363952636719,1390,-0.0244140625,1390,0.0355863571166992,1390,0.0259771347045898,1390,-0.0228519439697266,1390,0.0371484756469727,1390,0.0323047637939453,1390,-8.97022914886475,1390,0.0166015625,1390,-8.51546192169189,1390,0.023554801940918,1390,-9.79210758209229,1390,0.0279302597045898,1390,0.0325393676757812,1390,0.0182418823242188,1390,0.0217580795288086,1390,0.0444927215576172,1390,0.0317583084106445
1400,0.0241012573242188,1400,0.0345706939697266,1400,-0.0211324691772461,1400,0.0125389099121094,1400,0.0276956558227539,1400,-0.023320198059082,1400,-0.0268363952636719,1400,-0.0244140625,1400,0.0353517532348633,1400,0.0258989334106445,1400,-0.0227737426757812,1400,0.036992073059082,1400,0.0323047637939453,1400,-8.99937057495117,1400,0.0166015625,1400,-8.51522731781006,1400,0.0233983993530273,1400,-9.79335784912109,1400,0.0277738571166992,1400,0.0323829650878906,1400,0.0182418823242188,1400,0.021601676940918,1400,0.0444927215576172,1400,0.0316019058227539
1410,0.0241012573242188,1410,0.0345706939697266,1410,-0.0211324691772461,1410,0.0125389099121094,1410,0.0276956558227539,1410,-0.023320198059082,1410,-0.0268363952636719,1410,-0.0244140625,1410,0.0351953506469727,1410,0.0258989334106445,1410,-0.0227737426757812,1410,0.0369138717651367,1410,0.0322265625,1410,-9.02788543701172,1410,0.0166797637939453,1410,-8.5147590637207,1410,0.0232419967651367,1410,-9.79499816894531,1410,0.0275392532348633,1410,0.0323047637939453,1410,0.0182418823242188,1410,0.0215234756469727,1410,0.0444927215576172,1410,0.0314455032348633
1420,0.0241012573242188,1420,0.0345706939697266,1420,-0.0212106704711914,1420,0.0125389099121094,1420,0.0276174545288086,1420,-0.0232419967651367,1420,-0.0267581939697266,1420,-0.0243358612060547,1420,0.035038948059082,1420,0.0258989334106445,1420,-0.0227737426757812,1420,0.0367584228515625,1420,0.0321483612060547,1420,-9.05585479736328,1420,0.0166797637939453,1420,-8.51413345336914,1420,0.0230855941772461,1420,-9.79718589782715,1420,0.0273828506469727,1420,0.0321483612060547,1420,0.0182418823242188,1420,0.0214452743530273,1420,0.0444145202636719,1420,0.031367301940918
1430,0.0241794586181641,1430,0.0345706939697266,1430,-0.0212106704711914,1430,0.0126171112060547,1430,0.0276174545288086,1430,-0.0232419967651367,1430,-0.0267581939697266,1430,-0.0243358612060547,1430,0.0348825454711914,1430,0.0258207321166992,1430,-0.0226955413818359,1430,0.0366802215576172,1430,0.0321483612060547,1430,-9.08312034606934,1430,0.0166797637939453,1430,-8.51428985595703,1430,0.0229301452636719,1430,-9.79820156097412,1430,0.027226448059082,1430,0.0320701599121094,1430,0.0182418823242188,1430,0.0212888717651367,1430,0.0444145202636719,1430,0.0312108993530273
1440,0.0241794586181641,1440,0.0345706939697266,1440,-0.0212106704711914,1440,0.0126171112060547,1440,0.0276174545288086,1440,-0.0232419967651367,1440,-0.0266799926757812,1440,-0.0243358612060547,1440,0.0346488952636719,1440,0.0258207321166992,1440,-0.0226955413818359,1440,0.0366020202636719,1440,0.0320701599121094,1440,-9.10991764068604,1440,0.0166797637939453,1440,-8.5140552520752,1440,0.0227737426757812,1440,-9.7996072769165,1440,0.0270700454711914,1440,0.0319137573242188,1440,0.0182418823242188,1440,0.0212106704711914,1440,0.0443363189697266,1440,0.0310544967651367
1450,0.0241794586181641,1450,0.0344924926757812,1450,-0.0212106704711914,1450,0.0126171112060547,1450,0.0276174545288086,1450,-0.0231637954711914,1450,-0.0266799926757812,1450,-0.0243358612060547,1450,0.0344924926757812,1450,0.0257425308227539,1450,-0.0226955413818359,1450,0.0364456176757812,1450,0.0320701599121094,1450,-9.13577651977539,1450,0.0166797637939453,1450,-8.51327419281006,1450,0.0226173400878906,1450,-9.80179500579834,1450,0.0268363952636719,1450,0.0318365097045898,1450,0.0182418823242188,1450,0.0211324691772461,1450,0.0443363189697266,1450,0.0309762954711914
1460,0.0241794586181641,1460,0.0344924926757812,1460,-0.0212106704711914,1460,0.0126171112060547,1460,0.0276174545288086,1460,-0.0231637954711914,1460,-0.0266017913818359,1460,-0.0243358612060547,1460,0.0343360900878906,1460,0.0257425308227539,1460,-0.0226173400878906,1460,0.0363674163818359,1460,0.0319919586181641,1460,-9.16116714477539,1460,0.0166797637939453,1460,-8.51194667816162,1460,0.0225391387939453,1460,-9.80366992950439,1460,0.0266799926757812,1460,0.0316801071166992,1460,0.0182418823242188,1460,0.0210552215576172,1460,0.0443363189697266,1460,0.0308208465576172
1470,0.0241794586181641,1470,0.0344924926757812,1470,-0.0212106704711914,1470,0.0126953125,1470,0.0276174545288086,1470,-0.0230855941772461,1470,-0.0266017913818359,1470,-0.0242576599121094,1470,0.0341796875,1470,0.0256643295288086,1470,-0.0226173400878906,1470,0.0362110137939453,1470,0.0319919586181641,1470,-9.18593311309814,1470,0.0166797637939453,1470,-8.51077461242676,1470,0.0223827362060547,1470,-9.80507659912109,1470,0.0265235900878906,1470,0.0316019058227539,1470,0.0182418823242188,1470,0.0208988189697266,1470,0.0442581176757812,1470,0.0306644439697266
1480,0.0241794586181641,1480,0.0344924926757812,1480,-0.0212106704711914,1480,0.0126953125,1480,0.0276174545288086,1480,-0.0230855941772461,1480,-0.0265235900878906,1480,-0.0242576599121094,1480,0.0339450836181641,1480,0.0256643295288086,1480,-0.0226173400878906,1480,0.0361328125,1480,0.0319137573242188,1480,-9.21022987365723,1480,0.0166797637939453,1480,-8.51077461242676,1480,0.0222263336181641,1480,-9.80624771118164,1480,0.0263671875,1480,0.0315237045288086,1480,0.0182418823242188,1480,0.0208206176757812,1480,0.0442581176757812,1480,0.0305862426757812
1490,0.0241794586181641,1490,0.0344924926757812,1490,-0.0212106704711914,1490,0.0126953125,1490,0.0275392532348633,1490,-0.0230855941772461,1490,-0.0265235900878906,1490,-0.0242576599121094,1490,0.0337896347045898,1490,0.0256643295288086,1490,-0.0226173400878906,1490,0.0359764099121094,1490,0.0318365097045898,1490,-9.23398017883301,1490,0.0166797637939453,1490,-8.5101490020752,1490,0.0220708847045898,1490,-9.80773258209229,1490,0.0261325836181641,1490,0.031367301940918,1490,0.0182418823242188,1490,0.0207424163818359,1490,0.0441799163818359,1490,0.0304298400878906
1500,0.0241794586181641,1500,0.0344924926757812,1500,-0.0212888717651367,1500,0.0127735137939453,1500,0.0275392532348633,1500,-0.0230073928833008,1500,-0.0265235900878906,1500,-0.0242576599121094,1500,0.0336332321166992,1500,0.0255861282348633,1500,-0.0225391387939453,1500,0.0358982086181641,1500,0.0318365097045898,1500,-9.2570276260376,1500,0.0166797637939453,1500,-8.50968074798584,1500,0.0219926834106445,1500,-9.80929470062256,1500,0.0259771347045898,1500,0.0312891006469727,1500,0.0182418823242188,1500,0.0205860137939453,1500,0.0441799163818359,1500,0.0302734375
1510,0.0241794586181641,1510,0.0344924926757812,1510,-0.0212888717651367,1510,0.0127735137939453,1510,0.0275392532348633,1510,-0.0230073928833008,1510,-0.0264453887939453,1510,-0.0242576599121094,1510,0.0334768295288086,1510,0.0255861282348633,1510,-0.0225391387939453,1510,0.0358209609985352,1510,0.0317583084106445,1510,-9.27952766418457,1510,0.0166797637939453,1510,-8.50905609130859,1510,0.0218362808227539,1510,-9.81046676635742,1510,0.0258207321166992,1510,0.031132698059082,1510,0.0182418823242188,1510,0.0205078125,1510,0.0441017150878906,1510,0.0301952362060547
1520,0.0241794586181641,1520,0.0344142913818359,1520,-0.0212888717651367,1520,0.0127735137939453,1520,0.0275392532348633,1520,-0.0229301452636719,1520,-0.0264453887939453,1520,-0.0242576599121094,1520,0.033320426940918,1520,0.025507926940918,1520,-0.0225391387939453,1520,0.0356645584106445,1520,0.0317583084106445,1520,-9.30163669586182,1520,0.0166797637939453,1520,-8.50780582427979,1520,0.0216798782348633,1520,-9.81187343597412,1520,0.0256643295288086,1520,0.0310544967651367,1520,0.0182418823242188,1520,0.0204296112060547,1520,0.0441017150878906,1520,0.0300388336181641
1530,0.0242576599121094,1530,0.0344142913818359,1530,-0.0212888717651367,1530,0.0128517150878906,1530,0.0275392532348633,1530,-0.0229301452636719,1530,-0.0263671875,1530,-0.0241794586181641,1530,0.0331640243530273,1530,0.025507926940918,1530,-0.0225391387939453,1530,0.0355863571166992,1530,0.0316801071166992,1530,-9.32304286956787,1530,0.0166797637939453,1530,-8.50647735595703,1530,0.0215234756469727,1530,-9.81374835968018,1530,0.025507926940918,1530,0.0308990478515625,1530,0.0182418823242188,1530,0.0203514099121094,1530,0.0440235137939453,1530,0.0299606323242188
1540,0.0242576599121094,1540,0.0344142913818359,1540,-0.0212888717651367,1540,0.0128517150878906,1540,0.0275392532348633,1540,-0.0229301452636719,1540,-0.0263671875,1540,-0.0241794586181641,1540,0.0330076217651367,1540,0.025507926940918,1540,-0.0224609375,1540,0.0354299545288086,1540,0.0316801071166992,1540,-9.34405899047852,1540,0.0166797637939453,1540,-8.505539894104,1540,0.0214452743530273,1540,-9.81484222412109,1540,0.0253515243530273,1540,0.0308208465576172,1540,0.0182418823242188,1540,0.0202732086181641,1540,0.0440235137939453,1540,0.0298051834106445
1550,0.0242576599121094,1550,0.0344142913818359,1550,-0.0212888717651367,1550,0.0128517150878906,1550,0.027461051940918,1550,-0.0228519439697266,1550,-0.0262889862060547,1550,-0.0241794586181641,1550,0.0328521728515625,1550,0.025507926940918,1550,-0.0224609375,1550,0.0353517532348633,1550,0.0316019058227539,1550,-9.36476230621338,1550,0.0166797637939453,1550,-8.50444602966309,1550,0.0212888717651367,1550,-9.81601333618164,1550,0.0251169204711914,1550,0.0307426452636719,1550,0.0182418823242188,1550,0.0201950073242188,1550,0.0439453125,1550,0.0297269821166992
1560,0.0242576599121094,1560,0.0344142913818359,1560,-0.0212888717651367,1560,0.0129299163818359,1560,0.027461051940918,1560,-0.0228519439697266,1560,-0.0262889862060547,1560,-0.0241794586181641,1560,0.0326957702636719,1560,0.0254297256469727,1560,-0.0224609375,1560,0.035273551940918,1560,0.0316019058227539,1560,-9.38499641418457,1560,0.0166797637939453,1560,-8.50335216522217,1560,0.0212106704711914,1560,-9.81742000579834,1560,0.0249614715576172,1560,0.0305862426757812,1560,0.0182418823242188,1560,0.0200395584106445,1560,0.0439453125,1560,0.0295705795288086
1570,0.0242576599121094,1570,0.0344142913818359,1570,-0.0212888717651367,1570,0.0129299163818359,1570,0.027461051940918,1570,-0.0227737426757812,1570,-0.0262889862060547,1570,-0.0241794586181641,1570,0.0325393676757812,1570,0.0254297256469727,1570,-0.0224609375,1570,0.0351171493530273,1570,0.0315237045288086,1570,-9.40530872344971,1570,0.0166797637939453,1570,-8.50202465057373,1570,0.0210552215576172,1570,-9.81890487670898,1570,0.0248050689697266,1570,0.0305080413818359,1570,0.0182418823242188,1570,0.0199613571166992,1570,0.0439453125,1570,0.0294923782348633
1580,0.0242576599121094,1580,0.0343360900878906,1580,-0.0212888717651367,1580,0.0129299163818359,1580,0.027461051940918,1580,-0.0227737426757812,1580,-0.0262107849121094,1580,-0.0241012573242188,1580,0.0323829650878906,1580,0.0254297256469727,1580,-0.0223827362060547,1580,0.035038948059082,1580,0.0315237045288086,1580,-9.42484092712402,1580,0.0166797637939453,1580,-8.50100898742676,1580,0.0209770202636719,1580,-9.82007598876953,1580,0.0246486663818359,1580,0.0304298400878906,1580,0.0182418823242188,1580,0.0198831558227539,1580,0.0438671112060547,1580,0.029414176940918
1590,0.0242576599121094,1590,0.0343360900878906,1590,-0.0212888717651367,1590,0.0130081176757812,1590,0.027461051940918,1590,-0.0227737426757812,1590,-0.0262107849121094,1590,-0.0241012573242188,1590,0.0322265625,1590,0.0253515243530273,1590,-0.0223827362060547,1590,0.0349607467651367,1590,0.0314455032348633,1590,-9.44405937194824,1590,0.0166797637939453,1590,-8.50014972686768,1590,0.0208206176757812,1590,-9.82124805450439,1590,0.0244922637939453,1590,0.0302734375,1590,0.0182418823242188,1590,0.0198049545288086,1590,0.0438671112060547,1590,0.0292577743530273
1600,0.0242576599121094,1600,0.0343360900878906,1600,-0.021367073059082,1600,0.0130081176757812,1600,0.027461051940918,1600,-0.0226955413818359,1600,-0.0261325836181641,1600,-0.0241012573242188,1600,0.0319919586181641,1600,0.0253515243530273,1600,-0.0223827362060547,1600,0.0348052978515625,1600,0.031367301940918,1600,-9.46304321289062,1600,0.0166797637939453,1600,-8.49866485595703,1600,0.0206642150878906,1600,-9.82288837432861,1600,0.0243358612060547,1600,0.0301952362060547,1600,0.0182418823242188,1600,0.0197267532348633,1600,0.0437889099121094,1600,0.029179573059082
1610,0.0242576599121094,1610,0.0343360900878906,1610,-0.021367073059082,1610,0.0130081176757812,1610,0.0273828506469727,1610,-0.0226955413818359,1610,-0.0261325836181641,1610,-0.0240230560302734,1610,0.0318365097045898,1610,0.0253515243530273,1610,-0.0223827362060547,1610,0.0347270965576172,1610,0.031367301940918,1610,-9.4562463760376,1610,0.0166797637939453,1610,-8.46546173095703,1610,0.0205860137939453,1610,-9.81038856506348,1610,0.0241794586181641,1610,0.0301170349121094,1610,0.0182418823242188,1610,0.019648551940918,1610,0.0437889099121094,1610,0.0291013717651367
1620,0.0242576599121094,1620,0.0343360900878906,1620,-0.021367073059082,1620,0.0130863189697266,1620,0.0273828506469727,1620,-0.0226955413818359,1620,-0.0261325836181641,1620,-0.0241012573242188,1620,0.0316801071166992,1620,0.025273323059082,1620,-0.0223827362060547,1620,0.0345706939697266,1620,0.0312891006469727,1620,-9.48937225341797,1620,0.0166797637939453,1620,-8.48413372039795,1620,0.0204296112060547,1620,-9.8185920715332,1620,0.0240240097045898,1620,0.0300388336181641,1620,0.0182418823242188,1620,0.0195703506469727,1620,0.0437107086181641,1620,0.0289459228515625
1630,0.0242576599121094,1630,0.0343360900878906,1630,-0.021367073059082,1630,0.0130863189697266,1630,0.0273828506469727,1630,-0.0226173400878906,1630,-0.0260543823242188,1630,-0.0241012573242188,1630,0.0315237045288086,1630,0.025273323059082,1630,-0.0223827362060547,1630,0.0344924926757812,1630,0.0312891006469727,1630,-9.51655960083008,1630,0.0166797637939453,1630,-8.49608707427979,1630,0.0203514099121094,1630,-9.82609176635742,1630,0.0238676071166992,1630,0.0298833847045898,1630,0.0181646347045898,1630,0.0194921493530273,1630,0.0437107086181641,1630,0.0288677215576172
1640,0.0242576599121094,1640,0.0342578887939453,1640,-0.021367073059082,1640,0.0131645202636719,1640,0.0273828506469727,1640,-0.0226173400878906,1640,-0.0260543823242188,1640,-0.0240230560302734,1640,0.031367301940918,1640,0.025273323059082,1640,-0.0223827362060547,1640,0.0344142913818359,1640,0.0312108993530273,1640,-9.53390312194824,1640,0.0166797637939453,1640,-8.49569606781006,1640,0.0201950073242188,1640,-9.82757663726807,1640,0.0237112045288086,1640,0.0298051834106445,1640,0.0181646347045898,1640,0.019413948059082,1640,0.0436334609985352,1640,0.0287113189697266
1650,0.0242576599121094,1650,0.0342578887939453,1650,-0.021367073059082,1650,0.0131645202636719,1650,0.0273828506469727,1650,-0.0226173400878906,1650,-0.0259761810302734,1650,-0.0240230560302734,1650,0.0312108993530273,1650,0.025273323059082,1650,-0.0223045349121094,1650,0.0342578887939453,1650,0.0312108993530273,1650,-9.55070018768311,1650,0.0166797637939453,1650,-8.49491500854492,1650,0.0201177597045898,1650,-9.8289041519165,1650,0.0234766006469727,1650,0.0297269821166992,1650,0.0181646347045898,1650,0.0193357467651367,1650,0.0436334609985352,1650,0.0286331176757812
1660,0.0242576599121094,1660,0.0342578887939453,1660,-0.021367073059082,1660,0.0131645202636719,1660,0.0273828506469727,1660,-0.0225391387939453,1660,-0.0259761810302734,1660,-0.0240230560302734,1660,0.0310544967651367,1660,0.0251951217651367,1660,-0.0223045349121094,1660,0.0341796875,1660,0.031132698059082,1660,-9.56734085083008,1660,0.0166797637939453,1660,-8.49405574798584,1660,0.0199613571166992,1660,-9.83015441894531,1660,0.023320198059082,1660,0.0295705795288086,1660,0.0181646347045898,1660,0.0192575454711914,1660,0.0435552597045898,1660,0.0285549163818359
1670,0.0242576599121094,1670,0.0342578887939453,1670,-0.021367073059082,1670,0.0132427215576172,1670,0.0273046493530273,1670,-0.0225391387939453,1670,-0.0259761810302734,1670,-0.0240230560302734,1670,0.0308990478515625,1670,0.0251951217651367,1670,-0.0223045349121094,1670,0.0341014862060547,1670,0.031132698059082,1670,-9.58320045471191,1670,0.0166797637939453,1670,-8.49241542816162,1670,0.0198831558227539,1670,-9.83101367950439,1670,0.0231637954711914,1670,0.0294923782348633,1670,0.0181646347045898,1670,0.0191793441772461,1670,0.0435552597045898,1670,0.0284767150878906
1680,0.0242576599121094,1680,0.0342578887939453,1680,-0.021367073059082,1680,0.0132427215576172,1680,0.0273046493530273,1680,-0.0225391387939453,1680,-0.0258989334106445,1680,-0.0240230560302734,1680,0.0307426452636719,1680,0.0251951217651367,1680,-0.0223045349121094,1680,0.0339450836181641,1680,0.0310544967651367,1680,-9.59937191009521,1680,0.0166015625,1680,-8.49202442169189,1680,0.0197267532348633,1680,-9.83179473876953,1680,0.0230083465576172,1680,0.029414176940918,1680,0.0181646347045898,1680,0.0191020965576172,1680,0.0434770584106445,1680,0.0283203125
1690,0.0242576599121094,1690,0.0341796875,1690,-0.0214452743530273,1690,0.0132427215576172,1690,0.0273046493530273,1690,-0.0224609375,1690,-0.0258989334106445,1690,-0.0240230560302734,1690,0.0306644439697266,1690,0.0251951217651367,1690,-0.0223045349121094,1690,0.0338668823242188,1690,0.0310544967651367,1690,-9.61484146118164,1690,0.0166015625,1690,-8.49218082427979,1690,0.0195703506469727,1690,-9.83202934265137,1690,0.0228519439697266,1690,0.0293359756469727,1690,0.0181646347045898,1690,0.0190238952636719,1690,0.0433988571166992,1690,0.0282421112060547
1700,0.0242576599121094,1700,0.0341796875,1700,-0.0214452743530273,1700,0.0133199691772461,1700,0.0273046493530273,1700,-0.0224609375,1700,-0.0258207321166992,1700,-0.0240230560302734,1700,0.0305080413818359,1700,0.0251169204711914,1700,-0.0223045349121094,1700,0.0337896347045898,1700,0.0309762954711914,1700,-9.62976264953613,1700,0.0166015625,1700,-8.4913215637207,1700,0.0194921493530273,1700,-9.83249855041504,1700,0.0226955413818359,1700,0.029179573059082,1700,0.0181646347045898,1700,0.0189456939697266,1700,0.0433988571166992,1700,0.0281639099121094
1710,0.0242576599121094,1710,0.0341796875,1710,-0.0214452743530273,1710,0.0133199691772461,1710,0.0273046493530273,1710,-0.0224609375,1710,-0.0258207321166992,1710,-0.0239458084106445,1710,0.0303516387939453,1710,0.0251169204711914,1710,-0.0223045349121094,1710,0.0336332321166992,1710,0.0309762954711914,1710,-9.64382553100586,1710,0.0166015625,1710,-8.49030590057373,1710,0.019413948059082,1710,-9.83312320709229,1710,0.0225391387939453,1710,0.0291013717651367,1710,0.0181646347045898,1710,0.0188674926757812,1710,0.0433206558227539,1710,0.0280857086181641
1720,0.0242576599121094,1720,0.0341796875,1720,-0.0214452743530273,1720,0.0133199691772461,1720,0.027226448059082,1720,-0.0223827362060547,1720,-0.0258207321166992,1720,-0.0239458084106445,1720,0.0301952362060547,1720,0.0251169204711914,1720,-0.0223045349121094,1720,0.0335550308227539,1720,0.0308990478515625,1720,-9.6577320098877,1720,0.0166015625,1720,-8.48905563354492,1720,0.0192575454711914,1720,-9.83351421356201,1720,0.0223827362060547,1720,0.0290231704711914,1720,0.0181646347045898,1720,0.0187892913818359,1720,0.0433206558227539,1720,0.0280075073242188
1730,0.0242576599121094,1730,0.0341796875,1730,-0.0214452743530273,1730,0.0133199691772461,1730,0.027226448059082,1730,-0.0223827362060547,1730,-0.0257425308227539,1730,-0.0239458084106445,1730,0.0300388336181641,1730,0.0251169204711914,1730,-0.0223045349121094,1730,0.0334768295288086,1730,0.0308990478515625,1730,-9.66812229156494,1730,0.0166015625,1730,-8.48241519927979,1730,0.0191793441772461,1730,-9.83242034912109,1730,0.0222263336181641,1730,0.0289459228515625,1730,0.0181646347045898,1730,0.0187110900878906,1730,0.0432424545288086,1730,0.0279302597045898
1740,0.0242576599121094,1740,0.0341014862060547,1740,-0.0214452743530273,1740,0.0133981704711914,1740,0.027226448059082,1740,-0.0223827362060547,1740,-0.0257425308227539,1740,-0.0239458084106445,1740,0.0298833847045898,1740,0.0250387191772461,1740,-0.0223045349121094,1740,0.033320426940918,1740,0.0308208465576172,1740,-9.68156051635742,1740,0.0166015625,1740,-8.48421192169189,1740,0.0191020965576172,1740,-9.83546733856201,1740,0.0220708847045898,1740,0.0288677215576172,1740,0.0181646347045898,1740,0.0186328887939453,1740,0.0432424545288086,1740,0.0278520584106445
1750,0.0242576599121094,1750,0.0341014862060547,1750,-0.0214452743530273,1750,0.0133981704711914,1750,0.027226448059082,1750,-0.0223045349121094,1750,-0.0257425308227539,1750,-0.0239458084106445,1750,0.0297269821166992,1750,0.0250387191772461,1750,-0.0223045349121094,1750,0.0332422256469727,1750,0.0308208465576172,1750,-9.69296646118164,1750,0.0166015625,1750,-8.47085189819336,1750,0.0189456939697266,1750,-9.83070182800293,1750,0.0219144821166992,1750,0.0287113189697266,1750,0.0180864334106445,1750,0.0185546875,1750,0.0431642532348633,1750,0.0276956558227539
1760,0.0242576599121094,1760,0.0341014862060547,1760,-0.0214452743530273,1760,0.0133981704711914,1760,0.0271482467651367,1760,-0.0223045349121094,1760,-0.0256643295288086,1760,-0.0239458084106445,1760,0.0295705795288086,1760,0.0250387191772461,1760,-0.0223045349121094,1760,0.0331640243530273,1760,0.0307426452636719,1760,-9.70484161376953,1760,0.0166015625,1760,-8.47405529022217,1760,0.0188674926757812,1760,-9.83460807800293,1760,0.0217580795288086,1760,0.0286331176757812,1760,0.0180864334106445,1760,0.0184764862060547,1760,0.0431642532348633,1760,0.0276174545288086
1770,0.0242576599121094,1770,0.0341014862060547,1770,-0.0214452743530273,1770,0.0134763717651367,1770,0.0271482467651367,1770,-0.0223045349121094,1770,-0.0256643295288086,1770,-0.0239458084106445,1770,0.029414176940918,1770,0.0250387191772461,1770,-0.0223045349121094,1770,0.0330076217651367,1770,0.0307426452636719,1770,-9.71320056915283,1770,0.0166015625,1770,-8.47147750854492,1770,0.0187892913818359,1770,-9.83546733856201,1770,0.021601676940918,1770,0.0285549163818359,1770,0.0180864334106445,1770,0.0183982849121094,1770,0.043086051940918,1770,0.0275392532348633
1780,0.0241794586181641,1780,0.0341014862060547,1780,-0.0214452743530273,1780,0.0134763717651367,1780,0.0271482467651367,1780,-0.0222263336181641,1780,-0.0255861282348633,1780,-0.0238676071166992,1780,0.0293359756469727,1780,0.0250387191772461,1780,-0.0223045349121094,1780,0.0329294204711914,1780,0.0306644439697266,1780,-9.72632598876953,1780,0.0166015625,1780,-8.46835231781006,1780,0.0186328887939453,1780,-9.83390426635742,1780,0.0214452743530273,1780,0.0284767150878906,1780,0.0180864334106445,1780,0.0183982849121094,1780,0.0430078506469727,1780,0.027461051940918
1790,0.0241794586181641,1790,0.0340232849121094,1790,-0.0215234756469727,1790,0.0134763717651367,1790,0.0271482467651367,1790,-0.0222263336181641,1790,-0.0255861282348633,1790,-0.0238676071166992,1790,0.029179573059082,1790,0.0249614715576172,1790,-0.0223045349121094,1790,0.0328521728515625,1790,0.0306644439697266,1790,-9.73890399932861,1790,0.0166015625,1790,-8.476243019104,1790,0.0185546875,1790,-9.83757591247559,1790,0.0212888717651367,1790,0.0283985137939453,1790,0.0180864334106445,1790,0.0183200836181641,1790,0.0430078506469727,1790,0.0273828506469727
1800,0.0241794586181641,1800,0.0340232849121094,1800,-0.0215234756469727,1800,0.0134763717651367,1800,0.0271482467651367,1800,-0.0222263336181641,1800,-0.0255861282348633,1800,-0.0238676071166992,1800,0.0290231704711914,1800,0.0249614715576172,1800,-0.0223045349121094,1800,0.0327739715576172,1800,0.0305862426757812,1800,-9.75117015838623,1800,0.0166015625,1800,-8.47468090057373,1800,0.0184764862060547,1800,-9.83734226226807,1800,0.0212106704711914,1800,0.0282421112060547,1800,0.0180864334106445,1800,0.0182418823242188,1800,0.0429296493530273,1800,0.0273046493530273
1810,0.0241794586181641,1810,0.0340232849121094,1810,-0.0215234756469727,1810,0.0134763717651367,1810,0.0271482467651367,1810,-0.0221481323242188,1810,-0.025507926940918,1810,-0.0238676071166992,1810,0.0288677215576172,1810,0.0249614715576172,1810,-0.0223045349121094,1810,0.0326175689697266,1810,0.0305862426757812,1810,-9.75984191894531,1810,0.0166015625,1810,-8.47296142578125,1810,0.0183982849121094,1810,-9.83632659912109,1810,0.0210552215576172,1810,0.0281639099121094,1810,0.0180864334106445,1810,0.0181646347045898,1810,0.0429296493530273,1810,0.027226448059082
1820,0.0241794586181641,1820,0.0339450836181641,1820,-0.0215234756469727,1820,0.013554573059082,1820,0.0270700454711914,1820,-0.0221481323242188,1820,-0.025507926940918,1820,-0.0238676071166992,1820,0.0287895202636719,1820,0.0249614715576172,1820,-0.0223045349121094,1820,0.0325393676757812,1820,0.0305080413818359,1820,-9.7644510269165,1820,0.0166015625,1820,-8.46538352966309,1820,0.0182418823242188,1820,-9.83570098876953,1820,0.0208988189697266,1820,0.0280857086181641,1820,0.0180864334106445,1820,0.0180864334106445,1820,0.042851448059082,1820,0.0271482467651367
1830,0.0241794586181641,1830,0.0339450836181641,1830,-0.0215234756469727,1830,0.013554573059082,1830,0.0270700454711914,1830,-0.0220699310302734,1830,-0.025507926940918,1830,-0.0238676071166992,1830,0.0286331176757812,1830,0.0249614715576172,1830,-0.0223045349121094,1830,0.0324611663818359,1830,0.0305080413818359,1830,-9.77874755859375,1830,0.0165233612060547,1830,-8.47405529022217,1830,0.0181646347045898,1830,-9.83929538726807,1830,0.0207424163818359,1830,0.0280075073242188,1830,0.0180082321166992,1830,0.0180082321166992,1830,0.042851448059082,1830,0.0270700454711914
1840,0.0241794586181641,1840,0.0339450836181641,1840,-0.0215234756469727,1840,0.013554573059082,1840,0.0270700454711914,1840,-0.0220699310302734,1840,-0.0254297256469727,1840,-0.0237894058227539,1840,0.0284767150878906,1840,0.0248832702636719,1840,-0.0223045349121094,1840,0.0323047637939453,1840,0.0304298400878906,1840,-9.78570079803467,1840,0.0165233612060547,1840,-8.46803951263428,1840,0.0180864334106445,1840,-9.83718585968018,1840,0.0205860137939453,1840,0.0279302597045898,1840,0.0180082321166992,1840,0.0180082321166992,1840,0.0427732467651367,1840,0.0269927978515625
1850,0.0241012573242188,1850,0.0339450836181641,1850,-0.0215234756469727,1850,0.013554573059082,1850,0.0270700454711914,1850,-0.0220699310302734,1850,-0.0254297256469727,1850,-0.0237112045288086,1850,0.0283203125,1850,0.0248832702636719,1850,-0.0223045349121094,1850,0.0323047637939453,1850,0.0304298400878906,1850,-9.79265403747559,1850,0.0165233612060547,1850,-8.45983695983887,1850,0.0180082321166992,1850,-9.8347635269165,1850,0.0204296112060547,1850,0.0278520584106445,1850,0.0180082321166992,1850,0.0179300308227539,1850,0.0426950454711914,1850,0.0269927978515625
1860,0.0241794586181641,1860,0.0339450836181641,1860,-0.0215234756469727,1860,0.0136327743530273,1860,0.0270700454711914,1860,-0.0220699310302734,1860,-0.0253515243530273,1860,-0.0236330032348633,1860,0.0281639099121094,1860,0.0248832702636719,1860,-0.0223045349121094,1860,0.0322265625,1860,0.0303516387939453,1860,-9.80273246765137,1860,0.0164451599121094,1860,-8.46303939819336,1860,0.0179300308227539,1860,-9.83773231506348,1860,0.0202732086181641,1860,0.0277738571166992,1860,0.0180082321166992,1860,0.0178518295288086,1860,0.0426950454711914,1860,0.0269145965576172
1870,0.0241012573242188,1870,0.0338668823242188,1870,-0.0215234756469727,1870,0.0136327743530273,1870,0.0270700454711914,1870,-0.0219926834106445,1870,-0.0253515243530273,1870,-0.0236330032348633,1870,0.0280857086181641,1870,0.0248832702636719,1870,-0.0223045349121094,1870,0.0320701599121094,1870,0.0303516387939453,1870,-9.80757617950439,1870,0.0163669586181641,1870,-8.46296215057373,1870,0.0177736282348633,1870,-9.83835792541504,1870,0.0201177597045898,1870,0.0276956558227539,1870,0.0180082321166992,1870,0.0178518295288086,1870,0.0426177978515625,1870,0.0268363952636719
1880,0.0241012573242188,1880,0.0338668823242188,1880,-0.0215234756469727,1880,0.0136327743530273,1880,0.0270700454711914,1880,-0.0219926834106445,1880,-0.0253515243530273,1880,-0.0236330032348633,1880,0.0279302597045898,1880,0.0248832702636719,1880,-0.0223045349121094,1880,0.0319919586181641,1880,0.0302734375,1880,-9.82148265838623,1880,0.0163669586181641,1880,-8.4698371887207,1880,0.017695426940918,1880,-9.84109210968018,1880,0.0199613571166992,1880,0.0276174545288086,1880,0.0180082321166992,1880,0.0177736282348633,1880,0.0426177978515625,1880,0.0267581939697266
1890,0.0241012573242188,1890,0.0338668823242188,1890,-0.021601676940918,1890,0.0136327743530273,1890,0.0269927978515625,1890,-0.0219144821166992,1890,-0.025273323059082,1890,-0.0236330032348633,1890,0.0277738571166992,1890,0.0248832702636719,1890,-0.0223045349121094,1890,0.0319137573242188,1890,0.0302734375,1890,-9.82171726226807,1890,0.0163669586181641,1890,-8.45561790466309,1890,0.0176172256469727,1890,-9.83749866485596,1890,0.0198831558227539,1890,0.0275392532348633,1890,0.0180082321166992,1890,0.017695426940918,1890,0.0425395965576172,1890,0.0266799926757812
1900,0.0241012573242188,1900,0.0337896347045898,1900,-0.021601676940918,1900,0.0136327743530273,1900,0.0269927978515625,1900,-0.0219144821166992,1900,-0.025273323059082,1900,-0.0236330032348633,1900,0.0276956558227539,1900,0.0248050689697266,1900,-0.0223045349121094,1900,0.0317583084106445,1900,0.0301952362060547,1900,-9.83015441894531,1900,0.0163669586181641,1900,-8.45952415466309,1900,0.0175390243530273,1900,-9.83906078338623,1900,0.0197267532348633,1900,0.027461051940918,1900,0.0180082321166992,1900,0.0176172256469727,1900,0.0425395965576172,1900,0.0266017913818359
1910,0.0240240097045898,1910,0.0337896347045898,1910,-0.021601676940918,1910,0.0136327743530273,1910,0.0269927978515625,1910,-0.0219144821166992,1910,-0.025273323059082,1910,-0.0236330032348633,1910,0.0275392532348633,1910,0.0248050689697266,1910,-0.0223045349121094,1910,0.0316801071166992,1910,0.0301952362060547,1910,-9.82906055450439,1910,0.0164451599121094,1910,-8.44389915466309,1910,0.017460823059082,1910,-9.83538913726807,1910,0.0195703506469727,1910,0.0273828506469727,1910,0.0179300308227539,1910,0.0176172256469727,1910,0.0424613952636719,1910,0.0265235900878906
1920,0.0240240097045898,1920,0.0337896347045898,1920,-0.021601676940918,1920,0.0136327743530273,1920,0.0269927978515625,1920,-0.0218362808227539,1920,-0.0251951217651367,1920,-0.0236330032348633,1920,0.027461051940918,1920,0.0248050689697266,1920,-0.0223827362060547,1920,0.0316019058227539,1920,0.0301170349121094,1920,-9.85968589782715,1920,0.0163669586181641,1920,-8.48718070983887,1920,0.0173826217651367,1920,-9.84632682800293,1920,0.019413948059082,1920,0.0273046493530273,1920,0.0179300308227539,1920,0.0175390243530273,1920,0.0424613952636719,1920,0.0264453887939453
1930,0.0240240097045898,1930,0.0337114334106445,1930,-0.021601676940918,1930,0.0136327743530273,1930,0.0269145965576172,1930,-0.0218362808227539,1930,-0.0251951217651367,1930,-0.0236330032348633,1930,0.0273046493530273,1930,0.0248050689697266,1930,-0.0223827362060547,1930,0.0314455032348633,1930,0.0301170349121094,1930,-9.8629674911499,1930,0.0163669586181641,1930,-8.48257160186768,1930,0.0173826217651367,1930,-9.84867000579834,1930,0.0192575454711914,1930,0.027226448059082,1930,0.0179300308227539,1930,0.017460823059082,1930,0.0423831939697266,1930,0.0264453887939453
1940,0.0239458084106445,1940,0.0337114334106445,1940,-0.021601676940918,1940,0.0136327743530273,1940,0.0269145965576172,1940,-0.0217580795288086,1940,-0.0251951217651367,1940,-0.0236330032348633,1940,0.027226448059082,1940,0.0248050689697266,1940,-0.0223827362060547,1940,0.031367301940918,1940,0.0300388336181641,1940,-9.86593627929688,1940,0.0163669586181641,1940,-8.47671222686768,1940,0.0172262191772461,1940,-9.84835720062256,1940,0.0191020965576172,1940,0.0271482467651367,1940,0.0179300308227539,1940,0.017460823059082,1940,0.0423049926757812,1940,0.0263671875
1950,0.0239458084106445,1950,0.0337114334106445,1950,-0.021601676940918,1950,0.0136327743530273,1950,0.0269145965576172,1950,-0.0217580795288086,1950,-0.0251169204711914,1950,-0.023554801940918,1950,0.0270700454711914,1950,0.0248050689697266,1950,-0.0223827362060547,1950,0.0312891006469727,1950,0.0300388336181641,1950,-9.86906051635742,1950,0.0163669586181641,1950,-8.47124290466309,1950,0.0172262191772461,1950,-9.84718608856201,1950,0.0190238952636719,1950,0.0270700454711914,1950,0.0179300308227539,1950,0.0173826217651367,1950,0.0422267913818359,1950,0.0262889862060547
1960,0.0239458084106445,1960,0.0336332321166992,1960,-0.021601676940918,1960,0.0136327743530273,1960,0.0269145965576172,1960,-0.0216798782348633,1960,-0.0251169204711914,1960,-0.023554801940918,1960,0.0269927978515625,1960,0.0248050689697266,1960,-0.0223827362060547,1960,0.0312108993530273,1960,0.0299606323242188,1960,-9.8727331161499,1960,0.0163669586181641,1960,-8.46577453613281,1960,0.0171489715576172,1960,-9.84609222412109,1960,0.0188674926757812,1960,0.0269927978515625,1960,0.0178518295288086,1960,0.0173044204711914,1960,0.0422267913818359,1960,0.0262107849121094
1970,0.0238676071166992,1970,0.0336332321166992,1970,-0.0216798782348633,1970,0.0136327743530273,1970,0.0268363952636719,1970,-0.0216798782348633,1970,-0.0251169204711914,1970,-0.023554801940918,1970,0.0268363952636719,1970,0.0247268676757812,1970,-0.0223827362060547,1970,0.0310544967651367,1970,0.0299606323242188,1970,-9.87687301635742,1970,0.0163669586181641,1970,-8.46139907836914,1970,0.0170707702636719,1970,-9.84531116485596,1970,0.0187110900878906,1970,0.0269145965576172,1970,0.0178518295288086,1970,0.0173044204711914,1970,0.0421485900878906,1970,0.0261325836181641
1980,0.0238676071166992,1980,0.0336332321166992,1980,-0.0216798782348633,1980,0.0136327743530273,1980,0.0268363952636719,1980,-0.0216798782348633,1980,-0.0250387191772461,1980,-0.023554801940918,1980,0.0267581939697266,1980,0.0247268676757812,1980,-0.0223827362060547,1980,0.0309762954711914,1980,0.0298833847045898,1980,-9.88077926635742,1980,0.0163669586181641,1980,-8.45608711242676,1980,0.0169925689697266,1980,-9.84460735321045,1980,0.0186328887939453,1980,0.0268363952636719,1980,0.0178518295288086,1980,0.0172262191772461,1980,0.0420703887939453,1980,0.0261325836181641
1990,0.0238676071166992,1990,0.0335550308227539,1990,-0.0216798782348633,1990,0.0136327743530273,1990,0.0268363952636719,1990,-0.021601676940918,1990,-0.0250387191772461,1990,-0.023554801940918,1990,0.0266017913818359,1990,0.0247268676757812,1990,-0.0223827362060547,1990,0.0308990478515625,1990,0.0298833847045898,1990,-9.8849983215332,1990,0.0163669586181641,1990,-8.45249271392822,1990,0.0169143676757812,1990,-9.84390449523926,1990,0.0184764862060547,1990,0.0267581939697266,1990,0.0178518295288086,1990,0.0171489715576172,1990,0.0420703887939453,1990,0.0260543823242188
2000,0.0237894058227539,2000,0.0335550308227539,2000,-0.0216798782348633,2000,0.0136327743530273,2000,0.0268363952636719,2000,-0.021601676940918,2000,-0.0250387191772461,2000,-0.023554801940918,2000,0.0265235900878906,2000,0.0247268676757812,2000,-0.0223827362060547,2000,0.0307426452636719,2000,0.0298051834106445,2000,-9.88929557800293,2000,0.0163669586181641,2000,-8.44866466522217,2000,0.0168361663818359,2000,-9.84359169006348,2000,0.0183200836181641,2000,0.0266799926757812,2000,0.0177736282348633,2000,0.0171489715576172,2000,0.0419921875,2000,0.0259771347045898
2010,0.0237894058227539,2010,0.0335550308227539,2010,-0.0216798782348633,2010,0.0136327743530273,2010,0.0268363952636719,2010,-0.0215234756469727,2010,-0.0249605178833008,2010,-0.023554801940918,2010,0.0263671875,2010,0.0247268676757812,2010,-0.0223827362060547,2010,0.0306644439697266,2010,0.0298051834106445,2010,-9.89343643188477,2010,0.0163669586181641,2010,-8.44514942169189,2010,0.0167579650878906,2010,-9.84327983856201,2010,0.0181646347045898,2010,0.0266799926757812,2010,0.0177736282348633,2010,0.0170707702636719,2010,0.0419921875,2010,0.0258989334106445
2020,0.0237894058227539,2020,0.0334768295288086,2020,-0.0216798782348633,2020,0.0136327743530273,2020,0.0267581939697266,2020,-0.0215234756469727,2020,-0.0249605178833008,2020,-0.023554801940918,2020,0.0262889862060547,2020,0.0247268676757812,2020,-0.0224609375,2020,0.0305862426757812,2020,0.0297269821166992,2020,-9.89757633209229,2020,0.0163669586181641,2020,-8.44171142578125,2020,0.0166797637939453,2020,-9.84343528747559,2020,0.0180864334106445,2020,0.0266017913818359,2020,0.0177736282348633,2020,0.0170707702636719,2020,0.0419139862060547,2020,0.0258989334106445
2030,0.0237894058227539,2030,0.0334768295288086,2030,-0.0216798782348633,2030,0.0136327743530273,2030,0.0267581939697266,2030,-0.0215234756469727,2030,-0.0249605178833008,2030,-0.023554801940918,2030,0.0262107849121094,2030,0.0247268676757812,2030,-0.0223827362060547,2030,0.0305080413818359,2030,0.0297269821166992,2030,-9.90187358856201,2030,0.0163669586181641,2030,-8.43882083892822,2030,0.0166797637939453,2030,-9.84343528747559,2030,0.0179300308227539,2030,0.0265235900878906,2030,0.0177736282348633,2030,0.0169925689697266,2030,0.0418357849121094,2030,0.0258207321166992
2040,0.0237112045288086,2040,0.0334768295288086,2040,-0.0216798782348633,2040,0.0136327743530273,2040,0.0267581939697266,2040,-0.0214452743530273,2040,-0.0248832702636719,2040,-0.023554801940918,2040,0.0260543823242188,2040,0.0247268676757812,2040,-0.0224609375,2040,0.0304298400878906,2040,0.0296487808227539,2040,-9.90632629394531,2040,0.0163669586181641,2040,-8.43694591522217,2040,0.0166015625,2040,-9.84335803985596,2040,0.0178518295288086,2040,0.0264453887939453,2040,0.0177736282348633,2040,0.0169925689697266,2040,0.0417575836181641,2040,0.0257425308227539
2050,-0.0119142532348633,2050,0.0124607086181641,2050,-0.0237894058227539,2050,-0.0259761810302734,2050,0.00972652435302734,2050,0.0107421875,2050,0.0124607086181641,2050,0.0130863189697266,2050,0.0249614715576172,2050,0.00371074676513672,2050,-0.0581645965576172,2050,0.0123825073242188,2050,-0.00246047973632812,2050,-9.75452899932861,2050,-0.0260543823242188,2050,-8.96562004089355,2050,-0.0111331939697266,2050,-10.2399997711182,2050,-0.00777339935302734,2050,-0.00738239288330078,2050,-0.0141792297363281,2050,0.0144138336181641,2050,0.0221481323242188,2050,0.0228519439697266
2060,-0.00918006896972656,2060,0.0126171112060547,2060,-0.0239458084106445,2060,-0.0244922637939453,2060,0.00972652435302734,2060,0.0108203887939453,2060,0.0124607086181641,2060,0.0131645202636719,2060,0.0250387191772461,2060,0.00371074676513672,2060,-0.0537891387939453,2060,0.0126171112060547,2060,-0.000820159912109375,2060,-9.95859241485596,2060,-0.0203514099121094,2060,-9.11921405792236,2060,-0.00855445861816406,2060,-10.2399997711182,2060,-0.00582027435302734,2060,0.0169925689697266,2060,-0.0123043060302734,2060,0.0144920349121094,2060,0.0223827362060547,2060,0.0229301452636719
2070,-0.00785160064697266,2070,0.0126953125,2070,-0.0239458084106445,2070,-0.023320198059082,2070,0.00980472564697266,2070,0.0109767913818359,2070,0.0125389099121094,2070,0.0132427215576172,2070,0.0250387191772461,2070,0.00378894805908203,2070,-0.0513677597045898,2070,0.0128517150878906,2070,-3.91006469726562e-05,2070,-10.0901556015015,2070,-0.0170707702636719,2070,-9.18085479736328,2070,-0.00699234008789062,2070,-10.2142963409424,2070,-0.00441360473632812,2070,0.0170707702636719,2070,-0.011601448059082,2070,0.0144920349121094,2070,0.0225391387939453,2070,0.0229301452636719
2080,-0.00691413879394531,2080,0.0126953125,2080,-0.0239458084106445,2080,-0.0218362808227539,2080,0.00980472564697266,2080,0.0110549926757812,2080,0.0125389099121094,2080,0.0133199691772461,2080,0.0251169204711914,2080,0.00378894805908203,2080,-0.0496482849121094,2080,0.0130863189697266,2080,0.000898361206054688,2080,-10.0949211120605,2080,-0.0148830413818359,2080,-9.18905830383301,2080,-0.00582027435302734,2080,-10.173828125,2080,-0.00316429138183594,2080,0.0170707702636719,2080,-0.0114450454711914,2080,0.0145702362060547,2080,0.0226173400878906,2080,0.0229301452636719
2090,-0.00636672973632812,2090,0.0127735137939453,2090,-0.0239458084106445,2090,-0.0207424163818359,2090,0.00980472564697266,2090,0.0111331939697266,2090,0.0126171112060547,2090,0.0133199691772461,2090,0.0251169204711914,2090,0.00378894805908203,2090,-0.0486326217651367,2090,0.0132427215576172,2090,0.00167942047119141,2090,-10.0964050292969,2090,-0.0132417678833008,2090,-9.1892147064209,2090,-0.0048828125,2090,-10.1486711502075,2090,-0.00222682952880859,2090,0.0171489715576172,2090,-0.0110549926757812,2090,0.0145702362060547,2090,0.0227737426757812,2090,0.0230083465576172
2100,-0.00597667694091797,2100,0.0127735137939453,2100,-0.0240230560302734,2100,-0.0198831558227539,2100,0.00988292694091797,2100,0.0112113952636719,2100,0.0126171112060547,2100,0.0133981704711914,2100,0.0251169204711914,2100,0.00386714935302734,2100,-0.0479297637939453,2100,0.0134763717651367,2100,0.00253868103027344,2100,-10.0972652435303,2100,-0.011836051940918,2100,-9.18718338012695,2100,-0.00402355194091797,2100,-10.1299209594727,2100,-0.00144481658935547,2100,0.0171489715576172,2100,-0.0102729797363281,2100,0.0146484375,2100,0.0228519439697266,2100,0.0230083465576172
2110,-0.00582027435302734,2110,0.0128517150878906,2110,-0.0240230560302734,2110,-0.0191793441772461,2110,0.00988292694091797,2110,0.0112895965576172,2110,0.0126953125,2110,0.0134763717651367,2110,0.0251169204711914,2110,0.00386714935302734,2110,-0.0473051071166992,2110,0.013554573059082,2110,0.00339889526367188,2110,-10.0971870422363,2110,-0.0106639862060547,2110,-9.19101142883301,2110,-0.00324249267578125,2110,-10.1153116226196,2110,-0.000741958618164062,2110,0.0172262191772461,2110,-0.00949192047119141,2110,0.0146484375,2110,0.0230083465576172,2110,0.0230083465576172
2120,-0.00566387176513672,2120,0.0128517150878906,2120,-0.0241012573242188,2120,-0.0187892913818359,2120,0.00996112823486328,2120,0.0113668441772461,2120,0.0126953125,2120,0.013554573059082,2120,0.0251951217651367,2120,0.00386714935302734,2120,-0.0466794967651367,2120,0.0137109756469727,2120,0.00425815582275391,2120,-10.0976552963257,2120,-0.00964832305908203,2120,-9.18874549865723,2120,-0.00253868103027344,2120,-10.1083583831787,2120,-0.000117301940917969,2120,0.0172262191772461,2120,-0.00863265991210938,2120,0.0146484375,2120,0.0231637954711914,2120,0.0230083465576172
2130,-0.00558567047119141,2130,0.0129299163818359,2130,-0.0241012573242188,2130,-0.0185546875,2130,0.00996112823486328,2130,0.0113668441772461,2130,0.0127735137939453,2130,0.013554573059082,2130,0.0251169204711914,2130,0.00386714935302734,2130,-0.0459766387939453,2130,0.0138673782348633,2130,0.00511741638183594,2130,-10.0979681015015,2130,-0.0087890625,2130,-9.19554233551025,2130,-0.00199222564697266,2130,-10.1030464172363,2130,0.000351905822753906,2130,0.0173044204711914,2130,-0.00792980194091797,2130,0.0147266387939453,2130,0.0232419967651367,2130,0.0230083465576172
2140,-0.00558567047119141,2140,0.0129299163818359,2140,-0.0241794586181641,2140,-0.0183982849121094,2140,0.0100393295288086,2140,0.0114450454711914,2140,0.0127735137939453,2140,0.0136327743530273,2140,0.0251169204711914,2140,0.00394535064697266,2140,-0.0453519821166992,2140,0.0138673782348633,2140,0.00589847564697266,2140,-10.0981245040894,2140,-0.00808620452880859,2140,-9.18491744995117,2140,-0.00144481658935547,2140,-10.0982027053833,2140,0.000898361206054688,2140,0.0173044204711914,2140,-0.00722694396972656,2140,0.0147266387939453,2140,0.023320198059082,2140,0.0230083465576172
2150,-0.00550746917724609,2150,0.0130081176757812,2150,-0.0241794586181641,2150,-0.0183200836181641,2150,0.0100393295288086,2150,0.0114450454711914,2150,0.0127735137939453,2150,0.0136327743530273,2150,0.0251169204711914,2150,0.00394535064697266,2150,-0.0447263717651367,2150,0.0139455795288086,2150,0.00652313232421875,2150,-10.0971088409424,2150,-0.00753879547119141,2150,-9.19155788421631,2150,-0.000898361206054688,2150,-10.0969524383545,2150,0.00128936767578125,2150,0.0173044204711914,2150,-0.00652313232421875,2150,0.0148048400878906,2150,0.0234766006469727,2150,0.0230083465576172
2160,-0.00542926788330078,2160,0.0130081176757812,2160,-0.0242576599121094,2160,-0.0182418823242188,2160,0.0101175308227539,2160,0.0115232467651367,2160,0.0128517150878906,2160,0.0137109756469727,2160,0.0251169204711914,2160,0.00394535064697266,2160,-0.0441799163818359,2160,0.0140237808227539,2160,0.00714874267578125,2160,-10.0982027053833,2160,-0.00707054138183594,2160,-9.19343376159668,2160,-0.000507354736328125,2160,-10.0955457687378,2160,0.00175762176513672,2160,0.0173826217651367,2160,-0.00597667694091797,2160,0.0148048400878906,2160,0.023554801940918,2160,0.0230855941772461
2170,-0.00527381896972656,2170,0.0130081176757812,2170,-0.0242576599121094,2170,-0.0182418823242188,2170,0.0101175308227539,2170,0.011601448059082,2170,0.0128517150878906,2170,0.0137109756469727,2170,0.0251169204711914,2170,0.00394535064697266,2170,-0.0436325073242188,2170,0.0140237808227539,2170,0.00761699676513672,2170,-10.0983581542969,2170,-0.00660133361816406,2170,-9.19241714477539,2170,-0.000117301940917969,2170,-10.0936708450317,2170,0.00207042694091797,2170,0.0173826217651367,2170,-0.00542926788330078,2170,0.0148830413818359,2170,0.0236330032348633,2170,0.0230855941772461
2180,-0.00511741638183594,2180,0.0130081176757812,2180,-0.0243358612060547,2180,-0.0183982849121094,2180,0.0101957321166992,2180,0.011601448059082,2180,0.0128517150878906,2180,0.0136327743530273,2180,0.0250387191772461,2180,0.00394535064697266,2180,-0.0432424545288086,2180,0.0141019821166992,2180,0.00800800323486328,2180,-10.0987491607666,2180,-0.00628948211669922,2180,-9.19960498809814,2180,0.000195503234863281,2180,-10.0932807922363,2180,0.00230503082275391,2180,0.0173826217651367,2180,-0.00503921508789062,2180,0.0148830413818359,2180,0.0237112045288086,2180,0.0230083465576172
2190,-0.00496101379394531,2190,0.0130081176757812,2190,-0.0243358612060547,2190,-0.0184764862060547,2190,0.0101957321166992,2190,0.011601448059082,2190,0.0129299163818359,2190,0.0137109756469727,2190,0.0250387191772461,2190,0.00394535064697266,2190,-0.042851448059082,2190,0.0142574310302734,2190,0.00839805603027344,2190,-10.0468740463257,2190,-0.00597667694091797,2190,-9.2321834564209,2190,0.000508308410644531,2190,-10.0996866226196,2190,0.00253868103027344,2190,0.0173826217651367,2190,-0.00472640991210938,2190,0.0148830413818359,2190,0.0237894058227539,2190,0.0230083465576172
2200,-0.00480461120605469,2200,0.0130081176757812,2200,-0.0244140625,2200,-0.0187892913818359,2200,0.0102739334106445,2200,0.0116796493530273,2200,0.0129299163818359,2200,0.013789176940918,2200,0.0250387191772461,2200,0.00402355194091797,2200,-0.0425395965576172,2200,0.0142574310302734,2200,0.00871086120605469,2200,-10.0996084213257,2200,-0.00566387176513672,2200,-9.19327735900879,2200,0.000820159912109375,2200,-10.0960149765015,2200,0.00285148620605469,2200,0.017460823059082,2200,-0.00441360473632812,2200,0.0149612426757812,2200,0.0238676071166992,2200,0.0230083465576172
2210,-0.00457000732421875,2210,0.0130081176757812,2210,-0.0244140625,2210,-0.0191793441772461,2210,0.0102739334106445,2210,0.0117578506469727,2210,0.0129299163818359,2210,0.0138673782348633,2210,0.0250387191772461,2210,0.00402355194091797,2210,-0.0422267913818359,2210,0.0143356323242188,2210,0.00902366638183594,2210,-10.0733585357666,2210,-0.00542926788330078,2210,-9.21288681030273,2210,0.00105476379394531,2210,-10.0960149765015,2210,0.00308609008789062,2210,0.017460823059082,2210,-0.00410175323486328,2210,0.0149612426757812,2210,0.0239458084106445,2210,0.0230083465576172
2220,-0.00433635711669922,2220,0.0130081176757812,2220,-0.0244140625,2220,-0.019413948059082,2220,0.0103511810302734,2220,0.0117578506469727,2220,0.0130081176757812,2220,0.0139455795288086,2220,0.0250387191772461,2220,0.00402355194091797,2220,-0.0419921875,2220,0.0145702362060547,2220,0.00925827026367188,2220,-10.0993738174438,2220,-0.00519561767578125,2220,-9.18312072753906,2220,0.00128936767578125,2220,-10.0912494659424,2220,0.00339889526367188,2220,0.017460823059082,2220,-0.00386714935302734,2220,0.0149612426757812,2220,0.0240240097045898,2220,0.0230855941772461
2230,-0.00410175323486328,2230,0.0130081176757812,2230,-0.0244140625,2230,-0.019413948059082,2230,0.0103511810302734,2230,0.011836051940918,2230,0.0130081176757812,2230,0.0140237808227539,2230,0.0251169204711914,2230,0.00402355194091797,2230,-0.0416793823242188,2230,0.0146484375,2230,0.00949192047119141,2230,-10.0983581542969,2230,-0.00496101379394531,2230,-9.18983936309814,2230,0.00160121917724609,2230,-10.0922651290894,2230,0.00363254547119141,2230,0.0175390243530273,2230,-0.00355434417724609,2230,0.0150394439697266,2230,0.0241012573242188,2230,0.0230855941772461
2240,-0.00386714935302734,2240,0.0129299163818359,2240,-0.0244140625,2240,-0.0194921493530273,2240,0.0103511810302734,2240,0.0119142532348633,2240,0.0130081176757812,2240,0.0140237808227539,2240,0.0251169204711914,2240,0.00402355194091797,2240,-0.0414457321166992,2240,0.0147266387939453,2240,0.00972652435302734,2240,-10.0984363555908,2240,-0.00472640991210938,2240,-9.18640232086182,2240,0.00183582305908203,2240,-10.0935144424438,2240,0.00378894805908203,2240,0.0175390243530273,2240,-0.00339794158935547,2240,0.0150394439697266,2240,0.0241794586181641,2240,0.0230855941772461
2250,-0.00363254547119141,2250,0.0129299163818359,2250,-0.0244140625,2250,-0.0195703506469727,2250,0.0103511810302734,2250,0.0119142532348633,2250,0.0130863189697266,2250,0.0140237808227539,2250,0.0250387191772461,2250,0.00402355194091797,2250,-0.0412111282348633,2250,0.0147266387939453,2250,0.00996112823486328,2250,-10.0982809066772,2250,-0.00457000732421875,2250,-9.19499588012695,2250,0.00199222564697266,2250,-10.0946083068848,2250,0.00394535064697266,2250,0.0175390243530273,2250,-0.00324249267578125,2250,0.0150394439697266,2250,0.0241794586181641,2250,0.0230855941772461
2260,-0.00332069396972656,2260,0.0128517150878906,2260,-0.0244140625,2260,-0.0195703506469727,2260,0.0103511810302734,2260,0.0119924545288086,2260,0.0130863189697266,2260,0.0141019821166992,2260,0.0250387191772461,2260,0.00410175323486328,2260,-0.0410547256469727,2260,0.0148830413818359,2260,0.0101175308227539,2260,-10.0989055633545,2260,-0.00433635711669922,2260,-9.19593334197998,2260,0.00222682952880859,2260,-10.0957021713257,2260,0.00410175323486328,2260,0.0176172256469727,2260,-0.00308609008789062,2260,0.0151176452636719,2260,0.0242576599121094,2260,0.0230855941772461
2270,-0.00308609008789062,2270,0.0128517150878906,2270,-0.0244140625,2270,-0.0197267532348633,2270,0.0103511810302734,2270,0.0120706558227539,2270,0.0130863189697266,2270,0.0141019821166992,2270,0.0250387191772461,2270,0.00410175323486328,2270,-0.0408201217651367,2270,0.0150394439697266,2270,0.0102739334106445,2270,-10.0988273620605,2270,-0.00417995452880859,2270,-9.19647979736328,2270,0.00238323211669922,2270,-10.0971088409424,2270,0.00425815582275391,2270,0.0176172256469727,2270,-0.0029296875,2270,0.0151176452636719,2270,0.0243358612060547,2270,0.0230855941772461
2280,-0.00285148620605469,2280,0.0128517150878906,2280,-0.0244140625,2280,-0.0198049545288086,2280,0.0102739334106445,2280,0.0120706558227539,2280,0.0131645202636719,2280,0.0141801834106445,2280,0.0250387191772461,2280,0.00410175323486328,2280,-0.0406637191772461,2280,0.0151958465576172,2280,0.0104293823242188,2280,-10.0992965698242,2280,-0.00402355194091797,2280,-9.20069885253906,2280,0.00261688232421875,2280,-10.0984363555908,2280,0.00441455841064453,2280,0.0176172256469727,2280,-0.00269508361816406,2280,0.0151176452636719,2280,0.0244140625,2280,0.0230855941772461
2290,-0.00253868103027344,2290,0.0128517150878906,2290,-0.0244922637939453,2290,-0.0198831558227539,2290,0.0102739334106445,2290,0.0121488571166992,2290,0.0131645202636719,2290,0.0142574310302734,2290,0.0250387191772461,2290,0.00410175323486328,2290,-0.0404300689697266,2290,0.0154294967651367,2290,0.0106639862060547,2290,-10.0987491607666,2290,-0.00386714935302734,2290,-9.19663619995117,2290,0.00277328491210938,2290,-10.0992183685303,2290,0.00464820861816406,2290,0.0176172256469727,2290,-0.00253868103027344,2290,0.0151958465576172,2290,0.0244922637939453,2290,0.0230855941772461
2300,-0.00230503082275391,2300,0.0127735137939453,2300,-0.0244922637939453,2300,-0.0199613571166992,2300,0.0101957321166992,2300,0.0122270584106445,2300,0.0131645202636719,2300,0.0143356323242188,2300,0.0250387191772461,2300,0.00410175323486328,2300,-0.0402736663818359,2300,0.0155858993530273,2300,0.0108203887939453,2300,-10.0983581542969,2300,-0.00371074676513672,2300,-9.18624591827393,2300,0.0029296875,2300,-10.0997648239136,2300,0.00480461120605469,2300,0.017695426940918,2300,-0.00238323211669922,2300,0.0151958465576172,2300,0.0245704650878906,2300,0.0230855941772461
2310,-0.00207042694091797,2310,0.0127735137939453,2310,-0.0244922637939453,2310,-0.0201168060302734,2310,0.0101957321166992,2310,0.0123043060302734,2310,0.0132427215576172,2310,0.0144138336181641,2310,0.0251169204711914,2310,0.00410175323486328,2310,-0.0401172637939453,2310,0.015742301940918,2310,0.0109767913818359,2310,-10.0990619659424,2310,-0.00355434417724609,2310,-9.19155788421631,2310,0.00308609008789062,2310,-10.1009368896484,2310,0.00496101379394531,2310,0.017695426940918,2310,-0.00230503082275391,2310,0.0151958465576172,2310,0.0246486663818359,2310,0.0230855941772461
2320,-0.00183582305908203,2320,0.0127735137939453,2320,-0.0245704650878906,2320,-0.0202732086181641,2320,0.0101175308227539,2320,0.0123043060302734,2320,0.0132427215576172,2320,0.0144920349121094,2320,0.0251169204711914,2320,0.00410175323486328,2320,-0.0399608612060547,2320,0.0158987045288086,2320,0.0111331939697266,2320,-10.0989055633545,2320,-0.00339794158935547,2320,-9.19398021697998,2320,0.00324249267578125,2320,-10.1026554107666,2320,0.00503921508789062,2320,0.017695426940918,2320,-0.00214862823486328,2320,0.0151958465576172,2320,0.0246486663818359,2320,0.0230855941772461
2330,-0.00167942047119141,2330,0.0127735137939453,2330,-0.0245704650878906,2330,-0.0204296112060547,2330,0.0100393295288086,2330,0.0123825073242188,2330,0.0133199691772461,2330,0.0144920349121094,2330,0.0251169204711914,2330,0.00417995452880859,2330,-0.0398044586181641,2330,0.0160551071166992,2330,0.0112895965576172,2330,-10.0991401672363,2330,-0.00324249267578125,2330,-9.19741821289062,2330,0.00339889526367188,2330,-10.1039838790894,2330,0.00519561767578125,2330,0.017695426940918,2330,-0.00199222564697266,2330,0.0151958465576172,2330,0.0247268676757812,2330,0.0230855941772461
2340,-0.00144481658935547,2340,0.0126953125,2340,-0.0245704650878906,2340,-0.0206642150878906,2340,0.00996112823486328,2340,0.0124607086181641,2340,0.0133199691772461,2340,0.0145702362060547,2340,0.0251169204711914,2340,0.00417995452880859,2340,-0.0396490097045898,2340,0.0162115097045898,2340,0.0113668441772461,2340,-10.0991401672363,2340,-0.00316429138183594,2340,-9.19577693939209,2340,0.00347614288330078,2340,-10.1065616607666,2340,0.00527381896972656,2340,0.0177736282348633,2340,-0.00191402435302734,2340,0.0152730941772461,2340,0.0247268676757812,2340,0.0230855941772461
2350,-0.00128936767578125,2350,0.0126953125,2350,-0.0246486663818359,2350,-0.0209770202636719,2350,0.00988292694091797,2350,0.0124607086181641,2350,0.0133199691772461,2350,0.0146484375,2350,0.0251169204711914,2350,0.00417995452880859,2350,-0.0395708084106445,2350,0.0163669586181641,2350,0.0115232467651367,2350,-10.0990619659424,2350,-0.00308609008789062,2350,-9.19890213012695,2350,0.00363254547119141,2350,-10.1085929870605,2350,0.00535202026367188,2350,0.0177736282348633,2350,-0.00183582305908203,2350,0.0152730941772461,2350,0.0248050689697266,2350,0.0230855941772461
2360,-0.00113296508789062,2360,0.0126953125,2360,-0.0246486663818359,2360,-0.021367073059082,2360,0.00980472564697266,2360,0.0125389099121094,2360,0.0133981704711914,2360,0.0147266387939453,2360,0.0251169204711914,2360,0.00417995452880859,2360,-0.0394144058227539,2360,0.0165233612060547,2360,0.011601448059082,2360,-10.0985927581787,2360,-0.0029296875,2360,-9.1970272064209,2360,0.00371074676513672,2360,-10.1104679107666,2360,0.00550746917724609,2360,0.0177736282348633,2360,-0.00175762176513672,2360,0.0152730941772461,2360,0.0248050689697266,2360,0.0230855941772461
2370,-0.0009765625,2370,0.0126953125,2370,-0.0246486663818359,2370,-0.0216798782348633,2370,0.00972652435302734,2370,0.0125389099121094,2370,0.0133981704711914,2370,0.0147266387939453,2370,0.0251169204711914,2370,0.00425815582275391,2370,-0.0393362045288086,2370,0.0166015625,2370,0.0116796493530273,2370,-10.0986709594727,2370,-0.00285148620605469,2370,-9.20202732086182,2370,0.00378894805908203,2370,-10.1121864318848,2370,0.00558567047119141,2370,0.0178518295288086,2370,-0.00167942047119141,2370,0.0153512954711914,2370,0.0248832702636719,2370,0.0230855941772461
2380,-0.000820159912109375,2380,0.0126171112060547,2380,-0.0246486663818359,2380,-0.0219144821166992,2380,0.00964832305908203,2380,0.0126171112060547,2380,0.0133981704711914,2380,0.0148048400878906,2380,0.0251169204711914,2380,0.00425815582275391,2380,-0.0392580032348633,2380,0.0166797637939453,2380,0.0117578506469727,2380,-10.0986709594727,2380,-0.00277328491210938,2380,-9.19804286956787,2380,0.00386714935302734,2380,-10.1136713027954,2380,0.00566387176513672,2380,0.0178518295288086,2380,-0.00160121917724609,2380,0.0153512954711914,2380,0.0248832702636719,2380,0.0230855941772461
2390,-0.00066375732421875,2390,0.0126171112060547,2390,-0.0247268676757812,2390,-0.0221481323242188,2390,0.00957012176513672,2390,0.0126953125,2390,0.0134763717651367,2390,0.0148048400878906,2390,0.0250387191772461,2390,0.00425815582275391,2390,-0.039179801940918,2390,0.0168361663818359,2390,0.0119142532348633,2390,-10.0983581542969,2390,-0.00269508361816406,2390,-9.19788646697998,2390,0.00394535064697266,2390,-10.1148433685303,2390,0.00574207305908203,2390,0.0178518295288086,2390,-0.00152301788330078,2390,0.0153512954711914,2390,0.0248832702636719,2390,0.0230855941772461
2400,-0.000507354736328125,2400,0.0125389099121094,2400,-0.0247268676757812,2400,-0.0223045349121094,2400,0.00949192047119141,2400,0.0126953125,2400,0.0134763717651367,2400,0.0148830413818359,2400,0.0250387191772461,2400,0.00425815582275391,2400,-0.0390233993530273,2400,0.0169143676757812,2400,0.0119924545288086,2400,-10.0989055633545,2400,-0.00261688232421875,2400,-9.20280838012695,2400,0.00402355194091797,2400,-10.1160926818848,2400,0.00574207305908203,2400,0.0178518295288086,2400,-0.00144481658935547,2400,0.0153512954711914,2400,0.0248832702636719,2400,0.0230855941772461
2410,-0.000430107116699219,2410,0.0125389099121094,2410,-0.0247268676757812,2410,-0.0225391387939453,2410,0.00941371917724609,2410,0.0127735137939453,2410,0.0134763717651367,2410,0.0149612426757812,2410,0.0250387191772461,2410,0.00425815582275391,2410,-0.038945198059082,2410,0.0169925689697266,2410,0.0120706558227539,2410,-10.0980463027954,2410,-0.00253868103027344,2410,-9.18757438659668,2410,0.00410175323486328,2410,-10.1159372329712,2410,0.00582027435302734,2410,0.0179300308227539,2410,-0.00136756896972656,2410,0.0153512954711914,2410,0.0248832702636719,2410,0.0230855941772461
2420,-0.000273704528808594,2420,0.0124607086181641,2420,-0.0248050689697266,2420,-0.0226955413818359,2420,0.00933647155761719,2420,0.0127735137939453,2420,0.013554573059082,2420,0.0149612426757812,2420,0.0250387191772461,2420,0.00433635711669922,2420,-0.0387887954711914,2420,0.0171489715576172,2420,0.0122270584106445,2420,-10.0976552963257,2420,-0.00246047973632812,2420,-9.18671417236328,2420,0.00417995452880859,2420,-10.1164836883545,2420,0.00597667694091797,2420,0.0179300308227539,2420,-0.00128936767578125,2420,0.0154294967651367,2420,0.0249614715576172,2420,0.0230083465576172
2430,-0.000117301940917969,2430,0.0124607086181641,2430,-0.0248832702636719,2430,-0.0228519439697266,2430,0.00933647155761719,2430,0.0128517150878906,2430,0.013554573059082,2430,0.0150394439697266,2430,0.0250387191772461,2430,0.00433635711669922,2430,-0.0387105941772461,2430,0.0172262191772461,2430,0.0123043060302734,2430,-10.0974988937378,2430,-0.00238323211669922,2430,-9.18757438659668,2430,0.00433635711669922,2430,-10.1172647476196,2430,0.00597667694091797,2430,0.0179300308227539,2430,-0.00121116638183594,2430,0.0154294967651367,2430,0.0249614715576172,2430,0.0230083465576172
2440,-3.91006469726562e-05,2440,0.0124607086181641,2440,-0.0248832702636719,2440,-0.0230855941772461,2440,0.00933647155761719,2440,0.0129299163818359,2440,0.013554573059082,2440,0.0150394439697266,2440,0.0250387191772461,2440,0.00433635711669922,2440,-0.0386333465576172,2440,0.0173044204711914,2440,0.0123825073242188,2440,-10.0969524383545,2440,-0.00230503082275391,2440,-9.19140243530273,2440,0.00433635711669922,2440,-10.1177339553833,2440,0.00605487823486328,2440,0.0179300308227539,2440,-0.00113296508789062,2440,0.0154294967651367,2440,0.0249614715576172,2440,0.0230083465576172
2450,0.000117301940917969,2450,0.0123825073242188,2450,-0.0249605178833008,2450,-0.0232419967651367,2450,0.00925827026367188,2450,0.0129299163818359,2450,0.0136327743530273,2450,0.0151176452636719,2450,0.0249614715576172,2450,0.00433635711669922,2450,-0.0384769439697266,2450,0.0173826217651367,2450,0.0125389099121094,2450,-10.0968742370605,2450,-0.00222682952880859,2450,-9.19468307495117,2450,0.00441455841064453,2450,-10.1179676055908,2450,0.00613307952880859,2450,0.0180082321166992,2450,-0.00105476379394531,2450,0.015507698059082,2450,0.0249614715576172,2450,0.0230083465576172
2460,0.000195503234863281,2460,0.0123825073242188,2460,-0.0250387191772461,2460,-0.0233983993530273,2460,0.00925827026367188,2460,0.0130081176757812,2460,0.0136327743530273,2460,0.0151958465576172,2460,0.0249614715576172,2460,0.00433635711669922,2460,-0.0383987426757812,2460,0.0175390243530273,2460,0.0126171112060547,2460,-10.0950775146484,2460,-0.00207042694091797,2460,-9.19773006439209,2460,0.00457000732421875,2460,-10.1182804107666,2460,0.00621128082275391,2460,0.0180082321166992,2460,-0.0009765625,2460,0.015507698059082,2460,0.0248832702636719,2460,0.0230083465576172
2470,0.000351905822753906,2470,0.0123825073242188,2470,-0.0251169204711914,2470,-0.0234766006469727,2470,0.00933647155761719,2470,0.0130081176757812,2470,0.0136327743530273,2470,0.0151958465576172,2470,0.0249614715576172,2470,0.00433635711669922,2470,-0.0383205413818359,2470,0.0176172256469727,2470,0.0126953125,2470,-10.0842180252075,2470,-0.00199222564697266,2470,-9.20983982086182,2470,0.00464820861816406,2470,-10.1194524765015,2470,0.00628948211669922,2470,0.0180082321166992,2470,-0.000898361206054688,2470,0.015507698059082,2470,0.0248832702636719,2470,0.0230083465576172
2480,0.000430107116699219,2480,0.0123043060302734,2480,-0.0251951217651367,2480,-0.023554801940918,2480,0.00933647155761719,2480,0.0130863189697266,2480,0.0137109756469727,2480,0.0152730941772461,2480,0.0248832702636719,2480,0.00441455841064453,2480,-0.0381641387939453,2480,0.017695426940918,2480,0.0128517150878906,2480,-9.67663860321045,2480,-0.00191402435302734,2480,-9.28179264068604,2480,0.00472640991210938,2480,-10.1120309829712,2480,0.00628948211669922,2480,0.0180082321166992,2480,-0.000820159912109375,2480,0.015507698059082,2480,0.0248832702636719,2480,0.0230083465576172
2490,0.000585556030273438,2490,0.0123043060302734,2490,-0.025273323059082,2490,-0.0237112045288086,2490,0.00933647155761719,2490,0.0130863189697266,2490,0.0137109756469727,2490,0.0153512954711914,2490,0.0248832702636719,2490,0.00441455841064453,2490,-0.0380859375,2490,0.0177736282348633,2490,0.0129299163818359,2490,-9.83390426635742,2490,-0.00183582305908203,2490,-9.30804347991943,2490,0.00480461120605469,2490,-10.1171865463257,2490,0.00636768341064453,2490,0.0180864334106445,2490,-0.000741958618164062,2490,0.0155858993530273,2490,0.0248832702636719,2490,0.0230083465576172
2500,0.00066375732421875,2500,0.0123043060302734,2500,-0.0253515243530273,2500,-0.0237894058227539,2500,0.00933647155761719,2500,0.0131645202636719,2500,0.0137109756469727,2500,0.0153512954711914,2500,0.0248832702636719,2500,0.00441455841064453,2500,-0.0379295349121094,2500,0.0178518295288086,2500,0.0130081176757812,2500,-9.95171737670898,2500,-0.00175762176513672,2500,-9.25460529327393,2500,0.0048828125,2500,-10.1189060211182,2500,0.00644493103027344,2500,0.0180864334106445,2500,-0.00066375732421875,2500,0.0155858993530273,2500,0.0248832702636719,2500,0.0229301452636719
2510,0.000741958618164062,2510,0.0122270584106445,2510,-0.0254297256469727,2510,-0.0239458084106445,2510,0.00941371917724609,2510,0.0131645202636719,2510,0.013789176940918,2510,0.0154294967651367,2510,0.0248832702636719,2510,0.00441455841064453,2510,-0.0378513336181641,2510,0.0180082321166992,2510,0.0130863189697266,2510,-10.0385150909424,2510,-0.00167942047119141,2510,-9.22015190124512,2510,0.00496101379394531,2510,-10.1203117370605,2510,0.00652313232421875,2510,0.0180864334106445,2510,-0.000585556030273438,2510,0.0155858993530273,2510,0.0248832702636719,2510,0.0229301452636719
2520,0.000820159912109375,2520,0.0122270584106445,2520,-0.025507926940918,2520,-0.0240230560302734,2520,0.00949192047119141,2520,0.0132427215576172,2520,0.013789176940918,2520,0.0154294967651367,2520,0.0248050689697266,2520,0.00441455841064453,2520,-0.0377731323242188,2520,0.0180082321166992,2520,0.0132427215576172,2520,-10.0813274383545,2520,-0.00167942047119141,2520,-9.19843292236328,2520,0.00503921508789062,2520,-10.1199989318848,2520,0.00652313232421875,2520,0.0180864334106445,2520,-0.000507354736328125,2520,0.0155858993530273,2520,0.0248050689697266,2520,0.0229301452636719
2530,0.000898361206054688,2530,0.0122270584106445,2530,-0.0255861282348633,2530,-0.0242576599121094,2530,0.00949192047119141,2530,0.0132427215576172,2530,0.013789176940918,2530,0.015507698059082,2530,0.0248050689697266,2530,0.00449180603027344,2530,-0.0376958847045898,2530,0.0180864334106445,2530,0.0133199691772461,2530,-10.0904684066772,2530,-0.00160121917724609,2530,-9.19796466827393,2530,0.00511741638183594,2530,-10.1191396713257,2530,0.00660133361816406,2530,0.0180864334106445,2530,-0.000507354736328125,2530,0.0156641006469727,2530,0.0248050689697266,2530,0.0229301452636719
2540,0.0009765625,2540,0.0122270584106445,2540,-0.0256643295288086,2540,-0.0244140625,2540,0.00957012176513672,2540,0.0133199691772461,2540,0.0138673782348633,2540,0.015507698059082,2540,0.0247268676757812,2540,0.00449180603027344,2540,-0.0376176834106445,2540,0.0181646347045898,2540,0.0133981704711914,2540,-10.0903120040894,2540,-0.00152301788330078,2540,-9.19593334197998,2540,0.00511741638183594,2540,-10.1185150146484,2540,0.00660133361816406,2540,0.0181646347045898,2540,-0.000430107116699219,2540,0.0156641006469727,2540,0.0248050689697266,2540,0.0229301452636719
2550,0.00105476379394531,2550,0.0122270584106445,2550,-0.0257425308227539,2550,-0.0244922637939453,2550,0.00964832305908203,2550,0.0133199691772461,2550,0.0138673782348633,2550,0.0155858993530273,2550,0.0247268676757812,2550,0.00449180603027344,2550,-0.0375394821166992,2550,0.0182418823242188,2550,0.0134763717651367,2550,-10.0899991989136,2550,-0.00144481658935547,2550,-9.1917142868042,2550,0.00519561767578125,2550,-10.1177339553833,2550,0.00667953491210938,2550,0.0181646347045898,2550,-0.000351905822753906,2550,0.0156641006469727,2550,0.0247268676757812,2550,0.0229301452636719
2560,0.00121116638183594,2560,0.0122270584106445,2560,-0.0258207321166992,2560,-0.0245704650878906,2560,0.00964832305908203,2560,0.0133981704711914,2560,0.0138673782348633,2560,0.0155858993530273,2560,0.0247268676757812,2560,0.00449180603027344,2560,-0.0374612808227539,2560,0.0183200836181641,2560,0.013554573059082,2560,-10.0908584594727,2560,-0.00136756896972656,2560,-9.19734001159668,2560,0.00535202026367188,2560,-10.1177339553833,2560,0.00675773620605469,2560,0.0181646347045898,2560,-0.000273704528808594,2560,0.0156641006469727,2560,0.0247268676757812,2560,0.0228519439697266
2570,0.00128936767578125,2570,0.0122270584106445,2570,-0.0258989334106445,2570,-0.0247268676757812,2570,0.00972652435302734,2570,0.0133981704711914,2570,0.0138673782348633,2570,0.0156641006469727,2570,0.0246486663818359,2570,0.00449180603027344,2570,-0.0373048782348633,2570,0.0183982849121094,2570,0.0136327743530273,2570,-10.0917959213257,2570,-0.00136756896972656,2570,-9.19718360900879,2570,0.00535202026367188,2570,-10.1176557540894,2570,0.00675773620605469,2570,0.0181646347045898,2570,-0.000195503234863281,2570,0.0156641006469727,2570,0.0247268676757812,2570,0.0228519439697266
2580,0.00136756896972656,2580,0.0122270584106445,2580,-0.0260543823242188,2580,-0.0248832702636719,2580,0.00980472564697266,2580,0.0134763717651367,2580,0.0139455795288086,2580,0.0156641006469727,2580,0.0246486663818359,2580,0.00457000732421875,2580,-0.037226676940918,2580,0.0184764862060547,2580,0.0137109756469727,2580,-10.0913276672363,2580,-0.00128936767578125,2580,-9.1975736618042,2580,0.00543022155761719,2580,-10.1173429489136,2580,0.0068359375,2580,0.0181646347045898,2580,-0.000195503234863281,2580,0.015742301940918,2580,0.0246486663818359,2580,0.0228519439697266
2590,0.00144577026367188,2590,0.0122270584106445,2590,-0.0261325836181641,2590,-0.0250387191772461,2590,0.00988292694091797,2590,0.0134763717651367,2590,0.0139455795288086,2590,0.015742301940918,2590,0.0245704650878906,2590,0.00457000732421875,2590,-0.0371484756469727,2590,0.0184764862060547,2590,0.013789176940918,2590,-10.0920305252075,2590,-0.00121116638183594,2590,-9.20327758789062,2590,0.00550746917724609,2590,-10.1169528961182,2590,0.0068359375,2590,0.0182418823242188,2590,-0.000117301940917969,2590,0.015742301940918,2590,0.0246486663818359,2590,0.0228519439697266
2600,0.00144577026367188,2600,0.0123043060302734,2600,-0.0262107849121094,2600,-0.0251951217651367,2600,0.00996112823486328,2600,0.013554573059082,2600,0.0139455795288086,2600,0.015742301940918,2600,0.0245704650878906,2600,0.00457000732421875,2600,-0.0370702743530273,2600,0.0185546875,2600,0.0138673782348633,2600,-10.0921087265015,2600,-0.00121116638183594,2600,-9.20116806030273,2600,0.00558567047119141,2600,-10.1165618896484,2600,0.00691413879394531,2600,0.0182418823242188,2600,-3.91006469726562e-05,2600,0.015742301940918,2600,0.0245704650878906,2600,0.0228519439697266
2610,0.00152301788330078,2610,0.0123043060302734,2610,-0.0262889862060547,2610,-0.0253515243530273,2610,0.0100393295288086,2610,0.013554573059082,2610,0.0140237808227539,2610,0.0158205032348633,2610,0.0244922637939453,2610,0.00457000732421875,2610,-0.0370702743530273,2610,0.0185546875,2610,0.0139455795288086,2610,-10.0917177200317,2610,-0.00113296508789062,2610,-9.20444869995117,2610,0.00566387176513672,2610,-10.1167182922363,2610,0.00691413879394531,2610,0.0182418823242188,2610,-3.91006469726562e-05,2610,0.0158205032348633,2610,0.0245704650878906,2610,0.0227737426757812
2620,0.00160121917724609,2620,0.0123043060302734,2620,-0.0263671875,2620,-0.0255861282348633,2620,0.0100393295288086,2620,0.013554573059082,2620,0.0140237808227539,2620,0.0158205032348633,2620,0.0244922637939453,2620,0.00457000732421875,2620,-0.036992073059082,2620,0.0185546875,2620,0.0140237808227539,2620,-10.0914058685303,2620,-0.00113296508789062,2620,-9.20140171051025,2620,0.00574207305908203,2620,-10.1162490844727,2620,0.00699234008789062,2620,0.0182418823242188,2620,3.91006469726562e-05,2620,0.0158205032348633,2620,0.0244922637939453,2620,0.0227737426757812
2630,0.00167942047119141,2630,0.0123825073242188,2630,-0.0264453887939453,2630,-0.0257425308227539,2630,0.0101175308227539,2630,0.0136327743530273,2630,0.0140237808227539,2630,0.0158987045288086,2630,0.0244140625,2630,0.00464820861816406,2630,-0.0369138717651367,2630,0.0186328887939453,2630,0.0141019821166992,2630,-10.0917177200317,2630,-0.00105476379394531,2630,-9.20405864715576,2630,0.00582027435302734,2630,-10.1155462265015,2630,0.00699234008789062,2630,0.0182418823242188,2630,0.000117301940917969,2630,0.0158205032348633,2630,0.0244922637939453,2630,0.0227737426757812
2640,0.00175762176513672,2640,0.0123825073242188,2640,-0.0265235900878906,2640,-0.0258989334106445,2640,0.0101957321166992,2640,0.0136327743530273,2640,0.0140237808227539,2640,0.0158987045288086,2640,0.0244140625,2640,0.00464820861816406,2640,-0.0368356704711914,2640,0.0185546875,2640,0.0141801834106445,2640,-10.0904684066772,2640,-0.0009765625,2640,-9.20304298400879,2640,0.00589847564697266,2640,-10.1149215698242,2640,0.00707054138183594,2640,0.0182418823242188,2640,0.000117301940917969,2640,0.0158205032348633,2640,0.0244922637939453,2640,0.0227737426757812
2650,0.00183582305908203,2650,0.0124607086181641,2650,-0.0266017913818359,2650,-0.0260543823242188,2650,0.0102739334106445,2650,0.0137109756469727,2650,0.0141019821166992,2650,0.0159769058227539,2650,0.0243358612060547,2650,0.00464820861816406,2650,-0.0367574691772461,2650,0.0185546875,2650,0.0142574310302734,2650,-10.0910930633545,2650,-0.0009765625,2650,-9.19812107086182,2650,0.00597667694091797,2650,-10.1142959594727,2650,0.00707054138183594,2650,0.0183200836181641,2650,0.000195503234863281,2650,0.0158205032348633,2650,0.0244140625,2650,0.0227737426757812
2660,0.00191402435302734,2660,0.0124607086181641,2660,-0.0266799926757812,2660,-0.0262889862060547,2660,0.0103511810302734,2660,0.0137109756469727,2660,0.0141019821166992,2660,0.0159769058227539,2660,0.0243358612060547,2660,0.00464820861816406,2660,-0.0366802215576172,2660,0.0185546875,2660,0.0142574310302734,2660,-10.0907802581787,2660,-0.000898361206054688,2660,-9.19874572753906,2660,0.00597667694091797,2660,-10.1134366989136,2660,0.00714874267578125,2660,0.0183200836181641,2660,0.000273704528808594,2660,0.0158987045288086,2660,0.0244140625,2660,0.0226955413818359
2670,0.00191402435302734,2670,0.0125389099121094,2670,-0.0267581939697266,2670,-0.0265235900878906,2670,0.0103511810302734,2670,0.013789176940918,2670,0.0141019821166992,2670,0.0160551071166992,2670,0.0242576599121094,2670,0.00464820861816406,2670,-0.0366802215576172,2670,0.0185546875,2670,0.0143356323242188,2670,-10.0903120040894,2670,-0.000898361206054688,2670,-9.19749546051025,2670,0.00605487823486328,2670,-10.1128902435303,2670,0.00714874267578125,2670,0.0183200836181641,2670,0.000273704528808594,2670,0.0158987045288086,2670,0.0243358612060547,2670,0.0226955413818359
2680,0.00199222564697266,2680,0.0125389099121094,2680,-0.0268363952636719,2680,-0.0267581939697266,2680,0.0104293823242188,2680,0.013789176940918,2680,0.0141019821166992,2680,0.0160551071166992,2680,0.0242576599121094,2680,0.00472640991210938,2680,-0.0366020202636719,2680,0.0185546875,2680,0.0144138336181641,2680,-10.0892181396484,2680,-0.000820159912109375,2680,-9.19124603271484,2680,0.00613307952880859,2680,-10.1117181777954,2680,0.00722694396972656,2680,0.0183200836181641,2680,0.000351905822753906,2680,0.0158987045288086,2680,0.0243358612060547,2680,0.0226955413818359
2690,0.00207042694091797,2690,0.0126171112060547,2690,-0.0269145965576172,2690,-0.0269145965576172,2690,0.0105075836181641,2690,0.013789176940918,2690,0.0141801834106445,2690,0.0161333084106445,2690,0.0241794586181641,2690,0.00472640991210938,2690,-0.0365238189697266,2690,0.0185546875,2690,0.0144920349121094,2690,-10.0888271331787,2690,-0.000820159912109375,2690,-9.20116806030273,2690,0.00621128082275391,2690,-10.1121082305908,2690,0.00722694396972656,2690,0.0183200836181641,2690,0.000351905822753906,2690,0.0158987045288086,2690,0.0242576599121094,2690,0.0226955413818359
2700,0.00214862823486328,2700,0.0126171112060547,2700,-0.0269918441772461,2700,-0.0270700454711914,2700,0.0105075836181641,2700,0.0138673782348633,2700,0.0141801834106445,2700,0.0161333084106445,2700,0.0241794586181641,2700,0.00472640991210938,2700,-0.0364456176757812,2700,0.0185546875,2700,0.0145702362060547,2700,-10.0895299911499,2700,-0.000741958618164062,2700,-9.20804309844971,2700,0.00628948211669922,2700,-10.1119527816772,2700,0.00730514526367188,2700,0.0183200836181641,2700,0.000430107116699219,2700,0.0158987045288086,2700,0.0241794586181641,2700,0.0226173400878906
2710,0.00222682952880859,2710,0.0126953125,2710,-0.0270700454711914,2710,-0.0273046493530273,2710,0.0105857849121094,2710,0.0138673782348633,2710,0.0141801834106445,2710,0.0162115097045898,2710,0.0241012573242188,2710,0.00472640991210938,2710,-0.0364456176757812,2710,0.0184764862060547,2710,0.0145702362060547,2710,-10.0899991989136,2710,-0.000741958618164062,2710,-9.19921493530273,2710,0.00636768341064453,2710,-10.1114053726196,2710,0.00730514526367188,2710,0.0183982849121094,2710,0.000508308410644531,2710,0.0158987045288086,2710,0.0241794586181641,2710,0.0226173400878906
2720,0.00222682952880859,2720,0.0127735137939453,2720,-0.0271482467651367,2720,-0.027461051940918,2720,0.0106639862060547,2720,0.0139455795288086,2720,0.0141801834106445,2720,0.0162115097045898,2720,0.0241012573242188,2720,0.00472640991210938,2720,-0.0363674163818359,2720,0.0184764862060547,2720,0.0146484375,2720,-10.0903902053833,2720,-0.00066375732421875,2720,-9.19491767883301,2720,0.00644493103027344,2720,-10.1105461120605,2720,0.00730514526367188,2720,0.0183982849121094,2720,0.000508308410644531,2720,0.0159769058227539,2720,0.0241012573242188,2720,0.0226173400878906
2730,0.00230503082275391,2730,0.0127735137939453,2730,-0.027226448059082,2730,-0.0276174545288086,2730,0.0106639862060547,2730,0.0139455795288086,2730,0.0142574310302734,2730,0.0162887573242188,2730,0.0240240097045898,2730,0.00472640991210938,2730,-0.0362892150878906,2730,0.0184764862060547,2730,0.0147266387939453,2730,-10.0890617370605,2730,-0.00066375732421875,2730,-9.19515228271484,2730,0.00652313232421875,2730,-10.1100778579712,2730,0.00738334655761719,2730,0.0183982849121094,2730,0.000585556030273438,2730,0.0159769058227539,2730,0.0241012573242188,2730,0.0225391387939453
2740,0.00238323211669922,2740,0.0128517150878906,2740,-0.0273046493530273,2740,-0.0278520584106445,2740,0.0107421875,2740,0.0139455795288086,2740,0.0142574310302734,2740,0.0162887573242188,2740,0.0239458084106445,2740,0.00480461120605469,2740,-0.0362892150878906,2740,0.0184764862060547,2740,0.0147266387939453,2740,-10.0890617370605,2740,-0.000585556030273438,2740,-9.20507431030273,2740,0.00660133361816406,2740,-10.1099996566772,2740,0.00738334655761719,2740,0.0183982849121094,2740,0.000585556030273438,2740,0.0159769058227539,2740,0.0240240097045898,2740,0.0225391387939453
2750,0.00246143341064453,2750,0.0128517150878906,2750,-0.0273046493530273,2750,-0.0280857086181641,2750,0.0108203887939453,2750,0.0140237808227539,2750,0.0142574310302734,2750,0.0163669586181641,2750,0.0239458084106445,2750,0.00480461120605469,2750,-0.0362110137939453,2750,0.0183982849121094,2750,0.0148048400878906,2750,-10.0895299911499,2750,-0.000585556030273438,2750,-9.19765186309814,2750,0.00667953491210938,2750,-10.1095304489136,2750,0.00738334655761719,2750,0.0183982849121094,2750,0.00066375732421875,2750,0.0159769058227539,2750,0.0239458084106445,2750,0.0225391387939453
2760,0.00253868103027344,2760,0.0129299163818359,2760,-0.0273828506469727,2760,-0.0282421112060547,2760,0.0108203887939453,2760,0.0140237808227539,2760,0.0142574310302734,2760,0.0163669586181641,2760,0.0238676071166992,2760,0.00480461120605469,2760,-0.0361328125,2760,0.0183982849121094,2760,0.0148830413818359,2760,-10.0895299911499,2760,-0.000585556030273438,2760,-9.19030857086182,2760,0.00675773620605469,2760,-10.1083583831787,2760,0.00746059417724609,2760,0.0184764862060547,2760,0.00066375732421875,2760,0.0159769058227539,2760,0.0239458084106445,2760,0.0225391387939453
2770,0.00253868103027344,2770,0.0130081176757812,2770,-0.027461051940918,2770,-0.0283203125,2770,0.0108985900878906,2770,0.0141019821166992,2770,0.0143356323242188,2770,0.0164451599121094,2770,0.0238676071166992,2770,0.00480461120605469,2770,-0.0361328125,2770,0.0183982849121094,2770,0.0148830413818359,2770,-10.0889053344727,2770,-0.000507354736328125,2770,-9.20749568939209,2770,0.00675773620605469,2770,-10.1092958450317,2770,0.00746059417724609,2770,0.0184764862060547,2770,0.000741958618164062,2770,0.0160551071166992,2770,0.0238676071166992,2770,0.0224609375
2780,0.00261688232421875,2780,0.0130081176757812,2780,-0.0275392532348633,2780,-0.0284767150878906,2780,0.0108985900878906,2780,0.0141019821166992,2780,0.0143356323242188,2780,0.0164451599121094,2780,0.0237894058227539,2780,0.00480461120605469,2780,-0.0360546112060547,2780,0.0183982849121094,2780,0.0149612426757812,2780,-10.0892963409424,2780,-0.000507354736328125,2780,-9.20062065124512,2780,0.0068359375,2780,-10.1084365844727,2780,0.00753879547119141,2780,0.0184764862060547,2780,0.000820159912109375,2780,0.0160551071166992,2780,0.0237894058227539,2780,0.0224609375
2790,0.00269508361816406,2790,0.0130863189697266,2790,-0.0275392532348633,2790,-0.0286331176757812,2790,0.0109767913818359,2790,0.0141019821166992,2790,0.0143356323242188,2790,0.0165233612060547,2790,0.0237112045288086,2790,0.0048828125,2790,-0.0360546112060547,2790,0.0183982849121094,2790,0.0150394439697266,2790,-10.0899209976196,2790,-0.000430107116699219,2790,-9.19491767883301,2790,0.00691413879394531,2790,-10.1074209213257,2790,0.00753879547119141,2790,0.0184764862060547,2790,0.000820159912109375,2790,0.0160551071166992,2790,0.0237894058227539,2790,0.0224609375
2800,0.00277328491210938,2800,0.0131645202636719,2800,-0.0276174545288086,2800,-0.0287895202636719,2800,0.0109767913818359,2800,0.0141801834106445,2800,0.0143356323242188,2800,0.0165233612060547,2800,0.0237112045288086,2800,0.0048828125,2800,-0.0359764099121094,2800,0.0183982849121094,2800,0.0150394439697266,2800,-10.0896081924438,2800,-0.000430107116699219,2800,-9.19163608551025,2800,0.00699234008789062,2800,-10.1064052581787,2800,0.00753879547119141,2800,0.0184764862060547,2800,0.000820159912109375,2800,0.0160551071166992,2800,0.0237112045288086,2800,0.0223827362060547
2810,0.00277328491210938,2810,0.0131645202636719,2810,-0.0276956558227539,2810,-0.0288677215576172,2810,0.0109767913818359,2810,0.0141801834106445,2810,0.0143356323242188,2810,0.0165233612060547,2810,0.0236330032348633,2810,0.0048828125,2810,-0.0358982086181641,2810,0.0183200836181641,2810,0.0151176452636719,2810,-10.0896863937378,2810,-0.000430107116699219,2810,-9.19163608551025,2810,0.00707054138183594,2810,-10.1058588027954,2810,0.00761699676513672,2810,0.0184764862060547,2810,0.000898361206054688,2810,0.0160551071166992,2810,0.0236330032348633,2810,0.0223827362060547
2820,0.00285148620605469,2820,0.0132427215576172,2820,-0.0276956558227539,2820,-0.0290231704711914,2820,0.0110549926757812,2820,0.0141801834106445,2820,0.0144138336181641,2820,0.0166015625,2820,0.023554801940918,2820,0.0048828125,2820,-0.0358982086181641,2820,0.0183200836181641,2820,0.0151176452636719,2820,-10.0885152816772,2820,-0.000351905822753906,2820,-9.2009334564209,2820,0.00714874267578125,2820,-10.1055459976196,2820,0.00761699676513672,2820,0.0184764862060547,2820,0.000898361206054688,2820,0.0160551071166992,2820,0.023554801940918,2820,0.0223827362060547
2830,0.0029296875,2830,0.0133199691772461,2830,-0.0277738571166992,2830,-0.0291013717651367,2830,0.0110549926757812,2830,0.0142574310302734,2830,0.0144138336181641,2830,0.0166015625,2830,0.023554801940918,2830,0.0048828125,2830,-0.0358200073242188,2830,0.0183200836181641,2830,0.0151958465576172,2830,-10.0889053344727,2830,-0.000351905822753906,2830,-9.20296478271484,2830,0.00722694396972656,2830,-10.1060934066772,2830,0.00769519805908203,2830,0.0184764862060547,2830,0.0009765625,2830,0.0160551071166992,2830,0.023554801940918,2830,0.0223045349121094
2840,0.0029296875,2840,0.0133199691772461,2840,-0.0278520584106445,2840,-0.029179573059082,2840,0.0111331939697266,2840,0.0142574310302734,2840,0.0144138336181641,2840,0.0166797637939453,2840,0.0234766006469727,2840,0.0048828125,2840,-0.0358200073242188,2840,0.0183200836181641,2840,0.0152730941772461,2840,-10.0886707305908,2840,-0.000351905822753906,2840,-9.18749618530273,2840,0.00730514526367188,2840,-10.1056241989136,2840,0.00769519805908203,2840,0.0184764862060547,2840,0.0009765625,2840,0.0161333084106445,2840,0.0234766006469727,2840,0.0223045349121094
2850,0.00300788879394531,2850,0.0133981704711914,2850,-0.0278520584106445,2850,-0.0292577743530273,2850,0.0111331939697266,2850,0.0143356323242188,2850,0.0144920349121094,2850,0.0166797637939453,2850,0.0234766006469727,2850,0.00496101379394531,2850,-0.0357427597045898,2850,0.0183200836181641,2850,0.0152730941772461,2850,-10.0887489318848,2850,-0.000273704528808594,2850,-9.1970272064209,2850,0.00738334655761719,2850,-10.1053895950317,2850,0.00769519805908203,2850,0.0185546875,2850,0.00105476379394531,2850,0.0161333084106445,2850,0.0233983993530273,2850,0.0223045349121094
2860,0.00308609008789062,2860,0.0134763717651367,2860,-0.0279293060302734,2860,-0.0293359756469727,2860,0.0111331939697266,2860,0.0143356323242188,2860,0.0144920349121094,2860,0.0167579650878906,2860,0.0233983993530273,2860,0.00496101379394531,2860,-0.0357427597045898,2860,0.0183200836181641,2860,0.0153512954711914,2860,-10.0878114700317,2860,-0.000273704528808594,2860,-9.20327758789062,2860,0.00738334655761719,2860,-10.1053895950317,2860,0.00769519805908203,2860,0.0185546875,2860,0.00105476379394531,2860,0.0161333084106445,2860,0.023320198059082,2860,0.0222263336181641
2870,0.00316429138183594,2870,0.0134763717651367,2870,-0.0279293060302734,2870,-0.029414176940918,2870,0.0111331939697266,2870,0.0143356323242188,2870,0.0144920349121094,2870,0.0167579650878906,2870,0.023320198059082,2870,0.00496101379394531,2870,-0.0356645584106445,2870,0.0183200836181641,2870,0.0153512954711914,2870,-10.0878114700317,2870,-0.000195503234863281,2870,-9.20124626159668,2870,0.00746059417724609,2870,-10.1052331924438,2870,0.00777339935302734,2870,0.0185546875,2870,0.00113296508789062,2870,0.0161333084106445,2870,0.023320198059082,2870,0.0222263336181641
2880,0.00316429138183594,2880,0.013554573059082,2880,-0.0280075073242188,2880,-0.0294923782348633,2880,0.0111331939697266,2880,0.0143356323242188,2880,0.0144920349121094,2880,0.0168361663818359,2880,0.023320198059082,2880,0.00496101379394531,2880,-0.0355863571166992,2880,0.0183200836181641,2880,0.0154294967651367,2880,-10.0887489318848,2880,-0.000195503234863281,2880,-9.1975736618042,2880,0.00753879547119141,2880,-10.1041402816772,2880,0.00777339935302734,2880,0.0185546875,2880,0.00113296508789062,2880,0.0161333084106445,2880,0.0232419967651367,2880,0.0222263336181641
2890,0.00324249267578125,2890,0.013554573059082,2890,-0.0280075073242188,2890,-0.0294923782348633,2890,0.0112113952636719,2890,0.0144138336181641,2890,0.0144920349121094,2890,0.0168361663818359,2890,0.0232419967651367,2890,0.00496101379394531,2890,-0.0355863571166992,2890,0.0183200836181641,2890,0.0154294967651367,2890,-10.0888271331787,2890,-0.000195503234863281,2890,-9.19476127624512,2890,0.00761699676513672,2890,-10.1037492752075,2890,0.00777339935302734,2890,0.0185546875,2890,0.00121116638183594,2890,0.0161333084106445,2890,0.0231637954711914,2890,0.0221481323242188
2900,0.00332069396972656,2900,0.0136327743530273,2900,-0.0280075073242188,2900,-0.0295705795288086,2900,0.0112113952636719,2900,0.0144138336181641,2900,0.0145702362060547,2900,0.0168361663818359,2900,0.0231637954711914,2900,0.00503921508789062,2900,-0.0355081558227539,2900,0.0183982849121094,2900,0.015507698059082,2900,-10.0882024765015,2900,-0.000117301940917969,2900,-9.1897611618042,2900,0.00761699676513672,2900,-10.1032028198242,2900,0.00785160064697266,2900,0.0185546875,2900,0.00121116638183594,2900,0.0161333084106445,2900,0.0230855941772461,2900,0.0221481323242188
2910,0.00332069396972656,2910,0.0137109756469727,2910,-0.0280857086181641,2910,-0.0295705795288086,2910,0.0112113952636719,2910,0.0144138336181641,2910,0.0145702362060547,2910,0.0169143676757812,2910,0.0230855941772461,2910,0.00503921508789062,2910,-0.0355081558227539,2910,0.0183200836181641,2910,0.015507698059082,2910,-10.0878896713257,2910,-0.000117301940917969,2910,-9.19296455383301,2910,0.00769519805908203,2910,-10.1029682159424,2910,0.00785160064697266,2910,0.0185546875,2910,0.00121116638183594,2910,0.0161333084106445,2910,0.0230083465576172,2910,0.0220708847045898
2920,0.00339889526367188,2920,0.0137109756469727,2920,-0.0280857086181641,2920,-0.0296487808227539,2920,0.0112113952636719,2920,0.0144920349121094,2920,0.0145702362060547,2920,0.0169143676757812,2920,0.0230855941772461,2920,0.00503921508789062,2920,-0.0355081558227539,2920,0.0183200836181641,2920,0.0155858993530273,2920,-10.0881242752075,2920,-0.000117301940917969,2920,-9.18772983551025,2920,0.00777339935302734,2920,-10.1020307540894,2920,0.00785160064697266,2920,0.0185546875,2920,0.00128936767578125,2920,0.0162115097045898,2920,0.0229301452636719,2920,0.0220708847045898
2930,0.00347614288330078,2930,0.013789176940918,2930,-0.0280857086181641,2930,-0.0295705795288086,2930,0.0112113952636719,2930,0.0144920349121094,2930,0.0145702362060547,2930,0.0169925689697266,2930,0.0230083465576172,2930,0.00503921508789062,2930,-0.0354299545288086,2930,0.0183982849121094,2930,0.0155858993530273,2930,-10.0878896713257,2930,-3.91006469726562e-05,2930,-9.19319915771484,2930,0.00785160064697266,2930,-10.1018743515015,2930,0.00792980194091797,2930,0.0185546875,2930,0.00128936767578125,2930,0.0162115097045898,2930,0.0228519439697266,2930,0.0220708847045898
2940,0.00347614288330078,2940,0.0138673782348633,2940,-0.0281639099121094,2940,-0.0295705795288086,2940,0.0112113952636719,2940,0.0144920349121094,2940,0.0145702362060547,2940,0.0169925689697266,2940,0.0230083465576172,2940,0.00503921508789062,2940,-0.0354299545288086,2940,0.0183982849121094,2940,0.0156641006469727,2940,-10.0874996185303,2940,-3.91006469726562e-05,2940,-9.19163608551025,2940,0.00785160064697266,2940,-10.1008586883545,2940,0.00792980194091797,2940,0.0186328887939453,2940,0.00136756896972656,2940,0.0162115097045898,2940,0.0227737426757812,2940,0.0219926834106445
2950,0.00355434417724609,2950,0.0138673782348633,2950,-0.0281639099121094,2950,-0.0295705795288086,2950,0.0112113952636719,2950,0.0145702362060547,2950,0.0146484375,2950,0.0170707702636719,2950,0.0229301452636719,2950,0.00503921508789062,2950,-0.0353517532348633,2950,0.0183982849121094,2950,0.0156641006469727,2950,-10.0878896713257,2950,3.91006469726562e-05,2950,-9.19015216827393,2950,0.00792980194091797,2950,-10.1007022857666,2950,0.00792980194091797,2950,0.0186328887939453,2950,0.00136756896972656,2950,0.0162115097045898,2950,0.0226955413818359,2950,0.0219926834106445
2960,0.00363254547119141,2960,0.0139455795288086,2960,-0.0281639099121094,2960,-0.0294923782348633,2960,0.0111331939697266,2960,0.0145702362060547,2960,0.0146484375,2960,0.0170707702636719,2960,0.0228519439697266,2960,0.00511741638183594,2960,-0.0353517532348633,2960,0.0183982849121094,2960,0.0156641006469727,2960,-10.0871868133545,2960,3.91006469726562e-05,2960,-9.19569873809814,2960,0.00800800323486328,2960,-10.1007804870605,2960,0.00792980194091797,2960,0.0186328887939453,2960,0.00136756896972656,2960,0.0162115097045898,2960,0.0226173400878906,2960,0.0219926834106445
2970,0.00363254547119141,2970,0.0139455795288086,2970,-0.0281639099121094,2970,-0.0294923782348633,2970,0.0111331939697266,2970,0.0145702362060547,2970,0.0146484375,2970,0.0171489715576172,2970,0.0228519439697266,2970,0.00511741638183594,2970,-0.035273551940918,2970,0.0183982849121094,2970,0.015742301940918,2970,-10.0871086120605,2970,3.91006469726562e-05,2970,-9.19710540771484,2970,0.00808620452880859,2970,-10.1007022857666,2970,0.00800800323486328,2970,0.0186328887939453,2970,0.00144577026367188,2970,0.0162115097045898,2970,0.0225391387939453,2970,0.0219144821166992
2980,0.00371074676513672,2980,0.0140237808227539,2980,-0.0281639099121094,2980,-0.029414176940918,2980,0.0111331939697266,2980,0.0145702362060547,2980,0.0146484375,2980,0.0171489715576172,2980,0.0227737426757812,2980,0.00511741638183594,2980,-0.035273551940918,2980,0.0183982849121094,2980,0.015742301940918,2980,-10.0877332687378,2980,0.000117301940917969,2980,-9.2028865814209,2980,0.00808620452880859,2980,-10.1005458831787,2980,0.00800800323486328,2980,0.0186328887939453,2980,0.00144577026367188,2980,0.0162115097045898,2980,0.0224609375,2980,0.0219144821166992
2990,0.00378894805908203,2990,0.0140237808227539,2990,-0.0281639099121094,2990,-0.0293359756469727,2990,0.0111331939697266,2990,0.0146484375,2990,0.0146484375,2990,0.0171489715576172,2990,0.0226955413818359,2990,0.00511741638183594,2990,-0.0351953506469727,2990,0.0183982849121094,2990,0.0158205032348633,2990,-10.0869522094727,2990,0.000117301940917969,2990,-9.18952751159668,2990,0.00816440582275391,2990,-10.0996084213257,2990,0.00800800323486328,2990,0.0186328887939453,2990,0.00152301788330078,2990,0.0162115097045898,2990,0.0223827362060547,2990,0.0218362808227539
3000,0.00378894805908203,3000,0.0141019821166992,3000,-0.0282421112060547,3000,-0.0292577743530273,3000,0.0111331939697266,3000,0.0146484375,3000,0.0146484375,3000,0.0172262191772461,3000,0.0226955413818359,3000,0.00511741638183594,3000,-0.0351953506469727,3000,0.0183982849121094,3000,0.0158205032348633,3000,-10.0890617370605,3000,0.000195503234863281,3000,-9.21304321289062,3000,0.00824260711669922,3000,-10.0999212265015,3000,0.00808620452880859,3000,0.0186328887939453,3000,0.00152301788330078,3000,0.0162115097045898,3000,0.0223045349121094,3000,0.0218362808227539
3010,0.00386714935302734,3010,0.0141019821166992,3010,-0.0282421112060547,3010,-0.029179573059082,3010,0.0110549926757812,3010,0.0146484375,3010,0.0147266387939453,3010,0.0172262191772461,3010,0.0226173400878906,3010,0.00519561767578125,3010,-0.0351171493530273,3010,0.0183982849121094,3010,0.0158987045288086,3010,-10.0875768661499,3010,0.000195503234863281,3010,-9.19523048400879,3010,0.00824260711669922,3010,-10.0992183685303,3010,0.00808620452880859,3010,0.0186328887939453,3010,0.00152301788330078,3010,0.0162115097045898,3010,0.0222263336181641,3010,0.0218362808227539
3020,0.00394535064697266,3020,0.0141019821166992,3020,-0.0282421112060547,3020,-0.0290231704711914,3020,0.0110549926757812,3020,0.0147266387939453,3020,0.0147266387939453,3020,0.0172262191772461,3020,0.0225391387939453,3020,0.00519561767578125,3020,-0.0351171493530273,3020,0.0183982849121094,3020,0.0158987045288086,3020,-10.0888271331787,3020,0.000273704528808594,3020,-9.19819927215576,3020,0.00832080841064453,3020,-10.0986709594727,3020,0.00808620452880859,3020,0.0186328887939453,3020,0.00152301788330078,3020,0.0162887573242188,3020,0.0221481323242188,3020,0.0217580795288086
3030,0.00394535064697266,3030,0.0141801834106445,3030,-0.0281639099121094,3030,-0.0289449691772461,3030,0.0110549926757812,3030,0.0147266387939453,3030,0.0147266387939453,3030,0.0173044204711914,3030,0.0225391387939453,3030,0.00519561767578125,3030,-0.035038948059082,3030,0.0183982849121094,3030,0.0158987045288086,3030,-10.0886707305908,3030,0.000273704528808594,3030,-9.19890213012695,3030,0.00839805603027344,3030,-10.0981245040894,3030,0.00808620452880859,3030,0.0186328887939453,3030,0.00160121917724609,3030,0.0162887573242188,3030,0.0220708847045898,3030,0.0217580795288086
3040,0.00402355194091797,3040,0.0141801834106445,3040,-0.0281639099121094,3040,-0.0287895202636719,3040,0.0109767913818359,3040,0.0147266387939453,3040,0.0147266387939453,3040,0.0173044204711914,3040,0.0224609375,3040,0.00519561767578125,3040,-0.035038948059082,3040,0.0183982849121094,3040,0.0159769058227539,3040,-10.0885152816772,3040,0.000273704528808594,3040,-9.19741821289062,3040,0.00839805603027344,3040,-10.0968742370605,3040,0.00816440582275391,3040,0.0187110900878906,3040,0.00160121917724609,3040,0.0162887573242188,3040,0.0219926834106445,3040,0.0216798782348633
3050,0.00402355194091797,3050,0.0142574310302734,3050,-0.0281639099121094,3050,-0.0287113189697266,3050,0.0109767913818359,3050,0.0148048400878906,3050,0.0148048400878906,3050,0.0173826217651367,3050,0.0223827362060547,3050,0.00527381896972656,3050,-0.0349607467651367,3050,0.0183982849121094,3050,0.0159769058227539,3050,-10.0880460739136,3050,0.000351905822753906,3050,-9.19734001159668,3050,0.00847625732421875,3050,-10.0962495803833,3050,0.00816440582275391,3050,0.0187110900878906,3050,0.00167942047119141,3050,0.0162887573242188,3050,0.0219144821166992,3050,0.0216798782348633
3060,0.00410175323486328,3060,0.0142574310302734,3060,-0.0281639099121094,3060,-0.0285549163818359,3060,0.0109767913818359,3060,0.0148048400878906,3060,0.0148048400878906,3060,0.0173826217651367,3060,0.0223827362060547,3060,0.00527381896972656,3060,-0.0348825454711914,3060,0.0183982849121094,3060,0.0160551071166992,3060,-10.0869522094727,3060,0.000351905822753906,3060,-9.19101142883301,3060,0.00855445861816406,3060,-10.0957803726196,3060,0.00816440582275391,3060,0.0187110900878906,3060,0.00167942047119141,3060,0.0162887573242188,3060,0.0218362808227539,3060,0.0216798782348633
3070,0.00417995452880859,3070,0.0143356323242188,3070,-0.0281639099121094,3070,-0.0283985137939453,3070,0.0108985900878906,3070,0.0148048400878906,3070,0.0148048400878906,3070,0.017460823059082,3070,0.0223045349121094,3070,0.00527381896972656,3070,-0.0348825454711914,3070,0.0183982849121094,3070,0.0160551071166992,3070,-10.0871086120605,3070,0.000430107116699219,3070,-9.19101142883301,3070,0.00855445861816406,3070,-10.0953903198242,3070,0.00824260711669922,3070,0.0187110900878906,3070,0.00175762176513672,3070,0.0162887573242188,3070,0.0217580795288086,3070,0.021601676940918
3080,0.00417995452880859,3080,0.0143356323242188,3080,-0.0281639099121094,3080,-0.0282421112060547,3080,0.0108985900878906,3080,0.0148048400878906,3080,0.0148048400878906,3080,0.017460823059082,3080,0.0222263336181641,3080,0.00527381896972656,3080,-0.0348043441772461,3080,0.0183982849121094,3080,0.0161333084106445,3080,-10.0872650146484,3080,0.000430107116699219,3080,-9.18491744995117,3080,0.00863265991210938,3080,-10.0949211120605,3080,0.00824260711669922,3080,0.0187110900878906,3080,0.00175762176513672,3080,0.0162887573242188,3080,0.0217580795288086,3080,0.021601676940918
3090,0.00425815582275391,3090,0.0144138336181641,3090,-0.0280857086181641,3090,-0.0281639099121094,3090,0.0108985900878906,3090,0.0148830413818359,3090,0.0148048400878906,3090,0.017460823059082,3090,0.0222263336181641,3090,0.00527381896972656,3090,-0.0348043441772461,3090,0.0183982849121094,3090,0.0161333084106445,3090,-10.0881242752075,3090,0.000508308410644531,3090,-9.19327735900879,3090,0.00871086120605469,3090,-10.0946865081787,3090,0.00824260711669922,3090,0.0187110900878906,3090,0.00183582305908203,3090,0.0162887573242188,3090,0.0216798782348633,3090,0.0215234756469727
3100,0.00425815582275391,3100,0.0144138336181641,3100,-0.0280857086181641,3100,-0.0280075073242188,3100,0.0108203887939453,3100,0.0148830413818359,3100,0.0148048400878906,3100,0.0175390243530273,3100,0.0221481323242188,3100,0.00527381896972656,3100,-0.0348043441772461,3100,0.0183982849121094,3100,0.0161333084106445,3100,-10.0882806777954,3100,0.000508308410644531,3100,-9.19046401977539,3100,0.00871086120605469,3100,-10.0942964553833,3100,0.00832080841064453,3100,0.0187110900878906,3100,0.00183582305908203,3100,0.0162887573242188,3100,0.021601676940918,3100,0.0215234756469727
3110,0.00433635711669922,3110,0.0144138336181641,3110,-0.0280857086181641,3110,-0.0278520584106445,3110,0.0108203887939453,3110,0.0148830413818359,3110,0.0148830413818359,3110,0.0175390243530273,3110,0.0220708847045898,3110,0.00535202026367188,3110,-0.0347270965576172,3110,0.0183982849121094,3110,0.0161333084106445,3110,-10.0881242752075,3110,0.000585556030273438,3110,-9.19038677215576,3110,0.0087890625,3110,-10.0939054489136,3110,0.00832080841064453,3110,0.0187110900878906,3110,0.00183582305908203,3110,0.0162887573242188,3110,0.0215234756469727,3110,0.0214452743530273
3120,0.00433635711669922,3120,0.0144920349121094,3120,-0.0280075073242188,3120,-0.0277738571166992,3120,0.0107421875,3120,0.0149612426757812,3120,0.0148830413818359,3120,0.0175390243530273,3120,0.0220708847045898,3120,0.00535202026367188,3120,-0.0347270965576172,3120,0.0183200836181641,3120,0.0162115097045898,3120,-10.0878896713257,3120,0.000585556030273438,3120,-9.18827724456787,3120,0.0087890625,3120,-10.0933589935303,3120,0.00832080841064453,3120,0.0187110900878906,3120,0.00183582305908203,3120,0.0162887573242188,3120,0.0215234756469727,3120,0.0214452743530273
3130,0.00441455841064453,3130,0.0144920349121094,3130,-0.0280075073242188,3130,-0.0276174545288086,3130,0.0107421875,3130,0.0149612426757812,3130,0.0148830413818359,3130,0.0176172256469727,3130,0.0219926834106445,3130,0.00535202026367188,3130,-0.0346488952636719,3130,0.0183200836181641,3130,0.0162115097045898,3130,-10.0876550674438,3130,0.000585556030273438,3130,-9.1956205368042,3130,0.00886726379394531,3130,-10.0934371948242,3130,0.00832080841064453,3130,0.0187110900878906,3130,0.00191402435302734,3130,0.0162887573242188,3130,0.0214452743530273,3130,0.0214452743530273
3140,0.00441455841064453,3140,0.0145702362060547,3140,-0.0280075073242188,3140,-0.027461051940918,3140,0.0106639862060547,3140,0.0149612426757812,3140,0.0148830413818359,3140,0.0176172256469727,3140,0.0219144821166992,3140,0.00535202026367188,3140,-0.0346488952636719,3140,0.0183200836181641,3140,0.0162115097045898,3140,-10.0878114700317,3140,0.00066375732421875,3140,-9.20319938659668,3140,0.00894546508789062,3140,-10.0933589935303,3140,0.00839805603027344,3140,0.0187110900878906,3140,0.00191402435302734,3140,0.0162887573242188,3140,0.0214452743530273,3140,0.021367073059082
3150,0.00449180603027344,3150,0.0145702362060547,3150,-0.0279293060302734,3150,-0.0273046493530273,3150,0.0106639862060547,3150,0.0149612426757812,3150,0.0148830413818359,3150,0.017695426940918,3150,0.0219144821166992,3150,0.00543022155761719,3150,-0.0345706939697266,3150,0.0183200836181641,3150,0.0162887573242188,3150,-10.0883588790894,3150,0.00066375732421875,3150,-9.20319938659668,3150,0.00894546508789062,3150,-10.0932025909424,3150,0.00839805603027344,3150,0.0187110900878906,3150,0.00199222564697266,3150,0.0163669586181641,3150,0.021367073059082,3150,0.021367073059082
3160,0.00449180603027344,3160,0.0145702362060547,3160,-0.0279293060302734,3160,-0.0271482467651367,3160,0.0106639862060547,3160,0.0150394439697266,3160,0.0149612426757812,3160,0.017695426940918,3160,0.0218362808227539,3160,0.00543022155761719,3160,-0.0345706939697266,3160,0.0183200836181641,3160,0.0162887573242188,3160,-10.0878114700317,3160,0.000741958618164062,3160,-9.19569873809814,3160,0.00902366638183594,3160,-10.0922651290894,3160,0.00839805603027344,3160,0.0187892913818359,3160,0.00199222564697266,3160,0.0163669586181641,3160,0.021367073059082,3160,0.0212888717651367
3170,0.00457000732421875,3170,0.0146484375,3170,-0.0278520584106445,3170,-0.0269918441772461,3170,0.0105857849121094,3170,0.0150394439697266,3170,0.0149612426757812,3170,0.017695426940918,3170,0.0218362808227539,3170,0.00543022155761719,3170,-0.0344924926757812,3170,0.0183200836181641,3170,0.0162887573242188,3170,-10.0878896713257,3170,0.000741958618164062,3170,-9.18874549865723,3170,0.00902366638183594,3170,-10.0912494659424,3170,0.00839805603027344,3170,0.0187892913818359,3170,0.00199222564697266,3170,0.0163669586181641,3170,0.0212888717651367,3170,0.0212888717651367
3180,0.00457000732421875,3180,0.0146484375,3180,-0.0278520584106445,3180,-0.0269145965576172,3180,0.0105857849121094,3180,0.0150394439697266,3180,0.0149612426757812,3180,0.0177736282348633,3180,0.0217580795288086,3180,0.00543022155761719,3180,-0.0344142913818359,3180,0.0183200836181641,3180,0.0163669586181641,3180,-10.0885925292969,3180,0.000820159912109375,3180,-9.19663619995117,3180,0.00910186767578125,3180,-10.0910148620605,3180,0.00847625732421875,3180,0.0187892913818359,3180,0.00207042694091797,3180,0.0163669586181641,3180,0.0212888717651367,3180,0.0212888717651367
3190,0.00464820861816406,3190,0.0146484375,3190,-0.0277738571166992,3190,-0.0267581939697266,3190,0.0105075836181641,3190,0.0150394439697266,3190,0.0149612426757812,3190,0.0177736282348633,3190,0.0216798782348633,3190,0.00550746917724609,3190,-0.0344142913818359,3190,0.0183200836181641,3190,0.0163669586181641,3190,-10.0885925292969,3190,0.000820159912109375,3190,-9.20226097106934,3190,0.00910186767578125,3190,-10.0905456542969,3190,0.00847625732421875,3190,0.0187892913818359,3190,0.00207042694091797,3190,0.0163669586181641,3190,0.0212106704711914,3190,0.0212106704711914
3200,0.00464820861816406,3200,0.0147266387939453,3200,-0.0276956558227539,3200,-0.0266017913818359,3200,0.0105075836181641,3200,0.0151176452636719,3200,0.0149612426757812,3200,0.0178518295288086,3200,0.0216798782348633,3200,0.00550746917724609,3200,-0.0344142913818359,3200,0.0183200836181641,3200,0.0163669586181641,3200,-10.0882806777954,3200,0.000898361206054688,3200,-9.19148063659668,3200,0.00918006896972656,3200,-10.0899209976196,3200,0.00847625732421875,3200,0.0187892913818359,3200,0.00214862823486328,3200,0.0163669586181641,3200,0.0212106704711914,3200,0.0212106704711914
3210,0.00472640991210938,3210,0.0147266387939453,3210,-0.0276956558227539,3210,-0.0264453887939453,3210,0.0104293823242188,3210,0.0151176452636719,3210,0.0150394439697266,3210,0.0178518295288086,3210,0.021601676940918,3210,0.00550746917724609,3210,-0.0343360900878906,3210,0.0183200836181641,3210,0.0164451599121094,3210,-10.0871868133545,3210,0.000898361206054688,3210,-9.1853084564209,3210,0.00918006896972656,3210,-10.0892181396484,3210,0.00847625732421875,3210,0.0187892913818359,3210,0.00214862823486328,3210,0.0163669586181641,3210,0.0211324691772461,3210,0.0211324691772461
3220,0.00472640991210938,3220,0.0147266387939453,3220,-0.0276174545288086,3220,-0.0262889862060547,3220,0.0104293823242188,3220,0.0151176452636719,3220,0.0150394439697266,3220,0.0178518295288086,3220,0.021601676940918,3220,0.00550746917724609,3220,-0.0342578887939453,3220,0.0183200836181641,3220,0.0164451599121094,3220,-10.0874996185303,3220,0.0009765625,3220,-9.18812084197998,3220,0.00925827026367188,3220,-10.0885152816772,3220,0.00855445861816406,3220,0.0187892913818359,3220,0.00214862823486328,3220,0.0163669586181641,3220,0.0211324691772461,3220,0.0211324691772461
3230,0.00480461120605469,3230,0.0147266387939453,3230,-0.0276174545288086,3230,-0.0261325836181641,3230,0.0104293823242188,3230,0.0151958465576172,3230,0.0150394439697266,3230,0.0179300308227539,3230,0.0215234756469727,3230,0.00550746917724609,3230,-0.0342578887939453,3230,0.0183200836181641,3230,0.0164451599121094,3230,-10.0883588790894,3230,0.0009765625,3230,-9.19577693939209,3230,0.00933647155761719,3230,-10.0885152816772,3230,0.00855445861816406,3230,0.0187892913818359,3230,0.00222682952880859,3230,0.0163669586181641,3230,0.0210552215576172,3230,0.0211324691772461
3240,0.00480461120605469,3240,0.0148048400878906,3240,-0.0275392532348633,3240,-0.0259761810302734,3240,0.0103511810302734,3240,0.0151958465576172,3240,0.0150394439697266,3240,0.0179300308227539,3240,0.0214452743530273,3240,0.00558567047119141,3240,-0.0341796875,3240,0.0182418823242188,3240,0.0164451599121094,3240,-10.0882024765015,3240,0.0009765625,3240,-9.19858932495117,3240,0.00933647155761719,3240,-10.0882806777954,3240,0.00855445861816406,3240,0.0187892913818359,3240,0.00222682952880859,3240,0.0163669586181641,3240,0.0210552215576172,3240,0.0210552215576172
3250,0.00480461120605469,3250,0.0148048400878906,3250,-0.0275392532348633,3250,-0.0258207321166992,3250,0.0103511810302734,3250,0.0151958465576172,3250,0.0150394439697266,3250,0.0179300308227539,3250,0.0214452743530273,3250,0.00558567047119141,3250,-0.0341796875,3250,0.0182418823242188,3250,0.0165233612060547,3250,-10.0883588790894,3250,0.00105476379394531,3250,-9.20382404327393,3250,0.00941371917724609,3250,-10.0877332687378,3250,0.00863265991210938,3250,0.0187892913818359,3250,0.00222682952880859,3250,0.0163669586181641,3250,0.0209770202636719,3250,0.0210552215576172
3260,0.0048828125,3260,0.0148048400878906,3260,-0.027461051940918,3260,-0.0256643295288086,3260,0.0102739334106445,3260,0.0151958465576172,3260,0.0151176452636719,3260,0.0180082321166992,3260,0.021367073059082,3260,0.00558567047119141,3260,-0.0341014862060547,3260,0.0182418823242188,3260,0.0165233612060547,3260,-10.0867958068848,3260,0.00105476379394531,3260,-9.18257427215576,3260,0.00941371917724609,3260,-10.0862493515015,3260,0.00863265991210938,3260,0.0187892913818359,3260,0.00230503082275391,3260,0.0163669586181641,3260,0.0209770202636719,3260,0.0209770202636719
3270,0.0048828125,3270,0.0148048400878906,3270,-0.0273828506469727,3270,-0.025507926940918,3270,0.0102739334106445,3270,0.0151958465576172,3270,0.0151176452636719,3270,0.0180082321166992,3270,0.021367073059082,3270,0.00558567047119141,3270,-0.0341014862060547,3270,0.0182418823242188,3270,0.0165233612060547,3270,-10.0867176055908,3270,0.00113296508789062,3270,-9.18882369995117,3270,0.00949192047119141,3270,-10.0861711502075,3270,0.00863265991210938,3270,0.0187892913818359,3270,0.00230503082275391,3270,0.0163669586181641,3270,0.0209770202636719,3270,0.0209770202636719
3280,0.00496101379394531,3280,0.0148048400878906,3280,-0.0273828506469727,3280,-0.0253515243530273,3280,0.0102739334106445,3280,0.0152730941772461,3280,0.0151176452636719,3280,0.0180082321166992,3280,0.0212888717651367,3280,0.00558567047119141,3280,-0.0340232849121094,3280,0.0182418823242188,3280,0.0165233612060547,3280,-10.0875768661499,3280,0.00113296508789062,3280,-9.19421482086182,3280,0.00949192047119141,3280,-10.0856237411499,3280,0.00863265991210938,3280,0.0187892913818359,3280,0.00230503082275391,3280,0.0163669586181641,3280,0.0208988189697266,3280,0.0208988189697266
3290,0.00496101379394531,3290,0.0148048400878906,3290,-0.0273046493530273,3290,-0.0251951217651367,3290,0.0101957321166992,3290,0.0152730941772461,3290,0.0151176452636719,3290,0.0180864334106445,3290,0.0212106704711914,3290,0.00566387176513672,3290,-0.0340232849121094,3290,0.0182418823242188,3290,0.0166015625,3290,-10.0876550674438,3290,0.00121116638183594,3290,-9.19523048400879,3290,0.00957012176513672,3290,-10.0852336883545,3290,0.00871086120605469,3290,0.0187892913818359,3290,0.00238323211669922,3290,0.0163669586181641,3290,0.0208988189697266,3290,0.0208988189697266
3300,0.00496101379394531,3300,0.0148048400878906,3300,-0.027226448059082,3300,-0.0250387191772461,3300,0.0101957321166992,3300,0.0152730941772461,3300,0.0151176452636719,3300,0.0180864334106445,3300,0.0212106704711914,3300,0.00566387176513672,3300,-0.0339450836181641,3300,0.0182418823242188,3300,0.0166015625,3300,-10.0874996185303,3300,0.00121116638183594,3300,-9.19007396697998,3300,0.00957012176513672,3300,-10.0847644805908,3300,0.00871086120605469,3300,0.0187892913818359,3300,0.00238323211669922,3300,0.0163669586181641,3300,0.0208988189697266,3300,0.0208988189697266
3310,0.00503921508789062,3310,0.0148830413818359,3310,-0.027226448059082,3310,-0.0248832702636719,3310,0.0101957321166992,3310,0.0152730941772461,3310,0.0151176452636719,3310,0.0180864334106445,3310,0.0211324691772461,3310,0.00566387176513672,3310,-0.0339450836181641,3310,0.0182418823242188,3310,0.0166015625,3310,-10.0858583450317,3310,0.00128936767578125,3310,-9.18640232086182,3310,0.00957012176513672,3310,-10.0843744277954,3310,0.00871086120605469,3310,0.0187892913818359,3310,0.00238323211669922,3310,0.0163669586181641,3310,0.0208206176757812,3310,0.0208206176757812
3320,0.00503921508789062,3320,0.0148830413818359,3320,-0.0271482467651367,3320,-0.0247268676757812,3320,0.0101175308227539,3320,0.0153512954711914,3320,0.0151176452636719,3320,0.0181646347045898,3320,0.0211324691772461,3320,0.00566387176513672,3320,-0.0338668823242188,3320,0.0181646347045898,3320,0.0166015625,3320,-10.0868740081787,3320,0.00128936767578125,3320,-9.19108963012695,3320,0.00964832305908203,3320,-10.0837488174438,3320,0.00871086120605469,3320,0.0187892913818359,3320,0.00246143341064453,3320,0.0163669586181641,3320,0.0208206176757812,3320,0.0208206176757812
3330,0.00511741638183594,3330,0.0148830413818359,3330,-0.0270700454711914,3330,-0.0245704650878906,3330,0.0101175308227539,3330,0.0153512954711914,3330,0.0151958465576172,3330,0.0181646347045898,3330,0.0210552215576172,3330,0.00574207305908203,3330,-0.0338668823242188,3330,0.0181646347045898,3330,0.0166015625,3330,-10.0880460739136,3330,0.00136756896972656,3330,-9.19398021697998,3330,0.00964832305908203,3330,-10.0831241607666,3330,0.0087890625,3330,0.0187892913818359,3330,0.00246143341064453,3330,0.0163669586181641,3330,0.0208206176757812,3330,0.0207424163818359
3340,0.00511741638183594,3340,0.0148830413818359,3340,-0.0269918441772461,3340,-0.0244140625,3340,0.0101175308227539,3340,0.0153512954711914,3340,0.0151958465576172,3340,0.0181646347045898,3340,0.0209770202636719,3340,0.00574207305908203,3340,-0.0337886810302734,3340,0.0181646347045898,3340,0.0166797637939453,3340,-10.0876550674438,3340,0.00136756896972656,3340,-9.19851112365723,3340,0.00972652435302734,3340,-10.0826549530029,3340,0.0087890625,3340,0.0188674926757812,3340,0.00246143341064453,3340,0.0163669586181641,3340,0.0208206176757812,3340,0.0207424163818359
3350,0.00511741638183594,3350,0.0148830413818359,3350,-0.0269918441772461,3350,-0.0242576599121094,3350,0.0100393295288086,3350,0.0153512954711914,3350,0.0151958465576172,3350,0.0182418823242188,3350,0.0209770202636719,3350,0.00574207305908203,3350,-0.0337886810302734,3350,0.0181646347045898,3350,0.0166797637939453,3350,-10.0873432159424,3350,0.00144577026367188,3350,-9.19554233551025,3350,0.00972652435302734,3350,-10.0814838409424,3350,0.0087890625,3350,0.0188674926757812,3350,0.00246143341064453,3350,0.0163669586181641,3350,0.0207424163818359,3350,0.0206642150878906
3360,0.00519561767578125,3360,0.0148830413818359,3360,-0.0269145965576172,3360,-0.0241012573242188,3360,0.0100393295288086,3360,0.0153512954711914,3360,0.0151958465576172,3360,0.0182418823242188,3360,0.0208988189697266,3360,0.00574207305908203,3360,-0.0337886810302734,3360,0.0181646347045898,3360,0.0166797637939453,3360,-10.0859365463257,3360,0.00144577026367188,3360,-9.19148063659668,3360,0.00980472564697266,3360,-10.0807800292969,3360,0.0087890625,3360,0.0188674926757812,3360,0.00253868103027344,3360,0.0163669586181641,3360,0.0207424163818359,3360,0.0206642150878906
3370,0.00519561767578125,3370,0.0148830413818359,3370,-0.0268363952636719,3370,-0.0238676071166992,3370,0.0100393295288086,3370,0.0153512954711914,3370,0.0151958465576172,3370,0.0182418823242188,3370,0.0208988189697266,3370,0.00574207305908203,3370,-0.0337114334106445,3370,0.0181646347045898,3370,0.0166797637939453,3370,-10.0861711502075,3370,0.00152301788330078,3370,-9.19577693939209,3370,0.00980472564697266,3370,-10.0802335739136,3370,0.00886726379394531,3370,0.0188674926757812,3370,0.00253868103027344,3370,0.0163669586181641,3370,0.0207424163818359,3370,0.0206642150878906
3380,0.00519561767578125,3380,0.0148830413818359,3380,-0.0267581939697266,3380,-0.0237112045288086,3380,0.00996112823486328,3380,0.0154294967651367,3380,0.0151958465576172,3380,0.0183200836181641,3380,0.0208206176757812,3380,0.00582027435302734,3380,-0.0337114334106445,3380,0.0181646347045898,3380,0.0166797637939453,3380,-10.0857019424438,3380,0.00152301788330078,3380,-9.18788623809814,3380,0.00980472564697266,3380,-10.0792961120605,3380,0.00886726379394531,3380,0.0187892913818359,3380,0.00253868103027344,3380,0.0163669586181641,3380,0.0207424163818359,3380,0.0205860137939453
3390,0.00527381896972656,3390,0.0148048400878906,3390,-0.0267581939697266,3390,-0.023554801940918,3390,0.00996112823486328,3390,0.0154294967651367,3390,0.0152730941772461,3390,0.0183200836181641,3390,0.0207424163818359,3390,0.00582027435302734,3390,-0.0336332321166992,3390,0.0180864334106445,3390,0.0167579650878906,3390,-10.0860929489136,3390,0.00160121917724609,3390,-9.20015239715576,3390,0.00988292694091797,3390,-10.0792961120605,3390,0.00886726379394531,3390,0.0188674926757812,3390,0.00253868103027344,3390,0.0163669586181641,3390,0.0207424163818359,3390,0.0205860137939453
3400,0.00527381896972656,3400,0.0148830413818359,3400,-0.0266799926757812,3400,-0.0233983993530273,3400,0.00996112823486328,3400,0.0154294967651367,3400,0.0152730941772461,3400,0.0183200836181641,3400,0.0207424163818359,3400,0.00582027435302734,3400,-0.0336332321166992,3400,0.0180864334106445,3400,0.0167579650878906,3400,-10.0848426818848,3400,0.00160121917724609,3400,-9.18632411956787,3400,0.00988292694091797,3400,-10.0779676437378,3400,0.00886726379394531,3400,0.0188674926757812,3400,0.00261688232421875,3400,0.0163669586181641,3400,0.0207424163818359,3400,0.0205078125
3410,0.00527381896972656,3410,0.0148048400878906,3410,-0.0266017913818359,3410,-0.0232419967651367,3410,0.00988292694091797,3410,0.0154294967651367,3410,0.0152730941772461,3410,0.0183200836181641,3410,0.0206642150878906,3410,0.00589847564697266,3410,-0.0335550308227539,3410,0.0180864334106445,3410,0.0167579650878906,3410,-10.0855464935303,3410,0.00160121917724609,3410,-9.19358921051025,3410,0.00988292694091797,3410,-10.0776557922363,3410,0.00886726379394531,3410,0.0188674926757812,3410,0.00261688232421875,3410,0.0163669586181641,3410,0.0207424163818359,3410,0.0205078125
3420,0.00535202026367188,3420,0.0148048400878906,3420,-0.0265235900878906,3420,-0.0230855941772461,3420,0.00988292694091797,3420,0.0154294967651367,3420,0.0152730941772461,3420,0.0183982849121094,3420,0.0206642150878906,3420,0.00589847564697266,3420,-0.0335550308227539,3420,0.0180864334106445,3420,0.0167579650878906,3420,-10.0851554870605,3420,0.00167942047119141,3420,-9.18757438659668,3420,0.00996112823486328,3420,-10.0771865844727,3420,0.00894546508789062,3420,0.0188674926757812,3420,0.00261688232421875,3420,0.0163669586181641,3420,0.0207424163818359,3420,0.0205078125
3430,0.00535202026367188,3430,0.0148048400878906,3430,-0.0264453887939453,3430,-0.0229301452636719,3430,0.00988292694091797,3430,0.015507698059082,3430,0.0152730941772461,3430,0.0183982849121094,3430,0.0205860137939453,3430,0.00589847564697266,3430,-0.0334768295288086,3430,0.0180864334106445,3430,0.0167579650878906,3430,-10.0842180252075,3430,0.00167942047119141,3430,-9.18233966827393,3430,0.00996112823486328,3430,-10.0765619277954,3430,0.00894546508789062,3430,0.0188674926757812,3430,0.00269508361816406,3430,0.0163669586181641,3430,0.0207424163818359,3430,0.0204296112060547
3440,0.00535202026367188,3440,0.0148048400878906,3440,-0.0264453887939453,3440,-0.0227737426757812,3440,0.00980472564697266,3440,0.015507698059082,3440,0.0152730941772461,3440,0.0183982849121094,3440,0.0205860137939453,3440,0.00597667694091797,3440,-0.0334768295288086,3440,0.0180082321166992,3440,0.0168361663818359,3440,-10.0852336883545,3440,0.00175762176513672,3440,-9.18991756439209,3440,0.0100393295288086,3440,-10.0763273239136,3440,0.00894546508789062,3440,0.0188674926757812,3440,0.00269508361816406,3440,0.0163669586181641,3440,0.0207424163818359,3440,0.0204296112060547
3450,0.00543022155761719,3450,0.0148048400878906,3450,-0.0263671875,3450,-0.0226173400878906,3450,0.00980472564697266,3450,0.015507698059082,3450,0.0152730941772461,3450,0.0184764862060547,3450,0.0205078125,3450,0.00597667694091797,3450,-0.0333986282348633,3450,0.0180082321166992,3450,0.0168361663818359,3450,-10.0845308303833,3450,0.00175762176513672,3450,-9.19585514068604,3450,0.0100393295288086,3450,-10.0763273239136,3450,0.00894546508789062,3450,0.0188674926757812,3450,0.00269508361816406,3450,0.0163669586181641,3450,0.0207424163818359,3450,0.0203514099121094
3460,0.00543022155761719,3460,0.0148048400878906,3460,-0.0262889862060547,3460,-0.0224609375,3460,0.00980472564697266,3460,0.015507698059082,3460,0.0153512954711914,3460,0.0184764862060547,3460,0.0205078125,3460,0.00597667694091797,3460,-0.0333986282348633,3460,0.0180082321166992,3460,0.0168361663818359,3460,-10.0841398239136,3460,0.00183582305908203,3460,-9.19374561309814,3460,0.0100393295288086,3460,-10.0758581161499,3460,0.00902366638183594,3460,0.0188674926757812,3460,0.00269508361816406,3460,0.0163669586181641,3460,0.0207424163818359,3460,0.0203514099121094
3470,0.00543022155761719,3470,0.0148048400878906,3470,-0.0262107849121094,3470,-0.0223045349121094,3470,0.00972652435302734,3470,0.015507698059082,3470,0.0153512954711914,3470,0.0184764862060547,3470,0.0204296112060547,3470,0.00605487823486328,3470,-0.0333986282348633,3470,0.0180082321166992,3470,0.0168361663818359,3470,-10.0846080780029,3470,0.00183582305908203,3470,-9.18601131439209,3470,0.0101175308227539,3470,-10.0750770568848,3470,0.00902366638183594,3470,0.0188674926757812,3470,0.00269508361816406,3470,0.0163669586181641,3470,0.0207424163818359,3470,0.0203514099121094
3480,0.00550746917724609,3480,0.0147266387939453,3480,-0.0261325836181641,3480,-0.0221481323242188,3480,0.00972652435302734,3480,0.0155858993530273,3480,0.0153512954711914,3480,0.0185546875,3480,0.0204296112060547,3480,0.00605487823486328,3480,-0.033320426940918,3480,0.0180082321166992,3480,0.0168361663818359,3480,-10.0846080780029,3480,0.00191402435302734,3480,-9.18905830383301,3480,0.0101175308227539,3480,-10.0741395950317,3480,0.00902366638183594,3480,0.0188674926757812,3480,0.00277328491210938,3480,0.0163669586181641,3480,0.0207424163818359,3480,0.0202732086181641
3490,0.00550746917724609,3490,0.0147266387939453,3490,-0.0260543823242188,3490,-0.0219926834106445,3490,0.00972652435302734,3490,0.0155858993530273,3490,0.0153512954711914,3490,0.0185546875,3490,0.0203514099121094,3490,0.00613307952880859,3490,-0.033320426940918,3490,0.0180082321166992,3490,0.0168361663818359,3490,-10.0857801437378,3490,0.00191402435302734,3490,-9.19202709197998,3490,0.0101175308227539,3490,-10.0732021331787,3490,0.00902366638183594,3490,0.0188674926757812,3490,0.00277328491210938,3490,0.0163669586181641,3490,0.0208206176757812,3490,0.0202732086181641
3500,0.00550746917724609,3500,0.0147266387939453,3500,-0.0260543823242188,3500,-0.0218362808227539,3500,0.00972652435302734,3500,0.0155858993530273,3500,0.0153512954711914,3500,0.0185546875,3500,0.0203514099121094,3500,0.00613307952880859,3500,-0.0332422256469727,3500,0.0180082321166992,3500,0.0169143676757812,3500,-10.0853900909424,3500,0.00199222564697266,3500,-9.19038677215576,3500,0.0101175308227539,3500,-10.0732021331787,3500,0.00910186767578125,3500,0.0188674926757812,3500,0.00277328491210938,3500,0.0163669586181641,3500,0.0208206176757812,3500,0.0202732086181641
3510,0.00558567047119141,3510,0.0147266387939453,3510,-0.0259761810302734,3510,-0.0216798782348633,3510,0.00964832305908203,3510,0.0155858993530273,3510,0.0154294967651367,3510,0.0186328887939453,3510,0.0202732086181641,3510,0.00613307952880859,3510,-0.0332422256469727,3510,0.0179300308227539,3510,0.0169143676757812,3510,-10.0847644805908,3510,0.00199222564697266,3510,-9.19476127624512,3510,0.0101957321166992,3510,-10.0732803344727,3510,0.00910186767578125,3510,0.0188674926757812,3510,0.00277328491210938,3510,0.0163669586181641,3510,0.0208206176757812,3510,0.0201950073242188
3520,0.00558567047119141,3520,0.0147266387939453,3520,-0.0258989334106445,3520,-0.0215234756469727,3520,0.00964832305908203,3520,0.0155858993530273,3520,0.0154294967651367,3520,0.0186328887939453,3520,0.0201950073242188,3520,0.00621128082275391,3520,-0.0332422256469727,3520,0.0179300308227539,3520,0.0169143676757812,3520,-10.0837488174438,3520,0.00207042694091797,3520,-9.18913650512695,3520,0.0101957321166992,3520,-10.0720300674438,3520,0.00918006896972656,3520,0.0188674926757812,3520,0.00277328491210938,3520,0.0163669586181641,3520,0.0208206176757812,3520,0.0201950073242188
3530,0.00558567047119141,3530,0.0146484375,3530,-0.0258207321166992,3530,-0.021367073059082,3530,0.00964832305908203,3530,0.0156641006469727,3530,0.0154294967651367,3530,0.0186328887939453,3530,0.0201950073242188,3530,0.00621128082275391,3530,-0.0332422256469727,3530,0.0179300308227539,3530,0.0169143676757812,3530,-10.0842962265015,3530,0.00207042694091797,3530,-9.18640232086182,3530,0.0101957321166992,3530,-10.0713272094727,3530,0.00918006896972656,3530,0.0188674926757812,3530,0.00285148620605469,3530,0.0163669586181641,3530,0.0208206176757812,3530,0.0201177597045898
3540,0.00566387176513672,3540,0.0146484375,3540,-0.0257425308227539,3540,-0.0212106704711914,3540,0.00957012176513672,3540,0.0156641006469727,3540,0.0154294967651367,3540,0.0187110900878906,3540,0.0201177597045898,3540,0.00628948211669922,3540,-0.0331640243530273,3540,0.0179300308227539,3540,0.0169143676757812,3540,-10.0836706161499,3540,0.00207042694091797,3540,-9.18663597106934,3540,0.0102739334106445,3540,-10.0707025527954,3540,0.00918006896972656,3540,0.0188674926757812,3540,0.00285148620605469,3540,0.0163669586181641,3540,0.0208206176757812,3540,0.0201177597045898
3550,0.00566387176513672,3550,0.0146484375,3550,-0.0257425308227539,3550,-0.0210542678833008,3550,0.00957012176513672,3550,0.0156641006469727,3550,0.0154294967651367,3550,0.0187110900878906,3550,0.0201177597045898,3550,0.00628948211669922,3550,-0.0331640243530273,3550,0.0179300308227539,3550,0.0169925689697266,3550,-10.0827331542969,3550,0.00214862823486328,3550,-9.19929313659668,3550,0.0102739334106445,3550,-10.0705461502075,3550,0.00925827026367188,3550,0.0188674926757812,3550,0.00285148620605469,3550,0.0163669586181641,3550,0.0208988189697266,3550,0.0201177597045898
3560,0.00566387176513672,3560,0.0146484375,3560,-0.0256643295288086,3560,-0.0208988189697266,3560,0.00957012176513672,3560,0.0156641006469727,3560,0.0154294967651367,3560,0.0187110900878906,3560,0.0201177597045898,3560,0.00636768341064453,3560,-0.033085823059082,3560,0.0179300308227539,3560,0.0169925689697266,3560,-10.0831241607666,3560,0.00222682952880859,3560,-9.19718360900879,3560,0.0102739334106445,3560,-10.0689830780029,3560,0.00925827026367188,3560,0.0188674926757812,3560,0.00285148620605469,3560,0.0163669586181641,3560,0.0208988189697266,3560,0.0200395584106445
3570,0.00574207305908203,3570,0.0145702362060547,3570,-0.0255861282348633,3570,-0.0207424163818359,3570,0.00957012176513672,3570,0.0156641006469727,3570,0.0154294967651367,3570,0.0187110900878906,3570,0.0200395584106445,3570,0.00636768341064453,3570,-0.033085823059082,3570,0.0178518295288086,3570,0.0169925689697266,3570,-10.0826549530029,3570,0.00222682952880859,3570,-9.19398021697998,3570,0.0103511810302734,3570,-10.0685930252075,3570,0.00933647155761719,3570,0.0188674926757812,3570,0.00285148620605469,3570,0.0163669586181641,3570,0.0208988189697266,3570,0.0200395584106445
3580,0.00574207305908203,3580,0.0145702362060547,3580,-0.025507926940918,3580,-0.0206642150878906,3580,0.00957012176513672,3580,0.0156641006469727,3580,0.015507698059082,3580,0.0187892913818359,3580,0.0200395584106445,3580,0.00644493103027344,3580,-0.033085823059082,3580,0.0178518295288086,3580,0.0169925689697266,3580,-10.0784368515015,3580,0.00222682952880859,3580,-9.20140171051025,3580,0.0103511810302734,3580,-10.0680456161499,3580,0.00933647155761719,3580,0.0188674926757812,3580,0.0029296875,3580,0.0163669586181641,3580,0.0208988189697266,3580,0.0199613571166992
3590,0.00574207305908203,3590,0.0145702362060547,3590,-0.025507926940918,3590,-0.0204296112060547,3590,0.00957012176513672,3590,0.015742301940918,3590,0.015507698059082,3590,0.0187892913818359,3590,0.0199613571166992,3590,0.00644493103027344,3590,-0.0330076217651367,3590,0.0178518295288086,3590,0.0169925689697266,3590,-8.92249488830566,3590,0.00230503082275391,3590,-9.29038715362549,3590,0.0103511810302734,3590,-10.0418739318848,3590,0.00941371917724609,3590,0.0188674926757812,3590,0.0029296875,3590,0.0163669586181641,3590,0.0208988189697266,3590,0.0199613571166992
3600,0.00574207305908203,3600,0.0145702362060547,3600,-0.0254297256469727,3600,-0.0203514099121094,3600,0.00957012176513672,3600,0.015742301940918,3600,0.015507698059082,3600,0.0187892913818359,3600,0.0199613571166992,3600,0.00652313232421875,3600,-0.0330076217651367,3600,0.0178518295288086,3600,0.0169925689697266,3600,-9.05632305145264,3600,0.00230503082275391,3600,-9.45444965362549,3600,0.0103511810302734,3600,-10.0520305633545,3600,0.00941371917724609,3600,0.0188674926757812,3600,0.0029296875,3600,0.0163669586181641,3600,0.0209770202636719,3600,0.0199613571166992
3610,0.00582027435302734,3610,0.0145702362060547,3610,-0.0253515243530273,3610,-0.0201168060302734,3610,0.00957012176513672,3610,0.015742301940918,3610,0.015507698059082,3610,0.0188674926757812,3610,0.0198831558227539,3610,0.00652313232421875,3610,-0.0329294204711914,3610,0.0178518295288086,3610,0.0170707702636719,3610,-9.1897611618042,3610,0.00238323211669922,3610,-9.45351219177246,3610,0.0104293823242188,3610,-10.0548429489136,3610,0.00949192047119141,3610,0.0188674926757812,3610,0.0029296875,3610,0.0163669586181641,3610,0.0209770202636719,3610,0.0198831558227539
3620,0.00582027435302734,3620,0.0144920349121094,3620,-0.0253515243530273,3620,-0.0200395584106445,3620,0.00949192047119141,3620,0.015742301940918,3620,0.015507698059082,3620,0.0188674926757812,3620,0.0198831558227539,3620,0.00660133361816406,3620,-0.0329294204711914,3620,0.0178518295288086,3620,0.0170707702636719,3620,-9.30460548400879,3620,0.00238323211669922,3620,-9.38609027862549,3620,0.0104293823242188,3620,-10.0557022094727,3620,0.00949192047119141,3620,0.0188674926757812,3620,0.0029296875,3620,0.0163669586181641,3620,0.0209770202636719,3620,0.0198831558227539
3630,0.00589847564697266,3630,0.0144920349121094,3630,-0.025273323059082,3630,-0.0198831558227539,3630,0.00949192047119141,3630,0.015742301940918,3630,0.015507698059082,3630,0.0188674926757812,3630,0.0198049545288086,3630,0.00660133361816406,3630,-0.0329294204711914,3630,0.0178518295288086,3630,0.0170707702636719,3630,-9.40249633789062,3630,0.00246143341064453,3630,-9.37187194824219,3630,0.0105075836181641,3630,-10.0596084594727,3630,0.00949192047119141,3630,0.0188674926757812,3630,0.00300788879394531,3630,0.0163669586181641,3630,0.0210552215576172,3630,0.0198831558227539
3640,0.00589847564697266,3640,0.0144920349121094,3640,-0.0251951217651367,3640,-0.0197267532348633,3640,0.00949192047119141,3640,0.015742301940918,3640,0.0155858993530273,3640,0.0188674926757812,3640,0.0198049545288086,3640,0.00667953491210938,3640,-0.0329294204711914,3640,0.0177736282348633,3640,0.0170707702636719,3640,-9.48038768768311,3640,0.00246143341064453,3640,-9.36351203918457,3640,0.0105075836181641,3640,-10.0605459213257,3640,0.00957012176513672,3640,0.0188674926757812,3640,0.00300788879394531,3640,0.0162887573242188,3640,0.0210552215576172,3640,0.0198049545288086
3650,0.00589847564697266,3650,0.0144920349121094,3650,-0.0251169204711914,3650,-0.0195703506469727,3650,0.00949192047119141,3650,0.0158205032348633,3650,0.0155858993530273,3650,0.0189456939697266,3650,0.0197267532348633,3650,0.00667953491210938,3650,-0.0328512191772461,3650,0.0177736282348633,3650,0.0171489715576172,3650,-9.54671573638916,3650,0.00253868103027344,3650,-9.34062099456787,3650,0.0105075836181641,3650,-10.0607805252075,3650,0.00957012176513672,3650,0.0188674926757812,3650,0.00300788879394531,3650,0.0163669586181641,3650,0.0210552215576172,3650,0.0198049545288086
3660,0.00589847564697266,3660,0.0144138336181641,3660,-0.0251169204711914,3660,-0.019413948059082,3660,0.00949192047119141,3660,0.0158205032348633,3660,0.0155858993530273,3660,0.0189456939697266,3660,0.0197267532348633,3660,0.00675773620605469,3660,-0.0328512191772461,3660,0.0177736282348633,3660,0.0171489715576172,3660,-9.58585643768311,3660,0.00253868103027344,3660,-9.33562088012695,3660,0.0105075836181641,3660,-10.0610151290894,3660,0.00964832305908203,3660,0.0188674926757812,3660,0.00300788879394531,3660,0.0162887573242188,3660,0.0210552215576172,3660,0.0198049545288086
3670,0.00597667694091797,3670,0.0144138336181641,3670,-0.0250387191772461,3670,-0.0192575454711914,3670,0.00949192047119141,3670,0.0158205032348633,3670,0.0155858993530273,3670,0.0189456939697266,3670,0.019648551940918,3670,0.00675773620605469,3670,-0.0328512191772461,3670,0.0177736282348633,3670,0.0171489715576172,3670,-9.61538791656494,3670,0.00261688232421875,3670,-9.33632469177246,3670,0.0105857849121094,3670,-10.061092376709,3670,0.00964832305908203,3670,0.0188674926757812,3670,0.00300788879394531,3670,0.0162887573242188,3670,0.0210552215576172,3670,0.0197267532348633
3680,0.00597667694091797,3680,0.0144138336181641,3680,-0.0249605178833008,3680,-0.0191793441772461,3680,0.00949192047119141,3680,0.0158205032348633,3680,0.0155858993530273,3680,0.0190238952636719,3680,0.019648551940918,3680,0.0068359375,3680,-0.0327739715576172,3680,0.0177736282348633,3680,0.0171489715576172,3680,-9.01351070404053,3680,0.00261688232421875,3680,-9.46218395233154,3680,0.0105857849121094,3680,-10.0521087646484,3680,0.00964832305908203,3680,0.0188674926757812,3680,0.00300788879394531,3680,0.0162887573242188,3680,0.0211324691772461,3680,0.0197267532348633
3690,0.00597667694091797,3690,0.0144138336181641,3690,-0.0248832702636719,3690,-0.0190238952636719,3690,0.00949192047119141,3690,0.0158205032348633,3690,0.0155858993530273,3690,0.0190238952636719,3690,0.0195703506469727,3690,0.0068359375,3690,-0.0327739715576172,3690,0.0177736282348633,3690,0.0171489715576172,3690,-9.10546398162842,3690,0.00261688232421875,3690,-9.47202777862549,3690,0.0105857849121094,3690,-10.053279876709,3690,0.00972652435302734,3690,0.0188674926757812,3690,0.00300788879394531,3690,0.0162887573242188,3690,0.0211324691772461,3690,0.0197267532348633
3700,0.00597667694091797,3700,0.0143356323242188,3700,-0.0248832702636719,3700,-0.0188674926757812,3700,0.00949192047119141,3700,0.0158205032348633,3700,0.0155858993530273,3700,0.0190238952636719,3700,0.0195703506469727,3700,0.00691413879394531,3700,-0.0327739715576172,3700,0.0177736282348633,3700,0.0171489715576172,3700,-9.20273017883301,3700,0.00269508361816406,3700,-9.40257453918457,3700,0.0105857849121094,3700,-10.0522651672363,3700,0.00972652435302734,3700,0.0188674926757812,3700,0.00308609008789062,3700,0.0162887573242188,3700,0.0211324691772461,3700,0.019648551940918
3710,0.00605487823486328,3710,0.0143356323242188,3710,-0.0248050689697266,3710,-0.0187110900878906,3710,0.00949192047119141,3710,0.0158205032348633,3710,0.0155858993530273,3710,0.0190238952636719,3710,0.0195703506469727,3710,0.00691413879394531,3710,-0.0327739715576172,3710,0.017695426940918,3710,0.0172262191772461,3710,-9.30069923400879,3710,0.00269508361816406,3710,-9.40499687194824,3710,0.0106639862060547,3710,-10.0547647476196,3710,0.00980472564697266,3710,0.0188674926757812,3710,0.00308609008789062,3710,0.0162887573242188,3710,0.0211324691772461,3710,0.019648551940918
3720,0.00605487823486328,3720,0.0143356323242188,3720,-0.0247268676757812,3720,-0.0186328887939453,3720,0.00949192047119141,3720,0.0158987045288086,3720,0.0156641006469727,3720,0.0191020965576172,3720,0.0194921493530273,3720,0.00699234008789062,3720,-0.0327739715576172,3720,0.017695426940918,3720,0.0172262191772461,3720,-9.39585590362549,3720,0.00277328491210938,3720,-9.37038707733154,3720,0.0106639862060547,3720,-10.0551557540894,3720,0.00980472564697266,3720,0.0188674926757812,3720,0.00308609008789062,3720,0.0162887573242188,3720,0.0212106704711914,3720,0.019648551940918
3730,0.00605487823486328,3730,0.0143356323242188,3730,-0.0247268676757812,3730,-0.0184764862060547,3730,0.00949192047119141,3730,0.0158987045288086,3730,0.0156641006469727,3730,0.0191020965576172,3730,0.0194921493530273,3730,0.00707054138183594,3730,-0.0326957702636719,3730,0.017695426940918,3730,0.0172262191772461,3730,-9.48687171936035,3730,0.00277328491210938,3730,-9.35905933380127,3730,0.0106639862060547,3730,-10.0561714172363,3730,0.00980472564697266,3730,0.0188674926757812,3730,0.00308609008789062,3730,0.0162887573242188,3730,0.0212106704711914,3730,0.0195703506469727
3740,0.00605487823486328,3740,0.0143356323242188,3740,-0.0246486663818359,3740,-0.0183200836181641,3740,0.00949192047119141,3740,0.0158987045288086,3740,0.0156641006469727,3740,0.0191020965576172,3740,0.019413948059082,3740,0.00707054138183594,3740,-0.0326957702636719,3740,0.017695426940918,3740,0.0172262191772461,3740,-9.57320022583008,3740,0.00277328491210938,3740,-9.33359050750732,3740,0.0106639862060547,3740,-10.0561714172363,3740,0.00988292694091797,3740,0.0188674926757812,3740,0.00308609008789062,3740,0.0162887573242188,3740,0.0212106704711914,3740,0.0195703506469727
3750,0.00613307952880859,3750,0.0142574310302734,3750,-0.0245704650878906,3750,-0.0182418823242188,3750,0.00949192047119141,3750,0.0158987045288086,3750,0.0156641006469727,3750,0.0191020965576172,3750,0.019413948059082,3750,0.00714874267578125,3750,-0.0326957702636719,3750,0.017695426940918,3750,0.0172262191772461,3750,-9.65476322174072,3750,0.00285148620605469,3750,-9.31327724456787,3750,0.0107421875,3750,-10.0565614700317,3750,0.00988292694091797,3750,0.0188674926757812,3750,0.00308609008789062,3750,0.0162887573242188,3750,0.0212106704711914,3750,0.0195703506469727
3760,0.00613307952880859,3760,0.0142574310302734,3760,-0.0245704650878906,3760,-0.0180864334106445,3760,0.00949192047119141,3760,0.0158987045288086,3760,0.0156641006469727,3760,0.0191793441772461,3760,0.0193357467651367,3760,0.00714874267578125,3760,-0.0326957702636719,3760,0.017695426940918,3760,0.0172262191772461,3760,-9.72906017303467,3760,0.00285148620605469,3760,-9.29679298400879,3760,0.0107421875,3760,-10.0567960739136,3760,0.00988292694091797,3760,0.0188674926757812,3760,0.00308609008789062,3760,0.0162887573242188,3760,0.0212106704711914,3760,0.0194921493530273
3770,0.00613307952880859,3770,0.0142574310302734,3770,-0.0244922637939453,3770,-0.0180082321166992,3770,0.00949192047119141,3770,0.0158987045288086,3770,0.0156641006469727,3770,0.0191793441772461,3770,0.0193357467651367,3770,0.00722694396972656,3770,-0.0326957702636719,3770,0.017695426940918,3770,0.0172262191772461,3770,-9.7937479019165,3770,0.0029296875,3770,-9.28366851806641,3770,0.0107421875,3770,-10.0569524765015,3770,0.00996112823486328,3770,0.0188674926757812,3770,0.00308609008789062,3770,0.0162887573242188,3770,0.0212888717651367,3770,0.0194921493530273
3780,0.00613307952880859,3780,0.0142574310302734,3780,-0.0244140625,3780,-0.0178518295288086,3780,0.00949192047119141,3780,0.0158987045288086,3780,0.015742301940918,3780,0.0191793441772461,3780,0.0193357467651367,3780,0.00730514526367188,3780,-0.0326175689697266,3780,0.0176172256469727,3780,0.0172262191772461,3780,-9.85007667541504,3780,0.0029296875,3780,-9.26468372344971,3780,0.0107421875,3780,-10.0564832687378,3780,0.00996112823486328,3780,0.0188674926757812,3780,0.00308609008789062,3780,0.0162887573242188,3780,0.0212888717651367,3780,0.0194921493530273
3790,0.00621128082275391,3790,0.0142574310302734,3790,-0.0244140625,3790,-0.017695426940918,3790,0.00949192047119141,3790,0.0159769058227539,3790,0.015742301940918,3790,0.0192575454711914,3790,0.0192575454711914,3790,0.00730514526367188,3790,-0.0326175689697266,3790,0.0176172256469727,3790,0.0173044204711914,3790,-9.89882659912109,3790,0.0029296875,3790,-9.25241756439209,3790,0.0107421875,3790,-10.0556240081787,3790,0.00996112823486328,3790,0.0188674926757812,3790,0.00316429138183594,3790,0.0162887573242188,3790,0.0212888717651367,3790,0.0194921493530273
3800,0.00621128082275391,3800,0.0141801834106445,3800,-0.0243358612060547,3800,-0.0176172256469727,3800,0.00949192047119141,3800,0.0159769058227539,3800,0.015742301940918,3800,0.0192575454711914,3800,0.0192575454711914,3800,0.00738334655761719,3800,-0.0326175689697266,3800,0.0176172256469727,3800,0.0173044204711914,3800,-9.94093608856201,3800,0.00300788879394531,3800,-9.24249649047852,3800,0.0108203887939453,3800,-10.0556240081787,3800,0.0100393295288086,3800,0.0188674926757812,3800,0.00316429138183594,3800,0.0162887573242188,3800,0.0212888717651367,3800,0.0194921493530273
3810,0.00621128082275391,3810,0.0141801834106445,3810,-0.0243358612060547,3810,-0.017460823059082,3810,0.00949192047119141,3810,0.0159769058227539,3810,0.015742301940918,3810,0.0192575454711914,3810,0.0191793441772461,3810,0.00738334655761719,3810,-0.0326175689697266,3810,0.0176172256469727,3810,0.0173044204711914,3810,-9.97523307800293,3810,0.00300788879394531,3810,-9.22874641418457,3810,0.0108203887939453,3810,-10.0549211502075,3810,0.0100393295288086,3810,0.0188674926757812,3810,0.00316429138183594,3810,0.0162887573242188,3810,0.021367073059082,3810,0.019413948059082
3820,0.00621128082275391,3820,0.0141801834106445,3820,-0.0242576599121094,3820,-0.0173044204711914,3820,0.00949192047119141,3820,0.0159769058227539,3820,0.015742301940918,3820,0.0192575454711914,3820,0.0191793441772461,3820,0.00746059417724609,3820,-0.0326175689697266,3820,0.0176172256469727,3820,0.0173044204711914,3820,-10.0017957687378,3820,0.00300788879394531,3820,-9.22530841827393,3820,0.0108203887939453,3820,-10.0538272857666,3820,0.0100393295288086,3820,0.0188674926757812,3820,0.00316429138183594,3820,0.0162887573242188,3820,0.021367073059082,3820,0.019413948059082
3830,0.00621128082275391,3830,0.0141801834106445,3830,-0.0242576599121094,3830,-0.0171480178833008,3830,0.00957012176513672,3830,0.0159769058227539,3830,0.015742301940918,3830,0.0193357467651367,3830,0.0191793441772461,3830,0.00753879547119141,3830,-0.0325393676757812,3830,0.0176172256469727,3830,0.0173044204711914,3830,-10.022029876709,3830,0.00308609008789062,3830,-9.2190580368042,3830,0.0108203887939453,3830,-10.0531244277954,3830,0.0101175308227539,3830,0.0188674926757812,3830,0.00316429138183594,3830,0.0162887573242188,3830,0.021367073059082,3830,0.019413948059082
3840,0.00628948211669922,3840,0.0141801834106445,3840,-0.0242576599121094,3840,-0.0170707702636719,3840,0.00957012176513672,3840,0.0159769058227539,3840,0.0158205032348633,3840,0.0193357467651367,3840,0.0191020965576172,3840,0.00753879547119141,3840,-0.0325393676757812,3840,0.0175390243530273,3840,0.0173044204711914,3840,-10.037576675415,3840,0.00308609008789062,3840,-9.21733951568604,3840,0.0108203887939453,3840,-10.0526552200317,3840,0.0101175308227539,3840,0.0188674926757812,3840,0.00316429138183594,3840,0.0162887573242188,3840,0.021367073059082,3840,0.0193357467651367
3850,0.00628948211669922,3850,0.0141801834106445,3850,-0.0242576599121094,3850,-0.0169143676757812,3850,0.00957012176513672,3850,0.0159769058227539,3850,0.0158205032348633,3850,0.0193357467651367,3850,0.0191020965576172,3850,0.00761699676513672,3850,-0.0325393676757812,3850,0.0175390243530273,3850,0.0173044204711914,3850,-10.0478897094727,3850,0.00308609008789062,3850,-9.20663642883301,3850,0.0108203887939453,3850,-10.0510149002075,3850,0.0101175308227539,3850,0.0188674926757812,3850,0.00316429138183594,3850,0.0162887573242188,3850,0.0214452743530273,3850,0.0193357467651367
3860,0.00628948211669922,3860,0.0141019821166992,3860,-0.0241794586181641,3860,-0.0167579650878906,3860,0.00957012176513672,3860,0.0160551071166992,3860,0.0158205032348633,3860,0.0193357467651367,3860,0.0191020965576172,3860,0.00769519805908203,3860,-0.0325393676757812,3860,0.0175390243530273,3860,0.0173044204711914,3860,-10.0551557540894,3860,0.00316429138183594,3860,-9.20007419586182,3860,0.0108985900878906,3860,-10.0502338409424,3860,0.0101175308227539,3860,0.0188674926757812,3860,0.00316429138183594,3860,0.0162887573242188,3860,0.0214452743530273,3860,0.0193357467651367
3870,0.00628948211669922,3870,0.0141019821166992,3870,-0.0241794586181641,3870,-0.0166015625,3870,0.00957012176513672,3870,0.0160551071166992,3870,0.0158205032348633,3870,0.019413948059082,3870,0.0190238952636719,3870,0.00769519805908203,3870,-0.0325393676757812,3870,0.0175390243530273,3870,0.0173044204711914,3870,-10.0599212646484,3870,0.00316429138183594,3870,-9.19843292236328,3870,0.0108985900878906,3870,-10.0496082305908,3870,0.0101957321166992,3870,0.0188674926757812,3870,0.00316429138183594,3870,0.0162887573242188,3870,0.0214452743530273,3870,0.0192575454711914
3880,0.00636768341064453,3880,0.0141019821166992,3880,-0.0241794586181641,3880,-0.0164451599121094,3880,0.00957012176513672,3880,0.0160551071166992,3880,0.0158205032348633,3880,0.019413948059082,3880,0.0190238952636719,3880,0.00777339935302734,3880,-0.0325393676757812,3880,0.0175390243530273,3880,0.0173826217651367,3880,-10.0629682540894,3880,0.00324249267578125,3880,-9.20030784606934,3880,0.0108985900878906,3880,-10.0489053726196,3880,0.0101957321166992,3880,0.0189456939697266,3880,0.00316429138183594,3880,0.0162887573242188,3880,0.0214452743530273,3880,0.0192575454711914
3890,0.00636768341064453,3890,0.0141019821166992,3890,-0.0241794586181641,3890,-0.0162887573242188,3890,0.00957012176513672,3890,0.0160551071166992,3890,0.0158205032348633,3890,0.019413948059082,3890,0.0189456939697266,3890,0.00785160064697266,3890,-0.0324611663818359,3890,0.0175390243530273,3890,0.0173826217651367,3890,-10.0655460357666,3890,0.00324249267578125,3890,-9.19734001159668,3890,0.0108985900878906,3890,-10.0482025146484,3890,0.0101957321166992,3890,0.0189456939697266,3890,0.00316429138183594,3890,0.0162887573242188,3890,0.0214452743530273,3890,0.0192575454711914
3900,0.00636768341064453,3900,0.0141019821166992,3900,-0.0242576599121094,3900,-0.0161333084106445,3900,0.00957012176513672,3900,0.0160551071166992,3900,0.0158205032348633,3900,0.019413948059082,3900,0.0189456939697266,3900,0.00785160064697266,3900,-0.0324611663818359,3900,0.0175390243530273,3900,0.0173826217651367,3900,-10.0676555633545,3900,0.00324249267578125,3900,-9.1995267868042,3900,0.0108985900878906,3900,-10.0474987030029,3900,0.0102739334106445,3900,0.0188674926757812,3900,0.00316429138183594,3900,0.0162887573242188,3900,0.0215234756469727,3900,0.0192575454711914
3910,0.00636768341064453,3910,0.0141019821166992,3910,-0.0242576599121094,3910,-0.0159769058227539,3910,0.00957012176513672,3910,0.0160551071166992,3910,0.0158987045288086,3910,0.0194921493530273,3910,0.0189456939697266,3910,0.00792980194091797,3910,-0.0324611663818359,3910,0.0175390243530273,3910,0.0173826217651367,3910,-10.0689058303833,3910,0.00324249267578125,3910,-9.19523048400879,3910,0.0108985900878906,3910,-10.0465612411499,3910,0.0102739334106445,3910,0.0188674926757812,3910,0.00316429138183594,3910,0.0162887573242188,3910,0.0215234756469727,3910,0.0192575454711914
3920,0.00644493103027344,3920,0.0141019821166992,3920,-0.0242576599121094,3920,-0.015742301940918,3920,0.00964832305908203,3920,0.0160551071166992,3920,0.0158987045288086,3920,0.0194921493530273,3920,0.0188674926757812,3920,0.00792980194091797,3920,-0.0324611663818359,3920,0.017460823059082,3920,0.0173826217651367,3920,-10.0696868896484,3920,0.00332069396972656,3920,-9.1995267868042,3920,0.0109767913818359,3920,-10.0458583831787,3920,0.0102739334106445,3920,0.0188674926757812,3920,0.00324249267578125,3920,0.0162887573242188,3920,0.0215234756469727,3920,0.0191793441772461
3930,0.00644493103027344,3930,0.0141019821166992,3930,-0.0242576599121094,3930,-0.0155858993530273,3930,0.00964832305908203,3930,0.0161333084106445,3930,0.0158987045288086,3930,0.0194921493530273,3930,0.0188674926757812,3930,0.00800800323486328,3930,-0.0324611663818359,3930,0.017460823059082,3930,0.0173826217651367,3930,-10.0703115463257,3930,0.00332069396972656,3930,-9.20437049865723,3930,0.0109767913818359,3930,-10.0452337265015,3930,0.0103511810302734,3930,0.0189456939697266,3930,0.00324249267578125,3930,0.0162887573242188,3930,0.0215234756469727,3930,0.0191793441772461
3940,0.00644493103027344,3940,0.0141019821166992,3940,-0.0243358612060547,3940,-0.0154294967651367,3940,0.00964832305908203,3940,0.0161333084106445,3940,0.0158987045288086,3940,0.0194921493530273,3940,0.0188674926757812,3940,0.00808620452880859,3940,-0.0324611663818359,3940,0.017460823059082,3940,0.0173826217651367,3940,-10.0706243515015,3940,0.00339889526367188,3940,-9.20476150512695,3940,0.0109767913818359,3940,-10.0451555252075,3940,0.0103511810302734,3940,0.0189456939697266,3940,0.00324249267578125,3940,0.0162115097045898,3940,0.0215234756469727,3940,0.0191793441772461
3950,0.00644493103027344,3950,0.0141019821166992,3950,-0.0243358612060547,3950,-0.0151948928833008,3950,0.00964832305908203,3950,0.0161333084106445,3950,0.0158987045288086,3950,0.0195703506469727,3950,0.0187892913818359,3950,0.00808620452880859,3950,-0.0324611663818359,3950,0.017460823059082,3950,0.0173826217651367,3950,-10.0705461502075,3950,0.00339889526367188,3950,-9.20062065124512,3950,0.0109767913818359,3950,-10.0446863174438,3950,0.0103511810302734,3950,0.0189456939697266,3950,0.00324249267578125,3950,0.0162115097045898,3950,0.021601676940918,3950,0.0191793441772461
3960,0.00644493103027344,3960,0.0141019821166992,3960,-0.0243358612060547,3960,-0.0150394439697266,3960,0.00964832305908203,3960,0.0161333084106445,3960,0.0158987045288086,3960,0.0195703506469727,3960,0.0187892913818359,3960,0.00816440582275391,3960,-0.0323829650878906,3960,0.017460823059082,3960,0.0173826217651367,3960,-10.0706243515015,3960,0.00339889526367188,3960,-9.20796489715576,3960,0.0109767913818359,3960,-10.0439052581787,3960,0.0103511810302734,3960,0.0189456939697266,3960,0.00324249267578125,3960,0.0162115097045898,3960,0.021601676940918,3960,0.0191020965576172
3970,0.00644493103027344,3970,0.0141019821166992,3970,-0.0244140625,3970,-0.0148830413818359,3970,0.00964832305908203,3970,0.0161333084106445,3970,0.0158987045288086,3970,0.0195703506469727,3970,0.0187892913818359,3970,0.00824260711669922,3970,-0.0323829650878906,3970,0.017460823059082,3970,0.0173826217651367,3970,-10.0705461502075,3970,0.00339889526367188,3970,-9.19944858551025,3970,0.0109767913818359,3970,-10.0427331924438,3970,0.0104293823242188,3970,0.0189456939697266,3970,0.00324249267578125,3970,0.0162115097045898,3970,0.021601676940918,3970,0.0191020965576172
3980,0.00652313232421875,3980,0.0141019821166992,3980,-0.0244140625,3980,-0.0147266387939453,3980,0.00964832305908203,3980,0.0161333084106445,3980,0.0159769058227539,3980,0.019648551940918,3980,0.0187110900878906,3980,0.00824260711669922,3980,-0.0323829650878906,3980,0.017460823059082,3980,0.0173826217651367,3980,-10.0708589553833,3980,0.00347614288330078,3980,-9.20241737365723,3980,0.0110549926757812,3980,-10.042576789856,3980,0.0104293823242188,3980,0.0189456939697266,3980,0.00324249267578125,3980,0.0162115097045898,3980,0.021601676940918,3980,0.0191020965576172
3990,0.00652313232421875,3990,0.0141019821166992,3990,-0.0244922637939453,3990,-0.0145702362060547,3990,0.00964832305908203,3990,0.0162115097045898,3990,0.0159769058227539,3990,0.019648551940918,3990,0.0187110900878906,3990,0.00832080841064453,3990,-0.0323829650878906,3990,0.017460823059082,3990,0.0173826217651367,3990,-10.0706243515015,3990,0.00347614288330078,3990,-9.20101165771484,3990,0.0110549926757812,3990,-10.0422649383545,3990,0.0104293823242188,3990,0.0189456939697266,3990,0.00324249267578125,3990,0.0162115097045898,3990,0.021601676940918,3990,0.0191020965576172
4000,0.00652313232421875,4000,0.0141019821166992,4000,-0.0244922637939453,4000,-0.0144138336181641,4000,0.00972652435302734,4000,0.0162115097045898,4000,0.0159769058227539,4000,0.019648551940918,4000,0.0187110900878906,4000,0.00839805603027344,4000,-0.0323829650878906,4000,0.0173826217651367,4000,0.0173826217651367,4000,-10.0701551437378,4000,0.00347614288330078,4000,-9.1950740814209,4000,0.0110549926757812,4000,-10.0418739318848,4000,0.0105075836181641,4000,0.0189456939697266,4000,0.00324249267578125,4000,0.0162115097045898,4000,0.0216798782348633,4000,0.0190238952636719
4010,0.00652313232421875,4010,0.0141019821166992,4010,-0.0245704650878906,4010,-0.0142574310302734,4010,0.00972652435302734,4010,0.0162115097045898,4010,0.0159769058227539,4010,0.019648551940918,4010,0.0186328887939453,4010,0.00839805603027344,4010,-0.0323829650878906,4010,0.0173826217651367,4010,0.017460823059082,4010,-10.0694522857666,4010,0.00355434417724609,4010,-9.19241714477539,4010,0.0110549926757812,4010,-10.0410928726196,4010,0.0105075836181641,4010,0.0189456939697266,4010,0.00324249267578125,4010,0.0162115097045898,4010,0.0216798782348633,4010,0.0190238952636719
4020,0.00652313232421875,4020,0.0141019821166992,4020,-0.0245704650878906,4020,-0.0141019821166992,4020,0.00972652435302734,4020,0.0162115097045898,4020,0.0159769058227539,4020,0.0197267532348633,4020,0.0186328887939453,4020,0.00847625732421875,4020,-0.0323829650878906,4020,0.0173826217651367,4020,0.0173826217651367,4020,-10.0694522857666,4020,0.00355434417724609,4020,-9.20382404327393,4020,0.0110549926757812,4020,-10.040623664856,4020,0.0105075836181641,4020,0.0189456939697266,4020,0.00324249267578125,4020,0.0162115097045898,4020,0.0216798782348633,4020,0.0190238952636719
4030,0.00652313232421875,4030,0.0141019821166992,4030,-0.0246486663818359,4030,-0.0139455795288086,4030,0.00972652435302734,4030,0.0162115097045898,4030,0.0159769058227539,4030,0.0197267532348633,4030,0.0186328887939453,4030,0.00855445861816406,4030,-0.0323829650878906,4030,0.0173826217651367,4030,0.0173826217651367,4030,-10.0693740844727,4030,0.00355434417724609,4030,-9.19858932495117,4030,0.0110549926757812,4030,-10.0398426055908,4030,0.0105075836181641,4030,0.0189456939697266,4030,0.00324249267578125,4030,0.0162115097045898,4030,0.0216798782348633,4030,0.0190238952636719
4040,0.00660133361816406,4040,0.0141019821166992,4040,-0.0246486663818359,4040,-0.013789176940918,4040,0.00972652435302734,4040,0.0162887573242188,4040,0.0160551071166992,4040,0.0197267532348633,4040,0.0186328887939453,4040,0.00855445861816406,4040,-0.0323047637939453,4040,0.0173826217651367,4040,0.017460823059082,4040,-10.0685930252075,4040,0.00355434417724609,4040,-9.19405841827393,4040,0.0110549926757812,4040,-10.0387487411499,4040,0.0105075836181641,4040,0.0189456939697266,4040,0.00324249267578125,4040,0.0162115097045898,4040,0.0216798782348633,4040,0.0190238952636719
4050,0.00660133361816406,4050,0.0141019821166992,4050,-0.0247268676757812,4050,-0.013554573059082,4050,0.00972652435302734,4050,0.0162887573242188,4050,0.0160551071166992,4050,0.0197267532348633,4050,0.0185546875,4050,0.00863265991210938,4050,-0.0323047637939453,4050,0.0173826217651367,4050,0.017460823059082,4050,-10.0684366226196,4050,0.00363254547119141,4050,-9.20429229736328,4050,0.0111331939697266,4050,-10.0382022857666,4050,0.0105857849121094,4050,0.0189456939697266,4050,0.00324249267578125,4050,0.0162115097045898,4050,0.0216798782348633,4050,0.0189456939697266
4060,0.00660133361816406,4060,0.0141019821166992,4060,-0.0247268676757812,4060,-0.0133199691772461,4060,0.00972652435302734,4060,0.0162887573242188,4060,0.0160551071166992,4060,0.0198049545288086,4060,0.0185546875,4060,0.00871086120605469,4060,-0.0323047637939453,4060,0.0173826217651367,4060,0.017460823059082,4060,-10.0687494277954,4060,0.00363254547119141,4060,-9.20648002624512,4060,0.0111331939697266,4060,-10.0378894805908,4060,0.0105857849121094,4060,0.0189456939697266,4060,0.00324249267578125,4060,0.0162115097045898,4060,0.0217580795288086,4060,0.0189456939697266
4070,0.00660133361816406,4070,0.0141019821166992,4070,-0.0248050689697266,4070,-0.0131645202636719,4070,0.00972652435302734,4070,0.0162887573242188,4070,0.0160551071166992,4070,0.0198049545288086,4070,0.0185546875,4070,0.00871086120605469,4070,-0.0323047637939453,4070,0.0173826217651367,4070,0.017460823059082,4070,-10.0690612792969,4070,0.00363254547119141,4070,-9.19710540771484,4070,0.0111331939697266,4070,-10.0369520187378,4070,0.0105857849121094,4070,0.0189456939697266,4070,0.00324249267578125,4070,0.0162115097045898,4070,0.0217580795288086,4070,0.0189456939697266
4080,0.00660133361816406,4080,0.0141019821166992,4080,-0.0248050689697266,4080,-0.0129299163818359,4080,0.00972652435302734,4080,0.0162887573242188,4080,0.0160551071166992,4080,0.0198049545288086,4080,0.0184764862060547,4080,0.0087890625,4080,-0.0323047637939453,4080,0.0173826217651367,4080,0.017460823059082,4080,-10.0724210739136,4080,0.00371074676513672,4080,-9.1975736618042,4080,0.0111331939697266,4080,-10.0364055633545,4080,0.0106639862060547,4080,0.0189456939697266,4080,0.00324249267578125,4080,0.0162115097045898,4080,0.0217580795288086,4080,0.0189456939697266
4090,0.00667953491210938,4090,0.0141019821166992,4090,-0.0248050689697266,4090,-0.0127735137939453,4090,0.00972652435302734,4090,0.0162887573242188,4090,0.0160551071166992,4090,0.0198049545288086,4090,0.0184764862060547,4090,0.00886726379394531,4090,-0.0322265625,4090,0.0173826217651367,4090,0.017460823059082,4090,-10.0719518661499,4090,0.00371074676513672,4090,-9.18874549865723,4090,0.0111331939697266,4090,-10.035623550415,4090,0.0106639862060547,4090,0.0189456939697266,4090,0.00324249267578125,4090,0.0162115097045898,4090,0.0217580795288086,4090,0.0188674926757812
4100,0.00667953491210938,4100,0.0141019821166992,4100,-0.0248832702636719,4100,-0.0126171112060547,4100,0.00980472564697266,4100,0.0162887573242188,4100,0.0160551071166992,4100,0.0198831558227539,4100,0.0184764862060547,4100,0.00886726379394531,4100,-0.0322265625,4100,0.0173826217651367,4100,0.017460823059082,4100,-10.0717182159424,4100,0.00371074676513672,4100,-9.18944931030273,4100,0.0111331939697266,4100,-10.034764289856,4100,0.0106639862060547,4100,0.0189456939697266,4100,0.00332069396972656,4100,0.0162115097045898,4100,0.0217580795288086,4100,0.0188674926757812
4110,0.00667953491210938,4110,0.0141019821166992,4110,-0.0248832702636719,4110,-0.0123825073242188,4110,0.00980472564697266,4110,0.0162887573242188,4110,0.0160551071166992,4110,0.0198831558227539,4110,0.0183982849121094,4110,0.00894546508789062,4110,-0.0322265625,4110,0.0173826217651367,4110,0.017460823059082,4110,-10.0730457305908,4110,0.00378894805908203,4110,-9.19819927215576,4110,0.0112113952636719,4110,-10.0346088409424,4110,0.0106639862060547,4110,0.0189456939697266,4110,0.00332069396972656,4110,0.0162115097045898,4110,0.0217580795288086,4110,0.0188674926757812
4120,0.00667953491210938,4120,0.0141019821166992,4120,-0.0249605178833008,4120,-0.0122261047363281,4120,0.00980472564697266,4120,0.0163669586181641,4120,0.0161333084106445,4120,0.0198831558227539,4120,0.0183982849121094,4120,0.00902366638183594,4120,-0.0322265625,4120,0.0173826217651367,4120,0.017460823059082,4120,-10.0740613937378,4120,0.00378894805908203,4120,-9.20562076568604,4120,0.0112113952636719,4120,-10.0340614318848,4120,0.0107421875,4120,0.0189456939697266,4120,0.00332069396972656,4120,0.0162115097045898,4120,0.0217580795288086,4120,0.0188674926757812
4130,0.00667953491210938,4130,0.0141019821166992,4130,-0.0249605178833008,4130,-0.0120706558227539,4130,0.00980472564697266,4130,0.0163669586181641,4130,0.0161333084106445,4130,0.0198831558227539,4130,0.0183982849121094,4130,0.00910186767578125,4130,-0.0321483612060547,4130,0.0173044204711914,4130,0.017460823059082,4130,-10.0780458450317,4130,0.00378894805908203,4130,-9.19538688659668,4130,0.0112113952636719,4130,-10.0335149765015,4130,0.0107421875,4130,0.0189456939697266,4130,0.00332069396972656,4130,0.0162115097045898,4130,0.0217580795288086,4130,0.0188674926757812
4140,0.00675773620605469,4140,0.0141801834106445,4140,-0.0249605178833008,4140,-0.011836051940918,4140,0.00980472564697266,4140,0.0163669586181641,4140,0.0161333084106445,4140,0.0199613571166992,4140,0.0183982849121094,4140,0.00910186767578125,4140,-0.0321483612060547,4140,0.0173044204711914,4140,0.0175390243530273,4140,-10.0781240463257,4140,0.00386714935302734,4140,-9.19374561309814,4140,0.0112113952636719,4140,-10.0325775146484,4140,0.0107421875,4140,0.0189456939697266,4140,0.00332069396972656,4140,0.0162115097045898,4140,0.0217580795288086,4140,0.0188674926757812
4150,0.00675773620605469,4150,0.0141801834106445,4150,-0.0250387191772461,4150,-0.0116796493530273,4150,0.00980472564697266,4150,0.0163669586181641,4150,0.0161333084106445,4150,0.0199613571166992,4150,0.0183982849121094,4150,0.00918006896972656,4150,-0.0321483612060547,4150,0.0173044204711914,4150,0.0175390243530273,4150,-10.0770301818848,4150,0.00386714935302734,4150,-9.19288635253906,4150,0.0112113952636719,4150,-10.0322647094727,4150,0.0107421875,4150,0.0189456939697266,4150,0.00332069396972656,4150,0.0162115097045898,4150,0.0217580795288086,4150,0.0187892913818359
4160,0.00675773620605469,4160,0.0141801834106445,4160,-0.0250387191772461,4160,-0.0115232467651367,4160,0.00980472564697266,4160,0.0163669586181641,4160,0.0161333084106445,4160,0.0199613571166992,4160,0.0183200836181641,4160,0.00925827026367188,4160,-0.0321483612060547,4160,0.0173044204711914,4160,0.0175390243530273,4160,-10.0763273239136,4160,0.00386714935302734,4160,-9.18741798400879,4160,0.0112113952636719,4160,-10.0315618515015,4160,0.0108203887939453,4160,0.0189456939697266,4160,0.00332069396972656,4160,0.0162115097045898,4160,0.0218362808227539,4160,0.0187892913818359
4170,0.00675773620605469,4170,0.0141801834106445,4170,-0.0251169204711914,4170,-0.0113668441772461,4170,0.00980472564697266,4170,0.0163669586181641,4170,0.0161333084106445,4170,0.0200395584106445,4170,0.0183200836181641,4170,0.00925827026367188,4170,-0.0321483612060547,4170,0.0173044204711914,4170,0.0175390243530273,4170,-10.0771865844727,4170,0.00386714935302734,4170,-9.19734001159668,4170,0.0112113952636719,4170,-10.0314836502075,4170,0.0108203887939453,4170,0.0189456939697266,4170,0.00332069396972656,4170,0.0162115097045898,4170,0.0218362808227539,4170,0.0187892913818359
4180,0.00675773620605469,4180,0.0141801834106445,4180,-0.0251169204711914,4180,-0.0112113952636719,4180,0.00980472564697266,4180,0.0163669586181641,4180,0.0161333084106445,4180,0.0200395584106445,4180,0.0183200836181641,4180,0.00933647155761719,4180,-0.0320701599121094,4180,0.0173044204711914,4180,0.0175390243530273,4180,-10.0767955780029,4180,0.00386714935302734,4180,-9.18944931030273,4180,0.0112895965576172,4180,-10.0306243896484,4180,0.0108203887939453,4180,0.0189456939697266,4180,0.00332069396972656,4180,0.0162115097045898,4180,0.0218362808227539,4180,0.0187892913818359
4190,0.00675773620605469,4190,0.0141801834106445,4190,-0.0251169204711914,4190,-0.0109767913818359,4190,0.00980472564697266,4190,0.0164451599121094,4190,0.0162115097045898,4190,0.0200395584106445,4190,0.0182418823242188,4190,0.00941371917724609,4190,-0.0320701599121094,4190,0.0173044204711914,4190,0.0175390243530273,4190,-10.0770301818848,4190,0.00386714935302734,4190,-9.19546508789062,4190,0.0112895965576172,4190,-10.0301551818848,4190,0.0108203887939453,4190,0.0189456939697266,4190,0.00332069396972656,4190,0.0162115097045898,4190,0.0218362808227539,4190,0.0187892913818359
4200,0.0068359375,4200,0.0141801834106445,4200,-0.0251951217651367,4200,-0.0108203887939453,4200,0.00980472564697266,4200,0.0164451599121094,4200,0.0162115097045898,4200,0.0200395584106445,4200,0.0182418823242188,4200,0.00941371917724609,4200,-0.0320701599121094,4200,0.0173044204711914,4200,0.0175390243530273,4200,-10.0768737792969,4200,0.00394535064697266,4200,-9.18999576568604,4200,0.0112895965576172,4200,-10.0296869277954,4200,0.0108203887939453,4200,0.0189456939697266,4200,0.00332069396972656,4200,0.0161333084106445,4200,0.0218362808227539,4200,0.0187110900878906
4210,0.0068359375,4210,0.0141801834106445,4210,-0.0251951217651367,4210,-0.0106639862060547,4210,0.00980472564697266,4210,0.0164451599121094,4210,0.0162115097045898,4210,0.0201177597045898,4210,0.0182418823242188,4210,0.00949192047119141,4210,-0.0320701599121094,4210,0.0173044204711914,4210,0.0175390243530273,4210,-10.0765619277954,4210,0.00394535064697266,4210,-9.18655776977539,4210,0.0112895965576172,4210,-10.0291395187378,4210,0.0108985900878906,4210,0.0189456939697266,4210,0.00332069396972656,4210,0.0161333084106445,4210,0.0218362808227539,4210,0.0187110900878906
4220,0.0068359375,4220,0.0141801834106445,4220,-0.0251951217651367,4220,-0.0105075836181641,4220,0.00980472564697266,4220,0.0164451599121094,4220,0.0162115097045898,4220,0.0201177597045898,4220,0.0182418823242188,4220,0.00957012176513672,4220,-0.0320701599121094,4220,0.0173044204711914,4220,0.0175390243530273,4220,-10.0783586502075,4220,0.00394535064697266,4220,-9.23374557495117,4220,0.0112895965576172,4220,-10.0309362411499,4220,0.0108985900878906,4220,0.0189456939697266,4220,0.00332069396972656,4220,0.0162115097045898,4220,0.0218362808227539,4220,0.0187110900878906
4230,0.0068359375,4230,0.0141801834106445,4230,-0.0251951217651367,4230,-0.0103511810302734,4230,0.00980472564697266,4230,0.0164451599121094,4230,0.0162115097045898,4230,0.0201177597045898,4230,0.0181646347045898,4230,0.00957012176513672,4230,-0.0319919586181641,4230,0.0173044204711914,4230,0.0175390243530273,4230,-10.0749988555908,4230,0.00394535064697266,4230,-9.17046451568604,4230,0.0112895965576172,4230,-10.0256242752075,4230,0.0108985900878906,4230,0.0189456939697266,4230,0.00332069396972656,4230,0.0162115097045898,4230,0.0218362808227539,4230,0.0187110900878906
4240,-0.0132417678833008,4240,0.00378894805908203,4240,-0.0297269821166992,4240,-0.0193357467651367,4240,-3.91006469726562e-05,4240,-0.00191402435302734,4240,-0.00222682952880859,4240,0.00402355194091797,4240,0.00636768341064453,4240,-0.0119142532348633,4240,-0.052851676940918,4240,0.00761699676513672,4240,-0.00199222564697266,4240,-8.70382213592529,4240,-0.0180082321166992,4240,-3.64544343948364,4240,-0.00777339935302734,4240,-6.71170520782471,4240,-0.00730514526367188,4240,0.0104293823242188,4240,-0.0173044204711914,4240,0.0048828125,4240,-0.000351905822753906,4240,0.0132427215576172
4250,-0.0114450454711914,4250,0.00371074676513672,4250,-0.0298051834106445,4250,-0.0170707702636719,4250,0.000117301940917969,4250,-0.00183582305908203,4250,-0.00214862823486328,4250,0.00410175323486328,4250,0.00644493103027344,4250,-0.0116796493530273,4250,-0.0505075454711914,4250,0.00777339935302734,4250,-0.000117301940917969,4250,-8.89905738830566,4250,-0.0159769058227539,4250,-3.84927225112915,4250,-0.00582027435302734,4250,-6.95084667205811,4250,-0.00582027435302734,4250,0.0105075836181641,4250,-0.0155858993530273,4250,0.0048828125,4250,-3.91006469726562e-05,4250,0.0133981704711914
4260,-0.0102729797363281,4260,0.00363254547119141,4260,-0.0298051834106445,4260,-0.015507698059082,4260,0.000195503234863281,4260,-0.00167942047119141,4260,-0.00214862823486328,4260,0.00410175323486328,4260,0.00644493103027344,4260,-0.0114450454711914,4260,-0.0487890243530273,4260,0.00785160064697266,4260,0.00121116638183594,4260,-9.10468292236328,4260,-0.0145702362060547,4260,-4.05856990814209,4260,-0.00449180603027344,4260,-7.16108179092407,4260,-0.00464820861816406,4260,0.0105857849121094,4260,-0.0143356323242188,4260,0.00496101379394531,4260,0.000273704528808594,4260,0.0134763717651367
4270,-0.00933551788330078,4270,0.00363254547119141,4270,-0.0298824310302734,4270,-0.0144138336181641,4270,0.000351905822753906,4270,-0.00160121917724609,4270,-0.00207042694091797,4270,0.00410175323486328,4270,0.00652313232421875,4270,-0.0112113952636719,4270,-0.0476169586181641,4270,0.00792980194091797,4270,0.00214862823486328,4270,-9.29749584197998,4270,-0.0136327743530273,4270,-4.26005506515503,4270,-0.00355434417724609,4270,-7.35842609405518,4270,-0.00363254547119141,4270,0.0107421875,4270,-0.0134763717651367,4270,0.00496101379394531,4270,0.000585556030273438,4270,0.0136327743530273
4280,-0.00855445861816406,4280,0.00355434417724609,4280,-0.0298824310302734,4280,-0.0137109756469727,4280,0.000430107116699219,4280,-0.00144481658935547,4280,-0.00199222564697266,4280,0.00417995452880859,4280,0.00660133361816406,4280,-0.0109767913818359,4280,-0.0466794967651367,4280,0.00800800323486328,4280,0.0029296875,4280,-9.482497215271,4280,-0.0128517150878906,4280,-4.45279026031494,4280,-0.00277328491210938,4280,-7.54350519180298,4280,-0.00277328491210938,4280,0.0108203887939453,4280,-0.0127735137939453,4280,0.00503921508789062,4280,0.000820159912109375,4280,0.0137109756469727
4290,-0.00785160064697266,4290,0.00347614288330078,4290,-0.0299606323242188,4290,-0.0130863189697266,4290,0.000585556030273438,4290,-0.00136756896972656,4290,-0.00199222564697266,4290,0.00417995452880859,4290,0.00660133361816406,4290,-0.0108203887939453,4290,-0.0459766387939453,4290,0.00800800323486328,4290,0.00355434417724609,4290,-9.65101337432861,4290,-0.0122261047363281,4290,-4.62740039825439,4290,-0.00222682952880859,4290,-7.71569347381592,4290,-0.00199222564697266,4290,0.0108985900878906,4290,-0.0122261047363281,4290,0.00503921508789062,4290,0.00113296508789062,4290,0.0138673782348633
4300,-0.00730514526367188,4300,0.00339889526367188,4300,-0.0300388336181641,4300,-0.0126171112060547,4300,0.00066375732421875,4300,-0.00128936767578125,4300,-0.00191402435302734,4300,0.00417995452880859,4300,0.00667953491210938,4300,-0.0105857849121094,4300,-0.0453519821166992,4300,0.00808620452880859,4300,0.00402355194091797,4300,-9.79874801635742,4300,-0.0116796493530273,4300,-4.79466676712036,4300,-0.00175762176513672,4300,-7.87639713287354,4300,-0.00128936767578125,4300,0.0110549926757812,4300,-0.0117578506469727,4300,0.00503921508789062,4300,0.00136756896972656,4300,0.0139455795288086
4310,-0.0068359375,4310,0.00332069396972656,4310,-0.0301952362060547,4310,-0.0121488571166992,4310,0.000741958618164062,4310,-0.00121116638183594,4310,-0.00191402435302734,4310,0.00417995452880859,4310,0.00675773620605469,4310,-0.0104293823242188,4310,-0.0448827743530273,4310,0.00808620452880859,4310,0.00449180603027344,4310,-9.9240608215332,4310,-0.0112113952636719,4310,-4.94177675247192,4310,-0.00144481658935547,4310,-8.02663230895996,4310,-0.00066375732421875,4310,0.0111331939697266,4310,-0.0113668441772461,4310,0.00511741638183594,4310,0.00152301788330078,4310,0.0140237808227539
4320,-0.00644493103027344,4320,0.00324249267578125,4320,-0.0302734375,4320,-0.0117578506469727,4320,0.000820159912109375,4320,-0.00113296508789062,4320,-0.00183582305908203,4320,0.00417995452880859,4320,0.00675773620605469,4320,-0.0102729797363281,4320,-0.0444145202636719,4320,0.00816440582275391,4320,0.0048828125,4320,-10.0296087265015,4320,-0.0108203887939453,4320,-5.07966756820679,4320,-0.00113296508789062,4320,-8.16131973266602,4320,-0.000117301940917969,4320,0.0112113952636719,4320,-0.0110549926757812,4320,0.00511741638183594,4320,0.00175762176513672,4320,0.0141019821166992
4330,-0.00613307952880859,4330,0.00316429138183594,4330,-0.0303516387939453,4330,-0.0113668441772461,4330,0.000898361206054688,4330,-0.00105476379394531,4330,-0.00183582305908203,4330,0.00417995452880859,4330,0.0068359375,4330,-0.0101175308227539,4330,-0.0440235137939453,4330,0.00816440582275391,4330,0.00527381896972656,4330,-10.1109371185303,4330,-0.0104293823242188,4330,-5.2110743522644,4330,-0.000820159912109375,4330,-8.29952335357666,4330,0.000351905822753906,4330,0.0112895965576172,4330,-0.0107421875,4330,0.00511741638183594,4330,0.00199222564697266,4330,0.0141801834106445
4340,-0.00589847564697266,4340,0.00308609008789062,4340,-0.0304298400878906,4340,-0.0110549926757812,4340,0.0009765625,4340,-0.0009765625,4340,-0.00175762176513672,4340,0.00425815582275391,4340,0.00691413879394531,4340,-0.00996112823486328,4340,-0.0437107086181641,4340,0.00816440582275391,4340,0.00558567047119141,4340,-10.1296091079712,4340,-0.0101957321166992,4340,-5.32466840744019,4340,-0.000585556030273438,4340,-8.41897773742676,4340,0.000741958618164062,4340,0.0113668441772461,4340,-0.0104293823242188,4340,0.00519561767578125,4340,0.00214862823486328,4340,0.0142574310302734
4350,-0.00566387176513672,4350,0.00308609008789062,4350,-0.0305080413818359,4350,-0.0107421875,4350,0.00105476379394531,4350,-0.000898361206054688,4350,-0.00175762176513672,4350,0.00425815582275391,4350,0.00691413879394531,4350,-0.00988292694091797,4350,-0.0433988571166992,4350,0.00816440582275391,4350,0.00582027435302734,4350,-10.1335935592651,4350,-0.00988292694091797,4350,-5.43779420852661,4350,-0.000351905822753906,4350,-8.53007125854492,4350,0.00105476379394531,4350,0.0114450454711914,4350,-0.0101957321166992,4350,0.00519561767578125,4350,0.00238323211669922,4350,0.0143356323242188
4360,-0.00542926788330078,4360,0.00300788879394531,4360,-0.0305862426757812,4360,-0.0104293823242188,4360,0.00113296508789062,4360,-0.000820159912109375,4360,-0.00167942047119141,4360,0.00425815582275391,4360,0.00699234008789062,4360,-0.00972652435302734,4360,-0.043086051940918,4360,0.00816440582275391,4360,0.00613307952880859,4360,-10.1353902816772,4360,-0.00964832305908203,4360,-5.54935693740845,4360,-0.000117301940917969,4360,-8.6338996887207,4360,0.00136756896972656,4360,0.0115232467651367,4360,-0.00996112823486328,4360,0.00519561767578125,4360,0.00253868103027344,4360,0.0144138336181641
4370,-0.00527381896972656,4370,0.00300788879394531,4370,-0.0306644439697266,4370,-0.0101957321166992,4370,0.00113296508789062,4370,-0.000741958618164062,4370,-0.00160121917724609,4370,0.00425815582275391,4370,0.00707054138183594,4370,-0.00957012176513672,4370,-0.042851448059082,4370,0.00816440582275391,4370,0.00636768341064453,4370,-10.1362495422363,4370,-0.00941371917724609,4370,-5.65404462814331,4370,0.000117301940917969,4370,-8.7310094833374,4370,0.00167942047119141,4370,0.011601448059082,4370,-0.00972652435302734,4370,0.00527381896972656,4370,0.00277328491210938,4370,0.0144920349121094
4380,-0.00511741638183594,4380,0.00300788879394531,4380,-0.0307426452636719,4380,-0.00996112823486328,4380,0.00121116638183594,4380,-0.00066375732421875,4380,-0.00160121917724609,4380,0.00433635711669922,4380,0.00707054138183594,4380,-0.00949192047119141,4380,-0.0426168441772461,4380,0.00816440582275391,4380,0.00652313232421875,4380,-10.1367177963257,4380,-0.00925827026367188,4380,-5.75287342071533,4380,0.000273704528808594,4380,-8.82929134368896,4380,0.00191402435302734,4380,0.0116796493530273,4380,-0.00949192047119141,4380,0.00527381896972656,4380,0.0029296875,4380,0.0145702362060547
4390,-0.00503921508789062,4390,0.00300788879394531,4390,-0.0308208465576172,4390,-0.00980472564697266,4390,0.00121116638183594,4390,-0.000585556030273438,4390,-0.00152301788330078,4390,0.00433635711669922,4390,0.00714874267578125,4390,-0.00941371917724609,4390,-0.0424613952636719,4390,0.00816440582275391,4390,0.00675773620605469,4390,-10.1393747329712,4390,-0.00902366638183594,4390,-5.83896732330322,4390,0.000430107116699219,4390,-8.90999507904053,4390,0.00214862823486328,4390,0.0116796493530273,4390,-0.00933551788330078,4390,0.00527381896972656,4390,0.00316429138183594,4390,0.0146484375
4400,-0.0048828125,4400,0.00300788879394531,4400,-0.0308980941772461,4400,-0.00957012176513672,4400,0.00128936767578125,4400,-0.000507354736328125,4400,-0.00152301788330078,4400,0.00433635711669922,4400,0.00714874267578125,4400,-0.00925827026367188,4400,-0.0422267913818359,4400,0.00816440582275391,4400,0.00691413879394531,4400,-10.1391401290894,4400,-0.00886726379394531,4400,-5.92263984680176,4400,0.000585556030273438,4400,-8.98960399627686,4400,0.00230503082275391,4400,0.0117578506469727,4400,-0.00918006896972656,4400,0.00527381896972656,4400,0.00339889526367188,4400,0.0146484375
4410,-0.00480461120605469,4410,0.00300788879394531,4410,-0.0308980941772461,4410,-0.00941371917724609,4410,0.00128936767578125,4410,-0.000507354736328125,4410,-0.00144481658935547,4410,0.00433635711669922,4410,0.00722694396972656,4410,-0.00918006896972656,4410,-0.0420703887939453,4410,0.00816440582275391,4410,0.00707054138183594,4410,-10.1393747329712,4410,-0.00871086120605469,4410,-5.99615573883057,4410,0.000741958618164062,4410,-9.06304168701172,4410,0.00253868103027344,4410,0.011836051940918,4410,-0.00902366638183594,4410,0.00527381896972656,4410,0.00355434417724609,4410,0.0147266387939453
4420,-0.00464820861816406,4420,0.00308609008789062,4420,-0.0308980941772461,4420,-0.00925827026367188,4420,0.00128936767578125,4420,-0.000430107116699219,4420,-0.00144481658935547,4420,0.00433635711669922,4420,0.00722694396972656,4420,-0.00910186767578125,4420,-0.0419139862060547,4420,0.00816440582275391,4420,0.00722694396972656,4420,-10.1405458450317,4420,-0.00855445861816406,4420,-6.07170248031616,4420,0.000820159912109375,4420,-9.13179206848145,4420,0.00269508361816406,4420,0.011836051940918,4420,-0.00886726379394531,4420,0.00527381896972656,4420,0.00378894805908203,4420,0.0147266387939453
4430,-0.00457000732421875,4430,0.00316429138183594,4430,-0.0309762954711914,4430,-0.00910186767578125,4430,0.00136756896972656,4430,-0.000351905822753906,4430,-0.00136756896972656,4430,0.00433635711669922,4430,0.00730514526367188,4430,-0.00894546508789062,4430,-0.0417575836181641,4430,0.00816440582275391,4430,0.00730514526367188,4430,-10.1407804489136,4430,-0.00839805603027344,4430,-6.14131212234497,4430,0.0009765625,4430,-9.19413661956787,4430,0.00285148620605469,4430,0.0119142532348633,4430,-0.0087890625,4430,0.00535202026367188,4430,0.00402355194091797,4430,0.0148048400878906
4440,-0.00449180603027344,4440,0.00316429138183594,4440,-0.0309762954711914,4440,-0.00902366638183594,4440,0.00136756896972656,4440,-0.000273704528808594,4440,-0.00128936767578125,4440,0.00441455841064453,4440,0.00730514526367188,4440,-0.00886726379394531,4440,-0.0416021347045898,4440,0.00816440582275391,4440,0.00746059417724609,4440,-10.1415615081787,4440,-0.00831985473632812,4440,-6.20842218399048,4440,0.00105476379394531,4440,-9.25569915771484,4440,0.00300788879394531,4440,0.0119142532348633,4440,-0.00863265991210938,4440,0.00535202026367188,4440,0.00425815582275391,4440,0.0148830413818359
4450,-0.00433635711669922,4450,0.00324249267578125,4450,-0.0309762954711914,4450,-0.00886726379394531,4450,0.00136756896972656,4450,-0.000273704528808594,4450,-0.00128936767578125,4450,0.00441455841064453,4450,0.00738334655761719,4450,-0.0087890625,4450,-0.0415239334106445,4450,0.00824260711669922,4450,0.00753879547119141,4450,-10.1408586502075,4450,-0.00816440582275391,4450,-6.27092218399048,4450,0.00121116638183594,4450,-9.30827713012695,4450,0.00316429138183594,4450,0.0119924545288086,4450,-0.00855445861816406,4450,0.00535202026367188,4450,0.00449180603027344,4450,0.0148830413818359
4460,-0.00425815582275391,4460,0.00332069396972656,4460,-0.0308980941772461,4460,-0.00871086120605469,4460,0.00136756896972656,4460,-0.000195503234863281,4460,-0.00121116638183594,4460,0.00441455841064453,4460,0.00746059417724609,4460,-0.00871086120605469,4460,-0.0413675308227539,4460,0.00824260711669922,4460,0.00769519805908203,4460,-10.1417961120605,4460,-0.00800800323486328,4460,-6.33068799972534,4460,0.00128936767578125,4460,-9.36023044586182,4460,0.00332069396972656,4460,0.0119924545288086,4460,-0.00847625732421875,4460,0.00535202026367188,4460,0.00472640991210938,4460,0.0149612426757812
4470,-0.00410175323486328,4470,0.00339889526367188,4470,-0.0308980941772461,4470,-0.00863265991210938,4470,0.00136756896972656,4470,-0.000195503234863281,4470,-0.00121116638183594,4470,0.00441455841064453,4470,0.00746059417724609,4470,-0.00863265991210938,4470,-0.0412893295288086,4470,0.00824260711669922,4470,0.00777339935302734,4470,-10.1420307159424,4470,-0.00792980194091797,4470,-6.38521957397461,4470,0.00136756896972656,4470,-9.40718460083008,4470,0.00347614288330078,4470,0.0119924545288086,4470,-0.00839805603027344,4470,0.00535202026367188,4470,0.0048828125,4470,0.0149612426757812
4480,-0.00402355194091797,4480,0.00347614288330078,4480,-0.0308208465576172,4480,-0.00847625732421875,4480,0.00136756896972656,4480,-0.000117301940917969,4480,-0.00113296508789062,4480,0.00441455841064453,4480,0.00753879547119141,4480,-0.00855445861816406,4480,-0.041132926940918,4480,0.00824260711669922,4480,0.00785160064697266,4480,-10.1423435211182,4480,-0.00785160064697266,4480,-6.44084453582764,4480,0.00144577026367188,4480,-9.45109081268311,4480,0.00355434417724609,4480,0.0119924545288086,4480,-0.00831985473632812,4480,0.00535202026367188,4480,0.00511741638183594,4480,0.0150394439697266
4490,-0.00394535064697266,4490,0.00355434417724609,4490,-0.0308208465576172,4490,-0.00839805603027344,4490,0.00144577026367188,4490,-3.91006469726562e-05,4490,-0.00113296508789062,4490,0.00449180603027344,4490,0.00753879547119141,4490,-0.00847625732421875,4490,-0.0410547256469727,4490,0.00824260711669922,4490,0.00792980194091797,4490,-10.1421089172363,4490,-0.00769519805908203,4490,-6.49170398712158,4490,0.00152301788330078,4490,-9.49116897583008,4490,0.00371074676513672,4490,0.0120706558227539,4490,-0.00824260711669922,4490,0.00535202026367188,4490,0.00535202026367188,4490,0.0150394439697266
4500,-0.00386714935302734,4500,0.00355434417724609,4500,-0.0307426452636719,4500,-0.00824260711669922,4500,0.00136756896972656,4500,-3.91006469726562e-05,4500,-0.00105476379394531,4500,0.00449180603027344,4500,0.00761699676513672,4500,-0.00839805603027344,4500,-0.040898323059082,4500,0.00824260711669922,4500,0.00800800323486328,4500,-10.1428117752075,4500,-0.00761699676513672,4500,-6.53740787506104,4500,0.00167942047119141,4500,-9.52968502044678,4500,0.00378894805908203,4500,0.0120706558227539,4500,-0.00808620452880859,4500,0.00543022155761719,4500,0.00558567047119141,4500,0.0150394439697266
4510,-0.00371074676513672,4510,0.00363254547119141,4510,-0.0306644439697266,4510,-0.00816440582275391,4510,0.00144577026367188,4510,3.91006469726562e-05,4510,-0.00105476379394531,4510,0.00449180603027344,4510,0.00761699676513672,4510,-0.00839805603027344,4510,-0.0408201217651367,4510,0.00824260711669922,4510,0.00808620452880859,4510,-10.1428899765015,4510,-0.00753879547119141,4510,-6.58279848098755,4510,0.00175762176513672,4510,-9.56343460083008,4510,0.00386714935302734,4510,0.0120706558227539,4510,-0.00800800323486328,4510,0.00543022155761719,4510,0.00582027435302734,4510,0.0151176452636719
4520,-0.00363254547119141,4520,0.00371074676513672,4520,-0.0305862426757812,4520,-0.00808620452880859,4520,0.00144577026367188,4520,3.91006469726562e-05,4520,-0.0009765625,4520,0.00457000732421875,4520,0.00769519805908203,4520,-0.00831985473632812,4520,-0.0407419204711914,4520,0.00824260711669922,4520,0.00816440582275391,4520,-10.1435146331787,4520,-0.00746059417724609,4520,-6.62498569488525,4520,0.00183582305908203,4520,-9.59601306915283,4520,0.00394535064697266,4520,0.0120706558227539,4520,-0.00792980194091797,4520,0.00543022155761719,4520,0.00605487823486328,4520,0.0151176452636719
4530,-0.00355434417724609,4530,0.00378894805908203,4530,-0.0305862426757812,4530,-0.00800800323486328,4530,0.00144577026367188,4530,0.000117301940917969,4530,-0.0009765625,4530,0.00457000732421875,4530,0.00769519805908203,4530,-0.00824260711669922,4530,-0.0406637191772461,4530,0.00832080841064453,4530,0.00824260711669922,4530,-10.1430463790894,4530,-0.00738239288330078,4530,-6.66514253616333,4530,0.00191402435302734,4530,-9.62609100341797,4530,0.00410175323486328,4530,0.0120706558227539,4530,-0.00792980194091797,4530,0.00543022155761719,4530,0.00628948211669922,4530,0.0151176452636719
4540,-0.00347614288330078,4540,0.00386714935302734,4540,-0.0304298400878906,4540,-0.00792980194091797,4540,0.00144577026367188,4540,0.000117301940917969,4540,-0.000898361206054688,4540,0.00457000732421875,4540,0.00777339935302734,4540,-0.00816440582275391,4540,-0.0405864715576172,4540,0.00832080841064453,4540,0.00824260711669922,4540,-10.1423435211182,4540,-0.00730514526367188,4540,-6.70061111450195,4540,0.00199222564697266,4540,-9.65226364135742,4540,0.00417995452880859,4540,0.0121488571166992,4540,-0.00785160064697266,4540,0.00543022155761719,4540,0.00652313232421875,4540,0.0151958465576172
4550,-0.00347614288330078,4550,0.00394535064697266,4550,-0.0303516387939453,4550,-0.00785160064697266,4550,0.00144577026367188,4550,0.000117301940917969,4550,-0.000898361206054688,4550,0.00464820861816406,4550,0.00777339935302734,4550,-0.00808620452880859,4550,-0.0405082702636719,4550,0.00832080841064453,4550,0.00832080841064453,4550,-10.1424989700317,4550,-0.00722694396972656,4550,-6.73615837097168,4550,0.00207042694091797,4550,-9.6771068572998,4550,0.00425815582275391,4550,0.0121488571166992,4550,-0.00777339935302734,4550,0.00543022155761719,4550,0.00675773620605469,4550,0.0151958465576172
4560,-0.00339794158935547,4560,0.00402355194091797,4560,-0.0302734375,4560,-0.00777339935302734,4560,0.00144577026367188,4560,0.000195503234863281,4560,-0.000820159912109375,4560,0.00464820861816406,4560,0.00785160064697266,4560,-0.00808620452880859,4560,-0.0404300689697266,4560,0.00832080841064453,4560,0.00839805603027344,4560,-10.1430463790894,4560,-0.00714874267578125,4560,-6.77272129058838,4560,0.00214862823486328,4560,-9.6999979019165,4560,0.00433635711669922,4560,0.0121488571166992,4560,-0.00769519805908203,4560,0.00543022155761719,4560,0.00699234008789062,4560,0.0151958465576172
4570,-0.00332069396972656,4570,0.00410175323486328,4570,-0.0301952362060547,4570,-0.00777339935302734,4570,0.00144577026367188,4570,0.000195503234863281,4570,-0.000820159912109375,4570,0.00472640991210938,4570,0.00785160064697266,4570,-0.00800800323486328,4570,-0.0403518676757812,4570,0.00832080841064453,4570,0.00839805603027344,4570,-10.1425771713257,4570,-0.00707054138183594,4570,-6.8075647354126,4570,0.00222682952880859,4570,-9.72265434265137,4570,0.00441455841064453,4570,0.0121488571166992,4570,-0.00761699676513672,4570,0.00543022155761719,4570,0.00714874267578125,4570,0.0152730941772461
4580,-0.00324249267578125,4580,0.00417995452880859,4580,-0.0301170349121094,4580,-0.00769519805908203,4580,0.00144577026367188,4580,0.000273704528808594,4580,-0.000741958618164062,4580,0.00480461120605469,4580,0.00792980194091797,4580,-0.00792980194091797,4580,-0.0402736663818359,4580,0.00832080841064453,4580,0.00847625732421875,4580,-10.1427335739136,4580,-0.00699234008789062,4580,-6.84303379058838,4580,0.00230503082275391,4580,-9.7396068572998,4580,0.00449180603027344,4580,0.0121488571166992,4580,-0.00753879547119141,4580,0.00543022155761719,4580,0.00738334655761719,4580,0.0152730941772461
4590,-0.00316429138183594,4590,0.00425815582275391,4590,-0.0300388336181641,4590,-0.00761699676513672,4590,0.00144577026367188,4590,0.000273704528808594,4590,-0.000741958618164062,4590,0.00480461120605469,4590,0.00792980194091797,4590,-0.00785160064697266,4590,-0.0401954650878906,4590,0.00832080841064453,4590,0.00855445861816406,4590,-10.1425771713257,4590,-0.00691413879394531,4590,-6.87295579910278,4590,0.00238323211669922,4590,-9.75702953338623,4590,0.00457000732421875,4590,0.0121488571166992,4590,-0.00746059417724609,4590,0.00543022155761719,4590,0.00761699676513672,4590,0.0152730941772461
4600,-0.00308609008789062,4600,0.00433635711669922,4600,-0.0298824310302734,4600,-0.00753879547119141,4600,0.00144577026367188,4600,0.000351905822753906,4600,-0.00066375732421875,4600,0.0048828125,4600,0.00792980194091797,4600,-0.00785160064697266,4600,-0.0401172637939453,4600,0.00832080841064453,4600,0.00855445861816406,4600,-10.1422653198242,4600,-0.00691413879394531,4600,-6.904128074646,4600,0.00246143341064453,4600,-9.77109146118164,4600,0.00464820861816406,4600,0.0121488571166992,4600,-0.00738239288330078,4600,0.00550746917724609,4600,0.00785160064697266,4600,0.0152730941772461
4610,-0.00308609008789062,4610,0.00441455841064453,4610,-0.0298051834106445,4610,-0.00746059417724609,4610,0.00152301788330078,4610,0.000351905822753906,4610,-0.00066375732421875,4610,0.0048828125,4610,0.00800800323486328,4610,-0.00777339935302734,4610,-0.0400390625,4610,0.00832080841064453,4610,0.00863265991210938,4610,-10.1432027816772,4610,-0.0068359375,4610,-6.93092441558838,4610,0.00246143341064453,4610,-9.78460693359375,4610,0.00464820861816406,4610,0.0121488571166992,4610,-0.00730514526367188,4610,0.00550746917724609,4610,0.00808620452880859,4610,0.0152730941772461
4620,-0.00300788879394531,4620,0.00449180603027344,4620,-0.0297269821166992,4620,-0.00746059417724609,4620,0.00152301788330078,4620,0.000351905822753906,4620,-0.000585556030273438,4620,0.00496101379394531,4620,0.00800800323486328,4620,-0.00777339935302734,4620,-0.0399608612060547,4620,0.00832080841064453,4620,0.00871086120605469,4620,-10.1424989700317,4620,-0.00675773620605469,4620,-6.95475292205811,4620,0.00253868103027344,4620,-9.7976541519165,4620,0.00472640991210938,4620,0.0121488571166992,4620,-0.00722694396972656,4620,0.00550746917724609,4620,0.00832080841064453,4620,0.0153512954711914
4630,-0.0029296875,4630,0.00457000732421875,4630,-0.0295705795288086,4630,-0.00738239288330078,4630,0.00152301788330078,4630,0.000430107116699219,4630,-0.000585556030273438,4630,0.00496101379394531,4630,0.00800800323486328,4630,-0.00769519805908203,4630,-0.0399608612060547,4630,0.00832080841064453,4630,0.00871086120605469,4630,-10.1421871185303,4630,-0.00667953491210938,4630,-6.97889375686646,4630,0.00261688232421875,4630,-9.80921649932861,4630,0.00480461120605469,4630,0.0122270584106445,4630,-0.00714874267578125,4630,0.00550746917724609,4630,0.00855445861816406,4630,0.0153512954711914
4640,-0.0029296875,4640,0.00464820861816406,4640,-0.0294923782348633,4640,-0.00738239288330078,4640,0.00152301788330078,4640,0.000430107116699219,4640,-0.000507354736328125,4640,0.00503921508789062,4640,0.00808620452880859,4640,-0.00761699676513672,4640,-0.0398826599121094,4640,0.00832080841064453,4640,0.0087890625,4640,-10.1433591842651,4640,-0.00667953491210938,4640,-7.00678443908691,4640,0.00269508361816406,4640,-9.82038879394531,4640,0.0048828125,4640,0.0122270584106445,4640,-0.00707054138183594,4640,0.00550746917724609,4640,0.00871086120605469,4640,0.0153512954711914
4650,-0.00285148620605469,4650,0.00472640991210938,4650,-0.029414176940918,4650,-0.00730514526367188,4650,0.00152301788330078,4650,0.000430107116699219,4650,-0.000507354736328125,4650,0.00503921508789062,4650,0.00808620452880859,4650,-0.00761699676513672,4650,-0.0398044586181641,4650,0.00832080841064453,4650,0.0087890625,4650,-10.1426553726196,4650,-0.00660133361816406,4650,-7.02889394760132,4650,0.00269508361816406,4650,-9.82976341247559,4650,0.00496101379394531,4650,0.0122270584106445,4650,-0.00699234008789062,4650,0.00550746917724609,4650,0.00894546508789062,4650,0.0153512954711914
4660,-0.00285148620605469,4660,0.00472640991210938,4660,-0.0293359756469727,4660,-0.00730514526367188,4660,0.00152301788330078,4660,0.000508308410644531,4660,-0.000430107116699219,4660,0.00511741638183594,4660,0.00816440582275391,4660,-0.00753879547119141,4660,-0.0397262573242188,4660,0.00832080841064453,4660,0.00886726379394531,4660,-10.1422653198242,4660,-0.00660133361816406,4660,-7.0512375831604,4660,0.00277328491210938,4660,-9.83945178985596,4660,0.00496101379394531,4660,0.0122270584106445,4660,-0.00699234008789062,4660,0.00550746917724609,4660,0.00918006896972656,4660,0.0153512954711914
4670,-0.00277328491210938,4670,0.00480461120605469,4670,-0.029179573059082,4670,-0.00722694396972656,4670,0.00152301788330078,4670,0.000508308410644531,4670,-0.000430107116699219,4670,0.00511741638183594,4670,0.00816440582275391,4670,-0.00753879547119141,4670,-0.0397262573242188,4670,0.00832080841064453,4670,0.00886726379394531,4670,-10.1440620422363,4670,-0.00652313232421875,4670,-7.08959722518921,4670,0.00285148620605469,4670,-9.91742038726807,4670,0.00503921508789062,4670,0.0122270584106445,4670,-0.00691413879394531,4670,0.00550746917724609,4670,0.00933647155761719,4670,0.0153512954711914
4680,-0.00277328491210938,4680,0.0048828125,4680,-0.0291013717651367,4680,-0.00722694396972656,4680,0.00152301788330078,4680,0.000508308410644531,4680,-0.000351905822753906,4680,0.00519561767578125,4680,0.00816440582275391,4680,-0.00746059417724609,4680,-0.0396490097045898,4680,0.00832080841064453,4680,0.00894546508789062,4680,-10.1432809829712,4680,-0.00644493103027344,4680,-7.0884256362915,4680,0.00285148620605469,4680,-9.85359191894531,4680,0.00511741638183594,4680,0.0122270584106445,4680,-0.0068359375,4680,0.00550746917724609,4680,0.00957012176513672,4680,0.0153512954711914
4690,-0.00269508361816406,4690,0.00496101379394531,4690,-0.0290231704711914,4690,-0.00714874267578125,4690,0.00152301788330078,4690,0.000585556030273438,4690,-0.000351905822753906,4690,0.00519561767578125,4690,0.00824260711669922,4690,-0.00746059417724609,4690,-0.0395708084106445,4690,0.00832080841064453,4690,0.00894546508789062,4690,-10.1435146331787,4690,-0.00644493103027344,4690,-7.10490989685059,4690,0.0029296875,4690,-9.8537483215332,4690,0.00511741638183594,4690,0.0122270584106445,4690,-0.0068359375,4690,0.00550746917724609,4690,0.00972652435302734,4690,0.0154294967651367
4700,-0.00269508361816406,4700,0.00496101379394531,4700,-0.0288677215576172,4700,-0.00714874267578125,4700,0.00160121917724609,4700,0.000585556030273438,4700,-0.000351905822753906,4700,0.00527381896972656,4700,0.00824260711669922,4700,-0.00738239288330078,4700,-0.0395708084106445,4700,0.00832080841064453,4700,0.00902366638183594,4700,-10.1430463790894,4700,-0.00636672973632812,4700,-7.12670660018921,4700,0.00300788879394531,4700,-9.86203002929688,4700,0.00519561767578125,4700,0.0122270584106445,4700,-0.00675773620605469,4700,0.00550746917724609,4700,0.00988292694091797,4700,0.0154294967651367
4710,-0.00261688232421875,4710,0.00503921508789062,4710,-0.0287895202636719,4710,-0.00707054138183594,4710,0.00160121917724609,4710,0.000585556030273438,4710,-0.000273704528808594,4710,0.00527381896972656,4710,0.00824260711669922,4710,-0.00738239288330078,4710,-0.0394926071166992,4710,0.00832080841064453,4710,0.00902366638183594,4710,-10.1436710357666,4710,-0.00628948211669922,4710,-7.14483165740967,4710,0.00308609008789062,4710,-9.87007617950439,4710,0.00527381896972656,4710,0.0122270584106445,4710,-0.00667953491210938,4710,0.00550746917724609,4710,0.0101175308227539,4710,0.0154294967651367
4720,-0.00261688232421875,4720,0.00511741638183594,4720,-0.0287113189697266,4720,-0.00699234008789062,4720,0.00160121917724609,4720,0.000585556030273438,4720,-0.000273704528808594,4720,0.00535202026367188,4720,0.00832080841064453,4720,-0.00730514526367188,4720,-0.0394144058227539,4720,0.00832080841064453,4720,0.00910186767578125,4720,-10.1434364318848,4720,-0.00628948211669922,4720,-7.16600370407104,4720,0.00308609008789062,4720,-9.87585735321045,4720,0.00527381896972656,4720,0.0122270584106445,4720,-0.00660133361816406,4720,0.00550746917724609,4720,0.0101957321166992,4720,0.0154294967651367
4730,-0.00246047973632812,4730,0.00519561767578125,4730,-0.0282421112060547,4730,-0.0068359375,4730,0.00160121917724609,4730,0.00066375732421875,4730,-0.000117301940917969,4730,0.00543022155761719,4730,0.00839805603027344,4730,-0.00714874267578125,4730,-0.039179801940918,4730,0.00832080841064453,4730,0.00910186767578125,4730,-10.1193742752075,4730,-0.00605487823486328,4730,-7.23998832702637,4730,0.00324249267578125,4730,-9.88796710968018,4730,0.00550746917724609,4730,-0.0116796493530273,4730,-0.00644493103027344,4730,0.00550746917724609,4730,0.0106639862060547,4730,0.0154294967651367
4740,-0.00238323211669922,4740,0.00527381896972656,4740,-0.0282421112060547,4740,-0.0068359375,4740,0.00160121917724609,4740,0.000741958618164062,4740,-0.000117301940917969,4740,0.00550746917724609,4740,0.00839805603027344,4740,-0.00714874267578125,4740,-0.039179801940918,4740,0.00832080841064453,4740,0.00925827026367188,4740,-10.1439838409424,4740,-0.00613307952880859,4740,-7.24522304534912,4740,0.00332069396972656,4740,-9.90109252929688,4740,0.00550746917724609,4740,0.0123043060302734,4740,-0.00644493103027344,4740,0.00558567047119141,4740,0.0108203887939453,4740,0.0154294967651367
4750,-0.00238323211669922,4750,0.00535202026367188,4750,-0.0281639099121094,4750,-0.00675773620605469,4750,0.00160121917724609,4750,0.000741958618164062,4750,-0.000117301940917969,4750,0.00550746917724609,4750,0.00839805603027344,4750,-0.00714874267578125,4750,-0.039179801940918,4750,0.00839805603027344,4750,0.00925827026367188,4750,-10.1431245803833,4750,-0.00605487823486328,4750,-7.25147247314453,4750,0.00332069396972656,4750,-9.90249824523926,4750,0.00558567047119141,4750,0.0123043060302734,4750,-0.00636672973632812,4750,0.00558567047119141,4750,0.0109767913818359,4750,0.015507698059082
4760,-0.00238323211669922,4760,0.00535202026367188,4760,-0.0280075073242188,4760,-0.00675773620605469,4760,0.00160121917724609,4760,0.000741958618164062,4760,-0.000117301940917969,4760,0.00550746917724609,4760,0.00847625732421875,4760,-0.00714874267578125,4760,-0.0391016006469727,4760,0.00839805603027344,4760,0.00933647155761719,4760,-10.1434364318848,4760,-0.00605487823486328,4760,-7.26295757293701,4760,0.00339889526367188,4760,-9.90859222412109,4760,0.00558567047119141,4760,0.0123043060302734,4760,-0.00636672973632812,4760,0.00558567047119141,4760,0.0110549926757812,4760,0.015507698059082
4770,-0.00230503082275391,4770,0.00543022155761719,4770,-0.0279293060302734,4770,-0.00667953491210938,4770,0.00160121917724609,4770,0.000741958618164062,4770,-3.91006469726562e-05,4770,0.00558567047119141,4770,0.00847625732421875,4770,-0.00707054138183594,4770,-0.0391016006469727,4770,0.00839805603027344,4770,0.00933647155761719,4770,-10.1436710357666,4770,-0.00597667694091797,4770,-7.27545738220215,4770,0.00339889526367188,4770,-9.91773319244385,4770,0.00566387176513672,4770,0.0123043060302734,4770,-0.00628948211669922,4770,0.00558567047119141,4770,0.0112113952636719,4770,0.015507698059082
4780,-0.00230503082275391,4780,0.00543022155761719,4780,-0.0278520584106445,4780,-0.00667953491210938,4780,0.00160121917724609,4780,0.000820159912109375,4780,-3.91006469726562e-05,4780,0.00558567047119141,4780,0.00855445861816406,4780,-0.00707054138183594,4780,-0.0390233993530273,4780,0.00839805603027344,4780,0.00933647155761719,4780,-10.1434364318848,4780,-0.00597667694091797,4780,-7.28756666183472,4780,0.00339889526367188,4780,-9.92453002929688,4780,0.00566387176513672,4780,0.0123043060302734,4780,-0.00628948211669922,4780,0.00558567047119141,4780,0.0112895965576172,4780,0.015507698059082
4790,-0.00230503082275391,4790,0.00550746917724609,4790,-0.0276956558227539,4790,-0.00660133361816406,4790,0.00160121917724609,4790,0.000820159912109375,4790,-3.91006469726562e-05,4790,0.00566387176513672,4790,0.00855445861816406,4790,-0.00707054138183594,4790,-0.0390233993530273,4790,0.00839805603027344,4790,0.00941371917724609,4790,-10.1438274383545,4790,-0.00589847564697266,4790,-7.29850387573242,4790,0.00347614288330078,4790,-9.92687320709229,4790,0.00574207305908203,4790,0.0123043060302734,4790,-0.00621128082275391,4790,0.00558567047119141,4790,0.0113668441772461,4790,0.015507698059082
4800,-0.00222682952880859,4800,0.00550746917724609,4800,-0.0276174545288086,4800,-0.00660133361816406,4800,0.00160121917724609,4800,0.000820159912109375,4800,3.91006469726562e-05,4800,0.00566387176513672,4800,0.00855445861816406,4800,-0.00699234008789062,4800,-0.038945198059082,4800,0.00839805603027344,4800,0.00941371917724609,4800,-10.1439838409424,4800,-0.00589847564697266,4800,-7.30811357498169,4800,0.00347614288330078,4800,-9.92890453338623,4800,0.00574207305908203,4800,0.0123043060302734,4800,-0.00621128082275391,4800,0.00558567047119141,4800,0.0115232467651367,4800,0.015507698059082
4810,-0.00222682952880859,4810,0.00558567047119141,4810,-0.0275392532348633,4810,-0.00652313232421875,4810,0.00167942047119141,4810,0.000820159912109375,4810,3.91006469726562e-05,4810,0.00566387176513672,4810,0.00863265991210938,4810,-0.00699234008789062,4810,-0.038945198059082,4810,0.00847625732421875,4810,0.00941371917724609,4810,-10.1425771713257,4810,-0.00589847564697266,4810,-7.32412910461426,4810,0.00347614288330078,4810,-9.93999862670898,4810,0.00582027435302734,4810,0.0123043060302734,4810,-0.00621128082275391,4810,0.00558567047119141,4810,0.011601448059082,4810,0.015507698059082
4820,-0.00222682952880859,4820,0.00558567047119141,4820,-0.027461051940918,4820,-0.00652313232421875,4820,0.00167942047119141,4820,0.000820159912109375,4820,3.91006469726562e-05,4820,0.00574207305908203,4820,0.00863265991210938,4820,-0.00699234008789062,4820,-0.0388669967651367,4820,0.00847625732421875,4820,0.00949192047119141,4820,-10.1432809829712,4820,-0.00582027435302734,4820,-7.33514499664307,4820,0.00347614288330078,4820,-9.93734264373779,4820,0.00582027435302734,4820,0.0123043060302734,4820,-0.00613307952880859,4820,0.00558567047119141,4820,0.0116796493530273,4820,0.015507698059082
4830,-0.00222682952880859,4830,0.00566387176513672,4830,-0.0273828506469727,4830,-0.00644493103027344,4830,0.00167942047119141,4830,0.000898361206054688,4830,0.000117301940917969,4830,0.00574207305908203,4830,0.00863265991210938,4830,-0.00691413879394531,4830,-0.0388669967651367,4830,0.00847625732421875,4830,0.00949192047119141,4830,-10.1429681777954,4830,-0.00582027435302734,4830,-7.35147285461426,4830,0.00355434417724609,4830,-9.93921756744385,4830,0.00582027435302734,4830,0.0123043060302734,4830,-0.00613307952880859,4830,0.00558567047119141,4830,0.0117578506469727,4830,0.015507698059082
4840,-0.00214862823486328,4840,0.00566387176513672,4840,-0.027226448059082,4840,-0.00644493103027344,4840,0.00167942047119141,4840,0.000898361206054688,4840,0.000117301940917969,4840,0.00574207305908203,4840,0.00863265991210938,4840,-0.00691413879394531,4840,-0.0387887954711914,4840,0.00847625732421875,4840,0.00949192047119141,4840,-10.1426553726196,4840,-0.00574207305908203,4840,-7.36686420440674,4840,0.00355434417724609,4840,-9.94562339782715,4840,0.00589847564697266,4840,0.0123043060302734,4840,-0.00613307952880859,4840,0.00558567047119141,4840,0.011836051940918,4840,0.015507698059082
4850,-0.00214862823486328,4850,0.00574207305908203,4850,-0.0271482467651367,4850,-0.00636672973632812,4850,0.00175762176513672,4850,0.000898361206054688,4850,0.000117301940917969,4850,0.00582027435302734,4850,0.00871086120605469,4850,-0.00691413879394531,4850,-0.0387887954711914,4850,0.00847625732421875,4850,0.00957012176513672,4850,-10.1427335739136,4850,-0.00574207305908203,4850,-7.37342643737793,4850,0.00355434417724609,4850,-9.94671726226807,4850,0.00589847564697266,4850,0.0123043060302734,4850,-0.00605487823486328,4850,0.00558567047119141,4850,0.0119142532348633,4850,0.015507698059082
4860,-0.00214862823486328,4860,0.00574207305908203,4860,-0.0270700454711914,4860,-0.00636672973632812,4860,0.00175762176513672,4860,0.000898361206054688,4860,0.000117301940917969,4860,0.00582027435302734,4860,0.00871086120605469,4860,-0.0068359375,4860,-0.0387887954711914,4860,0.00847625732421875,4860,0.00957012176513672,4860,-10.1421089172363,4860,-0.00574207305908203,4860,-7.38139533996582,4860,0.00355434417724609,4860,-9.94812393188477,4860,0.00589847564697266,4860,0.0123043060302734,4860,-0.00605487823486328,4860,0.00558567047119141,4860,0.0119142532348633,4860,0.015507698059082
4870,-0.00214862823486328,4870,0.00582027435302734,4870,-0.0269918441772461,4870,-0.00636672973632812,4870,0.00183582305908203,4870,0.000898361206054688,4870,0.000195503234863281,4870,0.00582027435302734,4870,0.00871086120605469,4870,-0.0068359375,4870,-0.0387105941772461,4870,0.00847625732421875,4870,0.00957012176513672,4870,-10.1424217224121,4870,-0.00574207305908203,4870,-7.39147329330444,4870,0.00363254547119141,4870,-9.94976425170898,4870,0.00597667694091797,4870,0.0123043060302734,4870,-0.00605487823486328,4870,0.00558567047119141,4870,0.0119924545288086,4870,0.015507698059082
4880,-0.00207042694091797,4880,0.00582027435302734,4880,-0.0269145965576172,4880,-0.00628948211669922,4880,0.00183582305908203,4880,0.000898361206054688,4880,0.000195503234863281,4880,0.00582027435302734,4880,0.00871086120605469,4880,-0.0068359375,4880,-0.0387105941772461,4880,0.00847625732421875,4880,0.00964832305908203,4880,-10.1428899765015,4880,-0.00566387176513672,4880,-7.40389537811279,4880,0.00363254547119141,4880,-9.95163917541504,4880,0.00597667694091797,4880,0.0123043060302734,4880,-0.00597667694091797,4880,0.00558567047119141,4880,0.0120706558227539,4880,0.015507698059082
4890,-0.00207042694091797,4890,0.00589847564697266,4890,-0.0268363952636719,4890,-0.00628948211669922,4890,0.00183582305908203,4890,0.0009765625,4890,0.000195503234863281,4890,0.00589847564697266,4890,0.00871086120605469,4890,-0.00675773620605469,4890,-0.0387105941772461,4890,0.00855445861816406,4890,0.00964832305908203,4890,-10.1423435211182,4890,-0.00566387176513672,4890,-7.41608285903931,4890,0.00363254547119141,4890,-9.95359230041504,4890,0.00597667694091797,4890,0.0123825073242188,4890,-0.00597667694091797,4890,0.00558567047119141,4890,0.0121488571166992,4890,0.0155858993530273
4900,-0.00207042694091797,4900,0.00589847564697266,4900,-0.0267581939697266,4900,-0.00621128082275391,4900,0.00183582305908203,4900,0.0009765625,4900,0.000195503234863281,4900,0.00589847564697266,4900,0.00871086120605469,4900,-0.00675773620605469,4900,-0.0386333465576172,4900,0.00855445861816406,4900,0.00964832305908203,4900,-10.1421089172363,4900,-0.00566387176513672,4900,-7.43147373199463,4900,0.00363254547119141,4900,-9.95609283447266,4900,0.00605487823486328,4900,0.0123825073242188,4900,-0.00597667694091797,4900,0.00558567047119141,4900,0.0121488571166992,4900,0.0155858993530273
4910,-0.00207042694091797,4910,0.00597667694091797,4910,-0.0266799926757812,4910,-0.00621128082275391,4910,0.00191402435302734,4910,0.0009765625,4910,0.000273704528808594,4910,0.00589847564697266,4910,0.0087890625,4910,-0.00675773620605469,4910,-0.0386333465576172,4910,0.00855445861816406,4910,0.00972652435302734,4910,-10.1428899765015,4910,-0.00558567047119141,4910,-7.44389533996582,4910,0.00371074676513672,4910,-9.9586706161499,4910,0.00605487823486328,4910,0.0123825073242188,4910,-0.00589847564697266,4910,0.00558567047119141,4910,0.0122270584106445,4910,0.0155858993530273
4920,-0.00207042694091797,4920,0.00597667694091797,4920,-0.0266017913818359,4920,-0.00621128082275391,4920,0.00191402435302734,4920,0.0009765625,4920,0.000273704528808594,4920,0.00589847564697266,4920,0.0087890625,4920,-0.00667953491210938,4920,-0.0385551452636719,4920,0.00855445861816406,4920,0.00972652435302734,4920,-10.1423435211182,4920,-0.00558567047119141,4920,-7.44827032089233,4920,0.00371074676513672,4920,-9.95507717132568,4920,0.00605487823486328,4920,0.0123825073242188,4920,-0.00589847564697266,4920,0.00558567047119141,4920,0.0123043060302734,4920,0.0155858993530273
4930,-0.00207042694091797,4930,0.00605487823486328,4930,-0.0265235900878906,4930,-0.00613307952880859,4930,0.00199222564697266,4930,0.0009765625,4930,0.000273704528808594,4930,0.00597667694091797,4930,0.0087890625,4930,-0.00667953491210938,4930,-0.0385551452636719,4930,0.00855445861816406,4930,0.00972652435302734,4930,-10.1419525146484,4930,-0.00558567047119141,4930,-7.45944213867188,4930,0.00371074676513672,4930,-9.96038913726807,4930,0.00613307952880859,4930,0.0124607086181641,4930,-0.00589847564697266,4930,0.00558567047119141,4930,0.0123043060302734,4930,0.0155858993530273
4940,-0.00199222564697266,4940,0.00605487823486328,4940,-0.0264453887939453,4940,-0.00613307952880859,4940,0.00199222564697266,4940,0.00105476379394531,4940,0.000273704528808594,4940,0.00597667694091797,4940,0.0087890625,4940,-0.00667953491210938,4940,-0.0385551452636719,4940,0.00855445861816406,4940,0.00972652435302734,4940,-10.1421871185303,4940,-0.00558567047119141,4940,-7.47233295440674,4940,0.00378894805908203,4940,-9.9650764465332,4940,0.00613307952880859,4940,0.0124607086181641,4940,-0.00589847564697266,4940,0.00558567047119141,4940,0.0123825073242188,4940,0.0155858993530273
4950,-0.00199222564697266,4950,0.00613307952880859,4950,-0.0263671875,4950,-0.00605487823486328,4950,0.00199222564697266,4950,0.00105476379394531,4950,0.000351905822753906,4950,0.00597667694091797,4950,0.0087890625,4950,-0.00660133361816406,4950,-0.0384769439697266,4950,0.00855445861816406,4950,0.00980472564697266,4950,-10.1424989700317,4950,-0.00550746917724609,4950,-7.47975492477417,4950,0.00378894805908203,4950,-9.9684362411499,4950,0.00613307952880859,4950,0.0124607086181641,4950,-0.00582027435302734,4950,0.00558567047119141,4950,0.0123825073242188,4950,0.0155858993530273
4960,-0.00199222564697266,4960,0.00613307952880859,4960,-0.0262889862060547,4960,-0.00605487823486328,4960,0.00207042694091797,4960,0.00105476379394531,4960,0.000351905822753906,4960,0.00597667694091797,4960,0.0087890625,4960,-0.00660133361816406,4960,-0.0384769439697266,4960,0.00855445861816406,4960,0.00980472564697266,4960,-10.1417179107666,4960,-0.00550746917724609,4960,-7.48733329772949,4960,0.00386714935302734,4960,-9.97031116485596,4960,0.00621128082275391,4960,0.0124607086181641,4960,-0.00582027435302734,4960,0.00558567047119141,4960,0.0124607086181641,4960,0.0155858993530273
4970,-0.00191402435302734,4970,0.00621128082275391,4970,-0.0262889862060547,4970,-0.00597667694091797,4970,0.00207042694091797,4970,0.00105476379394531,4970,0.000351905822753906,4970,0.00605487823486328,4970,0.0087890625,4970,-0.00660133361816406,4970,-0.0383987426757812,4970,0.00855445861816406,4970,0.00988292694091797,4970,-10.1417179107666,4970,-0.00550746917724609,4970,-7.49803638458252,4970,0.00386714935302734,4970,-9.97421741485596,4970,0.00621128082275391,4970,0.0125389099121094,4970,-0.00582027435302734,4970,0.00558567047119141,4970,0.0124607086181641,4970,0.0155858993530273
4980,-0.00191402435302734,4980,0.00621128082275391,4980,-0.0262107849121094,4980,-0.00597667694091797,4980,0.00207042694091797,4980,0.00105476379394531,4980,0.000351905822753906,4980,0.00605487823486328,4980,0.0087890625,4980,-0.00652313232421875,4980,-0.0383987426757812,4980,0.00855445861816406,4980,0.00988292694091797,4980,-10.1408586502075,4980,-0.00542926788330078,4980,-7.50662994384766,4980,0.00386714935302734,4980,-9.97554588317871,4980,0.00621128082275391,4980,0.0125389099121094,4980,-0.00574207305908203,4980,0.00558567047119141,4980,0.0125389099121094,4980,0.0155858993530273
4990,-0.00191402435302734,4990,0.00628948211669922,4990,-0.0261325836181641,4990,-0.00589847564697266,4990,0.00214862823486328,4990,0.00105476379394531,4990,0.000351905822753906,4990,0.00605487823486328,4990,0.00886726379394531,4990,-0.00652313232421875,4990,-0.0383205413818359,4990,0.00855445861816406,4990,0.00988292694091797,4990,-10.1412496566772,4990,-0.00542926788330078,4990,-7.51553630828857,4990,0.00394535064697266,4990,-9.97492027282715,4990,0.00628948211669922,4990,0.0125389099121094,4990,-0.00574207305908203,4990,0.00558567047119141,4990,0.0125389099121094,4990,0.0155858993530273
5000,-0.00191402435302734,5000,0.00628948211669922,5000,-0.0260543823242188,5000,-0.00589847564697266,5000,0.00214862823486328,5000,0.00113296508789062,5000,0.000430107116699219,5000,0.00605487823486328,5000,0.00886726379394531,5000,-0.00652313232421875,5000,-0.0383205413818359,5000,0.00855445861816406,5000,0.00988292694091797,5000,-10.1415615081787,5000,-0.00542926788330078,5000,-7.52350521087646,5000,0.00394535064697266,5000,-9.97781085968018,5000,0.00628948211669922,5000,0.0125389099121094,5000,-0.00574207305908203,5000,0.00558567047119141,5000,0.0126171112060547,5000,0.0155858993530273
5010,-0.00183582305908203,5010,0.00636768341064453,5010,-0.0260543823242188,5010,-0.00582027435302734,5010,0.00214862823486328,5010,0.00113296508789062,5010,0.000430107116699219,5010,0.00605487823486328,5010,0.00886726379394531,5010,-0.00644493103027344,5010,-0.0382423400878906,5010,0.00855445861816406,5010,0.00996112823486328,5010,-10.1410932540894,5010,-0.00535202026367188,5010,-7.52936458587646,5010,0.00394535064697266,5010,-9.97859287261963,5010,0.00628948211669922,5010,0.0126171112060547,5010,-0.00566387176513672,5010,0.00566387176513672,5010,0.0126171112060547,5010,0.0155858993530273
5020,-0.00183582305908203,5020,0.00636768341064453,5020,-0.0259761810302734,5020,-0.00582027435302734,5020,0.00214862823486328,5020,0.00113296508789062,5020,0.000430107116699219,5020,0.00613307952880859,5020,0.00886726379394531,5020,-0.00644493103027344,5020,-0.0382423400878906,5020,0.00855445861816406,5020,0.00996112823486328,5020,-10.1410932540894,5020,-0.00535202026367188,5020,-7.53998947143555,5020,0.00402355194091797,5020,-9.97992038726807,5020,0.00636768341064453,5020,0.0126171112060547,5020,-0.00566387176513672,5020,0.00566387176513672,5020,0.0126953125,5020,0.0155858993530273
5030,-0.00183582305908203,5030,0.00636768341064453,5030,-0.0258989334106445,5030,-0.00574207305908203,5030,0.00214862823486328,5030,0.00113296508789062,5030,0.000430107116699219,5030,0.00613307952880859,5030,0.00886726379394531,5030,-0.00644493103027344,5030,-0.0382423400878906,5030,0.00855445861816406,5030,0.0100393295288086,5030,-10.1407804489136,5030,-0.00535202026367188,5030,-7.5471773147583,5030,0.00402355194091797,5030,-9.98148345947266,5030,0.00636768341064453,5030,0.0126171112060547,5030,-0.00566387176513672,5030,0.00566387176513672,5030,0.0126953125,5030,0.0155858993530273
5040,-0.00175762176513672,5040,0.00644493103027344,5040,-0.0258989334106445,5040,-0.00574207305908203,5040,0.00222682952880859,5040,0.00113296508789062,5040,0.000430107116699219,5040,0.00613307952880859,5040,0.00886726379394531,5040,-0.00636672973632812,5040,-0.0381641387939453,5040,0.00855445861816406,5040,0.0100393295288086,5040,-10.1404685974121,5040,-0.00527381896972656,5040,-7.55639553070068,5040,0.00410175323486328,5040,-9.98093605041504,5040,0.00636768341064453,5040,0.0126953125,5040,-0.00558567047119141,5040,0.00566387176513672,5040,0.0126953125,5040,0.015507698059082
5050,-0.00175762176513672,5050,0.00644493103027344,5050,-0.0258207321166992,5050,-0.00566387176513672,5050,0.00222682952880859,5050,0.00113296508789062,5050,0.000508308410644531,5050,0.00613307952880859,5050,0.00886726379394531,5050,-0.00636672973632812,5050,-0.0381641387939453,5050,0.00855445861816406,5050,0.0100393295288086,5050,-10.1409368515015,5050,-0.00527381896972656,5050,-7.56288051605225,5050,0.00410175323486328,5050,-9.98117065429688,5050,0.00644493103027344,5050,0.0126953125,5050,-0.00558567047119141,5050,0.00566387176513672,5050,0.0127735137939453,5050,0.015507698059082
5060,-0.00175762176513672,5060,0.00644493103027344,5060,-0.0258207321166992,5060,-0.00566387176513672,5060,0.00222682952880859,5060,0.00113296508789062,5060,0.000508308410644531,5060,0.00613307952880859,5060,0.00886726379394531,5060,-0.00636672973632812,5060,-0.0380859375,5060,0.00855445861816406,5060,0.0101175308227539,5060,-10.1399993896484,5060,-0.00527381896972656,5060,-7.56897401809692,5060,0.00410175323486328,5060,-9.98109245300293,5060,0.00644493103027344,5060,0.0126953125,5060,-0.00558567047119141,5060,0.00566387176513672,5060,0.0127735137939453,5060,0.015507698059082
5070,-0.00175762176513672,5070,0.00652313232421875,5070,-0.0257425308227539,5070,-0.00566387176513672,5070,0.00222682952880859,5070,0.00113296508789062,5070,0.000508308410644531,5070,0.00613307952880859,5070,0.00886726379394531,5070,-0.00628948211669922,5070,-0.0380859375,5070,0.00847625732421875,5070,0.0101175308227539,5070,-10.1396865844727,5070,-0.00527381896972656,5070,-7.57827091217041,5070,0.00410175323486328,5070,-9.98671722412109,5070,0.00644493103027344,5070,0.0127735137939453,5070,-0.00550746917724609,5070,0.00566387176513672,5070,0.0127735137939453,5070,0.015507698059082
5080,-0.00167942047119141,5080,0.00652313232421875,5080,-0.0257425308227539,5080,-0.00558567047119141,5080,0.00222682952880859,5080,0.00121116638183594,5080,0.000508308410644531,5080,0.00621128082275391,5080,0.00886726379394531,5080,-0.00628948211669922,5080,-0.0380859375,5080,0.00847625732421875,5080,0.0101175308227539,5080,-10.1401557922363,5080,-0.00527381896972656,5080,-7.58905220031738,5080,0.00417995452880859,5080,-9.98843669891357,5080,0.00652313232421875,5080,0.0127735137939453,5080,-0.00550746917724609,5080,0.00566387176513672,5080,0.0127735137939453,5080,0.015507698059082
5090,-0.00167942047119141,5090,0.00652313232421875,5090,-0.0256643295288086,5090,-0.00558567047119141,5090,0.00222682952880859,5090,0.00121116638183594,5090,0.000508308410644531,5090,0.00621128082275391,5090,0.00886726379394531,5090,-0.00628948211669922,5090,-0.0380077362060547,5090,0.00847625732421875,5090,0.0101957321166992,5090,-10.1403903961182,5090,-0.00519561767578125,5090,-7.59819316864014,5090,0.00417995452880859,5090,-9.98976421356201,5090,0.00652313232421875,5090,0.0127735137939453,5090,-0.00550746917724609,5090,0.00566387176513672,5090,0.0128517150878906,5090,0.015507698059082
5100,-0.00167942047119141,5100,0.00660133361816406,5100,-0.0256643295288086,5100,-0.00550746917724609,5100,0.00222682952880859,5100,0.00121116638183594,5100,0.000508308410644531,5100,0.00621128082275391,5100,0.00886726379394531,5100,-0.00621128082275391,5100,-0.0380077362060547,5100,0.00847625732421875,5100,0.0101957321166992,5100,-10.1403121948242,5100,-0.00519561767578125,5100,-7.60256767272949,5100,0.00417995452880859,5100,-9.99156093597412,5100,0.00652313232421875,5100,0.0127735137939453,5100,-0.00550746917724609,5100,0.00566387176513672,5100,0.0128517150878906,5100,0.015507698059082
5110,-0.00167942047119141,5110,0.00660133361816406,5110,-0.0255861282348633,5110,-0.00550746917724609,5110,0.00222682952880859,5110,0.00121116638183594,5110,0.000585556030273438,5110,0.00621128082275391,5110,0.00886726379394531,5110,-0.00621128082275391,5110,-0.0379295349121094,5110,0.00839805603027344,5110,0.0101957321166992,5110,-10.1407022476196,5110,-0.00519561767578125,5110,-7.60522413253784,5110,0.00425815582275391,5110,-9.99296760559082,5110,0.00652313232421875,5110,0.0128517150878906,5110,-0.00542926788330078,5110,0.00566387176513672,5110,0.0128517150878906,5110,0.015507698059082
5120,-0.00167942047119141,5120,0.00660133361816406,5120,-0.0255861282348633,5120,-0.00550746917724609,5120,0.00222682952880859,5120,0.00121116638183594,5120,0.000585556030273438,5120,0.00621128082275391,5120,0.00886726379394531,5120,-0.00621128082275391,5120,-0.0379295349121094,5120,0.00839805603027344,5120,0.0102739334106445,5120,-10.1403903961182,5120,-0.00519561767578125,5120,-7.60795879364014,5120,0.00425815582275391,5120,-9.99445152282715,5120,0.00652313232421875,5120,0.0128517150878906,5120,-0.00542926788330078,5120,0.00566387176513672,5120,0.0128517150878906,5120,0.015507698059082
5130,-0.00167942047119141,5130,0.00667953491210938,5130,-0.0255861282348633,5130,-0.00542926788330078,5130,0.00222682952880859,5130,0.00121116638183594,5130,0.000585556030273438,5130,0.00628948211669922,5130,0.00894546508789062,5130,-0.00613307952880859,5130,-0.0379295349121094,5130,0.00839805603027344,5130,0.0102739334106445,5130,-10.1402339935303,5130,-0.00519561767578125,5130,-7.61233329772949,5130,0.00425815582275391,5130,-9.99499893188477,5130,0.00660133361816406,5130,0.0128517150878906,5130,-0.00542926788330078,5130,0.00566387176513672,5130,0.0128517150878906,5130,0.015507698059082
5140,-0.00160121917724609,5140,0.00667953491210938,5140,-0.025507926940918,5140,-0.00542926788330078,5140,0.00222682952880859,5140,0.00121116638183594,5140,0.000585556030273438,5140,0.00628948211669922,5140,0.00894546508789062,5140,-0.00613307952880859,5140,-0.0378513336181641,5140,0.00832080841064453,5140,0.0102739334106445,5140,-10.1402339935303,5140,-0.00519561767578125,5140,-7.61608362197876,5140,0.00425815582275391,5140,-9.99593639373779,5140,0.00660133361816406,5140,0.0128517150878906,5140,-0.00542926788330078,5140,0.00566387176513672,5140,0.0128517150878906,5140,0.015507698059082
5150,-0.00160121917724609,5150,0.00667953491210938,5150,-0.025507926940918,5150,-0.00542926788330078,5150,0.00214862823486328,5150,0.00121116638183594,5150,0.000585556030273438,5150,0.00628948211669922,5150,0.00894546508789062,5150,-0.00613307952880859,5150,-0.0378513336181641,5150,0.00832080841064453,5150,0.0103511810302734,5150,-10.1399993896484,5150,-0.00511741638183594,5150,-7.61819267272949,5150,0.00433635711669922,5150,-9.99671745300293,5150,0.00660133361816406,5150,0.0129299163818359,5150,-0.00535202026367188,5150,0.00566387176513672,5150,0.0128517150878906,5150,0.0154294967651367
5160,-0.00160121917724609,5160,0.00667953491210938,5160,-0.025507926940918,5160,-0.00535202026367188,5160,0.00214862823486328,5160,0.00121116638183594,5160,0.000585556030273438,5160,0.00628948211669922,5160,0.00894546508789062,5160,-0.00605487823486328,5160,-0.0378513336181641,5160,0.00824260711669922,5160,0.0103511810302734,5160,-10.1410932540894,5160,-0.00511741638183594,5160,-7.62209892272949,5160,0.00433635711669922,5160,-9.99788951873779,5160,0.00660133361816406,5160,0.0129299163818359,5160,-0.00535202026367188,5160,0.00566387176513672,5160,0.0128517150878906,5160,0.0154294967651367
5170,-0.00160121917724609,5170,0.00667953491210938,5170,-0.0254297256469727,5170,-0.00535202026367188,5170,0.00214862823486328,5170,0.00121116638183594,5170,0.000585556030273438,5170,0.00628948211669922,5170,0.00894546508789062,5170,-0.00605487823486328,5170,-0.0378513336181641,5170,0.00816440582275391,5170,0.0103511810302734,5170,-10.1393747329712,5170,-0.00511741638183594,5170,-7.62623977661133,5170,0.00433635711669922,5170,-9.99835777282715,5170,0.00667953491210938,5170,0.0129299163818359,5170,-0.00535202026367188,5170,0.00566387176513672,5170,0.0129299163818359,5170,0.0154294967651367
5180,-0.00160121917724609,5180,0.00667953491210938,5180,-0.0254297256469727,5180,-0.00535202026367188,5180,0.00214862823486328,5180,0.00121116638183594,5180,0.00066375732421875,5180,0.00636768341064453,5180,0.00894546508789062,5180,-0.00605487823486328,5180,-0.0377731323242188,5180,0.00816440582275391,5180,0.0103511810302734,5180,-10.1400775909424,5180,-0.00511741638183594,5180,-7.63123989105225,5180,0.00433635711669922,5180,-9.99937343597412,5180,0.00667953491210938,5180,0.0129299163818359,5180,-0.00535202026367188,5180,0.00566387176513672,5180,0.0129299163818359,5180,0.0154294967651367
5190,-0.00160121917724609,5190,0.00675773620605469,5190,-0.0254297256469727,5190,-0.00527381896972656,5190,0.00207042694091797,5190,0.00128936767578125,5190,0.00066375732421875,5190,0.00636768341064453,5190,0.00894546508789062,5190,-0.00597667694091797,5190,-0.0377731323242188,5190,0.00808620452880859,5190,0.0103511810302734,5190,-10.1397647857666,5190,-0.00511741638183594,5190,-7.63694286346436,5190,0.00441455841064453,5190,-10.0007801055908,5190,0.00667953491210938,5190,0.0130081176757812,5190,-0.00535202026367188,5190,0.00566387176513672,5190,0.0129299163818359,5190,0.0154294967651367
5200,-0.00152301788330078,5200,0.00675773620605469,5200,-0.0254297256469727,5200,-0.00527381896972656,5200,0.00207042694091797,5200,0.00128936767578125,5200,0.00066375732421875,5200,0.00636768341064453,5200,0.00894546508789062,5200,-0.00597667694091797,5200,-0.0377731323242188,5200,0.00800800323486328,5200,0.0104293823242188,5200,-10.1399993896484,5200,-0.00511741638183594,5200,-7.64319324493408,5200,0.00441455841064453,5200,-10.0017957687378,5200,0.00667953491210938,5200,0.0130081176757812,5200,-0.00535202026367188,5200,0.00566387176513672,5200,0.0129299163818359,5200,0.0154294967651367
5210,-0.00152301788330078,5210,0.00675773620605469,5210,-0.0254297256469727,5210,-0.00527381896972656,5210,0.00207042694091797,5210,0.00128936767578125,5210,0.00066375732421875,5210,0.00636768341064453,5210,0.00894546508789062,5210,-0.00597667694091797,5210,-0.0376958847045898,5210,0.00800800323486328,5210,0.0104293823242188,5210,-10.1399993896484,5210,-0.00511741638183594,5210,-7.64608383178711,5210,0.00441455841064453,5210,-10.0030460357666,5210,0.00667953491210938,5210,0.0130081176757812,5210,-0.00527381896972656,5210,0.00566387176513672,5210,0.0129299163818359,5210,0.0154294967651367
5220,-0.00152301788330078,5220,0.00675773620605469,5220,-0.0253515243530273,5220,-0.00527381896972656,5220,0.00199222564697266,5220,0.00128936767578125,5220,0.00066375732421875,5220,0.00636768341064453,5220,0.00894546508789062,5220,-0.00589847564697266,5220,-0.0376958847045898,5220,0.00792980194091797,5220,0.0104293823242188,5220,-10.1401557922363,5220,-0.00511741638183594,5220,-7.64717769622803,5220,0.00441455841064453,5220,-10.0039834976196,5220,0.00675773620605469,5220,0.0130081176757812,5220,-0.00527381896972656,5220,0.00566387176513672,5220,0.0129299163818359,5220,0.0154294967651367
5230,-0.00152301788330078,5230,0.00675773620605469,5230,-0.0253515243530273,5230,-0.00519561767578125,5230,0.00199222564697266,5230,0.00128936767578125,5230,0.00066375732421875,5230,0.00644493103027344,5230,0.00902366638183594,5230,-0.00589847564697266,5230,-0.0376958847045898,5230,0.00785160064697266,5230,0.0104293823242188,5230,-10.1398429870605,5230,-0.00511741638183594,5230,-7.64999008178711,5230,0.00441455841064453,5230,-10.0051555633545,5230,0.00675773620605469,5230,0.0130863189697266,5230,-0.00527381896972656,5230,0.00566387176513672,5230,0.0129299163818359,5230,0.0153512954711914
5240,-0.00152301788330078,5240,0.0068359375,5240,-0.0253515243530273,5240,-0.00519561767578125,5240,0.00191402435302734,5240,0.00128936767578125,5240,0.00066375732421875,5240,0.00644493103027344,5240,0.00902366638183594,5240,-0.00589847564697266,5240,-0.0376958847045898,5240,0.00785160064697266,5240,0.0105075836181641,5240,-10.1399993896484,5240,-0.00511741638183594,5240,-7.65108394622803,5240,0.00441455841064453,5240,-10.0058584213257,5240,0.00675773620605469,5240,0.0130863189697266,5240,-0.00527381896972656,5240,0.00566387176513672,5240,0.0129299163818359,5240,0.0153512954711914
5250,-0.00152301788330078,5250,0.0068359375,5250,-0.0253515243530273,5250,-0.00519561767578125,5250,0.00191402435302734,5250,0.00128936767578125,5250,0.00066375732421875,5250,0.00644493103027344,5250,0.00902366638183594,5250,-0.00589847564697266,5250,-0.0376176834106445,5250,0.00777339935302734,5250,0.0105075836181641,5250,-10.1400775909424,5250,-0.00511741638183594,5250,-7.65342712402344,5250,0.00441455841064453,5250,-10.0069522857666,5250,0.00675773620605469,5250,0.0130863189697266,5250,-0.00527381896972656,5250,0.00566387176513672,5250,0.0129299163818359,5250,0.0153512954711914
5260,-0.00152301788330078,5260,0.0068359375,5260,-0.0253515243530273,5260,-0.00519561767578125,5260,0.00183582305908203,5260,0.00128936767578125,5260,0.00066375732421875,5260,0.00644493103027344,5260,0.00902366638183594,5260,-0.00582027435302734,5260,-0.0376176834106445,5260,0.00769519805908203,5260,0.0105075836181641,5260,-10.1397647857666,5260,-0.00511741638183594,5260,-7.66061496734619,5260,0.00449180603027344,5260,-10.0074987411499,5260,0.00675773620605469,5260,0.0130863189697266,5260,-0.00519561767578125,5260,0.00566387176513672,5260,0.0129299163818359,5260,0.0153512954711914
5270,-0.00152301788330078,5270,0.0068359375,5270,-0.0253515243530273,5270,-0.00511741638183594,5270,0.00183582305908203,5270,0.00128936767578125,5270,0.000741958618164062,5270,0.00644493103027344,5270,0.00902366638183594,5270,-0.00582027435302734,5270,-0.0376176834106445,5270,0.00761699676513672,5270,0.0105075836181641,5270,-10.1401557922363,5270,-0.00511741638183594,5270,-7.66819286346436,5270,0.00449180603027344,5270,-10.0087490081787,5270,0.00675773620605469,5270,0.0131645202636719,5270,-0.00519561767578125,5270,0.00566387176513672,5270,0.0129299163818359,5270,0.0153512954711914
5280,-0.00152301788330078,5280,0.0068359375,5280,-0.0253515243530273,5280,-0.00511741638183594,5280,0.00175762176513672,5280,0.00128936767578125,5280,0.000741958618164062,5280,0.00644493103027344,5280,0.00902366638183594,5280,-0.00582027435302734,5280,-0.0376176834106445,5280,0.00761699676513672,5280,0.0105075836181641,5280,-10.1388273239136,5280,-0.00511741638183594,5280,-7.67280244827271,5280,0.00449180603027344,5280,-10.0094518661499,5280,0.0068359375,5280,0.0131645202636719,5280,-0.00519561767578125,5280,0.00566387176513672,5280,0.0129299163818359,5280,0.0153512954711914
5290,-0.00152301788330078,5290,0.0068359375,5290,-0.0253515243530273,5290,-0.00511741638183594,5290,0.00167942047119141,5290,0.00128936767578125,5290,0.000741958618164062,5290,0.00652313232421875,5290,0.00902366638183594,5290,-0.00574207305908203,5290,-0.0376176834106445,5290,0.00753879547119141,5290,0.0105075836181641,5290,-10.1390619277954,5290,-0.00511741638183594,5290,-7.67670869827271,5290,0.00449180603027344,5290,-10.0099992752075,5290,0.0068359375,5290,0.0131645202636719,5290,-0.00519561767578125,5290,0.00566387176513672,5290,0.0129299163818359,5290,0.0153512954711914
5300,-0.00144481658935547,5300,0.0068359375,5300,-0.0253515243530273,5300,-0.00511741638183594,5300,0.00167942047119141,5300,0.00136756896972656,5300,0.000741958618164062,5300,0.00652313232421875,5300,0.00902366638183594,5300,-0.00574207305908203,5300,-0.0375394821166992,5300,0.00753879547119141,5300,0.0105857849121094,5300,-10.1389837265015,5300,-0.00511741638183594,5300,-7.68061494827271,5300,0.00449180603027344,5300,-10.0110149383545,5300,0.0068359375,5300,0.0132427215576172,5300,-0.00519561767578125,5300,0.00566387176513672,5300,0.0128517150878906,5300,0.0152730941772461
5310,-0.00144481658935547,5310,0.0068359375,5310,-0.025273323059082,5310,-0.00511741638183594,5310,0.00160121917724609,5310,0.00136756896972656,5310,0.000741958618164062,5310,0.00652313232421875,5310,0.00902366638183594,5310,-0.00574207305908203,5310,-0.0375394821166992,5310,0.00746059417724609,5310,0.0105857849121094,5310,-10.1385927200317,5310,-0.00511741638183594,5310,-7.68452167510986,5310,0.00449180603027344,5310,-10.0120306015015,5310,0.0068359375,5310,0.0132427215576172,5310,-0.00519561767578125,5310,0.00566387176513672,5310,0.0128517150878906,5310,0.0152730941772461
5320,-0.00144481658935547,5320,0.00691413879394531,5320,-0.025273323059082,5320,-0.00511741638183594,5320,0.00160121917724609,5320,0.00136756896972656,5320,0.000741958618164062,5320,0.00652313232421875,5320,0.00910186767578125,5320,-0.00574207305908203,5320,-0.0375394821166992,5320,0.00738334655761719,5320,0.0105857849121094,5320,-10.1382026672363,5320,-0.00511741638183594,5320,-7.69030284881592,5320,0.00449180603027344,5320,-10.0124206542969,5320,0.0068359375,5320,0.0132427215576172,5320,-0.00519561767578125,5320,0.00566387176513672,5320,0.0128517150878906,5320,0.0152730941772461
5330,-0.00144481658935547,5330,0.00691413879394531,5330,-0.025273323059082,5330,-0.00503921508789062,5330,0.00152301788330078,5330,0.00136756896972656,5330,0.000741958618164062,5330,0.00652313232421875,5330,0.00910186767578125,5330,-0.00574207305908203,5330,-0.0375394821166992,5330,0.00738334655761719,5330,0.0105857849121094,5330,-10.1382026672363,5330,-0.00511741638183594,5330,-7.69600582122803,5330,0.00449180603027344,5330,-10.0133581161499,5330,0.0068359375,5330,0.0132427215576172,5330,-0.00511741638183594,5330,0.00566387176513672,5330,0.0128517150878906,5330,0.0152730941772461
5340,-0.00144481658935547,5340,0.00691413879394531,5340,-0.025273323059082,5340,-0.00503921508789062,5340,0.00152301788330078,5340,0.00136756896972656,5340,0.000741958618164062,5340,0.00652313232421875,5340,0.00910186767578125,5340,-0.00566387176513672,5340,-0.0375394821166992,5340,0.00730514526367188,5340,0.0105857849121094,5340,-10.1385154724121,5340,-0.00511741638183594,5340,-7.69936513900757,5340,0.00449180603027344,5340,-10.0144519805908,5340,0.0068359375,5340,0.0133199691772461,5340,-0.00511741638183594,5340,0.00566387176513672,5340,0.0128517150878906,5340,0.0152730941772461
5350,-0.00144481658935547,5350,0.00691413879394531,5350,-0.025273323059082,5350,-0.00503921508789062,5350,0.00144577026367188,5350,0.00136756896972656,5350,0.000741958618164062,5350,0.00652313232421875,5350,0.00910186767578125,5350,-0.00566387176513672,5350,-0.0375394821166992,5350,0.00730514526367188,5350,0.0105857849121094,5350,-10.1384372711182,5350,-0.00519561767578125,5350,-7.69788074493408,5350,0.00449180603027344,5350,-10.015154838562,5350,0.0068359375,5350,0.0133199691772461,5350,-0.00511741638183594,5350,0.00566387176513672,5350,0.0128517150878906,5350,0.0152730941772461
5360,-0.00144481658935547,5360,0.00691413879394531,5360,-0.025273323059082,5360,-0.00503921508789062,5360,0.00136756896972656,5360,0.00136756896972656,5360,0.000741958618164062,5360,0.00652313232421875,5360,0.00918006896972656,5360,-0.00566387176513672,5360,-0.0375394821166992,5360,0.00722694396972656,5360,0.0105857849121094,5360,-10.1385927200317,5360,-0.00519561767578125,5360,-7.69764614105225,5360,0.00457000732421875,5360,-10.0159368515015,5360,0.0068359375,5360,0.0133199691772461,5360,-0.00511741638183594,5360,0.00566387176513672,5360,0.0128517150878906,5360,0.0152730941772461
5370,-0.00144481658935547,5370,0.00691413879394531,5370,-0.025273323059082,5370,-0.00503921508789062,5370,0.00136756896972656,5370,0.00136756896972656,5370,0.000741958618164062,5370,0.00660133361816406,5370,0.00918006896972656,5370,-0.00566387176513672,5370,-0.0375394821166992,5370,0.00722694396972656,5370,0.0106639862060547,5370,-10.1380462646484,5370,-0.00519561767578125,5370,-7.70131826400757,5370,0.00457000732421875,5370,-10.0166397094727,5370,0.00691413879394531,5370,0.0133981704711914,5370,-0.00511741638183594,5370,0.00566387176513672,5370,0.0128517150878906,5370,0.0151958465576172
5380,-0.00144481658935547,5380,0.00691413879394531,5380,-0.025273323059082,5380,-0.00503921508789062,5380,0.00136756896972656,5380,0.00136756896972656,5380,0.000820159912109375,5380,0.00660133361816406,5380,0.00918006896972656,5380,-0.00558567047119141,5380,-0.0375394821166992,5380,0.00722694396972656,5380,0.0106639862060547,5380,-10.1377334594727,5380,-0.00519561767578125,5380,-7.70413112640381,5380,0.00457000732421875,5380,-10.0174989700317,5380,0.00691413879394531,5380,0.0133981704711914,5380,-0.00511741638183594,5380,0.00566387176513672,5380,0.0128517150878906,5380,0.0151958465576172
5390,-0.00144481658935547,5390,0.00699234008789062,5390,-0.025273323059082,5390,-0.00503921508789062,5390,0.00128936767578125,5390,0.00136756896972656,5390,0.000820159912109375,5390,0.00660133361816406,5390,0.00918006896972656,5390,-0.00558567047119141,5390,-0.0375394821166992,5390,0.00714874267578125,5390,0.0106639862060547,5390,-10.1385154724121,5390,-0.00519561767578125,5390,-7.70709943771362,5390,0.00457000732421875,5390,-10.0187492370605,5390,0.00691413879394531,5390,0.0134763717651367,5390,-0.00511741638183594,5390,0.00566387176513672,5390,0.0128517150878906,5390,0.0151958465576172
5400,-0.00144481658935547,5400,0.00699234008789062,5400,-0.025273323059082,5400,-0.00496101379394531,5400,0.00128936767578125,5400,0.00136756896972656,5400,0.000820159912109375,5400,0.00660133361816406,5400,0.00925827026367188,5400,-0.00558567047119141,5400,-0.0375394821166992,5400,0.00714874267578125,5400,0.0106639862060547,5400,-10.1382026672363,5400,-0.00519561767578125,5400,-7.71053695678711,5400,0.00457000732421875,5400,-10.0192956924438,5400,0.00691413879394531,5400,0.0134763717651367,5400,-0.00511741638183594,5400,0.00566387176513672,5400,0.0128517150878906,5400,0.0151958465576172
5410,-0.00144481658935547,5410,0.00699234008789062,5410,-0.025273323059082,5410,-0.00496101379394531,5410,0.00121116638183594,5410,0.00144577026367188,5410,0.000820159912109375,5410,0.00660133361816406,5410,0.00925827026367188,5410,-0.00558567047119141,5410,-0.0375394821166992,5410,0.00714874267578125,5410,0.0106639862060547,5410,-10.1379680633545,5410,-0.00527381896972656,5410,-7.71350574493408,5410,0.00457000732421875,5410,-10.019998550415,5410,0.00691413879394531,5410,0.0134763717651367,5410,-0.00511741638183594,5410,0.00574207305908203,5410,0.0128517150878906,5410,0.0151958465576172
5420,-0.00144481658935547,5420,0.00699234008789062,5420,-0.025273323059082,5420,-0.00496101379394531,5420,0.00121116638183594,5420,0.00144577026367188,5420,0.000820159912109375,5420,0.00660133361816406,5420,0.00925827026367188,5420,-0.00550746917724609,5420,-0.0375394821166992,5420,0.00714874267578125,5420,0.0106639862060547,5420,-10.1371870040894,5420,-0.00527381896972656,5420,-7.71686553955078,5420,0.00457000732421875,5420,-10.0203895568848,5420,0.00691413879394531,5420,0.013554573059082,5420,-0.00511741638183594,5420,0.00574207305908203,5420,0.0128517150878906,5420,0.0151958465576172
5430,-0.00144481658935547,5430,0.00699234008789062,5430,-0.025273323059082,5430,-0.00496101379394531,5430,0.00121116638183594,5430,0.00144577026367188,5430,0.000820159912109375,5430,0.00667953491210938,5430,0.00925827026367188,5430,-0.00550746917724609,5430,-0.0375394821166992,5430,0.00714874267578125,5430,0.0106639862060547,5430,-10.1377334594727,5430,-0.00527381896972656,5430,-7.72366237640381,5430,0.00457000732421875,5430,-10.0209360122681,5430,0.00691413879394531,5430,0.013554573059082,5430,-0.00511741638183594,5430,0.00574207305908203,5430,0.0128517150878906,5430,0.0151958465576172
5440,-0.00144481658935547,5440,0.00699234008789062,5440,-0.025273323059082,5440,-0.00496101379394531,5440,0.00113296508789062,5440,0.00144577026367188,5440,0.000820159912109375,5440,0.00667953491210938,5440,0.00925827026367188,5440,-0.00550746917724609,5440,-0.0376176834106445,5440,0.00707054138183594,5440,0.0106639862060547,5440,-10.1375770568848,5440,-0.00527381896972656,5440,-7.730224609375,5440,0.00457000732421875,5440,-10.0218734741211,5440,0.00691413879394531,5440,0.013554573059082,5440,-0.00511741638183594,5440,0.00566387176513672,5440,0.0128517150878906,5440,0.0151958465576172
5450,-0.00144481658935547,5450,0.00699234008789062,5450,-0.025273323059082,5450,-0.00496101379394531,5450,0.00113296508789062,5450,0.00144577026367188,5450,0.000820159912109375,5450,0.00667953491210938,5450,0.00925827026367188,5450,-0.00550746917724609,5450,-0.0376176834106445,5450,0.00707054138183594,5450,0.0106639862060547,5450,-10.1375770568848,5450,-0.00535202026367188,5450,-7.73491191864014,5450,0.00457000732421875,5450,-10.0228891372681,5450,0.00691413879394531,5450,0.0136327743530273,5450,-0.00511741638183594,5450,0.00574207305908203,5450,0.0128517150878906,5450,0.0151958465576172
5460,-0.00144481658935547,5460,0.00699234008789062,5460,-0.025273323059082,5460,-0.00496101379394531,5460,0.00113296508789062,5460,0.00144577026367188,5460,0.000820159912109375,5460,0.00667953491210938,5460,0.00933647155761719,5460,-0.00550746917724609,5460,-0.0376176834106445,5460,0.00707054138183594,5460,0.0106639862060547,5460,-10.1373434066772,5460,-0.00535202026367188,5460,-7.73983383178711,5460,0.00457000732421875,5460,-10.0234365463257,5460,0.00691413879394531,5460,0.0136327743530273,5460,-0.00503921508789062,5460,0.00574207305908203,5460,0.0128517150878906,5460,0.0151958465576172
5470,-0.00144481658935547,5470,0.00699234008789062,5470,-0.025273323059082,5470,-0.00496101379394531,5470,0.00105476379394531,5470,0.00144577026367188,5470,0.000820159912109375,5470,0.00667953491210938,5470,0.00933647155761719,5470,-0.00550746917724609,5470,-0.0376176834106445,5470,0.00707054138183594,5470,0.0106639862060547,5470,-10.1376552581787,5470,-0.00535202026367188,5470,-7.74350595474243,5470,0.00457000732421875,5470,-10.0242176055908,5470,0.00691413879394531,5470,0.0136327743530273,5470,-0.00503921508789062,5470,0.00574207305908203,5470,0.0128517150878906,5470,0.0151176452636719
5480,-0.00144481658935547,5480,0.00699234008789062,5480,-0.025273323059082,5480,-0.00496101379394531,5480,0.00105476379394531,5480,0.00144577026367188,5480,0.000820159912109375,5480,0.00667953491210938,5480,0.00933647155761719,5480,-0.00542926788330078,5480,-0.0376958847045898,5480,0.00707054138183594,5480,0.0106639862060547,5480,-10.1367177963257,5480,-0.00535202026367188,5480,-7.74491214752197,5480,0.00449180603027344,5480,-10.0246868133545,5480,0.00691413879394531,5480,0.0137109756469727,5480,-0.00511741638183594,5480,0.00574207305908203,5480,0.0128517150878906,5480,0.0151176452636719
5490,-0.00144481658935547,5490,0.00699234008789062,5490,-0.025273323059082,5490,-0.00496101379394531,5490,0.00105476379394531,5490,0.00152301788330078,5490,0.000820159912109375,5490,0.00667953491210938,5490,0.00933647155761719,5490,-0.00542926788330078,5490,-0.0376958847045898,5490,0.00707054138183594,5490,0.0106639862060547,5490,-10.1376552581787,5490,-0.00535202026367188,5490,-7.74866199493408,5490,0.00449180603027344,5490,-10.0253114700317,5490,0.00691413879394531,5490,0.0137109756469727,5490,-0.00511741638183594,5490,0.00574207305908203,5490,0.0127735137939453,5490,0.0151176452636719
5500,-0.00144481658935547,5500,0.00707054138183594,5500,-0.025273323059082,5500,-0.00496101379394531,5500,0.00105476379394531,5500,0.00152301788330078,5500,0.000820159912109375,5500,0.00667953491210938,5500,0.00933647155761719,5500,-0.00542926788330078,5500,-0.0376958847045898,5500,0.00707054138183594,5500,0.0105857849121094,5500,-10.1371088027954,5500,-0.00542926788330078,5500,-7.75092792510986,5500,0.00449180603027344,5500,-10.0264053344727,5500,0.00691413879394531,5500,0.0137109756469727,5500,-0.00511741638183594,5500,0.00574207305908203,5500,0.0127735137939453,5500,0.0151176452636719
5510,-0.00152301788330078,5510,0.00707054138183594,5510,-0.025273323059082,5510,-0.00503921508789062,5510,0.0009765625,5510,0.00152301788330078,5510,0.000820159912109375,5510,0.00667953491210938,5510,0.00933647155761719,5510,-0.00542926788330078,5510,-0.0377731323242188,5510,0.00707054138183594,5510,0.0105857849121094,5510,-10.1377334594727,5510,-0.00542926788330078,5510,-7.7542872428894,5510,0.00449180603027344,5510,-10.0272645950317,5510,0.00691413879394531,5510,0.013789176940918,5510,-0.00511741638183594,5510,0.00574207305908203,5510,0.0127735137939453,5510,0.0151176452636719
5520,-0.00152301788330078,5520,0.00707054138183594,5520,-0.025273323059082,5520,-0.00503921508789062,5520,0.0009765625,5520,0.00152301788330078,5520,0.000820159912109375,5520,0.00675773620605469,5520,0.00933647155761719,5520,-0.00542926788330078,5520,-0.0377731323242188,5520,0.00707054138183594,5520,0.0105857849121094,5520,-10.1374998092651,5520,-0.00542926788330078,5520,-7.75983428955078,5520,0.00449180603027344,5520,-10.0282020568848,5520,0.00691413879394531,5520,0.013789176940918,5520,-0.00511741638183594,5520,0.00574207305908203,5520,0.0127735137939453,5520,0.0151176452636719
5530,-0.00152301788330078,5530,0.00707054138183594,5530,-0.025273323059082,5530,-0.00503921508789062,5530,0.0009765625,5530,0.00152301788330078,5530,0.000820159912109375,5530,0.00675773620605469,5530,0.00933647155761719,5530,-0.00535202026367188,5530,-0.0378513336181641,5530,0.00707054138183594,5530,0.0105857849121094,5530,-10.1373434066772,5530,-0.00542926788330078,5530,-7.76694345474243,5530,0.00449180603027344,5530,-10.0292177200317,5530,0.00691413879394531,5530,0.0138673782348633,5530,-0.00511741638183594,5530,0.00574207305908203,5530,0.0127735137939453,5530,0.0151176452636719
5540,-0.00152301788330078,5540,0.00707054138183594,5540,-0.025273323059082,5540,-0.00503921508789062,5540,0.0009765625,5540,0.00152301788330078,5540,0.000820159912109375,5540,0.00675773620605469,5540,0.00941371917724609,5540,-0.00535202026367188,5540,-0.0378513336181641,5540,0.00707054138183594,5540,0.0105857849121094,5540,-10.1371088027954,5540,-0.00542926788330078,5540,-7.77178716659546,5540,0.00449180603027344,5540,-10.0296869277954,5540,0.00691413879394531,5540,0.0138673782348633,5540,-0.00511741638183594,5540,0.00574207305908203,5540,0.0127735137939453,5540,0.0151176452636719
5550,-0.00152301788330078,5550,0.00707054138183594,5550,-0.025273323059082,5550,-0.00503921508789062,5550,0.000898361206054688,5550,0.00152301788330078,5550,0.000820159912109375,5550,0.00675773620605469,5550,0.00941371917724609,5550,-0.00535202026367188,5550,-0.0378513336181641,5550,0.00707054138183594,5550,0.0105857849121094,5550,-10.1374216079712,5550,-0.00550746917724609,5550,-7.7726469039917,5550,0.00449180603027344,5550,-10.0303897857666,5550,0.00691413879394531,5550,0.0138673782348633,5550,-0.00511741638183594,5550,0.00574207305908203,5550,0.0127735137939453,5550,0.0150394439697266
5560,-0.00152301788330078,5560,0.00707054138183594,5560,-0.025273323059082,5560,-0.00503921508789062,5560,0.000898361206054688,5560,0.00152301788330078,5560,0.000820159912109375,5560,0.00675773620605469,5560,0.00941371917724609,5560,-0.00535202026367188,5560,-0.0379295349121094,5560,0.00707054138183594,5560,0.0105075836181641,5560,-10.1374216079712,5560,-0.00550746917724609,5560,-7.77366256713867,5560,0.00449180603027344,5560,-10.0310926437378,5560,0.00691413879394531,5560,0.0139455795288086,5560,-0.00511741638183594,5560,0.00574207305908203,5560,0.0127735137939453,5560,0.0150394439697266
5570,-0.00152301788330078,5570,0.00707054138183594,5570,-0.025273323059082,5570,-0.00503921508789062,5570,0.000898361206054688,5570,0.00152301788330078,5570,0.000820159912109375,5570,0.00675773620605469,5570,0.00941371917724609,5570,-0.00535202026367188,5570,-0.0379295349121094,5570,0.00707054138183594,5570,0.0105075836181641,5570,-10.1376552581787,5570,-0.00550746917724609,5570,-7.77530288696289,5570,0.00441455841064453,5570,-10.0315618515015,5570,0.00691413879394531,5570,0.0139455795288086,5570,-0.00511741638183594,5570,0.00574207305908203,5570,0.0127735137939453,5570,0.0150394439697266
5580,-0.00152301788330078,5580,0.00707054138183594,5580,-0.025273323059082,5580,-0.00503921508789062,5580,0.000820159912109375,5580,0.00160121917724609,5580,0.000820159912109375,5580,0.00675773620605469,5580,0.00941371917724609,5580,-0.00527381896972656,5580,-0.0380077362060547,5580,0.00707054138183594,5580,0.0105075836181641,5580,-10.1371870040894,5580,-0.00550746917724609,5580,-7.77467823028564,5580,0.00441455841064453,5580,-10.0318737030029,5580,0.00691413879394531,5580,0.0139455795288086,5580,-0.00511741638183594,5580,0.00574207305908203,5580,0.0127735137939453,5580,0.0150394439697266
5590,-0.00152301788330078,5590,0.00707054138183594,5590,-0.025273323059082,5590,-0.00511741638183594,5590,0.000820159912109375,5590,0.00160121917724609,5590,0.000820159912109375,5590,0.00675773620605469,5590,0.00941371917724609,5590,-0.00527381896972656,5590,-0.0380077362060547,5590,0.00714874267578125,5590,0.0105075836181641,5590,-10.1372652053833,5590,-0.00550746917724609,5590,-7.77350616455078,5590,0.00441455841064453,5590,-10.0322647094727,5590,0.00691413879394531,5590,0.0140237808227539,5590,-0.00511741638183594,5590,0.00574207305908203,5590,0.0126953125,5590,0.0150394439697266
5600,-0.00160121917724609,5600,0.00714874267578125,5600,-0.025273323059082,5600,-0.00511741638183594,5600,0.000820159912109375,5600,0.00160121917724609,5600,0.000898361206054688,5600,0.00675773620605469,5600,0.00941371917724609,5600,-0.00527381896972656,5600,-0.0380859375,5600,0.00714874267578125,5600,0.0104293823242188,5600,-10.1379680633545,5600,-0.00558567047119141,5600,-7.77920913696289,5600,0.00441455841064453,5600,-10.0328893661499,5600,0.00691413879394531,5600,0.0140237808227539,5600,-0.00511741638183594,5600,0.00574207305908203,5600,0.0126953125,5600,0.0150394439697266
5610,-0.00160121917724609,5610,0.00714874267578125,5610,-0.0253515243530273,5610,-0.00511741638183594,5610,0.000820159912109375,5610,0.00160121917724609,5610,0.000898361206054688,5610,0.00675773620605469,5610,0.00941371917724609,5610,-0.00527381896972656,5610,-0.0380859375,5610,0.00714874267578125,5610,0.0104293823242188,5610,-10.1379680633545,5610,-0.00558567047119141,5610,-7.78116226196289,5610,0.00441455841064453,5610,-10.033670425415,5610,0.00691413879394531,5610,0.0141019821166992,5610,-0.00511741638183594,5610,0.00574207305908203,5610,0.0126953125,5610,0.0150394439697266
5620,-0.00160121917724609,5620,0.00714874267578125,5620,-0.0253515243530273,5620,-0.00511741638183594,5620,0.000741958618164062,5620,0.00160121917724609,5620,0.000898361206054688,5620,0.00675773620605469,5620,0.00941371917724609,5620,-0.00527381896972656,5620,-0.0381641387939453,5620,0.00714874267578125,5620,0.0104293823242188,5620,-10.1364841461182,5620,-0.00558567047119141,5620,-7.78280305862427,5620,0.00441455841064453,5620,-10.0342178344727,5620,0.00691413879394531,5620,0.0141019821166992,5620,-0.00511741638183594,5620,0.00574207305908203,5620,0.0126953125,5620,0.0150394439697266
5630,-0.00160121917724609,5630,0.00714874267578125,5630,-0.0253515243530273,5630,-0.00511741638183594,5630,0.000741958618164062,5630,0.00160121917724609,5630,0.000898361206054688,5630,0.0068359375,5630,0.00949192047119141,5630,-0.00519561767578125,5630,-0.0381641387939453,5630,0.00714874267578125,5630,0.0104293823242188,5630,-10.1339054107666,5630,-0.00558567047119141,5630,-7.78788089752197,5630,0.00433635711669922,5630,-10.0343742370605,5630,0.00691413879394531,5630,0.0141019821166992,5630,-0.00519561767578125,5630,0.00574207305908203,5630,0.0126953125,5630,0.0150394439697266
5640,-0.00160121917724609,5640,0.00714874267578125,5640,-0.0253515243530273,5640,-0.00511741638183594,5640,0.000741958618164062,5640,0.00160121917724609,5640,0.000898361206054688,5640,0.0068359375,5640,0.00949192047119141,5640,-0.00519561767578125,5640,-0.0382423400878906,5640,0.00714874267578125,5640,0.0103511810302734,5640,-10.1335935592651,5640,-0.00558567047119141,5640,-7.79209995269775,5640,0.00433635711669922,5640,-10.0348424911499,5640,0.00691413879394531,5640,0.0141801834106445,5640,-0.00511741638183594,5640,0.00574207305908203,5640,0.0126953125,5640,0.0150394439697266
5650,-0.00160121917724609,5650,0.00714874267578125,5650,-0.0253515243530273,5650,-0.00519561767578125,5650,0.00066375732421875,5650,0.00160121917724609,5650,0.000898361206054688,5650,0.0068359375,5650,0.00949192047119141,5650,-0.00519561767578125,5650,-0.0382423400878906,5650,0.00722694396972656,5650,0.0103511810302734,5650,-10.1335153579712,5650,-0.00566387176513672,5650,-7.79592800140381,5650,0.00433635711669922,5650,-10.035623550415,5650,0.00691413879394531,5650,0.0141801834106445,5650,-0.00519561767578125,5650,0.00574207305908203,5650,0.0126953125,5650,0.0150394439697266
5660,-0.00167942047119141,5660,0.00714874267578125,5660,-0.0253515243530273,5660,-0.00519561767578125,5660,0.00066375732421875,5660,0.00160121917724609,5660,0.000898361206054688,5660,0.0068359375,5660,0.00949192047119141,5660,-0.00519561767578125,5660,-0.0382423400878906,5660,0.00722694396972656,5660,0.0103511810302734,5660,-10.1335153579712,5660,-0.00566387176513672,5660,-7.79944372177124,5660,0.00433635711669922,5660,-10.0362491607666,5660,0.00691413879394531,5660,0.0141801834106445,5660,-0.00519561767578125,5660,0.00574207305908203,5660,0.0126953125,5660,0.0150394439697266
5670,-0.00167942047119141,5670,0.00714874267578125,5670,-0.0253515243530273,5670,-0.00519561767578125,5670,0.00066375732421875,5670,0.00160121917724609,5670,0.000898361206054688,5670,0.0068359375,5670,0.00949192047119141,5670,-0.00519561767578125,5670,-0.0383205413818359,5670,0.00722694396972656,5670,0.0102739334106445,5670,-10.1328115463257,5670,-0.00566387176513672,5670,-7.80233430862427,5670,0.00433635711669922,5670,-10.036639213562,5670,0.00691413879394531,5670,0.0142574310302734,5670,-0.00519561767578125,5670,0.00574207305908203,5670,0.0126953125,5670,0.0149612426757812
5680,-0.00167942047119141,5680,0.00714874267578125,5680,-0.0253515243530273,5680,-0.00519561767578125,5680,0.00066375732421875,5680,0.00167942047119141,5680,0.000898361206054688,5680,0.0068359375,5680,0.00949192047119141,5680,-0.00511741638183594,5680,-0.0383205413818359,5680,0.00722694396972656,5680,0.0102739334106445,5680,-10.1332807540894,5680,-0.00566387176513672,5680,-7.80491256713867,5680,0.00433635711669922,5680,-10.0374212265015,5680,0.0068359375,5680,0.0142574310302734,5680,-0.00519561767578125,5680,0.00574207305908203,5680,0.0126171112060547,5680,0.0149612426757812
5690,-0.00167942047119141,5690,0.00714874267578125,5690,-0.0253515243530273,5690,-0.00519561767578125,5690,0.000585556030273438,5690,0.00167942047119141,5690,0.000898361206054688,5690,0.0068359375,5690,0.00949192047119141,5690,-0.00511741638183594,5690,-0.0383987426757812,5690,0.00730514526367188,5690,0.0102739334106445,5690,-10.1336708068848,5690,-0.00566387176513672,5690,-7.808349609375,5690,0.00425815582275391,5690,-10.0381240844727,5690,0.0068359375,5690,0.0143356323242188,5690,-0.00519561767578125,5690,0.00574207305908203,5690,0.0126171112060547,5690,0.0149612426757812
5700,-0.00167942047119141,5700,0.00714874267578125,5700,-0.0253515243530273,5700,-0.00519561767578125,5700,0.000585556030273438,5700,0.00167942047119141,5700,0.000898361206054688,5700,0.0068359375,5700,0.00949192047119141,5700,-0.00511741638183594,5700,-0.0383987426757812,5700,0.00730514526367188,5700,0.0101957321166992,5700,-10.1337490081787,5700,-0.00574207305908203,5700,-7.81085014343262,5700,0.00425815582275391,5700,-10.0388269424438,5700,0.0068359375,5700,0.0143356323242188,5700,-0.00519561767578125,5700,0.00574207305908203,5700,0.0126171112060547,5700,0.0149612426757812
5710,-0.00167942047119141,5710,0.00714874267578125,5710,-0.0253515243530273,5710,-0.00527381896972656,5710,0.000585556030273438,5710,0.00167942047119141,5710,0.000898361206054688,5710,0.0068359375,5710,0.00949192047119141,5710,-0.00511741638183594,5710,-0.0383987426757812,5710,0.00730514526367188,5710,0.0101957321166992,5710,-10.1338272094727,5710,-0.00574207305908203,5710,-7.81350612640381,5710,0.00425815582275391,5710,-10.0392961502075,5710,0.0068359375,5710,0.0143356323242188,5710,-0.00519561767578125,5710,0.00574207305908203,5710,0.0126171112060547,5710,0.0149612426757812
5720,-0.00175762176513672,5720,0.00722694396972656,5720,-0.0253515243530273,5720,-0.00527381896972656,5720,0.000585556030273438,5720,0.00167942047119141,5720,0.000898361206054688,5720,0.0068359375,5720,0.00949192047119141,5720,-0.00503921508789062,5720,-0.0384769439697266,5720,0.00730514526367188,5720,0.0101957321166992,5720,-10.1341400146484,5720,-0.00574207305908203,5720,-7.81631851196289,5720,0.00425815582275391,5720,-10.0398426055908,5720,0.0068359375,5720,0.0144138336181641,5720,-0.00519561767578125,5720,0.00574207305908203,5720,0.0126171112060547,5720,0.0149612426757812
5730,-0.00175762176513672,5730,0.00722694396972656,5730,-0.0253515243530273,5730,-0.00527381896972656,5730,0.000585556030273438,5730,0.00167942047119141,5730,0.000898361206054688,5730,0.00691413879394531,5730,0.00949192047119141,5730,-0.00503921508789062,5730,-0.0384769439697266,5730,0.00738334655761719,5730,0.0101957321166992,5730,-10.1336708068848,5730,-0.00574207305908203,5730,-7.81983423233032,5730,0.00425815582275391,5730,-10.040545463562,5730,0.0068359375,5730,0.0144138336181641,5730,-0.00519561767578125,5730,0.00574207305908203,5730,0.0126171112060547,5730,0.0149612426757812
5740,-0.00175762176513672,5740,0.00722694396972656,5740,-0.0253515243530273,5740,-0.00527381896972656,5740,0.000585556030273438,5740,0.00167942047119141,5740,0.000898361206054688,5740,0.00691413879394531,5740,0.00949192047119141,5740,-0.00503921508789062,5740,-0.0385551452636719,5740,0.00738334655761719,5740,0.0101175308227539,5740,-10.1336708068848,5740,-0.00574207305908203,5740,-7.82202196121216,5740,0.00417995452880859,5740,-10.041482925415,5740,0.0068359375,5740,0.0144138336181641,5740,-0.00519561767578125,5740,0.00574207305908203,5740,0.0126171112060547,5740,0.0149612426757812
5750,-0.00175762176513672,5750,0.00722694396972656,5750,-0.0253515243530273,5750,-0.00527381896972656,5750,0.000585556030273438,5750,0.00167942047119141,5750,0.000898361206054688,5750,0.00691413879394531,5750,0.00949192047119141,5750,-0.00503921508789062,5750,-0.0385551452636719,5750,0.00738334655761719,5750,0.0101175308227539,5750,-10.1336708068848,5750,-0.00582027435302734,5750,-7.82295942306519,5750,0.00417995452880859,5750,-10.0417957305908,5750,0.0068359375,5750,0.0144138336181641,5750,-0.00519561767578125,5750,0.00574207305908203,5750,0.0125389099121094,5750,0.0149612426757812
5760,-0.00175762176513672,5760,0.00722694396972656,5760,-0.0253515243530273,5760,-0.00527381896972656,5760,0.000585556030273438,5760,0.00167942047119141,5760,0.000898361206054688,5760,0.00691413879394531,5760,0.00957012176513672,5760,-0.00503921508789062,5760,-0.0385551452636719,5760,0.00738334655761719,5760,0.0101175308227539,5760,-10.1335935592651,5760,-0.00582027435302734,5760,-7.82374048233032,5760,0.00417995452880859,5760,-10.0423431396484,5760,0.0068359375,5760,0.0144920349121094,5760,-0.00527381896972656,5760,0.00582027435302734,5760,0.0125389099121094,5760,0.0149612426757812
5770,-0.00175762176513672,5770,0.00722694396972656,5770,-0.0253515243530273,5770,-0.00527381896972656,5770,0.000585556030273438,5770,0.00167942047119141,5770,0.000898361206054688,5770,0.00691413879394531,5770,0.00957012176513672,5770,-0.00496101379394531,5770,-0.0385551452636719,5770,0.00746059417724609,5770,0.0101175308227539,5770,-10.1332025527954,5770,-0.00582027435302734,5770,-7.82452201843262,5770,0.00417995452880859,5770,-10.0427331924438,5770,0.0068359375,5770,0.0144920349121094,5770,-0.00519561767578125,5770,0.00582027435302734,5770,0.0125389099121094,5770,0.0149612426757812
5780,-0.00175762176513672,5780,0.00722694396972656,5780,-0.0253515243530273,5780,-0.00535202026367188,5780,0.000585556030273438,5780,0.00167942047119141,5780,0.000898361206054688,5780,0.00691413879394531,5780,0.00957012176513672,5780,-0.00496101379394531,5780,-0.0386333465576172,5780,0.00746059417724609,5780,0.0100393295288086,5780,-10.1336708068848,5780,-0.00582027435302734,5780,-7.82381868362427,5780,0.00417995452880859,5780,-10.0430459976196,5780,0.0068359375,5780,0.0145702362060547,5780,-0.00527381896972656,5780,0.00582027435302734,5780,0.0125389099121094,5780,0.0149612426757812
5790,-0.00175762176513672,5790,0.00722694396972656,5790,-0.0253515243530273,5790,-0.00535202026367188,5790,0.000585556030273438,5790,0.00175762176513672,5790,0.000898361206054688,5790,0.00691413879394531,5790,0.00957012176513672,5790,-0.00496101379394531,5790,-0.0386333465576172,5790,0.00746059417724609,5790,0.0100393295288086,5790,-10.1331243515015,5790,-0.00582027435302734,5790,-7.82475614547729,5790,0.00417995452880859,5790,-10.0430459976196,5790,0.0068359375,5790,0.0145702362060547,5790,-0.00527381896972656,5790,0.00582027435302734,5790,0.0125389099121094,5790,0.0149612426757812
5800,-0.00183582305908203,5800,0.00722694396972656,5800,-0.0253515243530273,5800,-0.00535202026367188,5800,0.00066375732421875,5800,0.00175762176513672,5800,0.000898361206054688,5800,0.00691413879394531,5800,0.00957012176513672,5800,-0.00496101379394531,5800,-0.0386333465576172,5800,0.00746059417724609,5800,0.0100393295288086,5800,-10.1326551437378,5800,-0.00582027435302734,5800,-7.82663154602051,5800,0.00417995452880859,5800,-10.0439834594727,5800,0.0068359375,5800,0.0145702362060547,5800,-0.00527381896972656,5800,0.00582027435302734,5800,0.0125389099121094,5800,0.0149612426757812
5810,-0.00183582305908203,5810,0.00722694396972656,5810,-0.0253515243530273,5810,-0.00535202026367188,5810,0.00066375732421875,5810,0.00175762176513672,5810,0.000898361206054688,5810,0.00691413879394531,5810,0.00957012176513672,5810,-0.00496101379394531,5810,-0.0386333465576172,5810,0.00753879547119141,5810,0.0100393295288086,5810,-10.1331243515015,5810,-0.00589847564697266,5810,-7.82795906066895,5810,0.00417995452880859,5810,-10.044529914856,5810,0.0068359375,5810,0.0145702362060547,5810,-0.00527381896972656,5810,0.00582027435302734,5810,0.0125389099121094,5810,0.0149612426757812
5820,-0.00183582305908203,5820,0.00722694396972656,5820,-0.0253515243530273,5820,-0.00535202026367188,5820,0.00066375732421875,5820,0.00175762176513672,5820,0.000898361206054688,5820,0.00691413879394531,5820,0.00957012176513672,5820,-0.0048828125,5820,-0.0386333465576172,5820,0.00753879547119141,5820,0.0100393295288086,5820,-10.1333589553833,5820,-0.00589847564697266,5820,-7.82764720916748,5820,0.00410175323486328,5820,-10.044451713562,5820,0.0068359375,5820,0.0146484375,5820,-0.00527381896972656,5820,0.00582027435302734,5820,0.0124607086181641,5820,0.0149612426757812
5830,-0.00183582305908203,5830,0.00722694396972656,5830,-0.0253515243530273,5830,-0.00535202026367188,5830,0.00066375732421875,5830,0.00175762176513672,5830,0.000898361206054688,5830,0.00699234008789062,5830,0.00957012176513672,5830,-0.0048828125,5830,-0.0387105941772461,5830,0.00753879547119141,5830,0.00996112823486328,5830,-10.1325778961182,5830,-0.00589847564697266,5830,-7.82569408416748,5830,0.00410175323486328,5830,-10.044451713562,5830,0.0068359375,5830,0.0146484375,5830,-0.00527381896972656,5830,0.00582027435302734,5830,0.0124607086181641,5830,0.0149612426757812
5840,-0.00183582305908203,5840,0.00730514526367188,5840,-0.0253515243530273,5840,-0.00535202026367188,5840,0.00066375732421875,5840,0.00175762176513672,5840,0.000898361206054688,5840,0.00699234008789062,5840,0.00957012176513672,5840,-0.0048828125,5840,-0.0387105941772461,5840,0.00761699676513672,5840,0.00996112823486328,5840,-10.1328115463257,5840,-0.00589847564697266,5840,-7.82460021972656,5840,0.00410175323486328,5840,-10.0449209213257,5840,0.0068359375,5840,0.0146484375,5840,-0.00527381896972656,5840,0.00582027435302734,5840,0.0124607086181641,5840,0.0149612426757812
5850,-0.00183582305908203,5850,0.00730514526367188,5850,-0.0253515243530273,5850,-0.00535202026367188,5850,0.000741958618164062,5850,0.00175762176513672,5850,0.000898361206054688,5850,0.00699234008789062,5850,0.00957012176513672,5850,-0.0048828125,5850,-0.0387105941772461,5850,0.00761699676513672,5850,0.00996112823486328,5850,-10.1328897476196,5850,-0.00589847564697266,5850,-7.82624053955078,5850,0.00410175323486328,5850,-10.0450773239136,5850,0.0068359375,5850,0.0147266387939453,5850,-0.00527381896972656,5850,0.00582027435302734,5850,0.0124607086181641,5850,0.0149612426757812
5860,-0.00183582305908203,5860,0.00730514526367188,5860,-0.0253515243530273,5860,-0.00535202026367188,5860,0.000741958618164062,5860,0.00175762176513672,5860,0.000898361206054688,5860,0.00699234008789062,5860,0.00957012176513672,5860,-0.0048828125,5860,-0.0387105941772461,5860,0.00761699676513672,5860,0.00996112823486328,5860,-10.1334371566772,5860,-0.00597667694091797,5860,-7.82514667510986,5860,0.00410175323486328,5860,-10.0452337265015,5860,0.0068359375,5860,0.0147266387939453,5860,-0.00527381896972656,5860,0.00582027435302734,5860,0.0124607086181641,5860,0.0149612426757812
5870,-0.00183582305908203,5870,0.00730514526367188,5870,-0.0253515243530273,5870,-0.00535202026367188,5870,0.000741958618164062,5870,0.00175762176513672,5870,0.000898361206054688,5870,0.00699234008789062,5870,0.00957012176513672,5870,-0.00480461120605469,5870,-0.0387105941772461,5870,0.00761699676513672,5870,0.00996112823486328,5870,-10.1331243515015,5870,-0.00597667694091797,5870,-7.82350635528564,5870,0.00410175323486328,5870,-10.0457801818848,5870,0.0068359375,5870,0.0147266387939453,5870,-0.00527381896972656,5870,0.00582027435302734,5870,0.0124607086181641,5870,0.0149612426757812
5880,-0.00183582305908203,5880,0.00730514526367188,5880,-0.0253515243530273,5880,-0.00542926788330078,5880,0.000820159912109375,5880,0.00175762176513672,5880,0.000898361206054688,5880,0.00699234008789062,5880,0.00957012176513672,5880,-0.00480461120605469,5880,-0.0387105941772461,5880,0.00769519805908203,5880,0.00996112823486328,5880,-10.1329679489136,5880,-0.00597667694091797,5880,-7.82553768157959,5880,0.00410175323486328,5880,-10.0459365844727,5880,0.0068359375,5880,0.0147266387939453,5880,-0.00527381896972656,5880,0.00582027435302734,5880,0.0123825073242188,5880,0.0149612426757812
5890,-0.00183582305908203,5890,0.00730514526367188,5890,-0.0253515243530273,5890,-0.00542926788330078,5890,0.000820159912109375,5890,0.00175762176513672,5890,0.000898361206054688,5890,0.00699234008789062,5890,0.00957012176513672,5890,-0.00480461120605469,5890,-0.0387105941772461,5890,0.00769519805908203,5890,0.00996112823486328,5890,-10.1324996948242,5890,-0.00597667694091797,5890,-7.82639694213867,5890,0.00410175323486328,5890,-10.046483039856,5890,0.0068359375,5890,0.0148048400878906,5890,-0.00527381896972656,5890,0.00582027435302734,5890,0.0123825073242188,5890,0.0149612426757812
5900,-0.00183582305908203,5900,0.00730514526367188,5900,-0.0253515243530273,5900,-0.00542926788330078,5900,0.000820159912109375,5900,0.00175762176513672,5900,0.000898361206054688,5900,0.00699234008789062,5900,0.00957012176513672,5900,-0.00480461120605469,5900,-0.0387887954711914,5900,0.00769519805908203,5900,0.00996112823486328,5900,-10.1324996948242,5900,-0.00597667694091797,5900,-7.82866239547729,5900,0.00410175323486328,5900,-10.0471086502075,5900,0.0068359375,5900,0.0148048400878906,5900,-0.00527381896972656,5900,0.00582027435302734,5900,0.0123825073242188,5900,0.0149612426757812
5910,-0.00191402435302734,5910,0.00730514526367188,5910,-0.0253515243530273,5910,-0.00542926788330078,5910,0.000898361206054688,5910,0.00183582305908203,5910,0.000898361206054688,5910,0.00707054138183594,5910,0.00957012176513672,5910,-0.00480461120605469,5910,-0.0387887954711914,5910,0.00777339935302734,5910,0.00996112823486328,5910,-10.1322650909424,5910,-0.00597667694091797,5910,-7.83116245269775,5910,0.00410175323486328,5910,-10.047420501709,5910,0.0068359375,5910,0.0148048400878906,5910,-0.00527381896972656,5910,0.00582027435302734,5910,0.0123825073242188,5910,0.0149612426757812
5920,-0.00191402435302734,5920,0.00730514526367188,5920,-0.0253515243530273,5920,-0.00542926788330078,5920,0.000898361206054688,5920,0.00183582305908203,5920,0.000898361206054688,5920,0.00707054138183594,5920,0.00964832305908203,5920,-0.00472640991210938,5920,-0.0387887954711914,5920,0.00777339935302734,5920,0.00988292694091797,5920,-10.1325778961182,5920,-0.00605487823486328,5920,-7.83405303955078,5920,0.00410175323486328,5920,-10.0476551055908,5920,0.0068359375,5920,0.0148048400878906,5920,-0.00527381896972656,5920,0.00582027435302734,5920,0.0123825073242188,5920,0.0149612426757812
5930,-0.00191402435302734,5930,0.00730514526367188,5930,-0.0253515243530273,5930,-0.00542926788330078,5930,0.000898361206054688,5930,0.00183582305908203,5930,0.000898361206054688,5930,0.00707054138183594,5930,0.00964832305908203,5930,-0.00472640991210938,5930,-0.0387887954711914,5930,0.00777339935302734,5930,0.00996112823486328,5930,-10.1320304870605,5930,-0.00605487823486328,5930,-7.83756875991821,5930,0.00410175323486328,5930,-10.0478897094727,5930,0.0068359375,5930,0.0148830413818359,5930,-0.00527381896972656,5930,0.00582027435302734,5930,0.0123825073242188,5930,0.0149612426757812
5940,-0.00191402435302734,5940,0.00730514526367188,5940,-0.0253515243530273,5940,-0.00542926788330078,5940,0.0009765625,5940,0.00183582305908203,5940,0.000898361206054688,5940,0.00707054138183594,5940,0.00964832305908203,5940,-0.00472640991210938,5940,-0.0387887954711914,5940,0.00785160064697266,5940,0.00988292694091797,5940,-10.1324214935303,5940,-0.00605487823486328,5940,-7.83772468566895,5940,0.00410175323486328,5940,-10.0480461120605,5940,0.0068359375,5940,0.0148830413818359,5940,-0.00527381896972656,5940,0.00582027435302734,5940,0.0123825073242188,5940,0.0149612426757812
5950,-0.00191402435302734,5950,0.00730514526367188,5950,-0.0253515243530273,5950,-0.00542926788330078,5950,0.0009765625,5950,0.00183582305908203,5950,0.000898361206054688,5950,0.00707054138183594,5950,0.00964832305908203,5950,-0.00472640991210938,5950,-0.0387887954711914,5950,0.00785160064697266,5950,0.00988292694091797,5950,-10.1323432922363,5950,-0.00605487823486328,5950,-7.84311580657959,5950,0.00410175323486328,5950,-10.0485925674438,5950,0.0068359375,5950,0.0148830413818359,5950,-0.00527381896972656,5950,0.00582027435302734,5950,0.0123825073242188,5950,0.0149612426757812
5960,-0.00191402435302734,5960,0.00730514526367188,5960,-0.0253515243530273,5960,-0.00542926788330078,5960,0.0009765625,5960,0.00183582305908203,5960,0.000898361206054688,5960,0.00707054138183594,5960,0.00964832305908203,5960,-0.00472640991210938,5960,-0.0387887954711914,5960,0.00785160064697266,5960,0.00988292694091797,5960,-10.1331243515015,5960,-0.00605487823486328,5960,-7.8474907875061,5960,0.00402355194091797,5960,-10.0489835739136,5960,0.0068359375,5960,0.0148830413818359,5960,-0.00527381896972656,5960,0.00589847564697266,5960,0.0123043060302734,5960,0.0149612426757812
5970,-0.00191402435302734,5970,0.00730514526367188,5970,-0.0253515243530273,5970,-0.00542926788330078,5970,0.00105476379394531,5970,0.00183582305908203,5970,0.000898361206054688,5970,0.00707054138183594,5970,0.00964832305908203,5970,-0.00464820861816406,5970,-0.0387887954711914,5970,0.00792980194091797,5970,0.00988292694091797,5970,-10.1332807540894,5970,-0.00605487823486328,5970,-7.84999084472656,5970,0.00402355194091797,5970,-10.0495300292969,5970,0.0068359375,5970,0.0149612426757812,5970,-0.00527381896972656,5970,0.00589847564697266,5970,0.0123043060302734,5970,0.0149612426757812
5980,-0.00191402435302734,5980,0.00730514526367188,5980,-0.0253515243530273,5980,-0.00542926788330078,5980,0.00105476379394531,5980,0.00183582305908203,5980,0.000898361206054688,5980,0.00707054138183594,5980,0.00964832305908203,5980,-0.00464820861816406,5980,-0.0387887954711914,5980,0.00792980194091797,5980,0.00988292694091797,5980,-10.1329679489136,5980,-0.00605487823486328,5980,-7.85288143157959,5980,0.00402355194091797,5980,-10.0501556396484,5980,0.0068359375,5980,0.0149612426757812,5980,-0.00527381896972656,5980,0.00589847564697266,5980,0.0123043060302734,5980,0.0149612426757812
5990,-0.00191402435302734,5990,0.00730514526367188,5990,-0.0253515243530273,5990,-0.00542926788330078,5990,0.00113296508789062,5990,0.00183582305908203,5990,0.000898361206054688,5990,0.00707054138183594,5990,0.00964832305908203,5990,-0.00464820861816406,5990,-0.0387887954711914,5990,0.00792980194091797,5990,0.00988292694091797,5990,-10.1326551437378,5990,-0.00613307952880859,5990,-7.85491275787354,5990,0.00402355194091797,5990,-10.0505456924438,5990,0.0068359375,5990,0.0149612426757812,5990,-0.00527381896972656,5990,0.00589847564697266,5990,0.0123043060302734,5990,0.0149612426757812
6000,-0.00191402435302734,6000,0.00730514526367188,6000,-0.0253515243530273,6000,-0.00550746917724609,6000,0.00113296508789062,6000,0.00183582305908203,6000,0.000898361206054688,6000,0.00707054138183594,6000,0.00964832305908203,6000,-0.00464820861816406,6000,-0.0387887954711914,6000,0.00792980194091797,6000,0.00988292694091797,6000,-10.1324996948242,6000,-0.00613307952880859,6000,-7.85764694213867,6000,0.00402355194091797,6000,-10.0510149002075,6000,0.0068359375,6000,0.0149612426757812,6000,-0.00535202026367188,6000,0.00589847564697266,6000,0.0123043060302734,6000,0.0149612426757812
6010,-0.00191402435302734,6010,0.00730514526367188,6010,-0.0253515243530273,6010,-0.00542926788330078,6010,0.00113296508789062,6010,0.00183582305908203,6010,0.000898361206054688,6010,0.00707054138183594,6010,0.00964832305908203,6010,-0.00464820861816406,6010,-0.0388669967651367,6010,0.00792980194091797,6010,0.00988292694091797,6010,-10.1326551437378,6010,-0.00613307952880859,6010,-7.86170959472656,6010,0.00402355194091797,6010,-10.051326751709,6010,0.0068359375,6010,0.0149612426757812,6010,-0.00527381896972656,6010,0.00589847564697266,6010,0.0123043060302734,6010,0.0149612426757812
6020,-0.00191402435302734,6020,0.00730514526367188,6020,-0.0253515243530273,6020,-0.00542926788330078,6020,0.00113296508789062,6020,0.00183582305908203,6020,0.000898361206054688,6020,0.00714874267578125,6020,0.00964832305908203,6020,-0.00464820861816406,6020,-0.0387887954711914,6020,0.00800800323486328,6020,0.00988292694091797,6020,-10.1325778961182,6020,-0.00613307952880859,6020,-7.86764717102051,6020,0.00402355194091797,6020,-10.0519523620605,6020,0.0068359375,6020,0.0149612426757812,6020,-0.00535202026367188,6020,0.00589847564697266,6020,0.0123043060302734,6020,0.0149612426757812
6030,-0.00191402435302734,6030,0.00730514526367188,6030,-0.0253515243530273,6030,-0.00550746917724609,6030,0.00121116638183594,6030,0.00183582305908203,6030,0.000898361206054688,6030,0.00714874267578125,6030,0.00964832305908203,6030,-0.00457000732421875,6030,-0.0388669967651367,6030,0.00800800323486328,6030,0.00988292694091797,6030,-10.1328897476196,6030,-0.00613307952880859,6030,-7.87256908416748,6030,0.00402355194091797,6030,-10.0521087646484,6030,0.0068359375,6030,0.0149612426757812,6030,-0.00535202026367188,6030,0.00589847564697266,6030,0.0122270584106445,6030,0.0149612426757812
6040,-0.0294923782348633,6040,-0.0344924926757812,6040,-0.0383987426757812,6040,-0.0990238189697266,6040,-0.0353517532348633,6040,-0.0426950454711914,6040,-0.0454301834106445,6040,-0.0385551452636719,6040,-0.0204296112060547,6040,-0.0251169204711914,6040,-0.0380859375,6040,-0.029414176940918,6040,-0.0374612808227539,6040,-10.0282802581787,6040,-0.0337886810302734,6040,-9.02647972106934,6040,-0.0325393676757812,6040,-8.80046272277832,6040,-0.023320198059082,6040,-0.0369138717651367,6040,-0.0376958847045898,6040,-0.0172262191772461,6040,-0.0289449691772461,6040,-0.0148048400878906
6050,-0.0293359756469727,6050,-0.0344924926757812,6050,-0.0383205413818359,6050,-0.0987892150878906,6050,-0.0353517532348633,6050,-0.0426950454711914,6050,-0.0455083847045898,6050,-0.0384769439697266,6050,-0.0204296112060547,6050,-0.0251169204711914,6050,-0.0378513336181641,6050,-0.029414176940918,6050,-0.0378513336181641,6050,-10.1524991989136,6050,-0.0337114334106445,6050,-9.2048397064209,6050,-0.0325393676757812,6050,-8.71835327148438,6050,-0.0232419967651367,6050,-0.0149612426757812,6050,-0.0376958847045898,6050,-0.0171480178833008,6050,-0.0289449691772461,6050,-0.0147266387939453
6060,-0.0292577743530273,6060,-0.0344924926757812,6060,-0.0382423400878906,6060,-0.0983991622924805,6060,-0.035273551940918,6060,-0.0426950454711914,6060,-0.0455083847045898,6060,-0.0384769439697266,6060,-0.0204296112060547,6060,-0.0251169204711914,6060,-0.0378513336181641,6060,-0.0293359756469727,6060,-0.0380859375,6060,-10.1557807922363,6060,-0.0336332321166992,6060,-9.12858963012695,6060,-0.0326175689697266,6060,-8.62780570983887,6060,-0.0231637954711914,6060,-0.0149612426757812,6060,-0.0376176834106445,6060,-0.0171480178833008,6060,-0.0289449691772461,6060,-0.0147266387939453
6070,-0.0291013717651367,6070,-0.0344924926757812,6070,-0.0382423400878906,6070,-0.0980081558227539,6070,-0.035273551940918,6070,-0.0426950454711914,6070,-0.0454301834106445,6070,-0.0384769439697266,6070,-0.0203514099121094,6070,-0.0251169204711914,6070,-0.0377731323242188,6070,-0.0293359756469727,6070,-0.0384769439697266,6070,-10.1616401672363,6070,-0.0335550308227539,6070,-9.16851139068604,6070,-0.0326175689697266,6070,-8.55905628204346,6070,-0.0231637954711914,6070,-0.0148830413818359,6070,-0.0376176834106445,6070,-0.0170707702636719,6070,-0.0289449691772461,6070,-0.0146484375
6080,-0.0290231704711914,6080,-0.0344924926757812,6080,-0.0381641387939453,6080,-0.0976171493530273,6080,-0.0351953506469727,6080,-0.0426950454711914,6080,-0.0455083847045898,6080,-0.0384769439697266,6080,-0.0203514099121094,6080,-0.0251169204711914,6080,-0.0377731323242188,6080,-0.0293359756469727,6080,-0.0386333465576172,6080,-10.1600780487061,6080,-0.0335550308227539,6080,-9.15343284606934,6080,-0.0326957702636719,6080,-8.50179004669189,6080,-0.0230855941772461,6080,-0.0148830413818359,6080,-0.0375394821166992,6080,-0.0170707702636719,6080,-0.0289449691772461,6080,-0.0146484375
6090,-0.0289449691772461,6090,-0.0344924926757812,6090,-0.0380859375,6090,-0.0972270965576172,6090,-0.0351953506469727,6090,-0.0426950454711914,6090,-0.0454301834106445,6090,-0.0384769439697266,6090,-0.0202732086181641,6090,-0.0251169204711914,6090,-0.0378513336181641,6090,-0.0292577743530273,6090,-0.0391016006469727,6090,-10.1617183685303,6090,-0.0334768295288086,6090,-9.15608978271484,6090,-0.0327739715576172,6090,-8.45272731781006,6090,-0.0230855941772461,6090,-0.0148048400878906,6090,-0.0375394821166992,6090,-0.0169925689697266,6090,-0.0289449691772461,6090,-0.0145702362060547
6100,-0.0288677215576172,6100,-0.0344924926757812,6100,-0.0380859375,6100,-0.0969142913818359,6100,-0.0351953506469727,6100,-0.0426168441772461,6100,-0.0454301834106445,6100,-0.0384769439697266,6100,-0.0202732086181641,6100,-0.0251169204711914,6100,-0.0377731323242188,6100,-0.0292577743530273,6100,-0.0393362045288086,6100,-10.1606245040894,6100,-0.0334768295288086,6100,-9.15413665771484,6100,-0.0328512191772461,6100,-8.41288375854492,6100,-0.0230855941772461,6100,-0.0148048400878906,6100,-0.0375394821166992,6100,-0.0169925689697266,6100,-0.0289449691772461,6100,-0.0144920349121094
6110,-0.0288677215576172,6110,-0.0344924926757812,6110,-0.0380077362060547,6110,-0.0965242385864258,6110,-0.0351171493530273,6110,-0.0426168441772461,6110,-0.0454301834106445,6110,-0.0384769439697266,6110,-0.0202732086181641,6110,-0.0250387191772461,6110,-0.0373830795288086,6110,-0.0292577743530273,6110,-0.0396490097045898,6110,-10.1607809066772,6110,-0.0334768295288086,6110,-9.14843273162842,6110,-0.0328512191772461,6110,-8.3791332244873,6110,-0.0230073928833008,6110,-0.0148048400878906,6110,-0.0375394821166992,6110,-0.0169925689697266,6110,-0.0289449691772461,6110,-0.0144920349121094
6120,-0.0287895202636719,6120,-0.0344924926757812,6120,-0.0379295349121094,6120,-0.0962114334106445,6120,-0.0351171493530273,6120,-0.0426168441772461,6120,-0.0454301834106445,6120,-0.0384769439697266,6120,-0.0201950073242188,6120,-0.0250387191772461,6120,-0.0373048782348633,6120,-0.029179573059082,6120,-0.0399608612060547,6120,-10.1617183685303,6120,-0.0333986282348633,6120,-9.15874576568604,6120,-0.0328512191772461,6120,-8.34850788116455,6120,-0.0230073928833008,6120,-0.0147266387939453,6120,-0.0375394821166992,6120,-0.0169143676757812,6120,-0.0289449691772461,6120,-0.0144138336181641
6130,-0.0287113189697266,6130,-0.0344924926757812,6130,-0.0379295349121094,6130,-0.095820426940918,6130,-0.0351171493530273,6130,-0.0426168441772461,6130,-0.0454301834106445,6130,-0.0384769439697266,6130,-0.0201950073242188,6130,-0.0250387191772461,6130,-0.0371484756469727,6130,-0.029179573059082,6130,-0.0398826599121094,6130,-10.1619529724121,6130,-0.0333986282348633,6130,-9.1473388671875,6130,-0.0327739715576172,6130,-8.32272720336914,6130,-0.0230073928833008,6130,-0.0147266387939453,6130,-0.0374612808227539,6130,-0.0169143676757812,6130,-0.0289449691772461,6130,-0.0144138336181641
6140,-0.0287113189697266,6140,-0.0344924926757812,6140,-0.0378513336181641,6140,-0.0955085754394531,6140,-0.035038948059082,6140,-0.0426168441772461,6140,-0.0454301834106445,6140,-0.0384769439697266,6140,-0.0201950073242188,6140,-0.0250387191772461,6140,-0.0370702743530273,6140,-0.029179573059082,6140,-0.0401172637939453,6140,-10.1606245040894,6140,-0.0333986282348633,6140,-9.15163612365723,6140,-0.0327739715576172,6140,-8.3036642074585,6140,-0.0230073928833008,6140,-0.0146484375,6140,-0.0374612808227539,6140,-0.0168361663818359,6140,-0.0288677215576172,6140,-0.0143356323242188
6150,-0.0286331176757812,6150,-0.0344924926757812,6150,-0.0377731323242188,6150,-0.0952739715576172,6150,-0.035038948059082,6150,-0.0426168441772461,6150,-0.0454301834106445,6150,-0.0384769439697266,6150,-0.0201168060302734,6150,-0.0250387191772461,6150,-0.0371484756469727,6150,-0.0291013717651367,6150,-0.0405082702636719,6150,-10.1609373092651,6150,-0.0333986282348633,6150,-9.14804267883301,6150,-0.0326957702636719,6150,-8.28561782836914,6150,-0.0229301452636719,6150,-0.0146484375,6150,-0.0374612808227539,6150,-0.0168361663818359,6150,-0.0288677215576172,6150,-0.0143356323242188
6160,-0.0286331176757812,6160,-0.0344924926757812,6160,-0.0377731323242188,6160,-0.0949611663818359,6160,-0.035038948059082,6160,-0.0426168441772461,6160,-0.0454301834106445,6160,-0.0384769439697266,6160,-0.0201168060302734,6160,-0.0250387191772461,6160,-0.036992073059082,6160,-0.0291013717651367,6160,-0.0405864715576172,6160,-10.1626558303833,6160,-0.033320426940918,6160,-9.1638240814209,6160,-0.0326957702636719,6160,-8.27163314819336,6160,-0.0229301452636719,6160,-0.0145702362060547,6160,-0.0374612808227539,6160,-0.0167579650878906,6160,-0.0288677215576172,6160,-0.0143356323242188
6170,-0.0286331176757812,6170,-0.0344924926757812,6170,-0.0376958847045898,6170,-0.0947265625,6170,-0.0349607467651367,6170,-0.0426168441772461,6170,-0.0454301834106445,6170,-0.0384769439697266,6170,-0.0201168060302734,6170,-0.0250387191772461,6170,-0.036992073059082,6170,-0.0291013717651367,6170,-0.0409765243530273,6170,-10.1619529724121,6170,-0.033320426940918,6170,-9.15554237365723,6170,-0.0326957702636719,6170,-8.26116371154785,6170,-0.0229301452636719,6170,-0.0145702362060547,6170,-0.0375394821166992,6170,-0.0167579650878906,6170,-0.0288677215576172,6170,-0.0142574310302734
6180,-0.0286331176757812,6180,-0.0344924926757812,6180,-0.0376176834106445,6180,-0.0945701599121094,6180,-0.0349607467651367,6180,-0.0426168441772461,6180,-0.0454301834106445,6180,-0.0384769439697266,6180,-0.0200395584106445,6180,-0.0250387191772461,6180,-0.0370702743530273,6180,-0.0290231704711914,6180,-0.0414457321166992,6180,-10.1610155105591,6180,-0.033320426940918,6180,-9.14601135253906,6180,-0.0326175689697266,6180,-8.24874210357666,6180,-0.0229301452636719,6180,-0.0144920349121094,6180,-0.0375394821166992,6180,-0.0166797637939453,6180,-0.0288677215576172,6180,-0.0142574310302734
6190,-0.0287113189697266,6190,-0.0344924926757812,6190,-0.0376176834106445,6190,-0.0943365097045898,6190,-0.0349607467651367,6190,-0.0425395965576172,6190,-0.0454301834106445,6190,-0.0384769439697266,6190,-0.0200395584106445,6190,-0.0250387191772461,6190,-0.0371484756469727,6190,-0.0290231704711914,6190,-0.0419139862060547,6190,-10.1613273620605,6190,-0.033320426940918,6190,-9.15593338012695,6190,-0.0326175689697266,6190,-8.23936748504639,6190,-0.0229301452636719,6190,-0.0144920349121094,6190,-0.0375394821166992,6190,-0.0166797637939453,6190,-0.0288677215576172,6190,-0.0141792297363281
6200,-0.0287113189697266,6200,-0.0344924926757812,6200,-0.0375394821166992,6200,-0.0941019058227539,6200,-0.0348825454711914,6200,-0.0425395965576172,6200,-0.0454301834106445,6200,-0.0384769439697266,6200,-0.0200395584106445,6200,-0.0250387191772461,6200,-0.0370702743530273,6200,-0.0290231704711914,6200,-0.0421485900878906,6200,-10.1609373092651,6200,-0.033320426940918,6200,-9.15944862365723,6200,-0.0325393676757812,6200,-8.23296070098877,6200,-0.0229301452636719,6200,-0.0144920349121094,6200,-0.0375394821166992,6200,-0.0166797637939453,6200,-0.0288677215576172,6200,-0.0141792297363281
6210,-0.0398044586181641,6210,-0.0345706939697266,6210,-0.0368356704711914,6210,-0.0943365097045898,6210,-0.0344924926757812,6210,-0.0425395965576172,6210,-0.0455083847045898,6210,-0.0384769439697266,6210,-0.019648551940918,6210,-0.0250387191772461,6210,-0.0340232849121094,6210,-0.0287113189697266,6210,-0.050663948059082,6210,-10.1070308685303,6210,-0.0408201217651367,6210,-8.20569515228271,6210,-0.0383987426757812,6210,-8.28475761413574,6210,-0.0316801071166992,6210,-0.0140237808227539,6210,-0.0453519821166992,6210,-0.0161333084106445,6210,-0.0289449691772461,6210,-0.013554573059082
6220,-0.0342578887939453,6220,-0.0345706939697266,6220,-0.0368356704711914,6220,-0.089961051940918,6220,-0.0344924926757812,6220,-0.0425395965576172,6220,-0.0455083847045898,6220,-0.0384769439697266,6220,-0.0195703506469727,6220,-0.0250387191772461,6220,-0.0355081558227539,6220,-0.0287113189697266,6220,-0.0476951599121094,6220,-10.1644525527954,6220,-0.0363674163818359,6220,-8.77616596221924,6220,-0.035038948059082,6220,-8.30413341522217,6220,-0.0275392532348633,6220,-0.0140237808227539,6220,-0.041132926940918,6220,-0.0161333084106445,6220,-0.0289449691772461,6220,-0.013554573059082
6230,-0.0319137573242188,6230,-0.0345706939697266,6230,-0.0367574691772461,6230,-0.0883207321166992,6230,-0.0344924926757812,6230,-0.0425395965576172,6230,-0.0455083847045898,6230,-0.0384769439697266,6230,-0.0195703506469727,6230,-0.0250387191772461,6230,-0.0368356704711914,6230,-0.0286331176757812,6230,-0.0464458465576172,6230,-10.1657028198242,6230,-0.0345706939697266,6230,-9.08046436309814,6230,-0.0337114334106445,6230,-8.31202411651611,6230,-0.0258207321166992,6230,-0.0139455795288086,6230,-0.0392580032348633,6230,-0.0161333084106445,6230,-0.0289449691772461,6230,-0.013554573059082
6240,-0.0307426452636719,6240,-0.0345706939697266,6240,-0.0367574691772461,6240,-0.0872268676757812,6240,-0.0344142913818359,6240,-0.0425395965576172,6240,-0.0455083847045898,6240,-0.0384769439697266,6240,-0.0195703506469727,6240,-0.0250387191772461,6240,-0.037226676940918,6240,-0.0286331176757812,6240,-0.0460548400878906,6240,-10.1622648239136,6240,-0.0337114334106445,6240,-9.18523025512695,6240,-0.0329294204711914,6240,-8.31139850616455,6240,-0.0248050689697266,6240,-0.0139455795288086,6240,-0.0382423400878906,6240,-0.0160551071166992,6240,-0.0289449691772461,6240,-0.0134763717651367
6250,-0.0301952362060547,6250,-0.0345706939697266,6250,-0.0366802215576172,6250,-0.0866022109985352,6250,-0.0344142913818359,6250,-0.0425395965576172,6250,-0.0455083847045898,6250,-0.0383987426757812,6250,-0.0194921493530273,6250,-0.0250387191772461,6250,-0.0374612808227539,6250,-0.0286331176757812,6250,-0.0459766387939453,6250,-10.1575775146484,6250,-0.033320426940918,6250,-9.15077686309814,6250,-0.0325393676757812,6250,-8.31022644042969,6250,-0.0242576599121094,6250,-0.0139455795288086,6250,-0.0376958847045898,6250,-0.0160551071166992,6250,-0.0289449691772461,6250,-0.0134763717651367
6260,-0.0298051834106445,6260,-0.0345706939697266,6260,-0.0366802215576172,6260,-0.0863676071166992,6260,-0.0344142913818359,6260,-0.0425395965576172,6260,-0.0455083847045898,6260,-0.0383987426757812,6260,-0.0194921493530273,6260,-0.0250387191772461,6260,-0.0376176834106445,6260,-0.0286331176757812,6260,-0.0460548400878906,6260,-10.1599216461182,6260,-0.033085823059082,6260,-9.16616725921631,6260,-0.0323829650878906,6260,-8.3107738494873,6260,-0.0238676071166992,6260,-0.0138673782348633,6260,-0.0373048782348633,6260,-0.0160551071166992,6260,-0.0289449691772461,6260,-0.0133981704711914
6270,-0.0296487808227539,6270,-0.0345706939697266,6270,-0.0366020202636719,6270,-0.0862112045288086,6270,-0.0343360900878906,6270,-0.0425395965576172,6270,-0.0455083847045898,6270,-0.0383987426757812,6270,-0.0194921493530273,6270,-0.0250387191772461,6270,-0.0380077362060547,6270,-0.0285549163818359,6270,-0.0460548400878906,6270,-10.1589059829712,6270,-0.0329294204711914,6270,-9.14507389068604,6270,-0.0323047637939453,6270,-8.31053924560547,6270,-0.0236330032348633,6270,-0.0138673782348633,6270,-0.0370702743530273,6270,-0.0159769058227539,6270,-0.0289449691772461,6270,-0.0133981704711914
6280,-0.0294923782348633,6280,-0.0345706939697266,6280,-0.0366020202636719,6280,-0.0859766006469727,6280,-0.0343360900878906,6280,-0.0424613952636719,6280,-0.0455083847045898,6280,-0.0383987426757812,6280,-0.019413948059082,6280,-0.0250387191772461,6280,-0.0384769439697266,6280,-0.0285549163818359,6280,-0.0462112426757812,6280,-10.1612491607666,6280,-0.0328512191772461,6280,-9.17718315124512,6280,-0.0322265625,6280,-8.31319522857666,6280,-0.0234766006469727,6280,-0.0138673782348633,6280,-0.0369138717651367,6280,-0.0159769058227539,6280,-0.0289449691772461,6280,-0.0133199691772461
6290,-0.029414176940918,6290,-0.0345706939697266,6290,-0.0365238189697266,6290,-0.0857429504394531,6290,-0.0343360900878906,6290,-0.0424613952636719,6290,-0.0455083847045898,6290,-0.0383987426757812,6290,-0.019413948059082,6290,-0.0250387191772461,6290,-0.0390233993530273,6290,-0.0285549163818359,6290,-0.0464458465576172,6290,-10.1607027053833,6290,-0.0327739715576172,6290,-9.15351104736328,6290,-0.0321483612060547,6290,-8.31632041931152,6290,-0.023320198059082,6290,-0.013789176940918,6290,-0.0368356704711914,6290,-0.0158987045288086,6290,-0.0289449691772461,6290,-0.0133199691772461
6300,-0.0294923782348633,6300,-0.0345706939697266,6300,-0.0365238189697266,6300,-0.0855083465576172,6300,-0.0342578887939453,6300,-0.0424613952636719,6300,-0.0455083847045898,6300,-0.0383987426757812,6300,-0.019413948059082,6300,-0.0250387191772461,6300,-0.0391016006469727,6300,-0.0285549163818359,6300,-0.0465240478515625,6300,-10.1596088409424,6300,-0.0327739715576172,6300,-9.15280818939209,6300,-0.0320701599121094,6300,-8.32030487060547,6300,-0.0232419967651367,6300,-0.013789176940918,6300,-0.0367574691772461,6300,-0.0158987045288086,6300,-0.0289449691772461,6300,-0.0132417678833008
6310,-0.0294923782348633,6310,-0.0345706939697266,6310,-0.0364456176757812,6310,-0.0853519439697266,6310,-0.0342578887939453,6310,-0.0424613952636719,6310,-0.0455083847045898,6310,-0.0383987426757812,6310,-0.019413948059082,6310,-0.0250387191772461,6310,-0.038945198059082,6310,-0.0284767150878906,6310,-0.0466794967651367,6310,-10.1613273620605,6310,-0.0326957702636719,6310,-9.17593288421631,6310,-0.0319919586181641,6310,-8.32538318634033,6310,-0.0232419967651367,6310,-0.013789176940918,6310,-0.0367574691772461,6310,-0.0158987045288086,6310,-0.0289449691772461,6310,-0.0132417678833008
6320,-0.0295705795288086,6320,-0.0345706939697266,6320,-0.0364456176757812,6320,-0.0851955413818359,6320,-0.0342578887939453,6320,-0.0424613952636719,6320,-0.0455083847045898,6320,-0.0383987426757812,6320,-0.0193357467651367,6320,-0.0250387191772461,6320,-0.0388669967651367,6320,-0.0284767150878906,6320,-0.046992301940918,6320,-10.1602334976196,6320,-0.0326957702636719,6320,-9.15226173400879,6320,-0.0319919586181641,6320,-8.32936763763428,6320,-0.0231637954711914,6320,-0.013789176940918,6320,-0.0366802215576172,6320,-0.0158205032348633,6320,-0.0289449691772461,6320,-0.0131645202636719
6330,-0.0295705795288086,6330,-0.0345706939697266,6330,-0.0364456176757812,6330,-0.0850391387939453,6330,-0.0342578887939453,6330,-0.0424613952636719,6330,-0.0455083847045898,6330,-0.0383987426757812,6330,-0.0193357467651367,6330,-0.0250387191772461,6330,-0.039179801940918,6330,-0.0284767150878906,6330,-0.0472269058227539,6330,-10.1607027053833,6330,-0.0326957702636719,6330,-9.1585111618042,6330,-0.0319137573242188,6330,-8.33624267578125,6330,-0.0230855941772461,6330,-0.0137109756469727,6330,-0.0366802215576172,6330,-0.0158205032348633,6330,-0.0289449691772461,6330,-0.0131645202636719
6340,-0.0295705795288086,6340,-0.0345706939697266,6340,-0.0363674163818359,6340,-0.0848827362060547,6340,-0.0341796875,6340,-0.0424613952636719,6340,-0.0455083847045898,6340,-0.0383987426757812,6340,-0.0193357467651367,6340,-0.0250387191772461,6340,-0.039179801940918,6340,-0.0284767150878906,6340,-0.0473833084106445,6340,-10.1607809066772,6340,-0.0326957702636719,6340,-9.16866779327393,6340,-0.0319137573242188,6340,-8.34100818634033,6340,-0.0230855941772461,6340,-0.0137109756469727,6340,-0.0366802215576172,6340,-0.0158205032348633,6340,-0.0289449691772461,6340,-0.0130863189697266
6350,-0.0295705795288086,6350,-0.0345706939697266,6350,-0.0363674163818359,6350,-0.0847272872924805,6350,-0.0341796875,6350,-0.0424613952636719,6350,-0.0455083847045898,6350,-0.0383987426757812,6350,-0.0192575454711914,6350,-0.0249605178833008,6350,-0.0386333465576172,6350,-0.0283985137939453,6350,-0.0476169586181641,6350,-10.1597652435303,6350,-0.0326957702636719,6350,-9.16233921051025,6350,-0.0318355560302734,6350,-8.34561729431152,6350,-0.0230073928833008,6350,-0.0137109756469727,6350,-0.0366802215576172,6350,-0.015742301940918,6350,-0.0289449691772461,6350,-0.0130863189697266
6360,-0.0295705795288086,6360,-0.0345706939697266,6360,-0.0362892150878906,6360,-0.0846490859985352,6360,-0.0341014862060547,6360,-0.0424613952636719,6360,-0.0455083847045898,6360,-0.0383987426757812,6360,-0.0192575454711914,6360,-0.0249605178833008,6360,-0.0384769439697266,6360,-0.0283985137939453,6360,-0.0477733612060547,6360,-10.1607027053833,6360,-0.0326957702636719,6360,-9.16054248809814,6360,-0.0317583084106445,6360,-8.35429000854492,6360,-0.0230073928833008,6360,-0.0136327743530273,6360,-0.0366802215576172,6360,-0.015742301940918,6360,-0.0289449691772461,6360,-0.0130081176757812
6370,-0.0295705795288086,6370,-0.0345706939697266,6370,-0.0362892150878906,6370,-0.0844926834106445,6370,-0.0341014862060547,6370,-0.0424613952636719,6370,-0.0455083847045898,6370,-0.0383987426757812,6370,-0.0192575454711914,6370,-0.0249605178833008,6370,-0.0384769439697266,6370,-0.0283985137939453,6370,-0.0480861663818359,6370,-10.1598434448242,6370,-0.0326957702636719,6370,-9.15593338012695,6370,-0.0316801071166992,6370,-8.3596019744873,6370,-0.0230073928833008,6370,-0.0136327743530273,6370,-0.0366802215576172,6370,-0.015742301940918,6370,-0.0288677215576172,6370,-0.0130081176757812
6380,-0.0295705795288086,6380,-0.0345706939697266,6380,-0.0362110137939453,6380,-0.0842580795288086,6380,-0.0341014862060547,6380,-0.0424613952636719,6380,-0.0455083847045898,6380,-0.0383987426757812,6380,-0.0191793441772461,6380,-0.0249605178833008,6380,-0.0380077362060547,6380,-0.0283985137939453,6380,-0.0482425689697266,6380,-10.1591396331787,6380,-0.0326957702636719,6380,-9.15733909606934,6380,-0.0316801071166992,6380,-8.3675708770752,6380,-0.0230073928833008,6380,-0.0136327743530273,6380,-0.0367574691772461,6380,-0.0156641006469727,6380,-0.0288677215576172,6380,-0.0129299163818359
6390,-0.0295705795288086,6390,-0.0345706939697266,6390,-0.0362110137939453,6390,-0.084101676940918,6390,-0.0341014862060547,6390,-0.0423831939697266,6390,-0.0455083847045898,6390,-0.0383205413818359,6390,-0.0191793441772461,6390,-0.0249605178833008,6390,-0.0379295349121094,6390,-0.0283203125,6390,-0.0483989715576172,6390,-10.1596088409424,6390,-0.0326957702636719,6390,-9.16179275512695,6390,-0.0316019058227539,6390,-8.374680519104,6390,-0.0229301452636719,6390,-0.0136327743530273,6390,-0.0367574691772461,6390,-0.0156641006469727,6390,-0.0288677215576172,6390,-0.0129299163818359
6400,-0.0295705795288086,6400,-0.0345706939697266,6400,-0.0361328125,6400,-0.0840234756469727,6400,-0.0340232849121094,6400,-0.0423831939697266,6400,-0.0455083847045898,6400,-0.0383205413818359,6400,-0.0191793441772461,6400,-0.0249605178833008,6400,-0.0380859375,6400,-0.0283203125,6400,-0.0485544204711914,6400,-10.1599216461182,6400,-0.0326957702636719,6400,-9.15358924865723,6400,-0.0316019058227539,6400,-8.37897682189941,6400,-0.0229301452636719,6400,-0.013554573059082,6400,-0.0367574691772461,6400,-0.0155858993530273,6400,-0.0288677215576172,6400,-0.0128517150878906
6410,-0.0296487808227539,6410,-0.0345706939697266,6410,-0.0361328125,6410,-0.0837888717651367,6410,-0.0340232849121094,6410,-0.0423831939697266,6410,-0.0455083847045898,6410,-0.0383205413818359,6410,-0.0191793441772461,6410,-0.0249605178833008,6410,-0.0380077362060547,6410,-0.0283203125,6410,-0.0487890243530273,6410,-10.1605463027954,6410,-0.0326175689697266,6410,-9.16319847106934,6410,-0.0315237045288086,6410,-8.38389873504639,6410,-0.0229301452636719,6410,-0.013554573059082,6410,-0.0367574691772461,6410,-0.0155858993530273,6410,-0.0288677215576172,6410,-0.0128517150878906
6420,-0.0295705795288086,6420,-0.0345706939697266,6420,-0.0360546112060547,6420,-0.0836334228515625,6420,-0.0340232849121094,6420,-0.0423831939697266,6420,-0.0455083847045898,6420,-0.0383205413818359,6420,-0.0191011428833008,6420,-0.0249605178833008,6420,-0.0380077362060547,6420,-0.0283203125,6420,-0.0491018295288086,6420,-10.1597652435303,6420,-0.0326175689697266,6420,-9.16062068939209,6420,-0.0314455032348633,6420,-8.38577365875244,6420,-0.0228519439697266,6420,-0.013554573059082,6420,-0.0367574691772461,6420,-0.015507698059082,6420,-0.0288677215576172,6420,-0.0127735137939453
6430,-0.0295705795288086,6430,-0.0345706939697266,6430,-0.0360546112060547,6430,-0.0834770202636719,6430,-0.0339450836181641,6430,-0.0423831939697266,6430,-0.0455083847045898,6430,-0.0383205413818359,6430,-0.0191011428833008,6430,-0.0249605178833008,6430,-0.0378513336181641,6430,-0.0283203125,6430,-0.0492582321166992,6430,-10.1589841842651,6430,-0.0326175689697266,6430,-9.16226100921631,6430,-0.0314455032348633,6430,-8.39444541931152,6430,-0.0228519439697266,6430,-0.013554573059082,6430,-0.0367574691772461,6430,-0.015507698059082,6430,-0.0288677215576172,6430,-0.0127735137939453
6440,-0.0296487808227539,6440,-0.0345706939697266,6440,-0.0360546112060547,6440,-0.0833206176757812,6440,-0.0339450836181641,6440,-0.0423831939697266,6440,-0.0454301834106445,6440,-0.0383205413818359,6440,-0.0191011428833008,6440,-0.0249605178833008,6440,-0.0376176834106445,6440,-0.0282421112060547,6440,-0.0494918823242188,6440,-10.1585149765015,6440,-0.0326175689697266,6440,-9.15983963012695,6440,-0.031367301940918,6440,-8.39889907836914,6440,-0.0228519439697266,6440,-0.0134763717651367,6440,-0.0367574691772461,6440,-0.015507698059082,6440,-0.0288677215576172,6440,-0.0127735137939453
6450,-0.0296487808227539,6450,-0.0345706939697266,6450,-0.0359764099121094,6450,-0.0832424163818359,6450,-0.0339450836181641,6450,-0.0423831939697266,6450,-0.0454301834106445,6450,-0.0383205413818359,6450,-0.0190238952636719,6450,-0.0249605178833008,6450,-0.0375394821166992,6450,-0.0282421112060547,6450,-0.0487890243530273,6450,-10.1596088409424,6450,-0.0326175689697266,6450,-9.16022968292236,6450,-0.031367301940918,6450,-8.40327453613281,6450,-0.0227737426757812,6450,-0.0134763717651367,6450,-0.0367574691772461,6450,-0.0154294967651367,6450,-0.0288677215576172,6450,-0.0126953125
6460,-0.0296487808227539,6460,-0.0345706939697266,6460,-0.0359764099121094,6460,-0.0830078125,6460,-0.0338668823242188,6460,-0.0423831939697266,6460,-0.0454301834106445,6460,-0.0383205413818359,6460,-0.0190238952636719,6460,-0.0249605178833008,6460,-0.0379295349121094,6460,-0.0282421112060547,6460,-0.0481643676757812,6460,-10.1592178344727,6460,-0.0325393676757812,6460,-9.17499542236328,6460,-0.0312891006469727,6460,-8.40835189819336,6460,-0.0227737426757812,6460,-0.0134763717651367,6460,-0.0368356704711914,6460,-0.0154294967651367,6460,-0.0288677215576172,6460,-0.0126953125
6470,-0.0296487808227539,6470,-0.0345706939697266,6470,-0.0358982086181641,6470,-0.0826959609985352,6470,-0.0338668823242188,6470,-0.0423831939697266,6470,-0.0454301834106445,6470,-0.0383205413818359,6470,-0.0190238952636719,6470,-0.0249605178833008,6470,-0.0370702743530273,6470,-0.0282421112060547,6470,-0.0471487045288086,6470,-10.1589841842651,6470,-0.0325393676757812,6470,-9.16882419586182,6470,-0.0312891006469727,6470,-8.41116523742676,6470,-0.0227737426757812,6470,-0.0134763717651367,6470,-0.0368356704711914,6470,-0.0153512954711914,6470,-0.0288677215576172,6470,-0.0126171112060547
6480,-0.0296487808227539,6480,-0.0345706939697266,6480,-0.0358982086181641,6480,-0.0826959609985352,6480,-0.0338668823242188,6480,-0.0423831939697266,6480,-0.0454301834106445,6480,-0.0383205413818359,6480,-0.0190238952636719,6480,-0.0249605178833008,6480,-0.036992073059082,6480,-0.0281639099121094,6480,-0.0474615097045898,6480,-10.1596870422363,6480,-0.0325393676757812,6480,-9.16765213012695,6480,-0.0312108993530273,6480,-8.41803932189941,6480,-0.0227737426757812,6480,-0.0134763717651367,6480,-0.0368356704711914,6480,-0.0153512954711914,6480,-0.0288677215576172,6480,-0.0126171112060547
6490,-0.0296487808227539,6490,-0.0345706939697266,6490,-0.0358200073242188,6490,-0.0826959609985352,6490,-0.0337886810302734,6490,-0.0423831939697266,6490,-0.0454301834106445,6490,-0.0383205413818359,6490,-0.0190238952636719,6490,-0.0249605178833008,6490,-0.0367574691772461,6490,-0.0281639099121094,6490,-0.0479297637939453,6490,-10.1582803726196,6490,-0.0325393676757812,6490,-9.16444873809814,6490,-0.031132698059082,6490,-8.42374324798584,6490,-0.0226955413818359,6490,-0.0133981704711914,6490,-0.0368356704711914,6490,-0.0153512954711914,6490,-0.0288677215576172,6490,-0.0125389099121094
6500,-0.0297269821166992,6500,-0.0345706939697266,6500,-0.0358200073242188,6500,-0.0826959609985352,6500,-0.0337886810302734,6500,-0.0423831939697266,6500,-0.0454301834106445,6500,-0.0383205413818359,6500,-0.0189456939697266,6500,-0.0249605178833008,6500,-0.0361328125,6500,-0.0281639099121094,6500,-0.0486326217651367,6500,-10.1587495803833,6500,-0.0325393676757812,6500,-9.17280769348145,6500,-0.031132698059082,6500,-8.42803955078125,6500,-0.0227737426757812,6500,-0.0133981704711914,6500,-0.0368356704711914,6500,-0.0152730941772461,6500,-0.0288677215576172,6500,-0.0125389099121094
6510,-0.0297269821166992,6510,-0.0345706939697266,6510,-0.0358200073242188,6510,-0.0826177597045898,6510,-0.0337886810302734,6510,-0.0423831939697266,6510,-0.0454301834106445,6510,-0.0383205413818359,6510,-0.0189456939697266,6510,-0.0249605178833008,6510,-0.0362110137939453,6510,-0.0281639099121094,6510,-0.0491800308227539,6510,-10.1590623855591,6510,-0.0324611663818359,6510,-9.16999530792236,6510,-0.0310544967651367,6510,-8.43233680725098,6510,-0.0226955413818359,6510,-0.0133981704711914,6510,-0.0368356704711914,6510,-0.0152730941772461,6510,-0.0288677215576172,6510,-0.0125389099121094
6520,-0.0297269821166992,6520,-0.0345706939697266,6520,-0.0357427597045898,6520,-0.0826177597045898,6520,-0.0337114334106445,6520,-0.0423049926757812,6520,-0.0454301834106445,6520,-0.0383205413818359,6520,-0.0189456939697266,6520,-0.0249605178833008,6520,-0.0359764099121094,6520,-0.0281639099121094,6520,-0.0496482849121094,6520,-10.1598434448242,6520,-0.0324611663818359,6520,-9.16218280792236,6520,-0.0310544967651367,6520,-8.43796157836914,6520,-0.0226955413818359,6520,-0.0133981704711914,6520,-0.0368356704711914,6520,-0.0151948928833008,6520,-0.0288677215576172,6520,-0.0124607086181641
6530,-0.0297269821166992,6530,-0.0345706939697266,6530,-0.0357427597045898,6530,-0.0825395584106445,6530,-0.0337114334106445,6530,-0.0423049926757812,6530,-0.0454301834106445,6530,-0.0383205413818359,6530,-0.0188674926757812,6530,-0.0249605178833008,6530,-0.0365238189697266,6530,-0.0280857086181641,6530,-0.0500392913818359,6530,-10.1590623855591,6530,-0.0323829650878906,6530,-9.16101169586182,6530,-0.0309762954711914,6530,-8.44468021392822,6530,-0.0226955413818359,6530,-0.0133981704711914,6530,-0.0368356704711914,6530,-0.0151948928833008,6530,-0.0288677215576172,6530,-0.0124607086181641
6540,-0.0297269821166992,6540,-0.0345706939697266,6540,-0.0357427597045898,6540,-0.0824613571166992,6540,-0.0337114334106445,6540,-0.0423049926757812,6540,-0.0454301834106445,6540,-0.0382423400878906,6540,-0.0188674926757812,6540,-0.0249605178833008,6540,-0.0358200073242188,6540,-0.0280857086181641,6540,-0.0503520965576172,6540,-10.1592178344727,6540,-0.0323047637939453,6540,-9.16515159606934,6540,-0.0308980941772461,6540,-8.44905567169189,6540,-0.0226173400878906,6540,-0.0133199691772461,6540,-0.0368356704711914,6540,-0.0151176452636719,6540,-0.0288677215576172,6540,-0.0123825073242188
6550,-0.0297269821166992,6550,-0.0345706939697266,6550,-0.0356645584106445,6550,-0.0824613571166992,6550,-0.0337114334106445,6550,-0.0423049926757812,6550,-0.0454301834106445,6550,-0.0382423400878906,6550,-0.0188674926757812,6550,-0.0249605178833008,6550,-0.0355863571166992,6550,-0.0280857086181641,6550,-0.0507421493530273,6550,-10.1586713790894,6550,-0.0323047637939453,6550,-9.16757392883301,6550,-0.0308980941772461,6550,-8.45171165466309,6550,-0.0226173400878906,6550,-0.0133199691772461,6550,-0.0368356704711914,6550,-0.0151176452636719,6550,-0.0288677215576172,6550,-0.0123825073242188
6560,-0.0297269821166992,6560,-0.0345706939697266,6560,-0.0356645584106445,6560,-0.0823831558227539,6560,-0.0336332321166992,6560,-0.0423049926757812,6560,-0.0454301834106445,6560,-0.0382423400878906,6560,-0.0188674926757812,6560,-0.0249605178833008,6560,-0.0355863571166992,6560,-0.0280857086181641,6560,-0.0510549545288086,6560,-10.1585931777954,6560,-0.0323047637939453,6560,-9.17194843292236,6560,-0.0308208465576172,6560,-8.45749282836914,6560,-0.0226173400878906,6560,-0.0133199691772461,6560,-0.0368356704711914,6560,-0.0150394439697266,6560,-0.0288677215576172,6560,-0.0123043060302734
6570,-0.0297269821166992,6570,-0.0345706939697266,6570,-0.0355863571166992,6570,-0.0823831558227539,6570,-0.0336332321166992,6570,-0.0423049926757812,6570,-0.0454301834106445,6570,-0.0382423400878906,6570,-0.0188674926757812,6570,-0.0248832702636719,6570,-0.0355081558227539,6570,-0.0280857086181641,6570,-0.0512895584106445,6570,-10.1578121185303,6570,-0.0322265625,6570,-9.1735897064209,6570,-0.0308208465576172,6570,-8.46694564819336,6570,-0.0226173400878906,6570,-0.0133199691772461,6570,-0.0368356704711914,6570,-0.0150394439697266,6570,-0.0288677215576172,6570,-0.0123043060302734
6580,-0.0297269821166992,6580,-0.0345706939697266,6580,-0.0355863571166992,6580,-0.0823049545288086,6580,-0.0336332321166992,6580,-0.0423049926757812,6580,-0.0454301834106445,6580,-0.0382423400878906,6580,-0.0187892913818359,6580,-0.0248832702636719,6580,-0.0356645584106445,6580,-0.0280075073242188,6580,-0.0514450073242188,6580,-10.1578121185303,6580,-0.0322265625,6580,-9.17437076568604,6580,-0.0307426452636719,6580,-8.47061824798584,6580,-0.0226173400878906,6580,-0.0133199691772461,6580,-0.0368356704711914,6580,-0.0149612426757812,6580,-0.0288677215576172,6580,-0.0122261047363281
6590,-0.0297269821166992,6590,-0.0345706939697266,6590,-0.0355863571166992,6590,-0.0822267532348633,6590,-0.0335550308227539,6590,-0.0423049926757812,6590,-0.0454301834106445,6590,-0.0382423400878906,6590,-0.0187892913818359,6590,-0.0248832702636719,6590,-0.0358200073242188,6590,-0.0280075073242188,6590,-0.0512113571166992,6590,-10.1579685211182,6590,-0.0321483612060547,6590,-9.17288589477539,6590,-0.0307426452636719,6590,-8.47358703613281,6590,-0.0226173400878906,6590,-0.0132417678833008,6590,-0.0368356704711914,6590,-0.0149612426757812,6590,-0.0288677215576172,6590,-0.0122261047363281
6600,-0.0297269821166992,6600,-0.0345706939697266,6600,-0.0355081558227539,6600,-0.082148551940918,6600,-0.0335550308227539,6600,-0.0423049926757812,6600,-0.0454301834106445,6600,-0.0382423400878906,6600,-0.0187892913818359,6600,-0.0248832702636719,6600,-0.0358982086181641,6600,-0.0280075073242188,6600,-0.0512895584106445,6600,-10.1579685211182,6600,-0.0321483612060547,6600,-9.16960525512695,6600,-0.0306644439697266,6600,-8.47585296630859,6600,-0.0225391387939453,6600,-0.0132417678833008,6600,-0.0368356704711914,6600,-0.0148830413818359,6600,-0.0288677215576172,6600,-0.0121488571166992
6610,-0.0297269821166992,6610,-0.0345706939697266,6610,-0.0355081558227539,6610,-0.0820703506469727,6610,-0.0335550308227539,6610,-0.0423049926757812,6610,-0.0454301834106445,6610,-0.0382423400878906,6610,-0.0187110900878906,6610,-0.0248832702636719,6610,-0.0355863571166992,6610,-0.0280075073242188,6610,-0.0504302978515625,6610,-10.1575775146484,6610,-0.0320701599121094,6610,-9.16522979736328,6610,-0.0306644439697266,6610,-8.47929000854492,6610,-0.0225391387939453,6610,-0.0132417678833008,6610,-0.0368356704711914,6610,-0.0148830413818359,6610,-0.0288677215576172,6610,-0.0121488571166992
6620,-0.0297269821166992,6620,-0.0345706939697266,6620,-0.0355081558227539,6620,-0.0819921493530273,6620,-0.0335550308227539,6620,-0.0423049926757812,6620,-0.0454301834106445,6620,-0.0382423400878906,6620,-0.0187110900878906,6620,-0.0248832702636719,6620,-0.0355081558227539,6620,-0.0280075073242188,6620,-0.0504302978515625,6620,-10.1573429107666,6620,-0.0320701599121094,6620,-9.16444873809814,6620,-0.0306644439697266,6620,-8.48624324798584,6620,-0.0225391387939453,6620,-0.0132417678833008,6620,-0.0368356704711914,6620,-0.0148048400878906,6620,-0.0288677215576172,6620,-0.0120706558227539
6630,-0.0298051834106445,6630,-0.0345706939697266,6630,-0.0354299545288086,6630,-0.081913948059082,6630,-0.0334768295288086,6630,-0.0423049926757812,6630,-0.0454301834106445,6630,-0.0382423400878906,6630,-0.0187110900878906,6630,-0.0248832702636719,6630,-0.0356645584106445,6630,-0.0279293060302734,6630,-0.0516796112060547,6630,-10.1574993133545,6630,-0.0320701599121094,6630,-9.16874599456787,6630,-0.0305862426757812,6630,-8.489914894104,6630,-0.0225391387939453,6630,-0.0132417678833008,6630,-0.0368356704711914,6630,-0.0147266387939453,6630,-0.0288677215576172,6630,-0.0120706558227539
6640,-0.0298051834106445,6640,-0.0345706939697266,6640,-0.0354299545288086,6640,-0.0817584991455078,6640,-0.0334768295288086,6640,-0.0423049926757812,6640,-0.0454301834106445,6640,-0.0382423400878906,6640,-0.0187110900878906,6640,-0.0248832702636719,6640,-0.0355863571166992,6640,-0.0279293060302734,6640,-0.0523052215576172,6640,-10.1579685211182,6640,-0.0319919586181641,6640,-9.18202686309814,6640,-0.0305862426757812,6640,-8.49749279022217,6640,-0.0225391387939453,6640,-0.0131645202636719,6640,-0.0368356704711914,6640,-0.0147266387939453,6640,-0.0288677215576172,6640,-0.0119924545288086
6650,-0.0298051834106445,6650,-0.0345706939697266,6650,-0.0354299545288086,6650,-0.0817584991455078,6650,-0.0334768295288086,6650,-0.0422267913818359,6650,-0.0454301834106445,6650,-0.0382423400878906,6650,-0.0186328887939453,6650,-0.0248832702636719,6650,-0.0351953506469727,6650,-0.0279293060302734,6650,-0.0519142150878906,6650,-10.1557807922363,6650,-0.0319919586181641,6650,-9.15835475921631,6650,-0.0305862426757812,6650,-8.49905586242676,6650,-0.0225391387939453,6650,-0.0131645202636719,6650,-0.0368356704711914,6650,-0.0147266387939453,6650,-0.0288677215576172,6650,-0.0119924545288086
6660,-0.0298051834106445,6660,-0.0345706939697266,6660,-0.0353517532348633,6660,-0.0816802978515625,6660,-0.0333986282348633,6660,-0.0422267913818359,6660,-0.0454301834106445,6660,-0.0382423400878906,6660,-0.0186328887939453,6660,-0.0248832702636719,6660,-0.0355081558227539,6660,-0.0279293060302734,6660,-0.0524606704711914,6660,-10.1570310592651,6660,-0.0319137573242188,6660,-9.16671466827393,6660,-0.0305080413818359,6660,-8.50296211242676,6660,-0.0225391387939453,6660,-0.0131645202636719,6660,-0.0368356704711914,6660,-0.0146484375,6660,-0.0288677215576172,6660,-0.0119142532348633
6670,-0.0298051834106445,6670,-0.0345706939697266,6670,-0.0353517532348633,6670,-0.0816020965576172,6670,-0.0333986282348633,6670,-0.0422267913818359,6670,-0.0454301834106445,6670,-0.0382423400878906,6670,-0.0186328887939453,6670,-0.0248832702636719,6670,-0.0351953506469727,6670,-0.0279293060302734,6670,-0.0523052215576172,6670,-10.1564836502075,6670,-0.0319137573242188,6670,-9.17366790771484,6670,-0.0305080413818359,6670,-8.5062427520752,6670,-0.0224609375,6670,-0.0131645202636719,6670,-0.0368356704711914,6670,-0.0145702362060547,6670,-0.0288677215576172,6670,-0.0119142532348633
6680,-0.0298051834106445,6680,-0.0344924926757812,6680,-0.0353517532348633,6680,-0.0814456939697266,6680,-0.0333986282348633,6680,-0.0422267913818359,6680,-0.0454301834106445,6680,-0.0382423400878906,6680,-0.0186328887939453,6680,-0.0248832702636719,6680,-0.0348825454711914,6680,-0.0278520584106445,6680,-0.052617073059082,6680,-10.1560935974121,6680,-0.0319137573242188,6680,-9.17983913421631,6680,-0.0304298400878906,6680,-8.50733661651611,6680,-0.0224609375,6680,-0.0131645202636719,6680,-0.0368356704711914,6680,-0.0145702362060547,6680,-0.0288677215576172,6680,-0.011836051940918
6690,-0.0298051834106445,6690,-0.0344924926757812,6690,-0.035273551940918,6690,-0.0812892913818359,6690,-0.0333986282348633,6690,-0.0422267913818359,6690,-0.0454301834106445,6690,-0.0382423400878906,6690,-0.0186328887939453,6690,-0.0248832702636719,6690,-0.0348825454711914,6690,-0.0278520584106445,6690,-0.0529298782348633,6690,-10.1553897857666,6690,-0.0319137573242188,6690,-9.16718292236328,6690,-0.0304298400878906,6690,-8.50952434539795,6690,-0.0224609375,6690,-0.0130863189697266,6690,-0.0368356704711914,6690,-0.0145702362060547,6690,-0.0288677215576172,6690,-0.011836051940918
6700,-0.0298051834106445,6700,-0.0345706939697266,6700,-0.035273551940918,6700,-0.0812110900878906,6700,-0.033320426940918,6700,-0.0422267913818359,6700,-0.0454301834106445,6700,-0.0381641387939453,6700,-0.0185546875,6700,-0.0248832702636719,6700,-0.0348043441772461,6700,-0.0278520584106445,6700,-0.0530080795288086,6700,-10.1571092605591,6700,-0.0318355560302734,6700,-9.1657772064209,6700,-0.0304298400878906,6700,-8.51460266113281,6700,-0.0224609375,6700,-0.0130863189697266,6700,-0.0369138717651367,6700,-0.0144920349121094,6700,-0.0288677215576172,6700,-0.0117578506469727
6710,-0.0298051834106445,6710,-0.0344924926757812,6710,-0.035273551940918,6710,-0.0811328887939453,6710,-0.033320426940918,6710,-0.0422267913818359,6710,-0.0454301834106445,6710,-0.0381641387939453,6710,-0.0185546875,6710,-0.0248832702636719,6710,-0.0347270965576172,6710,-0.0278520584106445,6710,-0.0533208847045898,6710,-10.1567964553833,6710,-0.0318355560302734,6710,-9.17452716827393,6710,-0.0304298400878906,6710,-8.52374362945557,6710,-0.0224609375,6710,-0.0130863189697266,6710,-0.0369138717651367,6710,-0.0144920349121094,6710,-0.0288677215576172,6710,-0.0117578506469727
6720,-0.0298051834106445,6720,-0.0344924926757812,6720,-0.0351953506469727,6720,-0.0809764862060547,6720,-0.033320426940918,6720,-0.0422267913818359,6720,-0.0454301834106445,6720,-0.0381641387939453,6720,-0.0185546875,6720,-0.0248832702636719,6720,-0.0347270965576172,6720,-0.0278520584106445,6720,-0.0532426834106445,6720,-10.1564836502075,6720,-0.0318355560302734,6720,-9.17460536956787,6720,-0.0304298400878906,6720,-8.52788352966309,6720,-0.0224609375,6720,-0.0130863189697266,6720,-0.0369138717651367,6720,-0.0144138336181641,6720,-0.0288677215576172,6720,-0.0117578506469727
6730,-0.0298051834106445,6730,-0.0344924926757812,6730,-0.0351953506469727,6730,-0.0808982849121094,6730,-0.033320426940918,6730,-0.0422267913818359,6730,-0.0453519821166992,6730,-0.0381641387939453,6730,-0.0185546875,6730,-0.0248832702636719,6730,-0.0348825454711914,6730,-0.0277738571166992,6730,-0.0536327362060547,6730,-10.1572647094727,6730,-0.0318355560302734,6730,-9.18030834197998,6730,-0.0304298400878906,6730,-8.530930519104,6730,-0.0224609375,6730,-0.0130081176757812,6730,-0.0369138717651367,6730,-0.0144138336181641,6730,-0.0288677215576172,6730,-0.0116796493530273
6740,-0.0298824310302734,6740,-0.0344924926757812,6740,-0.0351953506469727,6740,-0.0808982849121094,6740,-0.0332422256469727,6740,-0.0422267913818359,6740,-0.0453519821166992,6740,-0.0381641387939453,6740,-0.0184764862060547,6740,-0.0248832702636719,6740,-0.0344142913818359,6740,-0.0277738571166992,6740,-0.0534763336181641,6740,-10.1567182540894,6740,-0.0318355560302734,6740,-9.17343330383301,6740,-0.0304298400878906,6740,-8.53639984130859,6740,-0.0224609375,6740,-0.0130081176757812,6740,-0.0369138717651367,6740,-0.0143356323242188,6740,-0.0288677215576172,6740,-0.011601448059082
6750,-0.0298824310302734,6750,-0.0344924926757812,6750,-0.0351171493530273,6750,-0.0808210372924805,6750,-0.0332422256469727,6750,-0.0422267913818359,6750,-0.0453519821166992,6750,-0.0381641387939453,6750,-0.0184764862060547,6750,-0.0248832702636719,6750,-0.0341796875,6750,-0.0277738571166992,6750,-0.0540237426757812,6750,-10.1569528579712,6750,-0.0318355560302734,6750,-9.17733955383301,6750,-0.0304298400878906,6750,-8.536789894104,6750,-0.0224609375,6750,-0.0130081176757812,6750,-0.0369138717651367,6750,-0.0143356323242188,6750,-0.0287895202636719,6750,-0.011601448059082
6760,-0.0298824310302734,6760,-0.0344924926757812,6760,-0.0351171493530273,6760,-0.0807428359985352,6760,-0.0332422256469727,6760,-0.0422267913818359,6760,-0.0453519821166992,6760,-0.0381641387939453,6760,-0.0184764862060547,6760,-0.0248832702636719,6760,-0.0341014862060547,6760,-0.0277738571166992,6760,-0.0538673400878906,6760,-10.1564836502075,6760,-0.0317583084106445,6760,-9.17499542236328,6760,-0.0304298400878906,6760,-8.53413391113281,6760,-0.0224609375,6760,-0.0130081176757812,6760,-0.0369138717651367,6760,-0.0142574310302734,6760,-0.0287895202636719,6760,-0.011601448059082
6770,-0.0298824310302734,6770,-0.0344924926757812,6770,-0.0351171493530273,6770,-0.0806646347045898,6770,-0.0331640243530273,6770,-0.0422267913818359,6770,-0.0453519821166992,6770,-0.0381641387939453,6770,-0.0184764862060547,6770,-0.0248832702636719,6770,-0.0344142913818359,6770,-0.0277738571166992,6770,-0.0540237426757812,6770,-10.1566400527954,6770,-0.0317583084106445,6770,-9.17397975921631,6770,-0.0304298400878906,6770,-8.53546237945557,6770,-0.0224609375,6770,-0.0130081176757812,6770,-0.0369138717651367,6770,-0.0142574310302734,6770,-0.0288677215576172,6770,-0.0115232467651367
6780,-0.0298824310302734,6780,-0.0344924926757812,6780,-0.035038948059082,6780,-0.0804300308227539,6780,-0.0331640243530273,6780,-0.0422267913818359,6780,-0.0453519821166992,6780,-0.0381641387939453,6780,-0.0183982849121094,6780,-0.0248050689697266,6780,-0.0343360900878906,6780,-0.0276956558227539,6780,-0.0539455413818359,6780,-10.1574211120605,6780,-0.0317583084106445,6780,-9.17273044586182,6780,-0.0304298400878906,6780,-8.53499317169189,6780,-0.0223827362060547,6780,-0.0129299163818359,6780,-0.0369138717651367,6780,-0.0141792297363281,6780,-0.0287895202636719,6780,-0.0114450454711914
6790,-0.0298824310302734,6790,-0.0344924926757812,6790,-0.035038948059082,6790,-0.0804300308227539,6790,-0.0331640243530273,6790,-0.0421485900878906,6790,-0.0453519821166992,6790,-0.0381641387939453,6790,-0.0183982849121094,6790,-0.0248050689697266,6790,-0.0342578887939453,6790,-0.0276956558227539,6790,-0.0539455413818359,6790,-10.1572647094727,6790,-0.0317583084106445,6790,-9.17983913421631,6790,-0.0304298400878906,6790,-8.53936862945557,6790,-0.0223827362060547,6790,-0.0129299163818359,6790,-0.0369138717651367,6790,-0.0141792297363281,6790,-0.0287895202636719,6790,-0.0114450454711914
6800,-0.0298824310302734,6800,-0.0344924926757812,6800,-0.035038948059082,6800,-0.0803518295288086,6800,-0.0331640243530273,6800,-0.0421485900878906,6800,-0.0453519821166992,6800,-0.0381641387939453,6800,-0.0183982849121094,6800,-0.0248050689697266,6800,-0.0344924926757812,6800,-0.0276956558227539,6800,-0.0541019439697266,6800,-10.1578121185303,6800,-0.0317583084106445,6800,-9.17593288421631,6800,-0.0304298400878906,6800,-8.53968048095703,6800,-0.0223827362060547,6800,-0.0129299163818359,6800,-0.0369138717651367,6800,-0.0141019821166992,6800,-0.0288677215576172,6800,-0.0113668441772461
6810,-0.0298824310302734,6810,-0.0344924926757812,6810,-0.035038948059082,6810,-0.0802736282348633,6810,-0.033085823059082,6810,-0.0421485900878906,6810,-0.0453519821166992,6810,-0.0381641387939453,6810,-0.0183982849121094,6810,-0.0248050689697266,6810,-0.0346488952636719,6810,-0.0276956558227539,6810,-0.054570198059082,6810,-10.1576557159424,6810,-0.0316801071166992,6810,-9.17397975921631,6810,-0.0304298400878906,6810,-8.54327487945557,6810,-0.0223827362060547,6810,-0.0129299163818359,6810,-0.0369138717651367,6810,-0.0141019821166992,6810,-0.0287895202636719,6810,-0.0113668441772461
6820,-0.0298824310302734,6820,-0.0344924926757812,6820,-0.0349607467651367,6820,-0.080195426940918,6820,-0.033085823059082,6820,-0.0421485900878906,6820,-0.0453519821166992,6820,-0.0380859375,6820,-0.0183982849121094,6820,-0.0248050689697266,6820,-0.0341014862060547,6820,-0.0276956558227539,6820,-0.0541801452636719,6820,-10.1567182540894,6820,-0.0316801071166992,6820,-9.16976165771484,6820,-0.0304298400878906,6820,-8.54757118225098,6820,-0.0223827362060547,6820,-0.0128517150878906,6820,-0.0369138717651367,6820,-0.0140237808227539,6820,-0.0287895202636719,6820,-0.0112886428833008
6830,-0.0299606323242188,6830,-0.0344924926757812,6830,-0.0349607467651367,6830,-0.0801172256469727,6830,-0.033085823059082,6830,-0.0421485900878906,6830,-0.0453519821166992,6830,-0.0381641387939453,6830,-0.0183200836181641,6830,-0.0248050689697266,6830,-0.0341014862060547,6830,-0.0276174545288086,6830,-0.054804801940918,6830,-10.1565618515015,6830,-0.0316801071166992,6830,-9.16624546051025,6830,-0.0304298400878906,6830,-8.54905605316162,6830,-0.0223827362060547,6830,-0.0128517150878906,6830,-0.0369138717651367,6830,-0.0140237808227539,6830,-0.0287895202636719,6830,-0.0112886428833008
6840,-0.0298824310302734,6840,-0.0344924926757812,6840,-0.0348825454711914,6840,-0.0800390243530273,6840,-0.033085823059082,6840,-0.0421485900878906,6840,-0.0453519821166992,6840,-0.0380859375,6840,-0.0183200836181641,6840,-0.0248050689697266,6840,-0.0341014862060547,6840,-0.0276174545288086,6840,-0.0551176071166992,6840,-10.1568746566772,6840,-0.0316801071166992,6840,-9.16866779327393,6840,-0.0304298400878906,6840,-8.55272769927979,6840,-0.0223827362060547,6840,-0.0128517150878906,6840,-0.0369138717651367,6840,-0.0139455795288086,6840,-0.0287895202636719,6840,-0.0112113952636719
6850,-0.0299606323242188,6850,-0.0344924926757812,6850,-0.0348825454711914,6850,-0.079960823059082,6850,-0.0330076217651367,6850,-0.0421485900878906,6850,-0.0453519821166992,6850,-0.0380859375,6850,-0.0183200836181641,6850,-0.0248050689697266,6850,-0.0338668823242188,6850,-0.0276174545288086,6850,-0.0548830032348633,6850,-10.1564836502075,6850,-0.0316801071166992,6850,-9.17343330383301,6850,-0.0304298400878906,6850,-8.5538215637207,6850,-0.0223827362060547,6850,-0.0128517150878906,6850,-0.0369138717651367,6850,-0.0139455795288086,6850,-0.0287895202636719,6850,-0.0112113952636719
6860,-0.0299606323242188,6860,-0.0344924926757812,6860,-0.0348825454711914,6860,-0.0798053741455078,6860,-0.0330076217651367,6860,-0.0421485900878906,6860,-0.0453519821166992,6860,-0.0380859375,6860,-0.0183200836181641,6860,-0.0248050689697266,6860,-0.0336332321166992,6860,-0.0276174545288086,6860,-0.0549612045288086,6860,-10.1555461883545,6860,-0.0316801071166992,6860,-9.16921424865723,6860,-0.0305080413818359,6860,-8.56015014648438,6860,-0.0223827362060547,6860,-0.0127735137939453,6860,-0.0369138717651367,6860,-0.0138673782348633,6860,-0.0287895202636719,6860,-0.0111331939697266
6870,-0.0299606323242188,6870,-0.0344924926757812,6870,-0.0348825454711914,6870,-0.0798053741455078,6870,-0.0330076217651367,6870,-0.0421485900878906,6870,-0.0453519821166992,6870,-0.0380859375,6870,-0.0182418823242188,6870,-0.0248050689697266,6870,-0.0337114334106445,6870,-0.0276174545288086,6870,-0.0548830032348633,6870,-10.1562490463257,6870,-0.0316801071166992,6870,-9.17710494995117,6870,-0.0305080413818359,6870,-8.56194686889648,6870,-0.0223827362060547,6870,-0.0127735137939453,6870,-0.036992073059082,6870,-0.0138673782348633,6870,-0.0287895202636719,6870,-0.0111331939697266
6880,-0.0299606323242188,6880,-0.0344924926757812,6880,-0.0348043441772461,6880,-0.0797271728515625,6880,-0.0330076217651367,6880,-0.0421485900878906,6880,-0.0453519821166992,6880,-0.0380859375,6880,-0.0182418823242188,6880,-0.0248050689697266,6880,-0.0341796875,6880,-0.0276174545288086,6880,-0.0548830032348633,6880,-10.1568746566772,6880,-0.0316801071166992,6880,-9.16960525512695,6880,-0.0305080413818359,6880,-8.56194686889648,6880,-0.0223827362060547,6880,-0.0127735137939453,6880,-0.0369138717651367,6880,-0.0138673782348633,6880,-0.0287895202636719,6880,-0.0110549926757812
6890,-0.0299606323242188,6890,-0.0344924926757812,6890,-0.0348043441772461,6890,-0.0796489715576172,6890,-0.0329294204711914,6890,-0.0421485900878906,6890,-0.0453519821166992,6890,-0.0380859375,6890,-0.0182418823242188,6890,-0.0248050689697266,6890,-0.0339450836181641,6890,-0.0275392532348633,6890,-0.0547266006469727,6890,-10.1570310592651,6890,-0.0316801071166992,6890,-9.17343330383301,6890,-0.0305080413818359,6890,-8.56350898742676,6890,-0.0223827362060547,6890,-0.0127735137939453,6890,-0.036992073059082,6890,-0.013789176940918,6890,-0.0287895202636719,6890,-0.0110549926757812
6900,-0.0299606323242188,6900,-0.0344924926757812,6900,-0.0348043441772461,6900,-0.0795707702636719,6900,-0.0329294204711914,6900,-0.0421485900878906,6900,-0.0452737808227539,6900,-0.0380859375,6900,-0.0182418823242188,6900,-0.0248050689697266,6900,-0.0338668823242188,6900,-0.0275392532348633,6900,-0.0547266006469727,6900,-10.1573429107666,6900,-0.0316801071166992,6900,-9.17632389068604,6900,-0.0305080413818359,6900,-8.5694465637207,6900,-0.0223827362060547,6900,-0.0126953125,6900,-0.036992073059082,6900,-0.013789176940918,6900,-0.0287895202636719,6900,-0.0109767913818359
6910,-0.0299606323242188,6910,-0.0344924926757812,6910,-0.0348043441772461,6910,-0.0794925689697266,6910,-0.0329294204711914,6910,-0.0421485900878906,6910,-0.0453519821166992,6910,-0.0380859375,6910,-0.0182418823242188,6910,-0.0248050689697266,6910,-0.0338668823242188,6910,-0.0275392532348633,6910,-0.0544919967651367,6910,-10.1571865081787,6910,-0.0316801071166992,6910,-9.18148040771484,6910,-0.0305080413818359,6910,-8.57444667816162,6910,-0.0223827362060547,6910,-0.0126953125,6910,-0.036992073059082,6910,-0.0137109756469727,6910,-0.0287895202636719,6910,-0.0109767913818359
6920,-0.0299606323242188,6920,-0.0344924926757812,6920,-0.0347270965576172,6920,-0.0794143676757812,6920,-0.0329294204711914,6920,-0.0421485900878906,6920,-0.0452737808227539,6920,-0.0380859375,6920,-0.0181636810302734,6920,-0.0248050689697266,6920,-0.0339450836181641,6920,-0.0275392532348633,6920,-0.0548830032348633,6920,-10.1570310592651,6920,-0.0316801071166992,6920,-9.17507362365723,6920,-0.0305080413818359,6920,-8.5792121887207,6920,-0.0223827362060547,6920,-0.0126953125,6920,-0.036992073059082,6920,-0.0137109756469727,6920,-0.0287895202636719,6920,-0.0108985900878906
6930,-0.0299606323242188,6930,-0.0344924926757812,6930,-0.0347270965576172,6930,-0.0793361663818359,6930,-0.0328512191772461,6930,-0.0421485900878906,6930,-0.0452737808227539,6930,-0.0380859375,6930,-0.0181636810302734,6930,-0.0248050689697266,6930,-0.0334768295288086,6930,-0.0275392532348633,6930,-0.0550394058227539,6930,-10.1567182540894,6930,-0.0316019058227539,6930,-9.17921447753906,6930,-0.0304298400878906,6930,-8.58475875854492,6930,-0.0222263336181641,6930,-0.0126953125,6930,-0.0368356704711914,6930,-0.0136327743530273,6930,-0.0287895202636719,6930,-0.0108985900878906
6940,-0.0298051834106445,6940,-0.0344924926757812,6940,-0.0347270965576172,6940,-0.0790233612060547,6940,-0.0328512191772461,6940,-0.0421485900878906,6940,-0.0452737808227539,6940,-0.0380859375,6940,-0.0181636810302734,6940,-0.0248050689697266,6940,-0.031367301940918,6940,-0.027461051940918,6940,-0.0550394058227539,6940,-10.1560153961182,6940,-0.0314455032348633,6940,-9.17429256439209,6940,-0.0302734375,6940,-8.58600902557373,6940,-0.0220699310302734,6940,-0.0126171112060547,6940,-0.0367574691772461,6940,-0.0136327743530273,6940,-0.0287895202636719,6940,-0.0108203887939453
6950,-0.0297269821166992,6950,-0.0344924926757812,6950,-0.0347270965576172,6950,-0.0788679122924805,6950,-0.0328512191772461,6950,-0.0421485900878906,6950,-0.0452737808227539,6950,-0.0380859375,6950,-0.0181636810302734,6950,-0.0248050689697266,6950,-0.0309762954711914,6950,-0.027461051940918,6950,-0.0551176071166992,6950,-10.1564836502075,6950,-0.0314455032348633,6950,-9.1663236618042,6950,-0.0302734375,6950,-8.59225940704346,6950,-0.0220699310302734,6950,-0.0126171112060547,6950,-0.0366802215576172,6950,-0.0136327743530273,6950,-0.0287895202636719,6950,-0.0108203887939453
6960,-0.0297269821166992,6960,-0.0344924926757812,6960,-0.0346488952636719,6960,-0.0787115097045898,6960,-0.0328512191772461,6960,-0.0420703887939453,6960,-0.0452737808227539,6960,-0.0380859375,6960,-0.0181636810302734,6960,-0.0247268676757812,6960,-0.0312108993530273,6960,-0.027461051940918,6960,-0.0550394058227539,6960,-10.1562490463257,6960,-0.031367301940918,6960,-9.16780853271484,6960,-0.0302734375,6960,-8.59460258483887,6960,-0.0219926834106445,6960,-0.0126171112060547,6960,-0.0366802215576172,6960,-0.013554573059082,6960,-0.0287895202636719,6960,-0.0107421875
6970,-0.0297269821166992,6970,-0.0344924926757812,6970,-0.0346488952636719,6970,-0.0786333084106445,6970,-0.0327739715576172,6970,-0.0420703887939453,6970,-0.0452737808227539,6970,-0.0380859375,6970,-0.0180864334106445,6970,-0.0247268676757812,6970,-0.0308980941772461,6970,-0.027461051940918,6970,-0.0547266006469727,6970,-10.1560153961182,6970,-0.031367301940918,6970,-9.1702299118042,6970,-0.0303516387939453,6970,-8.59866523742676,6970,-0.0219926834106445,6970,-0.0126171112060547,6970,-0.0366802215576172,6970,-0.013554573059082,6970,-0.0287895202636719,6970,-0.0107421875
6980,-0.0297269821166992,6980,-0.0344924926757812,6980,-0.0346488952636719,6980,-0.0785551071166992,6980,-0.0327739715576172,6980,-0.0420703887939453,6980,-0.0452737808227539,6980,-0.0380859375,6980,-0.0180864334106445,6980,-0.0247268676757812,6980,-0.0308980941772461,6980,-0.027461051940918,6980,-0.0517578125,6980,-10.1562490463257,6980,-0.031367301940918,6980,-9.17108917236328,6980,-0.0303516387939453,6980,-8.60147762298584,6980,-0.0219926834106445,6980,-0.0125389099121094,6980,-0.0366802215576172,6980,-0.0134763717651367,6980,-0.0287895202636719,6980,-0.0106639862060547
6990,-0.0296487808227539,6990,-0.0344924926757812,6990,-0.0346488952636719,6990,-0.0784769058227539,6990,-0.0327739715576172,6990,-0.0420703887939453,6990,-0.0452737808227539,6990,-0.0380077362060547,6990,-0.0180864334106445,6990,-0.0247268676757812,6990,-0.0307426452636719,6990,-0.0273828506469727,6990,-0.0536327362060547,6990,-10.1563272476196,6990,-0.031367301940918,6990,-9.1774959564209,6990,-0.0303516387939453,6990,-8.61014938354492,6990,-0.0219926834106445,6990,-0.0125389099121094,6990,-0.0366802215576172,6990,-0.0134763717651367,6990,-0.0287895202636719,6990,-0.0106639862060547
7000,-0.0296487808227539,7000,-0.0344924926757812,7000,-0.0345706939697266,7000,-0.0783205032348633,7000,-0.0327739715576172,7000,-0.0420703887939453,7000,-0.0452737808227539,7000,-0.0380077362060547,7000,-0.0180864334106445,7000,-0.0247268676757812,7000,-0.0308980941772461,7000,-0.0273828506469727,7000,-0.0529298782348633,7000,-10.1556243896484,7000,-0.031367301940918,7000,-9.17187118530273,7000,-0.0303516387939453,7000,-8.61897850036621,7000,-0.0219926834106445,7000,-0.0125389099121094,7000,-0.0366802215576172,7000,-0.0133981704711914,7000,-0.0287895202636719,7000,-0.0105857849121094
7010,-0.0296487808227539,7010,-0.0344924926757812,7010,-0.0345706939697266,7010,-0.078242301940918,7010,-0.0326957702636719,7010,-0.0420703887939453,7010,-0.0452737808227539,7010,-0.0380077362060547,7010,-0.0180864334106445,7010,-0.0247268676757812,7010,-0.0306644439697266,7010,-0.0273828506469727,7010,-0.0520706176757812,7010,-10.1564054489136,7010,-0.0312891006469727,7010,-9.17030811309814,7010,-0.0303516387939453,7010,-8.62585258483887,7010,-0.0219926834106445,7010,-0.0124607086181641,7010,-0.0366020202636719,7010,-0.0133981704711914,7010,-0.0287895202636719,7010,-0.0105857849121094
7020,-0.0296487808227539,7020,-0.0344924926757812,7020,-0.0345706939697266,7020,-0.0780858993530273,7020,-0.0326957702636719,7020,-0.0420703887939453,7020,-0.0452737808227539,7020,-0.0380077362060547,7020,-0.0180082321166992,7020,-0.0247268676757812,7020,-0.0308208465576172,7020,-0.0273828506469727,7020,-0.0522270202636719,7020,-10.1549215316772,7020,-0.0312891006469727,7020,-9.16663646697998,7020,-0.0303516387939453,7020,-8.63272857666016,7020,-0.0219926834106445,7020,-0.0124607086181641,7020,-0.0366020202636719,7020,-0.0133199691772461,7020,-0.0287895202636719,7020,-0.0105075836181641
7030,-0.0296487808227539,7030,-0.0344924926757812,7030,-0.0345706939697266,7030,-0.0780858993530273,7030,-0.0326957702636719,7030,-0.0420703887939453,7030,-0.0452737808227539,7030,-0.0380077362060547,7030,-0.0180082321166992,7030,-0.0247268676757812,7030,-0.0309762954711914,7030,-0.0273828506469727,7030,-0.0512895584106445,7030,-10.1559371948242,7030,-0.0312891006469727,7030,-9.17444896697998,7030,-0.0303516387939453,7030,-8.6392126083374,7030,-0.0219926834106445,7030,-0.0124607086181641,7030,-0.0366020202636719,7030,-0.0133199691772461,7030,-0.0287895202636719,7030,-0.0105075836181641
7040,-0.0296487808227539,7040,-0.0344924926757812,7040,-0.0344924926757812,7040,-0.078007698059082,7040,-0.0326957702636719,7040,-0.0420703887939453,7040,-0.0452737808227539,7040,-0.0380077362060547,7040,-0.0180082321166992,7040,-0.0247268676757812,7040,-0.0310544967651367,7040,-0.0273046493530273,7040,-0.0517578125,7040,-10.1550779342651,7040,-0.0312891006469727,7040,-9.17663669586182,7040,-0.0303516387939453,7040,-8.64350891113281,7040,-0.0219926834106445,7040,-0.0124607086181641,7040,-0.0366020202636719,7040,-0.0132417678833008,7040,-0.0287895202636719,7040,-0.0104293823242188
7050,-0.0295705795288086,7050,-0.0344924926757812,7050,-0.0344924926757812,7050,-0.0778522491455078,7050,-0.0326175689697266,7050,-0.0420703887939453,7050,-0.0452737808227539,7050,-0.0380077362060547,7050,-0.0180082321166992,7050,-0.0247268676757812,7050,-0.031367301940918,7050,-0.0273046493530273,7050,-0.0501174926757812,7050,-10.1558589935303,7050,-0.0312891006469727,7050,-9.18569850921631,7050,-0.0303516387939453,7050,-8.64608764648438,7050,-0.0219144821166992,7050,-0.0123825073242188,7050,-0.0366020202636719,7050,-0.0132417678833008,7050,-0.0287895202636719,7050,-0.0104293823242188
7060,-0.0295705795288086,7060,-0.0344924926757812,7060,-0.0344924926757812,7060,-0.0778522491455078,7060,-0.0326175689697266,7060,-0.0420703887939453,7060,-0.0452737808227539,7060,-0.0380077362060547,7060,-0.0179300308227539,7060,-0.0247268676757812,7060,-0.0312108993530273,7060,-0.0273046493530273,7060,-0.0494918823242188,7060,-10.1553115844727,7060,-0.0312108993530273,7060,-9.18562126159668,7060,-0.0303516387939453,7060,-8.64975929260254,7060,-0.0219144821166992,7060,-0.0123825073242188,7060,-0.0366020202636719,7060,-0.0131645202636719,7060,-0.0287895202636719,7060,-0.0103511810302734
7070,-0.0295705795288086,7070,-0.0344924926757812,7070,-0.0344142913818359,7070,-0.0777740478515625,7070,-0.0326175689697266,7070,-0.0420703887939453,7070,-0.0452737808227539,7070,-0.0380077362060547,7070,-0.0179300308227539,7070,-0.0247268676757812,7070,-0.031367301940918,7070,-0.0273046493530273,7070,-0.0490236282348633,7070,-10.1557025909424,7070,-0.0312108993530273,7070,-9.17757415771484,7070,-0.0303516387939453,7070,-8.65257167816162,7070,-0.0219144821166992,7070,-0.0123825073242188,7070,-0.0366020202636719,7070,-0.0131645202636719,7070,-0.0287895202636719,7070,-0.0103511810302734
7080,-0.0295705795288086,7080,-0.0344924926757812,7080,-0.0344142913818359,7080,-0.0776958465576172,7080,-0.0326175689697266,7080,-0.0420703887939453,7080,-0.0452737808227539,7080,-0.0380077362060547,7080,-0.0179300308227539,7080,-0.0247268676757812,7080,-0.0315237045288086,7080,-0.0273046493530273,7080,-0.0488672256469727,7080,-10.1555461883545,7080,-0.0312108993530273,7080,-9.18405818939209,7080,-0.0303516387939453,7080,-8.65647792816162,7080,-0.0219144821166992,7080,-0.0123825073242188,7080,-0.0366020202636719,7080,-0.0131645202636719,7080,-0.0287895202636719,7080,-0.0102729797363281
7090,-0.0295705795288086,7090,-0.0344924926757812,7090,-0.0344142913818359,7090,-0.0776176452636719,7090,-0.0325393676757812,7090,-0.0420703887939453,7090,-0.0451955795288086,7090,-0.0380077362060547,7090,-0.0179300308227539,7090,-0.0246486663818359,7090,-0.0314455032348633,7090,-0.0273046493530273,7090,-0.048945426940918,7090,-10.1548433303833,7090,-0.0312108993530273,7090,-9.18155860900879,7090,-0.0303516387939453,7090,-8.66202545166016,7090,-0.0219144821166992,7090,-0.0123043060302734,7090,-0.0366020202636719,7090,-0.0130863189697266,7090,-0.0287895202636719,7090,-0.0102729797363281
7100,-0.0295705795288086,7100,-0.0344924926757812,7100,-0.0344142913818359,7100,-0.0775394439697266,7100,-0.0325393676757812,7100,-0.0420703887939453,7100,-0.0451955795288086,7100,-0.0380077362060547,7100,-0.0179300308227539,7100,-0.0246486663818359,7100,-0.0319137573242188,7100,-0.027226448059082,7100,-0.048945426940918,7100,-10.1559371948242,7100,-0.0312108993530273,7100,-9.17007350921631,7100,-0.0303516387939453,7100,-8.66921234130859,7100,-0.0219926834106445,7100,-0.0123043060302734,7100,-0.0366020202636719,7100,-0.0130081176757812,7100,-0.0287895202636719,7100,-0.0101957321166992
7110,-0.0295705795288086,7110,-0.0344924926757812,7110,-0.0343360900878906,7110,-0.0774612426757812,7110,-0.0325393676757812,7110,-0.0420703887939453,7110,-0.0451955795288086,7110,-0.0379295349121094,7110,-0.0178518295288086,7110,-0.0246486663818359,7110,-0.0322265625,7110,-0.027226448059082,7110,-0.0491018295288086,7110,-10.1566400527954,7110,-0.0312108993530273,7110,-9.17835521697998,7110,-0.0303516387939453,7110,-8.67663478851318,7110,-0.0219926834106445,7110,-0.0123043060302734,7110,-0.0366020202636719,7110,-0.0130081176757812,7110,-0.0287895202636719,7110,-0.0101957321166992
7120,-0.0295705795288086,7120,-0.0344924926757812,7120,-0.0343360900878906,7120,-0.0773830413818359,7120,-0.0325393676757812,7120,-0.0420703887939453,7120,-0.0451955795288086,7120,-0.0379295349121094,7120,-0.0178518295288086,7120,-0.0246486663818359,7120,-0.0323829650878906,7120,-0.027226448059082,7120,-0.0495700836181641,7120,-10.1561717987061,7120,-0.0312108993530273,7120,-9.17530822753906,7120,-0.0303516387939453,7120,-8.68202495574951,7120,-0.0219926834106445,7120,-0.0122261047363281,7120,-0.0366020202636719,7120,-0.0130081176757812,7120,-0.0287895202636719,7120,-0.0101175308227539
7130,-0.0295705795288086,7130,-0.0344924926757812,7130,-0.0343360900878906,7130,-0.0773830413818359,7130,-0.0324611663818359,7130,-0.0419921875,7130,-0.0451955795288086,7130,-0.0379295349121094,7130,-0.0178518295288086,7130,-0.0246486663818359,7130,-0.0323047637939453,7130,-0.027226448059082,7130,-0.0494146347045898,7130,-10.1560153961182,7130,-0.031132698059082,7130,-9.1858549118042,7130,-0.0304298400878906,7130,-8.68335342407227,7130,-0.0219926834106445,7130,-0.0122261047363281,7130,-0.0366020202636719,7130,-0.0129299163818359,7130,-0.0287895202636719,7130,-0.0101175308227539
7140,-0.0294923782348633,7140,-0.0344924926757812,7140,-0.0343360900878906,7140,-0.0773048400878906,7140,-0.0324611663818359,7140,-0.0419921875,7140,-0.0451955795288086,7140,-0.0379295349121094,7140,-0.0178518295288086,7140,-0.0246486663818359,7140,-0.0326175689697266,7140,-0.027226448059082,7140,-0.0491018295288086,7140,-10.1561717987061,7140,-0.031132698059082,7140,-9.18358993530273,7140,-0.0304298400878906,7140,-8.68819713592529,7140,-0.0219144821166992,7140,-0.0122261047363281,7140,-0.0366020202636719,7140,-0.0129299163818359,7140,-0.0287895202636719,7140,-0.0101175308227539
7150,-0.0294923782348633,7150,-0.0344924926757812,7150,-0.0342578887939453,7150,-0.0772266387939453,7150,-0.0324611663818359,7150,-0.0419921875,7150,-0.0451955795288086,7150,-0.0379295349121094,7150,-0.0178518295288086,7150,-0.0246486663818359,7150,-0.0323047637939453,7150,-0.0271482467651367,7150,-0.0490236282348633,7150,-10.1560935974121,7150,-0.031132698059082,7150,-9.17397975921631,7150,-0.0304298400878906,7150,-8.69061851501465,7150,-0.0219926834106445,7150,-0.0122261047363281,7150,-0.0366020202636719,7150,-0.0128517150878906,7150,-0.0287895202636719,7150,-0.0100393295288086
7160,-0.0294923782348633,7160,-0.0344924926757812,7160,-0.0342578887939453,7160,-0.0772266387939453,7160,-0.0324611663818359,7160,-0.0419921875,7160,-0.0451955795288086,7160,-0.0379295349121094,7160,-0.0177736282348633,7160,-0.0246486663818359,7160,-0.0322265625,7160,-0.0271482467651367,7160,-0.0491018295288086,7160,-10.1557025909424,7160,-0.031132698059082,7160,-9.17335510253906,7160,-0.0304298400878906,7160,-8.69233798980713,7160,-0.0219926834106445,7160,-0.0121488571166992,7160,-0.0366020202636719,7160,-0.0128517150878906,7160,-0.0287895202636719,7160,-0.0100393295288086
7170,-0.0294923782348633,7170,-0.0344924926757812,7170,-0.0342578887939453,7170,-0.0771484375,7170,-0.0323829650878906,7170,-0.0419921875,7170,-0.0451955795288086,7170,-0.0379295349121094,7170,-0.0177736282348633,7170,-0.0246486663818359,7170,-0.0319919586181641,7170,-0.0271482467651367,7170,-0.0486326217651367,7170,-10.1561717987061,7170,-0.031132698059082,7170,-9.17194843292236,7170,-0.0305080413818359,7170,-8.69538497924805,7170,-0.0219926834106445,7170,-0.0121488571166992,7170,-0.0366020202636719,7170,-0.0127735137939453,7170,-0.0287895202636719,7170,-0.00996112823486328
7180,-0.0294923782348633,7180,-0.0344924926757812,7180,-0.0342578887939453,7180,-0.0771484375,7180,-0.0323829650878906,7180,-0.0419921875,7180,-0.0451955795288086,7180,-0.0379295349121094,7180,-0.0177736282348633,7180,-0.0246486663818359,7180,-0.0322265625,7180,-0.0271482467651367,7180,-0.0484771728515625,7180,-10.1557025909424,7180,-0.031132698059082,7180,-9.16913604736328,7180,-0.0305080413818359,7180,-8.70022869110107,7180,-0.0219926834106445,7180,-0.0121488571166992,7180,-0.0366020202636719,7180,-0.0127735137939453,7180,-0.0287895202636719,7180,-0.00996112823486328
7190,-0.0294923782348633,7190,-0.0344924926757812,7190,-0.0342578887939453,7190,-0.0770702362060547,7190,-0.0323829650878906,7190,-0.0419921875,7190,-0.0451955795288086,7190,-0.0379295349121094,7190,-0.0177736282348633,7190,-0.0246486663818359,7190,-0.0323047637939453,7190,-0.0271482467651367,7190,-0.0487890243530273,7190,-10.1560935974121,7190,-0.031132698059082,7190,-9.17202663421631,7190,-0.0305080413818359,7190,-8.70272827148438,7190,-0.0219926834106445,7190,-0.0121488571166992,7190,-0.0365238189697266,7190,-0.0126953125,7190,-0.0287895202636719,7190,-0.00996112823486328
7200,-0.0294923782348633,7200,-0.0344924926757812,7200,-0.0341796875,7200,-0.0770702362060547,7200,-0.0323829650878906,7200,-0.0419921875,7200,-0.0451955795288086,7200,-0.0379295349121094,7200,-0.0177736282348633,7200,-0.0246486663818359,7200,-0.0323829650878906,7200,-0.0271482467651367,7200,-0.0484771728515625,7200,-10.1548433303833,7200,-0.031132698059082,7200,-9.16897964477539,7200,-0.0305080413818359,7200,-8.70327568054199,7200,-0.0219926834106445,7200,-0.0120706558227539,7200,-0.0365238189697266,7200,-0.0126953125,7200,-0.0287895202636719,7200,-0.00988292694091797
7210,-0.029414176940918,7210,-0.0344924926757812,7210,-0.0341796875,7210,-0.0770702362060547,7210,-0.0323829650878906,7210,-0.0419921875,7210,-0.0451955795288086,7210,-0.0379295349121094,7210,-0.017695426940918,7210,-0.0245704650878906,7210,-0.0325393676757812,7210,-0.0270700454711914,7210,-0.0483989715576172,7210,-10.1542186737061,7210,-0.0310544967651367,7210,-9.17780876159668,7210,-0.0305080413818359,7210,-8.70429039001465,7210,-0.0219926834106445,7210,-0.0120706558227539,7210,-0.0365238189697266,7210,-0.0126171112060547,7210,-0.0287895202636719,7210,-0.00988292694091797
7220,-0.029414176940918,7220,-0.0344924926757812,7220,-0.0341796875,7220,-0.0770702362060547,7220,-0.0323047637939453,7220,-0.0419921875,7220,-0.0451955795288086,7220,-0.0379295349121094,7220,-0.017695426940918,7220,-0.0245704650878906,7220,-0.0323829650878906,7220,-0.0270700454711914,7220,-0.0482425689697266,7220,-10.1546869277954,7220,-0.0310544967651367,7220,-9.18351173400879,7220,-0.0305080413818359,7220,-8.7061653137207,7220,-0.0219926834106445,7220,-0.0120706558227539,7220,-0.0365238189697266,7220,-0.0126171112060547,7220,-0.0287895202636719,7220,-0.00980472564697266
7230,-0.029414176940918,7230,-0.0344924926757812,7230,-0.0341796875,7230,-0.0770702362060547,7230,-0.0323047637939453,7230,-0.0419921875,7230,-0.0451955795288086,7230,-0.0379295349121094,7230,-0.017695426940918,7230,-0.0245704650878906,7230,-0.0325393676757812,7230,-0.0270700454711914,7230,-0.0480861663818359,7230,-10.1547651290894,7230,-0.0310544967651367,7230,-9.18913650512695,7230,-0.0305080413818359,7230,-8.71272850036621,7230,-0.0219926834106445,7230,-0.0119924545288086,7230,-0.0365238189697266,7230,-0.0126171112060547,7230,-0.0287895202636719,7230,-0.00980472564697266
7240,-0.029414176940918,7240,-0.0344924926757812,7240,-0.0341014862060547,7240,-0.0769920349121094,7240,-0.0323047637939453,7240,-0.0419921875,7240,-0.0451955795288086,7240,-0.0379295349121094,7240,-0.017695426940918,7240,-0.0245704650878906,7240,-0.0326175689697266,7240,-0.0270700454711914,7240,-0.0479297637939453,7240,-10.1543741226196,7240,-0.0310544967651367,7240,-9.17991733551025,7240,-0.0305080413818359,7240,-8.71780681610107,7240,-0.0219144821166992,7240,-0.0119924545288086,7240,-0.0365238189697266,7240,-0.0125389099121094,7240,-0.0287895202636719,7240,-0.00972652435302734
7250,-0.029414176940918,7250,-0.0344924926757812,7250,-0.0341014862060547,7250,-0.0769920349121094,7250,-0.0322265625,7250,-0.0419921875,7250,-0.0451955795288086,7250,-0.0378513336181641,7250,-0.017695426940918,7250,-0.0245704650878906,7250,-0.0324611663818359,7250,-0.0270700454711914,7250,-0.0480079650878906,7250,-10.1549215316772,7250,-0.0309762954711914,7250,-9.17038631439209,7250,-0.0305080413818359,7250,-8.72007179260254,7250,-0.0219144821166992,7250,-0.0119924545288086,7250,-0.0365238189697266,7250,-0.0125389099121094,7250,-0.0287895202636719,7250,-0.00972652435302734
7260,-0.0293359756469727,7260,-0.0344924926757812,7260,-0.0341014862060547,7260,-0.0769920349121094,7260,-0.0322265625,7260,-0.0419921875,7260,-0.0451955795288086,7260,-0.0379295349121094,7260,-0.0176172256469727,7260,-0.0245704650878906,7260,-0.0324611663818359,7260,-0.0270700454711914,7260,-0.0480079650878906,7260,-10.1550779342651,7260,-0.0309762954711914,7260,-9.18874549865723,7260,-0.0305080413818359,7260,-8.72327518463135,7260,-0.0219144821166992,7260,-0.0119924545288086,7260,-0.0364456176757812,7260,-0.0124607086181641,7260,-0.0287895202636719,7260,-0.00972652435302734
7270,-0.0293359756469727,7270,-0.0344924926757812,7270,-0.0341014862060547,7270,-0.0769920349121094,7270,-0.0322265625,7270,-0.0419921875,7270,-0.0451955795288086,7270,-0.0378513336181641,7270,-0.0176172256469727,7270,-0.0245704650878906,7270,-0.0324611663818359,7270,-0.0269918441772461,7270,-0.0483207702636719,7270,-10.1549997329712,7270,-0.0309762954711914,7270,-9.18601131439209,7270,-0.0305080413818359,7270,-8.72452545166016,7270,-0.0219144821166992,7270,-0.0119142532348633,7270,-0.0364456176757812,7270,-0.0124607086181641,7270,-0.0287895202636719,7270,-0.00964832305908203
7280,-0.0293359756469727,7280,-0.0344924926757812,7280,-0.0341014862060547,7280,-0.0769147872924805,7280,-0.0322265625,7280,-0.0419921875,7280,-0.0451955795288086,7280,-0.0378513336181641,7280,-0.0176172256469727,7280,-0.0245704650878906,7280,-0.0323047637939453,7280,-0.0269918441772461,7280,-0.0472269058227539,7280,-10.1540622711182,7280,-0.0309762954711914,7280,-9.17960548400879,7280,-0.0305080413818359,7280,-8.72554111480713,7280,-0.0219144821166992,7280,-0.0119142532348633,7280,-0.0364456176757812,7280,-0.0124607086181641,7280,-0.0287895202636719,7280,-0.00964832305908203
7290,-0.0293359756469727,7290,-0.0344924926757812,7290,-0.0341014862060547,7290,-0.0769920349121094,7290,-0.0321483612060547,7290,-0.0419921875,7290,-0.0451173782348633,7290,-0.0378513336181641,7290,-0.0176172256469727,7290,-0.0245704650878906,7290,-0.0316801071166992,7290,-0.0269918441772461,7290,-0.0459766387939453,7290,-10.1538276672363,7290,-0.0309762954711914,7290,-9.17601108551025,7290,-0.0305862426757812,7290,-8.72811889648438,7290,-0.0219926834106445,7290,-0.0119142532348633,7290,-0.0364456176757812,7290,-0.0123825073242188,7290,-0.0287895202636719,7290,-0.00964832305908203
7300,-0.0293359756469727,7300,-0.0344924926757812,7300,-0.0340232849121094,7300,-0.0769147872924805,7300,-0.0321483612060547,7300,-0.0419921875,7300,-0.0451173782348633,7300,-0.0378513336181641,7300,-0.0176172256469727,7300,-0.0245704650878906,7300,-0.0321483612060547,7300,-0.0269918441772461,7300,-0.0451173782348633,7300,-10.1544523239136,7300,-0.0309762954711914,7300,-9.1814022064209,7300,-0.0305862426757812,7300,-8.73194694519043,7300,-0.0219144821166992,7300,-0.0119142532348633,7300,-0.0364456176757812,7300,-0.0123825073242188,7300,-0.0287895202636719,7300,-0.00957012176513672
7310,-0.0293359756469727,7310,-0.0344924926757812,7310,-0.0340232849121094,7310,-0.0769147872924805,7310,-0.0321483612060547,7310,-0.0419921875,7310,-0.0451173782348633,7310,-0.0378513336181641,7310,-0.0175390243530273,7310,-0.0244922637939453,7310,-0.0319919586181641,7310,-0.0269918441772461,7310,-0.0458984375,7310,-10.1551561355591,7310,-0.0308980941772461,7310,-9.18437099456787,7310,-0.0305862426757812,7310,-8.73061943054199,7310,-0.0219144821166992,7310,-0.011836051940918,7310,-0.0364456176757812,7310,-0.0123043060302734,7310,-0.0287895202636719,7310,-0.00957012176513672
7320,-0.0293359756469727,7320,-0.0344924926757812,7320,-0.0340232849121094,7320,-0.0769147872924805,7320,-0.0321483612060547,7320,-0.0419139862060547,7320,-0.0451173782348633,7320,-0.0378513336181641,7320,-0.0175390243530273,7320,-0.0244922637939453,7320,-0.0319137573242188,7320,-0.0269145965576172,7320,-0.0463676452636719,7320,-10.1542959213257,7320,-0.0308980941772461,7320,-9.17319869995117,7320,-0.0305862426757812,7320,-8.72796249389648,7320,-0.0219144821166992,7320,-0.011836051940918,7320,-0.0364456176757812,7320,-0.0123043060302734,7320,-0.0287895202636719,7320,-0.00949192047119141
7330,-0.0293359756469727,7330,-0.0344924926757812,7330,-0.0340232849121094,7330,-0.0769147872924805,7330,-0.0321483612060547,7330,-0.0419139862060547,7330,-0.0451173782348633,7330,-0.0378513336181641,7330,-0.0175390243530273,7330,-0.0244922637939453,7330,-0.0317583084106445,7330,-0.0269145965576172,7330,-0.046992301940918,7330,-10.1546869277954,7330,-0.0308980941772461,7330,-9.18983936309814,7330,-0.0305862426757812,7330,-8.73327541351318,7330,-0.0219926834106445,7330,-0.011836051940918,7330,-0.0364456176757812,7330,-0.0122261047363281,7330,-0.0287895202636719,7330,-0.00949192047119141
7340,-0.0293359756469727,7340,-0.0344924926757812,7340,-0.0340232849121094,7340,-0.0769147872924805,7340,-0.0320701599121094,7340,-0.0419139862060547,7340,-0.0451173782348633,7340,-0.0378513336181641,7340,-0.0175390243530273,7340,-0.0244922637939453,7340,-0.0319919586181641,7340,-0.0269145965576172,7340,-0.0473051071166992,7340,-10.1543741226196,7340,-0.0308980941772461,7340,-9.17390155792236,7340,-0.0305862426757812,7340,-8.73515033721924,7340,-0.0219926834106445,7340,-0.0117578506469727,7340,-0.0364456176757812,7340,-0.0122261047363281,7340,-0.0287895202636719,7340,-0.00949192047119141
7350,-0.0293359756469727,7350,-0.0344924926757812,7350,-0.0339450836181641,7350,-0.0768365859985352,7350,-0.0320701599121094,7350,-0.0419139862060547,7350,-0.0451173782348633,7350,-0.0378513336181641,7350,-0.0175390243530273,7350,-0.0244922637939453,7350,-0.0319919586181641,7350,-0.0269145965576172,7350,-0.0457420349121094,7350,-10.1550779342651,7350,-0.0308980941772461,7350,-9.17530822753906,7350,-0.0306644439697266,7350,-8.73655700683594,7350,-0.0219926834106445,7350,-0.0117578506469727,7350,-0.0364456176757812,7350,-0.0121488571166992,7350,-0.0287895202636719,7350,-0.00941371917724609
7360,-0.0293359756469727,7360,-0.0344924926757812,7360,-0.0339450836181641,7360,-0.0768365859985352,7360,-0.0320701599121094,7360,-0.0419139862060547,7360,-0.0451173782348633,7360,-0.0378513336181641,7360,-0.017460823059082,7360,-0.0244922637939453,7360,-0.0316019058227539,7360,-0.0269145965576172,7360,-0.0444145202636719,7360,-10.1551561355591,7360,-0.0308980941772461,7360,-9.19210529327393,7360,-0.0306644439697266,7360,-8.73671245574951,7360,-0.0219926834106445,7360,-0.0117578506469727,7360,-0.0364456176757812,7360,-0.0121488571166992,7360,-0.0287895202636719,7360,-0.00941371917724609
7370,-0.0293359756469727,7370,-0.0344924926757812,7370,-0.0339450836181641,7370,-0.0768365859985352,7370,-0.0320701599121094,7370,-0.0419139862060547,7370,-0.0451173782348633,7370,-0.0378513336181641,7370,-0.017460823059082,7370,-0.0244922637939453,7370,-0.0317583084106445,7370,-0.0268363952636719,7370,-0.0433988571166992,7370,-10.1546087265015,7370,-0.0308980941772461,7370,-9.17015171051025,7370,-0.0306644439697266,7370,-8.73515033721924,7370,-0.0219926834106445,7370,-0.0117578506469727,7370,-0.0364456176757812,7370,-0.0120706558227539,7370,-0.0287895202636719,7370,-0.00941371917724609
7380,-0.0293359756469727,7380,-0.0344924926757812,7380,-0.0339450836181641,7380,-0.0768365859985352,7380,-0.0319919586181641,7380,-0.0419139862060547,7380,-0.0451173782348633,7380,-0.0378513336181641,7380,-0.017460823059082,7380,-0.0244922637939453,7380,-0.0318355560302734,7380,-0.0268363952636719,7380,-0.0434770584106445,7380,-10.1551561355591,7380,-0.0308980941772461,7380,-9.18648052215576,7380,-0.0306644439697266,7380,-8.73764991760254,7380,-0.0219926834106445,7380,-0.0116796493530273,7380,-0.0364456176757812,7380,-0.0120706558227539,7380,-0.0287895202636719,7380,-0.00933551788330078
7390,-0.0293359756469727,7390,-0.0344924926757812,7390,-0.0339450836181641,7390,-0.0767583847045898,7390,-0.0319919586181641,7390,-0.0419139862060547,7390,-0.0451173782348633,7390,-0.0378513336181641,7390,-0.017460823059082,7390,-0.0244922637939453,7390,-0.0320701599121094,7390,-0.0268363952636719,7390,-0.0456638336181641,7390,-10.1554679870605,7390,-0.0308980941772461,7390,-9.18351173400879,7390,-0.0306644439697266,7390,-8.74140071868896,7390,-0.0219926834106445,7390,-0.0116796493530273,7390,-0.0364456176757812,7390,-0.0120706558227539,7390,-0.0287895202636719,7390,-0.00933551788330078
7400,-0.0293359756469727,7400,-0.0344924926757812,7400,-0.0338668823242188,7400,-0.0767583847045898,7400,-0.0319919586181641,7400,-0.0419139862060547,7400,-0.0451173782348633,7400,-0.0378513336181641,7400,-0.017460823059082,7400,-0.0244140625,7400,-0.0321483612060547,7400,-0.0268363952636719,7400,-0.0465240478515625,7400,-10.1542186737061,7400,-0.0308208465576172,7400,-9.17179298400879,7400,-0.0306644439697266,7400,-8.74241638183594,7400,-0.0219926834106445,7400,-0.0116796493530273,7400,-0.0364456176757812,7400,-0.0119924545288086,7400,-0.0287895202636719,7400,-0.00933551788330078
7410,-0.0292577743530273,7410,-0.0344924926757812,7410,-0.0338668823242188,7410,-0.0767583847045898,7410,-0.0319919586181641,7410,-0.0419139862060547,7410,-0.0451173782348633,7410,-0.0378513336181641,7410,-0.017460823059082,7410,-0.0244140625,7410,-0.0323829650878906,7410,-0.0268363952636719,7410,-0.0466794967651367,7410,-10.1553115844727,7410,-0.0308208465576172,7410,-9.18280792236328,7410,-0.0306644439697266,7410,-8.74311923980713,7410,-0.0219926834106445,7410,-0.0116796493530273,7410,-0.0364456176757812,7410,-0.0119924545288086,7410,-0.0287895202636719,7410,-0.00925827026367188
7420,-0.0292577743530273,7420,-0.0344924926757812,7420,-0.0338668823242188,7420,-0.0767583847045898,7420,-0.0319137573242188,7420,-0.0419139862060547,7420,-0.0451173782348633,7420,-0.0378513336181641,7420,-0.0173826217651367,7420,-0.0244140625,7420,-0.0323829650878906,7420,-0.0268363952636719,7420,-0.0465240478515625,7420,-10.1553115844727,7420,-0.0308208465576172,7420,-9.18710517883301,7420,-0.0306644439697266,7420,-8.74304103851318,7420,-0.0219926834106445,7420,-0.011601448059082,7420,-0.0364456176757812,7420,-0.0119142532348633,7420,-0.0287895202636719,7420,-0.00925827026367188
7430,-0.0292577743530273,7430,-0.0344924926757812,7430,-0.0338668823242188,7430,-0.0766801834106445,7430,-0.0319137573242188,7430,-0.0419139862060547,7430,-0.0451173782348633,7430,-0.0377731323242188,7430,-0.0173826217651367,7430,-0.0244140625,7430,-0.0323047637939453,7430,-0.0267581939697266,7430,-0.046757698059082,7430,-10.1549997329712,7430,-0.0307426452636719,7430,-9.17140197753906,7430,-0.0306644439697266,7430,-8.74546241760254,7430,-0.0219926834106445,7430,-0.011601448059082,7430,-0.0364456176757812,7430,-0.0119142532348633,7430,-0.0287895202636719,7430,-0.00925827026367188
7440,-0.0292577743530273,7440,-0.0344924926757812,7440,-0.0338668823242188,7440,-0.0766801834106445,7440,-0.0319137573242188,7440,-0.0419139862060547,7440,-0.0451173782348633,7440,-0.0377731323242188,7440,-0.0173826217651367,7440,-0.0244140625,7440,-0.0323047637939453,7440,-0.0267581939697266,7440,-0.0465240478515625,7440,-10.1554679870605,7440,-0.0307426452636719,7440,-9.18116760253906,7440,-0.0306644439697266,7440,-8.74679088592529,7440,-0.0219926834106445,7440,-0.011601448059082,7440,-0.0364456176757812,7440,-0.0119142532348633,7440,-0.0287895202636719,7440,-0.00918006896972656
7450,-0.0292577743530273,7450,-0.0344924926757812,7450,-0.0338668823242188,7450,-0.0766801834106445,7450,-0.0319137573242188,7450,-0.0419139862060547,7450,-0.0451173782348633,7450,-0.0377731323242188,7450,-0.0173826217651367,7450,-0.0244140625,7450,-0.0322265625,7450,-0.0267581939697266,7450,-0.0462894439697266,7450,-10.1553897857666,7450,-0.0307426452636719,7450,-9.18788623809814,7450,-0.0306644439697266,7450,-8.74811935424805,7450,-0.0219926834106445,7450,-0.011601448059082,7450,-0.0363674163818359,7450,-0.011836051940918,7450,-0.0287895202636719,7450,-0.00918006896972656
7460,-0.0292577743530273,7460,-0.0344924926757812,7460,-0.0337886810302734,7460,-0.0766801834106445,7460,-0.0319137573242188,7460,-0.0419139862060547,7460,-0.045039176940918,7460,-0.0377731323242188,7460,-0.0173826217651367,7460,-0.0244140625,7460,-0.0320701599121094,7460,-0.0267581939697266,7460,-0.0465240478515625,7460,-10.1555461883545,7460,-0.0307426452636719,7460,-9.18319892883301,7460,-0.0306644439697266,7460,-8.74655628204346,7460,-0.0219926834106445,7460,-0.0115232467651367,7460,-0.0363674163818359,7460,-0.011836051940918,7460,-0.0287895202636719,7460,-0.00918006896972656
7470,-0.029179573059082,7470,-0.0344924926757812,7470,-0.0337886810302734,7470,-0.0766019821166992,7470,-0.0318355560302734,7470,-0.0419139862060547,7470,-0.045039176940918,7470,-0.0377731323242188,7470,-0.0173826217651367,7470,-0.0243358612060547,7470,-0.0321483612060547,7470,-0.0267581939697266,7470,-0.0462112426757812,7470,-10.1552333831787,7470,-0.0307426452636719,7470,-9.17585563659668,7470,-0.0306644439697266,7470,-8.74436950683594,7470,-0.0219926834106445,7470,-0.0115232467651367,7470,-0.0363674163818359,7470,-0.0117578506469727,7470,-0.0287895202636719,7470,-0.00910186767578125
7480,-0.029179573059082,7480,-0.0344924926757812,7480,-0.0337886810302734,7480,-0.0766019821166992,7480,-0.0318355560302734,7480,-0.0419139862060547,7480,-0.045039176940918,7480,-0.0377731323242188,7480,-0.0173044204711914,7480,-0.0243358612060547,7480,-0.0321483612060547,7480,-0.0266799926757812,7480,-0.0462894439697266,7480,-10.1550779342651,7480,-0.0306644439697266,7480,-9.17632389068604,7480,-0.0307426452636719,7480,-8.74171257019043,7480,-0.0219926834106445,7480,-0.0115232467651367,7480,-0.0363674163818359,7480,-0.0117578506469727,7480,-0.0287895202636719,7480,-0.00910186767578125
7490,-0.029179573059082,7490,-0.0344924926757812,7490,-0.0337886810302734,7490,-0.0766019821166992,7490,-0.0318355560302734,7490,-0.0418357849121094,7490,-0.045039176940918,7490,-0.0377731323242188,7490,-0.0173044204711914,7490,-0.0243358612060547,7490,-0.0319919586181641,7490,-0.0266799926757812,7490,-0.0462894439697266,7490,-10.1553897857666,7490,-0.0306644439697266,7490,-9.17882347106934,7490,-0.0307426452636719,7490,-8.74335384368896,7490,-0.0219926834106445,7490,-0.0115232467651367,7490,-0.0363674163818359,7490,-0.0117578506469727,7490,-0.0287895202636719,7490,-0.00910186767578125
7500,-0.029179573059082,7500,-0.0344924926757812,7500,-0.0337886810302734,7500,-0.0766019821166992,7500,-0.0318355560302734,7500,-0.0418357849121094,7500,-0.045039176940918,7500,-0.0377731323242188,7500,-0.0173044204711914,7500,-0.0243358612060547,7500,-0.0323047637939453,7500,-0.0266799926757812,7500,-0.0458984375,7500,-10.1549215316772,7500,-0.0306644439697266,7500,-9.18702697753906,7500,-0.0307426452636719,7500,-8.74397850036621,7500,-0.0219926834106445,7500,-0.0114450454711914,7500,-0.0363674163818359,7500,-0.0116796493530273,7500,-0.0287895202636719,7500,-0.00902366638183594
7510,-0.029179573059082,7510,-0.0344924926757812,7510,-0.0337114334106445,7510,-0.0765237808227539,7510,-0.0317583084106445,7510,-0.0418357849121094,7510,-0.045039176940918,7510,-0.0377731323242188,7510,-0.0173044204711914,7510,-0.0243358612060547,7510,-0.0323829650878906,7510,-0.0266799926757812,7510,-0.0458984375,7510,-10.1543741226196,7510,-0.0306644439697266,7510,-9.18523025512695,7510,-0.0307426452636719,7510,-8.74366569519043,7510,-0.0219926834106445,7510,-0.0114450454711914,7510,-0.0363674163818359,7510,-0.0116796493530273,7510,-0.0287895202636719,7510,-0.00902366638183594
7520,-0.029179573059082,7520,-0.0344924926757812,7520,-0.0337114334106445,7520,-0.0765237808227539,7520,-0.0317583084106445,7520,-0.0418357849121094,7520,-0.045039176940918,7520,-0.0377731323242188,7520,-0.0173044204711914,7520,-0.0243358612060547,7520,-0.0324611663818359,7520,-0.0266799926757812,7520,-0.0460548400878906,7520,-10.1547651290894,7520,-0.0306644439697266,7520,-9.19241714477539,7520,-0.0307426452636719,7520,-8.74593162536621,7520,-0.0219926834106445,7520,-0.0114450454711914,7520,-0.0363674163818359,7520,-0.011601448059082,7520,-0.0287895202636719,7520,-0.00902366638183594
7530,-0.029179573059082,7530,-0.0344924926757812,7530,-0.0337114334106445,7530,-0.0765237808227539,7530,-0.0317583084106445,7530,-0.0418357849121094,7530,-0.045039176940918,7530,-0.0377731323242188,7530,-0.0173044204711914,7530,-0.0243358612060547,7530,-0.0324611663818359,7530,-0.0266017913818359,7530,-0.0455856323242188,7530,-10.1542959213257,7530,-0.0306644439697266,7530,-9.18483924865723,7530,-0.0307426452636719,7530,-8.74257183074951,7530,-0.0219926834106445,7530,-0.0113668441772461,7530,-0.0363674163818359,7530,-0.011601448059082,7530,-0.0287895202636719,7530,-0.00894546508789062
7540,-0.029179573059082,7540,-0.0344924926757812,7540,-0.0337114334106445,7540,-0.0765237808227539,7540,-0.0317583084106445,7540,-0.0418357849121094,7540,-0.045039176940918,7540,-0.0377731323242188,7540,-0.0172262191772461,7540,-0.0243358612060547,7540,-0.0322265625,7540,-0.0266017913818359,7540,-0.0457420349121094,7540,-10.1545305252075,7540,-0.0305862426757812,7540,-9.18757438659668,7540,-0.0307426452636719,7540,-8.74257183074951,7540,-0.0219926834106445,7540,-0.0113668441772461,7540,-0.0363674163818359,7540,-0.011601448059082,7540,-0.0287895202636719,7540,-0.00894546508789062
7550,-0.029179573059082,7550,-0.0344924926757812,7550,-0.0337114334106445,7550,-0.0765237808227539,7550,-0.0317583084106445,7550,-0.0418357849121094,7550,-0.045039176940918,7550,-0.0377731323242188,7550,-0.0172262191772461,7550,-0.0242576599121094,7550,-0.0316801071166992,7550,-0.0266017913818359,7550,-0.0455856323242188,7550,-10.1546087265015,7550,-0.0306644439697266,7550,-9.18101119995117,7550,-0.0308208465576172,7550,-8.74046325683594,7550,-0.0219926834106445,7550,-0.0113668441772461,7550,-0.0363674163818359,7550,-0.0115232467651367,7550,-0.0287895202636719,7550,-0.00894546508789062
7560,-0.029179573059082,7560,-0.0344924926757812,7560,-0.0337114334106445,7560,-0.0765237808227539,7560,-0.0316801071166992,7560,-0.0418357849121094,7560,-0.045039176940918,7560,-0.0377731323242188,7560,-0.0172262191772461,7560,-0.0242576599121094,7560,-0.0308980941772461,7560,-0.0266017913818359,7560,-0.0457420349121094,7560,-10.1537494659424,7560,-0.0306644439697266,7560,-9.1774959564209,7560,-0.0308208465576172,7560,-8.73382186889648,7560,-0.0220699310302734,7560,-0.0113668441772461,7560,-0.0364456176757812,7560,-0.0115232467651367,7560,-0.0287895202636719,7560,-0.00886726379394531
7570,-0.029179573059082,7570,-0.0344924926757812,7570,-0.0337114334106445,7570,-0.0764455795288086,7570,-0.0316801071166992,7570,-0.0418357849121094,7570,-0.045039176940918,7570,-0.0377731323242188,7570,-0.0172262191772461,7570,-0.0242576599121094,7570,-0.0319919586181641,7570,-0.0266017913818359,7570,-0.0455856323242188,7570,-10.1541404724121,7570,-0.0305862426757812,7570,-9.17874526977539,7570,-0.0308208465576172,7570,-8.73460388183594,7570,-0.0219926834106445,7570,-0.0113668441772461,7570,-0.0363674163818359,7570,-0.0115232467651367,7570,-0.0287895202636719,7570,-0.00886726379394531
7580,-0.029179573059082,7580,-0.0344924926757812,7580,-0.0336332321166992,7580,-0.0764455795288086,7580,-0.0316801071166992,7580,-0.0418357849121094,7580,-0.045039176940918,7580,-0.0377731323242188,7580,-0.0172262191772461,7580,-0.0242576599121094,7580,-0.0320701599121094,7580,-0.0266017913818359,7580,-0.0452737808227539,7580,-10.1537494659424,7580,-0.0305862426757812,7580,-9.17702674865723,7580,-0.0308208465576172,7580,-8.73304080963135,7580,-0.0219926834106445,7580,-0.0112886428833008,7580,-0.0363674163818359,7580,-0.0114450454711914,7580,-0.0287895202636719,7580,-0.00886726379394531
7590,-0.029179573059082,7590,-0.0344924926757812,7590,-0.0336332321166992,7590,-0.0763673782348633,7590,-0.0316801071166992,7590,-0.0418357849121094,7590,-0.045039176940918,7590,-0.0376958847045898,7590,-0.0172262191772461,7590,-0.0242576599121094,7590,-0.0318355560302734,7590,-0.0266017913818359,7590,-0.0451173782348633,7590,-10.1550779342651,7590,-0.0305862426757812,7590,-9.18124580383301,7590,-0.0307426452636719,7590,-8.73085308074951,7590,-0.0219926834106445,7590,-0.0112886428833008,7590,-0.0363674163818359,7590,-0.0114450454711914,7590,-0.0287895202636719,7590,-0.00886726379394531
7600,-0.029179573059082,7600,-0.0344924926757812,7600,-0.0336332321166992,7600,-0.0763673782348633,7600,-0.0316019058227539,7600,-0.0418357849121094,7600,-0.045039176940918,7600,-0.0376958847045898,7600,-0.0172262191772461,7600,-0.0242576599121094,7600,-0.0319137573242188,7600,-0.0265235900878906,7600,-0.0451173782348633,7600,-10.1534366607666,7600,-0.0305862426757812,7600,-9.19241714477539,7600,-0.0307426452636719,7600,-8.72436904907227,7600,-0.0219926834106445,7600,-0.0112886428833008,7600,-0.0363674163818359,7600,-0.0113668441772461,7600,-0.0287895202636719,7600,-0.0087890625
7610,-0.0291013717651367,7610,-0.0344924926757812,7610,-0.0336332321166992,7610,-0.076289176940918,7610,-0.0316019058227539,7610,-0.0418357849121094,7610,-0.045039176940918,7610,-0.0376958847045898,7610,-0.0172262191772461,7610,-0.0242576599121094,7610,-0.0319919586181641,7610,-0.0265235900878906,7610,-0.0441017150878906,7610,-10.1537494659424,7610,-0.0305080413818359,7610,-9.18710517883301,7610,-0.0307426452636719,7610,-8.72022819519043,7610,-0.0219926834106445,7610,-0.0112886428833008,7610,-0.0363674163818359,7610,-0.0113668441772461,7610,-0.0287113189697266,7610,-0.0087890625
7620,-0.0291013717651367,7620,-0.0344924926757812,7620,-0.0336332321166992,7620,-0.076289176940918,7620,-0.0316019058227539,7620,-0.0418357849121094,7620,-0.045039176940918,7620,-0.0376958847045898,7620,-0.0171480178833008,7620,-0.0242576599121094,7620,-0.0321483612060547,7620,-0.0265235900878906,7620,-0.0435552597045898,7620,-10.1531248092651,7620,-0.0305080413818359,7620,-9.17710494995117,7620,-0.0307426452636719,7620,-8.71757221221924,7620,-0.0219926834106445,7620,-0.0112113952636719,7620,-0.0363674163818359,7620,-0.0113668441772461,7620,-0.0287895202636719,7620,-0.0087890625
7630,-0.0291013717651367,7630,-0.0344924926757812,7630,-0.0335550308227539,7630,-0.0762109756469727,7630,-0.0316019058227539,7630,-0.0418357849121094,7630,-0.045039176940918,7630,-0.0376958847045898,7630,-0.0171480178833008,7630,-0.0241794586181641,7630,-0.0321483612060547,7630,-0.0265235900878906,7630,-0.0425395965576172,7630,-10.1531248092651,7630,-0.0305080413818359,7630,-9.19062042236328,7630,-0.0307426452636719,7630,-8.71921253204346,7630,-0.0219926834106445,7630,-0.0112113952636719,7630,-0.0363674163818359,7630,-0.0112886428833008,7630,-0.0287895202636719,7630,-0.00871086120605469
7640,-0.0291013717651367,7640,-0.0344924926757812,7640,-0.0335550308227539,7640,-0.0762109756469727,7640,-0.0316019058227539,7640,-0.0418357849121094,7640,-0.045039176940918,7640,-0.0376958847045898,7640,-0.0171480178833008,7640,-0.0241794586181641,7640,-0.0321483612060547,7640,-0.0265235900878906,7640,-0.0419139862060547,7640,-10.1531248092651,7640,-0.0304298400878906,7640,-9.18241786956787,7640,-0.0307426452636719,7640,-8.71413421630859,7640,-0.0219926834106445,7640,-0.0112113952636719,7640,-0.0363674163818359,7640,-0.0112886428833008,7640,-0.0287895202636719,7640,-0.00871086120605469
7650,-0.0291013717651367,7650,-0.0344924926757812,7650,-0.0335550308227539,7650,-0.0761327743530273,7650,-0.0315237045288086,7650,-0.0418357849121094,7650,-0.045039176940918,7650,-0.0376958847045898,7650,-0.0171480178833008,7650,-0.0241794586181641,7650,-0.0321483612060547,7650,-0.0264453887939453,7650,-0.0422267913818359,7650,-10.1526556015015,7650,-0.0304298400878906,7650,-9.17913627624512,7650,-0.0307426452636719,7650,-8.71319675445557,7650,-0.0219926834106445,7650,-0.0112113952636719,7650,-0.0363674163818359,7650,-0.0112886428833008,7650,-0.0287895202636719,7650,-0.00871086120605469
7660,-0.0291013717651367,7660,-0.0344924926757812,7660,-0.0335550308227539,7660,-0.0761327743530273,7660,-0.0315237045288086,7660,-0.0417575836181641,7660,-0.0449609756469727,7660,-0.0376958847045898,7660,-0.0171480178833008,7660,-0.0241794586181641,7660,-0.0319919586181641,7660,-0.0264453887939453,7660,-0.0423831939697266,7660,-10.1534366607666,7660,-0.0304298400878906,7660,-9.19577693939209,7660,-0.0307426452636719,7660,-8.71132183074951,7660,-0.0219926834106445,7660,-0.0111331939697266,7660,-0.0363674163818359,7660,-0.0112113952636719,7660,-0.0287895202636719,7660,-0.00871086120605469
7670,-0.0291013717651367,7670,-0.0344924926757812,7670,-0.0335550308227539,7670,-0.076054573059082,7670,-0.0315237045288086,7670,-0.0417575836181641,7670,-0.0449609756469727,7670,-0.0376958847045898,7670,-0.0171480178833008,7670,-0.0241794586181641,7670,-0.0319919586181641,7670,-0.0264453887939453,7670,-0.0424613952636719,7670,-10.1532030105591,7670,-0.0304298400878906,7670,-9.17952728271484,7670,-0.0307426452636719,7670,-8.71108818054199,7670,-0.0219926834106445,7670,-0.0111331939697266,7670,-0.0363674163818359,7670,-0.0112113952636719,7670,-0.0287895202636719,7670,-0.00863265991210938
7680,-0.0291013717651367,7680,-0.0344924926757812,7680,-0.0335550308227539,7680,-0.0759763717651367,7680,-0.0315237045288086,7680,-0.0417575836181641,7680,-0.045039176940918,7680,-0.0376958847045898,7680,-0.0170707702636719,7680,-0.0241794586181641,7680,-0.0319137573242188,7680,-0.0264453887939453,7680,-0.0425395965576172,7680,-10.1528902053833,7680,-0.0304298400878906,7680,-9.18163681030273,7680,-0.0307426452636719,7680,-8.7075719833374,7680,-0.0219926834106445,7680,-0.0111331939697266,7680,-0.0363674163818359,7680,-0.0111331939697266,7680,-0.0287895202636719,7680,-0.00863265991210938
7690,-0.0291013717651367,7690,-0.0344924926757812,7690,-0.0334768295288086,7690,-0.0759763717651367,7690,-0.0315237045288086,7690,-0.0417575836181641,7690,-0.0449609756469727,7690,-0.0376958847045898,7690,-0.0170707702636719,7690,-0.0241794586181641,7690,-0.0318355560302734,7690,-0.0264453887939453,7690,-0.0437889099121094,7690,-10.1532030105591,7690,-0.0303516387939453,7690,-9.19796466827393,7690,-0.0307426452636719,7690,-8.70538425445557,7690,-0.0219926834106445,7690,-0.0111331939697266,7690,-0.0363674163818359,7690,-0.0111331939697266,7690,-0.0287895202636719,7690,-0.00863265991210938
7700,-0.0291013717651367,7700,-0.0344924926757812,7700,-0.0334768295288086,7700,-0.0758991241455078,7700,-0.0314455032348633,7700,-0.0417575836181641,7700,-0.0449609756469727,7700,-0.0376958847045898,7700,-0.0170707702636719,7700,-0.0241794586181641,7700,-0.0317583084106445,7700,-0.0264453887939453,7700,-0.0440235137939453,7700,-10.1527338027954,7700,-0.0303516387939453,7700,-9.17874526977539,7700,-0.0307426452636719,7700,-8.70265007019043,7700,-0.0219926834106445,7700,-0.0110549926757812,7700,-0.0363674163818359,7700,-0.0111331939697266,7700,-0.0287895202636719,7700,-0.00855445861816406
7710,-0.0290231704711914,7710,-0.0344924926757812,7710,-0.0334768295288086,7710,-0.0758991241455078,7710,-0.0314455032348633,7710,-0.0417575836181641,7710,-0.0449609756469727,7710,-0.0376958847045898,7710,-0.0170707702636719,7710,-0.0241012573242188,7710,-0.0319137573242188,7710,-0.0263671875,7710,-0.0446481704711914,7710,-10.1529684066772,7710,-0.0303516387939453,7710,-9.18210506439209,7710,-0.0307426452636719,7710,-8.69655609130859,7710,-0.0219926834106445,7710,-0.0110549926757812,7710,-0.0363674163818359,7710,-0.0110549926757812,7710,-0.0287895202636719,7710,-0.00855445861816406
7720,-0.0290231704711914,7720,-0.0344924926757812,7720,-0.0334768295288086,7720,-0.0758991241455078,7720,-0.0314455032348633,7720,-0.0417575836181641,7720,-0.0449609756469727,7720,-0.0376958847045898,7720,-0.0170707702636719,7720,-0.0241012573242188,7720,-0.0316801071166992,7720,-0.0263671875,7720,-0.0444927215576172,7720,-10.1536712646484,7720,-0.0303516387939453,7720,-9.18608951568604,7720,-0.0307426452636719,7720,-8.69311904907227,7720,-0.0219926834106445,7720,-0.0110549926757812,7720,-0.0362892150878906,7720,-0.0110549926757812,7720,-0.0287113189697266,7720,-0.00855445861816406
7730,-0.0291013717651367,7730,-0.0344924926757812,7730,-0.0334768295288086,7730,-0.0759763717651367,7730,-0.0314455032348633,7730,-0.0417575836181641,7730,-0.0449609756469727,7730,-0.0376958847045898,7730,-0.0170707702636719,7730,-0.0241012573242188,7730,-0.0317583084106445,7730,-0.0263671875,7730,-0.0449609756469727,7730,-10.1530466079712,7730,-0.0303516387939453,7730,-9.1853084564209,7730,-0.0307426452636719,7730,-8.68725967407227,7730,-0.0219926834106445,7730,-0.0110549926757812,7730,-0.0363674163818359,7730,-0.0110549926757812,7730,-0.0287895202636719,7730,-0.00855445861816406
7740,-0.0291013717651367,7740,-0.0344924926757812,7740,-0.0334768295288086,7740,-0.0759763717651367,7740,-0.031367301940918,7740,-0.0417575836181641,7740,-0.0449609756469727,7740,-0.0376958847045898,7740,-0.0170707702636719,7740,-0.0241012573242188,7740,-0.0312108993530273,7740,-0.0263671875,7740,-0.0442581176757812,7740,-10.1524209976196,7740,-0.0303516387939453,7740,-9.1839017868042,7740,-0.0307426452636719,7740,-8.68116569519043,7740,-0.0219926834106445,7740,-0.0110549926757812,7740,-0.0363674163818359,7740,-0.0109767913818359,7740,-0.0287895202636719,7740,-0.00847625732421875
7750,-0.0291013717651367,7750,-0.0344924926757812,7750,-0.0333986282348633,7750,-0.0759763717651367,7750,-0.031367301940918,7750,-0.0417575836181641,7750,-0.0449609756469727,7750,-0.0376958847045898,7750,-0.0169925689697266,7750,-0.0241012573242188,7750,-0.031367301940918,7750,-0.0263671875,7750,-0.0438671112060547,7750,-10.1538276672363,7750,-0.0303516387939453,7750,-9.18257427215576,7750,-0.0307426452636719,7750,-8.67811870574951,7750,-0.0219926834106445,7750,-0.0109767913818359,7750,-0.0363674163818359,7750,-0.0109767913818359,7750,-0.0287895202636719,7750,-0.00847625732421875
7760,-0.0291013717651367,7760,-0.0344924926757812,7760,-0.0333986282348633,7760,-0.0759763717651367,7760,-0.031367301940918,7760,-0.0417575836181641,7760,-0.0449609756469727,7760,-0.0376958847045898,7760,-0.0169925689697266,7760,-0.0241012573242188,7760,-0.0312891006469727,7760,-0.0263671875,7760,-0.0436325073242188,7760,-10.1528120040894,7760,-0.0303516387939453,7760,-9.17874526977539,7760,-0.0306644439697266,7760,-8.67522811889648,7760,-0.0219926834106445,7760,-0.0109767913818359,7760,-0.0363674163818359,7760,-0.0109767913818359,7760,-0.0287113189697266,7760,-0.00847625732421875
7770,-0.0290231704711914,7770,-0.0344924926757812,7770,-0.0333986282348633,7770,-0.0759763717651367,7770,-0.031367301940918,7770,-0.0417575836181641,7770,-0.0449609756469727,7770,-0.0376176834106445,7770,-0.0169925689697266,7770,-0.0241012573242188,7770,-0.0312108993530273,7770,-0.0262889862060547,7770,-0.0433988571166992,7770,-10.1523427963257,7770,-0.0302734375,7770,-9.18663597106934,7770,-0.0306644439697266,7770,-8.67108726501465,7770,-0.0219926834106445,7770,-0.0109767913818359,7770,-0.0363674163818359,7770,-0.0108985900878906,7770,-0.0287113189697266,7770,-0.00847625732421875
7780,-0.0291013717651367,7780,-0.0344924926757812,7780,-0.0333986282348633,7780,-0.0759763717651367,7780,-0.031367301940918,7780,-0.0417575836181641,7780,-0.0449609756469727,7780,-0.0376176834106445,7780,-0.0169925689697266,7780,-0.0240230560302734,7780,-0.031132698059082,7780,-0.0262889862060547,7780,-0.0432424545288086,7780,-10.1542186737061,7780,-0.0302734375,7780,-9.19358921051025,7780,-0.0306644439697266,7780,-8.66874408721924,7780,-0.0219926834106445,7780,-0.0109767913818359,7780,-0.0363674163818359,7780,-0.0108985900878906,7780,-0.0287113189697266,7780,-0.00839805603027344
7790,-0.0290231704711914,7790,-0.0344924926757812,7790,-0.0333986282348633,7790,-0.0759763717651367,7790,-0.0312891006469727,7790,-0.0417575836181641,7790,-0.0449609756469727,7790,-0.0376176834106445,7790,-0.0169925689697266,7790,-0.0240230560302734,7790,-0.0308980941772461,7790,-0.0262889862060547,7790,-0.0429296493530273,7790,-10.1531248092651,7790,-0.0302734375,7790,-9.18366813659668,7790,-0.0306644439697266,7790,-8.66632175445557,7790,-0.0219926834106445,7790,-0.0108985900878906,7790,-0.0363674163818359,7790,-0.0108203887939453,7790,-0.0287113189697266,7790,-0.00839805603027344
7800,-0.0291013717651367,7800,-0.0344924926757812,7800,-0.0333986282348633,7800,-0.0759763717651367,7800,-0.0312891006469727,7800,-0.0417575836181641,7800,-0.0449609756469727,7800,-0.0376176834106445,7800,-0.0169925689697266,7800,-0.0240230560302734,7800,-0.0308980941772461,7800,-0.0262889862060547,7800,-0.0429296493530273,7800,-10.1528120040894,7800,-0.0302734375,7800,-9.18476104736328,7800,-0.0306644439697266,7800,-8.6640567779541,7800,-0.0220699310302734,7800,-0.0108985900878906,7800,-0.0363674163818359,7800,-0.0108203887939453,7800,-0.0287895202636719,7800,-0.00839805603027344
7810,-0.0291013717651367,7810,-0.0344924926757812,7810,-0.0333986282348633,7810,-0.0759763717651367,7810,-0.0312891006469727,7810,-0.0417575836181641,7810,-0.0449609756469727,7810,-0.0376176834106445,7810,-0.0169925689697266,7810,-0.0240230560302734,7810,-0.0307426452636719,7810,-0.0262889862060547,7810,-0.0431642532348633,7810,-10.1528902053833,7810,-0.0302734375,7810,-9.1936674118042,7810,-0.0306644439697266,7810,-8.65905666351318,7810,-0.0220699310302734,7810,-0.0108985900878906,7810,-0.0363674163818359,7810,-0.0108203887939453,7810,-0.0287113189697266,7810,-0.00839805603027344
7820,-0.0291013717651367,7820,-0.0344924926757812,7820,-0.0333986282348633,7820,-0.0759763717651367,7820,-0.0312891006469727,7820,-0.0416793823242188,7820,-0.0449609756469727,7820,-0.0376176834106445,7820,-0.0169925689697266,7820,-0.0240230560302734,7820,-0.0308980941772461,7820,-0.0262107849121094,7820,-0.0427732467651367,7820,-10.1532030105591,7820,-0.0302734375,7820,-9.18343353271484,7820,-0.0306644439697266,7820,-8.65304088592529,7820,-0.0220699310302734,7820,-0.0108985900878906,7820,-0.0363674163818359,7820,-0.0108203887939453,7820,-0.0287113189697266,7820,-0.00831985473632812
7830,-0.0291013717651367,7830,-0.0344924926757812,7830,-0.033320426940918,7830,-0.0759763717651367,7830,-0.0312891006469727,7830,-0.0416793823242188,7830,-0.0449609756469727,7830,-0.0376176834106445,7830,-0.0169143676757812,7830,-0.0240230560302734,7830,-0.031132698059082,7830,-0.0262107849121094,7830,-0.0429296493530273,7830,-10.1528120040894,7830,-0.0302734375,7830,-9.18202686309814,7830,-0.0305862426757812,7830,-8.65038394927979,7830,-0.0220699310302734,7830,-0.0108203887939453,7830,-0.0363674163818359,7830,-0.0107421875,7830,-0.0287113189697266,7830,-0.00831985473632812
7840,-0.0290231704711914,7840,-0.0344924926757812,7840,-0.033320426940918,7840,-0.0759763717651367,7840,-0.0312108993530273,7840,-0.0416793823242188,7840,-0.0449609756469727,7840,-0.0376176834106445,7840,-0.0169143676757812,7840,-0.0240230560302734,7840,-0.031132698059082,7840,-0.0262107849121094,7840,-0.0425395965576172,7840,-10.1534366607666,7840,-0.0302734375,7840,-9.19179248809814,7840,-0.0305862426757812,7840,-8.64343070983887,7840,-0.0219926834106445,7840,-0.0108203887939453,7840,-0.0363674163818359,7840,-0.0107421875,7840,-0.0287113189697266,7840,-0.00831985473632812
7850,-0.0290231704711914,7850,-0.0344924926757812,7850,-0.033320426940918,7850,-0.0759763717651367,7850,-0.0312108993530273,7850,-0.0416793823242188,7850,-0.0449609756469727,7850,-0.0376176834106445,7850,-0.0169143676757812,7850,-0.0240230560302734,7850,-0.0309762954711914,7850,-0.0262107849121094,7850,-0.0426168441772461,7850,-10.1528902053833,7850,-0.0301952362060547,7850,-9.18593311309814,7850,-0.0305862426757812,7850,-8.63749408721924,7850,-0.0219926834106445,7850,-0.0108203887939453,7850,-0.0363674163818359,7850,-0.0106639862060547,7850,-0.0287113189697266,7850,-0.00824260711669922
7860,-0.0290231704711914,7860,-0.0344924926757812,7860,-0.033320426940918,7860,-0.0759763717651367,7860,-0.0312108993530273,7860,-0.0416793823242188,7860,-0.0449609756469727,7860,-0.0376176834106445,7860,-0.0169143676757812,7860,-0.0239458084106445,7860,-0.0309762954711914,7860,-0.0262107849121094,7860,-0.0425395965576172,7860,-10.1514835357666,7860,-0.0301952362060547,7860,-9.18296432495117,7860,-0.0305862426757812,7860,-8.63132190704346,7860,-0.0219926834106445,7860,-0.0108203887939453,7860,-0.0363674163818359,7860,-0.0106639862060547,7860,-0.0287113189697266,7860,-0.00824260711669922
7870,-0.0290231704711914,7870,-0.0344924926757812,7870,-0.033320426940918,7870,-0.0759763717651367,7870,-0.0312108993530273,7870,-0.0416793823242188,7870,-0.0448827743530273,7870,-0.0376176834106445,7870,-0.0169143676757812,7870,-0.0239458084106445,7870,-0.031132698059082,7870,-0.0262107849121094,7870,-0.0422267913818359,7870,-10.1524991989136,7870,-0.0301952362060547,7870,-9.19468307495117,7870,-0.0305080413818359,7870,-8.62718105316162,7870,-0.0219926834106445,7870,-0.0107421875,7870,-0.0362892150878906,7870,-0.0106639862060547,7870,-0.0287113189697266,7870,-0.00824260711669922
7880,-0.0290231704711914,7880,-0.0344924926757812,7880,-0.033320426940918,7880,-0.0759763717651367,7880,-0.031132698059082,7880,-0.0416793823242188,7880,-0.0448827743530273,7880,-0.0376176834106445,7880,-0.0169143676757812,7880,-0.0239458084106445,7880,-0.031132698059082,7880,-0.0261325836181641,7880,-0.0421485900878906,7880,-10.1516399383545,7880,-0.0301952362060547,7880,-9.18866729736328,7880,-0.0305080413818359,7880,-8.61960315704346,7880,-0.0219926834106445,7880,-0.0107421875,7880,-0.0362892150878906,7880,-0.0105857849121094,7880,-0.0287113189697266,7880,-0.00824260711669922
7890,-0.0290231704711914,7890,-0.0344924926757812,7890,-0.033320426940918,7890,-0.0759763717651367,7890,-0.031132698059082,7890,-0.0416793823242188,7890,-0.0448827743530273,7890,-0.0376176834106445,7890,-0.0169143676757812,7890,-0.0239458084106445,7890,-0.0312891006469727,7890,-0.0261325836181641,7890,-0.0423049926757812,7890,-10.1509370803833,7890,-0.0301952362060547,7890,-9.18062114715576,7890,-0.0305080413818359,7890,-8.61343097686768,7890,-0.0219926834106445,7890,-0.0107421875,7890,-0.0362892150878906,7890,-0.0105857849121094,7890,-0.0287113189697266,7890,-0.00816440582275391
7900,-0.0290231704711914,7900,-0.0344924926757812,7900,-0.0332422256469727,7900,-0.0758991241455078,7900,-0.031132698059082,7900,-0.0416793823242188,7900,-0.0448827743530273,7900,-0.0376176834106445,7900,-0.0168361663818359,7900,-0.0239458084106445,7900,-0.0310544967651367,7900,-0.0261325836181641,7900,-0.0422267913818359,7900,-10.1521091461182,7900,-0.0301952362060547,7900,-9.1975736618042,7900,-0.0304298400878906,7900,-8.61093139648438,7900,-0.0219926834106445,7900,-0.0107421875,7900,-0.0362892150878906,7900,-0.0105857849121094,7900,-0.0287113189697266,7900,-0.00816440582275391
7910,-0.0290231704711914,7910,-0.0344924926757812,7910,-0.0332422256469727,7910,-0.0758991241455078,7910,-0.031132698059082,7910,-0.0416793823242188,7910,-0.0448827743530273,7910,-0.0376176834106445,7910,-0.0168361663818359,7910,-0.0239458084106445,7910,-0.0308980941772461,7910,-0.0261325836181641,7910,-0.0421485900878906,7910,-10.1510934829712,7910,-0.0301952362060547,7910,-9.18437099456787,7910,-0.0304298400878906,7910,-8.60577487945557,7910,-0.0219926834106445,7910,-0.0107421875,7910,-0.0362892150878906,7910,-0.0105075836181641,7910,-0.0287113189697266,7910,-0.00816440582275391
7920,-0.0290231704711914,7920,-0.0344924926757812,7920,-0.0332422256469727,7920,-0.0758991241455078,7920,-0.031132698059082,7920,-0.0416793823242188,7920,-0.0448827743530273,7920,-0.0376176834106445,7920,-0.0168361663818359,7920,-0.0239458084106445,7920,-0.0309762954711914,7920,-0.0261325836181641,7920,-0.0419139862060547,7920,-10.1514053344727,7920,-0.0301170349121094,7920,-9.18202686309814,7920,-0.0303516387939453,7920,-8.59757137298584,7920,-0.0220699310302734,7920,-0.0106639862060547,7920,-0.0362892150878906,7920,-0.0105075836181641,7920,-0.0287113189697266,7920,-0.00816440582275391
7930,-0.0290231704711914,7930,-0.0344924926757812,7930,-0.0332422256469727,7930,-0.0758991241455078,7930,-0.031132698059082,7930,-0.0416793823242188,7930,-0.0448827743530273,7930,-0.0375394821166992,7930,-0.0168361663818359,7930,-0.0238676071166992,7930,-0.0308208465576172,7930,-0.0261325836181641,7930,-0.0420703887939453,7930,-10.1519527435303,7930,-0.0301170349121094,7930,-9.19663619995117,7930,-0.0303516387939453,7930,-8.59561824798584,7930,-0.0220699310302734,7930,-0.0106639862060547,7930,-0.0362892150878906,7930,-0.0105075836181641,7930,-0.0287895202636719,7930,-0.00808620452880859
7940,-0.0290231704711914,7940,-0.0344924926757812,7940,-0.0332422256469727,7940,-0.0758991241455078,7940,-0.0310544967651367,7940,-0.0416793823242188,7940,-0.0448827743530273,7940,-0.0376176834106445,7940,-0.0168361663818359,7940,-0.0238676071166992,7940,-0.0308208465576172,7940,-0.0261325836181641,7940,-0.0423831939697266,7940,-10.1512498855591,7940,-0.0301170349121094,7940,-9.19093322753906,7940,-0.0302734375,7940,-8.5948371887207,7940,-0.0220699310302734,7940,-0.0106639862060547,7940,-0.0362892150878906,7940,-0.0104293823242188,7940,-0.0287113189697266,7940,-0.00808620452880859
7950,-0.0290231704711914,7950,-0.0344924926757812,7950,-0.0332422256469727,7950,-0.0758991241455078,7950,-0.0310544967651367,7950,-0.0416793823242188,7950,-0.0448827743530273,7950,-0.0375394821166992,7950,-0.0168361663818359,7950,-0.0238676071166992,7950,-0.0307426452636719,7950,-0.0260543823242188,7950,-0.0422267913818359,7950,-10.1514053344727,7950,-0.0301170349121094,7950,-9.18187046051025,7950,-0.0302734375,7950,-8.59249305725098,7950,-0.0220699310302734,7950,-0.0106639862060547,7950,-0.0362892150878906,7950,-0.0104293823242188,7950,-0.0287895202636719,7950,-0.00808620452880859
7960,-0.0290231704711914,7960,-0.0344924926757812,7960,-0.0332422256469727,7960,-0.0758991241455078,7960,-0.0310544967651367,7960,-0.0416793823242188,7960,-0.0448827743530273,7960,-0.0375394821166992,7960,-0.0168361663818359,7960,-0.0238676071166992,7960,-0.0306644439697266,7960,-0.0260543823242188,7960,-0.0425395965576172,7960,-10.1521873474121,7960,-0.0301170349121094,7960,-9.18851089477539,7960,-0.0301952362060547,7960,-8.59077453613281,7960,-0.0220699310302734,7960,-0.0105857849121094,7960,-0.0362892150878906,7960,-0.0104293823242188,7960,-0.0287895202636719,7960,-0.00808620452880859
7970,-0.0290231704711914,7970,-0.0344924926757812,7970,-0.0331640243530273,7970,-0.0758991241455078,7970,-0.0310544967651367,7970,-0.0416793823242188,7970,-0.0448827743530273,7970,-0.0375394821166992,7970,-0.0168361663818359,7970,-0.0238676071166992,7970,-0.0306644439697266,7970,-0.0260543823242188,7970,-0.0422267913818359,7970,-10.1518745422363,7970,-0.0301170349121094,7970,-9.19413661956787,7970,-0.0301952362060547,7970,-8.59061813354492,7970,-0.0220699310302734,7970,-0.0105857849121094,7970,-0.0362892150878906,7970,-0.0103511810302734,7970,-0.0287113189697266,7970,-0.00800800323486328
7980,-0.0290231704711914,7980,-0.0344924926757812,7980,-0.0331640243530273,7980,-0.0758209228515625,7980,-0.0310544967651367,7980,-0.0416793823242188,7980,-0.0448827743530273,7980,-0.0375394821166992,7980,-0.0167579650878906,7980,-0.0238676071166992,7980,-0.0306644439697266,7980,-0.0260543823242188,7980,-0.0424613952636719,7980,-10.1521091461182,7980,-0.0301170349121094,7980,-9.19155788421631,7980,-0.0301952362060547,7980,-8.58608722686768,7980,-0.0220699310302734,7980,-0.0105857849121094,7980,-0.0362892150878906,7980,-0.0103511810302734,7980,-0.0287895202636719,7980,-0.00800800323486328
7990,-0.0941801071166992,7990,-0.0905084609985352,7990,-0.0667581558227539,7990,-0.127617835998535,7990,-0.0754299163818359,7990,-0.093632698059082,7990,-0.101367950439453,7990,-0.0863676071166992,7990,-0.0475387573242188,7990,-0.0280857086181641,7990,-0.0337114334106445,7990,-0.0627737045288086,7990,-0.0505857467651367,7990,-6.66123628616333,7990,-0.0921487808227539,7990,-7.45952033996582,7990,-0.041132926940918,7990,-8.22452354431152,7990,-0.0232419967651367,7990,-0.062382698059082,7990,-0.10214900970459,7990,-0.0405864715576172,7990,-0.0852737426757812,7990,-0.0420703887939453
8000,-0.0941801071166992,8000,-0.0905866622924805,8000,-0.0662107467651367,8000,-0.127852439880371,8000,-0.0752735137939453,8000,-0.093632698059082,8000,-0.101523399353027,8000,-0.0862894058227539,8000,-0.0473833084106445,8000,-0.0280075073242188,8000,-0.0327739715576172,8000,-0.062617301940918,8000,-0.0497264862060547,8000,-6.59764194488525,8000,-0.0922269821166992,8000,-7.35389518737793,8000,-0.0401954650878906,8000,-8.33124256134033,8000,-0.0232419967651367,8000,-0.0416021347045898,8000,-0.102227210998535,8000,-0.0405082702636719,8000,-0.0851955413818359,8000,-0.0419921875
8010,-0.0941801071166992,8010,-0.0905084609985352,8010,-0.0657424926757812,8010,-0.1279296875,8010,-0.0751171112060547,8010,-0.093632698059082,8010,-0.101523399353027,8010,-0.0862894058227539,8010,-0.0473051071166992,8010,-0.0280075073242188,8010,-0.0323047637939453,8010,-0.0625391006469727,8010,-0.0492582321166992,8010,-6.57006406784058,8010,-0.0922269821166992,8010,-7.27717590332031,8010,-0.0394926071166992,8010,-8.37108612060547,8010,-0.0232419967651367,8010,-0.0415239334106445,8010,-0.10214900970459,8010,-0.0404300689697266,8010,-0.0851955413818359,8010,-0.0419139862060547
8020,-0.0941801071166992,8020,-0.0905084609985352,8020,-0.0652732849121094,8020,-0.128007888793945,8020,-0.0750389099121094,8020,-0.093632698059082,8020,-0.101523399353027,8020,-0.0862894058227539,8020,-0.0473051071166992,8020,-0.0279293060302734,8020,-0.0319919586181641,8020,-0.062382698059082,8020,-0.0491800308227539,8020,-6.54725170135498,8020,-0.0922269821166992,8020,-7.2173318862915,8020,-0.038945198059082,8020,-8.44585227966309,8020,-0.0232419967651367,8020,-0.0414457321166992,8020,-0.10214900970459,8020,-0.0403518676757812,8020,-0.0851173400878906,8020,-0.0418357849121094
8030,-0.0941801071166992,8030,-0.0905084609985352,8030,-0.0648050308227539,8030,-0.128086090087891,8030,-0.0748834609985352,8030,-0.093632698059082,8030,-0.101523399353027,8030,-0.0862894058227539,8030,-0.0472269058227539,8030,-0.0279293060302734,8030,-0.0317583084106445,8030,-0.0623044967651367,8030,-0.0496482849121094,8030,-6.52576684951782,8030,-0.0922269821166992,8030,-7.16561317443848,8030,-0.0385551452636719,8030,-8.53905582427979,8030,-0.0232419967651367,8030,-0.0413675308227539,8030,-0.102070808410645,8030,-0.0402736663818359,8030,-0.0851173400878906,8030,-0.0418357849121094
8040,-0.0941019058227539,8040,-0.0905084609985352,8040,-0.064335823059082,8040,-0.128086090087891,8040,-0.0748052597045898,8040,-0.0937108993530273,8040,-0.101523399353027,8040,-0.0862894058227539,8040,-0.0472269058227539,8040,-0.0279293060302734,8040,-0.0315237045288086,8040,-0.0622262954711914,8040,-0.0491800308227539,8040,-6.50732946395874,8040,-0.0922269821166992,8040,-7.12006616592407,8040,-0.0382423400878906,8040,-8.61655616760254,8040,-0.0232419967651367,8040,-0.0412893295288086,8040,-0.101992607116699,8040,-0.0402736663818359,8040,-0.0851173400878906,8040,-0.0417575836181641
8050,-0.0941019058227539,8050,-0.0905084609985352,8050,-0.0638675689697266,8050,-0.128164291381836,8050,-0.0747270584106445,8050,-0.0937108993530273,8050,-0.101523399353027,8050,-0.0862894058227539,8050,-0.0471487045288086,8050,-0.0279293060302734,8050,-0.0314455032348633,8050,-0.0621490478515625,8050,-0.048710823059082,8050,-6.48537635803223,8050,-0.0922269821166992,8050,-7.077956199646,8050,-0.0380077362060547,8050,-8.6953067779541,8050,-0.0232419967651367,8050,-0.0412111282348633,8050,-0.101914405822754,8050,-0.0401954650878906,8050,-0.0850391387939453,8050,-0.0416793823242188
8060,-0.0940237045288086,8060,-0.0904302597045898,8060,-0.0633983612060547,8060,-0.128242492675781,8060,-0.0746488571166992,8060,-0.0937108993530273,8060,-0.101523399353027,8060,-0.0862894058227539,8060,-0.0470705032348633,8060,-0.0278520584106445,8060,-0.0312891006469727,8060,-0.0620708465576172,8060,-0.0486326217651367,8060,-6.47553253173828,8060,-0.0921487808227539,8060,-7.04967498779297,8060,-0.0378513336181641,8060,-8.73616600036621,8060,-0.0232419967651367,8060,-0.041132926940918,8060,-0.101836204528809,8060,-0.0401172637939453,8060,-0.0850391387939453,8060,-0.0416021347045898
8070,-0.0940237045288086,8070,-0.0904302597045898,8070,-0.0630083084106445,8070,-0.128242492675781,8070,-0.0745706558227539,8070,-0.0937108993530273,8070,-0.101523399353027,8070,-0.0862894058227539,8070,-0.0470705032348633,8070,-0.0278520584106445,8070,-0.0312891006469727,8070,-0.0619926452636719,8070,-0.0481643676757812,8070,-6.46537590026855,8070,-0.0921487808227539,8070,-7.0219407081604,8070,-0.0376958847045898,8070,-8.78015041351318,8070,-0.0232419967651367,8070,-0.041132926940918,8070,-0.101758003234863,8070,-0.0400390625,8070,-0.0850391387939453,8070,-0.0416021347045898
8080,-0.0940237045288086,8080,-0.0904302597045898,8080,-0.062617301940918,8080,-0.128320693969727,8080,-0.0744924545288086,8080,-0.0937108993530273,8080,-0.101523399353027,8080,-0.0862894058227539,8080,-0.046992301940918,8080,-0.0277738571166992,8080,-0.0312891006469727,8080,-0.0619144439697266,8080,-0.0481643676757812,8080,-6.45553207397461,8080,-0.0921487808227539,8080,-6.99701881408691,8080,-0.0375394821166992,8080,-8.82679176330566,8080,-0.0232419967651367,8080,-0.0410547256469727,8080,-0.101679801940918,8080,-0.0399608612060547,8080,-0.0849609375,8080,-0.0415239334106445
8090,-0.0939455032348633,8090,-0.0904302597045898,8090,-0.0621490478515625,8090,-0.128320693969727,8090,-0.0744142532348633,8090,-0.0937108993530273,8090,-0.101445198059082,8090,-0.0862894058227539,8090,-0.046992301940918,8090,-0.0277738571166992,8090,-0.0312108993530273,8090,-0.0618362426757812,8090,-0.0478515625,8090,-6.44584465026855,8090,-0.0920705795288086,8090,-6.97459697723389,8090,-0.0374612808227539,8090,-8.87936973571777,8090,-0.0232419967651367,8090,-0.0409765243530273,8090,-0.101679801940918,8090,-0.0398826599121094,8090,-0.0849609375,8090,-0.0414457321166992
8100,-0.0939455032348633,8100,-0.0904302597045898,8100,-0.0617580413818359,8100,-0.128320693969727,8100,-0.074336051940918,8100,-0.0937108993530273,8100,-0.101445198059082,8100,-0.0862894058227539,8100,-0.0469141006469727,8100,-0.0277738571166992,8100,-0.0312108993530273,8100,-0.0617580413818359,8100,-0.0483989715576172,8100,-6.43709468841553,8100,-0.0920705795288086,8100,-6.95467472076416,8100,-0.0373048782348633,8100,-8.92749500274658,8100,-0.0232419967651367,8100,-0.040898323059082,8100,-0.101601600646973,8100,-0.0398826599121094,8100,-0.0849609375,8100,-0.0414457321166992
8110,-0.093867301940918,8110,-0.0904302597045898,8110,-0.0613670349121094,8110,-0.128398895263672,8110,-0.0742578506469727,8110,-0.0937108993530273,8110,-0.101445198059082,8110,-0.0862894058227539,8110,-0.0468358993530273,8110,-0.0277738571166992,8110,-0.0310544967651367,8110,-0.0616798400878906,8110,-0.0490236282348633,8110,-6.42896938323975,8110,-0.0919923782348633,8110,-6.93615913391113,8110,-0.037226676940918,8110,-8.97163581848145,8110,-0.0232419967651367,8110,-0.0408201217651367,8110,-0.101523399353027,8110,-0.0398044586181641,8110,-0.0849609375,8110,-0.0413675308227539
8120,-0.093867301940918,8120,-0.0904302597045898,8120,-0.0610551834106445,8120,-0.128398895263672,8120,-0.0741796493530273,8120,-0.0937108993530273,8120,-0.101445198059082,8120,-0.0862112045288086,8120,-0.0468358993530273,8120,-0.0276956558227539,8120,-0.031132698059082,8120,-0.0616016387939453,8120,-0.0477733612060547,8120,-6.42240715026855,8120,-0.0919923782348633,8120,-6.92084646224976,8120,-0.037226676940918,8120,-8.99585437774658,8120,-0.0232419967651367,8120,-0.0407419204711914,8120,-0.101445198059082,8120,-0.0397262573242188,8120,-0.0848827362060547,8120,-0.0412893295288086
8130,-0.0937891006469727,8130,-0.0904302597045898,8130,-0.060664176940918,8130,-0.128398895263672,8130,-0.0741796493530273,8130,-0.0937108993530273,8130,-0.101445198059082,8130,-0.0862894058227539,8130,-0.046757698059082,8130,-0.0276956558227539,8130,-0.0310544967651367,8130,-0.0616016387939453,8130,-0.0473051071166992,8130,-6.4179539680481,8130,-0.0919923782348633,8130,-6.90936183929443,8130,-0.0370702743530273,8130,-9.01101112365723,8130,-0.0232419967651367,8130,-0.0406637191772461,8130,-0.101445198059082,8130,-0.0396490097045898,8130,-0.0848827362060547,8130,-0.0412893295288086
8140,-0.0937891006469727,8140,-0.0903520584106445,8140,-0.0602731704711914,8140,-0.128477096557617,8140,-0.074101448059082,8140,-0.0937108993530273,8140,-0.101445198059082,8140,-0.0862112045288086,8140,-0.046757698059082,8140,-0.0276956558227539,8140,-0.0309762954711914,8140,-0.0615234375,8140,-0.0469141006469727,8140,-6.41459465026855,8140,-0.0919923782348633,8140,-6.89920616149902,8140,-0.0370702743530273,8140,-9.05319786071777,8140,-0.0232419967651367,8140,-0.0405864715576172,8140,-0.101367950439453,8140,-0.0396490097045898,8140,-0.0848827362060547,8140,-0.0412111282348633
8150,-0.0937891006469727,8150,-0.0903520584106445,8150,-0.0599613189697266,8150,-0.128477096557617,8150,-0.074101448059082,8150,-0.0937108993530273,8150,-0.101445198059082,8150,-0.0862112045288086,8150,-0.0466794967651367,8150,-0.0276174545288086,8150,-0.0308980941772461,8150,-0.0614452362060547,8150,-0.0461330413818359,8150,-6.41006326675415,8150,-0.091914176940918,8150,-6.88983058929443,8150,-0.0369138717651367,8150,-9.0809326171875,8150,-0.0231637954711914,8150,-0.0405864715576172,8150,-0.101289749145508,8150,-0.0395708084106445,8150,-0.0848827362060547,8150,-0.041132926940918
8160,-0.0937108993530273,8160,-0.0903520584106445,8160,-0.0595703125,8160,-0.128477096557617,8160,-0.0740232467651367,8160,-0.0937108993530273,8160,-0.101445198059082,8160,-0.0862112045288086,8160,-0.0466794967651367,8160,-0.0276174545288086,8160,-0.0308980941772461,8160,-0.0614452362060547,8160,-0.0460548400878906,8160,-6.40600109100342,8160,-0.091914176940918,8160,-6.88108062744141,8160,-0.0368356704711914,8160,-9.08968257904053,8160,-0.0231637954711914,8160,-0.0405082702636719,8160,-0.101211547851562,8160,-0.0394926071166992,8160,-0.0848045349121094,8160,-0.041132926940918
8170,-0.0937108993530273,8170,-0.0903520584106445,8170,-0.0592584609985352,8170,-0.128555297851562,8170,-0.0740232467651367,8170,-0.0937108993530273,8170,-0.101445198059082,8170,-0.0862112045288086,8170,-0.0466012954711914,8170,-0.0276174545288086,8170,-0.0308208465576172,8170,-0.0613670349121094,8170,-0.0460548400878906,8170,-6.40193843841553,8170,-0.091914176940918,8170,-6.87272167205811,8170,-0.0366802215576172,8170,-9.08179187774658,8170,-0.0231637954711914,8170,-0.0404300689697266,8170,-0.101211547851562,8170,-0.0394926071166992,8170,-0.0848045349121094,8170,-0.0410547256469727
8180,-0.0937108993530273,8180,-0.0903520584106445,8180,-0.0589456558227539,8180,-0.128555297851562,8180,-0.0739459991455078,8180,-0.0937108993530273,8180,-0.101445198059082,8180,-0.0862112045288086,8180,-0.0466012954711914,8180,-0.0276174545288086,8180,-0.0308208465576172,8180,-0.0613670349121094,8180,-0.0462894439697266,8180,-6.39732885360718,8180,-0.091914176940918,8180,-6.86662769317627,8180,-0.0366020202636719,8180,-9.07679176330566,8180,-0.0231637954711914,8180,-0.0403518676757812,8180,-0.101133346557617,8180,-0.0394144058227539,8180,-0.0848045349121094,8180,-0.0409765243530273
8190,-0.093632698059082,8190,-0.0903520584106445,8190,-0.0585546493530273,8190,-0.128555297851562,8190,-0.0739459991455078,8190,-0.0937108993530273,8190,-0.101445198059082,8190,-0.0862112045288086,8190,-0.0465240478515625,8190,-0.0275392532348633,8190,-0.0308980941772461,8190,-0.0612888336181641,8190,-0.0461330413818359,8190,-6.3964695930481,8190,-0.091914176940918,8190,-6.86451816558838,8190,-0.0364456176757812,8190,-9.07054233551025,8190,-0.0231637954711914,8190,-0.0403518676757812,8190,-0.101055145263672,8190,-0.0393362045288086,8190,-0.0848045349121094,8190,-0.0409765243530273
8200,-0.093632698059082,8200,-0.0903520584106445,8200,-0.0583200454711914,8200,-0.128633499145508,8200,-0.0739459991455078,8200,-0.0937108993530273,8200,-0.101445198059082,8200,-0.0862112045288086,8200,-0.0465240478515625,8200,-0.0275392532348633,8200,-0.0308980941772461,8200,-0.0612115859985352,8200,-0.0462894439697266,8200,-6.39701652526855,8200,-0.0918359756469727,8200,-6.86217451095581,8200,-0.0362892150878906,8200,-9.0589017868042,8200,-0.0231637954711914,8200,-0.0402736663818359,8200,-0.101055145263672,8200,-0.0392580032348633,8200,-0.0848045349121094,8200,-0.040898323059082
8210,-0.0935554504394531,8210,-0.0903520584106445,8210,-0.0580081939697266,8210,-0.128633499145508,8210,-0.0738677978515625,8210,-0.0937108993530273,8210,-0.101367950439453,8210,-0.0862112045288086,8210,-0.0465240478515625,8210,-0.0275392532348633,8210,-0.0308208465576172,8210,-0.0612115859985352,8210,-0.0462112426757812,8210,-6.39623546600342,8210,-0.0918359756469727,8210,-6.85904932022095,8210,-0.0361328125,8210,-9.05843257904053,8210,-0.0231637954711914,8210,-0.0401954650878906,8210,-0.100976943969727,8210,-0.0392580032348633,8210,-0.0847272872924805,8210,-0.040898323059082
8220,-0.0935554504394531,8220,-0.0903520584106445,8220,-0.0576953887939453,8220,-0.128633499145508,8220,-0.0738677978515625,8220,-0.0937108993530273,8220,-0.101367950439453,8220,-0.0862112045288086,8220,-0.0464458465576172,8220,-0.0275392532348633,8220,-0.0307426452636719,8220,-0.0611333847045898,8220,-0.0464458465576172,8220,-6.39529800415039,8220,-0.0918359756469727,8220,-6.85514307022095,8220,-0.0359764099121094,8220,-9.06522941589355,8220,-0.0231637954711914,8220,-0.0401172637939453,8220,-0.100898742675781,8220,-0.039179801940918,8220,-0.0847272872924805,8220,-0.0408201217651367
8230,-0.0935554504394531,8230,-0.0903520584106445,8230,-0.0573825836181641,8230,-0.128711700439453,8230,-0.0738677978515625,8230,-0.0937108993530273,8230,-0.101367950439453,8230,-0.0862112045288086,8230,-0.0464458465576172,8230,-0.027461051940918,8230,-0.0307426452636719,8230,-0.0611333847045898,8230,-0.0463676452636719,8230,-6.3945164680481,8230,-0.0918359756469727,8230,-6.85115909576416,8230,-0.0358200073242188,8230,-9.07538604736328,8230,-0.0231637954711914,8230,-0.0401172637939453,8230,-0.100898742675781,8230,-0.039179801940918,8230,-0.0847272872924805,8230,-0.0408201217651367
8240,-0.0935554504394531,8240,-0.0903520584106445,8240,-0.0570707321166992,8240,-0.128711700439453,8240,-0.0738677978515625,8240,-0.0937108993530273,8240,-0.101367950439453,8240,-0.0862112045288086,8240,-0.0463676452636719,8240,-0.027461051940918,8240,-0.0306644439697266,8240,-0.0611333847045898,8240,-0.0460548400878906,8240,-6.39725112915039,8240,-0.0918359756469727,8240,-6.84975242614746,8240,-0.0356645584106445,8240,-9.07343292236328,8240,-0.0231637954711914,8240,-0.0400390625,8240,-0.100820541381836,8240,-0.0391016006469727,8240,-0.0847272872924805,8240,-0.0407419204711914
8250,-0.0934772491455078,8250,-0.0903520584106445,8250,-0.056757926940918,8250,-0.128711700439453,8250,-0.0738677978515625,8250,-0.0937891006469727,8250,-0.101367950439453,8250,-0.0862894058227539,8250,-0.0463676452636719,8250,-0.027461051940918,8250,-0.0306644439697266,8250,-0.0610551834106445,8250,-0.0461330413818359,8250,-6.40178203582764,8250,-0.0918359756469727,8250,-6.84936189651489,8250,-0.0355081558227539,8250,-9.05835437774658,8250,-0.0231637954711914,8250,-0.0399608612060547,8250,-0.100742340087891,8250,-0.0390233993530273,8250,-0.0847272872924805,8250,-0.0406637191772461
8260,-0.0934772491455078,8260,-0.0903520584106445,8260,-0.056523323059082,8260,-0.128789901733398,8260,-0.0737895965576172,8260,-0.0937891006469727,8260,-0.101367950439453,8260,-0.0862894058227539,8260,-0.0463676452636719,8260,-0.027461051940918,8260,-0.0306644439697266,8260,-0.0610551834106445,8260,-0.0457420349121094,8260,-6.40584468841553,8260,-0.0918359756469727,8260,-6.84779930114746,8260,-0.0353517532348633,8260,-9.06108856201172,8260,-0.0231637954711914,8260,-0.0399608612060547,8260,-0.100742340087891,8260,-0.0390233993530273,8260,-0.0847272872924805,8260,-0.0406637191772461
8270,-0.0934772491455078,8270,-0.0902738571166992,8270,-0.0562114715576172,8270,-0.128789901733398,8270,-0.0737895965576172,8270,-0.0937891006469727,8270,-0.101367950439453,8270,-0.0862894058227539,8270,-0.0462894439697266,8270,-0.027461051940918,8270,-0.0306644439697266,8270,-0.0609769821166992,8270,-0.0458984375,8270,-6.40889167785645,8270,-0.0918359756469727,8270,-6.84686183929443,8270,-0.0351953506469727,8270,-9.0784330368042,8270,-0.0231637954711914,8270,-0.0398826599121094,8270,-0.100664138793945,8270,-0.038945198059082,8270,-0.0846490859985352,8270,-0.0405864715576172
8280,-0.0934772491455078,8280,-0.0902738571166992,8280,-0.0559768676757812,8280,-0.128789901733398,8280,-0.0737895965576172,8280,-0.0937891006469727,8280,-0.101367950439453,8280,-0.0862894058227539,8280,-0.0462894439697266,8280,-0.0273828506469727,8280,-0.0307426452636719,8280,-0.0609769821166992,8280,-0.0455083847045898,8280,-6.41287612915039,8280,-0.0918359756469727,8280,-6.84772109985352,8280,-0.0351171493530273,8280,-9.0628080368042,8280,-0.0231637954711914,8280,-0.0398044586181641,8280,-0.100664138793945,8280,-0.038945198059082,8280,-0.0846490859985352,8280,-0.0405864715576172
8290,-0.0933990478515625,8290,-0.0902738571166992,8290,-0.0556640625,8290,-0.128868103027344,8290,-0.0737895965576172,8290,-0.0937891006469727,8290,-0.101367950439453,8290,-0.0862894058227539,8290,-0.0462894439697266,8290,-0.0273828506469727,8290,-0.0305862426757812,8290,-0.0608987808227539,8290,-0.0455083847045898,8290,-6.41771984100342,8290,-0.0917577743530273,8290,-6.84967422485352,8290,-0.0349607467651367,8290,-9.04265117645264,8290,-0.0231637954711914,8290,-0.0398044586181641,8290,-0.1005859375,8290,-0.0388669967651367,8290,-0.0846490859985352,8290,-0.0405082702636719
8300,-0.0933990478515625,8300,-0.0902738571166992,8300,-0.0553522109985352,8300,-0.128868103027344,8300,-0.0737895965576172,8300,-0.0937891006469727,8300,-0.101367950439453,8300,-0.0862894058227539,8300,-0.0462112426757812,8300,-0.0273828506469727,8300,-0.0305862426757812,8300,-0.0608987808227539,8300,-0.0453519821166992,8300,-6.42084455490112,8300,-0.0918359756469727,8300,-6.8499870300293,8300,-0.0348043441772461,8300,-9.03968238830566,8300,-0.0231637954711914,8300,-0.0397262573242188,8300,-0.1005859375,8300,-0.0388669967651367,8300,-0.0846490859985352,8300,-0.0405082702636719
8310,-0.0933990478515625,8310,-0.0902738571166992,8310,-0.0551176071166992,8310,-0.128945350646973,8310,-0.0737895965576172,8310,-0.0937891006469727,8310,-0.101367950439453,8310,-0.0862894058227539,8310,-0.0462112426757812,8310,-0.0273828506469727,8310,-0.0305862426757812,8310,-0.0608987808227539,8310,-0.0456638336181641,8310,-6.42326641082764,8310,-0.0918359756469727,8310,-6.85029935836792,8310,-0.0345706939697266,8310,-9.03077602386475,8310,-0.0231637954711914,8310,-0.0397262573242188,8310,-0.100507736206055,8310,-0.0387887954711914,8310,-0.0846490859985352,8310,-0.0404300689697266
8320,-0.0933990478515625,8320,-0.0902738571166992,8320,-0.0548830032348633,8320,-0.128945350646973,8320,-0.0737895965576172,8320,-0.0937891006469727,8320,-0.101367950439453,8320,-0.0862894058227539,8320,-0.0462112426757812,8320,-0.0273828506469727,8320,-0.0305080413818359,8320,-0.0608205795288086,8320,-0.0455856323242188,8320,-6.42592287063599,8320,-0.0918359756469727,8320,-6.85068988800049,8320,-0.0344142913818359,8320,-9.02796363830566,8320,-0.0231637954711914,8320,-0.0396490097045898,8320,-0.100507736206055,8320,-0.0387887954711914,8320,-0.0846490859985352,8320,-0.0404300689697266
8330,-0.0933990478515625,8330,-0.0902738571166992,8330,-0.0546483993530273,8330,-0.128945350646973,8330,-0.0737895965576172,8330,-0.0937891006469727,8330,-0.101367950439453,8330,-0.0862894058227539,8330,-0.0462112426757812,8330,-0.0273828506469727,8330,-0.0305080413818359,8330,-0.0608205795288086,8330,-0.0455856323242188,8330,-6.42881345748901,8330,-0.0917577743530273,8330,-6.85256481170654,8330,-0.0342578887939453,8330,-9.0047607421875,8330,-0.0231637954711914,8330,-0.0396490097045898,8330,-0.100430488586426,8330,-0.0387105941772461,8330,-0.0845708847045898,8330,-0.0403518676757812
8340,-0.0933208465576172,8340,-0.0902738571166992,8340,-0.0543365478515625,8340,-0.129023551940918,8340,-0.0737895965576172,8340,-0.0937891006469727,8340,-0.101367950439453,8340,-0.0862894058227539,8340,-0.0461330413818359,8340,-0.0273828506469727,8340,-0.0305080413818359,8340,-0.0608205795288086,8340,-0.0458202362060547,8340,-6.43061065673828,8340,-0.0917577743530273,8340,-6.85303401947021,8340,-0.0341014862060547,8340,-8.99366664886475,8340,-0.0231637954711914,8340,-0.0395708084106445,8340,-0.100430488586426,8340,-0.0386333465576172,8340,-0.0845708847045898,8340,-0.0403518676757812
8350,-0.0933208465576172,8350,-0.0902738571166992,8350,-0.0541019439697266,8350,-0.129023551940918,8350,-0.0737895965576172,8350,-0.0937891006469727,8350,-0.101367950439453,8350,-0.0862894058227539,8350,-0.0461330413818359,8350,-0.0273046493530273,8350,-0.0305080413818359,8350,-0.0608205795288086,8350,-0.0462894439697266,8350,-6.4302978515625,8350,-0.0917577743530273,8350,-6.85170555114746,8350,-0.0340232849121094,8350,-9.00061988830566,8350,-0.0231637954711914,8350,-0.0394926071166992,8350,-0.10035228729248,8350,-0.0386333465576172,8350,-0.0845708847045898,8350,-0.0402736663818359
8360,-0.0933208465576172,8360,-0.0902738571166992,8360,-0.0539455413818359,8360,-0.129023551940918,8360,-0.0737895965576172,8360,-0.0937891006469727,8360,-0.101367950439453,8360,-0.0863676071166992,8360,-0.0461330413818359,8360,-0.0273046493530273,8360,-0.0305080413818359,8360,-0.0607423782348633,8360,-0.0458984375,8360,-6.42881345748901,8360,-0.0917577743530273,8360,-6.84983062744141,8360,-0.0338668823242188,8360,-9.01226043701172,8360,-0.0231637954711914,8360,-0.0394926071166992,8360,-0.10035228729248,8360,-0.0385551452636719,8360,-0.0845708847045898,8360,-0.0402736663818359
8370,-0.0933208465576172,8370,-0.0902738571166992,8370,-0.0537109375,8370,-0.129023551940918,8370,-0.0737895965576172,8370,-0.0937891006469727,8370,-0.101367950439453,8370,-0.0863676071166992,8370,-0.0461330413818359,8370,-0.0273046493530273,8370,-0.0305080413818359,8370,-0.0607423782348633,8370,-0.0458984375,8370,-6.42795372009277,8370,-0.0917577743530273,8370,-6.84928369522095,8370,-0.0337886810302734,8370,-9.00882339477539,8370,-0.0231637954711914,8370,-0.0394144058227539,8370,-0.100274085998535,8370,-0.0385551452636719,8370,-0.0845708847045898,8370,-0.0401954650878906
8380,-0.0933208465576172,8380,-0.0902738571166992,8380,-0.0534763336181641,8380,-0.129101753234863,8380,-0.0737895965576172,8380,-0.0937891006469727,8380,-0.101289749145508,8380,-0.0863676071166992,8380,-0.0460548400878906,8380,-0.0273046493530273,8380,-0.0305080413818359,8380,-0.0607423782348633,8380,-0.0454301834106445,8380,-6.42756366729736,8380,-0.0917577743530273,8380,-6.85029935836792,8380,-0.0337114334106445,8380,-8.98562049865723,8380,-0.0231637954711914,8380,-0.0394144058227539,8380,-0.100274085998535,8380,-0.0384769439697266,8380,-0.0845708847045898,8380,-0.0401954650878906
8390,-0.0933208465576172,8390,-0.0902738571166992,8390,-0.0532426834106445,8390,-0.129101753234863,8390,-0.0737895965576172,8390,-0.0937891006469727,8390,-0.101289749145508,8390,-0.0863676071166992,8390,-0.0460548400878906,8390,-0.0273046493530273,8390,-0.0305080413818359,8390,-0.0607423782348633,8390,-0.0451955795288086,8390,-6.42584466934204,8390,-0.0917577743530273,8390,-6.84951782226562,8390,-0.0335550308227539,8390,-8.97233867645264,8390,-0.0231637954711914,8390,-0.0393362045288086,8390,-0.10019588470459,8390,-0.0384769439697266,8390,-0.0845708847045898,8390,-0.0401172637939453
8400,-0.0933208465576172,8400,-0.0902738571166992,8400,-0.0530080795288086,8400,-0.129101753234863,8400,-0.0737895965576172,8400,-0.0937891006469727,8400,-0.101289749145508,8400,-0.0863676071166992,8400,-0.0460548400878906,8400,-0.0273046493530273,8400,-0.0304298400878906,8400,-0.0607423782348633,8400,-0.0452737808227539,8400,-6.4230318069458,8400,-0.0917577743530273,8400,-6.84772109985352,8400,-0.0334768295288086,8400,-8.96194839477539,8400,-0.0231637954711914,8400,-0.0393362045288086,8400,-0.10019588470459,8400,-0.0383987426757812,8400,-0.0845708847045898,8400,-0.0401172637939453
8410,-0.0933208465576172,8410,-0.0902738571166992,8410,-0.0527734756469727,8410,-0.129101753234863,8410,-0.0737895965576172,8410,-0.0937891006469727,8410,-0.101289749145508,8410,-0.0863676071166992,8410,-0.0459766387939453,8410,-0.027226448059082,8410,-0.0305080413818359,8410,-0.060664176940918,8410,-0.0451955795288086,8410,-6.42115688323975,8410,-0.0917577743530273,8410,-6.8480339050293,8410,-0.0333986282348633,8410,-8.95327568054199,8410,-0.0231637954711914,8410,-0.0392580032348633,8410,-0.10019588470459,8410,-0.0383987426757812,8410,-0.0844926834106445,8410,-0.0400390625
8420,-0.0932426452636719,8420,-0.0902738571166992,8420,-0.052617073059082,8420,-0.129101753234863,8420,-0.0737895965576172,8420,-0.0937891006469727,8420,-0.101289749145508,8420,-0.0863676071166992,8420,-0.0459766387939453,8420,-0.027226448059082,8420,-0.0304298400878906,8420,-0.060664176940918,8420,-0.0449609756469727,8420,-6.4199070930481,8420,-0.0917577743530273,8420,-6.8485803604126,8420,-0.033320426940918,8420,-8.93460464477539,8420,-0.0231637954711914,8420,-0.0392580032348633,8420,-0.100117683410645,8420,-0.0383987426757812,8420,-0.0844926834106445,8420,-0.0400390625
8430,-0.0932426452636719,8430,-0.0902738571166992,8430,-0.0523834228515625,8430,-0.129101753234863,8430,-0.0737895965576172,8430,-0.0937891006469727,8430,-0.101289749145508,8430,-0.0863676071166992,8430,-0.0459766387939453,8430,-0.027226448059082,8430,-0.0303516387939453,8430,-0.060664176940918,8430,-0.0451173782348633,8430,-6.41764163970947,8430,-0.0917577743530273,8430,-6.84826803207397,8430,-0.0332422256469727,8430,-8.92397880554199,8430,-0.0231637954711914,8430,-0.039179801940918,8430,-0.100117683410645,8430,-0.0383205413818359,8430,-0.0844926834106445,8430,-0.0399608612060547
8440,-0.0932426452636719,8440,-0.0902738571166992,8440,-0.0522270202636719,8440,-0.129101753234863,8440,-0.0737895965576172,8440,-0.0937891006469727,8440,-0.101289749145508,8440,-0.0863676071166992,8440,-0.0459766387939453,8440,-0.027226448059082,8440,-0.0303516387939453,8440,-0.060664176940918,8440,-0.0454301834106445,8440,-6.41498517990112,8440,-0.0917577743530273,8440,-6.84647130966187,8440,-0.033085823059082,8440,-8.91905689239502,8440,-0.0231637954711914,8440,-0.0391016006469727,8440,-0.100039482116699,8440,-0.0383205413818359,8440,-0.0844926834106445,8440,-0.0399608612060547
8450,-0.0932426452636719,8450,-0.0902738571166992,8450,-0.0519924163818359,8450,-0.129179954528809,8450,-0.0737895965576172,8450,-0.0937891006469727,8450,-0.101289749145508,8450,-0.0864458084106445,8450,-0.0458984375,8450,-0.027226448059082,8450,-0.0303516387939453,8450,-0.0605859756469727,8450,-0.0451955795288086,8450,-6.41186046600342,8450,-0.0917577743530273,8450,-6.84576797485352,8450,-0.0330076217651367,8450,-8.92335414886475,8450,-0.0231637954711914,8450,-0.0391016006469727,8450,-0.100039482116699,8450,-0.0382423400878906,8450,-0.0844926834106445,8450,-0.0398826599121094
8460,-0.0932426452636719,8460,-0.0902738571166992,8460,-0.0518360137939453,8460,-0.129179954528809,8460,-0.0737895965576172,8460,-0.0937891006469727,8460,-0.101289749145508,8460,-0.0864458084106445,8460,-0.0458984375,8460,-0.027226448059082,8460,-0.0305080413818359,8460,-0.0605859756469727,8460,-0.0451173782348633,8460,-6.40904808044434,8460,-0.0917577743530273,8460,-6.84654903411865,8460,-0.0329294204711914,8460,-8.91030693054199,8460,-0.0231637954711914,8460,-0.0390233993530273,8460,-0.100039482116699,8460,-0.0382423400878906,8460,-0.0844926834106445,8460,-0.0398826599121094
8470,-0.0932426452636719,8470,-0.0902738571166992,8470,-0.0516014099121094,8470,-0.129179954528809,8470,-0.0737895965576172,8470,-0.0937891006469727,8470,-0.101289749145508,8470,-0.0864458084106445,8470,-0.0458984375,8470,-0.027226448059082,8470,-0.0304298400878906,8470,-0.0605859756469727,8470,-0.0455856323242188,8470,-6.40725088119507,8470,-0.0917577743530273,8470,-6.8485803604126,8470,-0.0328512191772461,8470,-8.89405727386475,8470,-0.0231637954711914,8470,-0.0390233993530273,8470,-0.0999612808227539,8470,-0.0381641387939453,8470,-0.0844926834106445,8470,-0.0398826599121094
8480,-0.0932426452636719,8480,-0.0902738571166992,8480,-0.0514450073242188,8480,-0.129179954528809,8480,-0.0738677978515625,8480,-0.0937891006469727,8480,-0.101289749145508,8480,-0.0864458084106445,8480,-0.0458202362060547,8480,-0.027226448059082,8480,-0.0304298400878906,8480,-0.0605859756469727,8480,-0.0453519821166992,8480,-6.40467262268066,8480,-0.0917577743530273,8480,-6.84795570373535,8480,-0.0328512191772461,8480,-8.88632297515869,8480,-0.0231637954711914,8480,-0.0390233993530273,8480,-0.0999612808227539,8480,-0.0381641387939453,8480,-0.0844926834106445,8480,-0.0398044586181641
8490,-0.0932426452636719,8490,-0.0902738571166992,8490,-0.0512895584106445,8490,-0.129179954528809,8490,-0.0738677978515625,8490,-0.0937891006469727,8490,-0.101289749145508,8490,-0.0864458084106445,8490,-0.0458202362060547,8490,-0.0271482467651367,8490,-0.0304298400878906,8490,-0.0605859756469727,8490,-0.0455856323242188,8490,-6.40178203582764,8490,-0.0917577743530273,8490,-6.84748697280884,8490,-0.0328512191772461,8490,-8.86866664886475,8490,-0.0231637954711914,8490,-0.038945198059082,8490,-0.0999612808227539,8490,-0.0381641387939453,8490,-0.0844926834106445,8490,-0.0398044586181641
8500,-0.0932426452636719,8500,-0.0902738571166992,8500,-0.0510549545288086,8500,-0.129179954528809,8500,-0.0738677978515625,8500,-0.0937891006469727,8500,-0.101289749145508,8500,-0.0864458084106445,8500,-0.0458202362060547,8500,-0.0271482467651367,8500,-0.0304298400878906,8500,-0.0605859756469727,8500,-0.0453519821166992,8500,-6.40006351470947,8500,-0.0917577743530273,8500,-6.84967422485352,8500,-0.0328512191772461,8500,-8.85663509368896,8500,-0.0231637954711914,8500,-0.038945198059082,8500,-0.0998830795288086,8500,-0.0380859375,8500,-0.0844926834106445,8500,-0.0397262573242188
8510,-0.0932426452636719,8510,-0.0902738571166992,8510,-0.050898551940918,8510,-0.129179954528809,8510,-0.0738677978515625,8510,-0.0937891006469727,8510,-0.101289749145508,8510,-0.0864458084106445,8510,-0.0458202362060547,8510,-0.0271482467651367,8510,-0.0304298400878906,8510,-0.0605859756469727,8510,-0.0456638336181641,8510,-6.39787578582764,8510,-0.0917577743530273,8510,-6.85022163391113,8510,-0.0327739715576172,8510,-8.83897876739502,8510,-0.0231637954711914,8510,-0.0388669967651367,8510,-0.0998830795288086,8510,-0.0380859375,8510,-0.0844144821166992,8510,-0.0397262573242188
8520,-0.0931644439697266,8520,-0.0902738571166992,8520,-0.0507421493530273,8520,-0.129179954528809,8520,-0.0738677978515625,8520,-0.0937891006469727,8520,-0.101289749145508,8520,-0.0864458084106445,8520,-0.0457420349121094,8520,-0.0271482467651367,8520,-0.0304298400878906,8520,-0.0605859756469727,8520,-0.0455083847045898,8520,-6.39631319046021,8520,-0.0917577743530273,8520,-6.85154914855957,8520,-0.0327739715576172,8520,-8.82765102386475,8520,-0.0231637954711914,8520,-0.0388669967651367,8520,-0.0998830795288086,8520,-0.0380077362060547,8520,-0.0844144821166992,8520,-0.0396490097045898
8530,-0.0931644439697266,8530,-0.0902738571166992,8530,-0.0505857467651367,8530,-0.129179954528809,8530,-0.0738677978515625,8530,-0.0937891006469727,8530,-0.101289749145508,8530,-0.0865240097045898,8530,-0.0457420349121094,8530,-0.0271482467651367,8530,-0.0304298400878906,8530,-0.0605859756469727,8530,-0.0451955795288086,8530,-6.39404773712158,8530,-0.0917577743530273,8530,-6.85209655761719,8530,-0.0327739715576172,8530,-8.81358814239502,8530,-0.0231637954711914,8530,-0.0387887954711914,8530,-0.0998048782348633,8530,-0.0380077362060547,8530,-0.0844144821166992,8530,-0.0396490097045898
8540,-0.0931644439697266,8540,-0.0902738571166992,8540,-0.0504302978515625,8540,-0.129179954528809,8540,-0.0738677978515625,8540,-0.0937891006469727,8540,-0.101289749145508,8540,-0.0865240097045898,8540,-0.0457420349121094,8540,-0.0271482467651367,8540,-0.0304298400878906,8540,-0.0605859756469727,8540,-0.0449609756469727,8540,-6.39076614379883,8540,-0.0917577743530273,8540,-6.8519401550293,8540,-0.0326957702636719,8540,-8.8027286529541,8540,-0.0231637954711914,8540,-0.0387887954711914,8540,-0.0998048782348633,8540,-0.0380077362060547,8540,-0.0844144821166992,8540,-0.0396490097045898
8550,-0.0931644439697266,8550,-0.0902738571166992,8550,-0.0502738952636719,8550,-0.129179954528809,8550,-0.0738677978515625,8550,-0.0937891006469727,8550,-0.101289749145508,8550,-0.0865240097045898,8550,-0.0456638336181641,8550,-0.0271482467651367,8550,-0.0304298400878906,8550,-0.0605859756469727,8550,-0.0451955795288086,8550,-6.38693809509277,8550,-0.0917577743530273,8550,-6.85201835632324,8550,-0.0326175689697266,8550,-8.80319786071777,8550,-0.0231637954711914,8550,-0.0387105941772461,8550,-0.0998048782348633,8550,-0.0379295349121094,8550,-0.0844144821166992,8550,-0.0395708084106445
8560,-0.0931644439697266,8560,-0.0902738571166992,8560,-0.0500392913818359,8560,-0.129179954528809,8560,-0.0739459991455078,8560,-0.0937891006469727,8560,-0.101289749145508,8560,-0.0865240097045898,8560,-0.0456638336181641,8560,-0.0271482467651367,8560,-0.0304298400878906,8560,-0.0605859756469727,8560,-0.0455083847045898,8560,-6.3827977180481,8560,-0.0917577743530273,8560,-6.85272121429443,8560,-0.0326175689697266,8560,-8.79429149627686,8560,-0.0230855941772461,8560,-0.0387105941772461,8560,-0.099726676940918,8560,-0.0379295349121094,8560,-0.0844144821166992,8560,-0.0395708084106445
8570,-0.0931644439697266,8570,-0.0902738571166992,8570,-0.0498828887939453,8570,-0.129179954528809,8570,-0.0739459991455078,8570,-0.0937891006469727,8570,-0.101289749145508,8570,-0.0865240097045898,8570,-0.0456638336181641,8570,-0.0270700454711914,8570,-0.0301952362060547,8570,-0.0605077743530273,8570,-0.0455083847045898,8570,-6.3788914680481,8570,-0.0917577743530273,8570,-6.85201835632324,8570,-0.0325393676757812,8570,-8.78554153442383,8570,-0.0230855941772461,8570,-0.0386333465576172,8570,-0.099726676940918,8570,-0.0378513336181641,8570,-0.0844144821166992,8570,-0.0395708084106445
8580,-0.0931644439697266,8580,-0.0902738571166992,8580,-0.0497264862060547,8580,-0.129179954528809,8580,-0.0739459991455078,8580,-0.0937891006469727,8580,-0.101289749145508,8580,-0.0865240097045898,8580,-0.0456638336181641,8580,-0.0270700454711914,8580,-0.0301170349121094,8580,-0.0605077743530273,8580,-0.0457420349121094,8580,-6.37412548065186,8580,-0.0917577743530273,8580,-6.85045576095581,8580,-0.0325393676757812,8580,-8.78561973571777,8580,-0.0230855941772461,8580,-0.0386333465576172,8580,-0.099726676940918,8580,-0.0378513336181641,8580,-0.0844144821166992,8580,-0.0394926071166992
8590,-0.0931644439697266,8590,-0.0902738571166992,8590,-0.0495700836181641,8590,-0.129179954528809,8590,-0.0739459991455078,8590,-0.0937891006469727,8590,-0.101289749145508,8590,-0.0865240097045898,8590,-0.0455856323242188,8590,-0.0270700454711914,8590,-0.0301170349121094,8590,-0.0605077743530273,8590,-0.0453519821166992,8590,-6.37053203582764,8590,-0.0917577743530273,8590,-6.84928369522095,8590,-0.0324611663818359,8590,-8.7856969833374,8590,-0.0231637954711914,8590,-0.0385551452636719,8590,-0.0996484756469727,8590,-0.0378513336181641,8590,-0.0844144821166992,8590,-0.0394926071166992
8600,-0.0931644439697266,8600,-0.0902738571166992,8600,-0.0494146347045898,8600,-0.129179954528809,8600,-0.0739459991455078,8600,-0.0937891006469727,8600,-0.101289749145508,8600,-0.0865240097045898,8600,-0.0455856323242188,8600,-0.0270700454711914,8600,-0.0301170349121094,8600,-0.0605077743530273,8600,-0.0454301834106445,8600,-6.36748504638672,8600,-0.0917577743530273,8600,-6.84936189651489,8600,-0.0324611663818359,8600,-8.77944755554199,8600,-0.0230855941772461,8600,-0.0385551452636719,8600,-0.0996484756469727,8600,-0.0377731323242188,8600,-0.0844144821166992,8600,-0.0394144058227539
8610,-0.0931644439697266,8610,-0.0902738571166992,8610,-0.0492582321166992,8610,-0.129179954528809,8610,-0.0739459991455078,8610,-0.0937891006469727,8610,-0.101211547851562,8610,-0.0865240097045898,8610,-0.0455856323242188,8610,-0.0270700454711914,8610,-0.0301952362060547,8610,-0.0605077743530273,8610,-0.0454301834106445,8610,-6.36467266082764,8610,-0.0917577743530273,8610,-6.8505334854126,8610,-0.0324611663818359,8610,-8.76124382019043,8610,-0.0230855941772461,8610,-0.0385551452636719,8610,-0.0996484756469727,8610,-0.0377731323242188,8610,-0.0844144821166992,8610,-0.0394144058227539
8620,-0.0931644439697266,8620,-0.0902738571166992,8620,-0.0491800308227539,8620,-0.129179954528809,8620,-0.0739459991455078,8620,-0.0937891006469727,8620,-0.101289749145508,8620,-0.0866022109985352,8620,-0.0455856323242188,8620,-0.0270700454711914,8620,-0.0301952362060547,8620,-0.0605077743530273,8620,-0.0453519821166992,8620,-6.36240673065186,8620,-0.0917577743530273,8620,-6.85272121429443,8620,-0.0323829650878906,8620,-8.75265026092529,8620,-0.0230855941772461,8620,-0.0384769439697266,8620,-0.0996484756469727,8620,-0.0376958847045898,8620,-0.0843362808227539,8620,-0.0394144058227539
8630,-0.0931644439697266,8630,-0.0902738571166992,8630,-0.0490236282348633,8630,-0.129179954528809,8630,-0.0740232467651367,8630,-0.0937891006469727,8630,-0.101211547851562,8630,-0.0866022109985352,8630,-0.0455083847045898,8630,-0.0270700454711914,8630,-0.0301952362060547,8630,-0.0605077743530273,8630,-0.045039176940918,8630,-6.36006307601929,8630,-0.0917577743530273,8630,-6.85428380966187,8630,-0.0323829650878906,8630,-8.74624443054199,8630,-0.0231637954711914,8630,-0.0384769439697266,8630,-0.0995702743530273,8630,-0.0376958847045898,8630,-0.0844144821166992,8630,-0.0393362045288086
8640,-0.0931644439697266,8640,-0.0902738571166992,8640,-0.0488672256469727,8640,-0.129179954528809,8640,-0.0740232467651367,8640,-0.0937891006469727,8640,-0.101289749145508,8640,-0.0866022109985352,8640,-0.0455083847045898,8640,-0.0270700454711914,8640,-0.0301952362060547,8640,-0.0605077743530273,8640,-0.0449609756469727,8640,-6.35717248916626,8640,-0.0917577743530273,8640,-6.85412788391113,8640,-0.0323047637939453,8640,-8.75366592407227,8640,-0.0230855941772461,8640,-0.0383987426757812,8640,-0.0995702743530273,8640,-0.0376958847045898,8640,-0.0843362808227539,8640,-0.0393362045288086
8650,-0.0931644439697266,8650,-0.0902738571166992,8650,-0.048710823059082,8650,-0.129179954528809,8650,-0.0740232467651367,8650,-0.0937891006469727,8650,-0.101211547851562,8650,-0.0866022109985352,8650,-0.0455083847045898,8650,-0.0269918441772461,8650,-0.0301170349121094,8650,-0.0605077743530273,8650,-0.044804573059082,8650,-6.3541259765625,8650,-0.0918359756469727,8650,-6.85428380966187,8650,-0.0322265625,8650,-8.74765014648438,8650,-0.0230855941772461,8650,-0.0383987426757812,8650,-0.0995702743530273,8650,-0.0376176834106445,8650,-0.0843362808227539,8650,-0.0393362045288086
8660,-0.093867301940918,8660,-0.0902738571166992,8660,-0.0485544204711914,8660,-0.130195617675781,8660,-0.0740232467651367,8660,-0.0937891006469727,8660,-0.101211547851562,8660,-0.0866022109985352,8660,-0.0455083847045898,8660,-0.0269918441772461,8660,-0.0306644439697266,8660,-0.0605077743530273,8660,-0.0455856323242188,8660,-6.35029745101929,8660,-0.0925397872924805,8660,-6.85318994522095,8660,-0.0328512191772461,8660,-8.75647830963135,8660,-0.0237894058227539,8660,-0.0383205413818359,8660,-0.100117683410645,8660,-0.0376176834106445,8660,-0.0843362808227539,8660,-0.0392580032348633
8670,-0.0933990478515625,8670,-0.0902738571166992,8670,-0.0484771728515625,8670,-0.12949275970459,8670,-0.0740232467651367,8670,-0.0937891006469727,8670,-0.101211547851562,8670,-0.0866022109985352,8670,-0.0454301834106445,8670,-0.0269918441772461,8670,-0.0301170349121094,8670,-0.0605077743530273,8670,-0.0452737808227539,8670,-6.34662532806396,8670,-0.0919923782348633,8670,-6.85459613800049,8670,-0.0323047637939453,8670,-8.74069690704346,8670,-0.023320198059082,8670,-0.0383205413818359,8670,-0.099726676940918,8670,-0.0376176834106445,8670,-0.0843362808227539,8670,-0.0392580032348633
8680,-0.0933208465576172,8680,-0.0902738571166992,8680,-0.0483207702636719,8680,-0.129336357116699,8680,-0.0740232467651367,8680,-0.0937891006469727,8680,-0.101211547851562,8680,-0.0866022109985352,8680,-0.0454301834106445,8680,-0.0269918441772461,8680,-0.0300388336181641,8680,-0.0605077743530273,8680,-0.0451955795288086,8680,-6.34350061416626,8680,-0.091914176940918,8680,-6.85475254058838,8680,-0.0321483612060547,8680,-8.73374366760254,8680,-0.0232419967651367,8680,-0.0383205413818359,8680,-0.0995702743530273,8680,-0.0375394821166992,8680,-0.0843362808227539,8680,-0.0392580032348633
8690,-0.0932426452636719,8690,-0.0902738571166992,8690,-0.0481643676757812,8690,-0.129336357116699,8690,-0.0740232467651367,8690,-0.0937891006469727,8690,-0.101211547851562,8690,-0.0866804122924805,8690,-0.0454301834106445,8690,-0.0269918441772461,8690,-0.0300388336181641,8690,-0.0605077743530273,8690,-0.0453519821166992,8690,-6.33982849121094,8690,-0.091914176940918,8690,-6.85420560836792,8690,-0.0320701599121094,8690,-8.73319721221924,8690,-0.0232419967651367,8690,-0.0382423400878906,8690,-0.0995702743530273,8690,-0.0375394821166992,8690,-0.0843362808227539,8690,-0.039179801940918
8700,-0.0932426452636719,8700,-0.0902738571166992,8700,-0.0480861663818359,8700,-0.129258155822754,8700,-0.074101448059082,8700,-0.0937891006469727,8700,-0.101211547851562,8700,-0.0866804122924805,8700,-0.0454301834106445,8700,-0.0269918441772461,8700,-0.0300388336181641,8700,-0.0605077743530273,8700,-0.0455083847045898,8700,-6.33553171157837,8700,-0.091914176940918,8700,-6.85381507873535,8700,-0.0320701599121094,8700,-8.73124408721924,8700,-0.0231637954711914,8700,-0.0382423400878906,8700,-0.099492073059082,8700,-0.0375394821166992,8700,-0.0843362808227539,8700,-0.039179801940918
8710,-0.0931644439697266,8710,-0.0902738571166992,8710,-0.0479297637939453,8710,-0.129258155822754,8710,-0.074101448059082,8710,-0.0937891006469727,8710,-0.101211547851562,8710,-0.0866804122924805,8710,-0.0453519821166992,8710,-0.0269918441772461,8710,-0.0299606323242188,8710,-0.0605077743530273,8710,-0.0455083847045898,8710,-6.33193778991699,8710,-0.0918359756469727,8710,-6.85490894317627,8710,-0.0319919586181641,8710,-8.72085380554199,8710,-0.0231637954711914,8710,-0.0381641387939453,8710,-0.099492073059082,8710,-0.0374612808227539,8710,-0.0843362808227539,8710,-0.0391016006469727
8720,-0.0931644439697266,8720,-0.0902738571166992,8720,-0.0477733612060547,8720,-0.129258155822754,8720,-0.074101448059082,8720,-0.0937891006469727,8720,-0.101211547851562,8720,-0.0866804122924805,8720,-0.0453519821166992,8720,-0.0269918441772461,8720,-0.0299606323242188,8720,-0.0605077743530273,8720,-0.0452737808227539,8720,-6.32818794250488,8720,-0.0918359756469727,8720,-6.85561180114746,8720,-0.0319137573242188,8720,-8.71608734130859,8720,-0.0231637954711914,8720,-0.0381641387939453,8720,-0.0994148254394531,8720,-0.0374612808227539,8720,-0.0843362808227539,8720,-0.0391016006469727
8730,-0.0931644439697266,8730,-0.0902738571166992,8730,-0.0476951599121094,8730,-0.129258155822754,8730,-0.074101448059082,8730,-0.0937891006469727,8730,-0.101211547851562,8730,-0.0866804122924805,8730,-0.0453519821166992,8730,-0.0269918441772461,8730,-0.0299606323242188,8730,-0.0605077743530273,8730,-0.0448827743530273,8730,-6.32389116287231,8730,-0.0918359756469727,8730,-6.85576820373535,8730,-0.0318355560302734,8730,-8.71843147277832,8730,-0.0231637954711914,8730,-0.0381641387939453,8730,-0.0994148254394531,8730,-0.0374612808227539,8730,-0.0843362808227539,8730,-0.0391016006469727
8740,-0.0931644439697266,8740,-0.0902738571166992,8740,-0.0475387573242188,8740,-0.129258155822754,8740,-0.074101448059082,8740,-0.0937891006469727,8740,-0.101211547851562,8740,-0.0866804122924805,8740,-0.0453519821166992,8740,-0.0269145965576172,8740,-0.0300388336181641,8740,-0.0605077743530273,8740,-0.0449609756469727,8740,-6.31990671157837,8740,-0.0918359756469727,8740,-6.8558464050293,8740,-0.0317583084106445,8740,-8.70468139648438,8740,-0.0231637954711914,8740,-0.0380859375,8740,-0.0994148254394531,8740,-0.0373830795288086,8740,-0.0843362808227539,8740,-0.0390233993530273
8750,-0.0931644439697266,8750,-0.0902738571166992,8750,-0.0473833084106445,8750,-0.129258155822754,8750,-0.074101448059082,8750,-0.0937891006469727,8750,-0.101211547851562,8750,-0.0866804122924805,8750,-0.0452737808227539,8750,-0.0269145965576172,8750,-0.0299606323242188,8750,-0.0605859756469727,8750,-0.0454301834106445,8750,-6.31639099121094,8750,-0.0918359756469727,8750,-6.85709619522095,8750,-0.0316801071166992,8750,-8.69272804260254,8750,-0.0231637954711914,8750,-0.0380859375,8750,-0.0994148254394531,8750,-0.0373830795288086,8750,-0.0843362808227539,8750,-0.0390233993530273
8760,-0.0931644439697266,8760,-0.0902738571166992,8760,-0.0473051071166992,8760,-0.129258155822754,8760,-0.074101448059082,8760,-0.0937891006469727,8760,-0.101211547851562,8760,-0.0866804122924805,8760,-0.0452737808227539,8760,-0.0269145965576172,8760,-0.0299606323242188,8760,-0.0605859756469727,8760,-0.0452737808227539,8760,-6.31310987472534,8760,-0.0918359756469727,8760,-6.85912752151489,8760,-0.0316019058227539,8760,-8.67702484130859,8760,-0.0231637954711914,8760,-0.0380077362060547,8760,-0.0993366241455078,8760,-0.0373048782348633,8760,-0.0843362808227539,8760,-0.0390233993530273
8770,-0.0931644439697266,8770,-0.0902738571166992,8770,-0.0471487045288086,8770,-0.129258155822754,8770,-0.0741796493530273,8770,-0.0937891006469727,8770,-0.101211547851562,8770,-0.0867576599121094,8770,-0.0452737808227539,8770,-0.0269145965576172,8770,-0.0299606323242188,8770,-0.0605859756469727,8770,-0.0451955795288086,8770,-6.30896949768066,8770,-0.0918359756469727,8770,-6.85858058929443,8770,-0.0316019058227539,8770,-8.66983795166016,8770,-0.0231637954711914,8770,-0.0380077362060547,8770,-0.0993366241455078,8770,-0.0373048782348633,8770,-0.0843362808227539,8770,-0.038945198059082
8780,-0.0931644439697266,8780,-0.0902738571166992,8780,-0.0470705032348633,8780,-0.129258155822754,8780,-0.0741796493530273,8780,-0.0937891006469727,8780,-0.101211547851562,8780,-0.0867576599121094,8780,-0.0452737808227539,8780,-0.0269145965576172,8780,-0.0299606323242188,8780,-0.0605859756469727,8780,-0.0454301834106445,8780,-6.3052191734314,8780,-0.0918359756469727,8780,-6.86006498336792,8780,-0.0315237045288086,8780,-8.65460300445557,8780,-0.0231637954711914,8780,-0.0380077362060547,8780,-0.0993366241455078,8780,-0.0373048782348633,8780,-0.0843362808227539,8780,-0.038945198059082
8790,-0.0931644439697266,8790,-0.0902738571166992,8790,-0.0469141006469727,8790,-0.129258155822754,8790,-0.0741796493530273,8790,-0.0937891006469727,8790,-0.101211547851562,8790,-0.0867576599121094,8790,-0.0451955795288086,8790,-0.0269145965576172,8790,-0.0299606323242188,8790,-0.0605859756469727,8790,-0.0451173782348633,8790,-6.30162525177002,8790,-0.0918359756469727,8790,-6.8602991104126,8790,-0.0314455032348633,8790,-8.64015007019043,8790,-0.0231637954711914,8790,-0.0379295349121094,8790,-0.0992584228515625,8790,-0.0373048782348633,8790,-0.0843362808227539,8790,-0.038945198059082
8800,-0.0931644439697266,8800,-0.0902738571166992,8800,-0.0468358993530273,8800,-0.129258155822754,8800,-0.0741796493530273,8800,-0.0937891006469727,8800,-0.101211547851562,8800,-0.0867576599121094,8800,-0.0451955795288086,8800,-0.0268363952636719,8800,-0.0298824310302734,8800,-0.0605859756469727,8800,-0.0453519821166992,8800,-6.29795360565186,8800,-0.0918359756469727,8800,-6.85998725891113,8800,-0.031367301940918,8800,-8.63616561889648,8800,-0.0231637954711914,8800,-0.0379295349121094,8800,-0.0992584228515625,8800,-0.037226676940918,8800,-0.0843362808227539,8800,-0.0388669967651367
8810,-0.0931644439697266,8810,-0.0902738571166992,8810,-0.0466794967651367,8810,-0.129258155822754,8810,-0.0741796493530273,8810,-0.0937891006469727,8810,-0.101211547851562,8810,-0.0867576599121094,8810,-0.0451955795288086,8810,-0.0268363952636719,8810,-0.0298824310302734,8810,-0.0605859756469727,8810,-0.045039176940918,8810,-6.29389095306396,8810,-0.0918359756469727,8810,-6.8602991104126,8810,-0.031367301940918,8810,-8.63132190704346,8810,-0.0231637954711914,8810,-0.0379295349121094,8810,-0.0992584228515625,8810,-0.037226676940918,8810,-0.0842580795288086,8810,-0.0388669967651367
8820,-0.0931644439697266,8820,-0.0902738571166992,8820,-0.0466012954711914,8820,-0.129258155822754,8820,-0.0741796493530273,8820,-0.0937891006469727,8820,-0.101211547851562,8820,-0.0867576599121094,8820,-0.0451955795288086,8820,-0.0268363952636719,8820,-0.0298824310302734,8820,-0.0605859756469727,8820,-0.0452737808227539,8820,-6.28975009918213,8820,-0.0918359756469727,8820,-6.85951805114746,8820,-0.0312891006469727,8820,-8.62921237945557,8820,-0.0230855941772461,8820,-0.0378513336181641,8820,-0.0992584228515625,8820,-0.037226676940918,8820,-0.0842580795288086,8820,-0.0388669967651367
8830,-0.0931644439697266,8830,-0.0902738571166992,8830,-0.0464458465576172,8830,-0.129258155822754,8830,-0.0742578506469727,8830,-0.0937891006469727,8830,-0.101211547851562,8830,-0.0867576599121094,8830,-0.0451173782348633,8830,-0.0268363952636719,8830,-0.0298051834106445,8830,-0.0605859756469727,8830,-0.045039176940918,8830,-6.28553152084351,8830,-0.0918359756469727,8830,-6.85998725891113,8830,-0.0312891006469727,8830,-8.61686897277832,8830,-0.0230855941772461,8830,-0.0378513336181641,8830,-0.0991802215576172,8830,-0.0371484756469727,8830,-0.0842580795288086,8830,-0.0387887954711914
8840,-0.0931644439697266,8840,-0.0902738571166992,8840,-0.0463676452636719,8840,-0.129258155822754,8840,-0.0742578506469727,8840,-0.0937891006469727,8840,-0.101211547851562,8840,-0.0867576599121094,8840,-0.0451173782348633,8840,-0.0268363952636719,8840,-0.0298051834106445,8840,-0.0605859756469727,8840,-0.0451173782348633,8840,-6.2810001373291,8840,-0.091914176940918,8840,-6.85943984985352,8840,-0.0312108993530273,8840,-8.61108779907227,8840,-0.0230855941772461,8840,-0.0378513336181641,8840,-0.0991802215576172,8840,-0.0371484756469727,8840,-0.0842580795288086,8840,-0.0387887954711914
8850,-0.0931644439697266,8850,-0.0902738571166992,8850,-0.0462894439697266,8850,-0.129258155822754,8850,-0.0742578506469727,8850,-0.0937891006469727,8850,-0.101211547851562,8850,-0.0868358612060547,8850,-0.0451173782348633,8850,-0.0268363952636719,8850,-0.0298051834106445,8850,-0.0605859756469727,8850,-0.0451173782348633,8850,-6.27600002288818,8850,-0.091914176940918,8850,-6.85928392410278,8850,-0.0312108993530273,8850,-8.60194683074951,8850,-0.0231637954711914,8850,-0.0377731323242188,8850,-0.0991802215576172,8850,-0.0371484756469727,8850,-0.0842580795288086,8850,-0.0387887954711914
8860,-0.0931644439697266,8860,-0.0902738571166992,8860,-0.0461330413818359,8860,-0.129258155822754,8860,-0.0742578506469727,8860,-0.0937891006469727,8860,-0.101211547851562,8860,-0.0868358612060547,8860,-0.045039176940918,8860,-0.0268363952636719,8860,-0.0297269821166992,8860,-0.0605859756469727,8860,-0.045039176940918,8860,-6.27107810974121,8860,-0.091914176940918,8860,-6.85873699188232,8860,-0.031132698059082,8860,-8.59389972686768,8860,-0.0231637954711914,8860,-0.0377731323242188,8860,-0.0991802215576172,8860,-0.0370702743530273,8860,-0.0842580795288086,8860,-0.0387887954711914
8870,-0.0931644439697266,8870,-0.0902738571166992,8870,-0.0460548400878906,8870,-0.129258155822754,8870,-0.0742578506469727,8870,-0.0937891006469727,8870,-0.101211547851562,8870,-0.0868358612060547,8870,-0.045039176940918,8870,-0.0268363952636719,8870,-0.0297269821166992,8870,-0.0605859756469727,8870,-0.045039176940918,8870,-6.26600027084351,8870,-0.091914176940918,8870,-6.85850238800049,8870,-0.031132698059082,8870,-8.57850933074951,8870,-0.0230855941772461,8870,-0.0377731323242188,8870,-0.0991802215576172,8870,-0.0370702743530273,8870,-0.0842580795288086,8870,-0.0387105941772461
8880,-0.0931644439697266,8880,-0.0902738571166992,8880,-0.0459766387939453,8880,-0.129258155822754,8880,-0.0742578506469727,8880,-0.0937891006469727,8880,-0.101211547851562,8880,-0.0868358612060547,8880,-0.045039176940918,8880,-0.0268363952636719,8880,-0.0297269821166992,8880,-0.0605859756469727,8880,-0.0452737808227539,8880,-6.26107835769653,8880,-0.091914176940918,8880,-6.85858058929443,8880,-0.031132698059082,8880,-8.55960273742676,8880,-0.0230855941772461,8880,-0.0376958847045898,8880,-0.0991020202636719,8880,-0.0370702743530273,8880,-0.0842580795288086,8880,-0.0387105941772461
8890,-0.0931644439697266,8890,-0.0902738571166992,8890,-0.0458202362060547,8890,-0.129258155822754,8890,-0.074336051940918,8890,-0.0937891006469727,8890,-0.101211547851562,8890,-0.0868358612060547,8890,-0.045039176940918,8890,-0.0267581939697266,8890,-0.0297269821166992,8890,-0.0605859756469727,8890,-0.0452737808227539,8890,-6.25639057159424,8890,-0.091914176940918,8890,-6.85819005966187,8890,-0.0310544967651367,8890,-8.54249382019043,8890,-0.0230855941772461,8890,-0.0376958847045898,8890,-0.0991020202636719,8890,-0.036992073059082,8890,-0.0842580795288086,8890,-0.0387105941772461
8900,-0.0931644439697266,8900,-0.0902738571166992,8900,-0.0457420349121094,8900,-0.129258155822754,8900,-0.074336051940918,8900,-0.0937891006469727,8900,-0.101211547851562,8900,-0.0868358612060547,8900,-0.045039176940918,8900,-0.0267581939697266,8900,-0.0297269821166992,8900,-0.0605859756469727,8900,-0.0452737808227539,8900,-6.25084400177002,8900,-0.091914176940918,8900,-6.85725259780884,8900,-0.0310544967651367,8900,-8.53530597686768,8900,-0.0230855941772461,8900,-0.0376176834106445,8900,-0.0991020202636719,8900,-0.036992073059082,8900,-0.0842580795288086,8900,-0.0386333465576172
8910,-0.0931644439697266,8910,-0.0903520584106445,8910,-0.0456638336181641,8910,-0.129258155822754,8910,-0.074336051940918,8910,-0.0937891006469727,8910,-0.101211547851562,8910,-0.0868358612060547,8910,-0.0449609756469727,8910,-0.0267581939697266,8910,-0.0297269821166992,8910,-0.060664176940918,8910,-0.0452737808227539,8910,-6.24498462677002,8910,-0.091914176940918,8910,-6.85740852355957,8910,-0.0309762954711914,8910,-8.51468086242676,8910,-0.0230855941772461,8910,-0.0376176834106445,8910,-0.0991020202636719,8910,-0.036992073059082,8910,-0.0842580795288086,8910,-0.0386333465576172
8920,-0.0931644439697266,8920,-0.0903520584106445,8920,-0.0455856323242188,8920,-0.129258155822754,8920,-0.074336051940918,8920,-0.0937891006469727,8920,-0.101133346557617,8920,-0.0868358612060547,8920,-0.0449609756469727,8920,-0.0267581939697266,8920,-0.0297269821166992,8920,-0.060664176940918,8920,-0.0451173782348633,8920,-6.23943758010864,8920,-0.091914176940918,8920,-6.85748672485352,8920,-0.0309762954711914,8920,-8.49624347686768,8920,-0.0230855941772461,8920,-0.0376176834106445,8920,-0.0990238189697266,8920,-0.036992073059082,8920,-0.0842580795288086,8920,-0.0386333465576172
8930,-0.0931644439697266,8930,-0.0903520584106445,8930,-0.0454301834106445,8930,-0.129258155822754,8930,-0.074336051940918,8930,-0.0937891006469727,8930,-0.101133346557617,8930,-0.0868358612060547,8930,-0.0449609756469727,8930,-0.0267581939697266,8930,-0.0296487808227539,8930,-0.060664176940918,8930,-0.045039176940918,8930,-6.23365640640259,8930,-0.091914176940918,8930,-6.85740852355957,8930,-0.0308980941772461,8930,-8.48038387298584,8930,-0.0230855941772461,8930,-0.0375394821166992,8930,-0.0990238189697266,8930,-0.0369138717651367,8930,-0.0842580795288086,8930,-0.0385551452636719
8940,-0.0931644439697266,8940,-0.0903520584106445,8940,-0.0453519821166992,8940,-0.129258155822754,8940,-0.074336051940918,8940,-0.0937891006469727,8940,-0.101133346557617,8940,-0.0869140625,8940,-0.0448827743530273,8940,-0.0267581939697266,8940,-0.0296487808227539,8940,-0.060664176940918,8940,-0.044804573059082,8940,-6.2276406288147,8940,-0.091914176940918,8940,-6.85615873336792,8940,-0.0308980941772461,8940,-8.4691333770752,8940,-0.0230855941772461,8940,-0.0375394821166992,8940,-0.0990238189697266,8940,-0.0369138717651367,8940,-0.0842580795288086,8940,-0.0385551452636719
8950,-0.0931644439697266,8950,-0.0903520584106445,8950,-0.0452737808227539,8950,-0.129258155822754,8950,-0.0744142532348633,8950,-0.0937891006469727,8950,-0.101133346557617,8950,-0.0869140625,8950,-0.0448827743530273,8950,-0.0267581939697266,8950,-0.0296487808227539,8950,-0.060664176940918,8950,-0.0445699691772461,8950,-6.22201585769653,8950,-0.091914176940918,8950,-6.85592460632324,8950,-0.0308208465576172,8950,-8.45194625854492,8950,-0.0230855941772461,8950,-0.0375394821166992,8950,-0.0990238189697266,8950,-0.0369138717651367,8950,-0.0842580795288086,8950,-0.0385551452636719
8960,-0.0931644439697266,8960,-0.0903520584106445,8960,-0.0451955795288086,8960,-0.129258155822754,8960,-0.0744142532348633,8960,-0.0937891006469727,8960,-0.101133346557617,8960,-0.0869140625,8960,-0.0448827743530273,8960,-0.0266799926757812,8960,-0.0297269821166992,8960,-0.060664176940918,8960,-0.0451173782348633,8960,-6.21623468399048,8960,-0.091914176940918,8960,-6.85483074188232,8960,-0.0308208465576172,8960,-8.44147682189941,8960,-0.0230855941772461,8960,-0.0374612808227539,8960,-0.0990238189697266,8960,-0.0368356704711914,8960,-0.0842580795288086,8960,-0.0384769439697266
8970,-0.0931644439697266,8970,-0.0903520584106445,8970,-0.0451173782348633,8970,-0.129258155822754,8970,-0.0744142532348633,8970,-0.0937891006469727,8970,-0.101133346557617,8970,-0.0869140625,8970,-0.0448827743530273,8970,-0.0266799926757812,8970,-0.0297269821166992,8970,-0.060664176940918,8970,-0.0451955795288086,8970,-6.21053123474121,8970,-0.091914176940918,8970,-6.85467433929443,8970,-0.0308208465576172,8970,-8.42960262298584,8970,-0.0230855941772461,8970,-0.0374612808227539,8970,-0.0989456176757812,8970,-0.0368356704711914,8970,-0.0842580795288086,8970,-0.0384769439697266
8980,-0.0931644439697266,8980,-0.0903520584106445,8980,-0.0449609756469727,8980,-0.129258155822754,8980,-0.0744142532348633,8980,-0.0937891006469727,8980,-0.101133346557617,8980,-0.0869140625,8980,-0.044804573059082,8980,-0.0266799926757812,8980,-0.0297269821166992,8980,-0.060664176940918,8980,-0.0449609756469727,8980,-6.20506238937378,8980,-0.091914176940918,8980,-6.85326814651489,8980,-0.0307426452636719,8980,-8.42249298095703,8980,-0.0230855941772461,8980,-0.0374612808227539,8980,-0.0989456176757812,8980,-0.0368356704711914,8980,-0.0842580795288086,8980,-0.0384769439697266
8990,-0.0931644439697266,8990,-0.0903520584106445,8990,-0.0448827743530273,8990,-0.129179954528809,8990,-0.0744142532348633,8990,-0.0937891006469727,8990,-0.101133346557617,8990,-0.0869140625,8990,-0.044804573059082,8990,-0.0266799926757812,8990,-0.0298824310302734,8990,-0.060664176940918,8990,-0.0448827743530273,8990,-6.19920301437378,8990,-0.091914176940918,8990,-6.85131502151489,8990,-0.0306644439697266,8990,-8.41389942169189,8990,-0.0230855941772461,8990,-0.0373830795288086,8990,-0.0989456176757812,8990,-0.0367574691772461,8990,-0.0842580795288086,8990,-0.0384769439697266
9000,-0.0931644439697266,9000,-0.0903520584106445,9000,-0.044804573059082,9000,-0.129179954528809,9000,-0.0744142532348633,9000,-0.0937891006469727,9000,-0.101133346557617,9000,-0.0869140625,9000,-0.044804573059082,9000,-0.0266799926757812,9000,-0.0298051834106445,9000,-0.060664176940918,9000,-0.0447263717651367,9000,-6.19256258010864,9000,-0.091914176940918,9000,-6.84951782226562,9000,-0.0306644439697266,9000,-8.41593074798584,9000,-0.0230855941772461,9000,-0.0373830795288086,9000,-0.0989456176757812,9000,-0.0367574691772461,9000,-0.0842580795288086,9000,-0.0383987426757812
9010,-0.0931644439697266,9010,-0.0903520584106445,9010,-0.0447263717651367,9010,-0.129179954528809,9010,-0.0744142532348633,9010,-0.0937891006469727,9010,-0.101133346557617,9010,-0.0869140625,9010,-0.044804573059082,9010,-0.0266799926757812,9010,-0.0297269821166992,9010,-0.060664176940918,9010,-0.0451955795288086,9010,-6.18623447418213,9010,-0.091914176940918,9010,-6.8485803604126,9010,-0.0305862426757812,9010,-8.41217994689941,9010,-0.0230855941772461,9010,-0.0373830795288086,9010,-0.0988674163818359,9010,-0.0367574691772461,9010,-0.0842580795288086,9010,-0.0383987426757812
9020,-0.0931644439697266,9020,-0.0903520584106445,9020,-0.0446481704711914,9020,-0.129179954528809,9020,-0.0744924545288086,9020,-0.0937891006469727,9020,-0.101133346557617,9020,-0.0869140625,9020,-0.0447263717651367,9020,-0.0266799926757812,9020,-0.0297269821166992,9020,-0.060664176940918,9020,-0.0453519821166992,9020,-6.18006229400635,9020,-0.091914176940918,9020,-6.84600257873535,9020,-0.0305080413818359,9020,-8.40678977966309,9020,-0.0230855941772461,9020,-0.0373048782348633,9020,-0.0988674163818359,9020,-0.0367574691772461,9020,-0.0842580795288086,9020,-0.0383987426757812
9030,-0.0931644439697266,9030,-0.0903520584106445,9030,-0.0445699691772461,9030,-0.129258155822754,9030,-0.0744924545288086,9030,-0.0937891006469727,9030,-0.101133346557617,9030,-0.0869140625,9030,-0.0447263717651367,9030,-0.0266799926757812,9030,-0.0297269821166992,9030,-0.060664176940918,9030,-0.0455856323242188,9030,-6.17365598678589,9030,-0.091914176940918,9030,-6.84365844726562,9030,-0.0305080413818359,9030,-8.39163303375244,9030,-0.0230855941772461,9030,-0.0373048782348633,9030,-0.0988674163818359,9030,-0.0366802215576172,9030,-0.0842580795288086,9030,-0.0383205413818359
9040,-0.0931644439697266,9040,-0.0903520584106445,9040,-0.0444927215576172,9040,-0.129179954528809,9040,-0.0744924545288086,9040,-0.0937891006469727,9040,-0.101133346557617,9040,-0.0869140625,9040,-0.0447263717651367,9040,-0.0266017913818359,9040,-0.0296487808227539,9040,-0.0607423782348633,9040,-0.0455856323242188,9040,-6.16725015640259,9040,-0.091914176940918,9040,-6.84115886688232,9040,-0.0304298400878906,9040,-8.38100814819336,9040,-0.0230855941772461,9040,-0.0373048782348633,9040,-0.0988674163818359,9040,-0.0366802215576172,9040,-0.0842580795288086,9040,-0.0383205413818359
9050,-0.0931644439697266,9050,-0.0903520584106445,9050,-0.0444145202636719,9050,-0.129179954528809,9050,-0.0744924545288086,9050,-0.0937891006469727,9050,-0.101133346557617,9050,-0.0869922637939453,9050,-0.0447263717651367,9050,-0.0266017913818359,9050,-0.0295705795288086,9050,-0.0607423782348633,9050,-0.0458202362060547,9050,-6.16068744659424,9050,-0.091914176940918,9050,-6.83873653411865,9050,-0.0303516387939453,9050,-8.36593055725098,9050,-0.0230855941772461,9050,-0.0373048782348633,9050,-0.0988674163818359,9050,-0.0366802215576172,9050,-0.0842580795288086,9050,-0.0383205413818359
9060,-0.0931644439697266,9060,-0.0903520584106445,9060,-0.0443363189697266,9060,-0.129179954528809,9060,-0.0744924545288086,9060,-0.0937891006469727,9060,-0.101133346557617,9060,-0.0869922637939453,9060,-0.0446481704711914,9060,-0.0266017913818359,9060,-0.0295705795288086,9060,-0.0607423782348633,9060,-0.0458202362060547,9060,-6.15412473678589,9060,-0.0919923782348633,9060,-6.83615875244141,9060,-0.0303516387939453,9060,-8.35530471801758,9060,-0.0230855941772461,9060,-0.037226676940918,9060,-0.0988674163818359,9060,-0.0366020202636719,9060,-0.0842580795288086,9060,-0.0383205413818359
9070,-0.0931644439697266,9070,-0.0903520584106445,9070,-0.0442581176757812,9070,-0.129179954528809,9070,-0.0745706558227539,9070,-0.0937891006469727,9070,-0.101133346557617,9070,-0.0869922637939453,9070,-0.0446481704711914,9070,-0.0266017913818359,9070,-0.0295705795288086,9070,-0.0607423782348633,9070,-0.0455083847045898,9070,-6.14787483215332,9070,-0.0919923782348633,9070,-6.83483028411865,9070,-0.0302734375,9070,-8.33803939819336,9070,-0.0230855941772461,9070,-0.037226676940918,9070,-0.0987892150878906,9070,-0.0366020202636719,9070,-0.0842580795288086,9070,-0.0382423400878906
9080,-0.0931644439697266,9080,-0.0903520584106445,9080,-0.0441799163818359,9080,-0.129179954528809,9080,-0.0745706558227539,9080,-0.0937891006469727,9080,-0.101133346557617,9080,-0.0869922637939453,9080,-0.0446481704711914,9080,-0.0266017913818359,9080,-0.0295705795288086,9080,-0.0607423782348633,9080,-0.0457420349121094,9080,-6.14162492752075,9080,-0.0919923782348633,9080,-6.83186149597168,9080,-0.0302734375,9080,-8.32139873504639,9080,-0.0230855941772461,9080,-0.037226676940918,9080,-0.0987892150878906,9080,-0.0366020202636719,9080,-0.0842580795288086,9080,-0.0382423400878906
9090,-0.0931644439697266,9090,-0.0903520584106445,9090,-0.0441017150878906,9090,-0.129179954528809,9090,-0.0745706558227539,9090,-0.0937891006469727,9090,-0.101133346557617,9090,-0.0869922637939453,9090,-0.0446481704711914,9090,-0.0266017913818359,9090,-0.0295705795288086,9090,-0.0607423782348633,9090,-0.0462112426757812,9090,-6.13560914993286,9090,-0.0919923782348633,9090,-6.82928371429443,9090,-0.0301952362060547,9090,-8.3088207244873,9090,-0.0230855941772461,9090,-0.0371484756469727,9090,-0.0987892150878906,9090,-0.0365238189697266,9090,-0.0842580795288086,9090,-0.0382423400878906
9100,-0.0931644439697266,9100,-0.0903520584106445,9100,-0.0440235137939453,9100,-0.129179954528809,9100,-0.0745706558227539,9100,-0.0937891006469727,9100,-0.101133346557617,9100,-0.0869922637939453,9100,-0.0445699691772461,9100,-0.0266017913818359,9100,-0.0295705795288086,9100,-0.0607423782348633,9100,-0.0461330413818359,9100,-6.12904644012451,9100,-0.0919923782348633,9100,-6.82662773132324,9100,-0.0301952362060547,9100,-8.30374240875244,9100,-0.0230855941772461,9100,-0.0371484756469727,9100,-0.0987892150878906,9100,-0.0365238189697266,9100,-0.0842580795288086,9100,-0.0382423400878906
9110,-0.0931644439697266,9110,-0.0903520584106445,9110,-0.0439453125,9110,-0.129179954528809,9110,-0.0745706558227539,9110,-0.0937891006469727,9110,-0.101133346557617,9110,-0.0869922637939453,9110,-0.0445699691772461,9110,-0.0266017913818359,9110,-0.0295705795288086,9110,-0.0607423782348633,9110,-0.0461330413818359,9110,-6.12217140197754,9110,-0.0919923782348633,9110,-6.8226432800293,9110,-0.0301170349121094,9110,-8.29311752319336,9110,-0.0230855941772461,9110,-0.0371484756469727,9110,-0.0987892150878906,9110,-0.0365238189697266,9110,-0.0842580795288086,9110,-0.0381641387939453
9120,-0.0931644439697266,9120,-0.0903520584106445,9120,-0.0438671112060547,9120,-0.129179954528809,9120,-0.0745706558227539,9120,-0.0937891006469727,9120,-0.101133346557617,9120,-0.0869922637939453,9120,-0.0445699691772461,9120,-0.0266017913818359,9120,-0.0295705795288086,9120,-0.0607423782348633,9120,-0.0460548400878906,9120,-6.11514043807983,9120,-0.0919923782348633,9120,-6.81943988800049,9120,-0.0301170349121094,9120,-8.28624248504639,9120,-0.0230855941772461,9120,-0.0370702743530273,9120,-0.0987892150878906,9120,-0.0365238189697266,9120,-0.0842580795288086,9120,-0.0381641387939453
9130,-0.0931644439697266,9130,-0.0903520584106445,9130,-0.0437889099121094,9130,-0.129179954528809,9130,-0.0746488571166992,9130,-0.0937891006469727,9130,-0.101133346557617,9130,-0.0869922637939453,9130,-0.0445699691772461,9130,-0.0266017913818359,9130,-0.0295705795288086,9130,-0.0607423782348633,9130,-0.0462112426757812,9130,-6.10803079605103,9130,-0.0919923782348633,9130,-6.81608057022095,9130,-0.0300388336181641,9130,-8.28960132598877,9130,-0.0230855941772461,9130,-0.0370702743530273,9130,-0.0987110137939453,9130,-0.0364456176757812,9130,-0.0842580795288086,9130,-0.0381641387939453
9140,-0.0931644439697266,9140,-0.0903520584106445,9140,-0.0437107086181641,9140,-0.129179954528809,9140,-0.0746488571166992,9140,-0.0937891006469727,9140,-0.101133346557617,9140,-0.0869922637939453,9140,-0.0444927215576172,9140,-0.0265235900878906,9140,-0.0295705795288086,9140,-0.0607423782348633,9140,-0.0461330413818359,9140,-6.10115575790405,9140,-0.0919923782348633,9140,-6.8128776550293,9140,-0.0300388336181641,9140,-8.2855396270752,9140,-0.0230855941772461,9140,-0.0370702743530273,9140,-0.0987110137939453,9140,-0.0364456176757812,9140,-0.0842580795288086,9140,-0.0380859375
9150,-0.0931644439697266,9150,-0.0903520584106445,9150,-0.0436325073242188,9150,-0.129179954528809,9150,-0.0746488571166992,9150,-0.0937891006469727,9150,-0.101133346557617,9150,-0.0870704650878906,9150,-0.0444927215576172,9150,-0.0265235900878906,9150,-0.0295705795288086,9150,-0.0608205795288086,9150,-0.0459766387939453,9150,-6.09498405456543,9150,-0.0919923782348633,9150,-6.80990886688232,9150,-0.0300388336181641,9150,-8.28335189819336,9150,-0.0230855941772461,9150,-0.036992073059082,9150,-0.0987110137939453,9150,-0.0364456176757812,9150,-0.0842580795288086,9150,-0.0380859375
9160,-0.0931644439697266,9160,-0.0903520584106445,9160,-0.0435552597045898,9160,-0.129179954528809,9160,-0.0746488571166992,9160,-0.0937891006469727,9160,-0.101133346557617,9160,-0.0870704650878906,9160,-0.0444927215576172,9160,-0.0265235900878906,9160,-0.0296487808227539,9160,-0.0608205795288086,9160,-0.0458984375,9160,-6.08865594863892,9160,-0.0919923782348633,9160,-6.80826807022095,9160,-0.0300388336181641,9160,-8.27327346801758,9160,-0.0230855941772461,9160,-0.036992073059082,9160,-0.0987110137939453,9160,-0.0364456176757812,9160,-0.0842580795288086,9160,-0.0380859375
9170,-0.0931644439697266,9170,-0.0903520584106445,9170,-0.0434770584106445,9170,-0.129179954528809,9170,-0.0746488571166992,9170,-0.0937891006469727,9170,-0.101133346557617,9170,-0.0870704650878906,9170,-0.0444927215576172,9170,-0.0265235900878906,9170,-0.0295705795288086,9170,-0.0608205795288086,9170,-0.0459766387939453,9170,-6.08178091049194,9170,-0.0919923782348633,9170,-6.80584621429443,9170,-0.0299606323242188,9170,-8.25546073913574,9170,-0.0230855941772461,9170,-0.036992073059082,9170,-0.0987110137939453,9170,-0.0363674163818359,9170,-0.0842580795288086,9170,-0.0380859375
9180,-0.0931644439697266,9180,-0.0903520584106445,9180,-0.0433988571166992,9180,-0.129179954528809,9180,-0.0746488571166992,9180,-0.0937891006469727,9180,-0.101133346557617,9180,-0.0870704650878906,9180,-0.0444145202636719,9180,-0.0265235900878906,9180,-0.0295705795288086,9180,-0.0608205795288086,9180,-0.0458984375,9180,-6.07443714141846,9180,-0.0919923782348633,9180,-6.80209636688232,9180,-0.0299606323242188,9180,-8.24022674560547,9180,-0.0230855941772461,9180,-0.0369138717651367,9180,-0.0986328125,9180,-0.0363674163818359,9180,-0.0842580795288086,9180,-0.0380077362060547
9190,-0.0931644439697266,9190,-0.0903520584106445,9190,-0.0433988571166992,9190,-0.129179954528809,9190,-0.0747270584106445,9190,-0.0937891006469727,9190,-0.101133346557617,9190,-0.0870704650878906,9190,-0.0444145202636719,9190,-0.0265235900878906,9190,-0.0294923782348633,9190,-0.0608205795288086,9190,-0.0458984375,9190,-6.06693696975708,9190,-0.0919923782348633,9190,-6.79709625244141,9190,-0.0298824310302734,9190,-8.22858619689941,9190,-0.0230855941772461,9190,-0.0369138717651367,9190,-0.0986328125,9190,-0.0363674163818359,9190,-0.0842580795288086,9190,-0.0380077362060547
9200,-0.0932426452636719,9200,-0.0903520584106445,9200,-0.0433206558227539,9200,-0.129179954528809,9200,-0.0747270584106445,9200,-0.0937891006469727,9200,-0.101133346557617,9200,-0.0870704650878906,9200,-0.0444145202636719,9200,-0.0265235900878906,9200,-0.0295705795288086,9200,-0.0608205795288086,9200,-0.0460548400878906,9200,-6.0588903427124,9200,-0.0919923782348633,9200,-6.79381465911865,9200,-0.0298824310302734,9200,-8.21444511413574,9200,-0.0230855941772461,9200,-0.0369138717651367,9200,-0.0986328125,9200,-0.0362892150878906,9200,-0.0842580795288086,9200,-0.0380077362060547
9210,-0.0932426452636719,9210,-0.0903520584106445,9210,-0.0432424545288086,9210,-0.129179954528809,9210,-0.0747270584106445,9210,-0.0937891006469727,9210,-0.101133346557617,9210,-0.0870704650878906,9210,-0.0444145202636719,9210,-0.0265235900878906,9210,-0.0294923782348633,9210,-0.0608205795288086,9210,-0.0459766387939453,9210,-6.05139017105103,9210,-0.0919923782348633,9210,-6.790611743927,9210,-0.0298824310302734,9210,-8.20085144042969,9210,-0.0230855941772461,9210,-0.0369138717651367,9210,-0.0986328125,9210,-0.0362892150878906,9210,-0.0842580795288086,9210,-0.0380077362060547
9220,-0.0932426452636719,9220,-0.0903520584106445,9220,-0.0431642532348633,9220,-0.129179954528809,9220,-0.0747270584106445,9220,-0.0937891006469727,9220,-0.101133346557617,9220,-0.0870704650878906,9220,-0.0444145202636719,9220,-0.0265235900878906,9220,-0.0295705795288086,9220,-0.0608205795288086,9220,-0.0459766387939453,9220,-6.04396820068359,9220,-0.0920705795288086,9220,-6.78795528411865,9220,-0.0298051834106445,9220,-8.17866325378418,9220,-0.0230855941772461,9220,-0.0368356704711914,9220,-0.0986328125,9220,-0.0362892150878906,9220,-0.0842580795288086,9220,-0.0379295349121094
9230,-0.0932426452636719,9230,-0.0903520584106445,9230,-0.043086051940918,9230,-0.129179954528809,9230,-0.0747270584106445,9230,-0.0937891006469727,9230,-0.101133346557617,9230,-0.0870704650878906,9230,-0.0443363189697266,9230,-0.0265235900878906,9230,-0.0295705795288086,9230,-0.0608987808227539,9230,-0.0458202362060547,9230,-6.03646802902222,9230,-0.0920705795288086,9230,-6.78444004058838,9230,-0.0298051834106445,9230,-8.16335105895996,9230,-0.0230855941772461,9230,-0.0368356704711914,9230,-0.0986328125,9230,-0.0362892150878906,9230,-0.0842580795288086,9230,-0.0379295349121094
9240,-0.0932426452636719,9240,-0.0903520584106445,9240,-0.0430078506469727,9240,-0.129179954528809,9240,-0.0747270584106445,9240,-0.0937891006469727,9240,-0.101133346557617,9240,-0.0870704650878906,9240,-0.0443363189697266,9240,-0.0265235900878906,9240,-0.0294923782348633,9240,-0.0608987808227539,9240,-0.0457420349121094,9240,-6.028968334198,9240,-0.0920705795288086,9240,-6.78170537948608,9240,-0.0298051834106445,9240,-8.14921092987061,9240,-0.0230855941772461,9240,-0.0368356704711914,9240,-0.0985546112060547,9240,-0.0362110137939453,9240,-0.0842580795288086,9240,-0.0379295349121094
9250,-0.0932426452636719,9250,-0.0903520584106445,9250,-0.0430078506469727,9250,-0.129179954528809,9250,-0.0748052597045898,9250,-0.0937891006469727,9250,-0.101133346557617,9250,-0.0870704650878906,9250,-0.0443363189697266,9250,-0.0264453887939453,9250,-0.0294923782348633,9250,-0.0608987808227539,9250,-0.0456638336181641,9250,-6.0223274230957,9250,-0.0920705795288086,9250,-6.77811145782471,9250,-0.0297269821166992,9250,-8.14053916931152,9250,-0.0230855941772461,9250,-0.0367574691772461,9250,-0.0985546112060547,9250,-0.0362110137939453,9250,-0.0842580795288086,9250,-0.0379295349121094
9260,-0.0932426452636719,9260,-0.0903520584106445,9260,-0.0429296493530273,9260,-0.129179954528809,9260,-0.0748052597045898,9260,-0.0937891006469727,9260,-0.101133346557617,9260,-0.0870704650878906,9260,-0.0442581176757812,9260,-0.0264453887939453,9260,-0.0294923782348633,9260,-0.0608987808227539,9260,-0.0457420349121094,9260,-6.01498365402222,9260,-0.0920705795288086,9260,-6.77443981170654,9260,-0.0296487808227539,9260,-8.12655448913574,9260,-0.0230855941772461,9260,-0.0367574691772461,9260,-0.0985546112060547,9260,-0.0362110137939453,9260,-0.0842580795288086,9260,-0.0378513336181641
9270,-0.0932426452636719,9270,-0.0903520584106445,9270,-0.042851448059082,9270,-0.129101753234863,9270,-0.0748052597045898,9270,-0.0937891006469727,9270,-0.101133346557617,9270,-0.0871486663818359,9270,-0.0442581176757812,9270,-0.0264453887939453,9270,-0.0294923782348633,9270,-0.0608987808227539,9270,-0.0458984375,9270,-6.00810861587524,9270,-0.0920705795288086,9270,-6.77076816558838,9270,-0.0296487808227539,9270,-8.11460113525391,9270,-0.0230855941772461,9270,-0.0367574691772461,9270,-0.0985546112060547,9270,-0.0362110137939453,9270,-0.0842580795288086,9270,-0.0378513336181641
9280,-0.0932426452636719,9280,-0.0904302597045898,9280,-0.0427732467651367,9280,-0.129101753234863,9280,-0.0748052597045898,9280,-0.0937891006469727,9280,-0.101133346557617,9280,-0.0871486663818359,9280,-0.0442581176757812,9280,-0.0264453887939453,9280,-0.029414176940918,9280,-0.0608987808227539,9280,-0.0459766387939453,9280,-6.00154638290405,9280,-0.0920705795288086,9280,-6.76865863800049,9280,-0.0295705795288086,9280,-8.11077308654785,9280,-0.0230855941772461,9280,-0.0367574691772461,9280,-0.0985546112060547,9280,-0.0361328125,9280,-0.0842580795288086,9280,-0.0378513336181641
9290,-0.0932426452636719,9290,-0.0903520584106445,9290,-0.0426950454711914,9290,-0.129101753234863,9290,-0.0748052597045898,9290,-0.0937891006469727,9290,-0.101133346557617,9290,-0.0871486663818359,9290,-0.0442581176757812,9290,-0.0264453887939453,9290,-0.029414176940918,9290,-0.0608987808227539,9290,-0.0460548400878906,9290,-5.99537420272827,9290,-0.0920705795288086,9290,-6.76693964004517,9290,-0.0295705795288086,9290,-8.0957727432251,9290,-0.0230855941772461,9290,-0.0366802215576172,9290,-0.0984773635864258,9290,-0.0361328125,9290,-0.0842580795288086,9290,-0.0377731323242188
9300,-0.0932426452636719,9300,-0.0903520584106445,9300,-0.0426950454711914,9300,-0.129101753234863,9300,-0.0748052597045898,9300,-0.0937891006469727,9300,-0.101055145263672,9300,-0.0871486663818359,9300,-0.0441799163818359,9300,-0.0264453887939453,9300,-0.029414176940918,9300,-0.0608987808227539,9300,-0.0462112426757812,9300,-5.98842096328735,9300,-0.0920705795288086,9300,-6.76537704467773,9300,-0.0294923782348633,9300,-8.08256912231445,9300,-0.0230855941772461,9300,-0.0366802215576172,9300,-0.0984773635864258,9300,-0.0361328125,9300,-0.0842580795288086,9300,-0.0377731323242188
9310,-0.0932426452636719,9310,-0.0903520584106445,9310,-0.0426168441772461,9310,-0.129101753234863,9310,-0.0748052597045898,9310,-0.0937891006469727,9310,-0.101055145263672,9310,-0.0871486663818359,9310,-0.0441799163818359,9310,-0.0264453887939453,9310,-0.029414176940918,9310,-0.0609769821166992,9310,-0.0464458465576172,9310,-5.98209285736084,9310,-0.0920705795288086,9310,-6.7645959854126,9310,-0.0294923782348633,9310,-8.08077239990234,9310,-0.0230855941772461,9310,-0.0366802215576172,9310,-0.0984773635864258,9310,-0.0360546112060547,9310,-0.0842580795288086,9310,-0.0377731323242188
9320,-0.0932426452636719,9320,-0.0904302597045898,9320,-0.0425395965576172,9320,-0.129101753234863,9320,-0.0748834609985352,9320,-0.0937891006469727,9320,-0.101055145263672,9320,-0.0871486663818359,9320,-0.0441799163818359,9320,-0.0264453887939453,9320,-0.029414176940918,9320,-0.0609769821166992,9320,-0.0462894439697266,9320,-5.97560834884644,9320,-0.0920705795288086,9320,-6.76350212097168,9320,-0.029414176940918,9320,-8.06600761413574,9320,-0.0230855941772461,9320,-0.0366020202636719,9320,-0.0984773635864258,9320,-0.0360546112060547,9320,-0.0842580795288086,9320,-0.0377731323242188
9330,-0.0932426452636719,9330,-0.0904302597045898,9330,-0.0424613952636719,9330,-0.129101753234863,9330,-0.0748834609985352,9330,-0.0937891006469727,9330,-0.101055145263672,9330,-0.0871486663818359,9330,-0.0441799163818359,9330,-0.0264453887939453,9330,-0.0293359756469727,9330,-0.0609769821166992,9330,-0.0463676452636719,9330,-5.96912431716919,9330,-0.0920705795288086,9330,-6.76225185394287,9330,-0.029414176940918,9330,-8.05241298675537,9330,-0.0230855941772461,9330,-0.0366020202636719,9330,-0.0984773635864258,9330,-0.0360546112060547,9330,-0.0842580795288086,9330,-0.0376958847045898
9340,-0.0932426452636719,9340,-0.0904302597045898,9340,-0.0424613952636719,9340,-0.129101753234863,9340,-0.0748834609985352,9340,-0.0937891006469727,9340,-0.101055145263672,9340,-0.0871486663818359,9340,-0.0441017150878906,9340,-0.0264453887939453,9340,-0.0293359756469727,9340,-0.0609769821166992,9340,-0.0463676452636719,9340,-5.96287393569946,9340,-0.0920705795288086,9340,-6.76092433929443,9340,-0.0293359756469727,9340,-8.0338191986084,9340,-0.0230855941772461,9340,-0.0366020202636719,9340,-0.0984773635864258,9340,-0.0360546112060547,9340,-0.0842580795288086,9340,-0.0376958847045898
9350,-0.0932426452636719,9350,-0.0904302597045898,9350,-0.0423831939697266,9350,-0.129101753234863,9350,-0.0748834609985352,9350,-0.0937891006469727,9350,-0.101055145263672,9350,-0.0871486663818359,9350,-0.0441017150878906,9350,-0.0264453887939453,9350,-0.029414176940918,9350,-0.0609769821166992,9350,-0.0462894439697266,9350,-5.95662403106689,9350,-0.0920705795288086,9350,-6.75912714004517,9350,-0.0292577743530273,9350,-8.0210075378418,9350,-0.0230855941772461,9350,-0.0365238189697266,9350,-0.0983991622924805,9350,-0.0360546112060547,9350,-0.0842580795288086,9350,-0.0376958847045898
9360,-0.0932426452636719,9360,-0.0904302597045898,9360,-0.0423049926757812,9360,-0.129101753234863,9360,-0.0748834609985352,9360,-0.0937891006469727,9360,-0.101055145263672,9360,-0.0871486663818359,9360,-0.0441017150878906,9360,-0.0264453887939453,9360,-0.029414176940918,9360,-0.0609769821166992,9360,-0.0463676452636719,9360,-5.95045232772827,9360,-0.0920705795288086,9360,-6.7567834854126,9360,-0.0292577743530273,9360,-8.00702285766602,9360,-0.0230855941772461,9360,-0.0365238189697266,9360,-0.0983991622924805,9360,-0.0359764099121094,9360,-0.0842580795288086,9360,-0.0376958847045898
9370,-0.0932426452636719,9370,-0.0904302597045898,9370,-0.0422267913818359,9370,-0.129101753234863,9370,-0.0748834609985352,9370,-0.0937891006469727,9370,-0.101055145263672,9370,-0.0871486663818359,9370,-0.0441017150878906,9370,-0.0264453887939453,9370,-0.029414176940918,9370,-0.0609769821166992,9370,-0.0464458465576172,9370,-5.94451475143433,9370,-0.0920705795288086,9370,-6.75451755523682,9370,-0.029179573059082,9370,-7.99116325378418,9370,-0.0230855941772461,9370,-0.0365238189697266,9370,-0.0983991622924805,9370,-0.0359764099121094,9370,-0.0842580795288086,9370,-0.0376958847045898
9380,-0.0932426452636719,9380,-0.0904302597045898,9380,-0.0422267913818359,9380,-0.129101753234863,9380,-0.0749607086181641,9380,-0.0937891006469727,9380,-0.101055145263672,9380,-0.0871486663818359,9380,-0.0440235137939453,9380,-0.0263671875,9380,-0.029414176940918,9380,-0.0610551834106445,9380,-0.0465240478515625,9380,-5.93818664550781,9380,-0.0921487808227539,9380,-6.75264263153076,9380,-0.029179573059082,9380,-7.97295999526978,9380,-0.0230855941772461,9380,-0.0365238189697266,9380,-0.0983991622924805,9380,-0.0359764099121094,9380,-0.0842580795288086,9380,-0.0376176834106445
9390,-0.0932426452636719,9390,-0.0904302597045898,9390,-0.0421485900878906,9390,-0.129101753234863,9390,-0.0749607086181641,9390,-0.0937891006469727,9390,-0.101055145263672,9390,-0.0872268676757812,9390,-0.0440235137939453,9390,-0.0263671875,9390,-0.029414176940918,9390,-0.0610551834106445,9390,-0.0463676452636719,9390,-5.9318585395813,9390,-0.0921487808227539,9390,-6.75068950653076,9390,-0.029179573059082,9390,-7.95202255249023,9390,-0.0230855941772461,9390,-0.0364456176757812,9390,-0.0983991622924805,9390,-0.0359764099121094,9390,-0.0842580795288086,9390,-0.0376176834106445
9400,-0.0932426452636719,9400,-0.0904302597045898,9400,-0.0420703887939453,9400,-0.129101753234863,9400,-0.0749607086181641,9400,-0.0937891006469727,9400,-0.101055145263672,9400,-0.0872268676757812,9400,-0.0440235137939453,9400,-0.0263671875,9400,-0.029414176940918,9400,-0.0610551834106445,9400,-0.0466794967651367,9400,-5.92560815811157,9400,-0.0921487808227539,9400,-6.74943971633911,9400,-0.0291013717651367,9400,-7.93772506713867,9400,-0.0230855941772461,9400,-0.0364456176757812,9400,-0.0983991622924805,9400,-0.0358982086181641,9400,-0.0842580795288086,9400,-0.0376176834106445
9410,-0.0932426452636719,9410,-0.0904302597045898,9410,-0.0420703887939453,9410,-0.129101753234863,9410,-0.0749607086181641,9410,-0.0937891006469727,9410,-0.101055145263672,9410,-0.0872268676757812,9410,-0.0440235137939453,9410,-0.0263671875,9410,-0.029414176940918,9410,-0.0610551834106445,9410,-0.0469141006469727,9410,-5.91943645477295,9410,-0.0921487808227539,9410,-6.74787712097168,9410,-0.0291013717651367,9410,-7.92631912231445,9410,-0.0230855941772461,9410,-0.0364456176757812,9410,-0.0983209609985352,9410,-0.0358982086181641,9410,-0.0842580795288086,9410,-0.0376176834106445
9420,-0.0932426452636719,9420,-0.0904302597045898,9420,-0.0419921875,9420,-0.129101753234863,9420,-0.0749607086181641,9420,-0.0937891006469727,9420,-0.101055145263672,9420,-0.0872268676757812,9420,-0.0440235137939453,9420,-0.0263671875,9420,-0.029414176940918,9420,-0.0610551834106445,9420,-0.0468358993530273,9420,-5.91381168365479,9420,-0.0921487808227539,9420,-6.74639272689819,9420,-0.0290231704711914,9420,-7.91311597824097,9420,-0.0230855941772461,9420,-0.0364456176757812,9420,-0.0983209609985352,9420,-0.0358982086181641,9420,-0.0842580795288086,9420,-0.0375394821166992
9430,-0.0932426452636719,9430,-0.0904302597045898,9430,-0.0419139862060547,9430,-0.129101753234863,9430,-0.0749607086181641,9430,-0.0937891006469727,9430,-0.101055145263672,9430,-0.0872268676757812,9430,-0.0439453125,9430,-0.0263671875,9430,-0.0293359756469727,9430,-0.0610551834106445,9430,-0.046992301940918,9430,-5.90857696533203,9430,-0.0921487808227539,9430,-6.74545526504517,9430,-0.0289449691772461,9430,-7.89592838287354,9430,-0.0230855941772461,9430,-0.0363674163818359,9430,-0.0983209609985352,9430,-0.0358982086181641,9430,-0.0842580795288086,9430,-0.0375394821166992
9440,-0.0932426452636719,9440,-0.0904302597045898,9440,-0.0419139862060547,9440,-0.129023551940918,9440,-0.0749607086181641,9440,-0.0937891006469727,9440,-0.101055145263672,9440,-0.0872268676757812,9440,-0.0439453125,9440,-0.0263671875,9440,-0.0293359756469727,9440,-0.0610551834106445,9440,-0.0466012954711914,9440,-5.90342092514038,9440,-0.0921487808227539,9440,-6.74459552764893,9440,-0.0289449691772461,9440,-7.88272523880005,9440,-0.0230855941772461,9440,-0.0363674163818359,9440,-0.0983209609985352,9440,-0.0358200073242188,9440,-0.0842580795288086,9440,-0.0375394821166992
9450,-0.0933208465576172,9450,-0.0904302597045898,9450,-0.0418357849121094,9450,-0.129023551940918,9450,-0.0750389099121094,9450,-0.0937891006469727,9450,-0.101055145263672,9450,-0.0872268676757812,9450,-0.0439453125,9450,-0.0263671875,9450,-0.0293359756469727,9450,-0.0611333847045898,9450,-0.0464458465576172,9450,-5.89818620681763,9450,-0.0921487808227539,9450,-6.74443960189819,9450,-0.0289449691772461,9450,-7.87069416046143,9450,-0.0230855941772461,9450,-0.0363674163818359,9450,-0.0983209609985352,9450,-0.0358200073242188,9450,-0.0842580795288086,9450,-0.0374612808227539
9460,-0.0933208465576172,9460,-0.0904302597045898,9460,-0.0417575836181641,9460,-0.129023551940918,9460,-0.0750389099121094,9460,-0.0937891006469727,9460,-0.101055145263672,9460,-0.0872268676757812,9460,-0.0439453125,9460,-0.0263671875,9460,-0.0292577743530273,9460,-0.0611333847045898,9460,-0.0463676452636719,9460,-5.89303016662598,9460,-0.0921487808227539,9460,-6.7436580657959,9460,-0.0289449691772461,9460,-7.86850643157959,9460,-0.0230855941772461,9460,-0.0362892150878906,9460,-0.0983209609985352,9460,-0.0358200073242188,9460,-0.0842580795288086,9460,-0.0374612808227539
9470,-0.0933208465576172,9470,-0.0904302597045898,9470,-0.0417575836181641,9470,-0.129023551940918,9470,-0.0750389099121094,9470,-0.0937891006469727,9470,-0.101055145263672,9470,-0.0872268676757812,9470,-0.0439453125,9470,-0.0263671875,9470,-0.0292577743530273,9470,-0.0611333847045898,9470,-0.0462894439697266,9470,-5.88779592514038,9470,-0.0921487808227539,9470,-6.74264240264893,9470,-0.0289449691772461,9470,-7.85983467102051,9470,-0.0230855941772461,9470,-0.0362892150878906,9470,-0.0982427597045898,9470,-0.0358200073242188,9470,-0.0842580795288086,9470,-0.0374612808227539
9480,-0.0933208465576172,9480,-0.0904302597045898,9480,-0.0416793823242188,9480,-0.129023551940918,9480,-0.0750389099121094,9480,-0.0937891006469727,9480,-0.101055145263672,9480,-0.0872268676757812,9480,-0.0438671112060547,9480,-0.0263671875,9480,-0.0292577743530273,9480,-0.0611333847045898,9480,-0.0463676452636719,9480,-5.88185834884644,9480,-0.0921487808227539,9480,-6.74076747894287,9480,-0.0288677215576172,9480,-7.85100650787354,9480,-0.0230855941772461,9480,-0.0362892150878906,9480,-0.0982427597045898,9480,-0.0358200073242188,9480,-0.0842580795288086,9480,-0.0374612808227539
9490,-0.0933208465576172,9490,-0.0904302597045898,9490,-0.0416021347045898,9490,-0.129023551940918,9490,-0.0750389099121094,9490,-0.0937891006469727,9490,-0.101055145263672,9490,-0.0872268676757812,9490,-0.0438671112060547,9490,-0.0263671875,9490,-0.0292577743530273,9490,-0.0611333847045898,9490,-0.0464458465576172,9490,-5.87615489959717,9490,-0.0921487808227539,9490,-6.73834609985352,9490,-0.0288677215576172,9490,-7.84202194213867,9490,-0.0230855941772461,9490,-0.0362892150878906,9490,-0.0982427597045898,9490,-0.0357427597045898,9490,-0.0842580795288086,9490,-0.0374612808227539
9500,-0.0933208465576172,9500,-0.0904302597045898,9500,-0.0416021347045898,9500,-0.129023551940918,9500,-0.0750389099121094,9500,-0.0937891006469727,9500,-0.101055145263672,9500,-0.0872268676757812,9500,-0.0438671112060547,9500,-0.0262889862060547,9500,-0.029179573059082,9500,-0.0611333847045898,9500,-0.0465240478515625,9500,-5.86998319625854,9500,-0.0921487808227539,9500,-6.73514270782471,9500,-0.0287895202636719,9500,-7.83077192306519,9500,-0.0230855941772461,9500,-0.0362110137939453,9500,-0.0982427597045898,9500,-0.0357427597045898,9500,-0.0842580795288086,9500,-0.0373830795288086
9510,-0.0933208465576172,9510,-0.0904302597045898,9510,-0.0415239334106445,9510,-0.129023551940918,9510,-0.0750389099121094,9510,-0.0937891006469727,9510,-0.101055145263672,9510,-0.0872268676757812,9510,-0.0438671112060547,9510,-0.0262889862060547,9510,-0.029179573059082,9510,-0.0611333847045898,9510,-0.0464458465576172,9510,-5.86428022384644,9510,-0.0921487808227539,9510,-6.73225212097168,9510,-0.0287895202636719,9510,-7.82014656066895,9510,-0.0230855941772461,9510,-0.0362110137939453,9510,-0.0982427597045898,9510,-0.0357427597045898,9510,-0.0842580795288086,9510,-0.0373830795288086
9520,-0.0933208465576172,9520,-0.0904302597045898,9520,-0.0415239334106445,9520,-0.129023551940918,9520,-0.0750389099121094,9520,-0.0937891006469727,9520,-0.101055145263672,9520,-0.0873050689697266,9520,-0.0437889099121094,9520,-0.0262889862060547,9520,-0.029179573059082,9520,-0.0612115859985352,9520,-0.0465240478515625,9520,-5.85865497589111,9520,-0.0921487808227539,9520,-6.72912693023682,9520,-0.0287895202636719,9520,-7.81155300140381,9520,-0.0230855941772461,9520,-0.0362110137939453,9520,-0.0982427597045898,9520,-0.0357427597045898,9520,-0.0842580795288086,9520,-0.0373830795288086
9530,-0.0933208465576172,9530,-0.0904302597045898,9530,-0.0414457321166992,9530,-0.129023551940918,9530,-0.0751171112060547,9530,-0.0937891006469727,9530,-0.101055145263672,9530,-0.0873050689697266,9530,-0.0437889099121094,9530,-0.0262889862060547,9530,-0.029179573059082,9530,-0.0612115859985352,9530,-0.0465240478515625,9530,-5.85271739959717,9530,-0.0922269821166992,9530,-6.72623634338379,9530,-0.0287113189697266,9530,-7.7999906539917,9530,-0.0230855941772461,9530,-0.0361328125,9530,-0.0981645584106445,9530,-0.0356645584106445,9530,-0.0842580795288086,9530,-0.0373830795288086
9540,-0.0933208465576172,9540,-0.0904302597045898,9540,-0.0413675308227539,9540,-0.129023551940918,9540,-0.0751171112060547,9540,-0.0937891006469727,9540,-0.101055145263672,9540,-0.0873050689697266,9540,-0.0437889099121094,9540,-0.0262889862060547,9540,-0.029179573059082,9540,-0.0612115859985352,9540,-0.0464458465576172,9540,-5.84693622589111,9540,-0.0922269821166992,9540,-6.72311115264893,9540,-0.0287113189697266,9540,-7.79233455657959,9540,-0.0230855941772461,9540,-0.0361328125,9540,-0.0981645584106445,9540,-0.0356645584106445,9540,-0.0842580795288086,9540,-0.0373048782348633
9550,-0.0933208465576172,9550,-0.0904302597045898,9550,-0.0413675308227539,9550,-0.129023551940918,9550,-0.0751171112060547,9550,-0.0937891006469727,9550,-0.101055145263672,9550,-0.0873050689697266,9550,-0.0437889099121094,9550,-0.0262889862060547,9550,-0.029179573059082,9550,-0.0612115859985352,9550,-0.0464458465576172,9550,-5.84154558181763,9550,-0.0922269821166992,9550,-6.72100210189819,9550,-0.0287113189697266,9550,-7.78014659881592,9550,-0.0230855941772461,9550,-0.0361328125,9550,-0.0981645584106445,9550,-0.0356645584106445,9550,-0.0842580795288086,9550,-0.0373048782348633
9560,-0.0933208465576172,9560,-0.0904302597045898,9560,-0.0412893295288086,9560,-0.129023551940918,9560,-0.0751171112060547,9560,-0.0937891006469727,9560,-0.101055145263672,9560,-0.0873050689697266,9560,-0.0437107086181641,9560,-0.0262889862060547,9560,-0.029179573059082,9560,-0.0612115859985352,9560,-0.0464458465576172,9560,-5.83584260940552,9560,-0.0922269821166992,9560,-6.71873664855957,9560,-0.0286331176757812,9560,-7.77092790603638,9560,-0.0230855941772461,9560,-0.0361328125,9560,-0.0981645584106445,9560,-0.0356645584106445,9560,-0.0842580795288086,9560,-0.0373048782348633
9570,-0.0933208465576172,9570,-0.0904302597045898,9570,-0.0412893295288086,9570,-0.129023551940918,9570,-0.0751171112060547,9570,-0.0937891006469727,9570,-0.101055145263672,9570,-0.0873050689697266,9570,-0.0437107086181641,9570,-0.0262889862060547,9570,-0.029179573059082,9570,-0.0612115859985352,9570,-0.0465240478515625,9570,-5.83123302459717,9570,-0.0922269821166992,9570,-6.71678352355957,9570,-0.0286331176757812,9570,-7.76459980010986,9570,-0.0230855941772461,9570,-0.0360546112060547,9570,-0.0981645584106445,9570,-0.0356645584106445,9570,-0.0842580795288086,9570,-0.0373048782348633
9580,-0.0933208465576172,9580,-0.0904302597045898,9580,-0.0412111282348633,9580,-0.129023551940918,9580,-0.0751171112060547,9580,-0.0937891006469727,9580,-0.101055145263672,9580,-0.0873050689697266,9580,-0.0437107086181641,9580,-0.0262889862060547,9580,-0.029179573059082,9580,-0.0612888336181641,9580,-0.0464458465576172,9580,-5.82638931274414,9580,-0.0922269821166992,9580,-6.71459579467773,9580,-0.0285549163818359,9580,-7.76295900344849,9580,-0.0230855941772461,9580,-0.0360546112060547,9580,-0.0981645584106445,9580,-0.0355863571166992,9580,-0.0842580795288086,9580,-0.0373048782348633
9590,-0.0933208465576172,9590,-0.0904302597045898,9590,-0.041132926940918,9590,-0.129023551940918,9590,-0.0751171112060547,9590,-0.0937891006469727,9590,-0.101055145263672,9590,-0.0873050689697266,9590,-0.0437107086181641,9590,-0.0262889862060547,9590,-0.029179573059082,9590,-0.0612888336181641,9590,-0.0463676452636719,9590,-5.82131099700928,9590,-0.0922269821166992,9590,-6.71232986450195,9590,-0.0285549163818359,9590,-7.75788116455078,9590,-0.0230855941772461,9590,-0.0360546112060547,9590,-0.0980863571166992,9590,-0.0355863571166992,9590,-0.0842580795288086,9590,-0.037226676940918
9600,-0.0933208465576172,9600,-0.0904302597045898,9600,-0.041132926940918,9600,-0.129023551940918,9600,-0.0751171112060547,9600,-0.0937891006469727,9600,-0.101055145263672,9600,-0.0873050689697266,9600,-0.0437107086181641,9600,-0.0262889862060547,9600,-0.0291013717651367,9600,-0.0612888336181641,9600,-0.0463676452636719,9600,-5.81646728515625,9600,-0.0922269821166992,9600,-6.7104549407959,9600,-0.0284767150878906,9600,-7.75186538696289,9600,-0.0230855941772461,9600,-0.0360546112060547,9600,-0.0980863571166992,9600,-0.0355863571166992,9600,-0.0842580795288086,9600,-0.037226676940918
9610,-0.0933208465576172,9610,-0.0904302597045898,9610,-0.0410547256469727,9610,-0.129023551940918,9610,-0.0751953125,9610,-0.0937891006469727,9610,-0.101055145263672,9610,-0.0873050689697266,9610,-0.0436325073242188,9610,-0.0262889862060547,9610,-0.0291013717651367,9610,-0.0612888336181641,9610,-0.0465240478515625,9610,-5.81185817718506,9610,-0.0922269821166992,9610,-6.70897102355957,9610,-0.0284767150878906,9610,-7.74405288696289,9610,-0.0230855941772461,9610,-0.0359764099121094,9610,-0.0980863571166992,9610,-0.0355863571166992,9610,-0.0842580795288086,9610,-0.037226676940918
9620,-0.0933208465576172,9620,-0.0904302597045898,9620,-0.0410547256469727,9620,-0.129023551940918,9620,-0.0751953125,9620,-0.0937891006469727,9620,-0.101055145263672,9620,-0.0873050689697266,9620,-0.0436325073242188,9620,-0.0262889862060547,9620,-0.0291013717651367,9620,-0.0612888336181641,9620,-0.0465240478515625,9620,-5.80685806274414,9620,-0.0922269821166992,9620,-6.70686149597168,9620,-0.0283985137939453,9620,-7.73967742919922,9620,-0.0230855941772461,9620,-0.0359764099121094,9620,-0.0980863571166992,9620,-0.0355081558227539,9620,-0.0842580795288086,9620,-0.037226676940918
9630,-0.0933208465576172,9630,-0.0904302597045898,9630,-0.0409765243530273,9630,-0.129023551940918,9630,-0.0751953125,9630,-0.0937891006469727,9630,-0.101055145263672,9630,-0.0873050689697266,9630,-0.0436325073242188,9630,-0.0262889862060547,9630,-0.0291013717651367,9630,-0.0612888336181641,9630,-0.0465240478515625,9630,-5.80185794830322,9630,-0.0922269821166992,9630,-6.70483016967773,9630,-0.0283985137939453,9630,-7.73459959030151,9630,-0.0230855941772461,9630,-0.0359764099121094,9630,-0.0980863571166992,9630,-0.0355081558227539,9630,-0.0842580795288086,9630,-0.037226676940918
9640,-0.0933208465576172,9640,-0.0904302597045898,9640,-0.040898323059082,9640,-0.129023551940918,9640,-0.0751953125,9640,-0.0937891006469727,9640,-0.101055145263672,9640,-0.0873050689697266,9640,-0.0436325073242188,9640,-0.0262107849121094,9640,-0.0291013717651367,9640,-0.0612888336181641,9640,-0.0466794967651367,9640,-5.79670143127441,9640,-0.0922269821166992,9640,-6.70217418670654,9640,-0.0283203125,9640,-7.73178720474243,9640,-0.0230855941772461,9640,-0.0359764099121094,9640,-0.0980863571166992,9640,-0.0355081558227539,9640,-0.0842580795288086,9640,-0.0371484756469727
9650,-0.0933208465576172,9650,-0.0904302597045898,9650,-0.040898323059082,9650,-0.129023551940918,9650,-0.0751953125,9650,-0.0937108993530273,9650,-0.101055145263672,9650,-0.0873050689697266,9650,-0.0436325073242188,9650,-0.0262107849121094,9650,-0.0290231704711914,9650,-0.0612888336181641,9650,-0.0465240478515625,9650,-5.79138898849487,9650,-0.0922269821166992,9650,-6.69787693023682,9650,-0.0283203125,9650,-7.72663116455078,9650,-0.0230855941772461,9650,-0.0358982086181641,9650,-0.0980081558227539,9650,-0.0355081558227539,9650,-0.0842580795288086,9650,-0.0371484756469727
9660,-0.0933990478515625,9660,-0.0904302597045898,9660,-0.0408201217651367,9660,-0.128945350646973,9660,-0.0751953125,9660,-0.0937108993530273,9660,-0.101055145263672,9660,-0.0873050689697266,9660,-0.0435552597045898,9660,-0.0262107849121094,9660,-0.0290231704711914,9660,-0.0613670349121094,9660,-0.0465240478515625,9660,-5.78607654571533,9660,-0.0922269821166992,9660,-6.69412708282471,9660,-0.0283203125,9660,-7.72342777252197,9660,-0.0230855941772461,9660,-0.0358982086181641,9660,-0.0980081558227539,9660,-0.0355081558227539,9660,-0.0842580795288086,9660,-0.0371484756469727
9670,-0.0933990478515625,9670,-0.0904302597045898,9670,-0.0408201217651367,9670,-0.128945350646973,9670,-0.0751953125,9670,-0.0937108993530273,9670,-0.101055145263672,9670,-0.0873050689697266,9670,-0.0435552597045898,9670,-0.0262107849121094,9670,-0.0290231704711914,9670,-0.0613670349121094,9670,-0.0466012954711914,9670,-5.7812328338623,9670,-0.0922269821166992,9670,-6.69100189208984,9670,-0.0283203125,9670,-7.71764659881592,9670,-0.0230855941772461,9670,-0.0358982086181641,9670,-0.0980081558227539,9670,-0.0354299545288086,9670,-0.0842580795288086,9670,-0.0371484756469727
9680,-0.0933990478515625,9680,-0.0904302597045898,9680,-0.0407419204711914,9680,-0.128945350646973,9680,-0.0751953125,9680,-0.0937108993530273,9680,-0.101055145263672,9680,-0.0873832702636719,9680,-0.0435552597045898,9680,-0.0262107849121094,9680,-0.0290231704711914,9680,-0.0613670349121094,9680,-0.0466012954711914,9680,-5.77607679367065,9680,-0.0923051834106445,9680,-6.68772077560425,9680,-0.0282421112060547,9680,-7.71311521530151,9680,-0.0230855941772461,9680,-0.0358200073242188,9680,-0.0980081558227539,9680,-0.0354299545288086,9680,-0.0842580795288086,9680,-0.0370702743530273
9690,-0.0933990478515625,9690,-0.0904302597045898,9690,-0.0407419204711914,9690,-0.128945350646973,9690,-0.0752735137939453,9690,-0.0937108993530273,9690,-0.101055145263672,9690,-0.0873832702636719,9690,-0.0435552597045898,9690,-0.0262107849121094,9690,-0.0290231704711914,9690,-0.0613670349121094,9690,-0.0466012954711914,9690,-5.77123260498047,9690,-0.0923051834106445,9690,-6.68490791320801,9690,-0.0282421112060547,9690,-7.70178699493408,9690,-0.0230855941772461,9690,-0.0358200073242188,9690,-0.0980081558227539,9690,-0.0354299545288086,9690,-0.0842580795288086,9690,-0.0370702743530273
9700,-0.0933990478515625,9700,-0.0904302597045898,9700,-0.0406637191772461,9700,-0.128945350646973,9700,-0.0752735137939453,9700,-0.0937108993530273,9700,-0.101055145263672,9700,-0.0873832702636719,9700,-0.0435552597045898,9700,-0.0262107849121094,9700,-0.0290231704711914,9700,-0.0613670349121094,9700,-0.0466794967651367,9700,-5.76654529571533,9700,-0.0923051834106445,9700,-6.68240833282471,9700,-0.0281639099121094,9700,-7.69741201400757,9700,-0.0230855941772461,9700,-0.0358200073242188,9700,-0.0980081558227539,9700,-0.0354299545288086,9700,-0.0842580795288086,9700,-0.0370702743530273
9710,-0.0933990478515625,9710,-0.0904302597045898,9710,-0.0405864715576172,9710,-0.128945350646973,9710,-0.0752735137939453,9710,-0.0937108993530273,9710,-0.101055145263672,9710,-0.0873832702636719,9710,-0.0434770584106445,9710,-0.0262107849121094,9710,-0.0289449691772461,9710,-0.0613670349121094,9710,-0.046757698059082,9710,-5.76224851608276,9710,-0.0923051834106445,9710,-6.67998600006104,9710,-0.0281639099121094,9710,-7.68819332122803,9710,-0.0230855941772461,9710,-0.0358200073242188,9710,-0.0979299545288086,9710,-0.0354299545288086,9710,-0.0842580795288086,9710,-0.0370702743530273
9720,-0.0933990478515625,9720,-0.0904302597045898,9720,-0.0405864715576172,9720,-0.128945350646973,9720,-0.0752735137939453,9720,-0.0937108993530273,9720,-0.101055145263672,9720,-0.0873832702636719,9720,-0.0434770584106445,9720,-0.0262107849121094,9720,-0.0289449691772461,9720,-0.0613670349121094,9720,-0.0468358993530273,9720,-5.75834226608276,9720,-0.0923051834106445,9720,-6.67772054672241,9720,-0.0281639099121094,9720,-7.67772436141968,9720,-0.0230855941772461,9720,-0.0358200073242188,9720,-0.0979299545288086,9720,-0.0353517532348633,9720,-0.0843362808227539,9720,-0.0370702743530273
9730,-0.0933990478515625,9730,-0.0904302597045898,9730,-0.0405864715576172,9730,-0.128945350646973,9730,-0.0752735137939453,9730,-0.0937108993530273,9730,-0.100976943969727,9730,-0.0873832702636719,9730,-0.0434770584106445,9730,-0.0262107849121094,9730,-0.0289449691772461,9730,-0.0614452362060547,9730,-0.0466012954711914,9730,-5.75451421737671,9730,-0.0923051834106445,9730,-6.67561149597168,9730,-0.0280857086181641,9730,-7.67069339752197,9730,-0.0230855941772461,9730,-0.0357427597045898,9730,-0.0979299545288086,9730,-0.0353517532348633,9730,-0.0843362808227539,9730,-0.036992073059082
9740,-0.0933990478515625,9740,-0.0904302597045898,9740,-0.0405082702636719,9740,-0.128945350646973,9740,-0.0752735137939453,9740,-0.0937108993530273,9740,-0.100976943969727,9740,-0.0873832702636719,9740,-0.0434770584106445,9740,-0.0262107849121094,9740,-0.0289449691772461,9740,-0.0614452362060547,9740,-0.0466012954711914,9740,-5.75045156478882,9740,-0.0923051834106445,9740,-6.67373657226562,9740,-0.0280857086181641,9740,-7.66194343566895,9740,-0.0230855941772461,9740,-0.0357427597045898,9740,-0.0979299545288086,9740,-0.0353517532348633,9740,-0.0843362808227539,9740,-0.036992073059082
9750,-0.0933990478515625,9750,-0.0904302597045898,9750,-0.0404300689697266,9750,-0.128945350646973,9750,-0.0752735137939453,9750,-0.0937108993530273,9750,-0.100976943969727,9750,-0.0873832702636719,9750,-0.0434770584106445,9750,-0.0262107849121094,9750,-0.0288677215576172,9750,-0.0614452362060547,9750,-0.0465240478515625,9750,-5.7467794418335,9750,-0.0923051834106445,9750,-6.67232990264893,9750,-0.0280075073242188,9750,-7.65663051605225,9750,-0.0230855941772461,9750,-0.0357427597045898,9750,-0.0979299545288086,9750,-0.0353517532348633,9750,-0.0843362808227539,9750,-0.036992073059082
9760,-0.0933990478515625,9760,-0.0904302597045898,9760,-0.0404300689697266,9760,-0.128945350646973,9760,-0.0752735137939453,9760,-0.0937108993530273,9760,-0.100976943969727,9760,-0.0873832702636719,9760,-0.0433988571166992,9760,-0.0262107849121094,9760,-0.0288677215576172,9760,-0.0614452362060547,9760,-0.0466012954711914,9760,-5.74318599700928,9760,-0.0923051834106445,9760,-6.67147064208984,9760,-0.0280075073242188,9760,-7.64749002456665,9760,-0.0230855941772461,9760,-0.0357427597045898,9760,-0.0979299545288086,9760,-0.0353517532348633,9760,-0.0843362808227539,9760,-0.036992073059082
9770,-0.0933990478515625,9770,-0.0904302597045898,9770,-0.0403518676757812,9770,-0.128945350646973,9770,-0.0753517150878906,9770,-0.0937108993530273,9770,-0.100976943969727,9770,-0.0873832702636719,9770,-0.0433988571166992,9770,-0.0262107849121094,9770,-0.0288677215576172,9770,-0.0614452362060547,9770,-0.0466012954711914,9770,-5.73951387405396,9770,-0.0923051834106445,9770,-6.67092370986938,9770,-0.0280075073242188,9770,-7.63803672790527,9770,-0.0230855941772461,9770,-0.0356645584106445,9770,-0.0979299545288086,9770,-0.035273551940918,9770,-0.0843362808227539,9770,-0.036992073059082
9780,-0.0933990478515625,9780,-0.0904302597045898,9780,-0.0403518676757812,9780,-0.128945350646973,9780,-0.0753517150878906,9780,-0.0937108993530273,9780,-0.100976943969727,9780,-0.0873832702636719,9780,-0.0433988571166992,9780,-0.0261325836181641,9780,-0.0288677215576172,9780,-0.0614452362060547,9780,-0.0466012954711914,9780,-5.73646688461304,9780,-0.0923051834106445,9780,-6.67037677764893,9780,-0.0279293060302734,9780,-7.63249015808105,9780,-0.0230855941772461,9780,-0.0356645584106445,9780,-0.0978517532348633,9780,-0.035273551940918,9780,-0.0843362808227539,9780,-0.0369138717651367
9790,-0.0933990478515625,9790,-0.0904302597045898,9790,-0.0402736663818359,9790,-0.128945350646973,9790,-0.0753517150878906,9790,-0.0937108993530273,9790,-0.100976943969727,9790,-0.0873832702636719,9790,-0.0433988571166992,9790,-0.0261325836181641,9790,-0.0287895202636719,9790,-0.0615234375,9790,-0.0466012954711914,9790,-5.73326396942139,9790,-0.0923051834106445,9790,-6.67053318023682,9790,-0.0278520584106445,9790,-7.62952136993408,9790,-0.0230855941772461,9790,-0.0356645584106445,9790,-0.0978517532348633,9790,-0.035273551940918,9790,-0.0843362808227539,9790,-0.0369138717651367
9800,-0.0933990478515625,9800,-0.0904302597045898,9800,-0.0402736663818359,9800,-0.128945350646973,9800,-0.0753517150878906,9800,-0.0937108993530273,9800,-0.100976943969727,9800,-0.0873832702636719,9800,-0.0433988571166992,9800,-0.0261325836181641,9800,-0.0287895202636719,9800,-0.0615234375,9800,-0.0466794967651367,9800,-5.73021697998047,9800,-0.0923051834106445,9800,-6.67022037506104,9800,-0.0277738571166992,9800,-7.62952136993408,9800,-0.0230855941772461,9800,-0.0356645584106445,9800,-0.0978517532348633,9800,-0.035273551940918,9800,-0.0843362808227539,9800,-0.0369138717651367
9810,-0.0933990478515625,9810,-0.0904302597045898,9810,-0.0401954650878906,9810,-0.128945350646973,9810,-0.0753517150878906,9810,-0.0937108993530273,9810,-0.100976943969727,9810,-0.0873832702636719,9810,-0.0433988571166992,9810,-0.0261325836181641,9810,-0.0287895202636719,9810,-0.0615234375,9810,-0.0466012954711914,9810,-5.7265453338623,9810,-0.0923051834106445,9810,-6.66920471191406,9810,-0.0277738571166992,9810,-7.61889600753784,9810,-0.0230855941772461,9810,-0.0355863571166992,9810,-0.0978517532348633,9810,-0.035273551940918,9810,-0.0843362808227539,9810,-0.0369138717651367
9820,-0.0933990478515625,9820,-0.0904302597045898,9820,-0.0401954650878906,9820,-0.128945350646973,9820,-0.0753517150878906,9820,-0.0937108993530273,9820,-0.100976943969727,9820,-0.0874614715576172,9820,-0.0433206558227539,9820,-0.0261325836181641,9820,-0.0287895202636719,9820,-0.0615234375,9820,-0.0466794967651367,9820,-5.72287321090698,9820,-0.0923051834106445,9820,-6.66834545135498,9820,-0.0276956558227539,9820,-7.61084938049316,9820,-0.0230855941772461,9820,-0.0355863571166992,9820,-0.0978517532348633,9820,-0.0351953506469727,9820,-0.0843362808227539,9820,-0.0369138717651367
9830,-0.0934772491455078,9830,-0.0904302597045898,9830,-0.0401954650878906,9830,-0.128945350646973,9830,-0.0753517150878906,9830,-0.0937108993530273,9830,-0.100976943969727,9830,-0.0874614715576172,9830,-0.0433206558227539,9830,-0.0261325836181641,9830,-0.0287895202636719,9830,-0.0615234375,9830,-0.046757698059082,9830,-5.71927928924561,9830,-0.0923833847045898,9830,-6.66779899597168,9830,-0.0276174545288086,9830,-7.60397434234619,9830,-0.0230855941772461,9830,-0.0355863571166992,9830,-0.0978517532348633,9830,-0.0351953506469727,9830,-0.0843362808227539,9830,-0.0368356704711914
9840,-0.0934772491455078,9840,-0.0904302597045898,9840,-0.0401172637939453,9840,-0.128945350646973,9840,-0.0753517150878906,9840,-0.0937108993530273,9840,-0.100976943969727,9840,-0.0874614715576172,9840,-0.0433206558227539,9840,-0.0261325836181641,9840,-0.0287895202636719,9840,-0.0615234375,9840,-0.0468358993530273,9840,-5.71591997146606,9840,-0.0923833847045898,9840,-6.66709566116333,9840,-0.0276174545288086,9840,-7.6004581451416,9840,-0.0230855941772461,9840,-0.0355863571166992,9840,-0.0978517532348633,9840,-0.0351953506469727,9840,-0.0843362808227539,9840,-0.0368356704711914
9850,-0.0934772491455078,9850,-0.0904302597045898,9850,-0.0401172637939453,9850,-0.128868103027344,9850,-0.0753517150878906,9850,-0.0937108993530273,9850,-0.100976943969727,9850,-0.0874614715576172,9850,-0.0433206558227539,9850,-0.0261325836181641,9850,-0.0287895202636719,9850,-0.0615234375,9850,-0.0468358993530273,9850,-5.71248245239258,9850,-0.0923833847045898,9850,-6.66647052764893,9850,-0.0275392532348633,9850,-7.59381771087646,9850,-0.0230855941772461,9850,-0.0355081558227539,9850,-0.097773551940918,9850,-0.0351953506469727,9850,-0.0843362808227539,9850,-0.0368356704711914
9860,-0.0934772491455078,9860,-0.0904302597045898,9860,-0.0400390625,9860,-0.128868103027344,9860,-0.0753517150878906,9860,-0.0937108993530273,9860,-0.100976943969727,9860,-0.0874614715576172,9860,-0.0433206558227539,9860,-0.0261325836181641,9860,-0.0287895202636719,9860,-0.0616016387939453,9860,-0.0468358993530273,9860,-5.70951366424561,9860,-0.0923833847045898,9860,-6.66631412506104,9860,-0.027461051940918,9860,-7.58881759643555,9860,-0.0230855941772461,9860,-0.0355081558227539,9860,-0.097773551940918,9860,-0.0351171493530273,9860,-0.0843362808227539,9860,-0.0368356704711914
9870,-0.0934772491455078,9870,-0.0904302597045898,9870,-0.0400390625,9870,-0.128868103027344,9870,-0.0754299163818359,9870,-0.0937108993530273,9870,-0.100976943969727,9870,-0.0874614715576172,9870,-0.0433206558227539,9870,-0.0261325836181641,9870,-0.0287895202636719,9870,-0.0616016387939453,9870,-0.0468358993530273,9870,-5.70709180831909,9870,-0.0923833847045898,9870,-6.66592359542847,9870,-0.027461051940918,9870,-7.58069276809692,9870,-0.0230855941772461,9870,-0.0355081558227539,9870,-0.097773551940918,9870,-0.0351171493530273,9870,-0.0843362808227539,9870,-0.0368356704711914
9880,-0.0934772491455078,9880,-0.0904302597045898,9880,-0.0399608612060547,9880,-0.128868103027344,9880,-0.0754299163818359,9880,-0.0937108993530273,9880,-0.100976943969727,9880,-0.0874614715576172,9880,-0.0432424545288086,9880,-0.0261325836181641,9880,-0.0287113189697266,9880,-0.0616016387939453,9880,-0.0468358993530273,9880,-5.70342016220093,9880,-0.0923833847045898,9880,-6.66537666320801,9880,-0.0273828506469727,9880,-7.57514572143555,9880,-0.0230855941772461,9880,-0.0355081558227539,9880,-0.097773551940918,9880,-0.0351171493530273,9880,-0.0843362808227539,9880,-0.0367574691772461
9890,-0.0934772491455078,9890,-0.0904302597045898,9890,-0.0399608612060547,9890,-0.128868103027344,9890,-0.0754299163818359,9890,-0.0937108993530273,9890,-0.100976943969727,9890,-0.0874614715576172,9890,-0.0432424545288086,9890,-0.0261325836181641,9890,-0.0287895202636719,9890,-0.0616016387939453,9890,-0.0468358993530273,9890,-5.70060777664185,9890,-0.0923833847045898,9890,-6.66537666320801,9890,-0.0273828506469727,9890,-7.5725679397583,9890,-0.0230855941772461,9890,-0.0354299545288086,9890,-0.097773551940918,9890,-0.0351171493530273,9890,-0.0843362808227539,9890,-0.0367574691772461
9900,-0.0934772491455078,9900,-0.0904302597045898,9900,-0.0398826599121094,9900,-0.128868103027344,9900,-0.0754299163818359,9900,-0.0937108993530273,9900,-0.100976943969727,9900,-0.0874614715576172,9900,-0.0432424545288086,9900,-0.0261325836181641,9900,-0.0287113189697266,9900,-0.0616016387939453,9900,-0.0468358993530273,9900,-5.69763898849487,9900,-0.0923833847045898,9900,-6.66537666320801,9900,-0.0273046493530273,9900,-7.56444263458252,9900,-0.0230855941772461,9900,-0.0354299545288086,9900,-0.097773551940918,9900,-0.0351171493530273,9900,-0.0843362808227539,9900,-0.0367574691772461
9910,-0.0934772491455078,9910,-0.0905084609985352,9910,-0.0398826599121094,9910,-0.128868103027344,9910,-0.0754299163818359,9910,-0.0937108993530273,9910,-0.100976943969727,9910,-0.0874614715576172,9910,-0.0432424545288086,9910,-0.0260543823242188,9910,-0.0287113189697266,9910,-0.0616016387939453,9910,-0.0468358993530273,9910,-5.69482612609863,9910,-0.0923833847045898,9910,-6.6655330657959,9910,-0.0273046493530273,9910,-7.5588960647583,9910,-0.0230855941772461,9910,-0.0354299545288086,9910,-0.0976953506469727,9910,-0.035038948059082,9910,-0.0843362808227539,9910,-0.0367574691772461
9920,-0.0934772491455078,9920,-0.0904302597045898,9920,-0.0398826599121094,9920,-0.128868103027344,9920,-0.0754299163818359,9920,-0.0937108993530273,9920,-0.100976943969727,9920,-0.0874614715576172,9920,-0.0432424545288086,9920,-0.0260543823242188,9920,-0.0287113189697266,9920,-0.0616798400878906,9920,-0.046992301940918,9920,-5.69224834442139,9920,-0.0923833847045898,9920,-6.66623592376709,9920,-0.027226448059082,9920,-7.55905199050903,9920,-0.0230855941772461,9920,-0.0354299545288086,9920,-0.0976953506469727,9920,-0.035038948059082,9920,-0.0843362808227539,9920,-0.0367574691772461
9930,-0.0934772491455078,9930,-0.0905084609985352,9930,-0.0398044586181641,9930,-0.128868103027344,9930,-0.0754299163818359,9930,-0.0937108993530273,9930,-0.100976943969727,9930,-0.0874614715576172,9930,-0.0431642532348633,9930,-0.0260543823242188,9930,-0.0287113189697266,9930,-0.0616798400878906,9930,-0.0470705032348633,9930,-5.68967008590698,9930,-0.0923833847045898,9930,-6.66654872894287,9930,-0.027226448059082,9930,-7.56889581680298,9930,-0.0230855941772461,9930,-0.0353517532348633,9930,-0.0976953506469727,9930,-0.035038948059082,9930,-0.0843362808227539,9930,-0.0366802215576172
9940,-0.0934772491455078,9940,-0.0905084609985352,9940,-0.0398044586181641,9940,-0.128868103027344,9940,-0.0754299163818359,9940,-0.0937108993530273,9940,-0.100976943969727,9940,-0.0874614715576172,9940,-0.0431642532348633,9940,-0.0260543823242188,9940,-0.0287895202636719,9940,-0.0616798400878906,9940,-0.0469141006469727,9940,-5.6868577003479,9940,-0.0923833847045898,9940,-6.66678333282471,9940,-0.0271482467651367,9940,-7.56709909439087,9940,-0.0230855941772461,9940,-0.0353517532348633,9940,-0.0976953506469727,9940,-0.035038948059082,9940,-0.0843362808227539,9940,-0.0366802215576172
9950,-0.0934772491455078,9950,-0.0905084609985352,9950,-0.0397262573242188,9950,-0.128868103027344,9950,-0.0755081176757812,9950,-0.0937108993530273,9950,-0.100976943969727,9950,-0.0874614715576172,9950,-0.0431642532348633,9950,-0.0260543823242188,9950,-0.0287895202636719,9950,-0.0616798400878906,9950,-0.0468358993530273,9950,-5.68388891220093,9950,-0.0923833847045898,9950,-6.66693925857544,9950,-0.0271482467651367,9950,-7.57374000549316,9950,-0.0230855941772461,9950,-0.0353517532348633,9950,-0.0976953506469727,9950,-0.035038948059082,9950,-0.0843362808227539,9950,-0.0366802215576172
9960,-0.0934772491455078,9960,-0.0905084609985352,9960,-0.0397262573242188,9960,-0.128868103027344,9960,-0.0754299163818359,9960,-0.0937108993530273,9960,-0.100976943969727,9960,-0.0874614715576172,9960,-0.0431642532348633,9960,-0.0260543823242188,9960,-0.0287895202636719,9960,-0.0616798400878906,9960,-0.0468358993530273,9960,-5.68076372146606,9960,-0.0923833847045898,9960,-6.66670513153076,9960,-0.0270700454711914,9960,-7.57233333587646,9960,-0.0230855941772461,9960,-0.0353517532348633,9960,-0.0976953506469727,9960,-0.035038948059082,9960,-0.0843362808227539,9960,-0.0366802215576172
9970,-0.0934772491455078,9970,-0.0905084609985352,9970,-0.0397262573242188,9970,-0.128868103027344,9970,-0.0755081176757812,9970,-0.0937108993530273,9970,-0.100976943969727,9970,-0.0874614715576172,9970,-0.0431642532348633,9970,-0.0260543823242188,9970,-0.0287895202636719,9970,-0.0616798400878906,9970,-0.0468358993530273,9970,-5.67716979980469,9970,-0.0923833847045898,9970,-6.66568946838379,9970,-0.0270700454711914,9970,-7.57045841217041,9970,-0.0230855941772461,9970,-0.035273551940918,9970,-0.0976953506469727,9970,-0.0349607467651367,9970,-0.0843362808227539,9970,-0.0366802215576172
9980,-0.0934772491455078,9980,-0.0904302597045898,9980,-0.0396490097045898,9980,-0.128789901733398,9980,-0.0755081176757812,9980,-0.0937108993530273,9980,-0.100976943969727,9980,-0.0874614715576172,9980,-0.043086051940918,9980,-0.0260543823242188,9980,-0.0287895202636719,9980,-0.0616798400878906,9980,-0.0469141006469727,9980,-5.67381048202515,9980,-0.0923833847045898,9980,-6.66428279876709,9980,-0.0269918441772461,9980,-7.56444263458252,9980,-0.0230855941772461,9980,-0.035273551940918,9980,-0.0976171493530273,9980,-0.0349607467651367,9980,-0.0843362808227539,9980,-0.0366020202636719
9990,-0.0934772491455078,9990,-0.0905084609985352,9990,-0.0396490097045898,9990,-0.128789901733398,9990,-0.0755081176757812,9990,-0.0937108993530273,9990,-0.100976943969727,9990,-0.0874614715576172,9990,-0.043086051940918,9990,-0.0260543823242188,9990,-0.0287895202636719,9990,-0.0617580413818359,9990,-0.0469141006469727,9990,-5.67021703720093,9990,-0.0923833847045898,9990,-6.66342353820801,9990,-0.0269145965576172,9990,-7.56975555419922,9990,-0.0230855941772461,9990,-0.035273551940918,9990,-0.0976171493530273,9990,-0.0349607467651367,9990,-0.0843362808227539,9990,-0.0366020202636719
10000,-0.146992683410645,10000,-0.139101982116699,10000,-0.0744142532348633,10000,-0.164727210998535,10000,-0.131914138793945,10000,-0.133086204528809,10000,-0.146368026733398,10000,-0.126758575439453,10000,-0.0475387573242188,10000,-0.0333986282348633,10000,-0.035273551940918,10000,-0.118633270263672,10000,-0.0502738952636719,10000,-6.86498689651489,10000,-0.143867492675781,10000,-8.33764839172363,10000,-0.0401954650878906,10000,-3.85169410705566,10000,-0.0238676071166992,10000,-0.0397262573242188,10000,-0.153164863586426,10000,-0.0470705032348633,10000,-0.13730525970459,10000,-0.0414457321166992
10010,-0.146914482116699,10010,-0.139023780822754,10010,-0.0738677978515625,10010,-0.164883613586426,10010,-0.131758689880371,10010,-0.133164405822754,10010,-0.146368026733398,10010,-0.126836776733398,10010,-0.0474615097045898,10010,-0.0333986282348633,10010,-0.0341014862060547,10010,-0.118555068969727,10010,-0.0496482849121094,10010,-6.86240863800049,10010,-0.143867492675781,10010,-8.13897609710693,10010,-0.0392580032348633,10010,-4.13505458831787,10010,-0.0238676071166992,10010,-0.0396490097045898,10010,-0.153008460998535,10010,-0.046992301940918,10010,-0.137227058410645,10010,-0.0412893295288086
10020,-0.146836280822754,10020,-0.138945579528809,10020,-0.0733985900878906,10020,-0.164961814880371,10020,-0.131680488586426,10020,-0.133164405822754,10020,-0.146368026733398,10020,-0.126836776733398,10020,-0.0473833084106445,10020,-0.033320426940918,10020,-0.0335550308227539,10020,-0.118398666381836,10020,-0.0493364334106445,10020,-6.87584638595581,10020,-0.143867492675781,10020,-7.95366287231445,10020,-0.0385551452636719,10020,-4.35497760772705,10020,-0.0238676071166992,10020,-0.0394926071166992,10020,-0.152852058410645,10020,-0.0468358993530273,10020,-0.137148857116699,10020,-0.0412111282348633
10030,-0.146679878234863,10030,-0.138867378234863,10030,-0.0729303359985352,10030,-0.165040016174316,10030,-0.131524085998535,10030,-0.133242607116699,10030,-0.146368026733398,10030,-0.126914978027344,10030,-0.0472269058227539,10030,-0.033320426940918,10030,-0.0332422256469727,10030,-0.118320465087891,10030,-0.0491018295288086,10030,-6.90264320373535,10030,-0.143789291381836,10030,-7.80999088287354,10030,-0.0379295349121094,10030,-4.58825969696045,10030,-0.0238676071166992,10030,-0.0394144058227539,10030,-0.152695655822754,10030,-0.046757698059082,10030,-0.137070655822754,10030,-0.0410547256469727
10040,-0.146601676940918,10040,-0.138867378234863,10040,-0.0724611282348633,10040,-0.165118217468262,10040,-0.13144588470459,10040,-0.133242607116699,10040,-0.146368026733398,10040,-0.126992225646973,10040,-0.0471487045288086,10040,-0.033320426940918,10040,-0.0329294204711914,10040,-0.118242263793945,10040,-0.0490236282348633,10040,-6.92725276947021,10040,-0.143789291381836,10040,-7.67303657531738,10040,-0.0373048782348633,10040,-4.79427576065063,10040,-0.0238676071166992,10040,-0.0393362045288086,10040,-0.152617454528809,10040,-0.0466794967651367,10040,-0.136992454528809,10040,-0.0409765243530273
10050,-0.146524429321289,10050,-0.138789176940918,10050,-0.0719928741455078,10050,-0.165195465087891,10050,-0.131367683410645,10050,-0.133320808410645,10050,-0.146368026733398,10050,-0.126992225646973,10050,-0.046992301940918,10050,-0.033320426940918,10050,-0.0327739715576172,10050,-0.1181640625,10050,-0.048945426940918,10050,-6.939284324646,10050,-0.143711090087891,10050,-7.53389549255371,10050,-0.0368356704711914,10050,-4.97677659988403,10050,-0.0238676071166992,10050,-0.039179801940918,10050,-0.152461051940918,10050,-0.0466012954711914,10050,-0.136914253234863,10050,-0.040898323059082
10060,-0.146446228027344,10060,-0.138789176940918,10060,-0.0716018676757812,10060,-0.165195465087891,10060,-0.131289482116699,10060,-0.133320808410645,10060,-0.146368026733398,10060,-0.126992225646973,10060,-0.0468358993530273,10060,-0.033320426940918,10060,-0.0326175689697266,10060,-0.118086814880371,10060,-0.048945426940918,10060,-6.96514368057251,10060,-0.143632888793945,10060,-7.41678619384766,10060,-0.0364456176757812,10060,-5.13388681411743,10060,-0.0238676071166992,10060,-0.0391016006469727,10060,-0.152383804321289,10060,-0.0465240478515625,10060,-0.136836051940918,10060,-0.0408201217651367
10070,-0.146368026733398,10070,-0.138710975646973,10070,-0.0711326599121094,10070,-0.165273666381836,10070,-0.131133079528809,10070,-0.133320808410645,10070,-0.146368026733398,10070,-0.126992225646973,10070,-0.0466794967651367,10070,-0.033320426940918,10070,-0.0324611663818359,10070,-0.118008613586426,10070,-0.0490236282348633,10070,-6.98772144317627,10070,-0.143632888793945,10070,-7.30522298812866,10070,-0.0360546112060547,10070,-5.26998090744019,10070,-0.0238676071166992,10070,-0.038945198059082,10070,-0.152227401733398,10070,-0.0465240478515625,10070,-0.136757850646973,10070,-0.0406637191772461
10080,-0.146211624145508,10080,-0.138710975646973,10080,-0.0706644058227539,10080,-0.165351867675781,10080,-0.131054878234863,10080,-0.133320808410645,10080,-0.146368026733398,10080,-0.126992225646973,10080,-0.0465240478515625,10080,-0.033320426940918,10080,-0.0323829650878906,10080,-0.11793041229248,10080,-0.0488672256469727,10080,-7.007643699646,10080,-0.143555641174316,10080,-7.20631647109985,10080,-0.0356645584106445,10080,-5.38224697113037,10080,-0.0238676071166992,10080,-0.0388669967651367,10080,-0.152149200439453,10080,-0.0464458465576172,10080,-0.136757850646973,10080,-0.0405864715576172
10090,-0.146133422851562,10090,-0.138633728027344,10090,-0.0702733993530273,10090,-0.165351867675781,10090,-0.130976676940918,10090,-0.13339900970459,10090,-0.146368026733398,10090,-0.127070426940918,10090,-0.0463676452636719,10090,-0.033320426940918,10090,-0.0323829650878906,10090,-0.117852210998535,10090,-0.048710823059082,10090,-7.02631568908691,10090,-0.143555641174316,10090,-7.1138162612915,10090,-0.0353517532348633,10090,-5.48584127426147,10090,-0.0238676071166992,10090,-0.0387887954711914,10090,-0.152070999145508,10090,-0.0463676452636719,10090,-0.136680603027344,10090,-0.0405082702636719
10100,-0.146055221557617,10100,-0.138633728027344,10100,-0.0698833465576172,10100,-0.165430068969727,10100,-0.130898475646973,10100,-0.13339900970459,10100,-0.146368026733398,10100,-0.127070426940918,10100,-0.0462894439697266,10100,-0.033320426940918,10100,-0.0323047637939453,10100,-0.11777400970459,10100,-0.0486326217651367,10100,-7.04389381408691,10100,-0.143477439880371,10100,-7.02990913391113,10100,-0.035038948059082,10100,-5.57677888870239,10100,-0.0238676071166992,10100,-0.0387105941772461,10100,-0.151992797851562,10100,-0.0463676452636719,10100,-0.136602401733398,10100,-0.0404300689697266
10110,-0.145977020263672,10110,-0.138633728027344,10110,-0.0694923400878906,10110,-0.165430068969727,10110,-0.130821228027344,10110,-0.13339900970459,10110,-0.146368026733398,10110,-0.127070426940918,10110,-0.0461330413818359,10110,-0.0333986282348633,10110,-0.0323047637939453,10110,-0.117695808410645,10110,-0.0486326217651367,10110,-7.06076908111572,10110,-0.143477439880371,10110,-6.95467472076416,10110,-0.0348043441772461,10110,-5.65084171295166,10110,-0.0238676071166992,10110,-0.0385551452636719,10110,-0.151914596557617,10110,-0.0462894439697266,10110,-0.136602401733398,10110,-0.0403518676757812
10120,-0.145898818969727,10120,-0.138555526733398,10120,-0.0690240859985352,10120,-0.165508270263672,10120,-0.130664825439453,10120,-0.133477210998535,10120,-0.146368026733398,10120,-0.127070426940918,10120,-0.0460548400878906,10120,-0.0333986282348633,10120,-0.0322265625,10120,-0.117617607116699,10120,-0.0485544204711914,10120,-7.07670640945435,10120,-0.143399238586426,10120,-6.88850259780884,10120,-0.0345706939697266,10120,-5.70990467071533,10120,-0.0238676071166992,10120,-0.0384769439697266,10120,-0.151758193969727,10120,-0.0462112426757812,10120,-0.136524200439453,10120,-0.0402736663818359
10130,-0.145820617675781,10130,-0.138555526733398,10130,-0.0687112808227539,10130,-0.165508270263672,10130,-0.130586624145508,10130,-0.133477210998535,10130,-0.146368026733398,10130,-0.127070426940918,10130,-0.0459766387939453,10130,-0.0333986282348633,10130,-0.0321483612060547,10130,-0.117617607116699,10130,-0.0485544204711914,10130,-7.09186267852783,10130,-0.143399238586426,10130,-6.82592439651489,10130,-0.0344142913818359,10130,-5.76490449905396,10130,-0.0238676071166992,10130,-0.0383987426757812,10130,-0.151679992675781,10130,-0.0462112426757812,10130,-0.136445999145508,10130,-0.0401954650878906
10140,-0.145742416381836,10140,-0.138555526733398,10140,-0.0683202743530273,10140,-0.165586471557617,10140,-0.130508422851562,10140,-0.133477210998535,10140,-0.146368026733398,10140,-0.127070426940918,10140,-0.0458984375,10140,-0.0333986282348633,10140,-0.0320701599121094,10140,-0.117539405822754,10140,-0.0485544204711914,10140,-7.10537815093994,10140,-0.14332103729248,10140,-6.76975250244141,10140,-0.0342578887939453,10140,-5.81592035293579,10140,-0.0238676071166992,10140,-0.0383205413818359,10140,-0.151601791381836,10140,-0.0461330413818359,10140,-0.136445999145508,10140,-0.0401172637939453
10150,-0.145664215087891,10150,-0.138477325439453,10150,-0.0679302215576172,10150,-0.165586471557617,10150,-0.130430221557617,10150,-0.133477210998535,10150,-0.146368026733398,10150,-0.127070426940918,10150,-0.0457420349121094,10150,-0.0334768295288086,10150,-0.0320701599121094,10150,-0.117461204528809,10150,-0.0484771728515625,10150,-7.11897230148315,10150,-0.14332103729248,10150,-6.71818923950195,10150,-0.0341014862060547,10150,-5.85771751403809,10150,-0.0238676071166992,10150,-0.0382423400878906,10150,-0.151523590087891,10150,-0.0461330413818359,10150,-0.136367797851562,10150,-0.0401172637939453
10160,-0.145586013793945,10160,-0.138477325439453,10160,-0.0675392150878906,10160,-0.165586471557617,10160,-0.130352020263672,10160,-0.13355541229248,10160,-0.146368026733398,10160,-0.127070426940918,10160,-0.0456638336181641,10160,-0.0334768295288086,10160,-0.0319919586181641,10160,-0.117383003234863,10160,-0.0485544204711914,10160,-7.1319408416748,10160,-0.14332103729248,10160,-6.6681113243103,10160,-0.0340232849121094,10160,-5.90357685089111,10160,-0.0238676071166992,10160,-0.0381641387939453,10160,-0.151445388793945,10160,-0.0461330413818359,10160,-0.136367797851562,10160,-0.0400390625
10170,-0.145508766174316,10170,-0.138477325439453,10170,-0.0672264099121094,10170,-0.165664672851562,10170,-0.130273818969727,10170,-0.13355541229248,10170,-0.146368026733398,10170,-0.127070426940918,10170,-0.0455856323242188,10170,-0.0334768295288086,10170,-0.0319919586181641,10170,-0.117383003234863,10170,-0.0486326217651367,10170,-7.14522266387939,10170,-0.143242835998535,10170,-6.6206111907959,10170,-0.0338668823242188,10170,-5.93740510940552,10170,-0.0238676071166992,10170,-0.0380859375,10170,-0.151289939880371,10170,-0.0460548400878906,10170,-0.136289596557617,10170,-0.0399608612060547
10180,-0.145430564880371,10180,-0.138399124145508,10180,-0.0668363571166992,10180,-0.165664672851562,10180,-0.130195617675781,10180,-0.13355541229248,10180,-0.146368026733398,10180,-0.127070426940918,10180,-0.0455083847045898,10180,-0.0334768295288086,10180,-0.0319137573242188,10180,-0.117304801940918,10180,-0.0485544204711914,10180,-7.15858173370361,10180,-0.143242835998535,10180,-6.57795429229736,10180,-0.0337114334106445,10180,-5.96513986587524,10180,-0.0238676071166992,10180,-0.0380077362060547,10180,-0.151211738586426,10180,-0.0460548400878906,10180,-0.136289596557617,10180,-0.0398826599121094
10190,-0.145352363586426,10190,-0.138399124145508,10190,-0.066523551940918,10190,-0.165664672851562,10190,-0.130117416381836,10190,-0.13355541229248,10190,-0.146368026733398,10190,-0.127070426940918,10190,-0.0454301834106445,10190,-0.0335550308227539,10190,-0.0319137573242188,10190,-0.117226600646973,10190,-0.0485544204711914,10190,-7.17100381851196,10190,-0.143242835998535,10190,-6.53732967376709,10190,-0.0335550308227539,10190,-5.98701477050781,10190,-0.0238676071166992,10190,-0.0379295349121094,10190,-0.15113353729248,10190,-0.0460548400878906,10190,-0.136211395263672,10190,-0.0398826599121094
10200,-0.14527416229248,10200,-0.138399124145508,10200,-0.0661334991455078,10200,-0.165664672851562,10200,-0.130117416381836,10200,-0.13355541229248,10200,-0.146368026733398,10200,-0.127070426940918,10200,-0.0453519821166992,10200,-0.0335550308227539,10200,-0.0319137573242188,10200,-0.117226600646973,10200,-0.0484771728515625,10200,-7.18311309814453,10200,-0.143242835998535,10200,-6.50209522247314,10200,-0.0333986282348633,10200,-6.00654602050781,10200,-0.0238676071166992,10200,-0.0378513336181641,10200,-0.151055335998535,10200,-0.0460548400878906,10200,-0.136211395263672,10200,-0.0398044586181641
10210,-0.145195960998535,10210,-0.138399124145508,10210,-0.0658206939697266,10210,-0.165664672851562,10210,-0.130039215087891,10210,-0.13355541229248,10210,-0.146368026733398,10210,-0.127070426940918,10210,-0.0453519821166992,10210,-0.0335550308227539,10210,-0.0319137573242188,10210,-0.117148399353027,10210,-0.0484771728515625,10210,-7.19412899017334,10210,-0.143242835998535,10210,-6.46896982192993,10210,-0.0332422256469727,10210,-6.02420234680176,10210,-0.0238676071166992,10210,-0.0377731323242188,10210,-0.15097713470459,10210,-0.0460548400878906,10210,-0.136133193969727,10210,-0.0398044586181641
10220,-0.145195960998535,10220,-0.138320922851562,10220,-0.0655078887939453,10220,-0.165742874145508,10220,-0.129961013793945,10220,-0.133633613586426,10220,-0.146289825439453,10220,-0.127070426940918,10220,-0.0452737808227539,10220,-0.0335550308227539,10220,-0.0319137573242188,10220,-0.117071151733398,10220,-0.0483989715576172,10220,-7.20389461517334,10220,-0.143242835998535,10220,-6.43857908248901,10220,-0.033085823059082,10220,-6.03826522827148,10220,-0.0238676071166992,10220,-0.0376958847045898,10220,-0.15097713470459,10220,-0.0459766387939453,10220,-0.136133193969727,10220,-0.0397262573242188
10230,-0.14511775970459,10230,-0.138320922851562,10230,-0.0651950836181641,10230,-0.165742874145508,10230,-0.1298828125,10230,-0.133633613586426,10230,-0.146289825439453,10230,-0.126992225646973,10230,-0.0451955795288086,10230,-0.0336332321166992,10230,-0.0318355560302734,10230,-0.117071151733398,10230,-0.0483207702636719,10230,-7.21264457702637,10230,-0.14316463470459,10230,-6.41303205490112,10230,-0.0329294204711914,10230,-6.04810905456543,10230,-0.0238676071166992,10230,-0.0376958847045898,10230,-0.150898933410645,10230,-0.0459766387939453,10230,-0.136054992675781,10230,-0.0396490097045898
10240,-0.145039558410645,10240,-0.138320922851562,10240,-0.0648832321166992,10240,-0.165742874145508,10240,-0.129805564880371,10240,-0.133633613586426,10240,-0.146289825439453,10240,-0.126992225646973,10240,-0.0451173782348633,10240,-0.0336332321166992,10240,-0.0318355560302734,10240,-0.116992950439453,10240,-0.0482425689697266,10240,-7.22139453887939,10240,-0.14316463470459,10240,-6.38920402526855,10240,-0.0327739715576172,10240,-6.05560874938965,10240,-0.0238676071166992,10240,-0.0376176834106445,10240,-0.150820732116699,10240,-0.0459766387939453,10240,-0.136054992675781,10240,-0.0396490097045898
10250,-0.144961357116699,10250,-0.138320922851562,10250,-0.064570426940918,10250,-0.165742874145508,10250,-0.129805564880371,10250,-0.133633613586426,10250,-0.146289825439453,10250,-0.126992225646973,10250,-0.0451173782348633,10250,-0.0337114334106445,10250,-0.0317583084106445,10250,-0.116992950439453,10250,-0.0483989715576172,10250,-7.23084783554077,10250,-0.14316463470459,10250,-6.36756324768066,10250,-0.0326175689697266,10250,-6.06045246124268,10250,-0.0238676071166992,10250,-0.0375394821166992,10250,-0.150742530822754,10250,-0.0459766387939453,10250,-0.135976791381836,10250,-0.0395708084106445
10260,-0.144961357116699,10260,-0.138242721557617,10260,-0.0642576217651367,10260,-0.165742874145508,10260,-0.129727363586426,10260,-0.133633613586426,10260,-0.146289825439453,10260,-0.126992225646973,10260,-0.045039176940918,10260,-0.0337114334106445,10260,-0.0317583084106445,10260,-0.116914749145508,10260,-0.0483989715576172,10260,-7.23951959609985,10260,-0.14316463470459,10260,-6.34435987472534,10260,-0.0324611663818359,10260,-6.07068729400635,10260,-0.0238676071166992,10260,-0.0374612808227539,10260,-0.150664329528809,10260,-0.0459766387939453,10260,-0.135976791381836,10260,-0.0395708084106445
10270,-0.144883155822754,10270,-0.138242721557617,10270,-0.0639457702636719,10270,-0.165821075439453,10270,-0.12964916229248,10270,-0.133633613586426,10270,-0.146289825439453,10270,-0.126992225646973,10270,-0.0449609756469727,10270,-0.0337886810302734,10270,-0.0317583084106445,10270,-0.116914749145508,10270,-0.0483207702636719,10270,-7.24905109405518,10270,-0.14316463470459,10270,-6.32373523712158,10270,-0.0323047637939453,10270,-6.0745153427124,10270,-0.0238676071166992,10270,-0.0373830795288086,10270,-0.150664329528809,10270,-0.0459766387939453,10270,-0.135976791381836,10270,-0.0394926071166992
10280,-0.144804954528809,10280,-0.138242721557617,10280,-0.0636329650878906,10280,-0.165821075439453,10280,-0.129570960998535,10280,-0.133711814880371,10280,-0.146289825439453,10280,-0.126992225646973,10280,-0.0449609756469727,10280,-0.0337886810302734,10280,-0.0318355560302734,10280,-0.116836547851562,10280,-0.0481643676757812,10280,-7.25686359405518,10280,-0.14316463470459,10280,-6.30490684509277,10280,-0.0322265625,10280,-6.07904624938965,10280,-0.0238676071166992,10280,-0.0373830795288086,10280,-0.150586128234863,10280,-0.0459766387939453,10280,-0.135898590087891,10280,-0.0394926071166992
10290,-0.144804954528809,10290,-0.138242721557617,10290,-0.0633201599121094,10290,-0.165821075439453,10290,-0.129570960998535,10290,-0.133711814880371,10290,-0.146289825439453,10290,-0.126914978027344,10290,-0.0448827743530273,10290,-0.0338668823242188,10290,-0.0319137573242188,10290,-0.116758346557617,10290,-0.0481643676757812,10290,-7.26530075073242,10290,-0.14316463470459,10290,-6.28717231750488,10290,-0.0320701599121094,10290,-6.08514022827148,10290,-0.0238676071166992,10290,-0.0373048782348633,10290,-0.150507926940918,10290,-0.0459766387939453,10290,-0.135898590087891,10290,-0.0394144058227539
10300,-0.144726753234863,10300,-0.138242721557617,10300,-0.0630865097045898,10300,-0.165821075439453,10300,-0.12949275970459,10300,-0.133711814880371,10300,-0.146211624145508,10300,-0.126914978027344,10300,-0.044804573059082,10300,-0.0338668823242188,10300,-0.0319137573242188,10300,-0.116758346557617,10300,-0.0480861663818359,10300,-7.27272319793701,10300,-0.14316463470459,10300,-6.26842212677002,10300,-0.0319137573242188,10300,-6.08982753753662,10300,-0.0238676071166992,10300,-0.037226676940918,10300,-0.150430679321289,10300,-0.0460548400878906,10300,-0.135820388793945,10300,-0.0394144058227539
10310,-0.144726753234863,10310,-0.138242721557617,10310,-0.0627737045288086,10310,-0.165821075439453,10310,-0.129414558410645,10310,-0.133711814880371,10310,-0.146211624145508,10310,-0.126914978027344,10310,-0.0447263717651367,10310,-0.0339450836181641,10310,-0.0319137573242188,10310,-0.116680145263672,10310,-0.0480861663818359,10310,-7.27959823608398,10310,-0.14316463470459,10310,-6.25146865844727,10310,-0.0317583084106445,10310,-6.09724950790405,10310,-0.0238676071166992,10310,-0.037226676940918,10310,-0.150430679321289,10310,-0.0460548400878906,10310,-0.135820388793945,10310,-0.0393362045288086
10320,-0.144648551940918,10320,-0.138164520263672,10320,-0.0625391006469727,10320,-0.165899276733398,10320,-0.129414558410645,10320,-0.133711814880371,10320,-0.146211624145508,10320,-0.126914978027344,10320,-0.0447263717651367,10320,-0.0339450836181641,10320,-0.0319137573242188,10320,-0.116680145263672,10320,-0.0480861663818359,10320,-7.28553533554077,10320,-0.143086433410645,10320,-6.23662519454956,10320,-0.0316019058227539,10320,-6.10779666900635,10320,-0.0238676071166992,10320,-0.0371484756469727,10320,-0.150352478027344,10320,-0.0460548400878906,10320,-0.135820388793945,10320,-0.0393362045288086
10330,-0.144648551940918,10330,-0.138164520263672,10330,-0.0622262954711914,10330,-0.165899276733398,10330,-0.129336357116699,10330,-0.133711814880371,10330,-0.146211624145508,10330,-0.126914978027344,10330,-0.0446481704711914,10330,-0.0340232849121094,10330,-0.0319137573242188,10330,-0.116680145263672,10330,-0.0480079650878906,10330,-7.29170703887939,10330,-0.143086433410645,10330,-6.22310972213745,10330,-0.0314455032348633,10330,-6.10990619659424,10330,-0.0238676071166992,10330,-0.0370702743530273,10330,-0.150274276733398,10330,-0.0460548400878906,10330,-0.135743141174316,10330,-0.0393362045288086
10340,-0.144570350646973,10340,-0.138164520263672,10340,-0.0619926452636719,10340,-0.165899276733398,10340,-0.129258155822754,10340,-0.133711814880371,10340,-0.146211624145508,10340,-0.126914978027344,10340,-0.0445699691772461,10340,-0.0340232849121094,10340,-0.0319137573242188,10340,-0.116601943969727,10340,-0.0479297637939453,10340,-7.29701995849609,10340,-0.143086433410645,10340,-6.21092176437378,10340,-0.031367301940918,10340,-6.11154651641846,10340,-0.0238676071166992,10340,-0.0370702743530273,10340,-0.150274276733398,10340,-0.0461330413818359,10340,-0.135743141174316,10340,-0.0392580032348633
10350,-0.144570350646973,10350,-0.138164520263672,10350,-0.0617580413818359,10350,-0.165899276733398,10350,-0.129258155822754,10350,-0.133711814880371,10350,-0.146211624145508,10350,-0.126914978027344,10350,-0.0444927215576172,10350,-0.0341014862060547,10350,-0.0319137573242188,10350,-0.116601943969727,10350,-0.0479297637939453,10350,-7.30233240127563,10350,-0.143086433410645,10350,-6.2002968788147,10350,-0.0312108993530273,10350,-6.10779666900635,10350,-0.0238676071166992,10350,-0.036992073059082,10350,-0.150196075439453,10350,-0.0461330413818359,10350,-0.135743141174316,10350,-0.0392580032348633
10360,-0.144493103027344,10360,-0.138164520263672,10360,-0.0614452362060547,10360,-0.165899276733398,10360,-0.129179954528809,10360,-0.133711814880371,10360,-0.146211624145508,10360,-0.126914978027344,10360,-0.0444927215576172,10360,-0.0341796875,10360,-0.0319137573242188,10360,-0.116523742675781,10360,-0.0478515625,10360,-7.30811357498169,10360,-0.143086433410645,10360,-6.19037485122681,10360,-0.0310544967651367,10360,-6.10857772827148,10360,-0.0238676071166992,10360,-0.0369138717651367,10360,-0.150196075439453,10360,-0.0461330413818359,10360,-0.135664939880371,10360,-0.0392580032348633
10370,-0.144493103027344,10370,-0.138164520263672,10370,-0.0612115859985352,10370,-0.165977478027344,10370,-0.129179954528809,10370,-0.133711814880371,10370,-0.146211624145508,10370,-0.126836776733398,10370,-0.0444145202636719,10370,-0.0341796875,10370,-0.0318355560302734,10370,-0.116523742675781,10370,-0.0478515625,10370,-7.31303548812866,10370,-0.143086433410645,10370,-6.1813907623291,10370,-0.0309762954711914,10370,-6.11139011383057,10370,-0.0238676071166992,10370,-0.0369138717651367,10370,-0.150117874145508,10370,-0.0461330413818359,10370,-0.135664939880371,10370,-0.039179801940918
10380,-0.144414901733398,10380,-0.138164520263672,10380,-0.0609769821166992,10380,-0.165977478027344,10380,-0.129101753234863,10380,-0.1337890625,10380,-0.146133422851562,10380,-0.126836776733398,10380,-0.0444145202636719,10380,-0.0342578887939453,10380,-0.0318355560302734,10380,-0.116523742675781,10380,-0.0478515625,10380,-7.31717586517334,10380,-0.143086433410645,10380,-6.1721715927124,10380,-0.0308208465576172,10380,-6.11264038085938,10380,-0.0238676071166992,10380,-0.0368356704711914,10380,-0.150117874145508,10380,-0.0462112426757812,10380,-0.135664939880371,10380,-0.039179801940918
10390,-0.144414901733398,10390,-0.138086318969727,10390,-0.0607423782348633,10390,-0.165977478027344,10390,-0.129023551940918,10390,-0.1337890625,10390,-0.146133422851562,10390,-0.126836776733398,10390,-0.0443363189697266,10390,-0.0342578887939453,10390,-0.0318355560302734,10390,-0.116445541381836,10390,-0.0478515625,10390,-7.32108211517334,10390,-0.143086433410645,10390,-6.16349983215332,10390,-0.0307426452636719,10390,-6.10920286178589,10390,-0.0238676071166992,10390,-0.0368356704711914,10390,-0.150039672851562,10390,-0.0462112426757812,10390,-0.135586738586426,10390,-0.039179801940918
10400,-0.144336700439453,10400,-0.138086318969727,10400,-0.0605077743530273,10400,-0.165977478027344,10400,-0.129023551940918,10400,-0.1337890625,10400,-0.146133422851562,10400,-0.126836776733398,10400,-0.0443363189697266,10400,-0.0343360900878906,10400,-0.0318355560302734,10400,-0.116445541381836,10400,-0.0477733612060547,10400,-7.32452011108398,10400,-0.143008232116699,10400,-6.15396881103516,10400,-0.0305862426757812,10400,-6.11303091049194,10400,-0.0238676071166992,10400,-0.0367574691772461,10400,-0.150039672851562,10400,-0.0462894439697266,10400,-0.135586738586426,10400,-0.0391016006469727
10410,-0.144336700439453,10410,-0.138086318969727,10410,-0.0602731704711914,10410,-0.165977478027344,10410,-0.128945350646973,10410,-0.1337890625,10410,-0.146133422851562,10410,-0.126836776733398,10410,-0.0442581176757812,10410,-0.0343360900878906,10410,-0.0317583084106445,10410,-0.116367340087891,10410,-0.0476951599121094,10410,-7.32803535461426,10410,-0.143008232116699,10410,-6.14310932159424,10410,-0.0305080413818359,10410,-6.11123418807983,10410,-0.0238676071166992,10410,-0.0367574691772461,10410,-0.149961471557617,10410,-0.0462894439697266,10410,-0.135586738586426,10410,-0.0391016006469727
10420,-0.144258499145508,10420,-0.138086318969727,10420,-0.0600395202636719,10420,-0.165977478027344,10420,-0.128945350646973,10420,-0.1337890625,10420,-0.146133422851562,10420,-0.126836776733398,10420,-0.0442581176757812,10420,-0.0344142913818359,10420,-0.0317583084106445,10420,-0.116367340087891,10420,-0.0476169586181641,10420,-7.33178567886353,10420,-0.143008232116699,10420,-6.13357782363892,10420,-0.0304298400878906,10420,-6.10631227493286,10420,-0.0238676071166992,10420,-0.0366802215576172,10420,-0.149883270263672,10420,-0.0462894439697266,10420,-0.13550853729248,10420,-0.0391016006469727
10430,-0.144258499145508,10430,-0.138086318969727,10430,-0.0598831176757812,10430,-0.165977478027344,10430,-0.128868103027344,10430,-0.1337890625,10430,-0.146133422851562,10430,-0.126836776733398,10430,-0.0441799163818359,10430,-0.0344924926757812,10430,-0.0316801071166992,10430,-0.116367340087891,10430,-0.0476169586181641,10430,-7.33561372756958,10430,-0.143008232116699,10430,-6.12584352493286,10430,-0.0302734375,10430,-6.1038122177124,10430,-0.0238676071166992,10430,-0.0366802215576172,10430,-0.149883270263672,10430,-0.0463676452636719,10430,-0.13550853729248,10430,-0.0391016006469727
10440,-0.144180297851562,10440,-0.138086318969727,10440,-0.0596485137939453,10440,-0.166055679321289,10440,-0.128868103027344,10440,-0.1337890625,10440,-0.146133422851562,10440,-0.126836776733398,10440,-0.0441799163818359,10440,-0.0344924926757812,10440,-0.0316801071166992,10440,-0.116289138793945,10440,-0.0479297637939453,10440,-7.34006690979004,10440,-0.143008232116699,10440,-6.11787462234497,10440,-0.0301952362060547,10440,-6.10053110122681,10440,-0.0238676071166992,10440,-0.0366802215576172,10440,-0.149883270263672,10440,-0.0463676452636719,10440,-0.13550853729248,10440,-0.0391016006469727
10450,-0.144180297851562,10450,-0.138086318969727,10450,-0.0594139099121094,10450,-0.166055679321289,10450,-0.128789901733398,10450,-0.1337890625,10450,-0.146055221557617,10450,-0.126836776733398,10450,-0.0441017150878906,10450,-0.0345706939697266,10450,-0.0316801071166992,10450,-0.116289138793945,10450,-0.0478515625,10450,-7.34467601776123,10450,-0.143008232116699,10450,-6.10920286178589,10450,-0.0301170349121094,10450,-6.09904670715332,10450,-0.0238676071166992,10450,-0.0366020202636719,10450,-0.149805068969727,10450,-0.0464458465576172,10450,-0.13550853729248,10450,-0.0390233993530273
10460,-0.144180297851562,10460,-0.138086318969727,10460,-0.0591802597045898,10460,-0.166055679321289,10460,-0.128789901733398,10460,-0.1337890625,10460,-0.146055221557617,10460,-0.126836776733398,10460,-0.0441017150878906,10460,-0.0345706939697266,10460,-0.0316019058227539,10460,-0.116289138793945,10460,-0.0476169586181641,10460,-7.34850406646729,10460,-0.143008232116699,10460,-6.09935903549194,10460,-0.0299606323242188,10460,-6.09935903549194,10460,-0.0238676071166992,10460,-0.0366020202636719,10460,-0.149805068969727,10460,-0.0464458465576172,10460,-0.135430335998535,10460,-0.0390233993530273
10470,-0.144102096557617,10470,-0.138086318969727,10470,-0.0590238571166992,10470,-0.166055679321289,10470,-0.128789901733398,10470,-0.1337890625,10470,-0.146055221557617,10470,-0.126836776733398,10470,-0.0441017150878906,10470,-0.0346488952636719,10470,-0.0316019058227539,10470,-0.1162109375,10470,-0.0474615097045898,10470,-7.35202026367188,10470,-0.143008232116699,10470,-6.091468334198,10470,-0.0298824310302734,10470,-6.09623384475708,10470,-0.0238676071166992,10470,-0.0365238189697266,10470,-0.149726867675781,10470,-0.0465240478515625,10470,-0.135430335998535,10470,-0.0390233993530273
10480,-0.144102096557617,10480,-0.138086318969727,10480,-0.0587892532348633,10480,-0.166055679321289,10480,-0.128711700439453,10480,-0.1337890625,10480,-0.146055221557617,10480,-0.126836776733398,10480,-0.0440235137939453,10480,-0.0347270965576172,10480,-0.0316019058227539,10480,-0.1162109375,10480,-0.0473051071166992,10480,-7.35553550720215,10480,-0.142930030822754,10480,-6.08467149734497,10480,-0.0298051834106445,10480,-6.09709358215332,10480,-0.0238676071166992,10480,-0.0365238189697266,10480,-0.149726867675781,10480,-0.0465240478515625,10480,-0.135430335998535,10480,-0.0390233993530273
10490,-0.144023895263672,10490,-0.138086318969727,10490,-0.0585546493530273,10490,-0.166055679321289,10490,-0.128711700439453,10490,-0.1337890625,10490,-0.146055221557617,10490,-0.126836776733398,10490,-0.0440235137939453,10490,-0.0347270965576172,10490,-0.0316019058227539,10490,-0.1162109375,10490,-0.0472269058227539,10490,-7.35951995849609,10490,-0.142930030822754,10490,-6.07803106307983,10490,-0.0296487808227539,10490,-6.093421459198,10490,-0.0238676071166992,10490,-0.0364456176757812,10490,-0.149648666381836,10490,-0.0466012954711914,10490,-0.13535213470459,10490,-0.038945198059082
10500,-0.144023895263672,10500,-0.138008117675781,10500,-0.0583982467651367,10500,-0.166055679321289,10500,-0.128633499145508,10500,-0.1337890625,10500,-0.146055221557617,10500,-0.126836776733398,10500,-0.0440235137939453,10500,-0.0348043441772461,10500,-0.0316019058227539,10500,-0.116133689880371,10500,-0.0473051071166992,10500,-7.36366081237793,10500,-0.142930030822754,10500,-6.07076501846313,10500,-0.0295705795288086,10500,-6.10060882568359,10500,-0.0238676071166992,10500,-0.0364456176757812,10500,-0.149648666381836,10500,-0.0466012954711914,10500,-0.13535213470459,10500,-0.038945198059082
10510,-0.143945693969727,10510,-0.138008117675781,10510,-0.0581645965576172,10510,-0.166055679321289,10510,-0.128633499145508,10510,-0.133867263793945,10510,-0.146055221557617,10510,-0.126836776733398,10510,-0.0439453125,10510,-0.0348825454711914,10510,-0.0315237045288086,10510,-0.116133689880371,10510,-0.0473051071166992,10510,-7.36842632293701,10510,-0.142930030822754,10510,-6.06443691253662,10510,-0.0294923782348633,10510,-6.09857797622681,10510,-0.0238676071166992,10510,-0.0363674163818359,10510,-0.149570465087891,10510,-0.0466794967651367,10510,-0.13535213470459,10510,-0.038945198059082
10520,-0.143945693969727,10520,-0.138008117675781,10520,-0.0580081939697266,10520,-0.166055679321289,10520,-0.128555297851562,10520,-0.133867263793945,10520,-0.146055221557617,10520,-0.126836776733398,10520,-0.0439453125,10520,-0.0348825454711914,10520,-0.0315237045288086,10520,-0.116133689880371,10520,-0.0472269058227539,10520,-7.37272357940674,10520,-0.142930030822754,10520,-6.05834341049194,10520,-0.029414176940918,10520,-6.09560918807983,10520,-0.0238676071166992,10520,-0.0363674163818359,10520,-0.149570465087891,10520,-0.0466794967651367,10520,-0.135273933410645,10520,-0.038945198059082
10530,-0.143945693969727,10530,-0.138008117675781,10530,-0.0577735900878906,10530,-0.166055679321289,10530,-0.128555297851562,10530,-0.133867263793945,10530,-0.145977020263672,10530,-0.126836776733398,10530,-0.0439453125,10530,-0.0349607467651367,10530,-0.0315237045288086,10530,-0.116133689880371,10530,-0.0471487045288086,10530,-7.37623882293701,10530,-0.142930030822754,10530,-6.05334329605103,10530,-0.0292577743530273,10530,-6.091468334198,10530,-0.0238676071166992,10530,-0.0363674163818359,10530,-0.149492263793945,10530,-0.046757698059082,10530,-0.135273933410645,10530,-0.038945198059082
10540,-0.143867492675781,10540,-0.138008117675781,10540,-0.0576171875,10540,-0.166055679321289,10540,-0.128477096557617,10540,-0.133867263793945,10540,-0.145977020263672,10540,-0.126836776733398,10540,-0.0439453125,10540,-0.035038948059082,10540,-0.0315237045288086,10540,-0.116055488586426,10540,-0.0470705032348633,10540,-7.38006687164307,10540,-0.142851829528809,10540,-6.04639005661011,10540,-0.029179573059082,10540,-6.093421459198,10540,-0.0238676071166992,10540,-0.0362892150878906,10540,-0.149492263793945,10540,-0.0468358993530273,10540,-0.135273933410645,10540,-0.0388669967651367
10550,-0.143867492675781,10550,-0.138008117675781,10550,-0.0574607849121094,10550,-0.166055679321289,10550,-0.128477096557617,10550,-0.133867263793945,10550,-0.145977020263672,10550,-0.126836776733398,10550,-0.0438671112060547,10550,-0.035038948059082,10550,-0.0314455032348633,10550,-0.116055488586426,10550,-0.0470705032348633,10550,-7.38397312164307,10550,-0.142851829528809,10550,-6.04318714141846,10550,-0.0291013717651367,10550,-6.09303092956543,10550,-0.0238676071166992,10550,-0.0362892150878906,10550,-0.149415016174316,10550,-0.0468358993530273,10550,-0.135273933410645,10550,-0.0388669967651367
10560,-0.143867492675781,10560,-0.138008117675781,10560,-0.0572271347045898,10560,-0.166055679321289,10560,-0.128477096557617,10560,-0.133867263793945,10560,-0.145977020263672,10560,-0.126836776733398,10560,-0.0438671112060547,10560,-0.0351171493530273,10560,-0.0314455032348633,10560,-0.116055488586426,10560,-0.0469141006469727,10560,-7.38764524459839,10560,-0.142851829528809,10560,-6.03764009475708,10560,-0.0290231704711914,10560,-6.09318733215332,10560,-0.0238676071166992,10560,-0.0362110137939453,10560,-0.149415016174316,10560,-0.0469141006469727,10560,-0.135195732116699,10560,-0.0388669967651367
10570,-0.143789291381836,10570,-0.138008117675781,10570,-0.0570707321166992,10570,-0.166055679321289,10570,-0.128398895263672,10570,-0.133867263793945,10570,-0.145977020263672,10570,-0.126758575439453,10570,-0.0438671112060547,10570,-0.0351953506469727,10570,-0.0314455032348633,10570,-0.116055488586426,10570,-0.0468358993530273,10570,-7.39155149459839,10570,-0.142851829528809,10570,-6.03365564346313,10570,-0.0289449691772461,10570,-6.09474945068359,10570,-0.0238676071166992,10570,-0.0362110137939453,10570,-0.149336814880371,10570,-0.0469141006469727,10570,-0.135195732116699,10570,-0.0388669967651367
10580,-0.143789291381836,10580,-0.138008117675781,10580,-0.0569143295288086,10580,-0.166055679321289,10580,-0.128398895263672,10580,-0.133867263793945,10580,-0.145977020263672,10580,-0.126758575439453,10580,-0.0438671112060547,10580,-0.0351953506469727,10580,-0.0314455032348633,10580,-0.11597728729248,10580,-0.046757698059082,10580,-7.39561367034912,10580,-0.142851829528809,10580,-6.02974939346313,10580,-0.0289449691772461,10580,-6.09592151641846,10580,-0.0238676071166992,10580,-0.0362110137939453,10580,-0.149336814880371,10580,-0.046992301940918,10580,-0.135195732116699,10580,-0.0388669967651367
10590,-0.143711090087891,10590,-0.138008117675781,10590,-0.0566797256469727,10590,-0.166055679321289,10590,-0.128320693969727,10590,-0.133867263793945,10590,-0.145977020263672,10590,-0.126758575439453,10590,-0.0437889099121094,10590,-0.035273551940918,10590,-0.031367301940918,10590,-0.11597728729248,10590,-0.0466012954711914,10590,-7.40022325515747,10590,-0.142773628234863,10590,-6.027015209198,10590,-0.0288677215576172,10590,-6.091468334198,10590,-0.0238676071166992,10590,-0.0361328125,10590,-0.149258613586426,10590,-0.0470705032348633,10590,-0.135195732116699,10590,-0.0388669967651367
10600,-0.143711090087891,10600,-0.138008117675781,10600,-0.056523323059082,10600,-0.166055679321289,10600,-0.128320693969727,10600,-0.133867263793945,10600,-0.145898818969727,10600,-0.126758575439453,10600,-0.0437889099121094,10600,-0.0353517532348633,10600,-0.031367301940918,10600,-0.11597728729248,10600,-0.0464458465576172,10600,-7.40639495849609,10600,-0.142773628234863,10600,-6.02303075790405,10600,-0.0287895202636719,10600,-6.08787441253662,10600,-0.0238676071166992,10600,-0.0361328125,10600,-0.149258613586426,10600,-0.0470705032348633,10600,-0.135117530822754,10600,-0.0388669967651367
10610,-0.143711090087891,10610,-0.137929916381836,10610,-0.0563669204711914,10610,-0.166055679321289,10610,-0.128320693969727,10610,-0.133867263793945,10610,-0.145898818969727,10610,-0.126758575439453,10610,-0.0437889099121094,10610,-0.0354299545288086,10610,-0.0312891006469727,10610,-0.11597728729248,10610,-0.0463676452636719,10610,-7.41428565979004,10610,-0.142773628234863,10610,-6.02053070068359,10610,-0.0287113189697266,10610,-6.0881872177124,10610,-0.0238676071166992,10610,-0.0361328125,10610,-0.14918041229248,10610,-0.0471487045288086,10610,-0.135117530822754,10610,-0.0388669967651367
10620,-0.143632888793945,10620,-0.137929916381836,10620,-0.0562114715576172,10620,-0.166055679321289,10620,-0.128242492675781,10620,-0.133867263793945,10620,-0.145898818969727,10620,-0.126758575439453,10620,-0.0437889099121094,10620,-0.0354299545288086,10620,-0.0312891006469727,10620,-0.11597728729248,10620,-0.0462894439697266,10620,-7.42170810699463,10620,-0.142773628234863,10620,-6.02014017105103,10620,-0.0286331176757812,10620,-6.08599948883057,10620,-0.0238676071166992,10620,-0.0361328125,10620,-0.14918041229248,10620,-0.0472269058227539,10620,-0.135117530822754,10620,-0.0388669967651367
10630,-0.143632888793945,10630,-0.137929916381836,10630,-0.0560550689697266,10630,-0.166055679321289,10630,-0.128242492675781,10630,-0.133867263793945,10630,-0.145898818969727,10630,-0.126836776733398,10630,-0.0437889099121094,10630,-0.0355081558227539,10630,-0.0312891006469727,10630,-0.115899085998535,10630,-0.0462894439697266,10630,-7.42842674255371,10630,-0.142773628234863,10630,-6.01951503753662,10630,-0.0285549163818359,10630,-6.08467149734497,10630,-0.0238676071166992,10630,-0.0360546112060547,10630,-0.149102210998535,10630,-0.0472269058227539,10630,-0.135117530822754,10630,-0.0387887954711914
10640,-0.143632888793945,10640,-0.137929916381836,10640,-0.0558204650878906,10640,-0.166055679321289,10640,-0.128242492675781,10640,-0.133867263793945,10640,-0.145898818969727,10640,-0.126836776733398,10640,-0.0437107086181641,10640,-0.0355863571166992,10640,-0.0312891006469727,10640,-0.115899085998535,10640,-0.0462894439697266,10640,-7.43436431884766,10640,-0.142695426940918,10640,-6.01803064346313,10640,-0.0285549163818359,10640,-6.08537483215332,10640,-0.0238676071166992,10640,-0.0360546112060547,10640,-0.149102210998535,10640,-0.0473051071166992,10640,-0.135039329528809,10640,-0.0387887954711914
10650,-0.143555641174316,10650,-0.137929916381836,10650,-0.0556640625,10650,-0.166055679321289,10650,-0.128164291381836,10650,-0.133867263793945,10650,-0.145898818969727,10650,-0.126836776733398,10650,-0.0437107086181641,10650,-0.0356645584106445,10650,-0.0312891006469727,10650,-0.115899085998535,10650,-0.0462894439697266,10650,-7.43975448608398,10650,-0.142695426940918,10650,-6.01670265197754,10650,-0.0284767150878906,10650,-6.08123397827148,10650,-0.0238676071166992,10650,-0.0360546112060547,10650,-0.14902400970459,10650,-0.0473051071166992,10650,-0.135039329528809,10650,-0.0387887954711914
10660,-0.143555641174316,10660,-0.137929916381836,10660,-0.0554294586181641,10660,-0.166055679321289,10660,-0.128164291381836,10660,-0.133867263793945,10660,-0.145898818969727,10660,-0.126836776733398,10660,-0.0437107086181641,10660,-0.0356645584106445,10660,-0.0312108993530273,10660,-0.115899085998535,10660,-0.0462112426757812,10660,-7.44483280181885,10660,-0.142695426940918,10660,-6.0158429145813,10660,-0.0283985137939453,10660,-6.07951545715332,10660,-0.0238676071166992,10660,-0.0359764099121094,10660,-0.14902400970459,10660,-0.0473833084106445,10660,-0.135039329528809,10660,-0.0387887954711914
10670,-0.143477439880371,10670,-0.137929916381836,10670,-0.0552740097045898,10670,-0.166055679321289,10670,-0.128164291381836,10670,-0.133867263793945,10670,-0.145898818969727,10670,-0.126836776733398,10670,-0.0437107086181641,10670,-0.0357427597045898,10670,-0.0312108993530273,10670,-0.115899085998535,10670,-0.0461330413818359,10670,-7.44952011108398,10670,-0.142695426940918,10670,-6.01560878753662,10670,-0.0283203125,10670,-6.07826519012451,10670,-0.0238676071166992,10670,-0.0359764099121094,10670,-0.148945808410645,10670,-0.0474615097045898,10670,-0.135039329528809,10670,-0.0387887954711914
10680,-0.143477439880371,10680,-0.137929916381836,10680,-0.0551176071166992,10680,-0.166055679321289,10680,-0.128164291381836,10680,-0.133867263793945,10680,-0.145898818969727,10680,-0.126836776733398,10680,-0.0437107086181641,10680,-0.0358200073242188,10680,-0.0312108993530273,10680,-0.115899085998535,10680,-0.0460548400878906,10680,-7.45413017272949,10680,-0.142695426940918,10680,-6.01764011383057,10680,-0.0283203125,10680,-6.08420276641846,10680,-0.0238676071166992,10680,-0.0359764099121094,10680,-0.148945808410645,10680,-0.0475387573242188,10680,-0.134961128234863,10680,-0.0387887954711914
10690,-0.143477439880371,10690,-0.137929916381836,10690,-0.0549612045288086,10690,-0.166133880615234,10690,-0.128086090087891,10690,-0.133867263793945,10690,-0.145820617675781,10690,-0.126836776733398,10690,-0.0436325073242188,10690,-0.0358982086181641,10690,-0.0312108993530273,10690,-0.11582088470459,10690,-0.0459766387939453,10690,-7.45897388458252,10690,-0.142695426940918,10690,-6.017249584198,10690,-0.0282421112060547,10690,-6.08099937438965,10690,-0.0238676071166992,10690,-0.0359764099121094,10690,-0.148867607116699,10690,-0.0475387573242188,10690,-0.134961128234863,10690,-0.0387887954711914
10700,-0.143399238586426,10700,-0.137929916381836,10700,-0.0548830032348633,10700,-0.166055679321289,10700,-0.128086090087891,10700,-0.133867263793945,10700,-0.145820617675781,10700,-0.126836776733398,10700,-0.0436325073242188,10700,-0.0358982086181641,10700,-0.0312108993530273,10700,-0.11582088470459,10700,-0.0458984375,10700,-7.46366119384766,10700,-0.142617225646973,10700,-6.01818704605103,10700,-0.0281639099121094,10700,-6.07889032363892,10700,-0.0238676071166992,10700,-0.0358982086181641,10700,-0.148867607116699,10700,-0.0476169586181641,10700,-0.134961128234863,10700,-0.0387887954711914
10710,-0.143399238586426,10710,-0.137929916381836,10710,-0.0547266006469727,10710,-0.166055679321289,10710,-0.128007888793945,10710,-0.133867263793945,10710,-0.145820617675781,10710,-0.126836776733398,10710,-0.0436325073242188,10710,-0.0359764099121094,10710,-0.031132698059082,10710,-0.11582088470459,10710,-0.0458984375,10710,-7.46811389923096,10710,-0.142617225646973,10710,-6.019202709198,10710,-0.0280857086181641,10710,-6.07693719863892,10710,-0.0238676071166992,10710,-0.0358982086181641,10710,-0.148789405822754,10710,-0.0476951599121094,10710,-0.134961128234863,10710,-0.0387887954711914
10720,-0.143399238586426,10720,-0.137929916381836,10720,-0.054570198059082,10720,-0.166055679321289,10720,-0.128007888793945,10720,-0.133867263793945,10720,-0.145820617675781,10720,-0.126836776733398,10720,-0.0436325073242188,10720,-0.0360546112060547,10720,-0.031132698059082,10720,-0.11582088470459,10720,-0.0460548400878906,10720,-7.47264575958252,10720,-0.142617225646973,10720,-6.02006196975708,10720,-0.0280857086181641,10720,-6.07701539993286,10720,-0.0238676071166992,10720,-0.0358982086181641,10720,-0.148789405822754,10720,-0.0476951599121094,10720,-0.134961128234863,10720,-0.0387887954711914
10730,-0.14332103729248,10730,-0.137929916381836,10730,-0.0544137954711914,10730,-0.166055679321289,10730,-0.128007888793945,10730,-0.133867263793945,10730,-0.145820617675781,10730,-0.126836776733398,10730,-0.0436325073242188,10730,-0.0361328125,10730,-0.031132698059082,10730,-0.11582088470459,10730,-0.0459766387939453,10730,-7.47772359848022,10730,-0.142617225646973,10730,-6.02256202697754,10730,-0.0280075073242188,10730,-6.07162475585938,10730,-0.0238676071166992,10730,-0.0358982086181641,10730,-0.148789405822754,10730,-0.0477733612060547,10730,-0.134882926940918,10730,-0.0387887954711914
10740,-0.14332103729248,10740,-0.137929916381836,10740,-0.0542583465576172,10740,-0.166133880615234,10740,-0.128007888793945,10740,-0.133945465087891,10740,-0.145820617675781,10740,-0.126836776733398,10740,-0.0435552597045898,10740,-0.0362110137939453,10740,-0.031132698059082,10740,-0.11582088470459,10740,-0.0458202362060547,10740,-7.4818639755249,10740,-0.142617225646973,10740,-6.02498388290405,10740,-0.0279293060302734,10740,-6.06631183624268,10740,-0.0238676071166992,10740,-0.0358200073242188,10740,-0.148711204528809,10740,-0.0478515625,10740,-0.134882926940918,10740,-0.0387887954711914
10750,-0.14332103729248,10750,-0.137929916381836,10750,-0.0541019439697266,10750,-0.166133880615234,10750,-0.1279296875,10750,-0.133945465087891,10750,-0.145820617675781,10750,-0.126836776733398,10750,-0.0435552597045898,10750,-0.0362110137939453,10750,-0.0310544967651367,10750,-0.115742683410645,10750,-0.0457420349121094,10750,-7.48608303070068,10750,-0.142539978027344,10750,-6.02935886383057,10750,-0.0278520584106445,10750,-6.06342124938965,10750,-0.0238676071166992,10750,-0.0358200073242188,10750,-0.148711204528809,10750,-0.0479297637939453,10750,-0.134882926940918,10750,-0.0387887954711914
10760,-0.14332103729248,10760,-0.137929916381836,10760,-0.0540237426757812,10760,-0.166055679321289,10760,-0.1279296875,10760,-0.133945465087891,10760,-0.145820617675781,10760,-0.126836776733398,10760,-0.0435552597045898,10760,-0.0362892150878906,10760,-0.0309762954711914,10760,-0.115742683410645,10760,-0.0456638336181641,10760,-7.49030208587646,10760,-0.142539978027344,10760,-6.03389024734497,10760,-0.0278520584106445,10760,-6.05857753753662,10760,-0.0238676071166992,10760,-0.0358200073242188,10760,-0.148633003234863,10760,-0.0479297637939453,10760,-0.134882926940918,10760,-0.0387887954711914
10770,-0.143242835998535,10770,-0.137929916381836,10770,-0.0538673400878906,10770,-0.166133880615234,10770,-0.1279296875,10770,-0.133945465087891,10770,-0.145742416381836,10770,-0.126836776733398,10770,-0.0435552597045898,10770,-0.0363674163818359,10770,-0.0309762954711914,10770,-0.115742683410645,10770,-0.0456638336181641,10770,-7.49420833587646,10770,-0.142539978027344,10770,-6.03904628753662,10770,-0.0277738571166992,10770,-6.0510778427124,10770,-0.0238676071166992,10770,-0.0358200073242188,10770,-0.148633003234863,10770,-0.0480079650878906,10770,-0.134882926940918,10770,-0.0387887954711914
10780,-0.143242835998535,10780,-0.137929916381836,10780,-0.0537109375,10780,-0.166055679321289,10780,-0.1279296875,10780,-0.133945465087891,10780,-0.145742416381836,10780,-0.126836776733398,10780,-0.0435552597045898,10780,-0.0364456176757812,10780,-0.0308980941772461,10780,-0.115742683410645,10780,-0.0458202362060547,10780,-7.49842691421509,10780,-0.142539978027344,10780,-6.04443693161011,10780,-0.0277738571166992,10780,-6.04553079605103,10780,-0.0238676071166992,10780,-0.0357427597045898,10780,-0.148554801940918,10780,-0.0480861663818359,10780,-0.134804725646973,10780,-0.0387887954711914
10790,-0.143242835998535,10790,-0.137929916381836,10790,-0.0535545349121094,10790,-0.166133880615234,10790,-0.127852439880371,10790,-0.133945465087891,10790,-0.145742416381836,10790,-0.126836776733398,10790,-0.0435552597045898,10790,-0.0364456176757812,10790,-0.0308980941772461,10790,-0.115742683410645,10790,-0.0458202362060547,10790,-7.50256729125977,10790,-0.142539978027344,10790,-6.05013990402222,10790,-0.0276956558227539,10790,-6.04037427902222,10790,-0.0238676071166992,10790,-0.0357427597045898,10790,-0.148554801940918,10790,-0.0480861663818359,10790,-0.134804725646973,10790,-0.0387887954711914
10800,-0.14316463470459,10800,-0.137851715087891,10800,-0.0534763336181641,10800,-0.166133880615234,10800,-0.127852439880371,10800,-0.133945465087891,10800,-0.145742416381836,10800,-0.126836776733398,10800,-0.0434770584106445,10800,-0.0365238189697266,10800,-0.0308208465576172,10800,-0.115742683410645,10800,-0.0457420349121094,10800,-7.50678634643555,10800,-0.142539978027344,10800,-6.05584335327148,10800,-0.0276956558227539,10800,-6.04217147827148,10800,-0.0238676071166992,10800,-0.0357427597045898,10800,-0.148554801940918,10800,-0.0481643676757812,10800,-0.134804725646973,10800,-0.0387887954711914
10810,-0.14316463470459,10810,-0.137851715087891,10810,-0.0533208847045898,10810,-0.166133880615234,10810,-0.127852439880371,10810,-0.133945465087891,10810,-0.145742416381836,10810,-0.126836776733398,10810,-0.0434770584106445,10810,-0.0366020202636719,10810,-0.0308208465576172,10810,-0.115742683410645,10810,-0.0455856323242188,10810,-7.51209878921509,10810,-0.142539978027344,10810,-6.06256198883057,10810,-0.0276174545288086,10810,-6.04131174087524,10810,-0.0238676071166992,10810,-0.0357427597045898,10810,-0.148477554321289,10810,-0.0482425689697266,10810,-0.134804725646973,10810,-0.0387887954711914
10820,-0.14316463470459,10820,-0.137851715087891,10820,-0.0531644821166992,10820,-0.166055679321289,10820,-0.127852439880371,10820,-0.133945465087891,10820,-0.145742416381836,10820,-0.126836776733398,10820,-0.0434770584106445,10820,-0.0366802215576172,10820,-0.0308980941772461,10820,-0.115742683410645,10820,-0.0455083847045898,10820,-7.51702070236206,10820,-0.142461776733398,10820,-6.06920289993286,10820,-0.0276174545288086,10820,-6.03607749938965,10820,-0.0238676071166992,10820,-0.0356645584106445,10820,-0.148399353027344,10820,-0.0483207702636719,10820,-0.134727478027344,10820,-0.0387887954711914
10830,-0.143086433410645,10830,-0.137851715087891,10830,-0.0530862808227539,10830,-0.166055679321289,10830,-0.127774238586426,10830,-0.133945465087891,10830,-0.145742416381836,10830,-0.126836776733398,10830,-0.0434770584106445,10830,-0.0366802215576172,10830,-0.0308208465576172,10830,-0.115742683410645,10830,-0.0455083847045898,10830,-7.52147388458252,10830,-0.142461776733398,10830,-6.07568693161011,10830,-0.0275392532348633,10830,-6.03365564346313,10830,-0.0238676071166992,10830,-0.0356645584106445,10830,-0.148399353027344,10830,-0.0483207702636719,10830,-0.134727478027344,10830,-0.0387887954711914
10840,-0.143086433410645,10840,-0.137851715087891,10840,-0.0529298782348633,10840,-0.166055679321289,10840,-0.127774238586426,10840,-0.133945465087891,10840,-0.145742416381836,10840,-0.126836776733398,10840,-0.0434770584106445,10840,-0.0367574691772461,10840,-0.0308208465576172,10840,-0.115664482116699,10840,-0.0455083847045898,10840,-7.52538013458252,10840,-0.142461776733398,10840,-6.08217144012451,10840,-0.0275392532348633,10840,-6.02803087234497,10840,-0.0238676071166992,10840,-0.0356645584106445,10840,-0.148399353027344,10840,-0.0483989715576172,10840,-0.134727478027344,10840,-0.0387887954711914
10850,-0.143086433410645,10850,-0.137851715087891,10850,-0.052851676940918,10850,-0.166055679321289,10850,-0.127774238586426,10850,-0.133945465087891,10850,-0.145664215087891,10850,-0.126836776733398,10850,-0.0433988571166992,10850,-0.0368356704711914,10850,-0.0308208465576172,10850,-0.115664482116699,10850,-0.0454301834106445,10850,-7.52936458587646,10850,-0.142461776733398,10850,-6.08982753753662,10850,-0.027461051940918,10850,-6.02607774734497,10850,-0.0238676071166992,10850,-0.0356645584106445,10850,-0.148321151733398,10850,-0.0484771728515625,10850,-0.134727478027344,10850,-0.0387887954711914
10860,-0.143008232116699,10860,-0.137851715087891,10860,-0.0526952743530273,10860,-0.166055679321289,10860,-0.127774238586426,10860,-0.133945465087891,10860,-0.145664215087891,10860,-0.126836776733398,10860,-0.0433988571166992,10860,-0.0369138717651367,10860,-0.0308208465576172,10860,-0.115664482116699,10860,-0.0454301834106445,10860,-7.53389549255371,10860,-0.142461776733398,10860,-6.09779644012451,10860,-0.027461051940918,10860,-6.02076482772827,10860,-0.0238676071166992,10860,-0.0356645584106445,10860,-0.148321151733398,10860,-0.0485544204711914,10860,-0.134727478027344,10860,-0.0387887954711914
10870,-0.143008232116699,10870,-0.137851715087891,10870,-0.052617073059082,10870,-0.166055679321289,10870,-0.12769603729248,10870,-0.133945465087891,10870,-0.145664215087891,10870,-0.126914978027344,10870,-0.0433988571166992,10870,-0.036992073059082,10870,-0.0308208465576172,10870,-0.115664482116699,10870,-0.0453519821166992,10870,-7.53819274902344,10870,-0.142461776733398,10870,-6.10389041900635,10870,-0.0273828506469727,10870,-6.01849937438965,10870,-0.0238676071166992,10870,-0.0355863571166992,10870,-0.148242950439453,10870,-0.0485544204711914,10870,-0.134727478027344,10870,-0.0387887954711914
10880,-0.143008232116699,10880,-0.137851715087891,10880,-0.0524606704711914,10880,-0.166055679321289,10880,-0.12769603729248,10880,-0.133945465087891,10880,-0.145664215087891,10880,-0.126914978027344,10880,-0.0433988571166992,10880,-0.036992073059082,10880,-0.0307426452636719,10880,-0.115664482116699,10880,-0.0451955795288086,10880,-7.54256772994995,10880,-0.142461776733398,10880,-6.10990619659424,10880,-0.0273828506469727,10880,-6.01764011383057,10880,-0.0238676071166992,10880,-0.0355863571166992,10880,-0.148242950439453,10880,-0.0486326217651367,10880,-0.134649276733398,10880,-0.0387887954711914
10890,-0.143008232116699,10890,-0.137851715087891,10890,-0.0523834228515625,10890,-0.166055679321289,10890,-0.12769603729248,10890,-0.133945465087891,10890,-0.145664215087891,10890,-0.126914978027344,10890,-0.0433988571166992,10890,-0.0370702743530273,10890,-0.0307426452636719,10890,-0.115664482116699,10890,-0.0451173782348633,10890,-7.54694271087646,10890,-0.142461776733398,10890,-6.11443710327148,10890,-0.0273046493530273,10890,-6.01764011383057,10890,-0.0238676071166992,10890,-0.0355863571166992,10890,-0.148164749145508,10890,-0.048710823059082,10890,-0.134649276733398,10890,-0.0387887954711914
10900,-0.142930030822754,10900,-0.137851715087891,10900,-0.0522270202636719,10900,-0.166055679321289,10900,-0.12769603729248,10900,-0.133945465087891,10900,-0.145664215087891,10900,-0.126914978027344,10900,-0.0433206558227539,10900,-0.0371484756469727,10900,-0.0307426452636719,10900,-0.115664482116699,10900,-0.0451173782348633,10900,-7.5510835647583,10900,-0.142461776733398,10900,-6.11974954605103,10900,-0.0273046493530273,10900,-6.01342105865479,10900,-0.0238676071166992,10900,-0.0355863571166992,10900,-0.148164749145508,10900,-0.0487890243530273,10900,-0.134649276733398,10900,-0.0387887954711914
10910,-0.142930030822754,10910,-0.137851715087891,10910,-0.0521488189697266,10910,-0.166055679321289,10910,-0.127617835998535,10910,-0.133945465087891,10910,-0.145664215087891,10910,-0.126914978027344,10910,-0.0433206558227539,10910,-0.0371484756469727,10910,-0.0307426452636719,10910,-0.115664482116699,10910,-0.0451173782348633,10910,-7.55569267272949,10910,-0.142461776733398,10910,-6.12490606307983,10910,-0.027226448059082,10910,-6.01115560531616,10910,-0.0238676071166992,10910,-0.0355863571166992,10910,-0.148086547851562,10910,-0.0487890243530273,10910,-0.134649276733398,10910,-0.0387887954711914
10920,-0.142930030822754,10920,-0.137851715087891,10920,-0.0519924163818359,10920,-0.166055679321289,10920,-0.127617835998535,10920,-0.133945465087891,10920,-0.145664215087891,10920,-0.126914978027344,10920,-0.0433206558227539,10920,-0.037226676940918,10920,-0.0307426452636719,10920,-0.115664482116699,10920,-0.0451173782348633,10920,-7.56037998199463,10920,-0.142461776733398,10920,-6.13037490844727,10920,-0.027226448059082,10920,-6.01271820068359,10920,-0.0238676071166992,10920,-0.0355081558227539,10920,-0.148086547851562,10920,-0.0488672256469727,10920,-0.134649276733398,10920,-0.0387887954711914
10930,-0.142851829528809,10930,-0.137851715087891,10930,-0.0519142150878906,10930,-0.166055679321289,10930,-0.127617835998535,10930,-0.133945465087891,10930,-0.145664215087891,10930,-0.126914978027344,10930,-0.0433206558227539,10930,-0.0373048782348633,10930,-0.0307426452636719,10930,-0.115586280822754,10930,-0.0451173782348633,10930,-7.56592702865601,10930,-0.142383575439453,10930,-6.13428115844727,10930,-0.0271482467651367,10930,-6.00873374938965,10930,-0.0238676071166992,10930,-0.0355081558227539,10930,-0.148008346557617,10930,-0.048945426940918,10930,-0.134571075439453,10930,-0.0387887954711914
10940,-0.142851829528809,10940,-0.137851715087891,10940,-0.0517578125,10940,-0.166055679321289,10940,-0.127617835998535,10940,-0.133945465087891,10940,-0.145664215087891,10940,-0.126914978027344,10940,-0.0433206558227539,10940,-0.0373830795288086,10940,-0.0306644439697266,10940,-0.115586280822754,10940,-0.045039176940918,10940,-7.5719428062439,10940,-0.142383575439453,10940,-6.13842153549194,10940,-0.0271482467651367,10940,-6.00584316253662,10940,-0.0238676071166992,10940,-0.0355081558227539,10940,-0.148008346557617,10940,-0.0490236282348633,10940,-0.134571075439453,10940,-0.0387887954711914
10950,-0.142851829528809,10950,-0.137851715087891,10950,-0.0516796112060547,10950,-0.166055679321289,10950,-0.127617835998535,10950,-0.133945465087891,10950,-0.145586013793945,10950,-0.126914978027344,10950,-0.0432424545288086,10950,-0.0373830795288086,10950,-0.0306644439697266,10950,-0.115586280822754,10950,-0.044804573059082,10950,-7.57866144180298,10950,-0.142383575439453,10950,-6.14123439788818,10950,-0.0270700454711914,10950,-6.00326490402222,10950,-0.0238676071166992,10950,-0.0355081558227539,10950,-0.148008346557617,10950,-0.0490236282348633,10950,-0.134571075439453,10950,-0.0387887954711914
10960,-0.142851829528809,10960,-0.137851715087891,10960,-0.0515232086181641,10960,-0.166055679321289,10960,-0.12753963470459,10960,-0.133945465087891,10960,-0.145586013793945,10960,-0.126914978027344,10960,-0.0432424545288086,10960,-0.0374612808227539,10960,-0.0306644439697266,10960,-0.115586280822754,10960,-0.0447263717651367,10960,-7.58569288253784,10960,-0.142383575439453,10960,-6.1448278427124,10960,-0.0270700454711914,10960,-6.00584316253662,10960,-0.0238676071166992,10960,-0.0355081558227539,10960,-0.147930145263672,10960,-0.0491018295288086,10960,-0.134571075439453,10960,-0.0387887954711914
10970,-0.142773628234863,10970,-0.137851715087891,10970,-0.0514450073242188,10970,-0.166055679321289,10970,-0.12753963470459,10970,-0.133945465087891,10970,-0.145586013793945,10970,-0.126914978027344,10970,-0.0432424545288086,10970,-0.0375394821166992,10970,-0.0306644439697266,10970,-0.115586280822754,10970,-0.0446481704711914,10970,-7.59303665161133,10970,-0.142383575439453,10970,-6.14803123474121,10970,-0.0269918441772461,10970,-6.00099945068359,10970,-0.0238676071166992,10970,-0.0355081558227539,10970,-0.147930145263672,10970,-0.0491800308227539,10970,-0.134571075439453,10970,-0.0387887954711914
10980,-0.142773628234863,10980,-0.137851715087891,10980,-0.0512895584106445,10980,-0.166055679321289,10980,-0.12753963470459,10980,-0.133945465087891,10980,-0.145586013793945,10980,-0.126914978027344,10980,-0.0432424545288086,10980,-0.0376176834106445,10980,-0.0306644439697266,10980,-0.115586280822754,10980,-0.0445699691772461,10980,-7.60030221939087,10980,-0.142383575439453,10980,-6.15271854400635,10980,-0.0269918441772461,10980,-5.99764013290405,10980,-0.0238676071166992,10980,-0.0354299545288086,10980,-0.147851943969727,10980,-0.0491800308227539,10980,-0.134571075439453,10980,-0.0387887954711914
10990,-0.142773628234863,10990,-0.137851715087891,10990,-0.0512113571166992,10990,-0.166055679321289,10990,-0.12753963470459,10990,-0.133945465087891,10990,-0.145586013793945,10990,-0.126914978027344,10990,-0.0431642532348633,10990,-0.0376958847045898,10990,-0.0306644439697266,10990,-0.115586280822754,10990,-0.0445699691772461,10990,-7.60741138458252,10990,-0.142383575439453,10990,-6.15662479400635,10990,-0.0269145965576172,10990,-5.99506187438965,10990,-0.0238676071166992,10990,-0.0354299545288086,10990,-0.147851943969727,10990,-0.0492582321166992,10990,-0.134492874145508,10990,-0.0388669967651367
11000,-0.142695426940918,11000,-0.137773513793945,11000,-0.0511331558227539,11000,-0.165977478027344,11000,-0.127461433410645,11000,-0.133945465087891,11000,-0.145586013793945,11000,-0.126914978027344,11000,-0.0431642532348633,11000,-0.0376958847045898,11000,-0.0306644439697266,11000,-0.115586280822754,11000,-0.0445699691772461,11000,-7.61444282531738,11000,-0.142383575439453,11000,-6.16014051437378,11000,-0.0269145965576172,11000,-5.99412441253662,11000,-0.0238676071166992,11000,-0.0354299545288086,11000,-0.147773742675781,11000,-0.0493364334106445,11000,-0.134492874145508,11000,-0.0388669967651367
11010,-0.142695426940918,11010,-0.137773513793945,11010,-0.0509767532348633,11010,-0.166055679321289,11010,-0.127461433410645,11010,-0.133945465087891,11010,-0.145586013793945,11010,-0.126914978027344,11010,-0.0431642532348633,11010,-0.0377731323242188,11010,-0.0305862426757812,11010,-0.115586280822754,11010,-0.0445699691772461,11010,-7.62155246734619,11010,-0.142383575439453,11010,-6.16248416900635,11010,-0.0268363952636719,11010,-5.99115562438965,11010,-0.0238676071166992,11010,-0.0354299545288086,11010,-0.147773742675781,11010,-0.0493364334106445,11010,-0.134492874145508,11010,-0.0388669967651367
11020,-0.142695426940918,11020,-0.137773513793945,11020,-0.050898551940918,11020,-0.165977478027344,11020,-0.127461433410645,11020,-0.133945465087891,11020,-0.145586013793945,11020,-0.126914978027344,11020,-0.0431642532348633,11020,-0.0378513336181641,11020,-0.0306644439697266,11020,-0.115586280822754,11020,-0.0444927215576172,11020,-7.62811470031738,11020,-0.142383575439453,11020,-6.16521883010864,11020,-0.0268363952636719,11020,-5.98943662643433,11020,-0.0238676071166992,11020,-0.0354299545288086,11020,-0.147695541381836,11020,-0.0494146347045898,11020,-0.134492874145508,11020,-0.0388669967651367
11030,-0.142617225646973,11030,-0.137773513793945,11030,-0.0508203506469727,11030,-0.165977478027344,11030,-0.127461433410645,11030,-0.133945465087891,11030,-0.145586013793945,11030,-0.126914978027344,11030,-0.0431642532348633,11030,-0.0379295349121094,11030,-0.0305862426757812,11030,-0.115586280822754,11030,-0.0444927215576172,11030,-7.63483333587646,11030,-0.142383575439453,11030,-6.16639041900635,11030,-0.0267581939697266,11030,-5.99037408828735,11030,-0.0238676071166992,11030,-0.0354299545288086,11030,-0.147695541381836,11030,-0.0494918823242188,11030,-0.134492874145508,11030,-0.0388669967651367
11040,-0.142617225646973,11040,-0.137773513793945,11040,-0.0507421493530273,11040,-0.166055679321289,11040,-0.127461433410645,11040,-0.133945465087891,11040,-0.145586013793945,11040,-0.126992225646973,11040,-0.0431642532348633,11040,-0.0380077362060547,11040,-0.0305862426757812,11040,-0.115586280822754,11040,-0.0444927215576172,11040,-7.64186477661133,11040,-0.142305374145508,11040,-6.16912508010864,11040,-0.0267581939697266,11040,-5.99388980865479,11040,-0.0238676071166992,11040,-0.0354299545288086,11040,-0.147695541381836,11040,-0.0495700836181641,11040,-0.134492874145508,11040,-0.0388669967651367
11050,-0.142617225646973,11050,-0.137773513793945,11050,-0.0505857467651367,11050,-0.165977478027344,11050,-0.127461433410645,11050,-0.133945465087891,11050,-0.145508766174316,11050,-0.126992225646973,11050,-0.0431642532348633,11050,-0.0380077362060547,11050,-0.0305862426757812,11050,-0.115586280822754,11050,-0.0444145202636719,11050,-7.65053653717041,11050,-0.142305374145508,11050,-6.1710000038147,11050,-0.0267581939697266,11050,-6.00115537643433,11050,-0.0238676071166992,11050,-0.0353517532348633,11050,-0.147617340087891,11050,-0.0496482849121094,11050,-0.134414672851562,11050,-0.0388669967651367
11060,-0.142617225646973,11060,-0.137773513793945,11060,-0.0505075454711914,11060,-0.165977478027344,11060,-0.127383232116699,11060,-0.133945465087891,11060,-0.145508766174316,11060,-0.126992225646973,11060,-0.043086051940918,11060,-0.0380859375,11060,-0.0310544967651367,11060,-0.115586280822754,11060,-0.0444927215576172,11060,-7.65944290161133,11060,-0.142305374145508,11060,-6.17224979400635,11060,-0.0266799926757812,11060,-6.00810861587524,11060,-0.0238676071166992,11060,-0.0353517532348633,11060,-0.147617340087891,11060,-0.0496482849121094,11060,-0.134414672851562,11060,-0.0388669967651367
11070,-0.142539978027344,11070,-0.137773513793945,11070,-0.0504302978515625,11070,-0.165977478027344,11070,-0.127383232116699,11070,-0.133945465087891,11070,-0.145508766174316,11070,-0.126992225646973,11070,-0.043086051940918,11070,-0.0381641387939453,11070,-0.0316801071166992,11070,-0.115586280822754,11070,-0.0444927215576172,11070,-7.66897439956665,11070,-0.142305374145508,11070,-6.1729531288147,11070,-0.0266799926757812,11070,-6.00959300994873,11070,-0.0238676071166992,11070,-0.0353517532348633,11070,-0.147539138793945,11070,-0.0497264862060547,11070,-0.134414672851562,11070,-0.0388669967651367
11080,-0.142539978027344,11080,-0.137773513793945,11080,-0.0503520965576172,11080,-0.165977478027344,11080,-0.127383232116699,11080,-0.133945465087891,11080,-0.145508766174316,11080,-0.126992225646973,11080,-0.043086051940918,11080,-0.0382423400878906,11080,-0.0319137573242188,11080,-0.115586280822754,11080,-0.0444145202636719,11080,-7.67889595031738,11080,-0.142305374145508,11080,-6.17350006103516,11080,-0.0266017913818359,11080,-6.00810861587524,11080,-0.0238676071166992,11080,-0.0353517532348633,11080,-0.147539138793945,11080,-0.0498046875,11080,-0.134414672851562,11080,-0.0388669967651367
11090,-0.142539978027344,11090,-0.137773513793945,11090,-0.0501956939697266,11090,-0.165977478027344,11090,-0.127383232116699,11090,-0.133945465087891,11090,-0.145508766174316,11090,-0.126992225646973,11090,-0.043086051940918,11090,-0.0382423400878906,11090,-0.0319137573242188,11090,-0.115586280822754,11090,-0.0444927215576172,11090,-7.68905258178711,11090,-0.142305374145508,11090,-6.17193746566772,11090,-0.0266017913818359,11090,-6.01154613494873,11090,-0.0238676071166992,11090,-0.0353517532348633,11090,-0.147461891174316,11090,-0.0498828887939453,11090,-0.134414672851562,11090,-0.038945198059082
11100,-0.142539978027344,11100,-0.137773513793945,11100,-0.0501174926757812,11100,-0.165977478027344,11100,-0.127383232116699,11100,-0.133945465087891,11100,-0.145508766174316,11100,-0.126992225646973,11100,-0.043086051940918,11100,-0.0383205413818359,11100,-0.0318355560302734,11100,-0.115586280822754,11100,-0.0444927215576172,11100,-7.69959926605225,11100,-0.142305374145508,11100,-6.17224979400635,11100,-0.0265235900878906,11100,-6.00881195068359,11100,-0.0238676071166992,11100,-0.0353517532348633,11100,-0.147461891174316,11100,-0.0498828887939453,11100,-0.134414672851562,11100,-0.038945198059082
11110,-0.142539978027344,11110,-0.137773513793945,11110,-0.0500392913818359,11110,-0.165977478027344,11110,-0.127383232116699,11110,-0.133945465087891,11110,-0.145508766174316,11110,-0.126992225646973,11110,-0.043086051940918,11110,-0.0383987426757812,11110,-0.0318355560302734,11110,-0.115508079528809,11110,-0.0444145202636719,11110,-7.70991230010986,11110,-0.142305374145508,11110,-6.17178106307983,11110,-0.0265235900878906,11110,-6.00513982772827,11110,-0.0238676071166992,11110,-0.0353517532348633,11110,-0.147461891174316,11110,-0.0499610900878906,11110,-0.134414672851562,11110,-0.038945198059082
11120,-0.142461776733398,11120,-0.137773513793945,11120,-0.0499610900878906,11120,-0.165977478027344,11120,-0.127305030822754,11120,-0.133945465087891,11120,-0.145508766174316,11120,-0.126992225646973,11120,-0.043086051940918,11120,-0.0384769439697266,11120,-0.0317583084106445,11120,-0.115508079528809,11120,-0.0443363189697266,11120,-7.72006797790527,11120,-0.142305374145508,11120,-6.17107820510864,11120,-0.0265235900878906,11120,-6.00490570068359,11120,-0.0238676071166992,11120,-0.035273551940918,11120,-0.147383689880371,11120,-0.0500392913818359,11120,-0.134336471557617,11120,-0.038945198059082
11130,-0.142461776733398,11130,-0.137773513793945,11130,-0.0498828887939453,11130,-0.165977478027344,11130,-0.127305030822754,11130,-0.133945465087891,11130,-0.145508766174316,11130,-0.126992225646973,11130,-0.043086051940918,11130,-0.0385551452636719,11130,-0.0316801071166992,11130,-0.115508079528809,11130,-0.0441799163818359,11130,-7.73077154159546,11130,-0.142305374145508,11130,-6.1702184677124,11130,-0.0264453887939453,11130,-6.00162410736084,11130,-0.0238676071166992,11130,-0.035273551940918,11130,-0.147383689880371,11130,-0.0501174926757812,11130,-0.134336471557617,11130,-0.038945198059082
11140,-0.142461776733398,11140,-0.137773513793945,11140,-0.0498046875,11140,-0.165977478027344,11140,-0.127305030822754,11140,-0.133945465087891,11140,-0.145508766174316,11140,-0.126992225646973,11140,-0.0430078506469727,11140,-0.0385551452636719,11140,-0.0316019058227539,11140,-0.115508079528809,11140,-0.0441017150878906,11140,-7.74202156066895,11140,-0.142305374145508,11140,-6.16834354400635,11140,-0.0264453887939453,11140,-6.00146818161011,11140,-0.0238676071166992,11140,-0.035273551940918,11140,-0.147305488586426,11140,-0.0501174926757812,11140,-0.134336471557617,11140,-0.038945198059082
11150,-0.142383575439453,11150,-0.137773513793945,11150,-0.0496482849121094,11150,-0.165977478027344,11150,-0.127305030822754,11150,-0.133945465087891,11150,-0.145508766174316,11150,-0.126992225646973,11150,-0.0430078506469727,11150,-0.0386333465576172,11150,-0.0315237045288086,11150,-0.115508079528809,11150,-0.0441017150878906,11150,-7.75280284881592,11150,-0.142305374145508,11150,-6.16646862030029,11150,-0.0264453887939453,11150,-6.00068664550781,11150,-0.0238676071166992,11150,-0.035273551940918,11150,-0.147305488586426,11150,-0.0501956939697266,11150,-0.134336471557617,11150,-0.038945198059082
11160,-0.142383575439453,11160,-0.137773513793945,11160,-0.0495700836181641,11160,-0.165977478027344,11160,-0.127305030822754,11160,-0.133945465087891,11160,-0.145508766174316,11160,-0.126992225646973,11160,-0.0430078506469727,11160,-0.0387105941772461,11160,-0.0315237045288086,11160,-0.115508079528809,11160,-0.0440235137939453,11160,-7.76350593566895,11160,-0.142305374145508,11160,-6.16342163085938,11160,-0.0263671875,11160,-5.99685859680176,11160,-0.0238676071166992,11160,-0.035273551940918,11160,-0.14722728729248,11160,-0.0502738952636719,11160,-0.134336471557617,11160,-0.038945198059082
11170,-0.142383575439453,11170,-0.137773513793945,11170,-0.0494918823242188,11170,-0.165977478027344,11170,-0.127305030822754,11170,-0.133945465087891,11170,-0.145430564880371,11170,-0.126992225646973,11170,-0.0430078506469727,11170,-0.0387887954711914,11170,-0.0314455032348633,11170,-0.115508079528809,11170,-0.0440235137939453,11170,-7.77405261993408,11170,-0.142305374145508,11170,-6.16115617752075,11170,-0.0263671875,11170,-5.99279594421387,11170,-0.0238676071166992,11170,-0.035273551940918,11170,-0.14722728729248,11170,-0.0503520965576172,11170,-0.134336471557617,11170,-0.0390233993530273
11180,-0.142383575439453,11180,-0.137773513793945,11180,-0.0494146347045898,11180,-0.165977478027344,11180,-0.127226829528809,11180,-0.133945465087891,11180,-0.145430564880371,11180,-0.127070426940918,11180,-0.0430078506469727,11180,-0.0388669967651367,11180,-0.0314455032348633,11180,-0.115508079528809,11180,-0.0439453125,11180,-7.78420925140381,11180,-0.142305374145508,11180,-6.15967178344727,11180,-0.0262889862060547,11180,-5.98748350143433,11180,-0.0238676071166992,11180,-0.035273551940918,11180,-0.14722728729248,11180,-0.0503520965576172,11180,-0.134336471557617,11180,-0.0390233993530273
11190,-0.142305374145508,11190,-0.137773513793945,11190,-0.0493364334106445,11190,-0.165977478027344,11190,-0.127226829528809,11190,-0.133945465087891,11190,-0.145430564880371,11190,-0.127070426940918,11190,-0.0430078506469727,11190,-0.038945198059082,11190,-0.031367301940918,11190,-0.115508079528809,11190,-0.0439453125,11190,-7.79491233825684,11190,-0.142305374145508,11190,-6.15998411178589,11190,-0.0262889862060547,11190,-5.98467111587524,11190,-0.0238676071166992,11190,-0.035273551940918,11190,-0.147149085998535,11190,-0.0504302978515625,11190,-0.134336471557617,11190,-0.0390233993530273
11200,-0.142305374145508,11200,-0.137773513793945,11200,-0.0492582321166992,11200,-0.165977478027344,11200,-0.127226829528809,11200,-0.133945465087891,11200,-0.145430564880371,11200,-0.127070426940918,11200,-0.0430078506469727,11200,-0.038945198059082,11200,-0.031367301940918,11200,-0.115508079528809,11200,-0.0438671112060547,11200,-7.80483436584473,11200,-0.142305374145508,11200,-6.15959358215332,11200,-0.0262889862060547,11200,-5.98037433624268,11200,-0.0238676071166992,11200,-0.035273551940918,11200,-0.147149085998535,11200,-0.0505075454711914,11200,-0.134258270263672,11200,-0.0390233993530273
11210,-0.142305374145508,11210,-0.137773513793945,11210,-0.0491800308227539,11210,-0.165977478027344,11210,-0.127226829528809,11210,-0.133945465087891,11210,-0.145430564880371,11210,-0.127070426940918,11210,-0.0430078506469727,11210,-0.0390233993530273,11210,-0.0312891006469727,11210,-0.115508079528809,11210,-0.0438671112060547,11210,-7.81459999084473,11210,-0.142305374145508,11210,-6.15896844863892,11210,-0.0262107849121094,11210,-5.97810840606689,11210,-0.0238676071166992,11210,-0.035273551940918,11210,-0.14707088470459,11210,-0.0505857467651367,11210,-0.134258270263672,11210,-0.0390233993530273
11220,-0.142305374145508,11220,-0.137773513793945,11220,-0.0491018295288086,11220,-0.165977478027344,11220,-0.127226829528809,11220,-0.133945465087891,11220,-0.145430564880371,11220,-0.127070426940918,11220,-0.0430078506469727,11220,-0.0391016006469727,11220,-0.0312891006469727,11220,-0.115508079528809,11220,-0.0439453125,11220,-7.82436561584473,11220,-0.142305374145508,11220,-6.15803098678589,11220,-0.0262107849121094,11220,-5.97670221328735,11220,-0.0238676071166992,11220,-0.035273551940918,11220,-0.14707088470459,11220,-0.050663948059082,11220,-0.134258270263672,11220,-0.0390233993530273
11230,-0.142305374145508,11230,-0.137773513793945,11230,-0.0490236282348633,11230,-0.165977478027344,11230,-0.127226829528809,11230,-0.133945465087891,11230,-0.145430564880371,11230,-0.127070426940918,11230,-0.0430078506469727,11230,-0.039179801940918,11230,-0.0312891006469727,11230,-0.115508079528809,11230,-0.0437889099121094,11230,-7.83405303955078,11230,-0.142305374145508,11230,-6.15662479400635,11230,-0.0262107849121094,11230,-5.97584295272827,11230,-0.0238676071166992,11230,-0.0351953506469727,11230,-0.14707088470459,11230,-0.050663948059082,11230,-0.134258270263672,11230,-0.0391016006469727
11240,-0.142227172851562,11240,-0.137773513793945,11240,-0.048945426940918,11240,-0.165977478027344,11240,-0.127148628234863,11240,-0.133945465087891,11240,-0.145430564880371,11240,-0.127070426940918,11240,-0.0430078506469727,11240,-0.0392580032348633,11240,-0.0312108993530273,11240,-0.115508079528809,11240,-0.0437889099121094,11240,-7.84381866455078,11240,-0.142305374145508,11240,-6.1565465927124,11240,-0.0261325836181641,11240,-5.9754524230957,11240,-0.0238676071166992,11240,-0.0351953506469727,11240,-0.146992683410645,11240,-0.0507421493530273,11240,-0.134258270263672,11240,-0.0391016006469727
11250,-0.142227172851562,11250,-0.137773513793945,11250,-0.0488672256469727,11250,-0.165899276733398,11250,-0.127148628234863,11250,-0.133945465087891,11250,-0.145430564880371,11250,-0.127070426940918,11250,-0.0429296493530273,11250,-0.0392580032348633,11250,-0.0312108993530273,11250,-0.115508079528809,11250,-0.0437889099121094,11250,-7.8533501625061,11250,-0.142305374145508,11250,-6.15670299530029,11250,-0.0261325836181641,11250,-5.9728741645813,11250,-0.0238676071166992,11250,-0.0351953506469727,11250,-0.146992683410645,11250,-0.0508203506469727,11250,-0.134258270263672,11250,-0.0391016006469727
11260,-0.142227172851562,11260,-0.137773513793945,11260,-0.0487890243530273,11260,-0.165899276733398,11260,-0.127148628234863,11260,-0.133945465087891,11260,-0.145430564880371,11260,-0.127070426940918,11260,-0.0430078506469727,11260,-0.0393362045288086,11260,-0.0312108993530273,11260,-0.115508079528809,11260,-0.0438671112060547,11260,-7.86280345916748,11260,-0.142305374145508,11260,-6.15607786178589,11260,-0.0261325836181641,11260,-5.96920251846313,11260,-0.0238676071166992,11260,-0.0351953506469727,11260,-0.146914482116699,11260,-0.050898551940918,11260,-0.134258270263672,11260,-0.0391016006469727
11270,-0.142227172851562,11270,-0.137773513793945,11270,-0.048710823059082,11270,-0.165899276733398,11270,-0.127148628234863,11270,-0.133945465087891,11270,-0.145430564880371,11270,-0.127070426940918,11270,-0.0429296493530273,11270,-0.0394144058227539,11270,-0.0312108993530273,11270,-0.115508079528809,11270,-0.0437889099121094,11270,-7.87209987640381,11270,-0.142305374145508,11270,-6.15599966049194,11270,-0.0260543823242188,11270,-5.96537399291992,11270,-0.0238676071166992,11270,-0.0351953506469727,11270,-0.146914482116699,11270,-0.050898551940918,11270,-0.134258270263672,11270,-0.0391016006469727
11280,-0.142148971557617,11280,-0.137773513793945,11280,-0.0486326217651367,11280,-0.165899276733398,11280,-0.127148628234863,11280,-0.133945465087891,11280,-0.145430564880371,11280,-0.127070426940918,11280,-0.0429296493530273,11280,-0.0394926071166992,11280,-0.031132698059082,11280,-0.115508079528809,11280,-0.0436325073242188,11280,-7.88124084472656,11280,-0.142305374145508,11280,-6.15568733215332,11280,-0.0260543823242188,11280,-5.96295213699341,11280,-0.0238676071166992,11280,-0.0351953506469727,11280,-0.146836280822754,11280,-0.0509767532348633,11280,-0.134258270263672,11280,-0.039179801940918
11290,-0.142148971557617,11290,-0.137773513793945,11290,-0.0486326217651367,11290,-0.165899276733398,11290,-0.127148628234863,11290,-0.133945465087891,11290,-0.145430564880371,11290,-0.127070426940918,11290,-0.0429296493530273,11290,-0.0395708084106445,11290,-0.0310544967651367,11290,-0.115508079528809,11290,-0.0435552597045898,11290,-7.89022541046143,11290,-0.142227172851562,11290,-6.15529680252075,11290,-0.0260543823242188,11290,-5.95701456069946,11290,-0.0238676071166992,11290,-0.0351953506469727,11290,-0.146836280822754,11290,-0.0510549545288086,11290,-0.134258270263672,11290,-0.039179801940918
11300,-0.142148971557617,11300,-0.137773513793945,11300,-0.0485544204711914,11300,-0.165899276733398,11300,-0.127148628234863,11300,-0.133945465087891,11300,-0.145352363586426,11300,-0.127070426940918,11300,-0.0429296493530273,11300,-0.0395708084106445,11300,-0.0310544967651367,11300,-0.115508079528809,11300,-0.0435552597045898,11300,-7.89944410324097,11300,-0.142227172851562,11300,-6.15599966049194,11300,-0.0259761810302734,11300,-5.95185852050781,11300,-0.0238676071166992,11300,-0.0351953506469727,11300,-0.146836280822754,11300,-0.0510549545288086,11300,-0.134180068969727,11300,-0.039179801940918
11310,-0.142148971557617,11310,-0.137773513793945,11310,-0.0484771728515625,11310,-0.165899276733398,11310,-0.127070426940918,11310,-0.133945465087891,11310,-0.145430564880371,11310,-0.127070426940918,11310,-0.0429296493530273,11310,-0.0396490097045898,11310,-0.0309762954711914,11310,-0.115508079528809,11310,-0.0434770584106445,11310,-7.9088191986084,11310,-0.142227172851562,11310,-6.15615606307983,11310,-0.0259761810302734,11310,-5.94990539550781,11310,-0.0238676071166992,11310,-0.0351953506469727,11310,-0.146758079528809,11310,-0.0511331558227539,11310,-0.134180068969727,11310,-0.039179801940918
11320,-0.142070770263672,11320,-0.137773513793945,11320,-0.0483989715576172,11320,-0.165899276733398,11320,-0.127070426940918,11320,-0.133945465087891,11320,-0.145352363586426,11320,-0.127070426940918,11320,-0.0429296493530273,11320,-0.0397262573242188,11320,-0.0309762954711914,11320,-0.115508079528809,11320,-0.0434770584106445,11320,-7.91803789138794,11320,-0.142227172851562,11320,-6.15818738937378,11320,-0.0259761810302734,11320,-5.94849920272827,11320,-0.0238676071166992,11320,-0.0351953506469727,11320,-0.146758079528809,11320,-0.0512113571166992,11320,-0.134180068969727,11320,-0.039179801940918
11330,-0.142070770263672,11330,-0.137773513793945,11330,-0.0483207702636719,11330,-0.165899276733398,11330,-0.127070426940918,11330,-0.133945465087891,11330,-0.145352363586426,11330,-0.127148628234863,11330,-0.0429296493530273,11330,-0.0398044586181641,11330,-0.0308980941772461,11330,-0.115508079528809,11330,-0.0437889099121094,11330,-7.92741298675537,11330,-0.142227172851562,11330,-6.16053104400635,11330,-0.0259761810302734,11330,-5.9494366645813,11330,-0.0238676071166992,11330,-0.0351953506469727,11330,-0.146679878234863,11330,-0.0512895584106445,11330,-0.134180068969727,11330,-0.0392580032348633
11340,-0.142070770263672,11340,-0.137773513793945,11340,-0.0482425689697266,11340,-0.165899276733398,11340,-0.127070426940918,11340,-0.133945465087891,11340,-0.145352363586426,11340,-0.127148628234863,11340,-0.0429296493530273,11340,-0.0398826599121094,11340,-0.0308208465576172,11340,-0.115508079528809,11340,-0.0435552597045898,11340,-7.93686580657959,11340,-0.142227172851562,11340,-6.16310930252075,11340,-0.0258989334106445,11340,-5.94896793365479,11340,-0.0238676071166992,11340,-0.0351171493530273,11340,-0.146679878234863,11340,-0.0512895584106445,11340,-0.134180068969727,11340,-0.0392580032348633
11350,-0.142070770263672,11350,-0.137773513793945,11350,-0.0481643676757812,11350,-0.165821075439453,11350,-0.127070426940918,11350,-0.133945465087891,11350,-0.145352363586426,11350,-0.127148628234863,11350,-0.0429296493530273,11350,-0.0398826599121094,11350,-0.0307426452636719,11350,-0.115508079528809,11350,-0.0433988571166992,11350,-7.94686603546143,11350,-0.142227172851562,11350,-6.16545295715332,11350,-0.0258989334106445,11350,-5.94873332977295,11350,-0.0238676071166992,11350,-0.0351171493530273,11350,-0.146679878234863,11350,-0.0513677597045898,11350,-0.134180068969727,11350,-0.0392580032348633
11360,-0.141992568969727,11360,-0.137773513793945,11360,-0.0480861663818359,11360,-0.165821075439453,11360,-0.127070426940918,11360,-0.133945465087891,11360,-0.145352363586426,11360,-0.127148628234863,11360,-0.0429296493530273,11360,-0.0399608612060547,11360,-0.0307426452636719,11360,-0.115508079528809,11360,-0.0434770584106445,11360,-7.95663166046143,11360,-0.142227172851562,11360,-6.16670322418213,11360,-0.0258989334106445,11360,-5.94381141662598,11360,-0.0238676071166992,11360,-0.0351171493530273,11360,-0.146601676940918,11360,-0.0514450073242188,11360,-0.134180068969727,11360,-0.0392580032348633
11370,-0.141992568969727,11370,-0.137773513793945,11370,-0.0480079650878906,11370,-0.165821075439453,11370,-0.127070426940918,11370,-0.133945465087891,11370,-0.145352363586426,11370,-0.127148628234863,11370,-0.0429296493530273,11370,-0.0400390625,11370,-0.0307426452636719,11370,-0.115508079528809,11370,-0.0434770584106445,11370,-7.96655368804932,11370,-0.142227172851562,11370,-6.17045307159424,11370,-0.0258989334106445,11370,-5.94154596328735,11370,-0.0238676071166992,11370,-0.0351171493530273,11370,-0.146601676940918,11370,-0.0515232086181641,11370,-0.134180068969727,11370,-0.0392580032348633
11380,-0.141992568969727,11380,-0.137773513793945,11380,-0.0479297637939453,11380,-0.165821075439453,11380,-0.126992225646973,11380,-0.133945465087891,11380,-0.145352363586426,11380,-0.127148628234863,11380,-0.0429296493530273,11380,-0.0401172637939453,11380,-0.0307426452636719,11380,-0.115508079528809,11380,-0.0433206558227539,11380,-7.97655391693115,11380,-0.142227172851562,11380,-6.17560911178589,11380,-0.0258207321166992,11380,-5.93787384033203,11380,-0.0238676071166992,11380,-0.0351171493530273,11380,-0.146524429321289,11380,-0.0515232086181641,11380,-0.134180068969727,11380,-0.0392580032348633
11390,-0.141992568969727,11390,-0.137773513793945,11390,-0.0479297637939453,11390,-0.165821075439453,11390,-0.126992225646973,11390,-0.133945465087891,11390,-0.145352363586426,11390,-0.127148628234863,11390,-0.0429296493530273,11390,-0.0401954650878906,11390,-0.0306644439697266,11390,-0.115508079528809,11390,-0.0432424545288086,11390,-7.98647594451904,11390,-0.142227172851562,11390,-6.17982816696167,11390,-0.0258207321166992,11390,-5.93537425994873,11390,-0.0238676071166992,11390,-0.0351171493530273,11390,-0.146524429321289,11390,-0.0516014099121094,11390,-0.134180068969727,11390,-0.0393362045288086
11400,-0.141992568969727,11400,-0.137773513793945,11400,-0.0478515625,11400,-0.165821075439453,11400,-0.126992225646973,11400,-0.133945465087891,11400,-0.145352363586426,11400,-0.127148628234863,11400,-0.0429296493530273,11400,-0.0402736663818359,11400,-0.0307426452636719,11400,-0.115508079528809,11400,-0.0431642532348633,11400,-7.99663162231445,11400,-0.142227172851562,11400,-6.18428134918213,11400,-0.0258207321166992,11400,-5.92967081069946,11400,-0.0238676071166992,11400,-0.0351171493530273,11400,-0.146524429321289,11400,-0.0516796112060547,11400,-0.134180068969727,11400,-0.0393362045288086
11410,-0.141914367675781,11410,-0.137773513793945,11410,-0.0477733612060547,11410,-0.165821075439453,11410,-0.126992225646973,11410,-0.133945465087891,11410,-0.145352363586426,11410,-0.127148628234863,11410,-0.0429296493530273,11410,-0.0402736663818359,11410,-0.0306644439697266,11410,-0.115508079528809,11410,-0.043086051940918,11410,-8.00624084472656,11410,-0.142227172851562,11410,-6.18896865844727,11410,-0.0258207321166992,11410,-5.9220929145813,11410,-0.0238676071166992,11410,-0.0351171493530273,11410,-0.146524429321289,11410,-0.0517578125,11410,-0.134180068969727,11410,-0.0393362045288086
11420,-0.141914367675781,11420,-0.137773513793945,11420,-0.0476951599121094,11420,-0.165821075439453,11420,-0.126992225646973,11420,-0.133945465087891,11420,-0.145352363586426,11420,-0.127148628234863,11420,-0.0429296493530273,11420,-0.0403518676757812,11420,-0.0306644439697266,11420,-0.115508079528809,11420,-0.043086051940918,11420,-8.01639747619629,11420,-0.142227172851562,11420,-6.19357824325562,11420,-0.0258207321166992,11420,-5.92193651199341,11420,-0.0238676071166992,11420,-0.0351171493530273,11420,-0.146446228027344,11420,-0.0518360137939453,11420,-0.134101867675781,11420,-0.0393362045288086
11430,-0.141914367675781,11430,-0.137773513793945,11430,-0.0476169586181641,11430,-0.165821075439453,11430,-0.126992225646973,11430,-0.133945465087891,11430,-0.145352363586426,11430,-0.127148628234863,11430,-0.0429296493530273,11430,-0.0404300689697266,11430,-0.0305862426757812,11430,-0.115508079528809,11430,-0.0430078506469727,11430,-8.02671051025391,11430,-0.142227172851562,11430,-6.19756269454956,11430,-0.0258207321166992,11430,-5.91888952255249,11430,-0.0238676071166992,11430,-0.0351171493530273,11430,-0.146446228027344,11430,-0.0518360137939453,11430,-0.134101867675781,11430,-0.0394144058227539
11440,-0.141914367675781,11440,-0.137773513793945,11440,-0.0475387573242188,11440,-0.165821075439453,11440,-0.126992225646973,11440,-0.133945465087891,11440,-0.145352363586426,11440,-0.127148628234863,11440,-0.0429296493530273,11440,-0.0405082702636719,11440,-0.0305862426757812,11440,-0.115508079528809,11440,-0.0430078506469727,11440,-8.0366325378418,11440,-0.142227172851562,11440,-6.20053148269653,11440,-0.0257425308227539,11440,-5.91498327255249,11440,-0.0238676071166992,11440,-0.0351171493530273,11440,-0.146368026733398,11440,-0.0519142150878906,11440,-0.134101867675781,11440,-0.0394144058227539
11450,-0.141836166381836,11450,-0.137773513793945,11450,-0.0475387573242188,11450,-0.165821075439453,11450,-0.126992225646973,11450,-0.133945465087891,11450,-0.145352363586426,11450,-0.127226829528809,11450,-0.0429296493530273,11450,-0.0405864715576172,11450,-0.0305862426757812,11450,-0.115508079528809,11450,-0.0429296493530273,11450,-8.04631996154785,11450,-0.142227172851562,11450,-6.20529699325562,11450,-0.0257425308227539,11450,-5.91170215606689,11450,-0.0238676071166992,11450,-0.0351171493530273,11450,-0.146368026733398,11450,-0.0519924163818359,11450,-0.134101867675781,11450,-0.0394144058227539
11460,-0.141836166381836,11460,-0.137773513793945,11460,-0.0474615097045898,11460,-0.165821075439453,11460,-0.126992225646973,11460,-0.133945465087891,11460,-0.145352363586426,11460,-0.127226829528809,11460,-0.0429296493530273,11460,-0.0406637191772461,11460,-0.0305862426757812,11460,-0.115508079528809,11460,-0.042851448059082,11460,-8.05585098266602,11460,-0.142227172851562,11460,-6.20928144454956,11460,-0.0257425308227539,11460,-5.90631151199341,11460,-0.0238676071166992,11460,-0.0351171493530273,11460,-0.146368026733398,11460,-0.0520706176757812,11460,-0.134101867675781,11460,-0.0394144058227539
11470,-0.141836166381836,11470,-0.137773513793945,11470,-0.0473833084106445,11470,-0.165821075439453,11470,-0.126992225646973,11470,-0.133945465087891,11470,-0.145352363586426,11470,-0.127226829528809,11470,-0.0429296493530273,11470,-0.0407419204711914,11470,-0.0305862426757812,11470,-0.115508079528809,11470,-0.042851448059082,11470,-8.06491279602051,11470,-0.142227172851562,11470,-6.21420335769653,11470,-0.0257425308227539,11470,-5.90099906921387,11470,-0.0238676071166992,11470,-0.0351171493530273,11470,-0.146289825439453,11470,-0.0520706176757812,11470,-0.134101867675781,11470,-0.0394926071166992
11480,-0.141836166381836,11480,-0.137773513793945,11480,-0.0473051071166992,11480,-0.165742874145508,11480,-0.126914978027344,11480,-0.133945465087891,11480,-0.145352363586426,11480,-0.127226829528809,11480,-0.0429296493530273,11480,-0.0407419204711914,11480,-0.0305862426757812,11480,-0.115508079528809,11480,-0.042851448059082,11480,-8.07452297210693,11480,-0.142227172851562,11480,-6.22029685974121,11480,-0.0257425308227539,11480,-5.90099906921387,11480,-0.0238676071166992,11480,-0.0351171493530273,11480,-0.146289825439453,11480,-0.0521488189697266,11480,-0.134101867675781,11480,-0.0394926071166992
11490,-0.141836166381836,11490,-0.137773513793945,11490,-0.0472269058227539,11490,-0.165742874145508,11490,-0.126914978027344,11490,-0.133945465087891,11490,-0.145352363586426,11490,-0.127226829528809,11490,-0.0430078506469727,11490,-0.0408201217651367,11490,-0.0305862426757812,11490,-0.115508079528809,11490,-0.042851448059082,11490,-8.08389759063721,11490,-0.142227172851562,11490,-6.22537517547607,11490,-0.0256643295288086,11490,-5.8992018699646,11490,-0.0238676071166992,11490,-0.0351171493530273,11490,-0.146211624145508,11490,-0.0522270202636719,11490,-0.134101867675781,11490,-0.0394926071166992
11500,-0.141836166381836,11500,-0.137773513793945,11500,-0.0472269058227539,11500,-0.165742874145508,11500,-0.126914978027344,11500,-0.133945465087891,11500,-0.145352363586426,11500,-0.127226829528809,11500,-0.0430078506469727,11500,-0.040898323059082,11500,-0.0305862426757812,11500,-0.115508079528809,11500,-0.0427732467651367,11500,-8.09319496154785,11500,-0.142227172851562,11500,-6.23084402084351,11500,-0.0256643295288086,11500,-5.89685821533203,11500,-0.0238676071166992,11500,-0.0351171493530273,11500,-0.146211624145508,11500,-0.0523052215576172,11500,-0.134101867675781,11500,-0.0394926071166992
11510,-0.141757965087891,11510,-0.137773513793945,11510,-0.0471487045288086,11510,-0.165742874145508,11510,-0.126914978027344,11510,-0.133945465087891,11510,-0.145352363586426,11510,-0.127226829528809,11510,-0.0430078506469727,11510,-0.0409765243530273,11510,-0.0305862426757812,11510,-0.115508079528809,11510,-0.0427732467651367,11510,-8.10280418395996,11510,-0.142227172851562,11510,-6.23787498474121,11510,-0.0256643295288086,11510,-5.89326429367065,11510,-0.0238676071166992,11510,-0.0351171493530273,11510,-0.146211624145508,11510,-0.0523052215576172,11510,-0.134101867675781,11510,-0.0394926071166992
11520,-0.141757965087891,11520,-0.137773513793945,11520,-0.0470705032348633,11520,-0.165742874145508,11520,-0.126914978027344,11520,-0.133945465087891,11520,-0.14527416229248,11520,-0.127226829528809,11520,-0.0430078506469727,11520,-0.0410547256469727,11520,-0.0305080413818359,11520,-0.115508079528809,11520,-0.0426168441772461,11520,-8.11233520507812,11520,-0.142227172851562,11520,-6.24678134918213,11520,-0.0256643295288086,11520,-5.89045190811157,11520,-0.0238676071166992,11520,-0.0351171493530273,11520,-0.146133422851562,11520,-0.0523834228515625,11520,-0.134101867675781,11520,-0.0395708084106445
11530,-0.141757965087891,11530,-0.137773513793945,11530,-0.046992301940918,11530,-0.165742874145508,11530,-0.126914978027344,11530,-0.133945465087891,11530,-0.14527416229248,11530,-0.127226829528809,11530,-0.0430078506469727,11530,-0.0410547256469727,11530,-0.0305080413818359,11530,-0.115508079528809,11530,-0.0425395965576172,11530,-8.12186622619629,11530,-0.142227172851562,11530,-6.25553131103516,11530,-0.0256643295288086,11530,-5.88724899291992,11530,-0.0238676071166992,11530,-0.0351171493530273,11530,-0.146133422851562,11530,-0.0524606704711914,11530,-0.134023666381836,11530,-0.0395708084106445
11540,-0.141679763793945,11540,-0.137773513793945,11540,-0.0469141006469727,11540,-0.165742874145508,11540,-0.126914978027344,11540,-0.133945465087891,11540,-0.14527416229248,11540,-0.127226829528809,11540,-0.0430078506469727,11540,-0.041132926940918,11540,-0.0305862426757812,11540,-0.115508079528809,11540,-0.0425395965576172,11540,-8.13139820098877,11540,-0.142227172851562,11540,-6.26545333862305,11540,-0.0256643295288086,11540,-5.88490533828735,11540,-0.0238676071166992,11540,-0.0351171493530273,11540,-0.146133422851562,11540,-0.0525388717651367,11540,-0.134023666381836,11540,-0.0395708084106445
11550,-0.141679763793945,11550,-0.137773513793945,11550,-0.0469141006469727,11550,-0.165742874145508,11550,-0.126914978027344,11550,-0.133945465087891,11550,-0.14527416229248,11550,-0.127226829528809,11550,-0.0430078506469727,11550,-0.0412111282348633,11550,-0.0305862426757812,11550,-0.115508079528809,11550,-0.0426168441772461,11550,-8.14092922210693,11550,-0.142227172851562,11550,-6.27685976028442,11550,-0.0256643295288086,11550,-5.88123321533203,11550,-0.0238676071166992,11550,-0.0351171493530273,11550,-0.146055221557617,11550,-0.0525388717651367,11550,-0.134023666381836,11550,-0.0395708084106445
11560,-0.141679763793945,11560,-0.137773513793945,11560,-0.0468358993530273,11560,-0.165742874145508,11560,-0.126836776733398,11560,-0.133945465087891,11560,-0.14527416229248,11560,-0.127226829528809,11560,-0.0430078506469727,11560,-0.0412893295288086,11560,-0.0305080413818359,11560,-0.115508079528809,11560,-0.0426168441772461,11560,-8.15069484710693,11560,-0.142227172851562,11560,-6.28670358657837,11560,-0.0256643295288086,11560,-5.87849903106689,11560,-0.0238676071166992,11560,-0.035038948059082,11560,-0.146055221557617,11560,-0.052617073059082,11560,-0.134023666381836,11560,-0.0396490097045898
11570,-0.141679763793945,11570,-0.137773513793945,11570,-0.046757698059082,11570,-0.165664672851562,11570,-0.126836776733398,11570,-0.133945465087891,11570,-0.14527416229248,11570,-0.127226829528809,11570,-0.0430078506469727,11570,-0.0413675308227539,11570,-0.0305080413818359,11570,-0.115508079528809,11570,-0.0424613952636719,11570,-8.16053867340088,11570,-0.142227172851562,11570,-6.29646921157837,11570,-0.0255861282348633,11570,-5.87599897384644,11570,-0.0238676071166992,11570,-0.035038948059082,11570,-0.145977020263672,11570,-0.0526952743530273,11570,-0.134023666381836,11570,-0.0396490097045898
11580,-0.141679763793945,11580,-0.137773513793945,11580,-0.046757698059082,11580,-0.165664672851562,11580,-0.126836776733398,11580,-0.133945465087891,11580,-0.14527416229248,11580,-0.127305030822754,11580,-0.0430078506469727,11580,-0.0414457321166992,11580,-0.0305080413818359,11580,-0.115508079528809,11580,-0.0423831939697266,11580,-8.17006969451904,11580,-0.142227172851562,11580,-6.30592250823975,11580,-0.0255861282348633,11580,-5.874436378479,11580,-0.0238676071166992,11580,-0.035038948059082,11580,-0.145977020263672,11580,-0.0527734756469727,11580,-0.134023666381836,11580,-0.0396490097045898
11590,-0.141679763793945,11590,-0.137773513793945,11590,-0.0466794967651367,11590,-0.165664672851562,11590,-0.126836776733398,11590,-0.133945465087891,11590,-0.14527416229248,11590,-0.127305030822754,11590,-0.0430078506469727,11590,-0.0414457321166992,11590,-0.0305080413818359,11590,-0.115508079528809,11590,-0.0423049926757812,11590,-8.18030452728271,11590,-0.142227172851562,11590,-6.31514120101929,11590,-0.0255861282348633,11590,-5.8738112449646,11590,-0.0238676071166992,11590,-0.035038948059082,11590,-0.145977020263672,11590,-0.0527734756469727,11590,-0.134023666381836,11590,-0.0396490097045898
11600,-0.141602516174316,11600,-0.137773513793945,11600,-0.0466012954711914,11600,-0.165664672851562,11600,-0.126836776733398,11600,-0.133945465087891,11600,-0.14527416229248,11600,-0.127305030822754,11600,-0.043086051940918,11600,-0.0415239334106445,11600,-0.0304298400878906,11600,-0.115508079528809,11600,-0.0423049926757812,11600,-8.19030475616455,11600,-0.142227172851562,11600,-6.32334423065186,11600,-0.0255861282348633,11600,-5.87279558181763,11600,-0.0238676071166992,11600,-0.035038948059082,11600,-0.145898818969727,11600,-0.052851676940918,11600,-0.134023666381836,11600,-0.0397262573242188
11610,-0.141602516174316,11610,-0.137773513793945,11610,-0.0465240478515625,11610,-0.165664672851562,11610,-0.126836776733398,11610,-0.133945465087891,11610,-0.14527416229248,11610,-0.127305030822754,11610,-0.043086051940918,11610,-0.0416021347045898,11610,-0.0304298400878906,11610,-0.115508079528809,11610,-0.0422267913818359,11610,-8.2006950378418,11610,-0.142227172851562,11610,-6.32920360565186,11610,-0.0255861282348633,11610,-5.87427997589111,11610,-0.0238676071166992,11610,-0.035038948059082,11610,-0.145898818969727,11610,-0.0529298782348633,11610,-0.134023666381836,11610,-0.0397262573242188
11620,-0.141602516174316,11620,-0.137773513793945,11620,-0.0465240478515625,11620,-0.165664672851562,11620,-0.126836776733398,11620,-0.133945465087891,11620,-0.14527416229248,11620,-0.127305030822754,11620,-0.043086051940918,11620,-0.0416793823242188,11620,-0.0304298400878906,11620,-0.115508079528809,11620,-0.0421485900878906,11620,-8.21147632598877,11620,-0.142227172851562,11620,-6.33584403991699,11620,-0.0255861282348633,11620,-5.87537384033203,11620,-0.0238676071166992,11620,-0.035038948059082,11620,-0.145898818969727,11620,-0.0529298782348633,11620,-0.134023666381836,11620,-0.0397262573242188
11630,-0.141602516174316,11630,-0.137773513793945,11630,-0.0464458465576172,11630,-0.165664672851562,11630,-0.126836776733398,11630,-0.133945465087891,11630,-0.14527416229248,11630,-0.127305030822754,11630,-0.043086051940918,11630,-0.0417575836181641,11630,-0.0304298400878906,11630,-0.115508079528809,11630,-0.0422267913818359,11630,-8.22225761413574,11630,-0.142227172851562,11630,-6.34053182601929,11630,-0.0255861282348633,11630,-5.8751392364502,11630,-0.0238676071166992,11630,-0.035038948059082,11630,-0.145820617675781,11630,-0.0530080795288086,11630,-0.134023666381836,11630,-0.0397262573242188
11640,-0.141602516174316,11640,-0.137773513793945,11640,-0.0463676452636719,11640,-0.165664672851562,11640,-0.126836776733398,11640,-0.133945465087891,11640,-0.14527416229248,11640,-0.127305030822754,11640,-0.043086051940918,11640,-0.0417575836181641,11640,-0.0304298400878906,11640,-0.115508079528809,11640,-0.0421485900878906,11640,-8.23350811004639,11640,-0.142227172851562,11640,-6.34623527526855,11640,-0.0255861282348633,11640,-5.87560796737671,11640,-0.0238676071166992,11640,-0.035038948059082,11640,-0.145820617675781,11640,-0.0530862808227539,11640,-0.134023666381836,11640,-0.0398044586181641
11650,-0.141524314880371,11650,-0.137773513793945,11650,-0.0463676452636719,11650,-0.165664672851562,11650,-0.126758575439453,11650,-0.133945465087891,11650,-0.14527416229248,11650,-0.127305030822754,11650,-0.043086051940918,11650,-0.0418357849121094,11650,-0.0303516387939453,11650,-0.115508079528809,11650,-0.0420703887939453,11650,-8.24460124969482,11650,-0.142227172851562,11650,-6.35006332397461,11650,-0.025507926940918,11650,-5.87427997589111,11650,-0.0238676071166992,11650,-0.035038948059082,11650,-0.145820617675781,11650,-0.0530862808227539,11650,-0.134023666381836,11650,-0.0398044586181641
11660,-0.141524314880371,11660,-0.137773513793945,11660,-0.0462894439697266,11660,-0.165664672851562,11660,-0.126758575439453,11660,-0.133945465087891,11660,-0.14527416229248,11660,-0.127305030822754,11660,-0.0431642532348633,11660,-0.0419139862060547,11660,-0.0303516387939453,11660,-0.115508079528809,11660,-0.0420703887939453,11660,-8.25553894042969,11660,-0.142227172851562,11660,-6.35451602935791,11660,-0.025507926940918,11660,-5.874436378479,11660,-0.0238676071166992,11660,-0.035038948059082,11660,-0.145742416381836,11660,-0.0531644821166992,11660,-0.133945465087891,11660,-0.0398044586181641
11670,-0.141524314880371,11670,-0.137773513793945,11670,-0.0462112426757812,11670,-0.165664672851562,11670,-0.126758575439453,11670,-0.133945465087891,11670,-0.14527416229248,11670,-0.127305030822754,11670,-0.0431642532348633,11670,-0.0419921875,11670,-0.0303516387939453,11670,-0.115508079528809,11670,-0.0419921875,11670,-8.2671012878418,11670,-0.142227172851562,11670,-6.35865688323975,11670,-0.025507926940918,11670,-5.87365484237671,11670,-0.0238676071166992,11670,-0.035038948059082,11670,-0.145742416381836,11670,-0.0532426834106445,11670,-0.133945465087891,11670,-0.0398044586181641
11680,-0.141524314880371,11680,-0.137773513793945,11680,-0.0462112426757812,11680,-0.165664672851562,11680,-0.126758575439453,11680,-0.133945465087891,11680,-0.14527416229248,11680,-0.127305030822754,11680,-0.0431642532348633,11680,-0.0419921875,11680,-0.0303516387939453,11680,-0.115508079528809,11680,-0.0418357849121094,11680,-8.2782735824585,11680,-0.142227172851562,11680,-6.36186027526855,11680,-0.025507926940918,11680,-5.87388944625854,11680,-0.0238676071166992,11680,-0.035038948059082,11680,-0.145664215087891,11680,-0.0533208847045898,11680,-0.133945465087891,11680,-0.0398826599121094
11690,-0.141524314880371,11690,-0.137773513793945,11690,-0.0461330413818359,11690,-0.165586471557617,11690,-0.126758575439453,11690,-0.133945465087891,11690,-0.14527416229248,11690,-0.127305030822754,11690,-0.0431642532348633,11690,-0.0420703887939453,11690,-0.0303516387939453,11690,-0.115508079528809,11690,-0.0418357849121094,11690,-8.2892894744873,11690,-0.142148971557617,11690,-6.36459445953369,11690,-0.025507926940918,11690,-5.87521743774414,11690,-0.0238676071166992,11690,-0.035038948059082,11690,-0.145664215087891,11690,-0.0533208847045898,11690,-0.133945465087891,11690,-0.0398826599121094
11700,-0.141446113586426,11700,-0.137773513793945,11700,-0.0460548400878906,11700,-0.165586471557617,11700,-0.126758575439453,11700,-0.133945465087891,11700,-0.14527416229248,11700,-0.127305030822754,11700,-0.0431642532348633,11700,-0.0421485900878906,11700,-0.0303516387939453,11700,-0.115508079528809,11700,-0.0417575836181641,11700,-8.29967975616455,11700,-0.142227172851562,11700,-6.36568832397461,11700,-0.025507926940918,11700,-5.87334251403809,11700,-0.0238676071166992,11700,-0.035038948059082,11700,-0.145664215087891,11700,-0.0533981323242188,11700,-0.133945465087891,11700,-0.0398826599121094
11710,-0.141446113586426,11710,-0.137773513793945,11710,-0.0460548400878906,11710,-0.165586471557617,11710,-0.126758575439453,11710,-0.133945465087891,11710,-0.14527416229248,11710,-0.127305030822754,11710,-0.0432424545288086,11710,-0.0422267913818359,11710,-0.0303516387939453,11710,-0.115508079528809,11710,-0.0416793823242188,11710,-8.31053924560547,11710,-0.142227172851562,11710,-6.36725044250488,11710,-0.025507926940918,11710,-5.87326431274414,11710,-0.0238676071166992,11710,-0.035038948059082,11710,-0.145586013793945,11710,-0.0534763336181641,11710,-0.133945465087891,11710,-0.0399608612060547
11720,-0.141446113586426,11720,-0.137773513793945,11720,-0.0459766387939453,11720,-0.165586471557617,11720,-0.126758575439453,11720,-0.133945465087891,11720,-0.14527416229248,11720,-0.127383232116699,11720,-0.0432424545288086,11720,-0.0423049926757812,11720,-0.0303516387939453,11720,-0.115508079528809,11720,-0.0416793823242188,11720,-8.32116413116455,11720,-0.142227172851562,11720,-6.36959457397461,11720,-0.025507926940918,11720,-5.87404584884644,11720,-0.0238676071166992,11720,-0.0351171493530273,11720,-0.145586013793945,11720,-0.0534763336181641,11720,-0.133945465087891,11720,-0.0399608612060547
11730,-0.141446113586426,11730,-0.137773513793945,11730,-0.0458984375,11730,-0.165586471557617,11730,-0.126758575439453,11730,-0.133945465087891,11730,-0.14527416229248,11730,-0.127383232116699,11730,-0.0432424545288086,11730,-0.0423049926757812,11730,-0.0303516387939453,11730,-0.115508079528809,11730,-0.0416793823242188,11730,-8.33116436004639,11730,-0.142227172851562,11730,-6.37100076675415,11730,-0.0254297256469727,11730,-5.87357711791992,11730,-0.0238676071166992,11730,-0.035038948059082,11730,-0.145586013793945,11730,-0.0535545349121094,11730,-0.133945465087891,11730,-0.0399608612060547
11740,-0.141446113586426,11740,-0.137773513793945,11740,-0.0458984375,11740,-0.165586471557617,11740,-0.126758575439453,11740,-0.133945465087891,11740,-0.145195960998535,11740,-0.127383232116699,11740,-0.0432424545288086,11740,-0.0423831939697266,11740,-0.0303516387939453,11740,-0.115508079528809,11740,-0.0416021347045898,11740,-8.34132099151611,11740,-0.142148971557617,11740,-6.37381315231323,11740,-0.0254297256469727,11740,-5.87287378311157,11740,-0.0238676071166992,11740,-0.035038948059082,11740,-0.145508766174316,11740,-0.0536327362060547,11740,-0.133945465087891,11740,-0.0399608612060547
11750,-0.14136791229248,11750,-0.137773513793945,11750,-0.0458202362060547,11750,-0.165586471557617,11750,-0.126680374145508,11750,-0.133945465087891,11750,-0.14527416229248,11750,-0.127383232116699,11750,-0.0432424545288086,11750,-0.0424613952636719,11750,-0.0304298400878906,11750,-0.115508079528809,11750,-0.0415239334106445,11750,-8.35171127319336,11750,-0.142227172851562,11750,-6.37506294250488,11750,-0.0254297256469727,11750,-5.87256145477295,11750,-0.0238676071166992,11750,-0.035038948059082,11750,-0.145508766174316,11750,-0.0536327362060547,11750,-0.133945465087891,11750,-0.0400390625
11760,-0.14136791229248,11760,-0.137773513793945,11760,-0.0457420349121094,11760,-0.165586471557617,11760,-0.126680374145508,11760,-0.133945465087891,11760,-0.14527416229248,11760,-0.127383232116699,11760,-0.0433206558227539,11760,-0.0425395965576172,11760,-0.0305080413818359,11760,-0.115508079528809,11760,-0.0416021347045898,11760,-8.3615550994873,11760,-0.142148971557617,11760,-6.3749852180481,11760,-0.0254297256469727,11760,-5.87045192718506,11760,-0.0238676071166992,11760,-0.035038948059082,11760,-0.145508766174316,11760,-0.0537109375,11760,-0.133945465087891,11760,-0.0400390625
11770,-0.14136791229248,11770,-0.137773513793945,11770,-0.0457420349121094,11770,-0.165586471557617,11770,-0.126680374145508,11770,-0.133945465087891,11770,-0.145195960998535,11770,-0.127383232116699,11770,-0.0433206558227539,11770,-0.0425395965576172,11770,-0.0305080413818359,11770,-0.115508079528809,11770,-0.0416021347045898,11770,-8.37092971801758,11770,-0.142227172851562,11770,-6.37631320953369,11770,-0.0254297256469727,11770,-5.87193632125854,11770,-0.0238676071166992,11770,-0.035038948059082,11770,-0.145430564880371,11770,-0.0537891387939453,11770,-0.133945465087891,11770,-0.0400390625
11780,-0.14136791229248,11780,-0.137773513793945,11780,-0.0456638336181641,11780,-0.165586471557617,11780,-0.126680374145508,11780,-0.133945465087891,11780,-0.145195960998535,11780,-0.127383232116699,11780,-0.0433206558227539,11780,-0.0426168441772461,11780,-0.0304298400878906,11780,-0.115508079528809,11780,-0.0414457321166992,11780,-8.38022708892822,11780,-0.142148971557617,11780,-6.37709426879883,11780,-0.0253515243530273,11780,-5.87279558181763,11780,-0.0238676071166992,11780,-0.035038948059082,11780,-0.145430564880371,11780,-0.0538673400878906,11780,-0.133945465087891,11780,-0.0400390625
11790,-0.14136791229248,11790,-0.137773513793945,11790,-0.0455856323242188,11790,-0.165586471557617,11790,-0.126680374145508,11790,-0.133945465087891,11790,-0.145195960998535,11790,-0.127383232116699,11790,-0.0433206558227539,11790,-0.0426950454711914,11790,-0.0304298400878906,11790,-0.115508079528809,11790,-0.0413675308227539,11790,-8.3896017074585,11790,-0.142148971557617,11790,-6.37764167785645,11790,-0.0253515243530273,11790,-5.87263965606689,11790,-0.0238676071166992,11790,-0.035038948059082,11790,-0.145430564880371,11790,-0.0538673400878906,11790,-0.133945465087891,11790,-0.0401172637939453
11800,-0.141289710998535,11800,-0.137773513793945,11800,-0.0455856323242188,11800,-0.165586471557617,11800,-0.126680374145508,11800,-0.133945465087891,11800,-0.145195960998535,11800,-0.127383232116699,11800,-0.0433988571166992,11800,-0.0426950454711914,11800,-0.0304298400878906,11800,-0.115508079528809,11800,-0.0412893295288086,11800,-8.39913368225098,11800,-0.142148971557617,11800,-6.37787580490112,11800,-0.0253515243530273,11800,-5.87084245681763,11800,-0.0238676071166992,11800,-0.0351171493530273,11800,-0.145352363586426,11800,-0.0539455413818359,11800,-0.133945465087891,11800,-0.0401172637939453
11810,-0.141289710998535,11810,-0.137773513793945,11810,-0.0455083847045898,11810,-0.165586471557617,11810,-0.126680374145508,11810,-0.133945465087891,11810,-0.145195960998535,11810,-0.127383232116699,11810,-0.0433988571166992,11810,-0.0427732467651367,11810,-0.0303516387939453,11810,-0.115508079528809,11810,-0.0412111282348633,11810,-8.40897750854492,11810,-0.142148971557617,11810,-6.37865734100342,11810,-0.0253515243530273,11810,-5.8692798614502,11810,-0.0238676071166992,11810,-0.0351171493530273,11810,-0.145352363586426,11810,-0.0540237426757812,11810,-0.133945465087891,11810,-0.0401172637939453
11820,-0.141289710998535,11820,-0.137773513793945,11820,-0.0455083847045898,11820,-0.165586471557617,11820,-0.126680374145508,11820,-0.133945465087891,11820,-0.145195960998535,11820,-0.127383232116699,11820,-0.0433988571166992,11820,-0.042851448059082,11820,-0.0304298400878906,11820,-0.115508079528809,11820,-0.0414457321166992,11820,-8.41889953613281,11820,-0.142148971557617,11820,-6.37904739379883,11820,-0.0253515243530273,11820,-5.8699049949646,11820,-0.0238676071166992,11820,-0.0351171493530273,11820,-0.145352363586426,11820,-0.0540237426757812,11820,-0.133867263793945,11820,-0.0401954650878906
11830,-0.141289710998535,11830,-0.137773513793945,11830,-0.0454301834106445,11830,-0.165586471557617,11830,-0.126680374145508,11830,-0.133945465087891,11830,-0.145195960998535,11830,-0.127383232116699,11830,-0.0433988571166992,11830,-0.0429296493530273,11830,-0.0304298400878906,11830,-0.115508079528809,11830,-0.0414457321166992,11830,-8.42858695983887,11830,-0.142148971557617,11830,-6.37967252731323,11830,-0.0253515243530273,11830,-5.87193632125854,11830,-0.0238676071166992,11830,-0.0351171493530273,11830,-0.14527416229248,11830,-0.0541019439697266,11830,-0.133867263793945,11830,-0.0401954650878906
11840,-0.141289710998535,11840,-0.137773513793945,11840,-0.0454301834106445,11840,-0.165586471557617,11840,-0.126680374145508,11840,-0.134023666381836,11840,-0.145195960998535,11840,-0.127383232116699,11840,-0.0434770584106445,11840,-0.0429296493530273,11840,-0.0305080413818359,11840,-0.115508079528809,11840,-0.0412111282348633,11840,-8.43811798095703,11840,-0.142148971557617,11840,-6.38029766082764,11840,-0.0253515243530273,11840,-5.87334251403809,11840,-0.0238676071166992,11840,-0.0351171493530273,11840,-0.14527416229248,11840,-0.0541801452636719,11840,-0.133867263793945,11840,-0.0401954650878906
11850,-0.14121150970459,11850,-0.137773513793945,11850,-0.0453519821166992,11850,-0.165508270263672,11850,-0.126680374145508,11850,-0.133945465087891,11850,-0.145195960998535,11850,-0.127383232116699,11850,-0.0434770584106445,11850,-0.0430078506469727,11850,-0.0305080413818359,11850,-0.115508079528809,11850,-0.041132926940918,11850,-8.44788360595703,11850,-0.142148971557617,11850,-6.37959480285645,11850,-0.0253515243530273,11850,-5.87474870681763,11850,-0.0238676071166992,11850,-0.0351171493530273,11850,-0.14527416229248,11850,-0.0541801452636719,11850,-0.133867263793945,11850,-0.0401954650878906
11860,-0.14121150970459,11860,-0.137773513793945,11860,-0.0452737808227539,11860,-0.165508270263672,11860,-0.126680374145508,11860,-0.133945465087891,11860,-0.145195960998535,11860,-0.127383232116699,11860,-0.0434770584106445,11860,-0.043086051940918,11860,-0.0305080413818359,11860,-0.115508079528809,11860,-0.0409765243530273,11860,-8.45764923095703,11860,-0.142148971557617,11860,-6.37982892990112,11860,-0.0253515243530273,11860,-5.87396764755249,11860,-0.0238676071166992,11860,-0.0351171493530273,11860,-0.145195960998535,11860,-0.0542583465576172,11860,-0.133867263793945,11860,-0.0402736663818359
11870,-0.14121150970459,11870,-0.137773513793945,11870,-0.0452737808227539,11870,-0.165508270263672,11870,-0.126680374145508,11870,-0.133945465087891,11870,-0.145195960998535,11870,-0.127461433410645,11870,-0.0434770584106445,11870,-0.0431642532348633,11870,-0.0305080413818359,11870,-0.115508079528809,11870,-0.0410547256469727,11870,-8.46741485595703,11870,-0.142148971557617,11870,-6.37967252731323,11870,-0.0253515243530273,11870,-5.87334251403809,11870,-0.0238676071166992,11870,-0.0351171493530273,11870,-0.145195960998535,11870,-0.0543365478515625,11870,-0.133867263793945,11870,-0.0402736663818359
11880,-0.14121150970459,11880,-0.137773513793945,11880,-0.0451955795288086,11880,-0.165508270263672,11880,-0.126602172851562,11880,-0.133945465087891,11880,-0.145195960998535,11880,-0.127461433410645,11880,-0.0434770584106445,11880,-0.0431642532348633,11880,-0.0304298400878906,11880,-0.115508079528809,11880,-0.0410547256469727,11880,-8.47686767578125,11880,-0.142148971557617,11880,-6.37967252731323,11880,-0.0253515243530273,11880,-5.87506151199341,11880,-0.0238676071166992,11880,-0.0351171493530273,11880,-0.145195960998535,11880,-0.0543365478515625,11880,-0.133867263793945,11880,-0.0402736663818359
11890,-0.14121150970459,11890,-0.137773513793945,11890,-0.0451955795288086,11890,-0.165508270263672,11890,-0.126602172851562,11890,-0.134023666381836,11890,-0.145195960998535,11890,-0.127461433410645,11890,-0.0435552597045898,11890,-0.0432424545288086,11890,-0.0304298400878906,11890,-0.115508079528809,11890,-0.040898323059082,11890,-8.4867115020752,11890,-0.142148971557617,11890,-6.37826633453369,11890,-0.0253515243530273,11890,-5.87451457977295,11890,-0.0238676071166992,11890,-0.0351171493530273,11890,-0.14511775970459,11890,-0.0544137954711914,11890,-0.133867263793945,11890,-0.0403518676757812
11900,-0.14121150970459,11900,-0.137773513793945,11900,-0.0451173782348633,11900,-0.165508270263672,11900,-0.126602172851562,11900,-0.133945465087891,11900,-0.145195960998535,11900,-0.127461433410645,11900,-0.0435552597045898,11900,-0.0433206558227539,11900,-0.0303516387939453,11900,-0.115508079528809,11900,-0.0407419204711914,11900,-8.49608707427979,11900,-0.142148971557617,11900,-6.3769383430481,11900,-0.0253515243530273,11900,-5.87357711791992,11900,-0.0238676071166992,11900,-0.0351171493530273,11900,-0.14511775970459,11900,-0.0544137954711914,11900,-0.133867263793945,11900,-0.0403518676757812
11910,-0.141133308410645,11910,-0.137773513793945,11910,-0.0451173782348633,11910,-0.165508270263672,11910,-0.126602172851562,11910,-0.134023666381836,11910,-0.145195960998535,11910,-0.127461433410645,11910,-0.0435552597045898,11910,-0.0433988571166992,11910,-0.0303516387939453,11910,-0.115508079528809,11910,-0.0406637191772461,11910,-8.50475883483887,11910,-0.142148971557617,11910,-6.37568855285645,11910,-0.0253515243530273,11910,-5.87287378311157,11910,-0.0238676071166992,11910,-0.0351171493530273,11910,-0.14511775970459,11910,-0.0544919967651367,11910,-0.133867263793945,11910,-0.0403518676757812
11920,-0.141133308410645,11920,-0.137773513793945,11920,-0.045039176940918,11920,-0.165508270263672,11920,-0.126602172851562,11920,-0.133945465087891,11920,-0.145195960998535,11920,-0.127461433410645,11920,-0.0435552597045898,11920,-0.0433988571166992,11920,-0.0303516387939453,11920,-0.115508079528809,11920,-0.0407419204711914,11920,-8.5128059387207,11920,-0.142148971557617,11920,-6.37451648712158,11920,-0.0253515243530273,11920,-5.87373304367065,11920,-0.0238676071166992,11920,-0.0351171493530273,11920,-0.145039558410645,11920,-0.054570198059082,11920,-0.133867263793945,11920,-0.0404300689697266
11930,-0.141133308410645,11930,-0.137773513793945,11930,-0.045039176940918,11930,-0.165508270263672,11930,-0.126602172851562,11930,-0.133945465087891,11930,-0.145195960998535,11930,-0.127461433410645,11930,-0.0436325073242188,11930,-0.0434770584106445,11930,-0.0303516387939453,11930,-0.115508079528809,11930,-0.0408201217651367,11930,-8.52100849151611,11930,-0.142148971557617,11930,-6.37146949768066,11930,-0.0253515243530273,11930,-5.87271738052368,11930,-0.0238676071166992,11930,-0.0351171493530273,11930,-0.145039558410645,11930,-0.054570198059082,11930,-0.133867263793945,11930,-0.0404300689697266
11940,-0.141133308410645,11940,-0.137773513793945,11940,-0.0449609756469727,11940,-0.165508270263672,11940,-0.126602172851562,11940,-0.133945465087891,11940,-0.145195960998535,11940,-0.127461433410645,11940,-0.0436325073242188,11940,-0.0435552597045898,11940,-0.0302734375,11940,-0.115508079528809,11940,-0.0408201217651367,11940,-8.52866554260254,11940,-0.142148971557617,11940,-6.36811017990112,11940,-0.0253515243530273,11940,-5.87162399291992,11940,-0.0238676071166992,11940,-0.0351171493530273,11940,-0.145039558410645,11940,-0.0546483993530273,11940,-0.133867263793945,11940,-0.0404300689697266
11950,-0.141133308410645,11950,-0.137773513793945,11950,-0.0448827743530273,11950,-0.165508270263672,11950,-0.126602172851562,11950,-0.134023666381836,11950,-0.145195960998535,11950,-0.127461433410645,11950,-0.0436325073242188,11950,-0.0436325073242188,11950,-0.0302734375,11950,-0.115508079528809,11950,-0.0408201217651367,11950,-8.53554058074951,11950,-0.142148971557617,11950,-6.36475086212158,11950,-0.0253515243530273,11950,-5.8692798614502,11950,-0.0238676071166992,11950,-0.0351171493530273,11950,-0.144961357116699,11950,-0.0547266006469727,11950,-0.133867263793945,11950,-0.0404300689697266
11960,-0.141055107116699,11960,-0.137773513793945,11960,-0.0448827743530273,11960,-0.165508270263672,11960,-0.126602172851562,11960,-0.134023666381836,11960,-0.145195960998535,11960,-0.127461433410645,11960,-0.0436325073242188,11960,-0.0436325073242188,11960,-0.0302734375,11960,-0.115586280822754,11960,-0.0407419204711914,11960,-8.54272747039795,11960,-0.142148971557617,11960,-6.36295413970947,11960,-0.0253515243530273,11960,-5.86592054367065,11960,-0.0238676071166992,11960,-0.0351171493530273,11960,-0.144961357116699,11960,-0.0547266006469727,11960,-0.133867263793945,11960,-0.0405082702636719
11970,-0.141055107116699,11970,-0.137773513793945,11970,-0.044804573059082,11970,-0.165430068969727,11970,-0.126602172851562,11970,-0.134023666381836,11970,-0.145195960998535,11970,-0.127461433410645,11970,-0.0436325073242188,11970,-0.0437107086181641,11970,-0.0302734375,11970,-0.115508079528809,11970,-0.0405864715576172,11970,-8.55053997039795,11970,-0.142148971557617,11970,-6.3619384765625,11970,-0.0253515243530273,11970,-5.86506128311157,11970,-0.0238676071166992,11970,-0.0351171493530273,11970,-0.144961357116699,11970,-0.054804801940918,11970,-0.133867263793945,11970,-0.0405082702636719
11980,-0.141055107116699,11980,-0.137773513793945,11980,-0.044804573059082,11980,-0.165430068969727,11980,-0.126602172851562,11980,-0.133945465087891,11980,-0.145195960998535,11980,-0.127461433410645,11980,-0.0437107086181641,11980,-0.0437889099121094,11980,-0.0301952362060547,11980,-0.115586280822754,11980,-0.0405864715576172,11980,-8.5577278137207,11980,-0.142148971557617,11980,-6.36006307601929,11980,-0.0253515243530273,11980,-5.866623878479,11980,-0.0238676071166992,11980,-0.0351171493530273,11980,-0.144883155822754,11980,-0.0548830032348633,11980,-0.133867263793945,11980,-0.0405082702636719
11990,-0.141055107116699,11990,-0.137773513793945,11990,-0.044804573059082,11990,-0.165430068969727,11990,-0.126602172851562,11990,-0.134023666381836,11990,-0.145195960998535,11990,-0.127461433410645,11990,-0.0437107086181641,11990,-0.0438671112060547,11990,-0.0302734375,11990,-0.115586280822754,11990,-0.0405864715576172,11990,-8.56538391113281,11990,-0.142148971557617,11990,-6.35842227935791,11990,-0.0253515243530273,11990,-5.86263942718506,11990,-0.0238676071166992,11990,-0.0351171493530273,11990,-0.144883155822754,11990,-0.0548830032348633,11990,-0.133867263793945,11990,-0.0405864715576172
12000,-0.141055107116699,12000,-0.137773513793945,12000,-0.0447263717651367,12000,-0.165430068969727,12000,-0.126602172851562,12000,-0.133945465087891,12000,-0.145195960998535,12000,-0.127461433410645,12000,-0.0437107086181641,12000,-0.0438671112060547,12000,-0.0302734375,12000,-0.115586280822754,12000,-0.0405864715576172,12000,-8.57264995574951,12000,-0.142148971557617,12000,-6.35670375823975,12000,-0.0253515243530273,12000,-5.85920190811157,12000,-0.0238676071166992,12000,-0.0351171493530273,12000,-0.144883155822754,12000,-0.0549612045288086,12000,-0.133867263793945,12000,-0.0405864715576172
12010,-0.140976905822754,12010,-0.137773513793945,12010,-0.0447263717651367,12010,-0.165430068969727,12010,-0.126602172851562,12010,-0.134023666381836,12010,-0.145195960998535,12010,-0.127461433410645,12010,-0.0437107086181641,12010,-0.0439453125,12010,-0.0301952362060547,12010,-0.115586280822754,12010,-0.0404300689697266,12010,-8.5792121887207,12010,-0.142148971557617,12010,-6.35498523712158,12010,-0.0253515243530273,12010,-5.85592079162598,12010,-0.0238676071166992,12010,-0.0351171493530273,12010,-0.144804954528809,12010,-0.0549612045288086,12010,-0.1337890625,12010,-0.0405864715576172
12020,-0.140976905822754,12020,-0.137773513793945,12020,-0.0446481704711914,12020,-0.165430068969727,12020,-0.126602172851562,12020,-0.133945465087891,12020,-0.145195960998535,12020,-0.127461433410645,12020,-0.0437889099121094,12020,-0.0440235137939453,12020,-0.0301952362060547,12020,-0.115586280822754,12020,-0.0404300689697266,12020,-8.58624362945557,12020,-0.142148971557617,12020,-6.35443782806396,12020,-0.0253515243530273,12020,-5.85545206069946,12020,-0.0238676071166992,12020,-0.0351171493530273,12020,-0.144804954528809,12020,-0.0550394058227539,12020,-0.1337890625,12020,-0.0406637191772461
12030,-0.140976905822754,12030,-0.137773513793945,12030,-0.0446481704711914,12030,-0.165430068969727,12030,-0.126602172851562,12030,-0.134023666381836,12030,-0.145195960998535,12030,-0.12753963470459,12030,-0.0437889099121094,12030,-0.0441017150878906,12030,-0.0301170349121094,12030,-0.115586280822754,12030,-0.0403518676757812,12030,-8.59264945983887,12030,-0.142148971557617,12030,-6.35381317138672,12030,-0.0253515243530273,12030,-5.85326433181763,12030,-0.0238676071166992,12030,-0.0351171493530273,12030,-0.144804954528809,12030,-0.0551176071166992,12030,-0.1337890625,12030,-0.0406637191772461
12040,-0.140976905822754,12040,-0.137773513793945,12040,-0.0445699691772461,12040,-0.165430068969727,12040,-0.126602172851562,12040,-0.134023666381836,12040,-0.145195960998535,12040,-0.12753963470459,12040,-0.0437889099121094,12040,-0.0441017150878906,12040,-0.0301170349121094,12040,-0.115586280822754,12040,-0.0402736663818359,12040,-8.59921264648438,12040,-0.142148971557617,12040,-6.35334444046021,12040,-0.0253515243530273,12040,-5.8517017364502,12040,-0.0238676071166992,12040,-0.0351171493530273,12040,-0.144804954528809,12040,-0.0551176071166992,12040,-0.1337890625,12040,-0.0406637191772461
12050,-0.140976905822754,12050,-0.137773513793945,12050,-0.0445699691772461,12050,-0.165430068969727,12050,-0.126602172851562,12050,-0.134023666381836,12050,-0.145195960998535,12050,-0.12753963470459,12050,-0.0437889099121094,12050,-0.0441799163818359,12050,-0.0301170349121094,12050,-0.115586280822754,12050,-0.0401172637939453,12050,-8.60569667816162,12050,-0.142148971557617,12050,-6.35428190231323,12050,-0.025273323059082,12050,-5.84935808181763,12050,-0.0238676071166992,12050,-0.0351171493530273,12050,-0.144726753234863,12050,-0.0551958084106445,12050,-0.1337890625,12050,-0.0407419204711914
12060,-0.140976905822754,12060,-0.137773513793945,12060,-0.0444927215576172,12060,-0.165430068969727,12060,-0.126523971557617,12060,-0.134023666381836,12060,-0.145195960998535,12060,-0.12753963470459,12060,-0.0437889099121094,12060,-0.0442581176757812,12060,-0.0301170349121094,12060,-0.115586280822754,12060,-0.0400390625,12060,-8.6118688583374,12060,-0.142148971557617,12060,-6.35584449768066,12060,-0.025273323059082,12060,-5.84810829162598,12060,-0.0238676071166992,12060,-0.0351171493530273,12060,-0.144726753234863,12060,-0.0551958084106445,12060,-0.1337890625,12060,-0.0407419204711914
12070,-0.140898704528809,12070,-0.137773513793945,12070,-0.0444927215576172,12070,-0.165430068969727,12070,-0.126523971557617,12070,-0.134023666381836,12070,-0.145195960998535,12070,-0.12753963470459,12070,-0.0438671112060547,12070,-0.0442581176757812,12070,-0.0301170349121094,12070,-0.115586280822754,12070,-0.0400390625,12070,-8.61780643463135,12070,-0.142148971557617,12070,-6.35717248916626,12070,-0.025273323059082,12070,-5.8445143699646,12070,-0.0238676071166992,12070,-0.0351953506469727,12070,-0.144726753234863,12070,-0.0552740097045898,12070,-0.1337890625,12070,-0.0407419204711914
12080,-0.140898704528809,12080,-0.137773513793945,12080,-0.0444145202636719,12080,-0.165430068969727,12080,-0.126523971557617,12080,-0.134023666381836,12080,-0.145195960998535,12080,-0.12753963470459,12080,-0.0438671112060547,12080,-0.0443363189697266,12080,-0.0301170349121094,12080,-0.115586280822754,12080,-0.0400390625,12080,-8.6235876083374,12080,-0.142148971557617,12080,-6.35865688323975,12080,-0.025273323059082,12080,-5.84287357330322,12080,-0.0238676071166992,12080,-0.0351953506469727,12080,-0.144648551940918,12080,-0.0553522109985352,12080,-0.1337890625,12080,-0.0408201217651367
12090,-0.140898704528809,12090,-0.137773513793945,12090,-0.0444145202636719,12090,-0.165430068969727,12090,-0.126523971557617,12090,-0.134023666381836,12090,-0.145195960998535,12090,-0.12753963470459,12090,-0.0438671112060547,12090,-0.0444145202636719,12090,-0.0301170349121094,12090,-0.115586280822754,12090,-0.0399608612060547,12090,-8.6294469833374,12090,-0.142148971557617,12090,-6.36100101470947,12090,-0.025273323059082,12090,-5.84076452255249,12090,-0.0238676071166992,12090,-0.0351953506469727,12090,-0.144648551940918,12090,-0.0553522109985352,12090,-0.1337890625,12090,-0.0408201217651367
12100,-0.140898704528809,12100,-0.137773513793945,12100,-0.0443363189697266,12100,-0.165430068969727,12100,-0.126523971557617,12100,-0.134023666381836,12100,-0.145195960998535,12100,-0.12753963470459,12100,-0.0438671112060547,12100,-0.0444927215576172,12100,-0.0301170349121094,12100,-0.115586280822754,12100,-0.0399608612060547,12100,-8.63538455963135,12100,-0.142148971557617,12100,-6.36350059509277,12100,-0.025273323059082,12100,-5.84146738052368,12100,-0.0238676071166992,12100,-0.0351953506469727,12100,-0.144648551940918,12100,-0.0554294586181641,12100,-0.1337890625,12100,-0.0408201217651367
12110,-0.140898704528809,12110,-0.137773513793945,12110,-0.0443363189697266,12110,-0.165351867675781,12110,-0.126523971557617,12110,-0.134023666381836,12110,-0.145195960998535,12110,-0.12753963470459,12110,-0.0439453125,12110,-0.0444927215576172,12110,-0.0300388336181641,12110,-0.115586280822754,12110,-0.0399608612060547,12110,-8.64163398742676,12110,-0.142227172851562,12110,-6.36521911621094,12110,-0.025273323059082,12110,-5.83842039108276,12110,-0.0238676071166992,12110,-0.0351953506469727,12110,-0.144570350646973,12110,-0.0555076599121094,12110,-0.1337890625,12110,-0.040898323059082
12120,-0.140898704528809,12120,-0.137773513793945,12120,-0.0443363189697266,12120,-0.165351867675781,12120,-0.126523971557617,12120,-0.134023666381836,12120,-0.145195960998535,12120,-0.12753963470459,12120,-0.0439453125,12120,-0.0445699691772461,12120,-0.0300388336181641,12120,-0.115586280822754,12120,-0.0400390625,12120,-8.6475715637207,12120,-0.142227172851562,12120,-6.36686038970947,12120,-0.025273323059082,12120,-5.83545160293579,12120,-0.0238676071166992,12120,-0.0351953506469727,12120,-0.144570350646973,12120,-0.0555076599121094,12120,-0.1337890625,12120,-0.040898323059082
12130,-0.140820503234863,12130,-0.137773513793945,12130,-0.0442581176757812,12130,-0.165351867675781,12130,-0.126523971557617,12130,-0.134023666381836,12130,-0.145195960998535,12130,-0.12753963470459,12130,-0.0439453125,12130,-0.0446481704711914,12130,-0.0300388336181641,12130,-0.115586280822754,12130,-0.0399608612060547,12130,-8.65358734130859,12130,-0.142227172851562,12130,-6.36857891082764,12130,-0.025273323059082,12130,-5.83428001403809,12130,-0.0238676071166992,12130,-0.0351953506469727,12130,-0.144570350646973,12130,-0.0556640625,12130,-0.1337890625,12130,-0.040898323059082
12140,-0.140820503234863,12140,-0.137773513793945,12140,-0.0442581176757812,12140,-0.165351867675781,12140,-0.126523971557617,12140,-0.134023666381836,12140,-0.145195960998535,12140,-0.12753963470459,12140,-0.0439453125,12140,-0.0446481704711914,12140,-0.0299606323242188,12140,-0.115586280822754,12140,-0.0399608612060547,12140,-8.65952491760254,12140,-0.142227172851562,12140,-6.37021923065186,12140,-0.0251951217651367,12140,-5.83193635940552,12140,-0.0238676071166992,12140,-0.0351953506469727,12140,-0.144570350646973,12140,-0.0556640625,12140,-0.1337890625,12140,-0.0409765243530273
12150,-0.140820503234863,12150,-0.137773513793945,12150,-0.0441799163818359,12150,-0.165351867675781,12150,-0.126523971557617,12150,-0.134023666381836,12150,-0.145195960998535,12150,-0.12753963470459,12150,-0.0439453125,12150,-0.0447263717651367,12150,-0.0298824310302734,12150,-0.115586280822754,12150,-0.0398826599121094,12150,-8.66561889648438,12150,-0.142148971557617,12150,-6.37232875823975,12150,-0.0251951217651367,12150,-5.8302173614502,12150,-0.0238676071166992,12150,-0.0351953506469727,12150,-0.144493103027344,12150,-0.0557422637939453,12150,-0.1337890625,12150,-0.0409765243530273
12160,-0.140820503234863,12160,-0.137773513793945,12160,-0.0441799163818359,12160,-0.165351867675781,12160,-0.126523971557617,12160,-0.134023666381836,12160,-0.145195960998535,12160,-0.12753963470459,12160,-0.0439453125,12160,-0.044804573059082,12160,-0.0298824310302734,12160,-0.115586280822754,12160,-0.0398044586181641,12160,-8.67202472686768,12160,-0.142148971557617,12160,-6.37467288970947,12160,-0.0251951217651367,12160,-5.82943630218506,12160,-0.0238676071166992,12160,-0.0351953506469727,12160,-0.144493103027344,12160,-0.0557422637939453,12160,-0.1337890625,12160,-0.0409765243530273
12170,-0.140820503234863,12170,-0.137773513793945,12170,-0.0441017150878906,12170,-0.165351867675781,12170,-0.126523971557617,12170,-0.134023666381836,12170,-0.145195960998535,12170,-0.12753963470459,12170,-0.0440235137939453,12170,-0.0448827743530273,12170,-0.0298824310302734,12170,-0.115586280822754,12170,-0.0396490097045898,12170,-8.67866611480713,12170,-0.142227172851562,12170,-6.37639141082764,12170,-0.0251951217651367,12170,-5.82467031478882,12170,-0.0238676071166992,12170,-0.0351953506469727,12170,-0.144493103027344,12170,-0.0558204650878906,12170,-0.1337890625,12170,-0.0410547256469727
12180,-0.140820503234863,12180,-0.137773513793945,12180,-0.0441017150878906,12180,-0.165351867675781,12180,-0.126523971557617,12180,-0.134023666381836,12180,-0.14511775970459,12180,-0.12753963470459,12180,-0.0440235137939453,12180,-0.0448827743530273,12180,-0.0298824310302734,12180,-0.115586280822754,12180,-0.0395708084106445,12180,-8.68507194519043,12180,-0.142227172851562,12180,-6.37607860565186,12180,-0.0251951217651367,12180,-5.82006120681763,12180,-0.0238676071166992,12180,-0.0351953506469727,12180,-0.144414901733398,12180,-0.0558204650878906,12180,-0.1337890625,12180,-0.0410547256469727
12190,-0.140742301940918,12190,-0.137773513793945,12190,-0.0440235137939453,12190,-0.165351867675781,12190,-0.126523971557617,12190,-0.134023666381836,12190,-0.14511775970459,12190,-0.127617835998535,12190,-0.0440235137939453,12190,-0.0449609756469727,12190,-0.0298051834106445,12190,-0.115586280822754,12190,-0.0395708084106445,12190,-8.69155597686768,12190,-0.142227172851562,12190,-6.37662601470947,12190,-0.0251951217651367,12190,-5.81482648849487,12190,-0.0238676071166992,12190,-0.0351953506469727,12190,-0.144414901733398,12190,-0.0558986663818359,12190,-0.1337890625,12190,-0.0410547256469727
12200,-0.140742301940918,12200,-0.137773513793945,12200,-0.0440235137939453,12200,-0.165351867675781,12200,-0.126523971557617,12200,-0.134023666381836,12200,-0.14511775970459,12200,-0.127617835998535,12200,-0.0440235137939453,12200,-0.045039176940918,12200,-0.0298051834106445,12200,-0.115664482116699,12200,-0.0394926071166992,12200,-8.6983528137207,12200,-0.142227172851562,12200,-6.37857913970947,12200,-0.0251169204711914,12200,-5.81045150756836,12200,-0.0238676071166992,12200,-0.0351953506469727,12200,-0.144414901733398,12200,-0.0559768676757812,12200,-0.1337890625,12200,-0.041132926940918
12210,-0.140742301940918,12210,-0.137773513793945,12210,-0.0440235137939453,12210,-0.165351867675781,12210,-0.126523971557617,12210,-0.134023666381836,12210,-0.14511775970459,12210,-0.127617835998535,12210,-0.0440235137939453,12210,-0.045039176940918,12210,-0.0298824310302734,12210,-0.115664482116699,12210,-0.0394144058227539,12210,-8.70577526092529,12210,-0.142227172851562,12210,-6.37881326675415,12210,-0.0251169204711914,12210,-5.80552959442139,12210,-0.0238676071166992,12210,-0.035273551940918,12210,-0.144336700439453,12210,-0.0559768676757812,12210,-0.1337890625,12210,-0.041132926940918
12220,-0.177227020263672,12220,-0.168789863586426,12220,-0.027226448059082,12220,-0.182929992675781,12220,-0.166055679321289,12220,-0.152773857116699,12220,-0.170117378234863,12220,-0.144258499145508,12220,-0.0608205795288086,12220,-0.0924615859985352,12220,-0.0343360900878906,12220,-0.155351638793945,12220,-0.0394144058227539,12220,-7.52733325958252,12220,-0.175743103027344,12220,-6.65373611450195,12220,-0.0337886810302734,12220,-4.09216403961182,12220,-0.0253515243530273,12220,-0.0532426834106445,12220,-0.182929992675781,12220,-0.0937108993530273,12220,-0.171836853027344,12220,-0.0687112808227539
12230,-0.176758766174316,12230,-0.168633460998535,12230,-0.0270700454711914,12230,-0.182305335998535,12230,-0.165821075439453,12230,-0.152695655822754,12230,-0.169961929321289,12230,-0.144258499145508,12230,-0.0608987808227539,12230,-0.0923051834106445,12230,-0.0328512191772461,12230,-0.155117988586426,12230,-0.0385551452636719,12230,-7.60803699493408,12230,-0.175117492675781,12230,-6.72912693023682,12230,-0.0319137573242188,12230,-4.28075838088989,12230,-0.0253515243530273,12230,-0.0533208847045898,12230,-0.182305335998535,12230,-0.0937108993530273,12230,-0.171915054321289,12230,-0.0686330795288086
12240,-0.176289558410645,12240,-0.16855525970459,12240,-0.0269145965576172,12240,-0.181680679321289,12240,-0.165586471557617,12240,-0.152695655822754,12240,-0.169883728027344,12240,-0.144180297851562,12240,-0.0609769821166992,12240,-0.0920705795288086,12240,-0.0319919586181641,12240,-0.15488338470459,12240,-0.0381641387939453,12240,-7.72077178955078,12240,-0.17457103729248,12240,-6.82842445373535,12240,-0.0305862426757812,12240,-4.47177457809448,12240,-0.025273323059082,12240,-0.0533208847045898,12240,-0.181758880615234,12240,-0.093632698059082,12240,-0.172070503234863,12240,-0.0685548782348633
12250,-0.175821304321289,12250,-0.168477058410645,12250,-0.0267581939697266,12250,-0.181211471557617,12250,-0.165430068969727,12250,-0.152695655822754,12250,-0.169805526733398,12250,-0.144180297851562,12250,-0.0610551834106445,12250,-0.091914176940918,12250,-0.0314455032348633,12250,-0.154648780822754,12250,-0.0378513336181641,12250,-7.82952213287354,12250,-0.173946380615234,12250,-6.92498683929443,12250,-0.0295705795288086,12250,-4.65482234954834,12250,-0.025273323059082,12250,-0.0533981323242188,12250,-0.181211471557617,12250,-0.093632698059082,12250,-0.172148704528809,12250,-0.0685548782348633
12260,-0.175430297851562,12260,-0.168320655822754,12260,-0.0266799926757812,12260,-0.180743217468262,12260,-0.165195465087891,12260,-0.152617454528809,12260,-0.169805526733398,12260,-0.144102096557617,12260,-0.0612115859985352,12260,-0.0917577743530273,12260,-0.031132698059082,12260,-0.154414176940918,12260,-0.0376176834106445,12260,-7.92913150787354,12260,-0.173477172851562,12260,-7.0110034942627,12260,-0.0287895202636719,12260,-4.81927585601807,12260,-0.0251951217651367,12260,-0.0534763336181641,12260,-0.180665016174316,12260,-0.093632698059082,12260,-0.172226905822754,12260,-0.068476676940918
12270,-0.175039291381836,12270,-0.168242454528809,12270,-0.0265235900878906,12270,-0.180352210998535,12270,-0.165040016174316,12270,-0.152617454528809,12270,-0.169727325439453,12270,-0.144102096557617,12270,-0.0612888336181641,12270,-0.0916023254394531,12270,-0.0308208465576172,12270,-0.154258728027344,12270,-0.0373830795288086,12270,-8.0221004486084,12270,-0.173007965087891,12270,-7.08990955352783,12270,-0.0280857086181641,12270,-4.96826124191284,12270,-0.0251951217651367,12270,-0.0536327362060547,12270,-0.180195808410645,12270,-0.093632698059082,12270,-0.172305107116699,12270,-0.068476676940918
12280,-0.174649238586426,12280,-0.168164253234863,12280,-0.0264453887939453,12280,-0.179961204528809,12280,-0.164883613586426,12280,-0.152617454528809,12280,-0.169649124145508,12280,-0.144102096557617,12280,-0.0613670349121094,12280,-0.0914459228515625,12280,-0.0306644439697266,12280,-0.154102325439453,12280,-0.0371484756469727,12280,-8.10639762878418,12280,-0.17261791229248,12280,-7.16194152832031,12280,-0.0275392532348633,12280,-5.09701156616211,12280,-0.0251951217651367,12280,-0.0537109375,12280,-0.179727554321289,12280,-0.0935554504394531,12280,-0.172383308410645,12280,-0.068476676940918
12290,-0.174258232116699,12290,-0.168087005615234,12290,-0.0263671875,12290,-0.179649353027344,12290,-0.164727210998535,12290,-0.152617454528809,12290,-0.169649124145508,12290,-0.144102096557617,12290,-0.0614452362060547,12290,-0.0912895202636719,12290,-0.0305862426757812,12290,-0.153867721557617,12290,-0.0371484756469727,12290,-8.18421077728271,12290,-0.172226905822754,12290,-7.22475385665894,12290,-0.0270700454711914,12290,-5.20779323577881,12290,-0.0251951217651367,12290,-0.0537891387939453,12290,-0.179336547851562,12290,-0.0935554504394531,12290,-0.17246150970459,12290,-0.0683984756469727
12300,-0.173946380615234,12300,-0.168087005615234,12300,-0.0262107849121094,12300,-0.179258346557617,12300,-0.164570808410645,12300,-0.152539253234863,12300,-0.169570922851562,12300,-0.144023895263672,12300,-0.0616016387939453,12300,-0.0911331176757812,12300,-0.0304298400878906,12300,-0.153711318969727,12300,-0.0370702743530273,12300,-8.25577354431152,12300,-0.171836853027344,12300,-7.28381633758545,12300,-0.0266799926757812,12300,-5.3003716468811,12300,-0.0251951217651367,12300,-0.0538673400878906,12300,-0.178945541381836,12300,-0.0935554504394531,12300,-0.172539710998535,12300,-0.0683984756469727
12310,-0.173555374145508,12310,-0.168008804321289,12310,-0.0261325836181641,12310,-0.179023742675781,12310,-0.164414405822754,12310,-0.152539253234863,12310,-0.169570922851562,12310,-0.144023895263672,12310,-0.0616798400878906,12310,-0.0909767150878906,12310,-0.0303516387939453,12310,-0.153554916381836,12310,-0.036992073059082,12310,-8.32155513763428,12310,-0.171524047851562,12310,-7.33467626571655,12310,-0.0263671875,12310,-5.38170003890991,12310,-0.0251951217651367,12310,-0.0540237426757812,12310,-0.178555488586426,12310,-0.093632698059082,12310,-0.172539710998535,12310,-0.0683984756469727
12320,-0.173242568969727,12320,-0.167930603027344,12320,-0.0260543823242188,12320,-0.178711891174316,12320,-0.164258003234863,12320,-0.152539253234863,12320,-0.169492721557617,12320,-0.144023895263672,12320,-0.0618362426757812,12320,-0.0908203125,12320,-0.0302734375,12320,-0.153398513793945,12320,-0.0369138717651367,12320,-8.38288307189941,12320,-0.171211242675781,12320,-7.38311386108398,12320,-0.0261325836181641,12320,-5.45404386520386,12320,-0.0251951217651367,12320,-0.0541019439697266,12320,-0.178242683410645,12320,-0.093632698059082,12320,-0.17261791229248,12320,-0.0683984756469727
12330,-0.172930717468262,12330,-0.167852401733398,12330,-0.0259761810302734,12330,-0.17847728729248,12330,-0.164102554321289,12330,-0.152539253234863,12330,-0.169492721557617,12330,-0.144023895263672,12330,-0.0619144439697266,12330,-0.0907421112060547,12330,-0.0302734375,12330,-0.153243064880371,12330,-0.0368356704711914,12330,-8.4396800994873,12330,-0.170977592468262,12330,-7.42709827423096,12330,-0.0258989334106445,12330,-5.51896619796753,12330,-0.0251951217651367,12330,-0.0541801452636719,12330,-0.177929878234863,12330,-0.093632698059082,12330,-0.172696113586426,12330,-0.0683984756469727
12340,-0.172696113586426,12340,-0.167774200439453,12340,-0.0258989334106445,12340,-0.178242683410645,12340,-0.163946151733398,12340,-0.152539253234863,12340,-0.169492721557617,12340,-0.144102096557617,12340,-0.0620708465576172,12340,-0.0906639099121094,12340,-0.0302734375,12340,-0.15308666229248,12340,-0.0368356704711914,12340,-8.49249267578125,12340,-0.170742988586426,12340,-7.46412992477417,12340,-0.0257425308227539,12340,-5.57677888870239,12340,-0.0251951217651367,12340,-0.0543365478515625,12340,-0.177618026733398,12340,-0.093632698059082,12340,-0.172696113586426,12340,-0.0683984756469727
12350,-0.172383308410645,12350,-0.167774200439453,12350,-0.0258989334106445,12350,-0.178008079528809,12350,-0.163789749145508,12350,-0.152539253234863,12350,-0.169414520263672,12350,-0.144102096557617,12350,-0.0621490478515625,12350,-0.0905084609985352,12350,-0.0302734375,12350,-0.15293025970459,12350,-0.036992073059082,12350,-8.54116535186768,12350,-0.17050838470459,12350,-7.50053596496582,12350,-0.0255861282348633,12350,-5.62529468536377,12350,-0.0251951217651367,12350,-0.0544137954711914,12350,-0.177305221557617,12350,-0.0937108993530273,12350,-0.172774314880371,12350,-0.0683984756469727
12360,-0.172148704528809,12360,-0.167695999145508,12360,-0.0258207321166992,12360,-0.177774429321289,12360,-0.163633346557617,12360,-0.152539253234863,12360,-0.169414520263672,12360,-0.144102096557617,12360,-0.0623044967651367,12360,-0.0904302597045898,12360,-0.0302734375,12360,-0.152773857116699,12360,-0.0369138717651367,12360,-8.58616542816162,12360,-0.170273780822754,12360,-7.53506755828857,12360,-0.0254297256469727,12360,-5.67091989517212,12360,-0.0251951217651367,12360,-0.054570198059082,12360,-0.176992416381836,12360,-0.0937108993530273,12360,-0.172852516174316,12360,-0.0683984756469727
12370,-0.171915054321289,12370,-0.167539596557617,12370,-0.0257425308227539,12370,-0.177539825439453,12370,-0.163555145263672,12370,-0.152539253234863,12370,-0.169414520263672,12370,-0.144102096557617,12370,-0.0624608993530273,12370,-0.0903520584106445,12370,-0.0302734375,12370,-0.152695655822754,12370,-0.0367574691772461,12370,-8.62811851501465,12370,-0.170040130615234,12370,-7.56616115570068,12370,-0.0253515243530273,12370,-5.71217012405396,12370,-0.0251951217651367,12370,-0.0546483993530273,12370,-0.176758766174316,12370,-0.0937108993530273,12370,-0.172852516174316,12370,-0.068476676940918
12380,-0.171680450439453,12380,-0.167539596557617,12380,-0.0256643295288086,12380,-0.177305221557617,12380,-0.163398742675781,12380,-0.152617454528809,12380,-0.169414520263672,12380,-0.144180297851562,12380,-0.062617301940918,12380,-0.0901956558227539,12380,-0.0301952362060547,12380,-0.152539253234863,12380,-0.0366020202636719,12380,-8.66663455963135,12380,-0.169805526733398,12380,-7.59217739105225,12380,-0.025273323059082,12380,-5.74849843978882,12380,-0.0251951217651367,12380,-0.054804801940918,12380,-0.176445960998535,12380,-0.0937108993530273,12380,-0.172930717468262,12380,-0.068476676940918
12390,-0.171445846557617,12390,-0.167461395263672,12390,-0.0256643295288086,12390,-0.177148818969727,12390,-0.163242340087891,12390,-0.152617454528809,12390,-0.169414520263672,12390,-0.144180297851562,12390,-0.0627737045288086,12390,-0.0901174545288086,12390,-0.0301952362060547,12390,-0.152383804321289,12390,-0.0366020202636719,12390,-8.70241546630859,12390,-0.169649124145508,12390,-7.61452102661133,12390,-0.0251169204711914,12390,-5.78084230422974,12390,-0.0251951217651367,12390,-0.0549612045288086,12390,-0.176211357116699,12390,-0.0937891006469727,12390,-0.172930717468262,12390,-0.068476676940918
12400,-0.171211242675781,12400,-0.167461395263672,12400,-0.0255861282348633,12400,-0.176915168762207,12400,-0.163165092468262,12400,-0.152617454528809,12400,-0.169414520263672,12400,-0.144180297851562,12400,-0.0628519058227539,12400,-0.0900392532348633,12400,-0.0301952362060547,12400,-0.152227401733398,12400,-0.0366020202636719,12400,-8.73561859130859,12400,-0.169414520263672,12400,-7.63592720031738,12400,-0.0250387191772461,12400,-5.81092023849487,12400,-0.0251951217651367,12400,-0.0550394058227539,12400,-0.175899505615234,12400,-0.0937891006469727,12400,-0.173007965087891,12400,-0.0685548782348633
12410,-0.170977592468262,12410,-0.167383193969727,12410,-0.025507926940918,12410,-0.176758766174316,12410,-0.163008689880371,12410,-0.152617454528809,12410,-0.169414520263672,12410,-0.144258499145508,12410,-0.0630083084106445,12410,-0.089961051940918,12410,-0.0301952362060547,12410,-0.152149200439453,12410,-0.0366020202636719,12410,-8.76686954498291,12410,-0.169258117675781,12410,-7.65702152252197,12410,-0.0248832702636719,12410,-5.83826446533203,12410,-0.0251951217651367,12410,-0.0551958084106445,12410,-0.175664901733398,12410,-0.093867301940918,12410,-0.173007965087891,12410,-0.0685548782348633
12420,-0.170742988586426,12420,-0.167383193969727,12420,-0.0254297256469727,12420,-0.176602363586426,12420,-0.16285228729248,12420,-0.152617454528809,12420,-0.169414520263672,12420,-0.144258499145508,12420,-0.0631647109985352,12420,-0.0898828506469727,12420,-0.0301952362060547,12420,-0.151992797851562,12420,-0.0366802215576172,12420,-8.79663467407227,12420,-0.169101715087891,12420,-7.6741304397583,12420,-0.0248050689697266,12420,-5.86287355422974,12420,-0.0251951217651367,12420,-0.0552740097045898,12420,-0.175430297851562,12420,-0.093867301940918,12420,-0.173007965087891,12420,-0.0686330795288086
12430,-0.170586585998535,12430,-0.167304992675781,12430,-0.0254297256469727,12430,-0.176445960998535,12430,-0.162774085998535,12430,-0.152617454528809,12430,-0.169414520263672,12430,-0.144336700439453,12430,-0.0633201599121094,12430,-0.0898046493530273,12430,-0.0301952362060547,12430,-0.151914596557617,12430,-0.0367574691772461,12430,-8.82288551330566,12430,-0.168946266174316,12430,-7.69006824493408,12430,-0.0247268676757812,12430,-5.88443613052368,12430,-0.0251951217651367,12430,-0.0554294586181641,12430,-0.175195693969727,12430,-0.093867301940918,12430,-0.173086166381836,12430,-0.0686330795288086
12440,-0.170351982116699,12440,-0.167304992675781,12440,-0.0253515243530273,12440,-0.176211357116699,12440,-0.162617683410645,12440,-0.152695655822754,12440,-0.169414520263672,12440,-0.144414901733398,12440,-0.0634765625,12440,-0.089726448059082,12440,-0.0301952362060547,12440,-0.151758193969727,12440,-0.0368356704711914,12440,-8.8476505279541,12440,-0.168789863586426,12440,-7.7053804397583,12440,-0.0246486663818359,12440,-5.90185832977295,12440,-0.0251951217651367,12440,-0.0555076599121094,12440,-0.174961090087891,12440,-0.0939455032348633,12440,-0.173086166381836,12440,-0.0687112808227539
12450,-0.170195579528809,12450,-0.167226791381836,12450,-0.0253515243530273,12450,-0.176054954528809,12450,-0.162539482116699,12450,-0.152695655822754,12450,-0.169414520263672,12450,-0.144414901733398,12450,-0.0636329650878906,12450,-0.0896492004394531,12450,-0.0301952362060547,12450,-0.151679992675781,12450,-0.0369138717651367,12450,-8.8705415725708,12450,-0.168633460998535,12450,-7.71889638900757,12450,-0.0245704650878906,12450,-5.91599893569946,12450,-0.0251951217651367,12450,-0.0557422637939453,12450,-0.174727439880371,12450,-0.0939455032348633,12450,-0.173086166381836,12450,-0.0687894821166992
12460,-0.170040130615234,12460,-0.167226791381836,12460,-0.025273323059082,12460,-0.175899505615234,12460,-0.162383079528809,12460,-0.152695655822754,12460,-0.169414520263672,12460,-0.144493103027344,12460,-0.0637893676757812,12460,-0.0894927978515625,12460,-0.0301952362060547,12460,-0.151523590087891,12460,-0.036992073059082,12460,-8.89155673980713,12460,-0.168477058410645,12460,-7.73100566864014,12460,-0.0244922637939453,12460,-5.92646789550781,12460,-0.0251951217651367,12460,-0.0558204650878906,12460,-0.17457103729248,12460,-0.0939455032348633,12460,-0.173086166381836,12460,-0.0687894821166992
12470,-0.169805526733398,12470,-0.167226791381836,12470,-0.025273323059082,12470,-0.175743103027344,12470,-0.162304878234863,12470,-0.152695655822754,12470,-0.169414520263672,12470,-0.144570350646973,12470,-0.0639457702636719,12470,-0.0894927978515625,12470,-0.0301170349121094,12470,-0.151445388793945,12470,-0.0369138717651367,12470,-8.91116619110107,12470,-0.168320655822754,12470,-7.74069309234619,12470,-0.0244140625,12470,-5.93678045272827,12470,-0.0251951217651367,12470,-0.0559768676757812,12470,-0.174336433410645,12470,-0.0940237045288086,12470,-0.173164367675781,12470,-0.0688676834106445
12480,-0.169649124145508,12480,-0.167148590087891,12480,-0.0251951217651367,12480,-0.175664901733398,12480,-0.162149429321289,12480,-0.152695655822754,12480,-0.169414520263672,12480,-0.144648551940918,12480,-0.0641794204711914,12480,-0.0894145965576172,12480,-0.0301170349121094,12480,-0.151289939880371,12480,-0.0368356704711914,12480,-8.92952632904053,12480,-0.168164253234863,12480,-7.75030279159546,12480,-0.0244140625,12480,-5.94732713699341,12480,-0.0251951217651367,12480,-0.0560550689697266,12480,-0.174101829528809,12480,-0.0940237045288086,12480,-0.173164367675781,12480,-0.0688676834106445
12490,-0.169492721557617,12490,-0.167148590087891,12490,-0.0251169204711914,12490,-0.175508499145508,12490,-0.162071228027344,12490,-0.152773857116699,12490,-0.169414520263672,12490,-0.144648551940918,12490,-0.064335823059082,12490,-0.0893363952636719,12490,-0.0301170349121094,12490,-0.151211738586426,12490,-0.0368356704711914,12490,-8.94686985015869,12490,-0.168087005615234,12490,-7.75788116455078,12490,-0.0243358612060547,12490,-5.95373344421387,12490,-0.0251951217651367,12490,-0.0562114715576172,12490,-0.173946380615234,12490,-0.0940237045288086,12490,-0.173164367675781,12490,-0.0689458847045898
12500,-0.169336318969727,12500,-0.167148590087891,12500,-0.0251169204711914,12500,-0.175352096557617,12500,-0.161993026733398,12500,-0.152773857116699,12500,-0.169414520263672,12500,-0.144804954528809,12500,-0.0644922256469727,12500,-0.0892581939697266,12500,-0.0301170349121094,12500,-0.151055335998535,12500,-0.0368356704711914,12500,-8.96311950683594,12500,-0.167930603027344,12500,-7.76514673233032,12500,-0.0243358612060547,12500,-5.95701456069946,12500,-0.0251951217651367,12500,-0.0562896728515625,12500,-0.173789978027344,12500,-0.0941019058227539,12500,-0.173164367675781,12500,-0.0690240859985352
12510,-0.169101715087891,12510,-0.167071342468262,12510,-0.0251169204711914,12510,-0.175195693969727,12510,-0.161836624145508,12510,-0.152773857116699,12510,-0.169414520263672,12510,-0.144804954528809,12510,-0.0646486282348633,12510,-0.0891799926757812,12510,-0.0301170349121094,12510,-0.15097713470459,12510,-0.0371484756469727,12510,-8.97827625274658,12510,-0.167774200439453,12510,-7.77108383178711,12510,-0.0242576599121094,12510,-5.95912408828735,12510,-0.0251951217651367,12510,-0.0564451217651367,12510,-0.173555374145508,12510,-0.0941019058227539,12510,-0.173242568969727,12510,-0.0690240859985352
12520,-0.168946266174316,12520,-0.167071342468262,12520,-0.0250387191772461,12520,-0.175039291381836,12520,-0.161758422851562,12520,-0.152773857116699,12520,-0.169492721557617,12520,-0.144883155822754,12520,-0.0648050308227539,12520,-0.0891799926757812,12520,-0.0301170349121094,12520,-0.150898933410645,12520,-0.0370702743530273,12520,-8.99233913421631,12520,-0.167695999145508,12520,-7.77600574493408,12520,-0.0242576599121094,12520,-5.95990562438965,12520,-0.0251951217651367,12520,-0.056523323059082,12520,-0.173398971557617,12520,-0.0941019058227539,12520,-0.173242568969727,12520,-0.0691013336181641
12530,-0.168789863586426,12530,-0.167071342468262,12530,-0.0250387191772461,12530,-0.174961090087891,12530,-0.161680221557617,12530,-0.152852058410645,12530,-0.169492721557617,12530,-0.144961357116699,12530,-0.0649614334106445,12530,-0.0891017913818359,12530,-0.0301170349121094,12530,-0.150820732116699,12530,-0.0370702743530273,12530,-9.00546360015869,12530,-0.167461395263672,12530,-7.78092765808105,12530,-0.0241794586181641,12530,-5.96217107772827,12530,-0.0251951217651367,12530,-0.0566015243530273,12530,-0.173242568969727,12530,-0.0941801071166992,12530,-0.173242568969727,12530,-0.0691795349121094
12540,-0.168633460998535,12540,-0.166993141174316,12540,-0.0249605178833008,12540,-0.174805641174316,12540,-0.161602020263672,12540,-0.152852058410645,12540,-0.169492721557617,12540,-0.145039558410645,12540,-0.0651178359985352,12540,-0.0890235900878906,12540,-0.0301170349121094,12540,-0.150664329528809,12540,-0.036992073059082,12540,-9.01757335662842,12540,-0.167383193969727,12540,-7.78545951843262,12540,-0.0241794586181641,12540,-5.9631085395813,12540,-0.0251951217651367,12540,-0.056757926940918,12540,-0.173086166381836,12540,-0.0941801071166992,12540,-0.173242568969727,12540,-0.0691795349121094
12550,-0.168477058410645,12550,-0.166993141174316,12550,-0.0249605178833008,12550,-0.174727439880371,12550,-0.161523818969727,12550,-0.152852058410645,12550,-0.169492721557617,12550,-0.14511775970459,12550,-0.0652732849121094,12550,-0.0889453887939453,12550,-0.0301170349121094,12550,-0.150586128234863,12550,-0.036992073059082,12550,-9.02913570404053,12550,-0.167226791381836,12550,-7.78991222381592,12550,-0.0241794586181641,12550,-5.96099901199341,12550,-0.0251951217651367,12550,-0.0568361282348633,12550,-0.172852516174316,12550,-0.0941801071166992,12550,-0.173242568969727,12550,-0.0692577362060547
12560,-0.168320655822754,12560,-0.166993141174316,12560,-0.0248832702636719,12560,-0.17457103729248,12560,-0.161445617675781,12560,-0.152852058410645,12560,-0.169492721557617,12560,-0.145195960998535,12560,-0.0654296875,12560,-0.0889453887939453,12560,-0.0301170349121094,12560,-0.150507926940918,12560,-0.0369138717651367,12560,-9.04030799865723,12560,-0.167148590087891,12560,-7.79420948028564,12560,-0.0241794586181641,12560,-5.95912408828735,12560,-0.0251951217651367,12560,-0.0569143295288086,12560,-0.172696113586426,12560,-0.0942583084106445,12560,-0.173242568969727,12560,-0.0692577362060547
12570,-0.168164253234863,12570,-0.166993141174316,12570,-0.0248832702636719,12570,-0.174492835998535,12570,-0.161367416381836,12570,-0.15293025970459,12570,-0.169492721557617,12570,-0.14527416229248,12570,-0.0655860900878906,12570,-0.0888671875,12570,-0.0301170349121094,12570,-0.150430679321289,12570,-0.0368356704711914,12570,-9.05038547515869,12570,-0.166993141174316,12570,-7.79710006713867,12570,-0.0241794586181641,12570,-5.95818662643433,12570,-0.0251951217651367,12570,-0.0570707321166992,12570,-0.172539710998535,12570,-0.0942583084106445,12570,-0.173242568969727,12570,-0.0693359375
12580,-0.168008804321289,12580,-0.166914939880371,12580,-0.0248050689697266,12580,-0.174336433410645,12580,-0.161289215087891,12580,-0.15293025970459,12580,-0.169570922851562,12580,-0.145352363586426,12580,-0.0657424926757812,12580,-0.0887889862060547,12580,-0.0301170349121094,12580,-0.150352478027344,12580,-0.0367574691772461,12580,-9.05983924865723,12580,-0.166914939880371,12580,-7.80084991455078,12580,-0.0241794586181641,12580,-5.95248365402222,12580,-0.0251951217651367,12580,-0.0571489334106445,12580,-0.172383308410645,12580,-0.0943365097045898,12580,-0.173242568969727,12580,-0.0693359375
12590,-0.167852401733398,12590,-0.166914939880371,12590,-0.0248050689697266,12590,-0.174258232116699,12590,-0.161211967468262,12590,-0.15293025970459,12590,-0.169570922851562,12590,-0.145508766174316,12590,-0.0658206939697266,12590,-0.0887107849121094,12590,-0.0300388336181641,12590,-0.150274276733398,12590,-0.0366802215576172,12590,-9.0692138671875,12590,-0.166836738586426,12590,-7.80327177047729,12590,-0.0241794586181641,12590,-5.94849920272827,12590,-0.0251951217651367,12590,-0.0572271347045898,12590,-0.172305107116699,12590,-0.0943365097045898,12590,-0.173242568969727,12590,-0.0694141387939453
12600,-0.167695999145508,12600,-0.166914939880371,12600,-0.0248050689697266,12600,-0.174101829528809,12600,-0.161133766174316,12600,-0.153008460998535,12600,-0.169570922851562,12600,-0.145586013793945,12600,-0.0659770965576172,12600,-0.0887107849121094,12600,-0.0300388336181641,12600,-0.150196075439453,12600,-0.0366020202636719,12600,-9.07819843292236,12600,-0.166680335998535,12600,-7.80647468566895,12600,-0.0242576599121094,12600,-5.94138956069946,12600,-0.0251951217651367,12600,-0.0573053359985352,12600,-0.172148704528809,12600,-0.0943365097045898,12600,-0.173242568969727,12600,-0.0694923400878906
12610,-0.167461395263672,12610,-0.166914939880371,12610,-0.0247268676757812,12610,-0.174023628234863,12610,-0.161133766174316,12610,-0.153008460998535,12610,-0.169570922851562,12610,-0.145664215087891,12610,-0.0661334991455078,12610,-0.0886335372924805,12610,-0.0300388336181641,12610,-0.150117874145508,12610,-0.0365238189697266,12610,-9.0867919921875,12610,-0.16660213470459,12610,-7.81100606918335,12610,-0.0242576599121094,12610,-5.9338116645813,12610,-0.0251951217651367,12610,-0.0573825836181641,12610,-0.171993255615234,12610,-0.0944147109985352,12610,-0.173242568969727,12610,-0.0694923400878906
12620,-0.167304992675781,12620,-0.166836738586426,12620,-0.0247268676757812,12620,-0.173946380615234,12620,-0.161055564880371,12620,-0.153008460998535,12620,-0.169570922851562,12620,-0.145742416381836,12620,-0.066288948059082,12620,-0.0885553359985352,12620,-0.0300388336181641,12620,-0.150039672851562,12620,-0.0365238189697266,12620,-9.09491729736328,12620,-0.166523933410645,12620,-7.81506872177124,12620,-0.0243358612060547,12620,-5.92584276199341,12620,-0.0251951217651367,12620,-0.0574607849121094,12620,-0.171915054321289,12620,-0.0944147109985352,12620,-0.173242568969727,12620,-0.0695705413818359
12630,-0.167148590087891,12630,-0.166836738586426,12630,-0.0247268676757812,12630,-0.173789978027344,12630,-0.160977363586426,12630,-0.153008460998535,12630,-0.169649124145508,12630,-0.145820617675781,12630,-0.0664453506469727,12630,-0.0884771347045898,12630,-0.0300388336181641,12630,-0.149883270263672,12630,-0.0364456176757812,12630,-9.10265159606934,12630,-0.166367530822754,12630,-7.820068359375,12630,-0.0244140625,12630,-5.91646766662598,12630,-0.0251951217651367,12630,-0.0576171875,12630,-0.171758651733398,12630,-0.0944147109985352,12630,-0.173242568969727,12630,-0.0695705413818359
12640,-0.166993141174316,12640,-0.166836738586426,12640,-0.0246486663818359,12640,-0.173711776733398,12640,-0.160977363586426,12640,-0.15308666229248,12640,-0.169649124145508,12640,-0.145898818969727,12640,-0.066523551940918,12640,-0.0884771347045898,12640,-0.0299606323242188,12640,-0.149883270263672,12640,-0.0366020202636719,12640,-9.11007308959961,12640,-0.166289329528809,12640,-7.82444381713867,12640,-0.0244140625,12640,-5.90810823440552,12640,-0.0251951217651367,12640,-0.0576171875,12640,-0.171680450439453,12640,-0.0944929122924805,12640,-0.173242568969727,12640,-0.0695705413818359
12650,-0.166836738586426,12650,-0.166836738586426,12650,-0.0246486663818359,12650,-0.173633575439453,12650,-0.16089916229248,12650,-0.15308666229248,12650,-0.169649124145508,12650,-0.145977020263672,12650,-0.0666799545288086,12650,-0.0883989334106445,12650,-0.0300388336181641,12650,-0.149805068969727,12650,-0.0366020202636719,12650,-9.11757373809814,12650,-0.166211128234863,12650,-7.83006858825684,12650,-0.0244922637939453,12650,-5.90013933181763,12650,-0.0251951217651367,12650,-0.0577735900878906,12650,-0.171602249145508,12650,-0.0944929122924805,12650,-0.173242568969727,12650,-0.0696487426757812
12660,-0.16675853729248,12660,-0.166836738586426,12660,-0.0246486663818359,12660,-0.173555374145508,12660,-0.160820960998535,12660,-0.15308666229248,12660,-0.169649124145508,12660,-0.146055221557617,12660,-0.0668363571166992,12660,-0.0883989334106445,12660,-0.0300388336181641,12660,-0.149726867675781,12660,-0.0366020202636719,12660,-9.12460517883301,12660,-0.166133880615234,12660,-7.83592796325684,12660,-0.0245704650878906,12660,-5.89021778106689,12660,-0.0251951217651367,12660,-0.0578517913818359,12660,-0.171445846557617,12660,-0.0944929122924805,12660,-0.173242568969727,12660,-0.0696487426757812
12670,-0.16660213470459,12670,-0.16675853729248,12670,-0.0246486663818359,12670,-0.173398971557617,12670,-0.160820960998535,12670,-0.153164863586426,12670,-0.169727325439453,12670,-0.146133422851562,12670,-0.0669145584106445,12670,-0.0883207321166992,12670,-0.0299606323242188,12670,-0.149648666381836,12670,-0.0365238189697266,12670,-9.13163566589355,12670,-0.165977478027344,12670,-7.84163093566895,12670,-0.0246486663818359,12670,-5.88045215606689,12670,-0.0251951217651367,12670,-0.0579299926757812,12670,-0.171367645263672,12670,-0.0945701599121094,12670,-0.173242568969727,12670,-0.0697269439697266
12680,-0.166445732116699,12680,-0.16675853729248,12680,-0.0245704650878906,12680,-0.173320770263672,12680,-0.16074275970459,12680,-0.153164863586426,12680,-0.169727325439453,12680,-0.146289825439453,12680,-0.0670709609985352,12680,-0.0883207321166992,12680,-0.0299606323242188,12680,-0.149570465087891,12680,-0.0364456176757812,12680,-9.13858985900879,12680,-0.165899276733398,12680,-7.84717845916748,12680,-0.0247268676757812,12680,-5.87615489959717,12680,-0.0251169204711914,12680,-0.0580081939697266,12680,-0.171289443969727,12680,-0.0945701599121094,12680,-0.173242568969727,12680,-0.0698051452636719
12690,-0.166289329528809,12690,-0.16675853729248,12690,-0.0245704650878906,12690,-0.173242568969727,12690,-0.16074275970459,12690,-0.153243064880371,12690,-0.169727325439453,12690,-0.146368026733398,12690,-0.0672264099121094,12690,-0.0882425308227539,12690,-0.0299606323242188,12690,-0.149492263793945,12690,-0.0364456176757812,12690,-9.14460468292236,12690,-0.165821075439453,12690,-7.85233449935913,12690,-0.0248050689697266,12690,-5.87326431274414,12690,-0.0251169204711914,12690,-0.0580081939697266,12690,-0.171211242675781,12690,-0.0945701599121094,12690,-0.173242568969727,12690,-0.0698051452636719
12700,-0.166211128234863,12700,-0.16675853729248,12700,-0.0245704650878906,12700,-0.173164367675781,12700,-0.160664558410645,12700,-0.153243064880371,12700,-0.169727325439453,12700,-0.146446228027344,12700,-0.0673046112060547,12700,-0.0882425308227539,12700,-0.0299606323242188,12700,-0.149492263793945,12700,-0.0364456176757812,12700,-9.15054225921631,12700,-0.165742874145508,12700,-7.85342788696289,12700,-0.0248832702636719,12700,-5.86474895477295,12700,-0.0251169204711914,12700,-0.0580863952636719,12700,-0.171133041381836,12700,-0.0946483612060547,12700,-0.173242568969727,12700,-0.0698051452636719
12710,-0.166055679321289,12710,-0.16675853729248,12710,-0.0245704650878906,12710,-0.173007965087891,12710,-0.160664558410645,12710,-0.153321266174316,12710,-0.169805526733398,12710,-0.146524429321289,12710,-0.0674610137939453,12710,-0.0882425308227539,12710,-0.0299606323242188,12710,-0.149415016174316,12710,-0.0363674163818359,12710,-9.15593338012695,12710,-0.165664672851562,12710,-7.85639667510986,12710,-0.0249605178833008,12710,-5.85506105422974,12710,-0.0251169204711914,12710,-0.0581645965576172,12710,-0.171054840087891,12710,-0.0946483612060547,12710,-0.173242568969727,12710,-0.0698833465576172
12720,-0.165977478027344,12720,-0.16675853729248,12720,-0.0244922637939453,12720,-0.172930717468262,12720,-0.160664558410645,12720,-0.153321266174316,12720,-0.169805526733398,12720,-0.146601676940918,12720,-0.0675392150878906,12720,-0.0881643295288086,12720,-0.0299606323242188,12720,-0.149336814880371,12720,-0.0363674163818359,12720,-9.16163635253906,12720,-0.165586471557617,12720,-7.87397527694702,12720,-0.0250387191772461,12720,-5.84592056274414,12720,-0.0251169204711914,12720,-0.0582427978515625,12720,-0.170977592468262,12720,-0.0946483612060547,12720,-0.173242568969727,12720,-0.0698833465576172
12730,-0.165821075439453,12730,-0.166680335998535,12730,-0.0244922637939453,12730,-0.172852516174316,12730,-0.160586357116699,12730,-0.153398513793945,12730,-0.169805526733398,12730,-0.146679878234863,12730,-0.0676956176757812,12730,-0.0881643295288086,12730,-0.0299606323242188,12730,-0.149336814880371,12730,-0.0364456176757812,12730,-9.16663646697998,12730,-0.165508270263672,12730,-7.87702178955078,12730,-0.0250387191772461,12730,-5.83701419830322,12730,-0.0251169204711914,12730,-0.0583200454711914,12730,-0.170821189880371,12730,-0.0946483612060547,12730,-0.173242568969727,12730,-0.0699615478515625
12740,-0.165742874145508,12740,-0.166680335998535,12740,-0.0244922637939453,12740,-0.172774314880371,12740,-0.160586357116699,12740,-0.153398513793945,12740,-0.169805526733398,12740,-0.146758079528809,12740,-0.0677738189697266,12740,-0.0880861282348633,12740,-0.0299606323242188,12740,-0.149258613586426,12740,-0.0365238189697266,12740,-9.17171478271484,12740,-0.165351867675781,12740,-7.88053798675537,12740,-0.0250387191772461,12740,-5.82537364959717,12740,-0.0251169204711914,12740,-0.0583982467651367,12740,-0.170742988586426,12740,-0.0947265625,12740,-0.173242568969727,12740,-0.0699615478515625
12750,-0.165586471557617,12750,-0.166680335998535,12750,-0.0244140625,12750,-0.172696113586426,12750,-0.160508155822754,12750,-0.153476715087891,12750,-0.169805526733398,12750,-0.146836280822754,12750,-0.0679302215576172,12750,-0.0880861282348633,12750,-0.0299606323242188,12750,-0.14918041229248,12750,-0.0363674163818359,12750,-9.17671489715576,12750,-0.165273666381836,12750,-7.88483428955078,12750,-0.0251169204711914,12750,-5.81756114959717,12750,-0.0251169204711914,12750,-0.058476448059082,12750,-0.17066478729248,12750,-0.0947265625,12750,-0.173164367675781,12750,-0.0700397491455078
12760,-0.165508270263672,12760,-0.166680335998535,12760,-0.0244140625,12760,-0.17261791229248,12760,-0.160508155822754,12760,-0.153476715087891,12760,-0.169883728027344,12760,-0.146914482116699,12760,-0.0680084228515625,12760,-0.088007926940918,12760,-0.0298824310302734,12760,-0.14918041229248,12760,-0.0362892150878906,12760,-9.1819486618042,12760,-0.165195465087891,12760,-7.88749074935913,12760,-0.0251169204711914,12760,-5.81295156478882,12760,-0.0251169204711914,12760,-0.058476448059082,12760,-0.170586585998535,12760,-0.0947265625,12760,-0.173164367675781,12760,-0.0701169967651367
12770,-0.165430068969727,12770,-0.166680335998535,12770,-0.0244140625,12770,-0.172539710998535,12770,-0.160508155822754,12770,-0.153554916381836,12770,-0.169883728027344,12770,-0.146992683410645,12770,-0.0680866241455078,12770,-0.088007926940918,12770,-0.0298824310302734,12770,-0.149102210998535,12770,-0.0363674163818359,12770,-9.18671417236328,12770,-0.165118217468262,12770,-7.8924126625061,12770,-0.0251169204711914,12770,-5.80045175552368,12770,-0.0251169204711914,12770,-0.0585546493530273,12770,-0.17050838470459,12770,-0.0948047637939453,12770,-0.173164367675781,12770,-0.0701169967651367
12780,-0.165273666381836,12780,-0.16660213470459,12780,-0.0244140625,12780,-0.17246150970459,12780,-0.160429954528809,12780,-0.153554916381836,12780,-0.169883728027344,12780,-0.14707088470459,12780,-0.068242073059082,12780,-0.0879297256469727,12780,-0.0298824310302734,12780,-0.149102210998535,12780,-0.0362892150878906,12780,-9.19108963012695,12780,-0.165040016174316,12780,-7.8976469039917,12780,-0.0251169204711914,12780,-5.79021739959717,12780,-0.0251169204711914,12780,-0.0586328506469727,12780,-0.170430183410645,12780,-0.0948047637939453,12780,-0.173164367675781,12780,-0.070195198059082
12790,-0.165195465087891,12790,-0.16660213470459,12790,-0.0244140625,12790,-0.172383308410645,12790,-0.160429954528809,12790,-0.153633117675781,12790,-0.169883728027344,12790,-0.14707088470459,12790,-0.0683202743530273,12790,-0.0879297256469727,12790,-0.0298824310302734,12790,-0.14902400970459,12790,-0.0362892150878906,12790,-9.19569873809814,12790,-0.164961814880371,12790,-7.90303802490234,12790,-0.0251169204711914,12790,-5.78209209442139,12790,-0.0251169204711914,12790,-0.058711051940918,12790,-0.170351982116699,12790,-0.0948047637939453,12790,-0.173164367675781,12790,-0.070195198059082
12800,-0.165118217468262,12800,-0.16660213470459,12800,-0.0243358612060547,12800,-0.172305107116699,12800,-0.160351753234863,12800,-0.153711318969727,12800,-0.169883728027344,12800,-0.147149085998535,12800,-0.0683984756469727,12800,-0.0878515243530273,12800,-0.0298824310302734,12800,-0.148945808410645,12800,-0.0362110137939453,12800,-9.20038604736328,12800,-0.164883613586426,12800,-7.90811586380005,12800,-0.0251169204711914,12800,-5.77170133590698,12800,-0.0251169204711914,12800,-0.0587892532348633,12800,-0.170273780822754,12800,-0.0948047637939453,12800,-0.173164367675781,12800,-0.0702733993530273
12810,-0.164961814880371,12810,-0.16660213470459,12810,-0.0243358612060547,12810,-0.172226905822754,12810,-0.160351753234863,12810,-0.153711318969727,12810,-0.169961929321289,12810,-0.14722728729248,12810,-0.0685548782348633,12810,-0.0878515243530273,12810,-0.0298824310302734,12810,-0.148945808410645,12810,-0.0361328125,12810,-9.20421409606934,12810,-0.16480541229248,12810,-7.91319417953491,12810,-0.0250387191772461,12810,-5.76013898849487,12810,-0.0251169204711914,12810,-0.0587892532348633,12810,-0.170195579528809,12810,-0.0948829650878906,12810,-0.173164367675781,12810,-0.0702733993530273
12820,-0.164883613586426,12820,-0.166523933410645,12820,-0.0243358612060547,12820,-0.172148704528809,12820,-0.160351753234863,12820,-0.153789520263672,12820,-0.169961929321289,12820,-0.147305488586426,12820,-0.0686330795288086,12820,-0.087773323059082,12820,-0.0298824310302734,12820,-0.148867607116699,12820,-0.0361328125,12820,-9.20858955383301,12820,-0.164727210998535,12820,-7.91944408416748,12820,-0.0250387191772461,12820,-5.75138902664185,12820,-0.0251169204711914,12820,-0.0588674545288086,12820,-0.170117378234863,12820,-0.0948829650878906,12820,-0.173164367675781,12820,-0.0703516006469727
12830,-0.16480541229248,12830,-0.166523933410645,12830,-0.0243358612060547,12830,-0.172070503234863,12830,-0.160273551940918,12830,-0.153789520263672,12830,-0.169961929321289,12830,-0.147383689880371,12830,-0.0687112808227539,12830,-0.087773323059082,12830,-0.0298824310302734,12830,-0.148867607116699,12830,-0.0359764099121094,12830,-9.21273040771484,12830,-0.16464900970459,12830,-7.92420959472656,12830,-0.0250387191772461,12830,-5.74076414108276,12830,-0.0251169204711914,12830,-0.0589456558227539,12830,-0.170040130615234,12830,-0.0948829650878906,12830,-0.173086166381836,12830,-0.070429801940918
12840,-0.164727210998535,12840,-0.166523933410645,12840,-0.0243358612060547,12840,-0.171993255615234,12840,-0.160273551940918,12840,-0.153867721557617,12840,-0.169961929321289,12840,-0.147461891174316,12840,-0.0687894821166992,12840,-0.0876960754394531,12840,-0.0298824310302734,12840,-0.148789405822754,12840,-0.0360546112060547,12840,-9.21671485900879,12840,-0.164570808410645,12840,-7.92991256713867,12840,-0.0249605178833008,12840,-5.73099851608276,12840,-0.0251169204711914,12840,-0.0590238571166992,12840,-0.169961929321289,12840,-0.0948829650878906,12840,-0.173086166381836,12840,-0.070429801940918
12850,-0.16464900970459,12850,-0.166445732116699,12850,-0.0242576599121094,12850,-0.171915054321289,12850,-0.160273551940918,12850,-0.153945922851562,12850,-0.169961929321289,12850,-0.147539138793945,12850,-0.0689458847045898,12850,-0.0876960754394531,12850,-0.0298824310302734,12850,-0.148789405822754,12850,-0.0361328125,12850,-9.22108936309814,12850,-0.164414405822754,12850,-7.93670988082886,12850,-0.0249605178833008,12850,-5.7245922088623,12850,-0.0251169204711914,12850,-0.0590238571166992,12850,-0.169805526733398,12850,-0.0948829650878906,12850,-0.173086166381836,12850,-0.0705080032348633
12860,-0.164570808410645,12860,-0.166445732116699,12860,-0.0242576599121094,12860,-0.171836853027344,12860,-0.160196304321289,12860,-0.153945922851562,12860,-0.170040130615234,12860,-0.147539138793945,12860,-0.0690240859985352,12860,-0.0876178741455078,12860,-0.0298824310302734,12860,-0.148711204528809,12860,-0.0361328125,12860,-9.22530841827393,12860,-0.164414405822754,12860,-7.94264698028564,12860,-0.0248832702636719,12860,-5.71670150756836,12860,-0.0251169204711914,12860,-0.0591020584106445,12860,-0.169727325439453,12860,-0.0948829650878906,12860,-0.173086166381836,12860,-0.0705862045288086
12870,-0.164414405822754,12870,-0.166445732116699,12870,-0.0242576599121094,12870,-0.171836853027344,12870,-0.160196304321289,12870,-0.154024124145508,12870,-0.170040130615234,12870,-0.147617340087891,12870,-0.0691013336181641,12870,-0.0876178741455078,12870,-0.0298824310302734,12870,-0.148711204528809,12870,-0.0361328125,12870,-9.22929286956787,12870,-0.164258003234863,12870,-7.94858455657959,12870,-0.0248832702636719,12870,-5.70435762405396,12870,-0.0251169204711914,12870,-0.0591802597045898,12870,-0.169649124145508,12870,-0.0949611663818359,12870,-0.173086166381836,12870,-0.0705862045288086
12880,-0.164336204528809,12880,-0.166445732116699,12880,-0.0242576599121094,12880,-0.171680450439453,12880,-0.160196304321289,12880,-0.154102325439453,12880,-0.170040130615234,12880,-0.147695541381836,12880,-0.0691795349121094,12880,-0.0875396728515625,12880,-0.0298824310302734,12880,-0.148633003234863,12880,-0.0360546112060547,12880,-9.23327732086182,12880,-0.164179801940918,12880,-7.95444393157959,12880,-0.0248832702636719,12880,-5.6932635307312,12880,-0.0251169204711914,12880,-0.0591802597045898,12880,-0.169570922851562,12880,-0.0949611663818359,12880,-0.173086166381836,12880,-0.0706644058227539
12890,-0.164258003234863,12890,-0.166367530822754,12890,-0.0242576599121094,12890,-0.171680450439453,12890,-0.160118103027344,12890,-0.154102325439453,12890,-0.170040130615234,12890,-0.147773742675781,12890,-0.0693359375,12890,-0.0875396728515625,12890,-0.0298824310302734,12890,-0.148633003234863,12890,-0.0359764099121094,12890,-9.23710536956787,12890,-0.164102554321289,12890,-7.9602255821228,12890,-0.0248050689697266,12890,-5.6868577003479,12890,-0.0251169204711914,12890,-0.0592584609985352,12890,-0.169492721557617,12890,-0.0949611663818359,12890,-0.173007965087891,12890,-0.0706644058227539
12900,-0.164179801940918,12900,-0.166367530822754,12900,-0.0242576599121094,12900,-0.171602249145508,12900,-0.160118103027344,12900,-0.154180526733398,12900,-0.170040130615234,12900,-0.147773742675781,12900,-0.0694141387939453,12900,-0.0874614715576172,12900,-0.0298051834106445,12900,-0.148554801940918,12900,-0.0359764099121094,12900,-9.24069881439209,12900,-0.164024353027344,12900,-7.9660849571228,12900,-0.0248050689697266,12900,-5.67896699905396,12900,-0.0251169204711914,12900,-0.0593357086181641,12900,-0.169336318969727,12900,-0.0949611663818359,12900,-0.173007965087891,12900,-0.0707426071166992
12910,-0.164102554321289,12910,-0.166367530822754,12910,-0.0242576599121094,12910,-0.171524047851562,12910,-0.160118103027344,12910,-0.154180526733398,12910,-0.170040130615234,12910,-0.147851943969727,12910,-0.0694923400878906,12910,-0.0874614715576172,12910,-0.0298051834106445,12910,-0.148554801940918,12910,-0.0359764099121094,12910,-9.24460506439209,12910,-0.163946151733398,12910,-7.97155380249023,12910,-0.0247268676757812,12910,-5.67123222351074,12910,-0.0251169204711914,12910,-0.0594139099121094,12910,-0.169258117675781,12910,-0.0949611663818359,12910,-0.173007965087891,12910,-0.0708208084106445
12920,-0.164024353027344,12920,-0.166367530822754,12920,-0.0241794586181641,12920,-0.171445846557617,12920,-0.160039901733398,12920,-0.154258728027344,12920,-0.170117378234863,12920,-0.147930145263672,12920,-0.0695705413818359,12920,-0.0873832702636719,12920,-0.0298051834106445,12920,-0.148477554321289,12920,-0.0359764099121094,12920,-9.24694919586182,12920,-0.163867950439453,12920,-7.9758505821228,12920,-0.0247268676757812,12920,-5.66091966629028,12920,-0.0251169204711914,12920,-0.0594139099121094,12920,-0.169179916381836,12920,-0.0949611663818359,12920,-0.173007965087891,12920,-0.0708208084106445
12930,-0.163946151733398,12930,-0.166289329528809,12930,-0.0241794586181641,12930,-0.171367645263672,12930,-0.160039901733398,12930,-0.154258728027344,12930,-0.170117378234863,12930,-0.147930145263672,12930,-0.0696487426757812,12930,-0.0873050689697266,12930,-0.0298051834106445,12930,-0.148477554321289,12930,-0.0358982086181641,12930,-9.24819946289062,12930,-0.163789749145508,12930,-7.98022556304932,12930,-0.0247268676757812,12930,-5.65240430831909,12930,-0.0251169204711914,12930,-0.0594921112060547,12930,-0.169024467468262,12930,-0.0950393676757812,12930,-0.173007965087891,12930,-0.0708990097045898
12940,-0.163867950439453,12940,-0.166289329528809,12940,-0.0241794586181641,12940,-0.171289443969727,12940,-0.160039901733398,12940,-0.154336929321289,12940,-0.170117378234863,12940,-0.148008346557617,12940,-0.0697269439697266,12940,-0.0873050689697266,12940,-0.0298051834106445,12940,-0.148399353027344,12940,-0.0358982086181641,12940,-9.25054264068604,12940,-0.163711547851562,12940,-7.98460054397583,12940,-0.0246486663818359,12940,-5.64599800109863,12940,-0.0251169204711914,12940,-0.0595703125,12940,-0.168946266174316,12940,-0.0950393676757812,12940,-0.172930717468262,12940,-0.0709772109985352
12950,-0.163789749145508,12950,-0.166289329528809,12950,-0.0241794586181641,12950,-0.171211242675781,12950,-0.160039901733398,12950,-0.154414176940918,12950,-0.170117378234863,12950,-0.148086547851562,12950,-0.0698051452636719,12950,-0.0872268676757812,12950,-0.0298051834106445,12950,-0.148399353027344,12950,-0.0358982086181641,12950,-9.25296497344971,12950,-0.163633346557617,12950,-7.98842906951904,12950,-0.0246486663818359,12950,-5.63802909851074,12950,-0.0251169204711914,12950,-0.0595703125,12950,-0.168868064880371,12950,-0.0950393676757812,12950,-0.172930717468262,12950,-0.0709772109985352
12960,-0.163711547851562,12960,-0.166289329528809,12960,-0.0241794586181641,12960,-0.171133041381836,12960,-0.159961700439453,12960,-0.154414176940918,12960,-0.170117378234863,12960,-0.148086547851562,12960,-0.0698833465576172,12960,-0.0872268676757812,12960,-0.0298051834106445,12960,-0.148399353027344,12960,-0.0358200073242188,12960,-9.2550745010376,12960,-0.163555145263672,12960,-7.99249124526978,12960,-0.0246486663818359,12960,-5.63295125961304,12960,-0.0251169204711914,12960,-0.0596485137939453,12960,-0.16871166229248,12960,-0.0950393676757812,12960,-0.172930717468262,12960,-0.0710544586181641
12970,-0.163633346557617,12970,-0.166289329528809,12970,-0.0241794586181641,12970,-0.171054840087891,12970,-0.159961700439453,12970,-0.154492378234863,12970,-0.170195579528809,12970,-0.148164749145508,12970,-0.0700397491455078,12970,-0.0871486663818359,12970,-0.0297269821166992,12970,-0.148321151733398,12970,-0.0358200073242188,12970,-9.25671482086182,12970,-0.163476943969727,12970,-7.99585056304932,12970,-0.0246486663818359,12970,-5.62482595443726,12970,-0.0251169204711914,12970,-0.0597267150878906,12970,-0.168633460998535,12970,-0.0950393676757812,12970,-0.172930717468262,12970,-0.0711326599121094
12980,-0.163555145263672,12980,-0.166211128234863,12980,-0.0241794586181641,12980,-0.170977592468262,12980,-0.159961700439453,12980,-0.154492378234863,12980,-0.170195579528809,12980,-0.148164749145508,12980,-0.0701169967651367,12980,-0.0870704650878906,12980,-0.0297269821166992,12980,-0.148321151733398,12980,-0.0357427597045898,12980,-9.25866794586182,12980,-0.163398742675781,12980,-7.9981164932251,12980,-0.0245704650878906,12980,-5.61201333999634,12980,-0.0251169204711914,12980,-0.0597267150878906,12980,-0.16855525970459,12980,-0.0951175689697266,12980,-0.172930717468262,12980,-0.0711326599121094
12990,-0.163398742675781,12990,-0.166211128234863,12990,-0.0241794586181641,12990,-0.170899391174316,12990,-0.159883499145508,12990,-0.154492378234863,12990,-0.170195579528809,12990,-0.148242950439453,12990,-0.0701169967651367,12990,-0.0869922637939453,12990,-0.0297269821166992,12990,-0.148242950439453,12990,-0.0356645584106445,12990,-9.26085567474365,12990,-0.163320541381836,12990,-8.00085067749023,12990,-0.0245704650878906,12990,-5.60131025314331,12990,-0.0251169204711914,12990,-0.0598049163818359,12990,-0.168398857116699,12990,-0.0951175689697266,12990,-0.172852516174316,12990,-0.0712108612060547
13000,-0.163320541381836,13000,-0.166211128234863,13000,-0.0241012573242188,13000,-0.170899391174316,13000,-0.159883499145508,13000,-0.154570579528809,13000,-0.170195579528809,13000,-0.148242950439453,13000,-0.0702733993530273,13000,-0.0869140625,13000,-0.0298051834106445,13000,-0.148242950439453,13000,-0.0355863571166992,13000,-9.26327705383301,13000,-0.163242340087891,13000,-8.00366306304932,13000,-0.0245704650878906,13000,-5.58638858795166,13000,-0.0251169204711914,13000,-0.0598831176757812,13000,-0.168320655822754,13000,-0.0951175689697266,13000,-0.172852516174316,13000,-0.0712108612060547
13010,-0.163242340087891,13010,-0.166133880615234,13010,-0.0241012573242188,13010,-0.170821189880371,13010,-0.159883499145508,13010,-0.154570579528809,13010,-0.170195579528809,13010,-0.148321151733398,13010,-0.0703516006469727,13010,-0.0869140625,13010,-0.0298051834106445,13010,-0.148164749145508,13010,-0.0356645584106445,13010,-9.26577758789062,13010,-0.163242340087891,13010,-8.00678825378418,13010,-0.0245704650878906,13010,-5.57177877426147,13010,-0.0251169204711914,13010,-0.0598831176757812,13010,-0.168242454528809,13010,-0.0951175689697266,13010,-0.172852516174316,13010,-0.0712890625
13020,-0.163165092468262,13020,-0.166133880615234,13020,-0.0241012573242188,13020,-0.170742988586426,13020,-0.159883499145508,13020,-0.154570579528809,13020,-0.170273780822754,13020,-0.148321151733398,13020,-0.070429801940918,13020,-0.0869140625,13020,-0.0298051834106445,13020,-0.148164749145508,13020,-0.0362110137939453,13020,-9.26788711547852,13020,-0.163165092468262,13020,-8.00975704193115,13020,-0.0245704650878906,13020,-5.56131029129028,13020,-0.0251169204711914,13020,-0.0599613189697266,13020,-0.168087005615234,13020,-0.0951175689697266,13020,-0.172852516174316,13020,-0.0713672637939453
13030,-0.163086891174316,13030,-0.166133880615234,13030,-0.0241012573242188,13030,-0.17066478729248,13030,-0.159883499145508,13030,-0.154648780822754,13030,-0.170273780822754,13030,-0.148399353027344,13030,-0.0705080032348633,13030,-0.0868358612060547,13030,-0.0298051834106445,13030,-0.148086547851562,13030,-0.0361328125,13030,-9.27062129974365,13030,-0.163086891174316,13030,-8.01303863525391,13030,-0.0245704650878906,13030,-5.56873226165771,13030,-0.0251169204711914,13030,-0.0600395202636719,13030,-0.168008804321289,13030,-0.0951175689697266,13030,-0.172852516174316,13030,-0.0713672637939453
13040,-0.163008689880371,13040,-0.166133880615234,13040,-0.0241012573242188,13040,-0.170586585998535,13040,-0.159805297851562,13040,-0.154648780822754,13040,-0.170273780822754,13040,-0.148399353027344,13040,-0.0705862045288086,13040,-0.0868358612060547,13040,-0.0298051834106445,13040,-0.148008346557617,13040,-0.0358982086181641,13040,-9.27327728271484,13040,-0.163008689880371,13040,-8.01592826843262,13040,-0.0245704650878906,13040,-5.56951332092285,13040,-0.0251169204711914,13040,-0.0600395202636719,13040,-0.167930603027344,13040,-0.0951175689697266,13040,-0.172852516174316,13040,-0.0714454650878906
13050,-0.162930488586426,13050,-0.166055679321289,13050,-0.0241012573242188,13050,-0.170586585998535,13050,-0.159805297851562,13050,-0.154648780822754,13050,-0.170273780822754,13050,-0.148477554321289,13050,-0.0706644058227539,13050,-0.0867576599121094,13050,-0.0298051834106445,13050,-0.148008346557617,13050,-0.0357427597045898,13050,-9.27585506439209,13050,-0.162930488586426,13050,-8.01835060119629,13050,-0.0245704650878906,13050,-5.5676383972168,13050,-0.0251169204711914,13050,-0.0601177215576172,13050,-0.167852401733398,13050,-0.0951957702636719,13050,-0.172774314880371,13050,-0.0715236663818359
13060,-0.16285228729248,13060,-0.166055679321289,13060,-0.0241012573242188,13060,-0.17050838470459,13060,-0.159805297851562,13060,-0.154648780822754,13060,-0.170273780822754,13060,-0.148477554321289,13060,-0.0706644058227539,13060,-0.0867576599121094,13060,-0.0298051834106445,13060,-0.147930145263672,13060,-0.0355863571166992,13060,-9.27843379974365,13060,-0.16285228729248,13060,-8.02046012878418,13060,-0.0245704650878906,13060,-5.56998205184937,13060,-0.0251169204711914,13060,-0.0601959228515625,13060,-0.167695999145508,13060,-0.0951957702636719,13060,-0.172774314880371,13060,-0.0715236663818359
13070,-0.162774085998535,13070,-0.166055679321289,13070,-0.0241012573242188,13070,-0.170430183410645,13070,-0.159727096557617,13070,-0.154726982116699,13070,-0.170273780822754,13070,-0.148477554321289,13070,-0.0707426071166992,13070,-0.0866804122924805,13070,-0.0298051834106445,13070,-0.147930145263672,13070,-0.0354299545288086,13070,-9.2804651260376,13070,-0.162774085998535,13070,-8.02147579193115,13070,-0.0245704650878906,13070,-5.56709146499634,13070,-0.0251169204711914,13070,-0.0602731704711914,13070,-0.167539596557617,13070,-0.0951957702636719,13070,-0.172774314880371,13070,-0.0716018676757812
13080,-0.16269588470459,13080,-0.166055679321289,13080,-0.0241012573242188,13080,-0.170351982116699,13080,-0.159727096557617,13080,-0.154726982116699,13080,-0.170273780822754,13080,-0.148554801940918,13080,-0.0708208084106445,13080,-0.0866022109985352,13080,-0.0298824310302734,13080,-0.147851943969727,13080,-0.0353517532348633,13080,-9.2824182510376,13080,-0.162774085998535,13080,-8.0221004486084,13080,-0.0245704650878906,13080,-5.55849742889404,13080,-0.0251169204711914,13080,-0.0602731704711914,13080,-0.167461395263672,13080,-0.0951957702636719,13080,-0.172774314880371,13080,-0.0716018676757812
13090,-0.162617683410645,13090,-0.165977478027344,13090,-0.0240230560302734,13090,-0.170351982116699,13090,-0.159727096557617,13090,-0.154726982116699,13090,-0.170351982116699,13090,-0.148554801940918,13090,-0.0708990097045898,13090,-0.0866022109985352,13090,-0.0298051834106445,13090,-0.147851943969727,13090,-0.0353517532348633,13090,-9.28413677215576,13090,-0.16269588470459,13090,-8.02233505249023,13090,-0.0245704650878906,13090,-5.54912281036377,13090,-0.0251169204711914,13090,-0.0603513717651367,13090,-0.167304992675781,13090,-0.0951957702636719,13090,-0.172696113586426,13090,-0.0716800689697266
13100,-0.162539482116699,13100,-0.165977478027344,13100,-0.0240230560302734,13100,-0.170273780822754,13100,-0.159648895263672,13100,-0.154726982116699,13100,-0.170351982116699,13100,-0.148554801940918,13100,-0.0709772109985352,13100,-0.0865240097045898,13100,-0.0298051834106445,13100,-0.147773742675781,13100,-0.0354299545288086,13100,-9.28624629974365,13100,-0.162617683410645,13100,-8.02366352081299,13100,-0.0245704650878906,13100,-5.54802894592285,13100,-0.0251169204711914,13100,-0.060429573059082,13100,-0.167226791381836,13100,-0.0951957702636719,13100,-0.172696113586426,13100,-0.0717582702636719
13110,-0.162461280822754,13110,-0.165977478027344,13110,-0.0240230560302734,13110,-0.170195579528809,13110,-0.159648895263672,13110,-0.154726982116699,13110,-0.170351982116699,13110,-0.148633003234863,13110,-0.0710544586181641,13110,-0.0865240097045898,13110,-0.0298051834106445,13110,-0.147773742675781,13110,-0.0353517532348633,13110,-9.28812122344971,13110,-0.162539482116699,13110,-8.02444458007812,13110,-0.0245704650878906,13110,-5.54295063018799,13110,-0.0251169204711914,13110,-0.060429573059082,13110,-0.167148590087891,13110,-0.0951957702636719,13110,-0.172696113586426,13110,-0.0717582702636719
13120,-0.162304878234863,13120,-0.165977478027344,13120,-0.0240230560302734,13120,-0.170195579528809,13120,-0.159648895263672,13120,-0.154726982116699,13120,-0.170351982116699,13120,-0.148633003234863,13120,-0.0711326599121094,13120,-0.0864458084106445,13120,-0.0298051834106445,13120,-0.147695541381836,13120,-0.0353517532348633,13120,-9.29007434844971,13120,-0.162539482116699,13120,-8.02467918395996,13120,-0.0245704650878906,13120,-5.53998184204102,13120,-0.0251169204711914,13120,-0.0605077743530273,13120,-0.167071342468262,13120,-0.0951957702636719,13120,-0.172696113586426,13120,-0.0718364715576172
13130,-0.162226676940918,13130,-0.165977478027344,13130,-0.0240230560302734,13130,-0.170117378234863,13130,-0.159648895263672,13130,-0.154726982116699,13130,-0.170351982116699,13130,-0.148633003234863,13130,-0.0711326599121094,13130,-0.0864458084106445,13130,-0.0298051834106445,13130,-0.147695541381836,13130,-0.035273551940918,13130,-9.29171466827393,13130,-0.162461280822754,13130,-8.0249137878418,13130,-0.0246486663818359,13130,-5.53607559204102,13130,-0.0251169204711914,13130,-0.0605859756469727,13130,-0.166993141174316,13130,-0.0952739715576172,13130,-0.172696113586426,13130,-0.0718364715576172
13140,-0.162149429321289,13140,-0.165899276733398,13140,-0.0240230560302734,13140,-0.170040130615234,13140,-0.159570693969727,13140,-0.154726982116699,13140,-0.170351982116699,13140,-0.148711204528809,13140,-0.0712108612060547,13140,-0.0863676071166992,13140,-0.0298051834106445,13140,-0.147617340087891,13140,-0.035273551940918,13140,-9.29304313659668,13140,-0.162383079528809,13140,-8.02452278137207,13140,-0.0246486663818359,13140,-5.52138805389404,13140,-0.0251169204711914,13140,-0.0605859756469727,13140,-0.166836738586426,13140,-0.0952739715576172,13140,-0.17261791229248,13140,-0.0719146728515625
13150,-0.162071228027344,13150,-0.165899276733398,13150,-0.0240230560302734,13150,-0.170040130615234,13150,-0.159570693969727,13150,-0.154726982116699,13150,-0.170430183410645,13150,-0.148711204528809,13150,-0.0712890625,13150,-0.0863676071166992,13150,-0.0298051834106445,13150,-0.147617340087891,13150,-0.035273551940918,13150,-9.2946834564209,13150,-0.162304878234863,13150,-8.02413177490234,13150,-0.0246486663818359,13150,-5.51091909408569,13150,-0.0251169204711914,13150,-0.060664176940918,13150,-0.16675853729248,13150,-0.0952739715576172,13150,-0.17261791229248,13150,-0.0719146728515625
13160,-0.161993026733398,13160,-0.165899276733398,13160,-0.0240230560302734,13160,-0.169961929321289,13160,-0.159570693969727,13160,-0.154726982116699,13160,-0.170430183410645,13160,-0.148711204528809,13160,-0.0713672637939453,13160,-0.0862894058227539,13160,-0.0298051834106445,13160,-0.147539138793945,13160,-0.035273551940918,13160,-9.29593372344971,13160,-0.162304878234863,13160,-8.02374076843262,13160,-0.0246486663818359,13160,-5.50380992889404,13160,-0.0251169204711914,13160,-0.0607423782348633,13160,-0.166680335998535,13160,-0.0952739715576172,13160,-0.17261791229248,13160,-0.0719928741455078
13170,-0.161914825439453,13170,-0.165899276733398,13170,-0.0240230560302734,13170,-0.169961929321289,13170,-0.159570693969727,13170,-0.154726982116699,13170,-0.170430183410645,13170,-0.148711204528809,13170,-0.0714454650878906,13170,-0.0862894058227539,13170,-0.0298051834106445,13170,-0.147539138793945,13170,-0.0351953506469727,13170,-9.29694938659668,13170,-0.162226676940918,13170,-8.02303791046143,13170,-0.0246486663818359,13170,-5.49646615982056,13170,-0.0251169204711914,13170,-0.0607423782348633,13170,-0.16660213470459,13170,-0.0952739715576172,13170,-0.17261791229248,13170,-0.0719928741455078
13180,-0.161836624145508,13180,-0.165899276733398,13180,-0.0240230560302734,13180,-0.169883728027344,13180,-0.159492492675781,13180,-0.154726982116699,13180,-0.170430183410645,13180,-0.148789405822754,13180,-0.0714454650878906,13180,-0.0862112045288086,13180,-0.0297269821166992,13180,-0.147461891174316,13180,-0.0351953506469727,13180,-9.2980432510376,13180,-0.162149429321289,13180,-8.02217864990234,13180,-0.0246486663818359,13180,-5.49232530593872,13180,-0.0251169204711914,13180,-0.0608205795288086,13180,-0.166523933410645,13180,-0.0952739715576172,13180,-0.17261791229248,13180,-0.0720701217651367
13190,-0.161758422851562,13190,-0.165821075439453,13190,-0.0240230560302734,13190,-0.169883728027344,13190,-0.159492492675781,13190,-0.154726982116699,13190,-0.170430183410645,13190,-0.148789405822754,13190,-0.0715236663818359,13190,-0.0862112045288086,13190,-0.0297269821166992,13190,-0.147461891174316,13190,-0.0351953506469727,13190,-9.29913711547852,13190,-0.162149429321289,13190,-8.02092933654785,13190,-0.0247268676757812,13190,-5.48935651779175,13190,-0.0251169204711914,13190,-0.0608987808227539,13190,-0.166445732116699,13190,-0.0952739715576172,13190,-0.172539710998535,13190,-0.0720701217651367
13200,-0.161680221557617,13200,-0.165821075439453,13200,-0.0240230560302734,13200,-0.169805526733398,13200,-0.159492492675781,13200,-0.154726982116699,13200,-0.170430183410645,13200,-0.148789405822754,13200,-0.0716018676757812,13200,-0.0861330032348633,13200,-0.0297269821166992,13200,-0.147383689880371,13200,-0.0351171493530273,13200,-9.29983997344971,13200,-0.162071228027344,13200,-8.01913166046143,13200,-0.0247268676757812,13200,-5.47802877426147,13200,-0.0251169204711914,13200,-0.0608987808227539,13200,-0.166367530822754,13200,-0.0952739715576172,13200,-0.172539710998535,13200,-0.072148323059082
13210,-0.161602020263672,13210,-0.165821075439453,13210,-0.0239458084106445,13210,-0.169805526733398,13210,-0.159492492675781,13210,-0.154726982116699,13210,-0.170430183410645,13210,-0.148789405822754,13210,-0.0716800689697266,13210,-0.0861330032348633,13210,-0.0296487808227539,13210,-0.147383689880371,13210,-0.0351171493530273,13210,-9.30030822753906,13210,-0.162071228027344,13210,-8.01663208007812,13210,-0.0247268676757812,13210,-5.47318458557129,13210,-0.0251169204711914,13210,-0.0609769821166992,13210,-0.166289329528809,13210,-0.0953521728515625,13210,-0.172539710998535,13210,-0.0722265243530273
13220,-0.161523818969727,13220,-0.165821075439453,13220,-0.0239458084106445,13220,-0.169727325439453,13220,-0.159414291381836,13220,-0.154726982116699,13220,-0.17050838470459,13220,-0.148789405822754,13220,-0.0716800689697266,13220,-0.086054801940918,13220,-0.0296487808227539,13220,-0.147305488586426,13220,-0.035038948059082,13220,-9.30069923400879,13220,-0.161993026733398,13220,-8.01491355895996,13220,-0.0247268676757812,13220,-5.47740364074707,13220,-0.0251169204711914,13220,-0.0610551834106445,13220,-0.166211128234863,13220,-0.0953521728515625,13220,-0.172539710998535,13220,-0.0722265243530273
13230,-0.161367416381836,13230,-0.165821075439453,13230,-0.0239458084106445,13230,-0.169727325439453,13230,-0.159414291381836,13230,-0.154726982116699,13230,-0.17050838470459,13230,-0.148867607116699,13230,-0.0717582702636719,13230,-0.086054801940918,13230,-0.0296487808227539,13230,-0.147305488586426,13230,-0.0349607467651367,13230,-9.30109024047852,13230,-0.161914825439453,13230,-8.01311683654785,13230,-0.0247268676757812,13230,-5.47466897964478,13230,-0.0251169204711914,13230,-0.0610551834106445,13230,-0.166133880615234,13230,-0.0953521728515625,13230,-0.17246150970459,13230,-0.0723047256469727
13240,-0.161289215087891,13240,-0.165821075439453,13240,-0.0239458084106445,13240,-0.169727325439453,13240,-0.159414291381836,13240,-0.154726982116699,13240,-0.17050838470459,13240,-0.148867607116699,13240,-0.0718364715576172,13240,-0.086054801940918,13240,-0.0296487808227539,13240,-0.14722728729248,13240,-0.0349607467651367,13240,-9.30124664306641,13240,-0.161914825439453,13240,-8.01092910766602,13240,-0.0248050689697266,13240,-5.47216939926147,13240,-0.0251169204711914,13240,-0.0611333847045898,13240,-0.166055679321289,13240,-0.0953521728515625,13240,-0.17246150970459,13240,-0.0723047256469727
13250,-0.161211967468262,13250,-0.165742874145508,13250,-0.0239458084106445,13250,-0.169649124145508,13250,-0.159414291381836,13250,-0.154726982116699,13250,-0.17050838470459,13250,-0.148867607116699,13250,-0.0719146728515625,13250,-0.0859766006469727,13250,-0.0296487808227539,13250,-0.14722728729248,13250,-0.0349607467651367,13250,-9.30132389068604,13250,-0.161836624145508,13250,-8.00811576843262,13250,-0.0248050689697266,13250,-5.46716928482056,13250,-0.0251169204711914,13250,-0.0612115859985352,13250,-0.165977478027344,13250,-0.0953521728515625,13250,-0.17246150970459,13250,-0.072382926940918
13260,-0.161133766174316,13260,-0.165742874145508,13260,-0.0239458084106445,13260,-0.169649124145508,13260,-0.159414291381836,13260,-0.154648780822754,13260,-0.17050838470459,13260,-0.148867607116699,13260,-0.0719146728515625,13260,-0.0859766006469727,13260,-0.0296487808227539,13260,-0.147149085998535,13260,-0.0349607467651367,13260,-9.30093383789062,13260,-0.161836624145508,13260,-8.00577259063721,13260,-0.0248050689697266,13260,-5.4627161026001,13260,-0.0251169204711914,13260,-0.0612115859985352,13260,-0.165899276733398,13260,-0.0953521728515625,13260,-0.17246150970459,13260,-0.0724611282348633
13270,-0.161055564880371,13270,-0.165742874145508,13270,-0.0239458084106445,13270,-0.169570922851562,13270,-0.159336090087891,13270,-0.154648780822754,13270,-0.17050838470459,13270,-0.148867607116699,13270,-0.0719928741455078,13270,-0.0858983993530273,13270,-0.0296487808227539,13270,-0.147149085998535,13270,-0.035038948059082,13270,-9.30085563659668,13270,-0.161758422851562,13270,-8.00374126434326,13270,-0.0248050689697266,13270,-5.4509973526001,13270,-0.0251169204711914,13270,-0.0612888336181641,13270,-0.165821075439453,13270,-0.0954303741455078,13270,-0.17246150970459,13270,-0.0724611282348633
13280,-0.160977363586426,13280,-0.165742874145508,13280,-0.0239458084106445,13280,-0.169570922851562,13280,-0.159336090087891,13280,-0.154648780822754,13280,-0.170586585998535,13280,-0.148867607116699,13280,-0.0720701217651367,13280,-0.0858983993530273,13280,-0.0297269821166992,13280,-0.147149085998535,13280,-0.0349607467651367,13280,-9.30069923400879,13280,-0.161758422851562,13280,-8.00233459472656,13280,-0.0248050689697266,13280,-5.44380950927734,13280,-0.0251169204711914,13280,-0.0612888336181641,13280,-0.165742874145508,13280,-0.0954303741455078,13280,-0.172383308410645,13280,-0.0725393295288086
13290,-0.16089916229248,13290,-0.165742874145508,13290,-0.0239458084106445,13290,-0.169570922851562,13290,-0.159336090087891,13290,-0.154648780822754,13290,-0.170586585998535,13290,-0.148867607116699,13290,-0.0720701217651367,13290,-0.0858983993530273,13290,-0.0297269821166992,13290,-0.14707088470459,13290,-0.0348825454711914,13290,-9.30038642883301,13290,-0.161680221557617,13290,-8.00108528137207,13290,-0.0248832702636719,13290,-5.4424033164978,13290,-0.0251169204711914,13290,-0.0613670349121094,13290,-0.165664672851562,13290,-0.0954303741455078,13290,-0.172383308410645,13290,-0.0725393295288086
13300,-0.160820960998535,13300,-0.165742874145508,13300,-0.0239458084106445,13300,-0.169492721557617,13300,-0.159336090087891,13300,-0.154648780822754,13300,-0.170586585998535,13300,-0.148945808410645,13300,-0.072148323059082,13300,-0.085820198059082,13300,-0.0297269821166992,13300,-0.14707088470459,13300,-0.0348043441772461,13300,-9.30015277862549,13300,-0.161602020263672,13300,-7.99889755249023,13300,-0.0248832702636719,13300,-5.44013786315918,13300,-0.0251169204711914,13300,-0.0614452362060547,13300,-0.165586471557617,13300,-0.0954303741455078,13300,-0.172383308410645,13300,-0.0726175308227539
13310,-0.16074275970459,13310,-0.165664672851562,13310,-0.0239458084106445,13310,-0.169492721557617,13310,-0.159336090087891,13310,-0.154648780822754,13310,-0.170586585998535,13310,-0.148945808410645,13310,-0.0722265243530273,13310,-0.085820198059082,13310,-0.0297269821166992,13310,-0.146992683410645,13310,-0.0347270965576172,13310,-9.29976177215576,13310,-0.161602020263672,13310,-7.9967098236084,13310,-0.0248832702636719,13310,-5.43310642242432,13310,-0.0251169204711914,13310,-0.0614452362060547,13310,-0.165508270263672,13310,-0.0954303741455078,13310,-0.172383308410645,13310,-0.0726175308227539
13320,-0.160664558410645,13320,-0.165664672851562,13320,-0.0239458084106445,13320,-0.169492721557617,13320,-0.159258842468262,13320,-0.154648780822754,13320,-0.170586585998535,13320,-0.148945808410645,13320,-0.0723047256469727,13320,-0.0857429504394531,13320,-0.0297269821166992,13320,-0.146992683410645,13320,-0.0346488952636719,13320,-9.29913711547852,13320,-0.161523818969727,13320,-7.99389743804932,13320,-0.0248832702636719,13320,-5.4281063079834,13320,-0.0251169204711914,13320,-0.0615234375,13320,-0.165430068969727,13320,-0.0954303741455078,13320,-0.172383308410645,13320,-0.0726957321166992
13330,-0.160586357116699,13330,-0.165664672851562,13330,-0.0239458084106445,13330,-0.169492721557617,13330,-0.159258842468262,13330,-0.154648780822754,13330,-0.170586585998535,13330,-0.148945808410645,13330,-0.0723047256469727,13330,-0.0857429504394531,13330,-0.0297269821166992,13330,-0.146992683410645,13330,-0.0345706939697266,13330,-9.29882431030273,13330,-0.161523818969727,13330,-7.99264717102051,13330,-0.0248832702636719,13330,-5.42443466186523,13330,-0.0251169204711914,13330,-0.0615234375,13330,-0.165351867675781,13330,-0.0954303741455078,13330,-0.172305107116699,13330,-0.0726957321166992
13340,-0.160508155822754,13340,-0.165664672851562,13340,-0.0238676071166992,13340,-0.169414520263672,13340,-0.159258842468262,13340,-0.154648780822754,13340,-0.17066478729248,13340,-0.148945808410645,13340,-0.072382926940918,13340,-0.0857429504394531,13340,-0.0297269821166992,13340,-0.146914482116699,13340,-0.0344924926757812,13340,-9.29843330383301,13340,-0.161445617675781,13340,-7.9914755821228,13340,-0.0248832702636719,13340,-5.42662191390991,13340,-0.0251169204711914,13340,-0.0616016387939453,13340,-0.165351867675781,13340,-0.0954303741455078,13340,-0.172305107116699,13340,-0.0727739334106445
13350,-0.160429954528809,13350,-0.165664672851562,13350,-0.0238676071166992,13350,-0.169414520263672,13350,-0.159258842468262,13350,-0.154570579528809,13350,-0.17066478729248,13350,-0.148945808410645,13350,-0.0724611282348633,13350,-0.0856647491455078,13350,-0.0299606323242188,13350,-0.146914482116699,13350,-0.0344924926757812,13350,-9.29788684844971,13350,-0.161445617675781,13350,-7.99124145507812,13350,-0.0249605178833008,13350,-5.42404413223267,13350,-0.0251169204711914,13350,-0.0616798400878906,13350,-0.165273666381836,13350,-0.0954303741455078,13350,-0.172305107116699,13350,-0.0727739334106445
13360,-0.160351753234863,13360,-0.165664672851562,13360,-0.0238676071166992,13360,-0.169414520263672,13360,-0.159180641174316,13360,-0.154570579528809,13360,-0.17066478729248,13360,-0.148945808410645,13360,-0.0724611282348633,13360,-0.0856647491455078,13360,-0.0299606323242188,13360,-0.146836280822754,13360,-0.0344142913818359,13360,-9.29749584197998,13360,-0.161367416381836,13360,-7.9908504486084,13360,-0.0249605178833008,13360,-5.4189658164978,13360,-0.0251169204711914,13360,-0.0616798400878906,13360,-0.165195465087891,13360,-0.0955085754394531,13360,-0.172305107116699,13360,-0.0728521347045898
13370,-0.160273551940918,13370,-0.165586471557617,13370,-0.0238676071166992,13370,-0.169336318969727,13370,-0.159180641174316,13370,-0.154570579528809,13370,-0.17066478729248,13370,-0.148945808410645,13370,-0.0725393295288086,13370,-0.0855865478515625,13370,-0.0298824310302734,13370,-0.146836280822754,13370,-0.0344924926757812,13370,-9.29702758789062,13370,-0.161367416381836,13370,-7.99077224731445,13370,-0.0249605178833008,13370,-5.40959072113037,13370,-0.0251169204711914,13370,-0.0617580413818359,13370,-0.165118217468262,13370,-0.0955085754394531,13370,-0.172226905822754,13370,-0.0728521347045898
13380,-0.160196304321289,13380,-0.165586471557617,13380,-0.0238676071166992,13380,-0.169336318969727,13380,-0.159180641174316,13380,-0.154570579528809,13380,-0.17066478729248,13380,-0.148945808410645,13380,-0.0726175308227539,13380,-0.0855865478515625,13380,-0.0298824310302734,13380,-0.146758079528809,13380,-0.0344924926757812,13380,-9.29687118530273,13380,-0.161367416381836,13380,-7.99061632156372,13380,-0.0249605178833008,13380,-5.40349721908569,13380,-0.0251169204711914,13380,-0.0617580413818359,13380,-0.165040016174316,13380,-0.0955085754394531,13380,-0.172226905822754,13380,-0.0729303359985352
13390,-0.160118103027344,13390,-0.165586471557617,13390,-0.0238676071166992,13390,-0.169336318969727,13390,-0.159180641174316,13390,-0.154570579528809,13390,-0.17066478729248,13390,-0.148945808410645,13390,-0.0726957321166992,13390,-0.0855083465576172,13390,-0.0298824310302734,13390,-0.146758079528809,13390,-0.0344142913818359,13390,-9.29694938659668,13390,-0.161289215087891,13390,-7.99131965637207,13390,-0.0250387191772461,13390,-5.39529371261597,13390,-0.0251169204711914,13390,-0.0618362426757812,13390,-0.164961814880371,13390,-0.0955085754394531,13390,-0.172226905822754,13390,-0.0729303359985352
13400,-0.160039901733398,13400,-0.165586471557617,13400,-0.0238676071166992,13400,-0.169336318969727,13400,-0.159102439880371,13400,-0.154570579528809,13400,-0.17066478729248,13400,-0.148945808410645,13400,-0.0726957321166992,13400,-0.0855083465576172,13400,-0.0299606323242188,13400,-0.146758079528809,13400,-0.0345706939697266,13400,-9.29671478271484,13400,-0.161289215087891,13400,-7.99178791046143,13400,-0.0250387191772461,13400,-5.38568449020386,13400,-0.0251169204711914,13400,-0.0619144439697266,13400,-0.164961814880371,13400,-0.0955085754394531,13400,-0.172226905822754,13400,-0.0730075836181641
13410,-0.159961700439453,13410,-0.165586471557617,13410,-0.0238676071166992,13410,-0.169258117675781,13410,-0.159102439880371,13410,-0.154570579528809,13410,-0.170742988586426,13410,-0.148945808410645,13410,-0.0727739334106445,13410,-0.0854301452636719,13410,-0.0299606323242188,13410,-0.146679878234863,13410,-0.0346488952636719,13410,-9.2966365814209,13410,-0.161211967468262,13410,-7.99303817749023,13410,-0.0250387191772461,13410,-5.37435626983643,13410,-0.0251169204711914,13410,-0.0619144439697266,13410,-0.164883613586426,13410,-0.0955085754394531,13410,-0.172226905822754,13410,-0.0730075836181641
13420,-0.159883499145508,13420,-0.165586471557617,13420,-0.0238676071166992,13420,-0.169258117675781,13420,-0.159102439880371,13420,-0.154570579528809,13420,-0.170742988586426,13420,-0.148945808410645,13420,-0.0728521347045898,13420,-0.0854301452636719,13420,-0.0299606323242188,13420,-0.146679878234863,13420,-0.0345706939697266,13420,-9.29648017883301,13420,-0.161211967468262,13420,-7.99381923675537,13420,-0.0250387191772461,13420,-5.35966873168945,13420,-0.0251169204711914,13420,-0.0619926452636719,13420,-0.16480541229248,13420,-0.0955085754394531,13420,-0.172148704528809,13420,-0.0730857849121094
13430,-0.159883499145508,13430,-0.165508270263672,13430,-0.0238676071166992,13430,-0.169258117675781,13430,-0.159102439880371,13430,-0.154570579528809,13430,-0.170742988586426,13430,-0.148945808410645,13430,-0.0728521347045898,13430,-0.0854301452636719,13430,-0.0299606323242188,13430,-0.146679878234863,13430,-0.0345706939697266,13430,-9.29616832733154,13430,-0.161133766174316,13430,-7.99436616897583,13430,-0.0251169204711914,13430,-5.34818410873413,13430,-0.0251169204711914,13430,-0.0619926452636719,13430,-0.164727210998535,13430,-0.0955085754394531,13430,-0.172148704528809,13430,-0.0730857849121094
13440,-0.159805297851562,13440,-0.165508270263672,13440,-0.0238676071166992,13440,-0.169258117675781,13440,-0.159024238586426,13440,-0.154492378234863,13440,-0.170742988586426,13440,-0.148945808410645,13440,-0.0729303359985352,13440,-0.0854301452636719,13440,-0.0299606323242188,13440,-0.146601676940918,13440,-0.0345706939697266,13440,-9.2960901260376,13440,-0.161133766174316,13440,-7.99569416046143,13440,-0.0251169204711914,13440,-5.34279346466064,13440,-0.0251169204711914,13440,-0.0620708465576172,13440,-0.164727210998535,13440,-0.0955085754394531,13440,-0.172148704528809,13440,-0.0731639862060547
13450,-0.159727096557617,13450,-0.165508270263672,13450,-0.0238676071166992,13450,-0.169179916381836,13450,-0.159024238586426,13450,-0.154492378234863,13450,-0.170742988586426,13450,-0.148945808410645,13450,-0.0730075836181641,13450,-0.0853519439697266,13450,-0.0299606323242188,13450,-0.146601676940918,13450,-0.0344924926757812,13450,-9.2960901260376,13450,-0.161133766174316,13450,-7.9967098236084,13450,-0.0251951217651367,13450,-5.33451223373413,13450,-0.0251169204711914,13450,-0.0620708465576172,13450,-0.16464900970459,13450,-0.0955085754394531,13450,-0.172148704528809,13450,-0.0731639862060547
13460,-0.159648895263672,13460,-0.165508270263672,13460,-0.0238676071166992,13460,-0.169179916381836,13460,-0.159024238586426,13460,-0.154492378234863,13460,-0.170742988586426,13460,-0.148945808410645,13460,-0.0730075836181641,13460,-0.0853519439697266,13460,-0.0299606323242188,13460,-0.146601676940918,13460,-0.0344142913818359,13460,-9.29616832733154,13460,-0.161055564880371,13460,-7.99725723266602,13460,-0.0251951217651367,13460,-5.32615280151367,13460,-0.0251169204711914,13460,-0.0621490478515625,13460,-0.164570808410645,13460,-0.0955085754394531,13460,-0.172148704528809,13460,-0.0732421875
13470,-0.159570693969727,13470,-0.165508270263672,13470,-0.0237894058227539,13470,-0.169179916381836,13470,-0.15894603729248,13470,-0.154492378234863,13470,-0.170742988586426,13470,-0.148945808410645,13470,-0.0730857849121094,13470,-0.0852737426757812,13470,-0.0299606323242188,13470,-0.146524429321289,13470,-0.0344142913818359,13470,-9.2960901260376,13470,-0.161055564880371,13470,-7.99725723266602,13470,-0.0251951217651367,13470,-5.31904363632202,13470,-0.0251169204711914,13470,-0.0621490478515625,13470,-0.164492607116699,13470,-0.095585823059082,13470,-0.172070503234863,13470,-0.0732421875
13480,-0.159492492675781,13480,-0.165508270263672,13480,-0.0237894058227539,13480,-0.169179916381836,13480,-0.15894603729248,13480,-0.154492378234863,13480,-0.170742988586426,13480,-0.148945808410645,13480,-0.0731639862060547,13480,-0.0852737426757812,13480,-0.0299606323242188,13480,-0.146524429321289,13480,-0.0345706939697266,13480,-9.29593372344971,13480,-0.160977363586426,13480,-7.9981164932251,13480,-0.025273323059082,13480,-5.31107473373413,13480,-0.0251169204711914,13480,-0.0622262954711914,13480,-0.164414405822754,13480,-0.095585823059082,13480,-0.172070503234863,13480,-0.0733203887939453
13490,-0.159414291381836,13490,-0.165508270263672,13490,-0.0237894058227539,13490,-0.169179916381836,13490,-0.15894603729248,13490,-0.154492378234863,13490,-0.170821189880371,13490,-0.148945808410645,13490,-0.0732421875,13490,-0.0852737426757812,13490,-0.0299606323242188,13490,-0.146446228027344,13490,-0.0344924926757812,13490,-9.29562091827393,13490,-0.160977363586426,13490,-7.99889755249023,13490,-0.025273323059082,13490,-5.30294990539551,13490,-0.0251169204711914,13490,-0.0623044967651367,13490,-0.164414405822754,13490,-0.095585823059082,13490,-0.172070503234863,13490,-0.0733203887939453
13500,-0.159336090087891,13500,-0.165430068969727,13500,-0.0237894058227539,13500,-0.169101715087891,13500,-0.15894603729248,13500,-0.154492378234863,13500,-0.170821189880371,13500,-0.148945808410645,13500,-0.0732421875,13500,-0.0851955413818359,13500,-0.0299606323242188,13500,-0.146446228027344,13500,-0.0343360900878906,13500,-9.29538726806641,13500,-0.160977363586426,13500,-7.99991321563721,13500,-0.0253515243530273,13500,-5.29334020614624,13500,-0.0251169204711914,13500,-0.0623044967651367,13500,-0.164336204528809,13500,-0.095585823059082,13500,-0.172070503234863,13500,-0.0733985900878906
13510,-0.159336090087891,13510,-0.165430068969727,13510,-0.0237894058227539,13510,-0.169101715087891,13510,-0.158867835998535,13510,-0.154492378234863,13510,-0.170821189880371,13510,-0.148945808410645,13510,-0.0733203887939453,13510,-0.0851173400878906,13510,-0.0299606323242188,13510,-0.146446228027344,13510,-0.0342578887939453,13510,-9.29507446289062,13510,-0.16089916229248,13510,-8.00045967102051,13510,-0.0254297256469727,13510,-5.27998113632202,13510,-0.0251169204711914,13510,-0.062382698059082,13510,-0.164258003234863,13510,-0.095585823059082,13510,-0.172070503234863,13510,-0.0733985900878906
13520,-0.159258842468262,13520,-0.165430068969727,13520,-0.0237894058227539,13520,-0.169101715087891,13520,-0.158867835998535,13520,-0.154492378234863,13520,-0.170821189880371,13520,-0.148945808410645,13520,-0.0733985900878906,13520,-0.0851173400878906,13520,-0.0299606323242188,13520,-0.146368026733398,13520,-0.0342578887939453,13520,-9.29530906677246,13520,-0.16089916229248,13520,-8.00264739990234,13520,-0.0254297256469727,13520,-5.27029323577881,13520,-0.0251169204711914,13520,-0.062382698059082,13520,-0.164179801940918,13520,-0.095585823059082,13520,-0.171993255615234,13520,-0.0734767913818359
13530,-0.159180641174316,13530,-0.165430068969727,13530,-0.0237894058227539,13530,-0.169101715087891,13530,-0.158867835998535,13530,-0.154492378234863,13530,-0.170821189880371,13530,-0.148945808410645,13530,-0.0734767913818359,13530,-0.0851173400878906,13530,-0.0298824310302734,13530,-0.146368026733398,13530,-0.0341796875,13530,-9.29569911956787,13530,-0.16089916229248,13530,-8.00436592102051,13530,-0.025507926940918,13530,-5.26224660873413,13530,-0.0251169204711914,13530,-0.0624608993530273,13530,-0.164179801940918,13530,-0.095585823059082,13530,-0.171993255615234,13530,-0.0734767913818359
13540,-0.159102439880371,13540,-0.165430068969727,13540,-0.0237894058227539,13540,-0.169101715087891,13540,-0.15878963470459,13540,-0.154492378234863,13540,-0.170821189880371,13540,-0.148945808410645,13540,-0.0734767913818359,13540,-0.0850391387939453,13540,-0.0299606323242188,13540,-0.146368026733398,13540,-0.0343360900878906,13540,-9.29585552215576,13540,-0.16089916229248,13540,-8.00655364990234,13540,-0.025507926940918,13540,-5.25123071670532,13540,-0.0251169204711914,13540,-0.0624608993530273,13540,-0.164102554321289,13540,-0.095585823059082,13540,-0.171993255615234,13540,-0.0735549926757812
13550,-0.159024238586426,13550,-0.165430068969727,13550,-0.0237894058227539,13550,-0.169024467468262,13550,-0.15878963470459,13550,-0.154492378234863,13550,-0.170821189880371,13550,-0.148945808410645,13550,-0.0735549926757812,13550,-0.0850391387939453,13550,-0.0299606323242188,13550,-0.146368026733398,13550,-0.0341014862060547,13550,-9.2960901260376,13550,-0.160820960998535,13550,-8.00835037231445,13550,-0.0255861282348633,13550,-5.23748064041138,13550,-0.0251169204711914,13550,-0.0625391006469727,13550,-0.164024353027344,13550,-0.095585823059082,13550,-0.171993255615234,13550,-0.0735549926757812
13560,-0.15894603729248,13560,-0.165430068969727,13560,-0.0237894058227539,13560,-0.169024467468262,13560,-0.15878963470459,13560,-0.154492378234863,13560,-0.170821189880371,13560,-0.148945808410645,13560,-0.0736331939697266,13560,-0.0850391387939453,13560,-0.0299606323242188,13560,-0.146289825439453,13560,-0.0341014862060547,13560,-9.29632472991943,13560,-0.160820960998535,13560,-8.01069450378418,13560,-0.0255861282348633,13560,-5.22388696670532,13560,-0.0251169204711914,13560,-0.062617301940918,13560,-0.164024353027344,13560,-0.095585823059082,13560,-0.171915054321289,13560,-0.0736331939697266
13570,-0.15894603729248,13570,-0.165430068969727,13570,-0.0237894058227539,13570,-0.169024467468262,13570,-0.158711433410645,13570,-0.154492378234863,13570,-0.170821189880371,13570,-0.148945808410645,13570,-0.0736331939697266,13570,-0.0849609375,13570,-0.0299606323242188,13570,-0.146289825439453,13570,-0.0340232849121094,13570,-9.29687118530273,13570,-0.160820960998535,13570,-8.01311683654785,13570,-0.0256643295288086,13570,-5.20974636077881,13570,-0.0251169204711914,13570,-0.062617301940918,13570,-0.163946151733398,13570,-0.095585823059082,13570,-0.171915054321289,13570,-0.0736331939697266
13580,-0.158867835998535,13580,-0.165351867675781,13580,-0.0237894058227539,13580,-0.169024467468262,13580,-0.158711433410645,13580,-0.154492378234863,13580,-0.170821189880371,13580,-0.148945808410645,13580,-0.0737113952636719,13580,-0.0849609375,13580,-0.0299606323242188,13580,-0.146289825439453,13580,-0.0340232849121094,13580,-9.29757404327393,13580,-0.16074275970459,13580,-8.01592826843262,13580,-0.0256643295288086,13580,-5.20146512985229,13580,-0.0251169204711914,13580,-0.0626955032348633,13580,-0.163867950439453,13580,-0.095585823059082,13580,-0.171915054321289,13580,-0.0737113952636719
13590,-0.15878963470459,13590,-0.165351867675781,13590,-0.0237894058227539,13590,-0.169024467468262,13590,-0.158711433410645,13590,-0.154492378234863,13590,-0.170821189880371,13590,-0.148945808410645,13590,-0.0737895965576172,13590,-0.0849609375,13590,-0.0299606323242188,13590,-0.146289825439453,13590,-0.0341014862060547,13590,-9.29812145233154,13590,-0.16074275970459,13590,-8.01881980895996,13590,-0.0257425308227539,13590,-5.1974024772644,13590,-0.0251169204711914,13590,-0.0626955032348633,13590,-0.163867950439453,13590,-0.095585823059082,13590,-0.171915054321289,13590,-0.0737113952636719
13600,-0.158711433410645,13600,-0.165351867675781,13600,-0.0237894058227539,13600,-0.169024467468262,13600,-0.158633232116699,13600,-0.154492378234863,13600,-0.170821189880371,13600,-0.148945808410645,13600,-0.0737895965576172,13600,-0.0848827362060547,13600,-0.0298051834106445,13600,-0.146211624145508,13600,-0.0341014862060547,13600,-9.29898071289062,13600,-0.16074275970459,13600,-8.02178764343262,13600,-0.0257425308227539,13600,-5.19404315948486,13600,-0.0250387191772461,13600,-0.0627737045288086,13600,-0.163789749145508,13600,-0.095585823059082,13600,-0.171915054321289,13600,-0.0737895965576172
13610,-0.158711433410645,13610,-0.165351867675781,13610,-0.0237112045288086,13610,-0.168946266174316,13610,-0.158633232116699,13610,-0.154570579528809,13610,-0.170821189880371,13610,-0.148945808410645,13610,-0.0738677978515625,13610,-0.0848827362060547,13610,-0.0297269821166992,13610,-0.146211624145508,13610,-0.0341014862060547,13610,-9.29952716827393,13610,-0.16074275970459,13610,-8.02475738525391,13610,-0.0258207321166992,13610,-5.19091796875,13610,-0.0251169204711914,13610,-0.0627737045288086,13610,-0.163711547851562,13610,-0.095585823059082,13610,-0.171836853027344,13610,-0.0737895965576172
13620,-0.158633232116699,13620,-0.165351867675781,13620,-0.0237894058227539,13620,-0.168946266174316,13620,-0.158633232116699,13620,-0.154570579528809,13620,-0.170821189880371,13620,-0.148945808410645,13620,-0.0739459991455078,13620,-0.0848827362060547,13620,-0.0296487808227539,13620,-0.146211624145508,13620,-0.0340232849121094,13620,-9.2985897064209,13620,-0.160664558410645,13620,-8.02764797210693,13620,-0.0258207321166992,13620,-5.18232440948486,13620,-0.0251169204711914,13620,-0.0628519058227539,13620,-0.163711547851562,13620,-0.0956640243530273,13620,-0.171836853027344,13620,-0.0738677978515625
13630,-0.158555030822754,13630,-0.165351867675781,13630,-0.0237112045288086,13630,-0.168946266174316,13630,-0.158633232116699,13630,-0.154570579528809,13630,-0.170899391174316,13630,-0.148945808410645,13630,-0.0740232467651367,13630,-0.0848827362060547,13630,-0.0296487808227539,13630,-0.146133422851562,13630,-0.0339450836181641,13630,-9.29835510253906,13630,-0.160664558410645,13630,-8.03014755249023,13630,-0.0258207321166992,13630,-5.17154312133789,13630,-0.0250387191772461,13630,-0.0629301071166992,13630,-0.163633346557617,13630,-0.0956640243530273,13630,-0.171836853027344,13630,-0.0738677978515625
13640,-0.158555030822754,13640,-0.165351867675781,13640,-0.0237112045288086,13640,-0.168946266174316,13640,-0.158555030822754,13640,-0.154570579528809,13640,-0.170899391174316,13640,-0.148945808410645,13640,-0.0740232467651367,13640,-0.0848827362060547,13640,-0.0295705795288086,13640,-0.146133422851562,13640,-0.0340232849121094,13640,-9.29835510253906,13640,-0.160664558410645,13640,-8.03335094451904,13640,-0.0258989334106445,13640,-5.16193342208862,13640,-0.0251169204711914,13640,-0.0629301071166992,13640,-0.163555145263672,13640,-0.0956640243530273,13640,-0.171836853027344,13640,-0.0738677978515625
13650,-0.158476829528809,13650,-0.165351867675781,13650,-0.0237112045288086,13650,-0.168946266174316,13650,-0.158555030822754,13650,-0.154570579528809,13650,-0.170899391174316,13650,-0.148867607116699,13650,-0.074101448059082,13650,-0.0848827362060547,13650,-0.0295705795288086,13650,-0.146133422851562,13650,-0.0341014862060547,13650,-9.29773044586182,13650,-0.160664558410645,13650,-8.03608512878418,13650,-0.0258989334106445,13650,-5.15544939041138,13650,-0.0251169204711914,13650,-0.0630083084106445,13650,-0.163476943969727,13650,-0.0956640243530273,13650,-0.171836853027344,13650,-0.0739459991455078
13660,-0.158398628234863,13660,-0.165351867675781,13660,-0.0237112045288086,13660,-0.168946266174316,13660,-0.158555030822754,13660,-0.154570579528809,13660,-0.170899391174316,13660,-0.148867607116699,13660,-0.0741796493530273,13660,-0.0848827362060547,13660,-0.0294923782348633,13660,-0.146133422851562,13660,-0.0340232849121094,13660,-9.29796504974365,13660,-0.160586357116699,13660,-8.0385856628418,13660,-0.0258989334106445,13660,-5.15068340301514,13660,-0.0251169204711914,13660,-0.0630083084106445,13660,-0.163476943969727,13660,-0.0956640243530273,13660,-0.171758651733398,13660,-0.0739459991455078
13670,-0.158398628234863,13670,-0.165351867675781,13670,-0.0237112045288086,13670,-0.168946266174316,13670,-0.158476829528809,13670,-0.154648780822754,13670,-0.170899391174316,13670,-0.148867607116699,13670,-0.0741796493530273,13670,-0.0848045349121094,13670,-0.0294923782348633,13670,-0.146055221557617,13670,-0.0340232849121094,13670,-9.29780864715576,13670,-0.160586357116699,13670,-8.04022598266602,13670,-0.0259761810302734,13670,-5.14435529708862,13670,-0.0251169204711914,13670,-0.0630865097045898,13670,-0.163398742675781,13670,-0.0956640243530273,13670,-0.171758651733398,13670,-0.0740232467651367
13680,-0.158320426940918,13680,-0.165273666381836,13680,-0.0237112045288086,13680,-0.168868064880371,13680,-0.158476829528809,13680,-0.154648780822754,13680,-0.170899391174316,13680,-0.148867607116699,13680,-0.0742578506469727,13680,-0.0848045349121094,13680,-0.029414176940918,13680,-0.146055221557617,13680,-0.0339450836181641,13680,-9.29757404327393,13680,-0.160586357116699,13680,-8.04241371154785,13680,-0.0259761810302734,13680,-5.13826179504395,13680,-0.0251169204711914,13680,-0.0630865097045898,13680,-0.163320541381836,13680,-0.0956640243530273,13680,-0.171758651733398,13680,-0.0740232467651367
13690,-0.158243179321289,13690,-0.165273666381836,13690,-0.0237112045288086,13690,-0.168868064880371,13690,-0.158476829528809,13690,-0.154648780822754,13690,-0.170899391174316,13690,-0.148867607116699,13690,-0.074336051940918,13690,-0.0848045349121094,13690,-0.029414176940918,13690,-0.146055221557617,13690,-0.0338668823242188,13690,-9.29710578918457,13690,-0.160508155822754,13690,-8.04467868804932,13690,-0.0259761810302734,13690,-5.13185548782349,13690,-0.0250387191772461,13690,-0.0631647109985352,13690,-0.163320541381836,13690,-0.0956640243530273,13690,-0.171758651733398,13690,-0.0740232467651367
13700,-0.158243179321289,13700,-0.165273666381836,13700,-0.0237112045288086,13700,-0.168868064880371,13700,-0.158398628234863,13700,-0.154648780822754,13700,-0.170899391174316,13700,-0.148867607116699,13700,-0.0744142532348633,13700,-0.0848045349121094,13700,-0.029414176940918,13700,-0.146055221557617,13700,-0.0338668823242188,13700,-9.29679298400879,13700,-0.160508155822754,13700,-8.04663181304932,13700,-0.0260543823242188,13700,-5.12685537338257,13700,-0.0250387191772461,13700,-0.0631647109985352,13700,-0.163242340087891,13700,-0.0956640243530273,13700,-0.171680450439453,13700,-0.074101448059082
13710,-0.158164978027344,13710,-0.165273666381836,13710,-0.0237112045288086,13710,-0.168868064880371,13710,-0.158398628234863,13710,-0.154648780822754,13710,-0.170899391174316,13710,-0.148789405822754,13710,-0.0744142532348633,13710,-0.0848045349121094,13710,-0.029414176940918,13710,-0.145977020263672,13710,-0.0338668823242188,13710,-9.29679298400879,13710,-0.160508155822754,13710,-8.04866313934326,13710,-0.0260543823242188,13710,-5.12333965301514,13710,-0.0251169204711914,13710,-0.0632419586181641,13710,-0.163242340087891,13710,-0.0956640243530273,13710,-0.171680450439453,13710,-0.074101448059082
13720,-0.158164978027344,13720,-0.165273666381836,13720,-0.0237112045288086,13720,-0.168868064880371,13720,-0.158398628234863,13720,-0.154726982116699,13720,-0.170899391174316,13720,-0.148789405822754,13720,-0.0744924545288086,13720,-0.0848045349121094,13720,-0.029414176940918,13720,-0.145977020263672,13720,-0.0341796875,13720,-9.2966365814209,13720,-0.160508155822754,13720,-8.04999160766602,13720,-0.0260543823242188,13720,-5.11927700042725,13720,-0.0251169204711914,13720,-0.0632419586181641,13720,-0.163165092468262,13720,-0.0956640243530273,13720,-0.171680450439453,13720,-0.0741796493530273
13730,-0.158086776733398,13730,-0.165273666381836,13730,-0.0237112045288086,13730,-0.168868064880371,13730,-0.158398628234863,13730,-0.154726982116699,13730,-0.170899391174316,13730,-0.148789405822754,13730,-0.0745706558227539,13730,-0.0848045349121094,13730,-0.029414176940918,13730,-0.145977020263672,13730,-0.0341014862060547,13730,-9.29655838012695,13730,-0.160429954528809,13730,-8.05147552490234,13730,-0.0260543823242188,13730,-5.11310529708862,13730,-0.0251169204711914,13730,-0.0633201599121094,13730,-0.163086891174316,13730,-0.0956640243530273,13730,-0.171680450439453,13730,-0.0741796493530273
13740,-0.158008575439453,13740,-0.165273666381836,13740,-0.0237112045288086,13740,-0.168868064880371,13740,-0.158320426940918,13740,-0.154726982116699,13740,-0.170899391174316,13740,-0.148789405822754,13740,-0.0746488571166992,13740,-0.0847272872924805,13740,-0.029414176940918,13740,-0.145977020263672,13740,-0.0339450836181641,13740,-9.29640197753906,13740,-0.160429954528809,13740,-8.0522575378418,13740,-0.0261325836181641,13740,-5.10849571228027,13740,-0.0251169204711914,13740,-0.0633201599121094,13740,-0.163086891174316,13740,-0.0956640243530273,13740,-0.171680450439453,13740,-0.0742578506469727
13750,-0.158008575439453,13750,-0.165273666381836,13750,-0.0237112045288086,13750,-0.168868064880371,13750,-0.158320426940918,13750,-0.154805183410645,13750,-0.170899391174316,13750,-0.148789405822754,13750,-0.0746488571166992,13750,-0.0847272872924805,13750,-0.029414176940918,13750,-0.145977020263672,13750,-0.0337886810302734,13750,-9.2966365814209,13750,-0.160429954528809,13750,-8.05350685119629,13750,-0.0261325836181641,13750,-5.09951162338257,13750,-0.0251169204711914,13750,-0.0633983612060547,13750,-0.163008689880371,13750,-0.0956640243530273,13750,-0.171602249145508,13750,-0.0742578506469727
13760,-0.157930374145508,13760,-0.165273666381836,13760,-0.0237112045288086,13760,-0.168868064880371,13760,-0.158320426940918,13760,-0.154805183410645,13760,-0.170899391174316,13760,-0.148789405822754,13760,-0.0747270584106445,13760,-0.0847272872924805,13760,-0.029414176940918,13760,-0.145977020263672,13760,-0.0337886810302734,13760,-9.29694938659668,13760,-0.160429954528809,13760,-8.05499172210693,13760,-0.0261325836181641,13760,-5.09568357467651,13760,-0.0251169204711914,13760,-0.0634765625,13760,-0.163008689880371,13760,-0.0956640243530273,13760,-0.171602249145508,13760,-0.0742578506469727
13770,-0.157930374145508,13770,-0.165273666381836,13770,-0.0237112045288086,13770,-0.168868064880371,13770,-0.158320426940918,13770,-0.154805183410645,13770,-0.170899391174316,13770,-0.148789405822754,13770,-0.0748052597045898,13770,-0.0847272872924805,13770,-0.0294923782348633,13770,-0.145898818969727,13770,-0.0337886810302734,13770,-9.29726219177246,13770,-0.160351753234863,13770,-8.05569458007812,13770,-0.0262107849121094,13770,-5.09060525894165,13770,-0.0251169204711914,13770,-0.0634765625,13770,-0.162930488586426,13770,-0.0956640243530273,13770,-0.171602249145508,13770,-0.074336051940918
13780,-0.157852172851562,13780,-0.165273666381836,13780,-0.0237112045288086,13780,-0.168868064880371,13780,-0.158243179321289,13780,-0.154805183410645,13780,-0.170899391174316,13780,-0.148711204528809,13780,-0.0748834609985352,13780,-0.0847272872924805,13780,-0.029414176940918,13780,-0.145898818969727,13780,-0.0337114334106445,13780,-9.29773044586182,13780,-0.160351753234863,13780,-8.05655384063721,13780,-0.0262107849121094,13780,-5.08498001098633,13780,-0.0251169204711914,13780,-0.0635547637939453,13780,-0.16285228729248,13780,-0.0956640243530273,13780,-0.171602249145508,13780,-0.074336051940918
13790,-0.157773971557617,13790,-0.165195465087891,13790,-0.0237112045288086,13790,-0.168868064880371,13790,-0.158243179321289,13790,-0.154805183410645,13790,-0.170899391174316,13790,-0.148711204528809,13790,-0.0748834609985352,13790,-0.0847272872924805,13790,-0.029414176940918,13790,-0.145898818969727,13790,-0.0337114334106445,13790,-9.29796504974365,13790,-0.160351753234863,13790,-8.05772590637207,13790,-0.0262107849121094,13790,-5.08099603652954,13790,-0.0251169204711914,13790,-0.0635547637939453,13790,-0.16285228729248,13790,-0.0956640243530273,13790,-0.171602249145508,13790,-0.074336051940918
13800,-0.157773971557617,13800,-0.165195465087891,13800,-0.0237112045288086,13800,-0.168789863586426,13800,-0.158243179321289,13800,-0.15488338470459,13800,-0.170899391174316,13800,-0.148711204528809,13800,-0.0749607086181641,13800,-0.0846490859985352,13800,-0.029414176940918,13800,-0.145898818969727,13800,-0.0336332321166992,13800,-9.2980432510376,13800,-0.160273551940918,13800,-8.05874156951904,13800,-0.0262889862060547,13800,-5.07943344116211,13800,-0.0251169204711914,13800,-0.0636329650878906,13800,-0.162774085998535,13800,-0.0956640243530273,13800,-0.171524047851562,13800,-0.0744142532348633
13810,-0.157695770263672,13810,-0.165195465087891,13810,-0.0237112045288086,13810,-0.168789863586426,13810,-0.158243179321289,13810,-0.15488338470459,13810,-0.170899391174316,13810,-0.148711204528809,13810,-0.0750389099121094,13810,-0.0846490859985352,13810,-0.029414176940918,13810,-0.145898818969727,13810,-0.0336332321166992,13810,-9.29843330383301,13810,-0.160273551940918,13810,-8.05944442749023,13810,-0.0262889862060547,13810,-5.07466745376587,13810,-0.0250387191772461,13810,-0.0636329650878906,13810,-0.162774085998535,13810,-0.0957422256469727,13810,-0.171524047851562,13810,-0.0744142532348633
13820,-0.157695770263672,13820,-0.165195465087891,13820,-0.0237112045288086,13820,-0.168789863586426,13820,-0.158164978027344,13820,-0.15488338470459,13820,-0.170899391174316,13820,-0.148711204528809,13820,-0.0750389099121094,13820,-0.0846490859985352,13820,-0.029414176940918,13820,-0.145820617675781,13820,-0.0336332321166992,13820,-9.29898071289062,13820,-0.160273551940918,13820,-8.05975723266602,13820,-0.0262889862060547,13820,-5.06833934783936,13820,-0.0251169204711914,13820,-0.0637111663818359,13820,-0.16269588470459,13820,-0.0957422256469727,13820,-0.171524047851562,13820,-0.0744924545288086
13830,-0.157617568969727,13830,-0.165195465087891,13830,-0.0237112045288086,13830,-0.168789863586426,13830,-0.158164978027344,13830,-0.15488338470459,13830,-0.170899391174316,13830,-0.148633003234863,13830,-0.0751171112060547,13830,-0.0846490859985352,13830,-0.029414176940918,13830,-0.145820617675781,13830,-0.0336332321166992,13830,-9.29960536956787,13830,-0.160273551940918,13830,-8.06069469451904,13830,-0.0263671875,13830,-5.06458950042725,13830,-0.0251169204711914,13830,-0.0637111663818359,13830,-0.16269588470459,13830,-0.0957422256469727,13830,-0.171524047851562,13830,-0.0744924545288086
13840,-0.157617568969727,13840,-0.165195465087891,13840,-0.0237112045288086,13840,-0.168789863586426,13840,-0.158164978027344,13840,-0.154961585998535,13840,-0.170899391174316,13840,-0.148633003234863,13840,-0.0751953125,13840,-0.0846490859985352,13840,-0.029414176940918,13840,-0.145820617675781,13840,-0.0348043441772461,13840,-9.3005428314209,13840,-0.160196304321289,13840,-8.06139755249023,13840,-0.0263671875,13840,-5.06247997283936,13840,-0.0250387191772461,13840,-0.0637893676757812,13840,-0.162617683410645,13840,-0.0957422256469727,13840,-0.171524047851562,13840,-0.0745706558227539
13850,-0.157539367675781,13850,-0.165195465087891,13850,-0.0237112045288086,13850,-0.168789863586426,13850,-0.158164978027344,13850,-0.154961585998535,13850,-0.170899391174316,13850,-0.148633003234863,13850,-0.0752735137939453,13850,-0.0846490859985352,13850,-0.029414176940918,13850,-0.145820617675781,13850,-0.0369138717651367,13850,-9.30155849456787,13850,-0.160196304321289,13850,-8.06249141693115,13850,-0.0263671875,13850,-5.05755805969238,13850,-0.0251169204711914,13850,-0.0637893676757812,13850,-0.162617683410645,13850,-0.0957422256469727,13850,-0.171524047851562,13850,-0.0745706558227539
13860,-0.157539367675781,13860,-0.165195465087891,13860,-0.0237112045288086,13860,-0.168789863586426,13860,-0.158164978027344,13860,-0.154961585998535,13860,-0.170899391174316,13860,-0.148633003234863,13860,-0.0752735137939453,13860,-0.0846490859985352,13860,-0.029414176940918,13860,-0.145820617675781,13860,-0.0360546112060547,13860,-9.3024959564209,13860,-0.160196304321289,13860,-8.06350708007812,13860,-0.0264453887939453,13860,-5.05544900894165,13860,-0.0251169204711914,13860,-0.0638675689697266,13860,-0.162539482116699,13860,-0.0957422256469727,13860,-0.171445846557617,13860,-0.0745706558227539
13870,-0.157461166381836,13870,-0.165195465087891,13870,-0.0237112045288086,13870,-0.168789863586426,13870,-0.158086776733398,13870,-0.154961585998535,13870,-0.170899391174316,13870,-0.148554801940918,13870,-0.0753517150878906,13870,-0.0846490859985352,13870,-0.029414176940918,13870,-0.145820617675781,13870,-0.0366020202636719,13870,-9.30335521697998,13870,-0.160196304321289,13870,-8.06413269042969,13870,-0.0264453887939453,13870,-5.04724550247192,13870,-0.0251169204711914,13870,-0.0638675689697266,13870,-0.162539482116699,13870,-0.0957422256469727,13870,-0.171445846557617,13870,-0.0746488571166992
13880,-0.157461166381836,13880,-0.165195465087891,13880,-0.0237112045288086,13880,-0.168789863586426,13880,-0.158086776733398,13880,-0.15503978729248,13880,-0.170899391174316,13880,-0.148554801940918,13880,-0.0754299163818359,13880,-0.0845708847045898,13880,-0.029414176940918,13880,-0.145742416381836,13880,-0.0374612808227539,13880,-9.30413722991943,13880,-0.160118103027344,13880,-8.06413269042969,13880,-0.0264453887939453,13880,-5.04263639450073,13880,-0.0250387191772461,13880,-0.0639457702636719,13880,-0.162461280822754,13880,-0.0957422256469727,13880,-0.171445846557617,13880,-0.0746488571166992
13890,-0.157382965087891,13890,-0.165195465087891,13890,-0.0237112045288086,13890,-0.168789863586426,13890,-0.158086776733398,13890,-0.15503978729248,13890,-0.170899391174316,13890,-0.148554801940918,13890,-0.0754299163818359,13890,-0.0845708847045898,13890,-0.0293359756469727,13890,-0.145742416381836,13890,-0.0380077362060547,13890,-9.30523109436035,13890,-0.160118103027344,13890,-8.06467914581299,13890,-0.0265235900878906,13890,-5.03724575042725,13890,-0.0250387191772461,13890,-0.0639457702636719,13890,-0.162461280822754,13890,-0.0957422256469727,13890,-0.171445846557617,13890,-0.0747270584106445
13900,-0.157305717468262,13900,-0.165195465087891,13900,-0.0237112045288086,13900,-0.168789863586426,13900,-0.158086776733398,13900,-0.15503978729248,13900,-0.170899391174316,13900,-0.148554801940918,13900,-0.0755081176757812,13900,-0.0845708847045898,13900,-0.0293359756469727,13900,-0.145742416381836,13900,-0.0381641387939453,13900,-9.30616760253906,13900,-0.160118103027344,13900,-8.06460094451904,13900,-0.0265235900878906,13900,-5.0326361656189,13900,-0.0250387191772461,13900,-0.0640239715576172,13900,-0.162383079528809,13900,-0.0957422256469727,13900,-0.171445846557617,13900,-0.0747270584106445
13910,-0.157305717468262,13910,-0.165118217468262,13910,-0.0237112045288086,13910,-0.168789863586426,13910,-0.158008575439453,13910,-0.15503978729248,13910,-0.170899391174316,13910,-0.148554801940918,13910,-0.0755863189697266,13910,-0.0845708847045898,13910,-0.0293359756469727,13910,-0.145742416381836,13910,-0.0385551452636719,13910,-9.30702781677246,13910,-0.160039901733398,13910,-8.06467914581299,13910,-0.0265235900878906,13910,-5.02958917617798,13910,-0.0251169204711914,13910,-0.0640239715576172,13910,-0.162383079528809,13910,-0.0957422256469727,13910,-0.171367645263672,13910,-0.0747270584106445
13920,-0.157227516174316,13920,-0.165118217468262,13920,-0.0237112045288086,13920,-0.168789863586426,13920,-0.158008575439453,13920,-0.15503978729248,13920,-0.170899391174316,13920,-0.148554801940918,13920,-0.0755863189697266,13920,-0.0845708847045898,13920,-0.0293359756469727,13920,-0.145742416381836,13920,-0.0364456176757812,13920,-9.30796527862549,13920,-0.160039901733398,13920,-8.06428813934326,13920,-0.0266017913818359,13920,-5.02396440505981,13920,-0.0250387191772461,13920,-0.0641021728515625,13920,-0.162383079528809,13920,-0.0957422256469727,13920,-0.171367645263672,13920,-0.0748052597045898
13930,-0.157227516174316,13930,-0.165118217468262,13930,-0.0237112045288086,13930,-0.168789863586426,13930,-0.158008575439453,13930,-0.155117988586426,13930,-0.170899391174316,13930,-0.148477554321289,13930,-0.0756645202636719,13930,-0.0845708847045898,13930,-0.0294923782348633,13930,-0.145742416381836,13930,-0.0361328125,13930,-9.30851173400879,13930,-0.160039901733398,13930,-8.0639762878418,13930,-0.0266017913818359,13930,-5.01208925247192,13930,-0.0251169204711914,13930,-0.0641021728515625,13930,-0.162304878234863,13930,-0.0957422256469727,13930,-0.171367645263672,13930,-0.0748052597045898
13940,-0.157149314880371,13940,-0.165118217468262,13940,-0.0237112045288086,13940,-0.16871166229248,13940,-0.158008575439453,13940,-0.155117988586426,13940,-0.170899391174316,13940,-0.148477554321289,13940,-0.0757427215576172,13940,-0.0845708847045898,13940,-0.0295705795288086,13940,-0.145664215087891,13940,-0.0358982086181641,13940,-9.30921459197998,13940,-0.160039901733398,13940,-8.0645227432251,13940,-0.0266017913818359,13940,-5.00419855117798,13940,-0.0250387191772461,13940,-0.0641794204711914,13940,-0.162304878234863,13940,-0.0957422256469727,13940,-0.171367645263672,13940,-0.0748834609985352
13950,-0.157149314880371,13950,-0.165118217468262,13950,-0.0236330032348633,13950,-0.16871166229248,13950,-0.158008575439453,13950,-0.155117988586426,13950,-0.170899391174316,13950,-0.148477554321289,13950,-0.0757427215576172,13950,-0.0845708847045898,13950,-0.0295705795288086,13950,-0.145664215087891,13950,-0.0358982086181641,13950,-9.30999660491943,13950,-0.159961700439453,13950,-8.06467914581299,13950,-0.0266799926757812,13950,-4.9941987991333,13950,-0.0250387191772461,13950,-0.0641794204711914,13950,-0.162226676940918,13950,-0.0957422256469727,13950,-0.171289443969727,13950,-0.0748834609985352
13960,-0.157071113586426,13960,-0.165118217468262,13960,-0.0237112045288086,13960,-0.16871166229248,13960,-0.157930374145508,13960,-0.155117988586426,13960,-0.170899391174316,13960,-0.148477554321289,13960,-0.0758209228515625,13960,-0.0845708847045898,13960,-0.0294923782348633,13960,-0.145664215087891,13960,-0.0355081558227539,13960,-9.31023025512695,13960,-0.159961700439453,13960,-8.06405448913574,13960,-0.0266799926757812,13960,-4.98029232025146,13960,-0.0251169204711914,13960,-0.0642576217651367,13960,-0.162226676940918,13960,-0.095820426940918,13960,-0.171289443969727,13960,-0.0749607086181641
13970,-0.157071113586426,13970,-0.165118217468262,13970,-0.0236330032348633,13970,-0.16871166229248,13970,-0.157930374145508,13970,-0.155117988586426,13970,-0.170899391174316,13970,-0.148477554321289,13970,-0.0758991241455078,13970,-0.0844926834106445,13970,-0.0294923782348633,13970,-0.145664215087891,13970,-0.0355863571166992,13970,-9.31077766418457,13970,-0.159961700439453,13970,-8.06342887878418,13970,-0.0266799926757812,13970,-4.96927642822266,13970,-0.0250387191772461,13970,-0.0642576217651367,13970,-0.162226676940918,13970,-0.0957422256469727,13970,-0.171289443969727,13970,-0.0749607086181641
13980,-0.157071113586426,13980,-0.165118217468262,13980,-0.0236330032348633,13980,-0.16871166229248,13980,-0.157930374145508,13980,-0.155117988586426,13980,-0.170899391174316,13980,-0.148399353027344,13980,-0.0758991241455078,13980,-0.0844926834106445,13980,-0.0294923782348633,13980,-0.145664215087891,13980,-0.0355863571166992,13980,-9.31093406677246,13980,-0.159883499145508,13980,-8.06171035766602,13980,-0.0266799926757812,13980,-4.95779228210449,13980,-0.0250387191772461,13980,-0.064335823059082,13980,-0.162149429321289,13980,-0.095820426940918,13980,-0.171289443969727,13980,-0.0750389099121094
13990,-0.15699291229248,13990,-0.165118217468262,13990,-0.0236330032348633,13990,-0.16871166229248,13990,-0.157930374145508,13990,-0.155117988586426,13990,-0.170899391174316,13990,-0.148399353027344,13990,-0.0759763717651367,13990,-0.0844926834106445,13990,-0.0294923782348633,13990,-0.145664215087891,13990,-0.0361328125,13990,-9.31124591827393,13990,-0.159883499145508,13990,-8.06053829193115,13990,-0.0267581939697266,13990,-4.95029211044312,13990,-0.0250387191772461,13990,-0.064335823059082,13990,-0.162149429321289,13990,-0.095820426940918,13990,-0.171289443969727,13990,-0.0750389099121094
14000,-0.15699291229248,14000,-0.165118217468262,14000,-0.0236330032348633,14000,-0.16871166229248,14000,-0.157930374145508,14000,-0.155117988586426,14000,-0.170899391174316,14000,-0.148399353027344,14000,-0.076054573059082,14000,-0.0844926834106445,14000,-0.0294923782348633,14000,-0.145586013793945,14000,-0.0353517532348633,14000,-9.31124591827393,14000,-0.159883499145508,14000,-8.05881977081299,14000,-0.0267581939697266,14000,-4.94146394729614,14000,-0.0251169204711914,14000,-0.0644140243530273,14000,-0.162149429321289,14000,-0.095820426940918,14000,-0.171289443969727,14000,-0.0750389099121094
14010,-0.156914710998535,14010,-0.165118217468262,14010,-0.0236330032348633,14010,-0.16871166229248,14010,-0.157930374145508,14010,-0.155196189880371,14010,-0.170899391174316,14010,-0.148399353027344,14010,-0.076054573059082,14010,-0.0844926834106445,14010,-0.0294923782348633,14010,-0.145586013793945,14010,-0.035273551940918,14010,-9.31093406677246,14010,-0.159883499145508,14010,-8.05655384063721,14010,-0.0267581939697266,14010,-4.93654203414917,14010,-0.0250387191772461,14010,-0.0644140243530273,14010,-0.162071228027344,14010,-0.095820426940918,14010,-0.171211242675781,14010,-0.0751171112060547
14020,-0.156914710998535,14020,-0.165118217468262,14020,-0.0236330032348633,14020,-0.16871166229248,14020,-0.157852172851562,14020,-0.155196189880371,14020,-0.170899391174316,14020,-0.148399353027344,14020,-0.0761327743530273,14020,-0.0844926834106445,14020,-0.0294923782348633,14020,-0.145586013793945,14020,-0.0355081558227539,14020,-9.31085586547852,14020,-0.159805297851562,14020,-8.05460071563721,14020,-0.0267581939697266,14020,-4.93138599395752,14020,-0.0250387191772461,14020,-0.0644922256469727,14020,-0.162071228027344,14020,-0.095820426940918,14020,-0.171211242675781,14020,-0.0751171112060547
14030,-0.15683650970459,14030,-0.165040016174316,14030,-0.0236330032348633,14030,-0.16871166229248,14030,-0.157852172851562,14030,-0.155196189880371,14030,-0.170899391174316,14030,-0.148399353027344,14030,-0.0761327743530273,14030,-0.0844926834106445,14030,-0.0294923782348633,14030,-0.145586013793945,14030,-0.0353517532348633,14030,-9.31077766418457,14030,-0.159805297851562,14030,-8.05272579193115,14030,-0.0268363952636719,14030,-4.93669843673706,14030,-0.0251169204711914,14030,-0.0644922256469727,14030,-0.162071228027344,14030,-0.095820426940918,14030,-0.171211242675781,14030,-0.0751953125
14040,-0.15683650970459,14040,-0.165040016174316,14040,-0.0236330032348633,14040,-0.16871166229248,14040,-0.157852172851562,14040,-0.155196189880371,14040,-0.170899391174316,14040,-0.148399353027344,14040,-0.0762109756469727,14040,-0.0844926834106445,14040,-0.0294923782348633,14040,-0.145586013793945,14040,-0.0353517532348633,14040,-9.31054306030273,14040,-0.159805297851562,14040,-8.05124092102051,14040,-0.0268363952636719,14040,-4.94294834136963,14040,-0.0250387191772461,14040,-0.064570426940918,14040,-0.162071228027344,14040,-0.095820426940918,14040,-0.171211242675781,14040,-0.0751953125
14050,-0.15683650970459,14050,-0.165040016174316,14050,-0.0236330032348633,14050,-0.16871166229248,14050,-0.157852172851562,14050,-0.155196189880371,14050,-0.170899391174316,14050,-0.148321151733398,14050,-0.076289176940918,14050,-0.0845708847045898,14050,-0.0294923782348633,14050,-0.145586013793945,14050,-0.0354299545288086,14050,-9.30999660491943,14050,-0.159805297851562,14050,-8.04881954193115,14050,-0.0268363952636719,14050,-4.92888593673706,14050,-0.0250387191772461,14050,-0.064570426940918,14050,-0.161993026733398,14050,-0.095820426940918,14050,-0.171211242675781,14050,-0.0752735137939453
14060,-0.156758308410645,14060,-0.165040016174316,14060,-0.0236330032348633,14060,-0.16871166229248,14060,-0.157852172851562,14060,-0.155196189880371,14060,-0.170899391174316,14060,-0.148321151733398,14060,-0.076289176940918,14060,-0.0845708847045898,14060,-0.0294923782348633,14060,-0.145586013793945,14060,-0.0353517532348633,14060,-9.30968379974365,14060,-0.159805297851562,14060,-8.04671001434326,14060,-0.0269145965576172,14060,-4.93287038803101,14060,-0.0251169204711914,14060,-0.0646486282348633,14060,-0.161993026733398,14060,-0.095820426940918,14060,-0.171133041381836,14060,-0.0752735137939453
14070,-0.156758308410645,14070,-0.165040016174316,14070,-0.0236330032348633,14070,-0.16871166229248,14070,-0.157852172851562,14070,-0.155196189880371,14070,-0.170899391174316,14070,-0.148321151733398,14070,-0.0763673782348633,14070,-0.0845708847045898,14070,-0.029414176940918,14070,-0.145586013793945,14070,-0.0353517532348633,14070,-9.3142147064209,14070,-0.159727096557617,14070,-8.04827308654785,14070,-0.0269145965576172,14070,-4.95943307876587,14070,-0.0251169204711914,14070,-0.0646486282348633,14070,-0.161993026733398,14070,-0.095820426940918,14070,-0.171133041381836,14070,-0.0753517150878906
14080,-0.156680107116699,14080,-0.165040016174316,14080,-0.0236330032348633,14080,-0.16871166229248,14080,-0.157773971557617,14080,-0.155196189880371,14080,-0.170821189880371,14080,-0.148321151733398,14080,-0.0764455795288086,14080,-0.0844926834106445,14080,-0.029414176940918,14080,-0.145508766174316,14080,-0.0358200073242188,14080,-9.30921459197998,14080,-0.159727096557617,14080,-8.04483509063721,14080,-0.0269145965576172,14080,-4.97083902359009,14080,-0.0250387191772461,14080,-0.0647268295288086,14080,-0.161914825439453,14080,-0.095820426940918,14080,-0.171133041381836,14080,-0.0753517150878906
14090,-0.156680107116699,14090,-0.165040016174316,14090,-0.0236330032348633,14090,-0.16871166229248,14090,-0.157773971557617,14090,-0.155196189880371,14090,-0.170899391174316,14090,-0.148321151733398,14090,-0.0764455795288086,14090,-0.0845708847045898,14090,-0.029414176940918,14090,-0.145508766174316,14090,-0.035273551940918,14090,-9.30905914306641,14090,-0.159727096557617,14090,-8.04366302490234,14090,-0.0269918441772461,14090,-4.97263622283936,14090,-0.0251169204711914,14090,-0.0647268295288086,14090,-0.161914825439453,14090,-0.0958986282348633,14090,-0.171133041381836,14090,-0.0754299163818359
14100,-0.156367301940918,14100,-0.164961814880371,14100,-0.0236330032348633,14100,-0.16871166229248,14100,-0.157695770263672,14100,-0.155196189880371,14100,-0.170821189880371,14100,-0.148242950439453,14100,-0.0769147872924805,14100,-0.0845708847045898,14100,-0.0298051834106445,14100,-0.145430564880371,14100,-0.0359764099121094,14100,-9.30710601806641,14100,-0.159258842468262,14100,-8.09897613525391,14100,-0.0271482467651367,14100,-4.84810447692871,14100,-0.0250387191772461,14100,-0.0651178359985352,14100,-0.161680221557617,14100,-0.0959768295288086,14100,-0.170977592468262,14100,-0.0757427215576172
