t_s,R75,s.1,R77,s.2,R78,s.3,R80,s.4,R81,s.5,R83,s.6,R92,s.7,R98,s.8,R100,s.9,R102,s.10,R105,s.11,R114,s.12,R117,s.13,R120,s.14,R121,s.15,R122,s.16,R124,s.17,R125,s.18,R126,s.19,R127,s.20,R128,s.21,R129
0.0,-0.0185770224779844,0.0,-0.0433380529284477,0.0,-0.0181184280663729,0.0,-0.0458810329437256,0.0,0.003085555974394,0.0,-0.0274653378874063,0.0,-0.0160246659070253,0.0,0.0105691812932491,0.0,0.0065261935815215,0.0,0.0337809845805168,0.0,0.0097551150247454,0.0,-0.0524630881845951,0.0,-0.0144535731524229,0.0,0.0389130376279354,0.0,0.0335778594017029,0.0,0.0032793139107525,0.0,-0.0409552343189716,0.0,-0.0095324609428644,0.0,-0.0294005014002323,0.0,0.102399997413158,0.0,0.102399997413158,0.0,0.102399997413158
10.0,-0.0168164260685444,10.0,-0.0419025421142578,10.0,-0.0168242454528809,10.0,-0.044121265411377,10.0,0.001800823258236,10.0,-0.0277462005615234,10.0,-0.0098789213225245,10.0,0.0116992956027389,10.0,0.0061211585998535,10.0,0.0328477881848812,10.0,0.0095508573576808,10.0,-0.0542385093867779,10.0,-0.0146758081391454,10.0,0.0394024848937988,10.0,0.0332227721810341,10.0,0.0040586474351584,10.0,-0.0409493446350098,10.0,-0.0092695234343409,10.0,-0.029691506177187,10.0,0.124191857874393,10.0,0.123309038579464,10.0,0.115199662744999
20.0,-0.015629006549716,20.0,-0.0404025092720985,20.0,-0.015683650970459,20.0,-0.0426525138318539,20.0,0.0006914138793945,20.0,-0.0277070999145508,20.0,-0.0053554535843431,20.0,0.0128164291381836,20.0,0.0056914328597486,20.0,0.0320352576673031,20.0,0.009261799044907,20.0,-0.0535119064152241,20.0,-0.0148789407685399,20.0,0.0397852919995785,20.0,0.0328868888318539,20.0,0.0047461511567235,20.0,-0.0409962646663189,20.0,-0.0090508460998535,20.0,-0.030097771435976,20.0,0.123598098754883,20.0,0.123215295374393,20.0,0.11481685936451
30.0,-0.0147851947695017,30.0,-0.0392774604260921,30.0,-0.0149180414155126,30.0,-0.0413947105407715,30.0,-8.98361249710433e-05,30.0,-0.0274806022644043,30.0,-0.0020664215553551,30.0,0.0137461666017771,30.0,0.0053164483979344,30.0,0.0312461853027344,30.0,0.0089023588225245,30.0,-0.0563634894788265,30.0,-0.0150039670988917,30.0,0.040215015411377,30.0,0.0325665473937988,30.0,0.0051836012862622,30.0,-0.0410743728280067,30.0,-0.0088477134704589,30.0,-0.0300431251525879,30.0,0.123027801513672,30.0,0.123121552169323,30.0,0.11443405598402
40.0,-0.014128970913589,40.0,-0.0389102958142757,40.0,-0.0143867498263717,40.0,-0.0402540229260921,40.0,-0.0007382393232546,40.0,-0.0271524433046579,40.0,0.0005507469177246,40.0,0.0144571308046579,40.0,0.0049961092881858,40.0,0.0304962154477835,40.0,0.0084805488586425,40.0,-0.0561135299503803,40.0,-0.0150820733979344,40.0,0.0405821800231934,40.0,0.0322462096810341,40.0,0.0057929991744458,40.0,-0.0411134734749794,40.0,-0.0086524011567235,40.0,-0.0296758655458689,40.0,0.122473143041134,40.0,0.123027801513672,40.0,0.114059068262577
50.0,-0.0136211393401027,50.0,-0.0388400070369244,50.0,-0.0140039445832372,50.0,-0.0392618179321289,50.0,-0.0013398170704022,50.0,-0.0267539974302053,50.0,0.0025429725646972,50.0,0.0150196077302098,50.0,0.0047305109910666,50.0,0.029761791229248,50.0,0.0080664632841944,50.0,-0.0544416420161724,50.0,-0.0150586133822799,50.0,0.0409337989985943,50.0,0.0320118926465511,50.0,0.0064570428803563,50.0,-0.0411681197583675,50.0,-0.008457088842988,50.0,-0.0295899398624897,50.0,0.121934033930302,50.0,0.122926235198975,50.0,0.113676264882088
60.0,-0.0132461553439498,60.0,-0.0388634689152241,60.0,-0.0137851713225245,60.0,-0.0384181030094624,60.0,-0.0017930030589923,60.0,-0.0263320934027433,60.0,0.004105472471565,60.0,0.0155352596193552,60.0,0.0044726370833814,60.0,0.0290742870420218,60.0,0.0077930451370775,60.0,-0.052886962890625,60.0,-0.0149961477145553,60.0,0.0412540435791016,60.0,0.031855583190918,60.0,0.0071210861206054,60.0,-0.0412072204053402,60.0,-0.0082617765292525,60.0,-0.0290664676576853,60.0,0.12141066044569,60.0,0.122824668884277,60.0,0.113309003412724
70.0,-0.0129492757841945,70.0,-0.0388711951673031,70.0,-0.0136054996401072,70.0,-0.0376524925231934,70.0,-0.0021914483513683,70.0,-0.0259336475282907,70.0,0.0056836130097508,70.0,0.0159414298832417,70.0,0.004105472471565,70.0,0.0284180641174316,70.0,0.0073711397126317,70.0,-0.0514025688171387,70.0,-0.014894581399858,70.0,0.0415197387337685,70.0,0.0317305587232113,70.0,0.0077617648057639,70.0,-0.0412462241947651,70.0,-0.0080821039155125,70.0,-0.0282852184027433,70.0,0.120902828872204,70.0,0.12272310256958,70.0,0.112941838800907
80.0,-0.0128477094694972,80.0,-0.0389962196350098,80.0,-0.0134882926940918,80.0,-0.0369806289672852,80.0,-0.0025742531288415,80.0,-0.025605583563447,80.0,0.007011794950813,80.0,0.0162071231752634,80.0,0.0038398744072765,80.0,0.0277853012084961,80.0,0.0071289064362645,80.0,-0.0501056686043739,80.0,-0.0147227291017771,80.0,0.0417696945369244,80.0,0.0316368117928505,80.0,0.0083320615813136,80.0,-0.0412696860730648,80.0,-0.0079257963225245,80.0,-0.0283399578183889,80.0,0.120418451726437,80.0,0.122621536254883,80.0,0.112566851079464
90.0,-0.0127774244174361,90.0,-0.0390665046870708,90.0,-0.0134101873263717,90.0,-0.0363555923104286,90.0,-0.0030117034912109,90.0,-0.0253555309027433,90.0,0.0084805488586425,90.0,0.0164570808410645,90.0,0.0036758424248546,90.0,0.0271993633359671,90.0,0.0069492342881858,90.0,-0.0489103309810162,90.0,-0.0145352361723781,90.0,0.0419884696602821,90.0,0.0315587036311626,90.0,0.0089258197695016,90.0,-0.0412931442260742,90.0,-0.0077695846557617,90.0,-0.0277305599302053,90.0,0.11993408203125,90.0,0.122512154281139,90.0,0.112199686467648
100.0,-0.0126445768401027,100.0,-0.0390196815133095,100.0,-0.0133555410429835,100.0,-0.035746194422245,100.0,-0.0031523704528808,100.0,-0.0250821113586426,100.0,0.0097695356234908,100.0,0.0166758541017771,100.0,0.0035586357116699,100.0,0.0266446117311716,100.0,0.0068242074921727,100.0,-0.0479024909436703,100.0,-0.0143242841586471,100.0,0.042168140411377,100.0,0.0314493179321289,100.0,0.0095117567107081,100.0,-0.0413243286311626,100.0,-0.0076289176940918,100.0,-0.0272461902350187,100.0,0.119465254247189,100.0,0.122402861714363,100.0,0.111832432448864
110.0,-0.0125195505097508,110.0,-0.038902472704649,110.0,-0.0133086210116744,110.0,-0.0351680777966976,110.0,-0.0033788681030273,110.0,-0.024808693677187,110.0,0.0108554838225245,110.0,0.0168711673468351,110.0,0.003496074816212,110.0,0.0261055957525969,110.0,0.0065117836929857,110.0,-0.0472931861877441,110.0,-0.0140742305666208,110.0,0.0423399917781353,110.0,0.031433679163456,110.0,0.0100664142519236,110.0,-0.0413556098937988,110.0,-0.0074805258773267,110.0,-0.0269102100282907,110.0,0.119012169539928,110.0,0.122301295399666,110.0,0.111473083496094
120.0,-0.0124414442107081,120.0,-0.0388321876525879,120.0,-0.0132696153596044,120.0,-0.0346055999398232,120.0,-0.0035429955460131,120.0,-0.0245586391538382,120.0,0.0118555072695017,120.0,0.0170273780822754,120.0,0.0034336091484874,120.0,0.0255743023008108,120.0,0.0062460899353027,120.0,-0.0468556396663189,120.0,-0.0138164525851607,120.0,0.0424963012337685,120.0,0.031410314142704,120.0,0.0105429654940963,120.0,-0.0413634292781353,120.0,-0.0073633193969726,120.0,-0.0267539974302053,120.0,0.118574716150761,120.0,0.122191905975342,120.0,0.111113741993904
130.0,-0.0123711591586471,130.0,-0.0387540832161903,130.0,-0.0132383350282907,130.0,-0.0340587608516216,130.0,-0.0036835670471191,130.0,-0.024293040856719,130.0,0.0127696041017771,130.0,0.0171680450439453,130.0,0.0033711434807628,130.0,0.025058651342988,130.0,0.0059726717881858,130.0,-0.0460509322583675,130.0,-0.0135273933410645,130.0,0.0426290519535542,130.0,0.031410314142704,130.0,0.0110274320468307,130.0,-0.0413790717720985,130.0,-0.0072461129166185,130.0,-0.0266446117311716,130.0,0.118137173354626,130.0,0.122082524001598,130.0,0.110754303634167
140.0,-0.0123164178803563,140.0,-0.0386368744075298,140.0,-0.0132148740813136,140.0,-0.0335196517407894,140.0,-0.003777313278988,140.0,-0.0240274425595999,140.0,0.0135039333254099,140.0,0.0173164363950491,140.0,0.0033164024353027,140.0,0.0245587360113859,140.0,0.0056992531754076,140.0,-0.0457306876778603,140.0,-0.0132226943969727,140.0,0.0427462570369244,140.0,0.0314493179321289,140.0,0.0114961629733443,140.0,-0.041402529925108,140.0,-0.0071445466019213,140.0,-0.02681646309793,140.0,0.11769962310791,140.0,0.121973134577274,140.0,0.110394954681396
150.0,-0.0122774122282863,150.0,-0.0385431312024593,150.0,-0.0132148740813136,150.0,-0.0330039970576763,150.0,-0.0038398744072765,150.0,-0.0237462054938078,150.0,0.0142227178439498,150.0,0.0174180027097464,150.0,0.0032539367675781,150.0,0.0240587238222361,150.0,0.005378914065659,150.0,-0.0451369285583496,150.0,-0.0129023557528853,150.0,0.0428634658455849,150.0,0.0314571373164654,150.0,0.011957073584199,150.0,-0.041402529925108,150.0,-0.007042980287224,150.0,-0.0269884113222361,150.0,0.117277815937996,150.0,0.121871568262577,150.0,0.110043428838253
160.0,-0.012363338842988,160.0,-0.0385665893554688,160.0,-0.0132461553439498,160.0,-0.0325274467468262,160.0,-0.0039726258255541,160.0,-0.023496150970459,160.0,0.0148789407685399,160.0,0.0174414645880461,160.0,0.0031913758721202,160.0,0.0235665328800678,160.0,0.0050742151215672,160.0,-0.0443009398877621,160.0,-0.0125821111723781,160.0,0.0429493896663189,160.0,0.0314414985477924,160.0,0.0124336248263717,160.0,-0.0413947105407715,160.0,-0.0069492342881858,160.0,-0.0269024856388569,160.0,0.116879366338253,160.0,0.121754363179207,160.0,0.109683990478516
170.0,-0.0123476982116699,170.0,-0.0385509505867958,170.0,-0.0132774356752634,170.0,-0.0320587158203125,170.0,-0.0040741921402514,170.0,-0.0232461933046579,170.0,0.0155508043244481,170.0,0.0175273902714252,170.0,0.0031054497230798,170.0,0.0230899807065725,170.0,0.004800796508789,170.0,-0.0436056144535542,170.0,-0.0122383115813136,170.0,0.0430822372436523,170.0,0.0314493179321289,170.0,0.0128711704164743,170.0,-0.0414415374398232,170.0,-0.0068554878234863,170.0,-0.0275743491947651,170.0,0.116480924189091,170.0,0.121644973754883,170.0,0.109332464635372
180.0,-0.0123398778960109,180.0,-0.0385274887084961,180.0,-0.0133164403960109,180.0,-0.0315978042781353,180.0,-0.0040898323059082,180.0,-0.0229649543762207,180.0,0.016089916229248,180.0,0.0175743103027344,180.0,0.0031758309341967,180.0,0.0226367954164743,180.0,0.0045351982116699,180.0,-0.0430118553340435,180.0,-0.0118946079164743,180.0,0.0431525222957134,180.0,0.0314571373164654,180.0,0.0133164403960109,180.0,-0.0414649955928326,180.0,-0.0067773819901049,180.0,-0.0274806022644043,180.0,0.116090297698975,180.0,0.121535591781139,180.0,0.108973026275635
190.0,-0.0123398778960109,190.0,-0.038480568677187,190.0,-0.0133711816743016,190.0,-0.0311602596193552,190.0,-0.004105472471565,190.0,-0.022699261084199,190.0,0.0165899284183979,190.0,0.0176133159548044,190.0,0.0031289102043956,190.0,0.0221915245056152,190.0,0.0042461394332349,190.0,-0.0424415580928326,190.0,-0.0115273473784328,190.0,0.0432071685791016,190.0,0.031433679163456,190.0,0.013730525970459,190.0,-0.0414415374398232,190.0,-0.0066992761567235,190.0,-0.0272931102663279,190.0,0.115715317428112,190.0,0.121434025466442,190.0,0.108629323542118
200.0,-0.0123398778960109,200.0,-0.0384415648877621,200.0,-0.0134258270263672,200.0,-0.0307461749762297,200.0,-0.0040976526215672,200.0,-0.0223946571350098,200.0,0.0170742999762297,200.0,0.017636775970459,200.0,0.003066444536671,200.0,0.0217461585998535,200.0,0.0040117264725267,200.0,-0.0419493690133095,200.0,-0.0111523633822799,200.0,0.0432697311043739,200.0,0.0314258597791195,200.0,0.014128970913589,200.0,-0.0414337180554867,200.0,-0.0066210748627781,200.0,-0.027347756549716,200.0,0.115348055958748,200.0,0.121324732899666,200.0,0.108277797698975
210.0,-0.0123398778960109,210.0,-0.0384259223937988,210.0,-0.0134727479889989,210.0,-0.0303477291017771,210.0,-0.0040820124559104,210.0,-0.0221055038273335,210.0,0.0175273902714252,210.0,0.0177227016538382,210.0,0.0030038834083825,210.0,0.0213165283203125,210.0,0.003753948258236,210.0,-0.0414258949458599,210.0,-0.0107851987704635,210.0,0.0433243773877621,210.0,0.031410314142704,210.0,0.0145039558410645,210.0,-0.0414103530347347,210.0,-0.0065664290450513,210.0,-0.0274727828800678,210.0,0.114988707005978,210.0,0.121223166584969,210.0,0.107918359339237
220.0,-0.0123476982116699,220.0,-0.0383946411311626,220.0,-0.0135352136567235,220.0,-0.0299649238586426,220.0,-0.0040508271194994,220.0,-0.0218164455145597,220.0,0.0179336555302143,220.0,0.0177539829164743,220.0,0.002917957259342,220.0,0.0208789836615324,220.0,0.0035117149818688,220.0,-0.0409025214612484,220.0,-0.010410213842988,220.0,0.043355654925108,220.0,0.0313946716487408,220.0,0.014707088470459,220.0,-0.041402529925108,220.0,-0.0064961435273289,220.0,-0.0272070895880461,220.0,0.114637188613415,220.0,0.121113777160645,220.0,0.107574656605721
230.0,-0.0123789785429835,230.0,-0.0384102836251259,230.0,-0.0136211393401027,230.0,-0.0295977592468262,230.0,-0.0040039061568677,230.0,-0.021543025970459,230.0,0.0183320995420218,230.0,0.0178086291998625,230.0,0.0028163909446448,230.0,0.0204570777714252,230.0,0.0032773972488939,230.0,-0.0404025092720985,230.0,-0.0100430492311716,230.0,0.0433868430554867,230.0,0.0313633941113949,230.0,0.0151446340605617,230.0,-0.0413947105407715,230.0,-0.0064335823990404,230.0,-0.0273633953183889,230.0,0.11429338902235,230.0,0.121004395186901,230.0,0.107230857014656
240.0,-0.0123867988586426,240.0,-0.0384102836251259,240.0,-0.0136914253234863,240.0,-0.0292540546506643,240.0,-0.0039492608048021,240.0,-0.0212617870420218,240.0,0.0186680797487497,240.0,0.017832089215517,240.0,0.0027070045471191,240.0,0.0200430881232023,240.0,0.0031210898887366,240.0,-0.0397696495056152,240.0,-0.0096679693087935,240.0,0.0434024818241596,240.0,0.0313555710017681,240.0,0.0155352596193552,240.0,-0.0413947105407715,240.0,-0.0063711167313158,240.0,-0.0275899898260832,240.0,0.11395750194788,240.0,0.120895005762577,240.0,0.106879331171513
250.0,-0.0124570848420262,250.0,-0.0384415648877621,250.0,-0.0137929916381836,250.0,-0.0289415363222361,250.0,-0.0039023400750011,250.0,-0.0209883693605661,250.0,0.0190742500126362,250.0,0.0178555492311716,250.0,0.0026132583152502,250.0,0.0196290016174316,250.0,0.0029648782219737,250.0,-0.0392852798104286,250.0,-0.0093008046969771,250.0,0.0434103012084961,250.0,0.0313321128487587,250.0,0.0159180648624897,250.0,-0.041386891156435,250.0,-0.0063164713792502,250.0,-0.0278712268918753,250.0,0.113629341125488,250.0,0.12079343944788,250.0,0.106527708470821
260.0,-0.0125117301940918,260.0,-0.0384962074458599,260.0,-0.0139023782685399,260.0,-0.0286368373781443,260.0,-0.0038555145729333,260.0,-0.0207305904477835,260.0,0.0194180496037006,260.0,0.0178633686155081,260.0,0.0025038719177246,260.0,0.0192461963742971,260.0,0.0027852058410644,260.0,-0.0389572158455849,260.0,-0.0089258197695016,260.0,0.0433946624398232,260.0,0.0313009284436703,260.0,0.0162539482116699,260.0,-0.0413790717720985,260.0,-0.0062617301009595,260.0,-0.0279258731752634,260.0,0.113309003412724,260.0,0.120684050023556,260.0,0.106184005737305
270.0,-0.0125742917880416,270.0,-0.0385743156075478,270.0,-0.0140039445832372,270.0,-0.0283477790653706,270.0,-0.0038085938431322,270.0,-0.0204883571714163,270.0,0.0197383891791105,270.0,0.0178555492311716,270.0,0.0023867606651037,270.0,0.0188555717468262,270.0,0.0026210786309093,270.0,-0.0388478301465511,270.0,-0.0085586551576852,270.0,0.0433791168034077,270.0,0.0312931053340435,270.0,0.016605569049716,270.0,-0.0413556098937988,270.0,-0.0062070847488939,270.0,-0.0281836520880461,270.0,0.112996481359005,270.0,0.120574668049812,270.0,0.10584020614624
280.0,-0.0126445768401027,280.0,-0.0386055968701839,280.0,-0.0141211515292525,280.0,-0.0280899051576853,280.0,-0.0037695884238928,280.0,-0.0202461238950491,280.0,0.0200586318969727,280.0,0.0178477298468351,280.0,0.0022851943504065,280.0,0.0184805877506733,280.0,0.0024492263328284,280.0,-0.0385587699711323,280.0,-0.0081913946196436,280.0,0.0433478355407715,280.0,0.0312931053340435,280.0,0.0169258117675781,280.0,-0.0413321517407894,280.0,-0.0061601637862622,280.0,-0.028378963470459,280.0,0.112684063613415,280.0,0.120457462966442,280.0,0.105496503412724
290.0,-0.0126992231234908,290.0,-0.0386525169014931,290.0,-0.0142383575439453,290.0,-0.0278243068605661,290.0,-0.0036913871299475,290.0,-0.0200196262449026,290.0,0.0204024314880371,290.0,0.0178477298468351,290.0,0.0022070885170251,290.0,0.0181133281439543,290.0,0.0022773742675781,290.0,-0.0381055846810341,290.0,-0.0078398706391453,290.0,0.0432930961251259,290.0,0.0313009284436703,290.0,0.0172617919743061,290.0,-0.0413321517407894,290.0,-0.0061288834549486,290.0,-0.0284649860113859,290.0,0.112379364669323,290.0,0.120348073542118,290.0,0.105152703821659
300.0,-0.012753963470459,300.0,-0.0386993400752544,300.0,-0.0143711091950536,300.0,-0.027558708563447,300.0,-0.0036211013793945,300.0,-0.0197930335998535,300.0,0.020746136084199,300.0,0.0178633686155081,300.0,0.0020977021194994,300.0,0.0177539829164743,300.0,0.002082061721012,300.0,-0.0376837737858295,300.0,-0.0075038908980786,300.0,0.0432306304574013,300.0,0.0313243865966797,300.0,0.0175664909183979,300.0,-0.0413087867200375,300.0,-0.0060898782685399,300.0,-0.0285274516791105,300.0,0.112074665725231,300.0,0.120238780975342,300.0,0.104809001088142
310.0,-0.012792969122529,310.0,-0.0387306213378906,310.0,-0.0144961355254054,310.0,-0.0273086559027433,310.0,-0.0035429955460131,310.0,-0.0195664409548044,310.0,0.0210586544126272,310.0,0.0178711898624897,310.0,0.0020117759704589,310.0,0.0173868183046579,310.0,0.0018632889259606,310.0,-0.0372618697583675,310.0,-0.0071680070832371,310.0,0.0431525222957134,310.0,0.0313399322330952,310.0,0.0178790092468262,310.0,-0.0412775054574013,310.0,-0.0060429573059082,310.0,-0.0286602973937988,310.0,0.111777782440186,310.0,0.120129399001598,310.0,0.104473017156124
320.0,-0.0128398900851607,320.0,-0.0387540832161903,320.0,-0.0146289831027389,320.0,-0.0270821582525969,320.0,-0.0034727097954601,320.0,-0.0193399433046579,320.0,0.021332073956728,320.0,0.0178633686155081,320.0,0.0019023895729333,320.0,0.017035199329257,320.0,0.0017070770263671,320.0,-0.0367149375379086,320.0,-0.0068476679734885,320.0,0.0430431365966797,320.0,0.0313477516174316,320.0,0.0181758888065815,320.0,-0.041261862963438,320.0,-0.0060039521194994,320.0,-0.0283867847174406,320.0,0.111496545374393,320.0,0.120027832686901,320.0,0.104129314422607
330.0,-0.0128711704164743,330.0,-0.0387852676212788,330.0,-0.0147617338225245,330.0,-0.0268790256232023,330.0,-0.0033788681030273,330.0,-0.0191289912909269,330.0,0.0214258190244436,330.0,0.0178399085998535,330.0,0.0017930030589923,330.0,0.0166836734861135,330.0,0.0015351296169683,330.0,-0.0363009460270405,330.0,-0.0065351487137377,330.0,0.0429415702819824,330.0,0.0313477516174316,330.0,0.0184727665036917,330.0,-0.0412227623164654,330.0,-0.0059570311568677,330.0,-0.028574276715517,330.0,0.111215308308601,330.0,0.119918443262577,330.0,0.103785514831543
340.0,-0.0129258157685399,340.0,-0.0388321876525879,340.0,-0.014894581399858,340.0,-0.0266758929938078,340.0,-0.0033085823524743,340.0,-0.0189102180302143,340.0,0.0216367729008198,340.0,0.017832089215517,340.0,0.0016836166614666,340.0,0.0163398738950491,340.0,0.0013319969875738,340.0,-0.0358946807682514,340.0,-0.0062304497696459,340.0,0.0428165458142757,340.0,0.0313243865966797,340.0,0.0187618266791105,340.0,-0.041261862963438,340.0,-0.0059102061204612,340.0,-0.0283477790653706,340.0,0.110941790044308,340.0,0.11981687694788,340.0,0.103449635207653
350.0,-0.0130430227145553,350.0,-0.0389337539672852,350.0,-0.0150507930666208,350.0,-0.0264962203800678,350.0,-0.0032695771660655,350.0,-0.0187149047851563,350.0,0.0219962131232023,350.0,0.0178008079528809,350.0,0.0015507697826251,350.0,0.0160039905458689,350.0,0.0011523247230798,350.0,-0.0356602668762207,350.0,-0.0059413909912109,350.0,0.0426681526005268,350.0,0.0313087478280067,350.0,0.0190508849918842,350.0,-0.0411290191113949,350.0,-0.0058711054734885,350.0,-0.0284649860113859,350.0,0.110668376088142,350.0,0.119707487523556,350.0,0.103113651275635
360.0,-0.01318359375,360.0,-0.0390587821602821,360.0,-0.0152070997282863,360.0,-0.0263320934027433,360.0,-0.0032382966019213,360.0,-0.0185352321714163,360.0,0.0225117690861225,360.0,0.0177539829164743,360.0,0.0014570236671716,360.0,0.015683650970459,360.0,0.000894546508789,360.0,-0.0354493148624897,360.0,-0.0056523322127759,360.0,0.0425118468701839,360.0,0.0312931053340435,360.0,0.0193321239203215,360.0,-0.0410821922123432,360.0,-0.0058242799714207,360.0,-0.0277149211615324,360.0,0.110402777791023,360.0,0.119598105549812,360.0,0.102777771651745
370.0,-0.0132305147126317,370.0,-0.0391056053340435,370.0,-0.0153554920107126,370.0,-0.0261524207890034,370.0,-0.0031680108513683,370.0,-0.0183633808046579,370.0,0.0229336749762297,370.0,0.0177305229008198,370.0,0.0013554573524743,370.0,0.0153633123263717,370.0,0.0007851600530557,370.0,-0.0350899696350098,370.0,-0.00537109375,370.0,0.0423478148877621,370.0,0.0312931053340435,370.0,0.0196055416017771,370.0,-0.0410430915653706,370.0,-0.0058008194901049,370.0,-0.0273399353027344,370.0,0.110137179493904,370.0,0.119496539235115,370.0,0.102441787719727
380.0,-0.0132461553439498,380.0,-0.0391368865966797,380.0,-0.0155117986723781,380.0,-0.0259805675595999,380.0,-0.003066444536671,380.0,-0.0181602481752634,380.0,0.0234180446714163,380.0,0.0177070628851652,380.0,0.001253891037777,380.0,0.0150508880615234,380.0,0.0006289482116699,380.0,-0.0348633788526058,380.0,-0.0050976756028831,380.0,0.042168140411377,380.0,0.0312931053340435,380.0,0.0198711398988962,380.0,-0.0409571640193462,380.0,-0.0057538985274732,380.0,-0.0264492984861135,380.0,0.10988712310791,380.0,0.119387149810791,380.0,0.102105908095837
390.0,-0.0133164403960109,390.0,-0.0391758941113949,390.0,-0.0156523715704679,390.0,-0.0258243568241596,390.0,-0.0029570579063147,390.0,-0.017972756177187,390.0,0.0238008499145508,390.0,0.0176993366330862,390.0,0.0011289597023278,390.0,0.0147305494174361,390.0,0.000410175329307,390.0,-0.0346134193241596,390.0,-0.0048477174714207,390.0,0.0419806502759457,390.0,0.0313009284436703,390.0,0.0201290138065815,390.0,-0.0409025214612484,390.0,-0.0057148933410644,390.0,-0.0257383342832327,390.0,0.109629347920418,390.0,0.119277767837048,390.0,0.101769924163818
400.0,-0.0133633613586426,400.0,-0.039222814142704,400.0,-0.0158008579164743,400.0,-0.0256680492311716,400.0,-0.0028867721557617,400.0,-0.0177852641791105,400.0,0.0241992957890034,400.0,0.0176758766174316,400.0,0.0010117531055584,400.0,0.0144414901733398,400.0,0.0002695083676371,400.0,-0.0342930816113949,400.0,-0.0046054841950535,400.0,0.0417931564152241,400.0,0.0313165672123432,400.0,0.0204024314880371,400.0,-0.040855597704649,400.0,-0.0056836130097508,400.0,-0.0256758686155081,400.0,0.109379291534424,400.0,0.11917620152235,400.0,0.101433947682381
410.0,-0.0134180067107081,410.0,-0.0392462722957134,410.0,-0.0159492492675781,410.0,-0.0255196578800678,410.0,-0.0028163909446448,410.0,-0.0175899509340525,410.0,0.0245587360113859,410.0,0.0176758766174316,410.0,0.0009023666498251,410.0,0.014128970913589,410.0,2.73704536084551e-05,410.0,-0.0341212265193462,410.0,-0.0043788910843431,410.0,0.0415822044014931,410.0,0.0313165672123432,410.0,0.0206602104008198,410.0,-0.0408009551465511,410.0,-0.0056601525284349,410.0,-0.025425910949707,410.0,0.109137155115604,410.0,0.119066908955574,410.0,0.10109806060791
420.0,-0.0135195730254054,420.0,-0.0393243804574013,420.0,-0.0161055568605661,420.0,-0.0253868103027344,420.0,-0.0027461051940918,420.0,-0.0174180027097464,420.0,0.0248556137084961,420.0,0.0176524166017771,420.0,0.0007851600530557,420.0,0.0138399126008153,420.0,-6.63757309666835e-05,420.0,-0.0339337363839149,420.0,-0.0041445731185376,420.0,0.0413790717720985,420.0,0.0313165672123432,420.0,0.0211836826056242,420.0,-0.0407618544995785,420.0,-0.0056289671920239,420.0,-0.0249337200075388,420.0,0.108894921839237,420.0,0.118965342640877,420.0,0.100762084126472
430.0,-0.0135743143036962,430.0,-0.0393556617200375,430.0,-0.0162539482116699,430.0,-0.0252617839723825,430.0,-0.0026758194435387,430.0,-0.0172383319586515,430.0,0.025269603356719,430.0,0.0176524166017771,430.0,0.000667953514494,430.0,0.0135664939880371,430.0,-0.000238323220401,430.0,-0.0337149612605572,430.0,-0.0039336206391453,430.0,0.0411524772644043,430.0,0.0313321128487587,430.0,0.0214492809027433,430.0,-0.0406993888318539,430.0,-0.0055976868607103,430.0,-0.0247617717832327,430.0,0.108652785420418,430.0,0.118855953216553,430.0,0.100426197052002
440.0,-0.0136054996401072,440.0,-0.0393712036311626,440.0,-0.0164179801940918,440.0,-0.0251290332525969,440.0,-0.0025898932944983,440.0,-0.017066478729248,440.0,0.0255899429321289,440.0,0.017636775970459,440.0,0.0005352020380087,440.0,0.0132774356752634,440.0,-0.0005039215320721,440.0,-0.0335431098937988,440.0,-0.0037304877769202,440.0,0.0409181602299213,440.0,0.0313243865966797,440.0,0.021699333563447,440.0,-0.040644645690918,440.0,-0.0055742263793945,440.0,-0.0246602054685354,440.0,0.108410552144051,440.0,0.118754386901855,440.0,0.100090220570564
450.0,-0.0136367799714208,450.0,-0.0393868461251259,450.0,-0.0165664684027433,450.0,-0.0249961856752634,450.0,-0.002488326979801,450.0,-0.0168946273624897,450.0,0.0259102825075388,450.0,0.017636775970459,450.0,0.000402355188271,450.0,0.0129961017519236,450.0,-0.0005663871997967,450.0,-0.0333789847791195,450.0,-0.0035351754631847,450.0,0.0406837463378906,450.0,0.0313321128487587,450.0,0.021949291229248,450.0,-0.0405821800231934,450.0,-0.0055585862137377,450.0,-0.0245821010321379,450.0,0.108176231384277,450.0,0.118645004928112,450.0,0.0997620597481728
460.0,-0.0136757856234908,460.0,-0.0394103042781353,460.0,-0.0167148597538471,460.0,-0.024878978729248,460.0,-0.0023945809807628,460.0,-0.0167148597538471,460.0,0.0261837001889944,460.0,0.0176289565861225,460.0,0.0002773285086732,460.0,0.0127305034548044,460.0,-0.0007148743025027,460.0,-0.0332930572330952,460.0,-0.0033398629166185,460.0,0.0404337905347347,460.0,0.0313399322330952,460.0,0.0221915245056152,460.0,-0.0405430793762207,460.0,-0.0055429460480809,460.0,-0.0242774020880461,460.0,0.107941821217537,460.0,0.118543438613415,460.0,0.0994261726737022
470.0,-0.0136992456391454,470.0,-0.0394103042781353,470.0,-0.0168633460998535,470.0,-0.0247617717832327,470.0,-0.0023163796868175,470.0,-0.0165430065244436,470.0,0.0264649391174316,470.0,0.0176211353391409,470.0,0.0001679420529399,470.0,0.0124649051576853,470.0,-0.0008554458618164,470.0,-0.0331055633723736,470.0,-0.0031601905357092,470.0,0.0401915572583675,470.0,0.0313477516174316,470.0,0.0224336627870798,470.0,-0.0404962562024593,470.0,-0.0055195810273289,470.0,-0.0241368301212788,470.0,0.107715226709843,470.0,0.118434049189091,470.0,0.0990980193018913
480.0,-0.0137461666017771,480.0,-0.0394103042781353,480.0,-0.0170273780822754,480.0,-0.0246602054685354,480.0,-0.0022226334549486,480.0,-0.0163633357733488,480.0,0.0267461780458689,480.0,0.0176133159548044,480.0,5.85556044825353e-05,480.0,0.0121993068605661,480.0,-0.0009804725414142,480.0,-0.0328868888318539,480.0,-0.0029960633255541,480.0,0.0399259589612484,480.0,0.0313477516174316,480.0,0.0226837154477835,480.0,-0.0404415130615234,480.0,-0.0054961205460131,480.0,-0.0241914745420218,480.0,0.107496552169323,480.0,0.118324659764767,480.0,0.0987699553370476
490.0,-0.0138008119538426,490.0,-0.0394259467720985,490.0,-0.0171680450439453,490.0,-0.0245586391538382,490.0,-0.0021445273887366,490.0,-0.0161993037909269,490.0,0.0270118713378906,490.0,0.0176054965704679,490.0,-4.30107138527092e-05,490.0,0.0119179729372263,490.0,-0.0011366844410076,490.0,-0.032832145690918,490.0,-0.0028320313431322,490.0,0.0396602638065815,490.0,0.0313555710017681,490.0,0.02291021309793,490.0,-0.040410328656435,490.0,-0.005488300230354,490.0,-0.0242695808410645,490.0,0.107269957661629,490.0,0.118215277791023,490.0,0.0984339714050293
500.0,-0.0138399126008153,500.0,-0.0394259467720985,500.0,-0.0173242576420307,500.0,-0.0244570728391409,500.0,-0.0020586014725267,500.0,-0.0160429961979389,500.0,0.0273086559027433,500.0,0.0175977703183889,500.0,-0.0001444816589355,500.0,0.0116680143401027,500.0,-0.0012617111206054,500.0,-0.0327462218701839,500.0,-0.0026601792778819,500.0,0.0393868461251259,500.0,0.0313633941113949,500.0,0.0231368076056242,500.0,-0.0403555892407894,500.0,-0.0054726600646972,500.0,-0.0245509147644043,500.0,0.107043363153934,500.0,0.118105888366699,500.0,0.0981058105826378
510.0,-0.0139023782685399,510.0,-0.0394415855407715,510.0,-0.0174649246037006,510.0,-0.0243633277714252,510.0,-0.0019726753234863,510.0,-0.0158867835998535,510.0,0.0275821685791016,510.0,0.0175977703183889,510.0,-0.0002460479736328,510.0,0.0114180566743016,510.0,-0.0013710976345464,510.0,-0.0326915755867958,510.0,-0.002511692000553,510.0,0.0391134284436703,510.0,0.0313712134957314,510.0,0.0233477596193552,510.0,-0.0403009429574013,510.0,-0.0054570198990404,510.0,-0.0245742797851563,510.0,0.10681676864624,510.0,0.117996506392956,510.0,0.097777746617794
520.0,-0.0139649389311671,520.0,-0.039457131177187,520.0,-0.0176211353391409,520.0,-0.0242852214723825,520.0,-0.0018945693736895,520.0,-0.0157461166381836,520.0,0.0278399474918842,520.0,0.017582131549716,520.0,-0.0003397941763978,520.0,0.0111836437135935,520.0,-0.0014961243141442,520.0,-0.032621193677187,520.0,-0.0023554803337901,520.0,0.0388478301465511,520.0,0.0313712134957314,520.0,0.0235508922487497,520.0,-0.0402540229260921,520.0,-0.0054413797333836,520.0,-0.0247071273624897,520.0,0.106598094105721,520.0,0.117879390716553,520.0,0.0974495932459831
530.0,-0.0140586858615279,530.0,-0.0394962318241596,530.0,-0.0177696235477924,530.0,-0.0241992957890034,530.0,-0.0018398285610601,530.0,-0.0156055456027389,530.0,0.0280743595212698,530.0,0.017582131549716,530.0,-0.0004258155822753,530.0,0.0109336851164699,530.0,-0.0016210556495934,530.0,-0.0323712341487408,530.0,-0.0022069930564612,530.0,0.0385431312024593,530.0,0.0313790328800678,530.0,0.0237462054938078,530.0,-0.0402071960270405,530.0,-0.0054336548782885,530.0,-0.0249337200075388,530.0,0.106379322707653,530.0,0.117770008742809,530.0,0.0971214324235916
540.0,-0.014136791229248,540.0,-0.0395196937024593,540.0,-0.0179180148988962,540.0,-0.0241211894899607,540.0,-0.0017617226112633,540.0,-0.0154883386567235,540.0,0.0283086784183979,540.0,0.0175743103027344,540.0,-0.0005195617559365,540.0,0.0106992721557617,540.0,-0.0017460823291912,540.0,-0.0324884429574013,540.0,-0.0020742416381835,540.0,0.038261890411377,540.0,0.0313790328800678,540.0,0.0239258762449026,540.0,-0.0401602759957314,540.0,-0.0054180147126317,540.0,-0.025214958935976,540.0,0.106160543859005,540.0,0.117660619318485,540.0,0.0967933684587479
550.0,-0.0141992568969727,550.0,-0.0395353324711323,550.0,-0.0180743224918842,550.0,-0.0240509044378996,550.0,-0.0016757965786382,550.0,-0.0153554920107126,550.0,0.0285430904477835,550.0,0.0175586696714163,550.0,-0.0006054878467693,550.0,0.0104726795107126,550.0,-0.0018632889259606,550.0,-0.032472800463438,550.0,-0.0019335746765136,550.0,0.0379728339612484,550.0,0.0313790328800678,550.0,0.0241055488586426,550.0,-0.0401134490966797,550.0,-0.0054101943969726,550.0,-0.0252227783203125,550.0,0.105949595570564,550.0,0.117543414235115,550.0,0.0964652076363564
560.0,-0.0142617225646973,560.0,-0.0395353324711323,560.0,-0.018222713842988,560.0,-0.0239727031439543,560.0,-0.0015976906288415,560.0,-0.0152383809909225,560.0,0.0287540443241596,560.0,0.0175352096557617,560.0,-0.0007148743025027,560.0,0.0102383615449071,560.0,-0.0019648552406579,560.0,-0.032410241663456,560.0,-0.0018163680797442,560.0,0.037691593170166,560.0,0.0313946716487408,560.0,0.0242852214723825,560.0,-0.040074348449707,560.0,-0.0053867339156568,560.0,-0.0249649044126272,560.0,0.105738639831543,560.0,0.117434024810791,560.0,0.0961370468139648
570.0,-0.014308643527329,570.0,-0.0395353324711323,570.0,-0.0183789264410734,570.0,-0.0239102374762297,570.0,-0.0015117645962163,570.0,-0.015105533413589,570.0,0.0289493557065725,570.0,0.0175195690244436,570.0,-0.0007695198291912,570.0,0.010011768899858,570.0,-0.0020742416381835,570.0,-0.0323086753487587,570.0,-0.001691436744295,570.0,0.0374025367200375,570.0,0.031410314142704,570.0,0.0244571696966887,570.0,-0.0400275252759457,570.0,-0.005378914065659,570.0,-0.0251133926212788,570.0,0.105527780950069,570.0,0.117316819727421,570.0,0.0958089828491211
580.0,-0.0143789295107126,580.0,-0.0395431518554688,580.0,-0.0185195934027433,580.0,-0.0238399505615234,580.0,-0.0014179230201989,580.0,-0.0149726867675781,580.0,0.0291055683046579,580.0,0.0175039302557707,580.0,-0.0008319854969158,580.0,0.0097851753234863,580.0,-0.0021836280357092,580.0,-0.0321524627506733,580.0,-0.0015742302639409,580.0,0.0371133796870708,580.0,0.031433679163456,580.0,0.0246212016791105,580.0,-0.039988424628973,580.0,-0.0053632739000022,580.0,-0.0253008846193552,580.0,0.105316832661629,580.0,0.117207527160645,580.0,0.0954730063676834
590.0,-0.0144414901733398,590.0,-0.0395509712398052,590.0,-0.0186602603644133,590.0,-0.0237773898988962,590.0,-0.0013398170704022,590.0,-0.0148399351164699,590.0,0.0292852409183979,590.0,0.0174962040036917,590.0,-0.0009023666498251,590.0,0.0095742223784327,590.0,-0.0022851943504065,590.0,-0.0320352576673031,590.0,-0.0014570236671716,590.0,0.0368165969848633,590.0,0.0314571373164654,590.0,0.0247930530458689,590.0,-0.0399493239820004,590.0,-0.0053554535843431,590.0,-0.0256212241947651,590.0,0.105105876922607,590.0,0.117082498967648,590.0,0.0951526686549187
600.0,-0.0145039558410645,600.0,-0.0395899787545204,600.0,-0.0188164710998535,600.0,-0.0237227436155081,600.0,-0.0012695313198491,600.0,-0.014714908786118,600.0,0.0294024478644133,600.0,0.0174805652350187,600.0,-0.0009648323175497,600.0,0.0093633653596043,600.0,-0.0023945809807628,600.0,-0.0319962501525879,600.0,-0.0013476371532306,600.0,0.036527443677187,600.0,0.0314727798104286,600.0,0.0249649044126272,600.0,-0.0399103164672852,600.0,-0.0053476332686841,600.0,-0.0256993304938078,600.0,0.104894928634167,600.0,0.116965293884277,600.0,0.0948324203491211
610.0,-0.0145820621401072,610.0,-0.0396056175231934,610.0,-0.0189649593085051,610.0,-0.0236680991947651,610.0,-0.0011914253700524,610.0,-0.0145977018401027,610.0,0.0295040141791105,610.0,0.0174649246037006,610.0,-0.001027298043482,610.0,0.0091524124145507,610.0,-0.0024960518348962,610.0,-0.0318634025752544,610.0,-0.0012382507557049,610.0,0.0362305641174316,610.0,0.0314805991947651,610.0,0.0251446720212698,610.0,-0.0398712158203125,610.0,-0.0053398134186863,610.0,-0.025785256177187,610.0,0.104691796004772,610.0,0.11684026569128,610.0,0.0945042595267296
620.0,-0.0146524431183934,620.0,-0.0396134369075298,620.0,-0.0191211700439453,620.0,-0.0236133579164743,620.0,-0.0011288643581792,620.0,-0.0144726755097508,620.0,0.0296680461615324,620.0,0.0174492839723825,620.0,-0.0010820388561114,620.0,0.0089492797851562,620.0,-0.0026054382324218,620.0,-0.0317618362605572,620.0,-0.001144504523836,620.0,0.0359415076673031,620.0,0.031496237963438,620.0,0.0253008846193552,620.0,-0.0398478507995605,620.0,-0.0053320885635912,620.0,-0.0258243568241596,620.0,0.104480840265751,620.0,0.116715334355831,620.0,0.0941839218139648
630.0,-0.014707088470459,630.0,-0.0396290794014931,630.0,-0.0192617420107126,630.0,-0.0235587116330862,630.0,-0.0010663986904546,630.0,-0.0143555644899607,630.0,0.0298165325075388,630.0,0.0174336433410645,630.0,-0.001144504523836,630.0,0.0087461471557617,630.0,-0.0026991844642907,630.0,-0.0316602699458599,630.0,-0.0010351181263104,630.0,0.0356524474918842,630.0,0.031496237963438,630.0,0.0254570972174406,630.0,-0.0397931113839149,630.0,-0.0053086280822753,630.0,-0.0249805450439453,630.0,0.104277707636356,630.0,0.116598129272461,630.0,0.0938636809587479
640.0,-0.0147695541381836,640.0,-0.039644718170166,640.0,-0.0194024089723825,640.0,-0.0235117916017771,640.0,-0.0009804725414142,640.0,-0.0142305372282863,640.0,0.0299571044743061,640.0,0.017402458935976,640.0,-0.0011992454528808,640.0,0.0085351942107081,640.0,-0.0027852058410644,640.0,-0.0315508842468262,640.0,-0.0009491920354776,640.0,0.0353633873164654,640.0,0.031496237963438,640.0,0.0256134029477835,640.0,-0.0397462844848633,640.0,-0.0053008082322776,640.0,-0.0252617839723825,640.0,0.104066848754883,640.0,0.116473101079464,640.0,0.0935433432459831
650.0,-0.0148399351164699,650.0,-0.039668083190918,650.0,-0.0195508953183889,650.0,-0.023472785949707,650.0,-0.0009180069318972,650.0,-0.0141133312135935,650.0,0.030097771435976,650.0,0.0173946376889944,650.0,-0.0012695313198491,650.0,0.0083477022126317,650.0,-0.002917957259342,650.0,-0.0314493179321289,650.0,-0.0008554458618164,650.0,0.0350743308663368,650.0,0.0315040610730648,650.0,0.0257617961615324,650.0,-0.0397150032222271,650.0,-0.0052929879166185,650.0,-0.0257774349302053,650.0,0.103863716125488,650.0,0.116340257227421,650.0,0.0932229980826378
660.0,-0.0149024007841945,660.0,-0.0396915450692177,660.0,-0.0196992885321379,660.0,-0.0234258659183979,660.0,-0.0008398056379519,660.0,-0.0139961242675781,660.0,0.0302462577819824,660.0,0.0173789989203215,660.0,-0.0012929916847497,660.0,0.0081602102145552,660.0,-0.0029648782219737,660.0,-0.0313009284436703,660.0,-0.000746059406083,660.0,0.034785270690918,660.0,0.0315040610730648,660.0,0.0259181018918753,660.0,-0.039668083190918,660.0,-0.0052773477509617,660.0,-0.0255586635321379,660.0,0.103660583496094,660.0,0.116207502782345,660.0,0.092902660369873
670.0,-0.0149570470675826,670.0,-0.0396993644535542,670.0,-0.0198477748781443,670.0,-0.0233945846557617,670.0,-0.0007773399702273,670.0,-0.0138867376372218,670.0,0.0303790103644133,670.0,0.0173711776733398,670.0,-0.0013398170704022,670.0,0.0079727172851562,670.0,-0.0030429840553551,670.0,-0.031215000897646,670.0,-0.0006444930913858,670.0,0.0345040336251259,670.0,0.0315040610730648,670.0,0.0260743144899607,670.0,-0.0396212600171566,670.0,-0.0052617075853049,670.0,-0.0257227905094624,670.0,0.103457450866699,670.0,0.116082482039928,670.0,0.0925824195146561
680.0,-0.0150352483615279,680.0,-0.0397306457161903,680.0,-0.0199883468449116,680.0,-0.0233555790036917,680.0,-0.0007148743025027,680.0,-0.0137773519381881,680.0,0.0305040366947651,680.0,0.0173477176576853,680.0,-0.0013789177173748,680.0,0.0077774049714207,680.0,-0.0031289102043956,680.0,-0.031128978356719,680.0,-0.0005507469177246,680.0,0.034214973449707,680.0,0.0315040610730648,680.0,0.0262149814516306,680.0,-0.0395977981388569,680.0,-0.0052617075853049,680.0,-0.0255743023008108,680.0,0.103254318237305,680.0,0.115941815078259,680.0,0.0922620818018913
690.0,-0.0150977140292525,690.0,-0.0397462844848633,690.0,-0.020136833190918,690.0,-0.0233242996037006,690.0,-0.0006444930913858,690.0,-0.0136680603027344,690.0,0.0306212436407804,690.0,0.0173320770263672,690.0,-0.0014023780822753,690.0,0.007597732823342,690.0,-0.003207016037777,690.0,-0.0310430526733398,690.0,-0.0004570007440634,690.0,0.0339180938899517,690.0,0.031496237963438,690.0,0.0263555534183979,690.0,-0.0395586974918842,690.0,-0.0052538872696459,690.0,-0.0257071498781443,690.0,0.10305118560791,690.0,0.115809060633183,690.0,0.0919495597481728
700.0,-0.0151679990813136,700.0,-0.0397852919995785,700.0,-0.0202852245420218,700.0,-0.0232930183410645,700.0,-0.0005898475646972,700.0,-0.0135664939880371,700.0,0.0307384487241507,700.0,0.0173164363950491,700.0,-0.0014492034679278,700.0,0.0074179652146995,700.0,-0.0032851218711584,700.0,-0.0309884082525969,700.0,-0.0003710746823344,700.0,0.0336524955928326,700.0,0.0314884185791016,700.0,0.0264883991330862,700.0,-0.0395118705928326,700.0,-0.005238342564553,700.0,-0.0257071498781443,700.0,0.102848052978516,700.0,0.115668393671513,700.0,0.091629222035408
710.0,-0.0152305606752634,710.0,-0.0398087501525879,710.0,-0.0204414371401072,710.0,-0.023261833935976,710.0,-0.0005273818969726,710.0,-0.0134649276733398,710.0,0.0308477412909269,710.0,0.0173086170107126,710.0,-0.0013008117675781,710.0,0.0072382926009595,710.0,-0.0033555030822753,710.0,-0.0309181213378906,710.0,-0.0002929687616415,710.0,0.033379077911377,710.0,0.0314884185791016,710.0,0.0266289710998535,710.0,-0.0394805930554867,710.0,-0.0052305222488939,710.0,-0.025855541229248,710.0,0.102652743458748,710.0,0.115535639226437,710.0,0.0913167968392372
720.0,-0.015293026342988,720.0,-0.0398322120308876,720.0,-0.0205742847174406,720.0,-0.0232383739203215,720.0,-0.0004570007440634,720.0,-0.0133633613586426,720.0,0.0309727676212788,720.0,0.0172930713742971,720.0,-0.0013398170704022,720.0,0.0070664407685399,720.0,-0.0034336091484874,720.0,-0.0308868419378996,720.0,-0.0002070426999125,720.0,0.0331055633723736,720.0,0.0314884185791016,720.0,0.026761818677187,720.0,-0.0394415855407715,720.0,-0.0052227019332349,720.0,-0.0260977745056152,720.0,0.102449610829353,720.0,0.115387156605721,720.0,0.0910042747855186
730.0,-0.0153476716950536,730.0,-0.039863396435976,730.0,-0.0207149516791105,730.0,-0.0232070926576853,730.0,-0.0003945350763387,730.0,-0.0132696153596044,730.0,0.031074333935976,730.0,0.0172774326056242,730.0,-0.0013710976345464,730.0,0.0068945884704589,730.0,-0.003496074816212,730.0,-0.0309259425848722,730.0,-0.0001289367646677,730.0,0.032832145690918,730.0,0.0314805991947651,730.0,0.0268946643918753,730.0,-0.0394103042781353,730.0,-0.0051992419175803,730.0,-0.0263009071350098,730.0,0.102246478199959,730.0,0.115238763391972,730.0,0.0906917601823807
740.0,-0.0154102323576808,740.0,-0.039879035204649,740.0,-0.0208555217832327,740.0,-0.0231836326420307,740.0,-0.0003242492675781,740.0,-0.0131680490449071,740.0,0.0311915408819914,740.0,0.0172617919743061,740.0,-0.0014023780822753,740.0,0.0067304610274732,740.0,-0.0035742761101573,740.0,-0.0309571269899607,740.0,-5.07354743604083e-05,740.0,0.0325821898877621,740.0,0.0314805991947651,740.0,0.0270274169743061,740.0,-0.0393633842468262,740.0,-0.0051992419175803,740.0,-0.0265118610113859,740.0,0.102043345570564,740.0,0.115090273320675,740.0,0.0903792381286621
750.0,-0.0154414176940918,750.0,-0.0398868583142757,750.0,-0.0209961887449026,750.0,-0.0231602676212788,750.0,-0.000238323220401,750.0,-0.0130664827302098,750.0,0.0313009284436703,750.0,0.0172383319586515,750.0,-0.0014413833850994,750.0,0.0065664290450513,750.0,-0.0036757469642907,750.0,-0.0309571269899607,750.0,1.17301942736958e-05,750.0,0.0323164947330952,750.0,0.0314727798104286,750.0,0.0271446239203215,750.0,-0.0393321998417377,750.0,-0.0051914216019213,750.0,-0.0265040397644043,750.0,0.10184021294117,750.0,0.114949703216553,750.0,0.0900589004158974
760.0,-0.0154883386567235,760.0,-0.0399024970829487,760.0,-0.0211367607116699,760.0,-0.0231524463742971,760.0,-0.0001679420529399,760.0,-0.0129727367311716,760.0,0.0313946716487408,760.0,0.0172305107116699,760.0,-0.0014883041149005,760.0,0.0064023970626294,760.0,-0.0037304877769202,760.0,-0.0307618137449026,760.0,8.98361249710433e-05,760.0,0.0320587158203125,760.0,0.0314727798104286,760.0,0.0272696502506733,760.0,-0.0392930991947651,760.0,-0.0051836012862622,760.0,-0.0266056060791016,760.0,0.101637080311775,760.0,0.114801220595837,760.0,0.0897542983293533
770.0,-0.0155429840087891,770.0,-0.0399259589612484,770.0,-0.0212696082890034,770.0,-0.0231133457273245,770.0,-0.0001132965116994,770.0,-0.0128633501008153,770.0,0.031496237963438,770.0,0.0172226913273335,770.0,-0.0015273094177246,770.0,0.0062460899353027,770.0,-0.0038007737603038,770.0,-0.0307228099554777,770.0,0.0001523017854196,770.0,0.0318009369075298,770.0,0.0314649604260921,770.0,0.0273946765810251,770.0,-0.0392540954053402,770.0,-0.0051679611206054,770.0,-0.0263320934027433,770.0,0.101441763341427,770.0,0.114652827382088,770.0,0.0894495993852615
780.0,-0.0155977252870798,780.0,-0.0399571433663368,780.0,-0.0214179996401072,780.0,-0.0230977069586515,780.0,-6.63757309666835e-05,780.0,-0.0127696041017771,780.0,0.0315821655094624,780.0,0.0171915050595999,780.0,-0.0015585899818688,780.0,0.0060820579528808,780.0,-0.0039023400750011,780.0,-0.0307149887084961,780.0,0.0002226829528808,780.0,0.0315508842468262,780.0,0.0314571373164654,780.0,0.0275117885321379,780.0,-0.0392149947583675,780.0,-0.0051601412706077,780.0,-0.0260899551212788,780.0,0.101238630712032,780.0,0.114504337310791,780.0,0.089137077331543
790.0,-0.0156445503234863,790.0,-0.0399806015193462,790.0,-0.0215508472174406,790.0,-0.0230743419378996,790.0,-3.91006460631615e-06,790.0,-0.0126758581027389,790.0,0.0316759124398232,790.0,0.0171758662909269,790.0,-0.0015820503467693,790.0,0.0059180259704589,790.0,-0.0039414404891431,790.0,-0.0307618137449026,790.0,0.0002851486206054,790.0,0.0312931053340435,790.0,0.0314571373164654,790.0,0.0276289936155081,790.0,-0.0391680710017681,790.0,-0.0051523209549486,790.0,-0.0261445995420218,790.0,0.101043321192265,790.0,0.114348128437996,790.0,0.0888323783874512
800.0,-0.0157071109861135,800.0,-0.040004063397646,800.0,-0.0216915141791105,800.0,-0.0230587013065815,800.0,5.85556044825353e-05,800.0,-0.0125664714723825,800.0,0.0317618362605572,800.0,0.0171680450439453,800.0,-0.0015976906288415,800.0,0.0057695391587913,800.0,-0.0040039061568677,800.0,-0.030738353729248,800.0,0.0003398895205464,800.0,0.0310430526733398,800.0,0.0314493179321289,800.0,0.0277540218085051,800.0,-0.0391290672123432,800.0,-0.0051445006392896,800.0,-0.0261680614203215,800.0,0.10084018856287,800.0,0.114191822707653,800.0,0.0885198637843132
810.0,-0.0157617572695017,810.0,-0.0400431640446186,810.0,-0.0218320842832327,810.0,-0.0230430606752634,810.0,0.0001054763779393,810.0,-0.0124727254733443,810.0,0.031839944422245,810.0,0.0171524044126272,810.0,-0.0016133309109136,810.0,0.0056289671920239,810.0,-0.0040741921402514,810.0,-0.0307461749762297,810.0,0.0003945350763387,810.0,0.0307852756232023,810.0,0.0314414985477924,810.0,0.0278712268918753,810.0,-0.039097785949707,810.0,-0.0051367762498557,810.0,-0.0265743266791105,810.0,0.100637152791023,810.0,0.114027790725231,810.0,0.0882073417305946
820.0,-0.0158086773008108,820.0,-0.0400665290653706,820.0,-0.0219649318605661,820.0,-0.0230274200439453,820.0,0.0001601219264557,820.0,-0.0123867988586426,820.0,0.031925868242979,820.0,0.0171289443969727,820.0,-0.0016366959316656,820.0,0.005488300230354,820.0,-0.0041445731185376,820.0,-0.0307071693241596,820.0,0.0004570007440634,820.0,0.0305430423468351,820.0,0.031433679163456,820.0,0.0279806144535542,820.0,-0.0390665046870708,820.0,-0.0051289559341967,820.0,-0.0266837123781443,820.0,0.100434020161629,820.0,0.113863758742809,820.0,0.0879026427865028
830.0,-0.0158555041998625,830.0,-0.0400899909436703,830.0,-0.0220977794378996,830.0,-0.0230196006596088,830.0,0.000230503079365,830.0,-0.0122930528596044,830.0,0.0319962501525879,830.0,0.0171211250126362,830.0,-0.0016523360973224,830.0,0.0053399088792502,830.0,-0.0042148591019213,830.0,-0.030738353729248,830.0,0.0005117416731081,830.0,0.0303009040653706,830.0,0.0314258597791195,830.0,0.0280977245420218,830.0,-0.0390353202819824,830.0,-0.0051211356185376,830.0,-0.0270040519535542,830.0,0.100223064422607,830.0,0.113707445561886,830.0,0.0875980406999588
840.0,-0.0159024242311716,840.0,-0.0401134490966797,840.0,-0.0222305301576853,840.0,-0.0230117794126272,840.0,0.0002851486206054,840.0,-0.012214851565659,840.0,0.0320743583142757,840.0,0.0170977599918842,840.0,-0.0016601562965661,840.0,0.0049961092881858,840.0,-0.0042851450853049,840.0,-0.0307228099554777,840.0,0.0005663871997967,840.0,0.0300664901733398,840.0,0.0314181335270405,840.0,0.0282071121037006,840.0,-0.0389962196350098,840.0,-0.0051133157685399,840.0,-0.0273399353027344,840.0,0.100019931793213,840.0,0.113543413579464,840.0,0.0872855186462402
850.0,-0.0159492492675781,850.0,-0.0401369109749794,850.0,-0.0223711971193552,850.0,-0.0229961406439543,850.0,0.00034761428833,850.0,-0.0121211055666208,850.0,0.0321368239820004,850.0,0.0170899387449026,850.0,-0.0016679763793945,850.0,0.0048477174714207,850.0,-0.0043555260635912,850.0,-0.0307071693241596,850.0,0.0006289482116699,850.0,0.0298321731388569,850.0,0.0314181335270405,850.0,0.0283164978027344,850.0,-0.0389572158455849,850.0,-0.0051054954528808,850.0,-0.0272852908819914,850.0,0.0998246222734451,850.0,0.113379381597042,850.0,0.0869886428117752
860.0,-0.0160039905458689,860.0,-0.0401759147644043,860.0,-0.0224961284548044,860.0,-0.0229883193969727,860.0,0.0003945350763387,860.0,-0.0120351789519191,860.0,0.0321993827819824,860.0,0.0170586593449116,860.0,-0.0016757965786382,860.0,0.0047851563431322,860.0,-0.0044258120469749,860.0,-0.0307539943605661,860.0,0.0006992340204305,860.0,0.0295977592468262,860.0,0.031410314142704,860.0,0.0284415241330862,860.0,-0.0389181151986122,860.0,-0.005089855287224,860.0,-0.0273946765810251,860.0,0.0996293053030968,860.0,0.113215260207653,860.0,0.0866839438676834
870.0,-0.0160508155822754,870.0,-0.0402071960270405,870.0,-0.0226367954164743,870.0,-0.0229805950075388,870.0,0.0004570007440634,870.0,-0.0119492532685399,870.0,0.032261848449707,870.0,0.0170430187135935,870.0,-0.0016836166614666,870.0,0.0047226906754076,870.0,-0.0044882777146995,870.0,-0.0307461749762297,870.0,0.0007616996881552,870.0,0.0293634422123432,870.0,0.0314024947583675,870.0,0.0285430904477835,870.0,-0.0388790145516396,870.0,-0.0050742151215672,870.0,-0.0272618290036917,870.0,0.0994261726737022,870.0,0.113051228225231,870.0,0.0863792449235916
880.0,-0.0161055568605661,880.0,-0.0402461998164654,880.0,-0.0227696429938078,880.0,-0.0229805950075388,880.0,0.0005039215320721,880.0,-0.0118711469694972,880.0,0.0322774909436703,880.0,0.0170195586979389,880.0,-0.001691436744295,880.0,0.0046445848420262,880.0,-0.0045430185273289,880.0,-0.0307618137449026,880.0,0.0008242607000283,880.0,0.0291368495672941,880.0,0.0313946716487408,880.0,0.0286524780094624,880.0,-0.0388478301465511,880.0,-0.0050663948059082,880.0,-0.0271524433046579,880.0,0.0992308631539345,880.0,0.112879373133183,880.0,0.0860745459794998
890.0,-0.0161445625126362,890.0,-0.0402618423104286,890.0,-0.0229023937135935,890.0,-0.0229805950075388,890.0,0.0005507469177246,890.0,-0.0117930416017771,890.0,0.0323009490966797,890.0,0.016996193677187,890.0,-0.001691436744295,890.0,0.0045742033980786,890.0,-0.0045820237137377,890.0,-0.0307696349918842,890.0,0.0008789062849245,890.0,0.0289180763065815,890.0,0.0313790328800678,890.0,0.0287540443241596,890.0,-0.0388087294995785,890.0,-0.0050663948059082,890.0,-0.0274180416017771,890.0,0.0990355536341667,890.0,0.112715244293213,890.0,0.0857776626944542
900.0,-0.0161836631596088,900.0,-0.040285300463438,900.0,-0.0230274200439453,900.0,-0.0229727756232023,900.0,0.0006054878467693,900.0,-0.0117071149870753,900.0,0.0323399566113949,900.0,0.0169727336615324,900.0,-0.0016992569435387,900.0,0.0044804573990404,900.0,-0.0046367645263671,900.0,-0.0308009143918753,900.0,0.0009336471557617,900.0,0.0286836624145508,900.0,0.0313633941113949,900.0,0.0288556106388569,900.0,-0.0387774482369423,900.0,-0.0050585749559104,900.0,-0.0275117885321379,900.0,0.0988324210047722,900.0,0.112543396651745,900.0,0.0854729637503624
910.0,-0.0162226688116789,910.0,-0.0403009429574013,910.0,-0.0231524463742971,910.0,-0.0229727756232023,910.0,0.0006444930913858,910.0,-0.0116367340087891,910.0,0.0323946960270405,910.0,0.0169492717832327,910.0,-0.001714801765047,910.0,0.00439453125,910.0,-0.0047226906754076,910.0,-0.0309181213378906,910.0,0.0009804725414142,910.0,0.0284493453800678,910.0,0.0313555710017681,910.0,0.0289571769535542,910.0,-0.0387384407222271,910.0,-0.0050507546402514,910.0,-0.0276759155094624,910.0,0.0986371040344238,910.0,0.112363718450069,910.0,0.0851682648062706
920.0,-0.0162539482116699,920.0,-0.0403244011104107,920.0,-0.023285198956728,920.0,-0.0229727756232023,920.0,0.0007148743025027,920.0,-0.0115586286410689,920.0,0.0324415229260921,920.0,0.0169336330145597,920.0,-0.0017226219642907,920.0,0.0043007852509617,920.0,-0.0047616958618164,920.0,-0.0310274120420218,920.0,0.0010195731883868,920.0,0.0282149314880371,920.0,0.0313477516174316,920.0,0.0290587432682514,920.0,-0.0387071631848812,920.0,-0.0050352099351584,920.0,-0.0278008468449116,920.0,0.0984417945146561,920.0,0.112191870808601,920.0,0.0848713889718056
930.0,-0.0162930488586426,930.0,-0.0403399467468262,930.0,-0.0234102252870798,930.0,-0.0229727756232023,930.0,0.0007773399702273,930.0,-0.0114883426576853,930.0,0.0324571616947651,930.0,0.0169024467468262,930.0,-0.0017304420471191,930.0,0.0041913986206054,930.0,-0.0048086168244481,930.0,-0.0311056133359671,930.0,0.0010663986904546,930.0,0.0279961582273245,930.0,0.0313399322330952,930.0,0.0291603095829487,930.0,-0.038675881922245,930.0,-0.0050195693038404,930.0,-0.0277070999145508,930.0,0.0982386618852615,930.0,0.112012103199959,930.0,0.0845745131373405
940.0,-0.0163242351263762,940.0,-0.0403477661311626,940.0,-0.0235430728644133,940.0,-0.0229727756232023,940.0,0.0008398056379519,940.0,-0.0114102363586426,940.0,0.0324962623417377,940.0,0.0168789867311716,940.0,-0.0017304420471191,940.0,0.0040898323059082,940.0,-0.0048632621765136,940.0,-0.0311524402350187,940.0,0.0011133194202557,940.0,0.0277853012084961,940.0,0.0313243865966797,940.0,0.029261875897646,940.0,-0.0386368744075298,940.0,-0.0050117494538426,940.0,-0.0276915561407804,940.0,0.0980433449149132,940.0,0.11184024810791,940.0,0.0842620879411697
950.0,-0.0163633357733488,950.0,-0.0403790473937988,950.0,-0.0236680991947651,950.0,-0.0229727756232023,950.0,0.0009023666498251,950.0,-0.0113320350646973,950.0,0.0325430892407894,950.0,0.0168477054685354,950.0,-0.0017304420471191,950.0,0.0039882659912109,950.0,-0.0049258233048021,950.0,-0.0311837196350098,950.0,0.0011601448059082,950.0,0.0275665279477835,950.0,0.0313165672123432,950.0,0.0293556209653616,950.0,-0.0385977737605572,950.0,-0.0049961092881858,950.0,-0.0278399474918842,950.0,0.0978480353951454,950.0,0.111668400466442,950.0,0.0839730277657509
960.0,-0.0163946151733398,960.0,-0.0403868667781353,960.0,-0.0238008499145508,960.0,-0.0229727756232023,960.0,0.0009491920354776,960.0,-0.0112617490813136,960.0,0.032597828656435,960.0,0.0168242454528809,960.0,-0.0017382622463628,960.0,0.0038866996765136,960.0,-0.0049648284912109,960.0,-0.0312227252870798,960.0,0.0011992454528808,960.0,0.0273555759340525,960.0,0.0313087478280067,960.0,0.0294493678957224,960.0,-0.0385665893554688,960.0,-0.0049804686568677,960.0,-0.0278243068605661,960.0,0.0976527258753777,960.0,0.111496545374393,960.0,0.0836761519312859
970.0,-0.0164336208254099,970.0,-0.040410328656435,970.0,-0.0239180568605661,970.0,-0.0229727756232023,970.0,0.0009961128234863,970.0,-0.0111836437135935,970.0,0.0326446555554867,970.0,0.0168008804321289,970.0,-0.0017460823291912,970.0,0.0037774087395519,970.0,-0.0050117494538426,970.0,-0.0312696471810341,970.0,0.0012382507557049,970.0,0.0271446239203215,970.0,0.0313009284436703,970.0,0.0295509342104197,970.0,-0.0385353080928326,970.0,-0.0049648284912109,970.0,-0.0275821685791016,970.0,0.0974652320146561,970.0,0.111316874623299,970.0,0.0833792686462402
980.0,-0.0164727214723825,980.0,-0.0404337905347347,980.0,-0.024043083190918,980.0,-0.0229649543762207,980.0,0.0010507584083825,980.0,-0.0111133577302098,980.0,0.0327149406075478,980.0,0.0167852398008108,980.0,-0.0017460823291912,980.0,0.0036680221091955,980.0,-0.0050742151215672,980.0,-0.0313242934644222,980.0,0.0012773514026776,980.0,0.0269336700439453,980.0,0.0312931053340435,980.0,0.0296368598937988,980.0,-0.0385118499398232,980.0,-0.0049491883255541,980.0,-0.0274336822330952,980.0,0.0972699150443077,980.0,0.111137107014656,980.0,0.0830902084708214
990.0,-0.0165040027350187,990.0,-0.0404493324458599,990.0,-0.0241602901369333,990.0,-0.0229649543762207,990.0,0.0011054993374273,990.0,-0.0110507970675826,990.0,0.0327696800231934,990.0,0.0167539604008198,990.0,-0.0017617226112633,990.0,0.0035586357116699,990.0,-0.0051211356185376,990.0,-0.0313868522644043,990.0,0.0013164520496502,990.0,0.0267539974302053,990.0,0.0312774665653706,990.0,0.0297306068241596,990.0,-0.038472842425108,990.0,-0.0049414634704589,990.0,-0.0272305496037006,990.0,0.0970746055245399,990.0,0.110957436263561,990.0,0.0827933326363564
1000.0,-0.0165351871401072,1000.0,-0.0404727943241596,1000.0,-0.0242774020880461,1000.0,-0.0229649543762207,1000.0,0.0011601448059082,1000.0,-0.0109726907685399,1000.0,0.032832145690918,1000.0,0.0167305003851652,1000.0,-0.0017617226112633,1000.0,0.0034492493141442,1000.0,-0.0051757814362645,1000.0,-0.0314414985477924,1000.0,0.0013554573524743,1000.0,0.0265665054321289,1000.0,0.0312696471810341,1000.0,0.0298243518918753,1000.0,-0.0384493842720985,1000.0,-0.0049258233048021,1000.0,-0.0275821685791016,1000.0,0.0968792960047722,1000.0,0.110777758061886,1000.0,0.0825041756033897
1010.0,-0.0165664684027433,1010.0,-0.0404962562024593,1010.0,-0.0244024284183979,1010.0,-0.0229727756232023,1010.0,0.0011992454528808,1010.0,-0.0109024047851563,1010.0,0.0328712463378906,1010.0,0.0166993141174316,1010.0,-0.0017695426940918,1010.0,0.0033320428337901,1010.0,-0.0052305222488939,1010.0,-0.0314649604260921,1010.0,0.0013945579994469,1010.0,0.026371194049716,1010.0,0.0312540046870708,1010.0,0.0299180988222361,1010.0,-0.0384024642407894,1010.0,-0.0049180029891431,1010.0,-0.0279102325439453,1010.0,0.0966839790344238,1010.0,0.110590271651745,1010.0,0.0822151228785515
1020.0,-0.0165977478027344,1020.0,-0.0405197143554688,1020.0,-0.0245118141174316,1020.0,-0.0229727756232023,1020.0,0.0012460708385333,1020.0,-0.010839844122529,1020.0,0.0329415313899517,1020.0,0.0166758541017771,1020.0,-0.0017773628933355,1020.0,0.0032226562034338,1020.0,-0.0053320885635912,1020.0,-0.0315274260938168,1020.0,0.0014257431030273,1020.0,0.0261758808046579,1020.0,0.0312383659183979,1020.0,0.0300118457525969,1020.0,-0.0383712761104107,1020.0,-0.0049023628234863,1020.0,-0.0280977245420218,1020.0,0.0964886695146561,1020.0,0.110402777791023,1020.0,0.0819182395935059
1030.0,-0.0166367534548044,1030.0,-0.0405352599918842,1030.0,-0.024629021063447,1030.0,-0.0229727756232023,1030.0,0.0013008117675781,1030.0,-0.0107773784548044,1030.0,0.0329961776733398,1030.0,0.0166445728391409,1030.0,-0.0017851829761639,1030.0,0.0031132698059082,1030.0,-0.0053320885635912,1030.0,-0.0315508842468262,1030.0,0.00146484375,1030.0,0.0259805675595999,1030.0,0.0312305446714163,1030.0,0.030097771435976,1030.0,-0.0383478179574013,1030.0,-0.0048867226578295,1030.0,-0.0280352588742971,1030.0,0.0962855368852615,1030.0,0.110223107039928,1030.0,0.081629179418087
1040.0,-0.0166680347174406,1040.0,-0.0405665412545204,1040.0,-0.0247462280094624,1040.0,-0.0229727756232023,1040.0,0.0013398170704022,1040.0,-0.0107149127870798,1040.0,0.0329806320369244,1040.0,0.0166212078183889,1040.0,-0.0017930030589923,1040.0,0.0030038834083825,1040.0,-0.0053945542313158,1040.0,-0.0315899848937988,1040.0,0.0014961243141442,1040.0,0.0257930755615234,1040.0,0.0312071796506643,1040.0,0.0301915165036917,1040.0,-0.0383087173104286,1040.0,-0.0048789023421704,1040.0,-0.0282852184027433,1040.0,0.0960902199149132,1040.0,0.110035613179207,1040.0,0.0813401266932487
1050.0,-0.0166993141174316,1050.0,-0.0405743606388569,1050.0,-0.0248555187135935,1050.0,-0.0229727756232023,1050.0,0.0013789177173748,1050.0,-0.0106445318087935,1050.0,0.0329649932682514,1050.0,0.0165899284183979,1050.0,-0.001800823258236,1050.0,0.0028945922385901,1050.0,-0.0054336548782885,1050.0,-0.0316133499145508,1050.0,0.0015429496997967,1050.0,0.025605583563447,1050.0,0.0311915408819914,1050.0,0.030277444049716,1050.0,-0.0382775329053402,1050.0,-0.0048632621765136,1050.0,-0.0280430801212788,1050.0,0.0958949103951454,1050.0,0.109848119318485,1050.0,0.0810510665178299
1060.0,-0.0167383197695017,1060.0,-0.0406056419014931,1060.0,-0.0249727256596088,1060.0,-0.0229727756232023,1060.0,0.0014101982815191,1060.0,-0.0105820661410689,1060.0,0.0329493544995785,1060.0,0.0165586471557617,1060.0,-0.0018086433410644,1060.0,0.0027852058410644,1060.0,-0.0054804803803563,1060.0,-0.0316680930554867,1060.0,0.0015742302639409,1060.0,0.0254180915653706,1060.0,0.0311759002506733,1060.0,0.0303633697330952,1060.0,-0.038246251642704,1060.0,-0.0048554423265159,1060.0,-0.0280430801212788,1060.0,0.0956917777657509,1060.0,0.109652809798717,1060.0,0.0807698294520378
1070.0,-0.0167696010321379,1070.0,-0.0406368263065815,1070.0,-0.0250821113586426,1070.0,-0.0229727756232023,1070.0,0.0014492034679278,1070.0,-0.0105274198576808,1070.0,0.0329493544995785,1070.0,0.0165351871401072,1070.0,-0.0018163680797442,1070.0,0.0026836395263671,1070.0,-0.0055352211929857,1070.0,-0.031628992408514,1070.0,0.0016055107116699,1070.0,0.0252384189516306,1070.0,0.0311602596193552,1070.0,0.0304492954164743,1070.0,-0.0382227897644043,1070.0,-0.0048398971557617,1070.0,-0.0280587207525969,1070.0,0.0954886451363564,1070.0,0.109465219080448,1070.0,0.080480769276619
1080.0,-0.0168008804321289,1080.0,-0.0406524650752544,1080.0,-0.0251993183046579,1080.0,-0.0229727756232023,1080.0,0.0014961243141442,1080.0,-0.0104648591950536,1080.0,0.0329649932682514,1080.0,0.0164961814880371,1080.0,-0.0018320083618164,1080.0,0.0025820732116699,1080.0,-0.0055898665450513,1080.0,-0.0314727798104286,1080.0,0.001644516014494,1080.0,0.0250431057065725,1080.0,0.0311290752142668,1080.0,0.0305353160947561,1080.0,-0.0381993316113949,1080.0,-0.0048320773057639,1080.0,-0.0277227405458689,1080.0,0.0952776893973351,1080.0,0.10926990956068,1080.0,0.0801917091012001
1090.0,-0.0168320666998625,1090.0,-0.0406681075692177,1090.0,-0.0253087040036917,1090.0,-0.0229649543762207,1090.0,0.0015429496997967,1090.0,-0.010410213842988,1090.0,0.0329571738839149,1090.0,0.0164727214723825,1090.0,-0.0018398285610601,1090.0,0.0024805068969726,1090.0,-0.0056133270263671,1090.0,-0.0315665267407894,1090.0,0.0016757965786382,1090.0,0.0248711593449116,1090.0,0.0311134345829487,1090.0,0.0306212436407804,1090.0,-0.0381759665906429,1090.0,-0.0048242569901049,1090.0,-0.0275039672851563,1090.0,0.0950823798775673,1090.0,0.109074592590332,1090.0,0.0799026489257813
1100.0,-0.016855526715517,1100.0,-0.0406837463378906,1100.0,-0.0254180915653706,1100.0,-0.0229649543762207,1100.0,0.0015820503467693,1100.0,-0.0103554725646973,1100.0,0.0330196395516396,1100.0,0.0164414402097464,1100.0,-0.0018398285610601,1100.0,0.0023789405822753,1100.0,-0.0056523322127759,1100.0,-0.0316524505615234,1100.0,0.0017070770263671,1100.0,0.0246993061155081,1100.0,0.0310977939516306,1100.0,0.030699348077178,1100.0,-0.0381446853280067,1100.0,-0.0048164366744458,1100.0,-0.0274961479008198,1100.0,0.0948792472481728,1100.0,0.10888709872961,1100.0,0.0796135887503624
1110.0,-0.0168868061155081,1110.0,-0.0407072082161903,1110.0,-0.0255196578800678,1110.0,-0.0229571349918842,1110.0,0.001621150993742,1110.0,-0.0102851865813136,1110.0,0.0330587401986122,1110.0,0.0164024364203215,1110.0,-0.0018398285610601,1110.0,0.0022773742675781,1110.0,-0.0056914328597486,1110.0,-0.0317227356135845,1110.0,0.0017382622463628,1110.0,0.0245352741330862,1110.0,0.0310821533203125,1110.0,0.0307852756232023,1110.0,-0.0381055846810341,1110.0,-0.0048086168244481,1110.0,-0.0274727828800678,1110.0,0.0946761146187782,1110.0,0.108691789209843,1110.0,0.0793323516845703
1120.0,-0.0169179923832417,1120.0,-0.0407306663691998,1120.0,-0.0256290435791016,1120.0,-0.0229571349918842,1120.0,0.0016679763793945,1120.0,-0.010230541229248,1120.0,0.0330977439880371,1120.0,0.0163711551576853,1120.0,-0.0018476486438885,1120.0,0.002160167787224,1120.0,-0.0057538985274732,1120.0,-0.031839944422245,1120.0,0.0017695426940918,1120.0,0.0243634227663279,1120.0,0.0310586933046579,1120.0,0.0308712013065815,1120.0,-0.0380822196602821,1120.0,-0.004800796508789,1120.0,-0.0274806022644043,1120.0,0.0944808050990105,1120.0,0.108488656580448,1120.0,0.0790511146187782
1130.0,-0.0169492717832327,1130.0,-0.0407462120056152,1130.0,-0.0257306098937988,1130.0,-0.0229571349918842,1130.0,0.0017070770263671,1130.0,-0.0101758008822799,1130.0,0.0331212058663368,1130.0,0.0163320545107126,1130.0,-0.0018554687267169,1130.0,0.002082061721012,1130.0,-0.005777359008789,1130.0,-0.0318087600171566,1130.0,0.001800823258236,1130.0,0.0241992957890034,1130.0,0.0310430526733398,1130.0,0.0309493076056242,1130.0,-0.038050938397646,1130.0,-0.0047929766587913,1130.0,-0.0276992805302143,1130.0,0.0942698493599892,1130.0,0.108277797698975,1130.0,0.0787698775529861
1140.0,-0.0169805530458689,1140.0,-0.0407618544995785,1140.0,-0.02583990059793,1140.0,-0.0229493137449026,1140.0,0.0017460823291912,1140.0,-0.0101211545988917,1140.0,0.0331368446350098,1140.0,0.0162852294743061,1140.0,-0.001871109008789,1140.0,0.0019804954063147,1140.0,-0.0058320048265159,1140.0,-0.0319025032222271,1140.0,0.0018320083618164,1140.0,0.0240274425595999,1140.0,0.0310196876525879,1140.0,0.0310352332890034,1140.0,-0.0380274765193462,1140.0,-0.0047851563431322,1140.0,-0.0277462005615234,1140.0,0.0940668135881424,1140.0,0.10807466506958,1140.0,0.0784885436296463
1150.0,-0.0170040130615234,1150.0,-0.0407774932682514,1150.0,-0.0259336475282907,1150.0,-0.0229493137449026,1150.0,0.0017851829761639,1150.0,-0.0100585939362645,1150.0,0.0331368446350098,1150.0,0.0162617694586515,1150.0,-0.001871109008789,1150.0,0.0018867492908611,1150.0,-0.0058632851578295,1150.0,-0.0318790450692177,1150.0,0.0018632889259606,1150.0,0.0238712318241596,1150.0,0.0310040470212698,1150.0,0.0311134345829487,1150.0,-0.0379961989820004,1150.0,-0.0047773360274732,1150.0,-0.0274727828800678,1150.0,0.0938636809587479,1150.0,0.107879355549812,1150.0,0.0782073065638542
1160.0,-0.017035199329257,1160.0,-0.0408009551465511,1160.0,-0.026035213842988,1160.0,-0.0229414943605661,1160.0,0.0018320083618164,1160.0,-0.010003948584199,1160.0,0.033152487128973,1160.0,0.0162304881960154,1160.0,-0.0018789292080327,1160.0,0.0017930030589923,1160.0,-0.0059023858048021,1160.0,-0.0308712013065815,1160.0,0.0019023895729333,1160.0,0.0237149242311716,1160.0,0.0309884082525969,1160.0,0.0311915408819914,1160.0,-0.0379650108516216,1160.0,-0.0047695161774754,1160.0,-0.0272383689880371,1160.0,0.0936605483293533,1160.0,0.107668399810791,1160.0,0.0779260620474815
1170.0,-0.0170586593449116,1170.0,-0.0408087745308876,1170.0,-0.0261289607733488,1170.0,-0.0229336749762297,1170.0,0.001871109008789,1170.0,-0.0099492073059082,1170.0,0.0331837646663189,1170.0,0.0161993037909269,1170.0,-0.0018867492908611,1170.0,0.0017070770263671,1170.0,-0.005925846286118,1170.0,-0.0306290630251169,1170.0,0.0019335746765136,1170.0,0.0235587116330862,1170.0,0.0309805870056152,1170.0,0.0312696471810341,1170.0,-0.0379337333142757,1170.0,-0.0047538760118186,1170.0,-0.0268790256232023,1170.0,0.093449592590332,1170.0,0.107465267181396,1170.0,0.0776448249816895
1180.0,-0.0170899387449026,1180.0,-0.0408244132995605,1180.0,-0.0262227058410645,1180.0,-0.0229336749762297,1180.0,0.0019179343944415,1180.0,-0.0098867416381835,1180.0,0.033238410949707,1180.0,0.0161680225282907,1180.0,-0.0018867492908611,1180.0,0.0016133309109136,1180.0,-0.0059648514725267,1180.0,-0.0305665023624897,1180.0,0.0019570351578295,1180.0,0.0233945846557617,1180.0,0.0309649463742971,1180.0,0.0313399322330952,1180.0,-0.037910271435976,1180.0,-0.0047383308410644,1180.0,-0.026761818677187,1180.0,0.0932464599609375,1180.0,0.107262134552002,1180.0,0.0773635879158974
1190.0,-0.0171211250126362,1190.0,-0.0408477783203125,1190.0,-0.0263242721557617,1190.0,-0.022925853729248,1190.0,0.0019570351578295,1190.0,-0.009832096286118,1190.0,0.0332618728280067,1190.0,0.0161055568605661,1190.0,-0.0019023895729333,1190.0,0.0015195846790447,1190.0,-0.0060039521194994,1190.0,-0.0305977817624807,1190.0,0.0019883157219737,1190.0,0.0232383739203215,1190.0,0.0309493076056242,1190.0,0.0314181335270405,1190.0,-0.0378790870308876,1190.0,-0.0047226906754076,1190.0,-0.0265899654477835,1190.0,0.093043327331543,1190.0,0.107051186263561,1190.0,0.0770901665091515
1200.0,-0.0171524044126272,1200.0,-0.0408790595829487,1200.0,-0.0264180190861225,1200.0,-0.0229180343449116,1200.0,0.0019804954063147,1200.0,-0.0097773550078272,1200.0,0.0332853309810162,1200.0,0.01607427559793,1200.0,-0.0018945693736895,1200.0,0.001433563302271,1200.0,-0.0060429573059082,1200.0,-0.0306524280458689,1200.0,0.0020195008255541,1200.0,0.0230821613222361,1200.0,0.0309337619692087,1200.0,0.0314884185791016,1200.0,-0.0378556251525879,1200.0,-0.0047148703597486,1200.0,-0.0266993530094624,1200.0,0.0928401947021484,1200.0,0.10684023052454,1200.0,0.0768166556954384
1210.0,-0.0171836856752634,1210.0,-0.0408946983516216,1210.0,-0.0265118610113859,1210.0,-0.0229180343449116,1210.0,0.0020195008255541,1210.0,-0.0097227096557617,1210.0,0.0332930572330952,1210.0,0.0160508155822754,1210.0,-0.0019023895729333,1210.0,0.0013398170704022,1210.0,-0.0060898782685399,1210.0,-0.0307149887084961,1210.0,0.0020507813896983,1210.0,0.022925853729248,1210.0,0.0309181213378906,1210.0,0.0315665267407894,1210.0,-0.0378321669995785,1210.0,-0.0047148703597486,1210.0,-0.0266758929938078,1210.0,0.0926292464137077,1210.0,0.106621459126472,1210.0,0.0765432342886925
1220.0,-0.0172070506960154,1220.0,-0.0409181602299213,1220.0,-0.0266133304685354,1220.0,-0.02291021309793,1220.0,0.0020507813896983,1220.0,-0.00967578869313,1220.0,0.0333243384957314,1220.0,0.016019631177187,1220.0,-0.0019023895729333,1220.0,0.001253891037777,1220.0,-0.0061211585998535,1220.0,-0.0308009143918753,1220.0,0.0020742416381835,1220.0,0.0227696429938078,1220.0,0.0309103019535542,1220.0,0.0316368117928505,1220.0,-0.0378008857369423,1220.0,-0.0046992301940918,1220.0,-0.0267227180302143,1220.0,0.0924261137843132,1220.0,0.106410600244999,1220.0,0.0762619972229004
1230.0,-0.0172383319586515,1230.0,-0.0409337058663368,1230.0,-0.0266993530094624,1230.0,-0.0229023937135935,1230.0,0.002089882036671,1230.0,-0.0096289636567235,1230.0,0.0333556197583675,1230.0,0.0159805305302143,1230.0,-0.0019101143116131,1230.0,0.0011679650051519,1230.0,-0.0061601637862622,1230.0,-0.0308399200439453,1230.0,0.0021055222023278,1230.0,0.0226211547851563,1230.0,0.0309024807065725,1230.0,0.0317071937024593,1230.0,-0.0377697013318539,1230.0,-0.004691410344094,1230.0,-0.0266915317624807,1230.0,0.0922229811549187,1230.0,0.106199644505978,1230.0,0.0759885832667351
1240.0,-0.0172696113586426,1240.0,-0.0409571640193462,1240.0,-0.0267852786928415,1240.0,-0.022894574329257,1240.0,0.0021288872230798,1240.0,-0.0095742223784327,1240.0,0.0334102623164654,1240.0,0.0159492492675781,1240.0,-0.0019257545936852,1240.0,0.0010820388561114,1240.0,-0.0061914445832371,1240.0,-0.0308868419378996,1240.0,0.0021367073059082,1240.0,0.0224727634340525,1240.0,0.0308868419378996,1240.0,0.0317852981388569,1240.0,-0.0377462394535542,1240.0,-0.0046835900284349,1240.0,-0.0270899776369333,1240.0,0.0920121222734451,1240.0,0.105988696217537,1240.0,0.0757151618599892
1250.0,-0.0172930713742971,1250.0,-0.0409728065133095,1250.0,-0.0268712043762207,1250.0,-0.022894574329257,1250.0,0.0021523477043956,1250.0,-0.0095273973420262,1250.0,0.0334571860730648,1250.0,0.0159102436155081,1250.0,-0.0019257545936852,1250.0,0.0009961128234863,1250.0,-0.0062226294539868,1250.0,-0.0309493076056242,1250.0,0.002160167787224,1250.0,0.0223320964723825,1250.0,0.0308712013065815,1250.0,0.031855583190918,1250.0,-0.037714958190918,1250.0,-0.0046679498627781,1250.0,-0.0269258506596088,1250.0,0.0918167158961296,1250.0,0.105777740478516,1250.0,0.0754417404532433
1260.0,-0.0173164363950491,1260.0,-0.0410040877759457,1260.0,-0.0269571300595999,1260.0,-0.022886848077178,1260.0,0.0021758079528808,1260.0,-0.0094804763793945,1260.0,0.0334806442260742,1260.0,0.015878964215517,1260.0,-0.0019335746765136,1260.0,0.0009180069318972,1260.0,-0.0062695504166185,1260.0,-0.0308087356388569,1260.0,0.0021836280357092,1260.0,0.0221915245056152,1260.0,0.0308633800595999,1260.0,0.031925868242979,1260.0,-0.0376759544014931,1260.0,-0.0046601295471191,1260.0,-0.027011776342988,1260.0,0.0916136726737022,1260.0,0.105566792190075,1260.0,0.0751682296395302
1270.0,-0.0173477176576853,1270.0,-0.0410119071602821,1270.0,-0.0270508769899607,1270.0,-0.0228790286928415,1270.0,0.0022226334549486,1270.0,-0.009433651342988,1270.0,0.0335509292781353,1270.0,0.0158398635685444,1270.0,-0.0019492149585858,1270.0,0.0008320808410644,1270.0,-0.0063086510635912,1270.0,-0.0308633800595999,1270.0,0.0022148133721202,1270.0,0.0220508575439453,1270.0,0.0308477412909269,1270.0,0.0319962501525879,1270.0,-0.0376524925231934,1270.0,-0.0046445848420262,1270.0,-0.0270508769899607,1270.0,0.0914105400443077,1270.0,0.105355836451054,1270.0,0.074902631342411
1280.0,-0.0173711776733398,1280.0,-0.0410352721810341,1280.0,-0.0271368026733398,1280.0,-0.0228712093085051,1280.0,0.0022539140190929,1280.0,-0.0093945506960153,1280.0,0.0336290374398232,1280.0,0.0158008579164743,1280.0,-0.0019648552406579,1280.0,0.0007538795471191,1280.0,-0.00634765625,1280.0,-0.0309259425848722,1280.0,0.002230453537777,1280.0,0.0219024661928415,1280.0,0.030824376270175,1280.0,0.032050896435976,1280.0,-0.0376212112605572,1280.0,-0.0046445848420262,1280.0,-0.0271446239203215,1280.0,0.0912074074149132,1280.0,0.105137161910534,1280.0,0.0746292099356651
1290.0,-0.0173946376889944,1290.0,-0.041050910949707,1290.0,-0.0272149089723825,1290.0,-0.0228633880615234,1290.0,0.0022773742675781,1290.0,-0.0093477247282862,1290.0,0.0337149612605572,1290.0,0.0157539378851652,1290.0,-0.0019804954063147,1290.0,0.000667953514494,1290.0,-0.0064023970626294,1290.0,-0.0309336669743061,1290.0,0.0022617341019213,1290.0,0.0217696186155081,1290.0,0.0308087356388569,1290.0,0.0321211814880371,1290.0,-0.0375977531075478,1290.0,-0.0046289446763694,1290.0,-0.0274180416017771,1290.0,0.0910042747855186,1290.0,0.104934029281139,1290.0,0.0743557959794998
1300.0,-0.017425823956728,1300.0,-0.0410665534436703,1300.0,-0.0273008346557617,1300.0,-0.022855568677187,1300.0,0.0023085593711584,1300.0,-0.009292984381318,1300.0,0.0338008888065815,1300.0,0.0157227516174316,1300.0,-0.0019961358048021,1300.0,0.0005898475646972,1300.0,-0.0064257620833814,1300.0,-0.0309805870056152,1300.0,0.0022851943504065,1300.0,0.0216289516538382,1300.0,0.0307930950075388,1300.0,0.032191563397646,1300.0,-0.0375587455928326,1300.0,-0.0046133040450513,1300.0,-0.0276915561407804,1300.0,0.0908089652657509,1300.0,0.104723073542118,1300.0,0.0740901008248329
1310.0,-0.0174492839723825,1310.0,-0.0410743728280067,1310.0,-0.027379035949707,1310.0,-0.0228477474302053,1310.0,0.0023398399353027,1310.0,-0.009246158413589,1310.0,0.033878993242979,1310.0,0.0156680103391409,1310.0,-0.0020116807427257,1310.0,0.0005117416731081,1310.0,-0.006464862730354,1310.0,-0.0310430526733398,1310.0,0.0023085593711584,1310.0,0.0214962009340525,1310.0,0.0307774543762207,1310.0,0.032261848449707,1310.0,-0.0375352874398232,1310.0,-0.0046054841950535,1310.0,-0.0275899898260832,1310.0,0.0906058326363564,1310.0,0.104512117803097,1310.0,0.0738245025277138
1320.0,-0.0174727439880371,1320.0,-0.0410978309810162,1320.0,-0.0274649616330862,1320.0,-0.0228321086615324,1320.0,0.0023711204994469,1320.0,-0.0092070577666163,1320.0,0.0339415557682514,1320.0,0.0156445503234863,1320.0,-0.0020195008255541,1320.0,0.0004336357233114,1320.0,-0.0064961435273289,1320.0,-0.0310899745672941,1320.0,0.0023241997696459,1320.0,0.0213711746037006,1320.0,0.0307618137449026,1320.0,0.0323243141174316,1320.0,-0.0375118255615234,1320.0,-0.0045976638793945,1320.0,-0.0276368148624897,1320.0,0.0904027000069618,1320.0,0.104293346405029,1320.0,0.0735589042305946
1330.0,-0.0174961090087891,1330.0,-0.0411134734749794,1330.0,-0.0275508891791105,1330.0,-0.0228242874145508,1330.0,0.0024024010635912,1330.0,-0.0091679571196436,1330.0,0.0340274833142757,1330.0,0.0155977252870798,1330.0,-0.0020273209083825,1330.0,0.0003632545412983,1330.0,-0.0065273283980786,1330.0,-0.0311367996037006,1330.0,0.0023554803337901,1330.0,0.0212305076420307,1330.0,0.0307461749762297,1330.0,0.032386876642704,1330.0,-0.037480641156435,1330.0,-0.0045820237137377,1330.0,-0.0280508995056152,1330.0,0.0901995673775673,1330.0,0.104082398116589,1330.0,0.0732932090759277
1340.0,-0.0175195690244436,1340.0,-0.0411290191113949,1340.0,-0.0276368148624897,1340.0,-0.0228164680302143,1340.0,0.00244140625,1340.0,-0.0091289523988962,1340.0,0.0340899489820004,1340.0,0.0155508043244481,1340.0,-0.0020429610740393,1340.0,0.0002929687616415,1340.0,-0.0065664290450513,1340.0,-0.0311759002506733,1340.0,0.0023789405822753,1340.0,0.0210899356752634,1340.0,0.0307306293398142,1340.0,0.0324493423104286,1340.0,-0.0374493598937988,1340.0,-0.0045663835480809,1340.0,-0.0278399474918842,1340.0,0.0900042578577995,1340.0,0.103871539235115,1340.0,0.0730197951197624
1350.0,-0.0175430309027433,1350.0,-0.0411368384957314,1350.0,-0.0277149211615324,1350.0,-0.0228086467832327,1350.0,0.0024648667313158,1350.0,-0.0090820314362645,1350.0,0.0341525077819824,1350.0,0.0155039792880416,1350.0,-0.0020507813896983,1350.0,0.0002148628263967,1350.0,-0.006613350007683,1350.0,-0.0312383659183979,1350.0,0.0023945809807628,1350.0,0.0209805499762297,1350.0,0.0307149887084961,1350.0,0.0325118079781532,1350.0,-0.0374180786311626,1350.0,-0.0045508383773267,1350.0,-0.0277540218085051,1350.0,0.0898089408874512,1350.0,0.103660583496094,1350.0,0.0727620124816895
1360.0,-0.0175664909183979,1360.0,-0.0411524772644043,1360.0,-0.02779302559793,1360.0,-0.0228008273988962,1360.0,0.0024961472954601,1360.0,-0.0090430257841944,1360.0,0.0342071540653706,1360.0,0.0154648786410689,1360.0,-0.0020586014725267,1360.0,0.0001445770321879,1360.0,-0.0066601755097508,1360.0,-0.0313712134957314,1360.0,0.0024101256858557,1360.0,0.0208555217832327,1360.0,0.0306915286928415,1360.0,0.0325821898877621,1360.0,-0.0373790748417377,1360.0,-0.0045351982116699,1360.0,-0.027402400970459,1360.0,0.0896136313676834,1360.0,0.103457450866699,1360.0,0.0724964141845703
1370.0,-0.017582131549716,1370.0,-0.0411681197583675,1370.0,-0.0278712268918753,1370.0,-0.0227930080145597,1370.0,0.0025273323990404,1370.0,-0.0090039251372218,1370.0,0.0342696197330952,1370.0,0.0154258729889989,1370.0,-0.0020742416381835,1370.0,7.41958647267893e-05,1370.0,-0.0066679953597486,1370.0,-0.0314493179321289,1370.0,0.00244140625,1370.0,0.0207305904477835,1370.0,0.0306758880615234,1370.0,0.0326446555554867,1370.0,-0.0373477935791016,1370.0,-0.0045195580460131,1370.0,-0.0265430454164743,1370.0,0.0894183143973351,1370.0,0.103246502578259,1370.0,0.0722385421395302
1380.0,-0.0176054965704679,1380.0,-0.041175939142704,1380.0,-0.027949333190918,1380.0,-0.0227774623781443,1380.0,0.0025664330460131,1380.0,-0.0089649204164743,1380.0,0.0343243591487408,1380.0,0.0153789520263672,1380.0,-0.002089882036671,1380.0,1.17301942736958e-05,1380.0,-0.0066914558410644,1380.0,-0.0315352454781532,1380.0,0.0024570466484874,1380.0,0.0206133853644133,1380.0,0.0306602474302053,1380.0,0.0327071212232113,1380.0,-0.0373165123164654,1380.0,-0.0044960975646972,1380.0,-0.0257617961615324,1380.0,0.0892308279871941,1380.0,0.103043369948864,1380.0,0.0719807669520378
1390.0,-0.0176211353391409,1390.0,-0.041191577911377,1390.0,-0.0280274394899607,1390.0,-0.0227774623781443,1390.0,0.0025898932944983,1390.0,-0.0089179994538426,1390.0,0.034355640411377,1390.0,0.0153399473056197,1390.0,-0.0020977021194994,1390.0,-5.85556044825353e-05,1390.0,-0.0067226411774754,1390.0,-0.0315587036311626,1390.0,0.0024805068969726,1390.0,0.0204961784183979,1390.0,0.0306446086615324,1390.0,0.0327618606388569,1390.0,-0.0372931472957134,1390.0,-0.0044804573990404,1390.0,-0.0252384189516306,1390.0,0.0890355110168457,1390.0,0.102832414209843,1390.0,0.0717228874564171
1400.0,-0.0176445972174406,1400.0,-0.0412072204053402,1400.0,-0.0280977245420218,1400.0,-0.0227618217468262,1400.0,0.0026367187965661,1400.0,-0.0088788988068699,1400.0,0.0343868248164654,1400.0,0.0153008466586471,1400.0,-0.002089882036671,1400.0,-0.0001211166381835,1400.0,-0.006753921508789,1400.0,-0.0316602699458599,1400.0,0.0025038719177246,1400.0,0.0203789714723825,1400.0,0.0306290630251169,1400.0,0.0328243263065815,1400.0,-0.0372462272644043,1400.0,-0.0044804573990404,1400.0,-0.0252617839723825,1400.0,0.0888480171561241,1400.0,0.102621458470821,1400.0,0.0714729353785515
1410.0,-0.0176602359861135,1410.0,-0.0412150397896767,1410.0,-0.0281681064516306,1410.0,-0.0227540023624897,1410.0,0.0026601792778819,1410.0,-0.0088398931547999,1410.0,0.0344102866947651,1410.0,0.0152539256960154,1410.0,-0.0021054267417639,1410.0,-0.0001835823059082,1410.0,-0.0067773819901049,1410.0,-0.031714916229248,1410.0,0.0025273323990404,1410.0,0.0202617645263672,1410.0,0.0306134223937988,1410.0,0.0328790657222271,1410.0,-0.0372149460017681,1410.0,-0.0044569969177246,1410.0,-0.0252774246037006,1410.0,0.0886605307459831,1410.0,0.102418325841427,1410.0,0.0712151527404785
1420.0,-0.0176836978644133,1420.0,-0.0412227623164654,1420.0,-0.0282383915036917,1420.0,-0.0227383617311716,1420.0,0.0026914596091955,1420.0,-0.0088007925078272,1420.0,0.0344415679574013,1420.0,0.0152070997282863,1420.0,-0.002113247057423,1420.0,-0.0002538681146688,1420.0,-0.0068163871765136,1420.0,-0.0317305587232113,1420.0,0.0025429725646972,1420.0,0.0201446544378996,1420.0,0.0305977817624807,1420.0,0.0329415313899517,1420.0,-0.0371915809810162,1420.0,-0.0044492720626294,1420.0,-0.0253868103027344,1420.0,0.0884730368852615,1420.0,0.102207474410534,1420.0,0.0709651038050652
1430.0,-0.0176992416381836,1430.0,-0.0412384048104286,1430.0,-0.0283164978027344,1430.0,-0.0227305423468351,1430.0,0.0027226449456065,1430.0,-0.0087617877870798,1430.0,0.0344805717468262,1430.0,0.0151679990813136,1430.0,-0.0021210671402514,1430.0,-0.0003164291556458,1430.0,-0.0068633081391453,1430.0,-0.0317931175231934,1430.0,0.0025664330460131,1430.0,0.0200352668762207,1430.0,0.0305821429938078,1430.0,0.0330039970576763,1430.0,-0.0371524803340435,1430.0,-0.0044258120469749,1430.0,-0.0252227783203125,1430.0,0.0882855430245399,1430.0,0.102004341781139,1430.0,0.070715144276619
1440.0,-0.0177227016538382,1440.0,-0.0412462241947651,1440.0,-0.028378963470459,1440.0,-0.0227227210998535,1440.0,0.0027539252769202,1440.0,-0.0087226871401071,1440.0,0.0345196723937988,1440.0,0.0151368146762252,1440.0,-0.0021288872230798,1440.0,-0.0003788948233705,1440.0,-0.0068867686204612,1440.0,-0.0318868644535542,1440.0,0.0025898932944983,1440.0,0.0199180599302053,1440.0,0.0305665023624897,1440.0,0.0330587401986122,1440.0,-0.0371212027966976,1440.0,-0.0044101714156568,1440.0,-0.025058651342988,1440.0,0.0880979523062706,1440.0,0.101793386042118,1440.0,0.070465087890625
1450.0,-0.0177305229008198,1450.0,-0.041261862963438,1450.0,-0.0284493453800678,1450.0,-0.022714901715517,1450.0,0.002777385758236,1450.0,-0.0086835864931345,1450.0,0.0345587730407715,1450.0,0.0150898937135935,1450.0,-0.0021367073059082,1450.0,-0.0004413604910951,1450.0,-0.0069101336412131,1450.0,-0.0319649688899517,1450.0,0.0026054382324218,1450.0,0.0198086742311716,1450.0,0.0305508617311716,1450.0,0.0331212058663368,1450.0,-0.0370900146663189,1450.0,-0.00439453125,1450.0,-0.0250431057065725,1450.0,0.0879104658961296,1450.0,0.101582430303097,1450.0,0.0702073127031326
1460.0,-0.0177461635321379,1460.0,-0.0412775054574013,1460.0,-0.0285196304321289,1460.0,-0.0227070804685354,1460.0,0.0028085708618164,1460.0,-0.0086524011567235,1460.0,0.0345899574458599,1460.0,0.0150430677458644,1460.0,-0.0021523477043956,1460.0,-0.0005117416731081,1460.0,-0.0069414139725267,1460.0,-0.0320196151733398,1460.0,0.0026288987137377,1460.0,0.0196914672851563,1460.0,0.0305430423468351,1460.0,0.0331837646663189,1460.0,-0.037074375897646,1460.0,-0.0043788910843431,1460.0,-0.0246836673468351,1460.0,0.087722972035408,1460.0,0.101371482014656,1460.0,0.0699572563171387
1470.0,-0.0177618023008108,1470.0,-0.0412853248417377,1470.0,-0.0285820960998535,1470.0,-0.0226915366947651,1470.0,0.0028398514259606,1470.0,-0.0086133005097508,1470.0,0.0346212387084961,1470.0,0.0150117874145508,1470.0,-0.002160167787224,1470.0,-0.0005663871997967,1470.0,-0.0069726943038404,1470.0,-0.0320430770516396,1470.0,0.0026445388793945,1470.0,0.0195820815861225,1470.0,0.0305274967104197,1470.0,0.033238410949707,1470.0,-0.0370352752506733,1470.0,-0.0043632509186863,1470.0,-0.0246055610477924,1470.0,0.0875354781746864,1470.0,0.101168349385262,1470.0,0.0697072967886925
1480.0,-0.0177774429321289,1480.0,-0.0412931442260742,1480.0,-0.0286446567624807,1480.0,-0.0226837154477835,1480.0,0.0028554915916174,1480.0,-0.0085742948576808,1480.0,0.0346447005867958,1480.0,0.0149726867675781,1480.0,-0.0021679878700524,1480.0,-0.0006289482116699,1480.0,-0.0070273401215672,1480.0,-0.0320899970829487,1480.0,0.0026679993607103,1480.0,0.0194726940244436,1480.0,0.0305118560791016,1480.0,0.0332930572330952,1480.0,-0.0370040908455849,1480.0,-0.0043477057479322,1480.0,-0.0246446616947651,1480.0,0.0873401686549187,1480.0,0.100949577987194,1480.0,0.0694573447108269
1490.0,-0.0177929885685444,1490.0,-0.0413009636104107,1490.0,-0.028714943677187,1490.0,-0.022675896063447,1490.0,0.0028789520729333,1490.0,-0.0085430145263671,1490.0,0.0346758849918842,1490.0,0.0149258617311716,1490.0,-0.0021836280357092,1490.0,-0.0006914138793945,1490.0,-0.0070508006028831,1490.0,-0.0321993827819824,1490.0,0.0026836395263671,1490.0,0.0193711277097464,1490.0,0.0305040366947651,1490.0,0.0333477966487408,1490.0,-0.0369806289672852,1490.0,-0.0043320655822753,1490.0,-0.0246212016791105,1490.0,0.0871526747941971,1490.0,0.100738622248173,1490.0,0.0692151114344597
1500.0,-0.0178086291998625,1500.0,-0.0413087867200375,1500.0,-0.0287774093449116,1500.0,-0.0226680766791105,1500.0,0.0029101371765136,1500.0,-0.0085039138793945,1500.0,0.0346915237605572,1500.0,0.014894581399858,1500.0,-0.0022069930564612,1500.0,-0.0007538795471191,1500.0,-0.0070664407685399,1500.0,-0.0321837440133095,1500.0,0.0026992799248546,1500.0,0.0192695613950491,1500.0,0.030488396063447,1500.0,0.0334024429321289,1500.0,-0.036949347704649,1500.0,-0.0043242457322776,1500.0,-0.0248477943241596,1500.0,0.0869573578238487,1500.0,0.100519947707653,1500.0,0.0689651519060135
1510.0,-0.0178242679685354,1510.0,-0.0413243286311626,1510.0,-0.0288399700075388,1510.0,-0.0226524360477924,1510.0,0.0029335976578295,1510.0,-0.0084804538637399,1510.0,0.0347071662545204,1510.0,0.014855575747788,1510.0,-0.0021992684341967,1510.0,-0.0008086204761639,1510.0,-0.0070899012498557,1510.0,-0.0322931297123432,1510.0,0.0027148246299475,1510.0,0.0191680919378996,1510.0,0.0304805766791105,1510.0,0.0334571860730648,1510.0,-0.0369180701673031,1510.0,-0.0043007852509617,1510.0,-0.0246758460998535,1510.0,0.0867698714137077,1510.0,0.100308991968632,1510.0,0.0687150955200195
1520.0,-0.0178399085998535,1520.0,-0.0413321517407894,1520.0,-0.0289024356752634,1520.0,-0.0226524360477924,1520.0,0.0029570579063147,1520.0,-0.0084492685273289,1520.0,0.0347228050231934,1520.0,0.0148008344694972,1520.0,-0.0022069930564612,1520.0,-0.0008710861438885,1520.0,-0.0071210861206054,1520.0,-0.0321993827819824,1520.0,0.0027304650284349,1520.0,0.0190665256232023,1520.0,0.0304727554321289,1520.0,0.0335118286311626,1520.0,-0.0368947051465511,1520.0,-0.0042929649353027,1520.0,-0.0246836673468351,1520.0,0.0865823775529861,1520.0,0.100090220570564,1520.0,0.0684729591012001
1530.0,-0.0178555492311716,1530.0,-0.0413321517407894,1530.0,-0.0289649963378906,1530.0,-0.0226289760321379,1530.0,0.0029805183876305,1530.0,-0.0084179881960153,1530.0,0.0347306244075298,1530.0,0.0147617338225245,1530.0,-0.0022148133721202,1530.0,-0.0009258270147256,1530.0,-0.0071523669175803,1530.0,-0.0323399566113949,1530.0,0.0027461051940918,1530.0,0.0189649593085051,1530.0,0.0304571148008108,1530.0,0.0335665717720985,1530.0,-0.0368634238839149,1530.0,-0.0042773247696459,1530.0,-0.0251602176576853,1530.0,0.0863870605826378,1530.0,0.0998714491724968,1530.0,0.0682229027152061
1540.0,-0.0178711898624897,1540.0,-0.0413321517407894,1540.0,-0.0290274620056152,1540.0,-0.0226211547851563,1540.0,0.0030038834083825,1540.0,-0.0083867078647017,1540.0,0.0347462669014931,1540.0,0.0147227291017771,1540.0,-0.0022226334549486,1540.0,-0.0009804725414142,1540.0,-0.0071836472488939,1540.0,-0.032386876642704,1540.0,0.0027539252769202,1540.0,0.0188633929938078,1540.0,0.0304415710270405,1540.0,0.0336133949458599,1540.0,-0.0368321426212788,1540.0,-0.0042695044539868,1540.0,-0.025214958935976,1540.0,0.08619175106287,1540.0,0.0996604934334755,1540.0,0.0679807662963867
1550.0,-0.0178790092468262,1550.0,-0.0413399711251259,1550.0,-0.0290899276733398,1550.0,-0.0226133354008198,1550.0,0.0030273438896983,1550.0,-0.0083555225282907,1550.0,0.0347618125379086,1550.0,0.0146836284548044,1550.0,-0.0022382736206054,1550.0,-0.0010351181263104,1550.0,-0.0072148325853049,1550.0,-0.0325430892407894,1550.0,0.0027695656754076,1550.0,0.0187618266791105,1550.0,0.0304337497800589,1550.0,0.0336681380867958,1550.0,-0.0368087776005268,1550.0,-0.0042539597488939,1550.0,-0.0252461433410645,1550.0,0.0860042572021484,1550.0,0.099449634552002,1550.0,0.0677385330200195
1560.0,-0.0178945548832417,1560.0,-0.0413399711251259,1560.0,-0.0291446689516306,1560.0,-0.0226055141538382,1560.0,0.0030429840553551,1560.0,-0.0083320615813136,1560.0,0.034769631922245,1560.0,0.0146368024870753,1560.0,-0.0022460937034338,1560.0,-0.0010976791381835,1560.0,-0.0072539332322776,1560.0,-0.0326290130615234,1560.0,0.0027852058410644,1560.0,0.0186602603644133,1560.0,0.0304181110113859,1560.0,0.0337149612605572,1560.0,-0.0367853157222271,1560.0,-0.0042383195832371,1560.0,-0.02486333809793,1560.0,0.0858089476823807,1560.0,0.0992308631539345,1560.0,0.0674963966012001
1570.0,-0.0179023742675781,1570.0,-0.0413477905094624,1570.0,-0.0291993152350187,1570.0,-0.0225976947695017,1570.0,0.003066444536671,1570.0,-0.008308601565659,1570.0,0.034769631922245,1570.0,0.0145977018401027,1570.0,-0.0022617341019213,1570.0,-0.0011523247230798,1570.0,-0.0072773932479322,1570.0,-0.0327227599918842,1570.0,0.002800750778988,1570.0,0.0185665134340525,1570.0,0.0304102897644043,1570.0,0.0337618850171566,1570.0,-0.0367462150752544,1570.0,-0.0042226794175803,1570.0,-0.0246368404477835,1570.0,0.0856214538216591,1570.0,0.0990277305245399,1570.0,0.0672619864344597
1580.0,-0.0179180148988962,1580.0,-0.0413477905094624,1580.0,-0.0292617809027433,1580.0,-0.0225899703800678,1580.0,0.0030899047851562,1580.0,-0.008277416229248,1580.0,0.0347774513065815,1580.0,0.0145586971193552,1580.0,-0.0022773742675781,1580.0,-0.0012070656521245,1580.0,-0.0073007582686841,1580.0,-0.0327696800231934,1580.0,0.0028163909446448,1580.0,0.0184727665036917,1580.0,0.0303946491330862,1580.0,0.0338165275752544,1580.0,-0.0367149375379086,1580.0,-0.0042070387862622,1580.0,-0.0243008621037006,1580.0,0.0854417830705643,1580.0,0.0988089591264725,1580.0,0.0670275688171387
1590.0,-0.0179258342832327,1590.0,-0.0413556098937988,1590.0,-0.0293165203183889,1590.0,-0.0225821491330862,1590.0,0.0031132698059082,1590.0,-0.0082461358979344,1590.0,0.034769631922245,1590.0,0.0145195964723825,1590.0,-0.0022851943504065,1590.0,-0.0012617111206054,1590.0,-0.0073398589156568,1590.0,-0.0328008644282818,1590.0,0.0028242112603038,1590.0,0.018379021435976,1590.0,0.0303868297487497,1590.0,0.0338634513318539,1590.0,-0.0366837494075298,1590.0,-0.0041913986206054,1590.0,-0.0247774124145508,1590.0,0.0852464661002159,1590.0,0.0985980033874512,1590.0,0.0667854323983192
1600.0,-0.0179414749145508,1600.0,-0.0413556098937988,1600.0,-0.0293789859861135,1600.0,-0.0225743297487497,1600.0,0.003136730287224,1600.0,-0.0082148555666208,1600.0,0.034769631922245,1600.0,0.0144804958254099,1600.0,-0.00230073928833,1600.0,-0.0013164520496502,1600.0,-0.0073711397126317,1600.0,-0.0328634269535542,1600.0,0.0028398514259606,1600.0,0.0182852745056152,1600.0,0.0303790103644133,1600.0,0.0339102745056152,1600.0,-0.0366602912545204,1600.0,-0.0041835787706077,1600.0,-0.0250118263065815,1600.0,0.0850588828325272,1600.0,0.0983793288469315,1600.0,0.0665510222315788
1610.0,-0.0179492961615324,1610.0,-0.0413634292781353,1610.0,-0.0294337272644043,1610.0,-0.0225586891174316,1610.0,0.0031523704528808,1610.0,-0.0081913946196436,1610.0,0.0347540862858295,1610.0,0.0144493104889989,1610.0,-0.0023163796868175,1610.0,-0.0013710976345464,1610.0,-0.0073946001939475,1610.0,-0.0328790657222271,1610.0,0.0028398514259606,1610.0,0.0181914325803518,1610.0,0.0303711891174316,1610.0,0.0339571945369244,1610.0,-0.0366368293762207,1610.0,-0.0041679381392896,1610.0,-0.0247695930302143,1610.0,0.0848635658621788,1610.0,0.098160557448864,1610.0,0.0663167014718056
1620.0,-0.0179649349302053,1620.0,-0.0413712523877621,1620.0,-0.0294883735477924,1620.0,-0.0225586891174316,1620.0,0.0031758309341967,1620.0,-0.0081680295988917,1620.0,0.0347462669014931,1620.0,0.0143945692107081,1620.0,-0.0023163796868175,1620.0,-0.0014179230201989,1620.0,-0.0074257850646972,1620.0,-0.0330743789672852,1620.0,0.0028554915916174,1620.0,0.0180976875126362,1620.0,0.0303555484861135,1620.0,0.0340118408203125,1620.0,-0.0366211906075478,1620.0,-0.0041602137498557,1620.0,-0.025214958935976,1620.0,0.084668256342411,1620.0,0.0979496017098427,1620.0,0.0660822913050652
1630.0,-0.0179805755615234,1630.0,-0.0413712523877621,1630.0,-0.0295431148260832,1630.0,-0.0225430484861135,1630.0,0.0031991959549486,1630.0,-0.0081445695832371,1630.0,0.0347306244075298,1630.0,0.0143711091950536,1630.0,-0.0023320198524743,1630.0,-0.00146484375,1630.0,-0.0074570658616721,1630.0,-0.0331603065133095,1630.0,0.0028711319901049,1630.0,0.0179961211979389,1630.0,0.0303477291017771,1630.0,0.0340509414672852,1630.0,-0.0365821830928326,1630.0,-0.0041367532685399,1630.0,-0.0249649044126272,1630.0,0.0844807624816895,1630.0,0.0977386459708214,1630.0,0.0658478736877441
1640.0,-0.0179961211979389,1640.0,-0.0413712523877621,1640.0,-0.0295977592468262,1640.0,-0.0225352291017771,1640.0,0.0032148361206054,1640.0,-0.0081054689362645,1640.0,0.0347384475171566,1640.0,0.0143399238586426,1640.0,-0.0023398399353027,1640.0,-0.0015194893348962,1640.0,-0.0074805258773267,1640.0,-0.0332071296870708,1640.0,0.0028789520729333,1640.0,0.0179180148988962,1640.0,0.0303400047123432,1640.0,0.0340977683663368,1640.0,-0.0365509055554867,1640.0,-0.0041211131028831,1640.0,-0.0252461433410645,1640.0,0.0842854529619217,1640.0,0.0975198745727539,1640.0,0.0656135603785515
1650.0,-0.018011761829257,1650.0,-0.0413790717720985,1650.0,-0.0296525005251169,1650.0,-0.0225274097174406,1650.0,0.0032226562034338,1650.0,-0.0080821039155125,1650.0,0.0347306244075298,1650.0,0.014308643527329,1650.0,-0.0023554803337901,1650.0,-0.0015585899818688,1650.0,-0.0075117112137377,1650.0,-0.0332305915653706,1650.0,0.0028945922385901,1650.0,0.0178242679685354,1650.0,0.0303321834653616,1650.0,0.034144688397646,1650.0,-0.036527443677187,1650.0,-0.004113292787224,1650.0,-0.0253087040036917,1650.0,0.0840901359915733,1650.0,0.0973089262843132,1650.0,0.0653791427612305
1660.0,-0.0180195812135935,1660.0,-0.0413790717720985,1660.0,-0.0297071468085051,1660.0,-0.022519588470459,1660.0,0.0032461166847497,1660.0,-0.008058643899858,1660.0,0.0347228050231934,1660.0,0.0142695428803563,1660.0,-0.0023633004166185,1660.0,-0.0016055107116699,1660.0,-0.0075351716950535,1660.0,-0.0332696922123432,1660.0,0.0029023170936852,1660.0,0.0177383422851563,1660.0,0.0303165446966887,1660.0,0.0341993346810341,1660.0,-0.036504078656435,1660.0,-0.0040976526215672,1660.0,-0.0253321658819914,1660.0,0.0839026495814323,1660.0,0.0970980674028397,1660.0,0.0651525482535362
1670.0,-0.01802740059793,1670.0,-0.0413790717720985,1670.0,-0.0297539718449116,1670.0,-0.0225039478391409,1670.0,0.0032617568504065,1670.0,-0.0080351829528808,1670.0,0.0346993468701839,1670.0,0.0142383575439453,1670.0,-0.0023711204994469,1670.0,-0.0016601562965661,1670.0,-0.0075742723420262,1670.0,-0.0331993103027344,1670.0,0.002917957259342,1670.0,0.0176524166017771,1670.0,0.030308723449707,1670.0,0.0342462547123432,1670.0,-0.0364806167781353,1670.0,-0.0040820124559104,1670.0,-0.0253398902714252,1670.0,0.083707332611084,1670.0,0.0968792960047722,1670.0,0.0649260506033897
1680.0,-0.018043041229248,1680.0,-0.0413790717720985,1680.0,-0.0298165325075388,1680.0,-0.0224961284548044,1680.0,0.0032852173317223,1680.0,-0.0080117229372263,1680.0,0.0346915237605572,1680.0,0.0141992568969727,1680.0,-0.0024023056030273,1680.0,-0.0017070770263671,1680.0,-0.0075976373627781,1680.0,-0.033027458935976,1680.0,0.0029335976578295,1680.0,0.0175664909183979,1680.0,0.0302930828183889,1680.0,0.0342930816113949,1680.0,-0.0364571586251259,1680.0,-0.0040741921402514,1680.0,-0.0252774246037006,1680.0,0.0835120230913162,1680.0,0.0966683402657509,1680.0,0.0646916404366493
1690.0,-0.0180508624762297,1690.0,-0.041386891156435,1690.0,-0.0298633575439453,1690.0,-0.0224805828183889,1690.0,0.0032929421868175,1690.0,-0.0079882619902491,1690.0,0.0346680656075478,1690.0,0.0141602521762252,1690.0,-0.0023945809807628,1690.0,-0.0017539024120196,1690.0,-0.0076289176940918,1690.0,-0.0330509208142757,1690.0,0.0029335976578295,1690.0,0.0174805652350187,1690.0,0.0302852634340525,1690.0,0.034340001642704,1690.0,-0.0364258773624897,1690.0,-0.0040586474351584,1690.0,-0.0251212120056152,1690.0,0.0833245292305946,1690.0,0.0964495688676834,1690.0,0.0644650459289551
1700.0,-0.0180665012449026,1700.0,-0.0413790717720985,1700.0,-0.0299102794378996,1700.0,-0.022464944049716,1700.0,0.0033164024353027,1700.0,-0.0079648969694972,1700.0,0.0346447005867958,1700.0,0.0141211515292525,1700.0,-0.0024101256858557,1700.0,-0.001800823258236,1700.0,-0.0076523781754076,1700.0,-0.0331212058663368,1700.0,0.0029492378234863,1700.0,0.0173946376889944,1700.0,0.0302696228027344,1700.0,0.0343868248164654,1700.0,-0.0363946929574013,1700.0,-0.0040430068038404,1700.0,-0.0252617839723825,1700.0,0.0831292197108269,1700.0,0.0962386131286621,1700.0,0.0642385482788086
1710.0,-0.0180821418762207,1710.0,-0.0413790717720985,1710.0,-0.0299649238586426,1710.0,-0.0224414821714163,1710.0,0.0033320428337901,1710.0,-0.0079414369538426,1710.0,0.0346290580928326,1710.0,0.0140898702666163,1710.0,-0.0024101256858557,1710.0,-0.0018554687267169,1710.0,-0.0076836585067212,1710.0,-0.033168125897646,1710.0,0.0029570579063147,1710.0,0.0173164363950491,1710.0,0.0302618034183979,1710.0,0.0344337485730648,1710.0,-0.0363712310791016,1710.0,-0.0040273666381835,1710.0,-0.0252384189516306,1710.0,0.0829417258501053,1710.0,0.0960199385881424,1710.0,0.0640119537711143
1720.0,-0.0180976875126362,1720.0,-0.0413790717720985,1720.0,-0.0300118457525969,1720.0,-0.0224258434027433,1720.0,0.0033555030822753,1720.0,-0.0079257963225245,1720.0,0.0346055999398232,1720.0,0.0140508655458689,1720.0,-0.0024257660843431,1720.0,-0.0019023895729333,1720.0,-0.0077070235274732,1720.0,-0.0332305915653706,1720.0,0.0029726983048021,1720.0,0.0172305107116699,1720.0,0.0302462577819824,1720.0,0.0344727523624897,1720.0,-0.0363477729260921,1720.0,-0.0040195467881858,1720.0,-0.0252071376889944,1720.0,0.0827542319893837,1720.0,0.0958089828491211,1720.0,0.0637853667140007
1730.0,-0.0181133281439543,1730.0,-0.0413790717720985,1730.0,-0.0300586707890034,1730.0,-0.0224102027714252,1730.0,0.0033711434807628,1730.0,-0.0079023363068699,1730.0,0.0345899574458599,1730.0,0.0140117648988962,1730.0,-0.0024335861671716,1730.0,-0.0019492149585858,1730.0,-0.0077383043244481,1730.0,-0.0323008559644222,1730.0,0.0029726983048021,1730.0,0.0171367656439543,1730.0,0.030238438397646,1730.0,0.0345118530094624,1730.0,-0.0363243110477924,1730.0,-0.0040117264725267,1730.0,-0.0251602176576853,1730.0,0.0825589224696159,1730.0,0.0955902114510536,1730.0,0.0635588690638542
1740.0,-0.0181211475282907,1740.0,-0.0413790717720985,1740.0,-0.0301055908203125,1740.0,-0.0223946571350098,1740.0,0.0033945085015147,1740.0,-0.007878971286118,1740.0,0.034574318677187,1740.0,0.0139727592468262,1740.0,-0.0024570466484874,1740.0,-0.0019961358048021,1740.0,-0.0077695846557617,1740.0,-0.032261848449707,1740.0,0.0029883384704589,1740.0,0.01705083809793,1740.0,0.0302227977663279,1740.0,0.0345587730407715,1740.0,-0.0362853072583675,1740.0,-0.0039882659912109,1740.0,-0.0252539645880461,1740.0,0.0823714286088943,1740.0,0.0953870788216591,1740.0,0.0633400902152061
1750.0,-0.0181367881596088,1750.0,-0.0413712523877621,1750.0,-0.030152415856719,1750.0,-0.0223790165036917,1750.0,0.0034023285843431,1750.0,-0.0078555112704634,1750.0,0.034550953656435,1750.0,0.0139414789155126,1750.0,-0.0024570466484874,1750.0,-0.0020507813896983,1750.0,-0.0078007699921727,1750.0,-0.0323086753487587,1750.0,0.0029960633255541,1750.0,0.0169727336615324,1750.0,0.0302071571350098,1750.0,0.0345977805554867,1750.0,-0.0362618453800678,1750.0,-0.0039804461412131,1750.0,-0.0251914989203215,1750.0,0.0821839347481728,1750.0,0.0951683074235916,1750.0,0.0631213188171387
1760.0,-0.0181524287909269,1760.0,-0.0413790717720985,1760.0,-0.0301993377506733,1760.0,-0.0223555564880371,1760.0,0.0034257888328284,1760.0,-0.0078398706391453,1760.0,0.0345353148877621,1760.0,0.0139023782685399,1760.0,-0.0024726868141442,1760.0,-0.0020977021194994,1760.0,-0.0078242300078272,1760.0,-0.0323712341487408,1760.0,0.0029883384704589,1760.0,0.0168946273624897,1760.0,0.0301915165036917,1760.0,0.0346290580928326,1760.0,-0.0362305641174316,1760.0,-0.0039649009704589,1760.0,-0.0255586635321379,1760.0,0.0819964408874512,1760.0,0.0949573516845703,1760.0,0.0629025474190712
1770.0,-0.0181602481752634,1770.0,-0.0413712523877621,1770.0,-0.0302461627870798,1770.0,-0.022339915856719,1770.0,0.0034336091484874,1770.0,-0.0078242300078272,1770.0,0.0345196723937988,1770.0,0.0138711929321289,1770.0,-0.0024726868141442,1770.0,-0.0021445273887366,1770.0,-0.0078476909548044,1770.0,-0.0324806235730648,1770.0,0.0030899047851562,1770.0,0.0168242454528809,1770.0,0.0301758777350187,1770.0,0.0346680656075478,1770.0,-0.0362150184810162,1770.0,-0.0039492608048021,1770.0,-0.0258711818605661,1770.0,0.0818011313676834,1770.0,0.0947386771440506,1770.0,0.0626838728785515
1780.0,-0.0181758888065815,1780.0,-0.0413712523877621,1780.0,-0.0302930828183889,1780.0,-0.0223242770880461,1780.0,0.0034570693969726,1780.0,-0.0078085898421704,1780.0,0.0344962142407894,1780.0,0.0138320922851563,1780.0,-0.0024805068969726,1780.0,-0.0021836280357092,1780.0,-0.007886791601777,1780.0,-0.0325587280094624,1780.0,0.0030820847023278,1780.0,0.0167461391538382,1780.0,0.0301602371037006,1780.0,0.0346993468701839,1780.0,-0.0361837409436703,1780.0,-0.0039414404891431,1780.0,-0.0260040294378996,1780.0,0.0816136375069618,1780.0,0.0945277214050293,1780.0,0.0624650977551937
1790.0,-0.0181914325803518,1790.0,-0.0413712523877621,1790.0,-0.0303399097174406,1790.0,-0.022308636456728,1790.0,0.003464889479801,1790.0,-0.0077852248214185,1790.0,0.0344805717468262,1790.0,0.0137929916381836,1790.0,-0.002488326979801,1790.0,-0.002230453537777,1790.0,-0.007910156622529,1790.0,-0.0326446555554867,1790.0,0.0030508041381835,1790.0,0.0166680347174406,1790.0,0.0301446914672852,1790.0,0.0347384475171566,1790.0,-0.0361602790653706,1790.0,-0.0039258003234863,1790.0,-0.0260743144899607,1790.0,0.0814260467886925,1790.0,0.0943245887756348,1790.0,0.0622463226318359
1800.0,-0.0182070732116699,1800.0,-0.0413634292781353,1800.0,-0.0303790103644133,1800.0,-0.022285271435976,1800.0,0.003496074816212,1800.0,-0.0077695846557617,1800.0,0.0344572067260742,1800.0,0.0137618063017726,1800.0,-0.0025038719177246,1800.0,-0.0022851943504065,1800.0,-0.0079648969694972,1800.0,-0.0327462218701839,1800.0,0.0030273438896983,1800.0,0.016605569049716,1800.0,0.0301290508359671,1800.0,0.034769631922245,1800.0,-0.0361289978027344,1800.0,-0.0039101601578295,1800.0,-0.0264180190861225,1800.0,0.0812385603785515,1800.0,0.0941058173775673,1800.0,0.0620275512337685
1810.0,-0.0182148944586515,1810.0,-0.0413556098937988,1810.0,-0.0304259303957224,1810.0,-0.0222696308046579,1810.0,0.0035117149818688,1810.0,-0.0077539444901049,1810.0,0.0344337485730648,1810.0,0.0137227056547999,1810.0,-0.002511692000553,1810.0,-0.0023241997696459,1810.0,-0.0079727172851562,1810.0,-0.0328556075692177,1810.0,0.0030117034912109,1810.0,0.0165273677557707,1810.0,0.0301134120672941,1810.0,0.0348009131848812,1810.0,-0.0361056327819824,1810.0,-0.0038866996765136,1810.0,-0.0264883991330862,1810.0,0.0810588821768761,1810.0,0.0939026847481728,1810.0,0.0618088729679585
1820.0,-0.0336836837232113,1820.0,-0.057769775390625,1820.0,-0.0481056235730648,1820.0,-0.0232774745672941,1820.0,-0.0119727132841945,1820.0,-0.0405508987605572,1820.0,-0.0011601448059082,1820.0,-0.0059335711412131,1820.0,-0.0074727060273289,1820.0,-0.0029882432427257,1820.0,-0.0180665012449026,1820.0,-0.0469728484749794,1820.0,-0.0057305335067212,1820.0,0.0095430379733443,1820.0,0.0188945773988962,1820.0,0.0263477321714163,1820.0,0.0039960863068699,1820.0,0.0218320842832327,1820.0,-0.0127226831391454,1820.0,0.108746528625488,1820.0,0.100730895996094,1820.0,0.0672932639718056
1830.0,-0.033152487128973,1830.0,-0.057347871363163,1830.0,-0.0475744269788265,1830.0,-0.0226367954164743,1830.0,-0.0115508083254099,1830.0,-0.0402618423104286,1830.0,-0.0007148743025027,1830.0,-0.0054961205460131,1830.0,-0.0074101448990404,1830.0,-0.0027461051940918,1830.0,-0.0183712001889944,1830.0,-0.0474493987858295,1830.0,-0.0055507658980786,1830.0,0.01025390625,1830.0,0.0189414974302053,1830.0,0.0261290557682514,1830.0,0.0037929534446448,1830.0,0.0218165405094624,1830.0,-0.0173477176576853,1830.0,0.108746528625488,1830.0,0.101402759552002,1830.0,0.0675901398062706
1840.0,-0.0326290130615234,1840.0,-0.0568400397896767,1840.0,-0.0470744147896767,1840.0,-0.0220352169126272,1840.0,-0.0111211780458689,1840.0,-0.039879035204649,1840.0,-0.00034761428833,1840.0,-0.0050430297851562,1840.0,-0.0073398589156568,1840.0,-0.0026288987137377,1840.0,-0.0183399207890034,1840.0,-0.0477149970829487,1840.0,-0.0054726600646972,1840.0,0.0108867650851607,1840.0,0.0191133506596088,1840.0,0.0259259231388569,1840.0,0.0032461166847497,1840.0,0.0213243495672941,1840.0,-0.0203243251889944,1840.0,0.108402729034424,1840.0,0.101699642837048,1840.0,0.0680588707327843
1850.0,-0.0320978164672852,1850.0,-0.0563088431954384,1850.0,-0.0465978644788265,1850.0,-0.0214336402714252,1850.0,-0.0106289861723781,1850.0,-0.0395196937024593,1850.0,7.41958647267893e-05,1850.0,-0.0046054841950535,1850.0,-0.0072539332322776,1850.0,-0.0027617455925792,1850.0,-0.0180352218449116,1850.0,-0.0477228164672852,1850.0,-0.0054023745469749,1850.0,0.0115118026733398,1850.0,0.019355583935976,1850.0,0.0258008968085051,1850.0,0.0025820732116699,1850.0,0.0207071304321289,1850.0,-0.0221446044743061,1850.0,0.10795745998621,1850.0,0.101809024810791,1850.0,0.0684573203325272
1860.0,-0.0315978042781353,1860.0,-0.055816650390625,1860.0,-0.0461524985730648,1860.0,-0.0208711624145508,1860.0,-0.0101914405822754,1860.0,-0.0391758941113949,1860.0,0.0004648208559956,1860.0,-0.0041913986206054,1860.0,-0.0071758269332349,1860.0,-0.0029257775750011,1860.0,-0.0175976753234863,1860.0,-0.0475509651005268,1860.0,-0.0053476332686841,1860.0,0.0120586398988962,1860.0,0.019589900970459,1860.0,0.0256836898624897,1860.0,0.002082061721012,1860.0,0.0201680194586515,1860.0,-0.0230898857116699,1860.0,0.107465267181396,1860.0,0.101887129247189,1860.0,0.0685822516679764
1870.0,-0.0311212539672852,1870.0,-0.0553400032222271,1870.0,-0.0457462333142757,1870.0,-0.0203476902097464,1870.0,-0.0098008159548044,1870.0,-0.0388634689152241,1870.0,0.0008398056379519,1870.0,-0.0037851333618164,1870.0,-0.0071132662706077,1870.0,-0.0029882432427257,1870.0,-0.0171836856752634,1870.0,-0.0473634712398052,1870.0,-0.0053086280822753,1870.0,0.0125508308410645,1870.0,0.019769573584199,1870.0,0.0255821235477924,1870.0,0.0016992569435387,1870.0,0.0196524616330862,1870.0,-0.022464944049716,1870.0,0.106941796839237,1870.0,0.101926140487194,1870.0,0.068621352314949
1880.0,-0.0306837093085051,1880.0,-0.0549181960523129,1880.0,-0.0453712455928326,1880.0,-0.0198554992675781,1880.0,-0.009441471658647,1880.0,-0.0385743156075478,1880.0,0.0011836051708087,1880.0,-0.00341796875,1880.0,-0.0070977210998535,1880.0,-0.0029805183876305,1880.0,-0.0168477054685354,1880.0,-0.0471290610730648,1880.0,-0.0052851676009595,1880.0,0.0129727367311716,1880.0,0.019925881177187,1880.0,0.0254727359861135,1880.0,0.001285171485506,1880.0,0.0191368106752634,1880.0,-0.0225743297487497,1880.0,0.106394961476326,1880.0,0.101926140487194,1880.0,0.0685041472315788
1890.0,-0.0302852634340525,1890.0,-0.0545119307935238,1890.0,-0.0450119040906429,1890.0,-0.0193945895880461,1890.0,-0.009105491451919,1890.0,-0.0382930748164654,1890.0,0.0015273094177246,1890.0,-0.003058624221012,1890.0,-0.0070820809341967,1890.0,-0.0029414177406579,1890.0,-0.0165508277714252,1890.0,-0.0469181053340435,1890.0,-0.0052773477509617,1890.0,0.0133008006960154,1890.0,0.0201055537909269,1890.0,0.0253633502870798,1890.0,0.0008008003351278,1890.0,0.0186524391174316,1890.0,-0.0227774623781443,1890.0,0.105848029255867,1890.0,0.101918317377567,1890.0,0.0683088302612305
1900.0,-0.0299102794378996,1900.0,-0.0541369430720806,1900.0,-0.0446759238839149,1900.0,-0.0189649593085051,1900.0,-0.0087929731234908,1900.0,-0.0380274765193462,1900.0,0.0018789292080327,1900.0,-0.0027226449456065,1900.0,-0.0070664407685399,1900.0,-0.0028944970108568,1900.0,-0.0163165088742971,1900.0,-0.046691607683897,1900.0,-0.0052538872696459,1900.0,0.0135430339723825,1900.0,0.0203165058046579,1900.0,0.0252462383359671,1900.0,0.0002616882266011,1900.0,0.0182148944586515,1900.0,-0.0227540023624897,1900.0,0.105316832661629,1900.0,0.101887129247189,1900.0,0.0680745169520378
1910.0,-0.0295586585998535,1910.0,-0.0537775047123432,1910.0,-0.0443634055554867,1910.0,-0.0185665134340525,1910.0,-0.0085039138793945,1910.0,-0.0377930663526058,1910.0,0.0022226334549486,1910.0,-0.0024101256858557,1910.0,-0.0070586204528808,1910.0,-0.0028789520729333,1910.0,-0.0161211974918842,1910.0,-0.046480655670166,1910.0,-0.005238342564553,1910.0,0.0137227056547999,1910.0,0.0205430034548044,1910.0,0.0251446720212698,1910.0,-0.0003086090146098,1910.0,0.0178399085998535,1910.0,-0.0224414821714163,1910.0,0.104809001088142,1910.0,0.101863674819469,1910.0,0.0678322836756706
1920.0,-0.0292540546506643,1920.0,-0.0534806251525879,1920.0,-0.0440821647644043,1920.0,-0.0182070732116699,1920.0,-0.008277416229248,1920.0,-0.0375900268554688,1920.0,0.0025351524818688,1920.0,-0.0021210671402514,1920.0,-0.0070195198059082,1920.0,-0.0028633119072765,1920.0,-0.0159727092832327,1920.0,-0.0462540648877621,1920.0,-0.0052460669539868,1920.0,0.0138945579528809,1920.0,0.0207695960998535,1920.0,0.0250431057065725,1920.0,-0.0009023666498251,1920.0,0.0175039302557707,1920.0,-0.0224493034183979,1920.0,0.104316808283329,1920.0,0.101863674819469,1920.0,0.0675823241472244
1930.0,-0.0289649963378906,1930.0,-0.0531837455928326,1930.0,-0.0438087470829487,1930.0,-0.0178633686155081,1930.0,-0.0080351829528808,1930.0,-0.0373712554574013,1930.0,0.002847671508789,1930.0,-0.0018945693736895,1930.0,-0.0069961547851562,1930.0,-0.0028789520729333,1930.0,-0.0158555041998625,1930.0,-0.0459884665906429,1930.0,-0.0052851676009595,1930.0,0.0140742305666208,1930.0,0.0209649093449116,1930.0,0.0249570850282907,1930.0,-0.0014883041149005,1930.0,0.0171915050595999,1930.0,-0.0224258434027433,1930.0,0.103840254247189,1930.0,0.101894952356815,1930.0,0.0673166289925575
1940.0,-0.0286681186407804,1940.0,-0.052894689142704,1940.0,-0.0435587875545025,1940.0,-0.0175273902714252,1940.0,-0.0077852248214185,1940.0,-0.0371603034436703,1940.0,0.0031054497230798,1940.0,-0.0016133309109136,1940.0,-0.0069805146194994,1940.0,-0.0029023170936852,1940.0,-0.0157695766538382,1940.0,-0.0456915870308876,1940.0,-0.0053398134186863,1940.0,0.0142695428803563,1940.0,0.021152401342988,1940.0,0.024878978729248,1940.0,-0.0020742416381835,1940.0,0.0169258117675781,1940.0,-0.0226055141538382,1940.0,0.103387072682381,1940.0,0.10193395614624,1940.0,0.0670588538050652
1950.0,-0.0283946041017771,1950.0,-0.0526212714612484,1950.0,-0.0433087348937988,1950.0,-0.0172148700803518,1950.0,-0.0075508118607103,1950.0,-0.0369728095829487,1950.0,0.0033555030822753,1950.0,-0.0013632774353027,1950.0,-0.0069570541381835,1950.0,-0.0029335976578295,1950.0,-0.0157149322330952,1950.0,-0.0454025268554688,1950.0,-0.0054023745469749,1950.0,0.0144571308046579,1950.0,0.0213165283203125,1950.0,0.0248165130615234,1950.0,-0.0026445388793945,1950.0,0.0166758541017771,1950.0,-0.0230743419378996,1950.0,0.102949619293213,1950.0,0.101965241134167,1950.0,0.066793255507946
1960.0,-0.0281211864203215,1960.0,-0.0523634925484657,1960.0,-0.0430665984749794,1960.0,-0.01691017113626,1960.0,-0.0073085785843431,1960.0,-0.0367774963378906,1960.0,0.0035820961929857,1960.0,-0.0011133194202557,1960.0,-0.0069414139725267,1960.0,-0.0029805183876305,1960.0,-0.015683650970459,1960.0,-0.0451134704053402,1960.0,-0.0054491995833814,1960.0,0.0146289831027389,1960.0,0.0214805603027344,1960.0,0.0247540473937988,1960.0,-0.003207016037777,1960.0,0.0164336208254099,1960.0,-0.0232149120420218,1960.0,0.102535538375378,1960.0,0.10198087990284,1960.0,0.0665431991219521
1970.0,-0.0278712268918753,1970.0,-0.0521134398877621,1970.0,-0.0428321845829487,1970.0,-0.0166211128234863,1970.0,-0.0070899012498557,1970.0,-0.0365978255867958,1970.0,0.0037929534446448,1970.0,-0.0008867263677529,1970.0,-0.0069335936568677,1970.0,-0.0030429840553551,1970.0,-0.0156758315861225,1970.0,-0.0447931289672852,1970.0,-0.0054961205460131,1970.0,0.0147930150851607,1970.0,0.0216367729008198,1970.0,0.0246993061155081,1970.0,-0.0037851333618164,1970.0,0.0161914825439453,1970.0,-0.0232149120420218,1970.0,0.102129273116589,1970.0,0.101988695561886,1970.0,0.0662932395935059
1980.0,-0.0276524554938078,1980.0,-0.0519025810062885,1980.0,-0.0426212325692177,1980.0,-0.0163633357733488,1980.0,-0.0069335936568677,1980.0,-0.0364727973937988,1980.0,0.0040117264725267,1980.0,-0.00067577365553,1980.0,-0.0069335936568677,1980.0,-0.0031132698059082,1980.0,-0.0156992916017771,1980.0,-0.0444649718701839,1980.0,-0.0055352211929857,1980.0,0.0149415014311671,1980.0,0.0217852592468262,1980.0,0.0246603023260832,1980.0,-0.0043320655822753,1980.0,0.0159805305302143,1980.0,-0.022308636456728,1980.0,0.101738646626472,1980.0,0.101988695561886,1980.0,0.0660510063171387
1990.0,-0.0274415016174316,1990.0,-0.0517306327819824,1990.0,-0.0424337387084961,1990.0,-0.0161289218813181,1990.0,-0.0067695616744458,1990.0,-0.0363399498164654,1990.0,0.0042383195832371,1990.0,-0.0004804611380677,1990.0,-0.0069414139725267,1990.0,-0.0031913758721202,1990.0,-0.0157305728644133,1990.0,-0.0441447272896767,1990.0,-0.0055820466950535,1990.0,0.0150742530822754,1990.0,0.02193365059793,1990.0,0.024629021063447,1990.0,-0.0048867226578295,1990.0,0.0157617572695017,1990.0,-0.0227930080145597,1990.0,0.101355843245983,1990.0,0.101973056793213,1990.0,0.0658010467886925
2000.0,-0.0272383689880371,2000.0,-0.0515431426465511,2000.0,-0.0422462485730648,2000.0,-0.0158946048468351,2000.0,-0.0066055296920239,2000.0,-0.0362150184810162,2000.0,0.0044414522126317,2000.0,-0.0003007888735737,2000.0,-0.0069570541381835,2000.0,-0.0032773972488939,2000.0,-0.0157617572695017,2000.0,-0.0438165664672852,2000.0,-0.0056211473420262,2000.0,0.0152070997282863,2000.0,0.022089958190918,2000.0,0.0245977398008108,2000.0,-0.0054258345626294,2000.0,0.0155352596193552,2000.0,-0.0226133354008198,2000.0,0.100973032414913,2000.0,0.10195741802454,2000.0,0.0655509978532791
2010.0,-0.0270586963742971,2010.0,-0.0513947494328022,2010.0,-0.0420822165906429,2010.0,-0.0156914722174406,2010.0,-0.0064492225646972,2010.0,-0.0361056327819824,2010.0,0.0046289446763694,2010.0,-0.0001289367646677,2010.0,-0.0070039751008153,2010.0,-0.0033633231651037,2010.0,-0.0158243179321289,2010.0,-0.0435040481388569,2010.0,-0.0056601525284349,2010.0,0.0153399473056197,2010.0,0.0222383495420218,2010.0,0.0245664604008198,2010.0,-0.0059492113068699,2010.0,0.0153164863586426,2010.0,-0.0224571228027344,2010.0,0.100598052144051,2010.0,0.101941779255867,2010.0,0.0653088614344597
2020.0,-0.0268790256232023,2020.0,-0.0512150786817074,2020.0,-0.0419025421142578,2020.0,-0.0154805183410645,2020.0,-0.0062773707322776,2020.0,-0.035972785204649,2020.0,0.0048242569901049,2020.0,3.51905837305821e-05,2020.0,-0.0070586204528808,2020.0,-0.0034727097954601,2020.0,-0.0158946048468351,2020.0,-0.0431993491947651,2020.0,-0.0057070734910666,2020.0,0.0154805183410645,2020.0,0.0223711971193552,2020.0,0.0245430953800678,2020.0,-0.0064492225646972,2020.0,0.0150977140292525,2020.0,-0.0223946571350098,2020.0,0.100230887532234,2020.0,0.101910591125488,2020.0,0.0650666281580925
2030.0,-0.0266915317624807,2030.0,-0.051027487963438,2030.0,-0.0417227745056152,2030.0,-0.015285206027329,2030.0,-0.0061055184341967,2030.0,-0.035832118242979,2030.0,0.0050273896194994,2030.0,0.0001992225734284,2030.0,-0.0071367262862622,2030.0,-0.0035664557944983,2030.0,-0.0159727092832327,2030.0,-0.0428946502506733,2030.0,-0.0057695391587913,2030.0,0.0156133649870753,2030.0,0.0225117690861225,2030.0,0.0245196353644133,2030.0,-0.0069414139725267,2030.0,0.0148789407685399,2030.0,-0.0221055038273335,2030.0,0.09986362606287,2030.0,0.101879313588142,2030.0,0.0648323073983192
2040.0,-0.0265352260321379,2040.0,-0.0508634559810162,2040.0,-0.0415587425231934,2040.0,-0.015113353729248,2040.0,-0.0059804916381835,2040.0,-0.0357383750379086,2040.0,0.0052148820832371,2040.0,0.0003398895205464,2040.0,-0.0072461129166185,2040.0,-0.0036757469642907,2040.0,-0.01607427559793,2040.0,-0.0426055900752544,2040.0,-0.0058398246765136,2040.0,0.0157461166381836,2040.0,0.0226367954164743,2040.0,0.0245039947330952,2040.0,-0.0074179652146995,2040.0,0.0146602634340525,2040.0,-0.0220430381596088,2040.0,0.0995042845606804,2040.0,0.101848028600216,2040.0,0.064605712890625
2050.0,-0.0263790134340525,2050.0,-0.0507150664925575,2050.0,-0.0414103530347347,2050.0,-0.0149492267519236,2050.0,-0.0058476449921727,2050.0,-0.0356368087232113,2050.0,0.0053945542313158,2050.0,0.0003788948233705,2050.0,-0.0073711397126317,2050.0,-0.0037929534446448,2050.0,-0.0161758419126272,2050.0,-0.0423165336251259,2050.0,-0.0059180259704589,2050.0,0.0158867835998535,2050.0,0.0227696429938078,2050.0,0.0244883541017771,2050.0,-0.007886791601777,2050.0,0.0144414901733398,2050.0,-0.0220664981752634,2050.0,0.0991449356079102,2050.0,0.101801209151745,2050.0,0.0643713027238846
2060.0,-0.0262227058410645,2060.0,-0.0505743995308876,2060.0,-0.0412540435791016,2060.0,-0.0147930150851607,2060.0,-0.0056992531754076,2060.0,-0.0355196967720985,2060.0,0.0055898665450513,2060.0,0.0005976677057333,2060.0,-0.0075038908980786,2060.0,-0.0039023400750011,2060.0,-0.016269588842988,2060.0,-0.0420431159436703,2060.0,-0.0060117724351584,2060.0,0.0160118099302053,2060.0,0.022886848077178,2060.0,0.0244648940861225,2060.0,-0.0083398818969726,2060.0,0.0142227178439498,2060.0,-0.0222148895263672,2060.0,0.098777674138546,2060.0,0.101754285395145,2060.0,0.0641526207327843
2070.0,-0.0260743144899607,2070.0,-0.0504181869328022,2070.0,-0.0411134734749794,2070.0,-0.0146368024870753,2070.0,-0.0055664065293967,2070.0,-0.0354181304574013,2070.0,0.0057851793244481,2070.0,0.0007305145263671,2070.0,-0.0076445578597486,2070.0,-0.0040195467881858,2070.0,-0.0163711551576853,2070.0,-0.0417775176465511,2070.0,-0.0061133387498557,2070.0,0.0161367412656546,2070.0,0.0229961406439543,2070.0,0.0244415290653706,2070.0,-0.0087773324921727,2070.0,0.0139961242675781,2070.0,-0.0229961406439543,2070.0,0.0984183326363564,2070.0,0.101691819727421,2070.0,0.0639416724443436
2080.0,-0.0259259231388569,2080.0,-0.0502540580928326,2080.0,-0.040964987128973,2080.0,-0.0144804958254099,2080.0,-0.0054180147126317,2080.0,-0.0353009216487408,2080.0,0.0059726717881858,2080.0,0.0008632660028524,2080.0,-0.0077929496765136,2080.0,-0.0041445731185376,2080.0,-0.016480540856719,2080.0,-0.0415274612605572,2080.0,-0.0062226294539868,2080.0,0.016269588842988,2080.0,0.0231133457273245,2080.0,0.0244258884340525,2080.0,-0.0091992383822798,2080.0,0.0137851713225245,2080.0,-0.0223320964723825,2080.0,0.0980668067932129,2080.0,0.101637080311775,2080.0,0.0637463554739952
2090.0,-0.0257774349302053,2090.0,-0.0500900261104107,2090.0,-0.0408165939152241,2090.0,-0.0143321035429835,2090.0,-0.0052773477509617,2090.0,-0.035191535949707,2090.0,0.0061836242675781,2090.0,0.0009882927406579,2090.0,-0.0079336166381835,2090.0,-0.0042773247696459,2090.0,-0.0165899284183979,2090.0,-0.0412931442260742,2090.0,-0.00634765625,2090.0,0.0164024364203215,2090.0,0.0232227332890034,2090.0,0.0244102478027344,2090.0,-0.0096055036410689,2090.0,0.0135821346193552,2090.0,-0.0221602451056242,2090.0,0.0977151915431023,2090.0,0.101574614644051,2090.0,0.0635510459542274
2100.0,-0.0256367679685354,2100.0,-0.0499181747436523,2100.0,-0.0406681075692177,2100.0,-0.0141914365813136,2100.0,-0.0051289559341967,2100.0,-0.0350821502506733,2100.0,0.0063789370469749,2100.0,0.0011133194202557,2100.0,-0.0080742835998535,2100.0,-0.00439453125,2100.0,-0.0167071353644133,2100.0,-0.0410978309810162,2100.0,-0.0064805033616721,2100.0,0.0165196415036917,2100.0,0.023316478356719,2100.0,0.0243946071714163,2100.0,-0.0099961282685399,2100.0,0.0133790019899607,2100.0,-0.0218087192624807,2100.0,0.0973636656999588,2100.0,0.101504325866699,2100.0,0.0633713752031326
2110.0,-0.0255040172487497,2110.0,-0.0497853271663189,2110.0,-0.0405352599918842,2110.0,-0.0140586858615279,2110.0,-0.0050039291381835,2110.0,-0.0350040458142757,2110.0,0.0065664290450513,2110.0,0.0012227058177813,2110.0,-0.0082148555666208,2110.0,-0.0045273783616721,2110.0,-0.0168320666998625,2110.0,-0.0408946983516216,2110.0,-0.0066210748627781,2110.0,0.0166367534548044,2110.0,0.0234102252870798,2110.0,0.0243711471557617,2110.0,-0.0103867528960109,2110.0,0.0131758693605661,2110.0,-0.0216134078800678,2110.0,0.0970198661088943,2110.0,0.101433947682381,2110.0,0.0631916075944901
2120.0,-0.0253789909183979,2120.0,-0.0496524833142757,2120.0,-0.040410328656435,2120.0,-0.0139336585998535,2120.0,-0.0048789023421704,2120.0,-0.0349181182682514,2120.0,0.0067461016587913,2120.0,0.0013319969875738,2120.0,-0.0083477022126317,2120.0,-0.0046601295471191,2120.0,-0.0169414523988962,2120.0,-0.0407072082161903,2120.0,-0.0067695616744458,2120.0,0.0167461391538382,2120.0,0.0234883315861225,2120.0,0.0243556033819914,2120.0,-0.0107617378234863,2120.0,0.0129727367311716,2120.0,-0.0214492809027433,2120.0,0.0966683402657509,2120.0,0.101348020136356,2120.0,0.0630119368433952
2130.0,-0.0252461433410645,2130.0,-0.0495040901005268,2130.0,-0.0402774810791016,2130.0,-0.0138164525851607,2130.0,-0.0047538760118186,2130.0,-0.0348243713378906,2130.0,0.0069257738068699,2130.0,0.0014413833850994,2130.0,-0.0084804538637399,2130.0,-0.004800796508789,2130.0,-0.0170742999762297,2130.0,-0.0404884330928326,2130.0,-0.0069179534912109,2130.0,0.0168633460998535,2130.0,0.0235743522644043,2130.0,0.0243321415036917,2130.0,-0.0111211780458689,2130.0,0.0127852438017726,2130.0,-0.0214571002870798,2130.0,0.0963246375322342,2130.0,0.101269915699959,2130.0,0.0628479048609734
2140.0,-0.0251368526369333,2140.0,-0.0493868850171566,2140.0,-0.0401446335017681,2140.0,-0.0137148862704635,2140.0,-0.0046601295471191,2140.0,-0.0347539894282818,2140.0,0.0071055414155125,2140.0,0.0015429496997967,2140.0,-0.0086054801940918,2140.0,-0.0049414634704589,2140.0,-0.0171993263065815,2140.0,-0.040285300463438,2140.0,-0.0070820809341967,2140.0,0.0169727336615324,2140.0,0.023652458563447,2140.0,0.0243086814880371,2140.0,-0.0114648817107081,2140.0,0.0125899314880371,2140.0,-0.0212774276733398,2140.0,0.0959808379411697,2140.0,0.101183988153934,2140.0,0.0626760497689247
2150.0,-0.0250274669378996,2150.0,-0.0492541305720806,2150.0,-0.0400197021663189,2150.0,-0.0136054996401072,2150.0,-0.0045430185273289,2150.0,-0.0346680656075478,2150.0,0.0072852135635912,2150.0,0.0016366959316656,2150.0,-0.0087305074557662,2150.0,-0.005089855287224,2150.0,-0.0173242576420307,2150.0,-0.040074348449707,2150.0,-0.0072461129166185,2150.0,0.0170742999762297,2150.0,0.0237227436155081,2150.0,0.024293040856719,2150.0,-0.0118008619174361,2150.0,0.0124024394899607,2150.0,-0.0212852489203215,2150.0,0.095637135207653,2150.0,0.101090244948864,2150.0,0.0625041052699089
2160.0,-0.0249180793762207,2160.0,-0.0491369254887104,2160.0,-0.0399103164672852,2160.0,-0.0135195730254054,2160.0,-0.0044648172333836,2160.0,-0.0346055999398232,2160.0,0.0074492455460131,2160.0,0.0017226219642907,2160.0,-0.0088398931547999,2160.0,-0.0052460669539868,2160.0,-0.017457103356719,2160.0,-0.0398868583142757,2160.0,-0.0074179652146995,2160.0,0.0171758662909269,2160.0,0.0237930305302143,2160.0,0.0242695808410645,2160.0,-0.0121289258822799,2160.0,0.012214851565659,2160.0,-0.0213008876889944,2160.0,0.0952933356165886,2160.0,0.100996494293213,2160.0,0.0623400695621967
2170.0,-0.0248243343085051,2170.0,-0.0490275397896767,2170.0,-0.0398009307682514,2170.0,-0.0134258270263672,2170.0,-0.0043632509186863,2170.0,-0.0345353148877621,2170.0,0.007621097844094,2170.0,0.0018086433410644,2170.0,-0.0089571001008153,2170.0,-0.0053945542313158,2170.0,-0.0175976753234863,2170.0,-0.0397071838378906,2170.0,-0.007589912507683,2170.0,0.0172930713742971,2170.0,0.0238555911928415,2170.0,0.0242540370672941,2170.0,-0.0124414442107081,2170.0,0.0120351789519191,2170.0,-0.0212696082890034,2170.0,0.0949573516845703,2170.0,0.100894927978516,2170.0,0.0621760375797749
2180.0,-0.0247149467468262,2180.0,-0.0488946922123432,2180.0,-0.0396759025752544,2180.0,-0.013332081027329,2180.0,-0.0042461394332349,2180.0,-0.0344571135938168,2180.0,0.0077852248214185,2180.0,0.0018867492908611,2180.0,-0.0090820314362645,2180.0,-0.0055352211929857,2180.0,-0.0177305229008198,2180.0,-0.0395353324711323,2180.0,-0.0077617648057639,2180.0,0.0173946376889944,2180.0,0.0239180568605661,2180.0,0.0242305751889944,2180.0,-0.012753963470459,2180.0,0.0118711469694972,2180.0,-0.0212071426212788,2180.0,0.0946292877197266,2180.0,0.100801184773445,2180.0,0.0620041862130165
2190.0,-0.0246133804321289,2190.0,-0.0487619414925575,2190.0,-0.0395586974918842,2190.0,-0.0132383350282907,2190.0,-0.0041367532685399,2190.0,-0.0343790054321289,2190.0,0.0079648969694972,2190.0,0.0019726753234863,2190.0,-0.0091914180666208,2190.0,-0.0056836130097508,2190.0,-0.0178711898624897,2190.0,-0.0393633842468262,2190.0,-0.0079414369538426,2190.0,0.0174962040036917,2190.0,0.0239805225282907,2190.0,0.0242071151733398,2190.0,-0.0130430227145553,2190.0,0.0117071149870753,2190.0,-0.0211758613586426,2190.0,0.0943011268973351,2190.0,0.100699618458748,2190.0,0.0618400573730469
2200.0,-0.0245118141174316,2200.0,-0.048644732683897,2200.0,-0.0394415855407715,2200.0,-0.013152408413589,2200.0,-0.0040430068038404,2200.0,-0.0343087203800678,2200.0,0.0081367492675781,2200.0,0.0020507813896983,2200.0,-0.0093008046969771,2200.0,-0.0058320048265159,2200.0,-0.0180039405822754,2200.0,-0.0392071716487408,2200.0,-0.0081132892519235,2200.0,0.0175977703183889,2200.0,0.024043083190918,2200.0,0.0241914745420218,2200.0,-0.0133242607116699,2200.0,0.0115429880097508,2200.0,-0.021332073956728,2200.0,0.0939730629324913,2200.0,0.100590229034424,2200.0,0.061676025390625
2210.0,-0.0244102478027344,2210.0,-0.0485275276005268,2210.0,-0.0393321998417377,2210.0,-0.0130743030458689,2210.0,-0.0039492608048021,2210.0,-0.0342462547123432,2210.0,0.008316421881318,2210.0,0.0021288872230798,2210.0,-0.0094101903960108,2210.0,-0.0059726717881858,2210.0,-0.0181446075439453,2210.0,-0.0390821471810341,2210.0,-0.0082929609343409,2210.0,0.0176993366330862,2210.0,0.0240977294743061,2210.0,0.0241681095212698,2210.0,-0.0135976793244481,2210.0,0.0113945966586471,2210.0,-0.0212539676576853,2210.0,0.0936527252197266,2210.0,0.10048084706068,2210.0,0.0615198127925396
2220.0,-0.0243243221193552,2220.0,-0.0484259612858295,2220.0,-0.039222814142704,2220.0,-0.0130117414519191,2220.0,-0.0038866996765136,2220.0,-0.0341836921870708,2220.0,0.008488274179399,2220.0,0.0021992684341967,2220.0,-0.0095195770263671,2220.0,-0.0061211585998535,2220.0,-0.0182851795107126,2220.0,-0.0389493964612484,2220.0,-0.008464909158647,2220.0,0.0178008079528809,2220.0,0.0241602901369333,2220.0,0.0241446495056152,2220.0,-0.0138555532321334,2220.0,0.0112461093813181,2220.0,-0.0211367607116699,2220.0,0.0933402106165886,2220.0,0.100371457636356,2220.0,0.0613556876778603
2230.0,-0.024238396435976,2230.0,-0.0483087562024593,2230.0,-0.0391212478280067,2230.0,-0.012933636084199,2230.0,-0.0037851333618164,2230.0,-0.0341134071350098,2230.0,0.0086524011567235,2230.0,0.0022695541847497,2230.0,-0.0096133230254054,2230.0,-0.0062617301009595,2230.0,-0.0184258464723825,2230.0,-0.0388087294995785,2230.0,-0.0086289411410689,2230.0,0.0179023742675781,2230.0,0.0242149364203215,2230.0,0.0241211894899607,2230.0,-0.0141055108979344,2230.0,0.0110977170988917,2230.0,-0.0211680419743061,2230.0,0.0930198654532433,2230.0,0.100262068212032,2230.0,0.0611916556954384
2240.0,-0.0241524707525969,2240.0,-0.0481993667781353,2240.0,-0.0390196815133095,2240.0,-0.0128633501008153,2240.0,-0.0036992074456065,2240.0,-0.0340587608516216,2240.0,0.0088242534548044,2240.0,0.0023476600181311,2240.0,-0.0097148893401026,2240.0,-0.0063945772126317,2240.0,-0.0185665134340525,2240.0,-0.038691520690918,2240.0,-0.0087851528078317,2240.0,0.018011761829257,2240.0,0.0242695808410645,2240.0,0.0240977294743061,2240.0,-0.0143477441743016,2240.0,0.0109570501372218,2240.0,-0.0208633430302143,2240.0,0.0927151665091515,2240.0,0.10014495998621,2240.0,0.0610276237130165
2250.0,-0.0240664482116699,2250.0,-0.0481056235730648,2250.0,-0.0389181151986122,2250.0,-0.012792969122529,2250.0,-0.0035976411309093,2250.0,-0.0339883826673031,2250.0,0.0089961057528853,2250.0,0.0024101256858557,2250.0,-0.0098086362704634,2250.0,-0.0065195085480809,2250.0,-0.0186914447695017,2250.0,-0.0385743156075478,2250.0,-0.0089414594694972,2250.0,0.0181133281439543,2250.0,0.0243165027350187,2250.0,0.0240742694586515,2250.0,-0.0145820621401072,2250.0,0.0108164791017771,2250.0,-0.0206836704164743,2250.0,0.0924027487635612,2250.0,0.10002775490284,2250.0,0.0608713142573833
2260.0,-0.0239805225282907,2260.0,-0.0479650497436523,2260.0,-0.0388009063899517,2260.0,-0.0127226831391454,2260.0,-0.003496074816212,2260.0,-0.0339180938899517,2260.0,0.0091602327302098,2260.0,0.0024805068969726,2260.0,-0.0099023822695016,2260.0,-0.006644535344094,2260.0,-0.0188242923468351,2260.0,-0.038472842425108,2260.0,-0.0090820314362645,2260.0,0.0182148944586515,2260.0,0.0243711471557617,2260.0,0.0240587238222361,2260.0,-0.0148008344694972,2260.0,0.0106836324557662,2260.0,-0.0206602104008198,2260.0,0.0920980498194695,2260.0,0.0999105498194695,2260.0,0.0607072822749615
2270.0,-0.0238945968449116,2270.0,-0.0478478446602821,2270.0,-0.0387071631848812,2270.0,-0.0126445768401027,2270.0,-0.0033945085015147,2270.0,-0.0338478088378906,2270.0,0.0093320850282907,2270.0,0.0025429725646972,2270.0,-0.0099883079528808,2270.0,-0.0067695616744458,2270.0,-0.0189571380615234,2270.0,-0.0383868217468262,2270.0,-0.0092148780822753,2270.0,0.0183164607733488,2270.0,0.0244258884340525,2270.0,0.0240352638065815,2270.0,-0.0150117874145508,2270.0,0.0105507848784328,2270.0,-0.0206212047487497,2270.0,0.0918011665344238,2270.0,0.0997933372855186,2270.0,0.0605431571602821
2280.0,-0.0238086711615324,2280.0,-0.0477384589612484,2280.0,-0.0386055968701839,2280.0,-0.0125821111723781,2280.0,-0.0033007622696459,2280.0,-0.033793069422245,2280.0,0.0095039373263716,2280.0,0.0026054382324218,2280.0,-0.0100664142519236,2280.0,-0.0068789483048021,2280.0,-0.0190820693969727,2280.0,-0.0383165366947651,2280.0,-0.0093477247282862,2280.0,0.0184180270880461,2280.0,0.0244648940861225,2280.0,0.0240118037909269,2280.0,-0.0152070997282863,2280.0,0.0104258535429835,2280.0,-0.0206602104008198,2280.0,0.0915042906999588,2280.0,0.0996683165431023,2280.0,0.0603791251778603
2290.0,-0.0237227436155081,2290.0,-0.0476447120308876,2290.0,-0.0385196693241596,2290.0,-0.0125195505097508,2290.0,-0.0032226562034338,2290.0,-0.0337462425231934,2290.0,0.0096679693087935,2290.0,0.0026679993607103,2290.0,-0.0101523399353027,2290.0,-0.0069805146194994,2290.0,-0.0192149169743061,2290.0,-0.038246251642704,2290.0,-0.0094726560637354,2290.0,0.0185117721557617,2290.0,0.0245039947330952,2290.0,0.0239883419126272,2290.0,-0.0154024129733443,2290.0,0.0103086475282907,2290.0,-0.0204883571714163,2290.0,0.0912152305245399,2290.0,0.0995512008666992,2290.0,0.0602150931954384
2300.0,-0.023652458563447,2300.0,-0.0475431457161903,2300.0,-0.0384259223937988,2300.0,-0.0124649051576853,2300.0,-0.003136730287224,2300.0,-0.0336915031075478,2300.0,0.009832096286118,2300.0,0.0027226449456065,2300.0,-0.010230541229248,2300.0,-0.0070820809341967,2300.0,-0.0193321239203215,2300.0,-0.0381525047123432,2300.0,-0.0095898630097508,2300.0,0.018613338470459,2300.0,0.0245352741330862,2300.0,0.0239727981388569,2300.0,-0.0155899049714208,2300.0,0.0101836202666163,2300.0,-0.0206055641174316,2300.0,0.0909261703491211,2300.0,0.0994261726737022,2300.0,0.0600510612130165
2310.0,-0.0235742572695017,2310.0,-0.0474493987858295,2310.0,-0.0383478179574013,2310.0,-0.0124023435637355,2310.0,-0.003058624221012,2310.0,-0.0336446762084961,2310.0,0.0099883079528808,2310.0,0.002777385758236,2310.0,-0.0103086475282907,2310.0,-0.0071992874145507,2310.0,-0.0194415096193552,2310.0,-0.0380587577819824,2310.0,-0.0096992496401071,2310.0,0.0187070854008198,2310.0,0.0245742797851563,2310.0,0.0239415168762207,2310.0,-0.0157695766538382,2310.0,0.0100664142519236,2310.0,-0.020332146435976,2310.0,0.0906448364257813,2310.0,0.0993011519312859,2310.0,0.0598947517573833
2320.0,-0.0235039722174406,2320.0,-0.047371294349432,2320.0,-0.038261890411377,2320.0,-0.012355518527329,2320.0,-0.0029960633255541,2320.0,-0.0336055755615234,2320.0,0.0101446155458689,2320.0,0.0028320313431322,2320.0,-0.0103789335116744,2320.0,-0.0073007582686841,2320.0,-0.0195508953183889,2320.0,-0.0379728339612484,2320.0,-0.0097929956391453,2320.0,0.018808651715517,2320.0,0.0245977398008108,2320.0,0.0239180568605661,2320.0,-0.01593360863626,2320.0,0.0099493032321333,2320.0,-0.0201523788273335,2320.0,0.0903557762503624,2320.0,0.0991761237382889,2320.0,0.0597307197749615
2330.0,-0.0234336853027344,2330.0,-0.0472775474190712,2330.0,-0.0381836891174316,2330.0,-0.0123085975646973,2330.0,-0.002917957259342,2330.0,-0.0335509292781353,2330.0,0.0103008272126317,2330.0,0.0028867721557617,2330.0,-0.0104570388793945,2330.0,-0.0073946001939475,2330.0,-0.0196601878851652,2330.0,-0.0378790870308876,2330.0,-0.0098867416381835,2330.0,0.0189023967832327,2330.0,0.0246212016791105,2330.0,0.0238945968449116,2330.0,-0.0160977374762297,2330.0,0.009832096286118,2330.0,-0.0197773929685354,2330.0,0.0900823622941971,2330.0,0.0990511924028397,2330.0,0.0595665946602821
2340.0,-0.0233634002506733,2340.0,-0.0471838004887104,2340.0,-0.0381055846810341,2340.0,-0.0122617725282907,2340.0,-0.0028554915916174,2340.0,-0.0335040092468262,2340.0,0.0104648591950536,2340.0,0.0029414177406579,2340.0,-0.0105117801576853,2340.0,-0.0074805258773267,2340.0,-0.0197617541998625,2340.0,-0.0377930663526058,2340.0,-0.0099726682528853,2340.0,0.01900396309793,2340.0,0.0246446616947651,2340.0,0.023863410577178,2340.0,-0.0162539482116699,2340.0,0.0097227096557617,2340.0,-0.0193477626889944,2340.0,0.0898089408874512,2340.0,0.0989183411002159,2340.0,0.0594103820621967
2350.0,-0.0232930183410645,2350.0,-0.0470900535583496,2350.0,-0.0380274765193462,2350.0,-0.012214851565659,2350.0,-0.0027852058410644,2350.0,-0.033449362963438,2350.0,0.0106289861723781,2350.0,0.0029960633255541,2350.0,-0.0105664255097508,2350.0,-0.0075429915450513,2350.0,-0.0198477748781443,2350.0,-0.0377071388065815,2350.0,-0.0100507736206055,2350.0,0.0190977100282907,2350.0,0.024668026715517,2350.0,0.0238399505615234,2350.0,-0.0164024364203215,2350.0,0.0096133230254054,2350.0,-0.0191446300595999,2350.0,0.0895355269312859,2350.0,0.0987933203577995,2350.0,0.0592463500797749
2360.0,-0.0232227332890034,2360.0,-0.0469963066279888,2360.0,-0.0379493720829487,2360.0,-0.0121680265292525,2360.0,-0.0027148246299475,2360.0,-0.0334024429321289,2360.0,0.0107930181547999,2360.0,0.0030429840553551,2360.0,-0.0106289861723781,2360.0,-0.0076132775284349,2360.0,-0.0199337005615234,2360.0,-0.0376212112605572,2360.0,-0.0101133352145553,2360.0,0.0191914569586515,2360.0,0.0246836673468351,2360.0,0.0238164905458689,2360.0,-0.0165351871401072,2360.0,0.0095195770263671,2360.0,-0.018222713842988,2360.0,0.089269831776619,2360.0,0.0986605659127235,2360.0,0.059090044349432
2370.0,-0.0231524463742971,2370.0,-0.046910285949707,2370.0,-0.0378790870308876,2370.0,-0.0121289258822799,2370.0,-0.0026601792778819,2370.0,-0.033363439142704,2370.0,0.0109570501372218,2370.0,0.0030899047851562,2370.0,-0.0106758121401072,2370.0,-0.0076680183410644,2370.0,-0.0200196262449026,2370.0,-0.0375665687024593,2370.0,-0.0101758008822799,2370.0,0.0192930232733488,2370.0,0.0246993061155081,2370.0,0.0237852092832327,2370.0,-0.0166914947330952,2370.0,0.0093945506960153,2370.0,-0.0200039874762297,2370.0,0.088996410369873,2370.0,0.0985198989510536,2370.0,0.0589260123670101
2380.0,-0.0230898857116699,2380.0,-0.046840000897646,2380.0,-0.0378165245056152,2380.0,-0.0120899202302098,2380.0,-0.0025976181495934,2380.0,-0.0333165191113949,2380.0,0.0111211780458689,2380.0,0.003136730287224,2380.0,-0.0107305524870753,2380.0,-0.007730484008789,2380.0,-0.0200899131596088,2380.0,-0.0374961867928505,2380.0,-0.0102383615449071,2380.0,0.0193867683410645,2380.0,0.0247149467468262,2380.0,0.0237618442624807,2380.0,-0.0168242454528809,2380.0,0.009285164065659,2380.0,-0.020746136084199,2380.0,0.0887308120727539,2380.0,0.0983870550990105,2380.0,0.0587619803845882
2390.0,-0.0230196006596088,2390.0,-0.0467540733516216,2390.0,-0.0377384200692177,2390.0,-0.0120508195832372,2390.0,-0.0025351524818688,2390.0,-0.0332696922123432,2390.0,0.0112852100282907,2390.0,0.0031836510170251,2390.0,-0.0107773784548044,2390.0,-0.0077929496765136,2390.0,-0.0201680194586515,2390.0,-0.0374259017407894,2390.0,-0.0102851865813136,2390.0,0.0194883346557617,2390.0,0.0247305873781443,2390.0,0.0237383842468262,2390.0,-0.0169492717832327,2390.0,0.0091835977509617,2390.0,-0.0209336280822754,2390.0,0.0884730368852615,2390.0,0.0982543006539345,2390.0,0.0586056709289551
2400.0,-0.0229571349918842,2400.0,-0.0466681495308876,2400.0,-0.0376681350171566,2400.0,-0.0120117189362645,2400.0,-0.0024805068969726,2400.0,-0.0332305915653706,2400.0,0.0114414216950536,2400.0,0.0032304765190929,2400.0,-0.0108164791017771,2400.0,-0.0078398706391453,2400.0,-0.0202305801212788,2400.0,-0.037355612963438,2400.0,-0.0103242872282863,2400.0,0.0195820815861225,2400.0,0.0247384067624807,2400.0,0.0237071048468351,2400.0,-0.017066478729248,2400.0,0.0090898517519235,2400.0,-0.0208555217832327,2400.0,0.0882151648402214,2400.0,0.0981214568018913,2400.0,0.0584494583308697
2410.0,-0.022894574329257,2410.0,-0.0465900413691998,2410.0,-0.0376055724918842,2410.0,-0.0119727132841945,2410.0,-0.0024257660843431,2410.0,-0.0331914909183979,2410.0,0.0115977292880416,2410.0,0.0032773972488939,2410.0,-0.0108633041381836,2410.0,-0.007878971286118,2410.0,-0.0202930457890034,2410.0,-0.0372775085270405,2410.0,-0.0103632928803563,2410.0,0.0196836479008198,2410.0,0.0247540473937988,2410.0,0.0236759185791016,2410.0,-0.0171836856752634,2410.0,0.0090039251372218,2410.0,-0.020175838842988,2410.0,0.0879652053117752,2410.0,0.0979887023568153,2410.0,0.0582931526005268
2420.0,-0.0228321086615324,2420.0,-0.0465274825692177,2420.0,-0.0375431068241596,2420.0,-0.0119414329528809,2420.0,-0.0023711204994469,2420.0,-0.033152487128973,2420.0,0.0117539409548044,2420.0,0.0033164024353027,2420.0,-0.0108945844694972,2420.0,-0.007917976938188,2420.0,-0.020355511456728,2420.0,-0.0371994040906429,2420.0,-0.0103867528960109,2420.0,0.0197773929685354,2420.0,0.0247617717832327,2420.0,0.023652458563447,2420.0,-0.0172930713742971,2420.0,0.0089101791381835,2420.0,-0.019996166229248,2420.0,0.0877151489257813,2420.0,0.0978558585047722,2420.0,0.0581369400024414
2430.0,-0.0227696429938078,2430.0,-0.0464415550231934,2430.0,-0.0374728217720985,2430.0,-0.0119101526215672,2430.0,-0.0023163796868175,2430.0,-0.0331055633723736,2430.0,0.0119179729372263,2430.0,0.0033555030822753,2430.0,-0.0109258657321334,2430.0,-0.0079570775851607,2430.0,-0.0204180721193552,2430.0,-0.0371290221810341,2430.0,-0.010410213842988,2430.0,0.0198711398988962,2430.0,0.0247695930302143,2430.0,0.0236289985477924,2430.0,-0.0174023639410734,2430.0,0.0088164331391453,2430.0,-0.0202617645263672,2430.0,0.0874651893973351,2430.0,0.0977230072021484,2430.0,0.057980727404356
2440.0,-0.0227070804685354,2440.0,-0.0463712699711323,2440.0,-0.0374102592468262,2440.0,-0.0118711469694972,2440.0,-0.0022539140190929,2440.0,-0.0330665595829487,2440.0,0.0120664602145553,2440.0,0.0033945085015147,2440.0,-0.0109570501372218,2440.0,-0.0079882619902491,2440.0,-0.0204648971557617,2440.0,-0.0370509140193462,2440.0,-0.0104336738586426,2440.0,0.0199727062135935,2440.0,0.0247852336615324,2440.0,0.0236055385321379,2440.0,-0.0175039302557707,2440.0,0.0087305074557662,2440.0,-0.0201211925595999,2440.0,0.0872151404619217,2440.0,0.0975824370980263,2440.0,0.0578322410583496
2450.0,-0.0226446148008108,2450.0,-0.046285342425108,2450.0,-0.0373477935791016,2450.0,-0.0118320463225245,2450.0,-0.0021914483513683,2450.0,-0.0330196395516396,2450.0,0.0122304921969771,2450.0,0.0034414292313158,2450.0,-0.010980511084199,2450.0,-0.0080039026215672,2450.0,-0.0205039978027344,2450.0,-0.0369728095829487,2450.0,-0.010441399179399,2450.0,0.0200664531439543,2450.0,0.0248008724302053,2450.0,0.0235820766538382,2450.0,-0.0176054965704679,2450.0,0.0086367605254054,2450.0,-0.0202227588742971,2450.0,0.0869730040431023,2450.0,0.0974495932459831,2450.0,0.057683851569891
2460.0,-0.0225899703800678,2460.0,-0.0462072379887104,2460.0,-0.037285327911377,2460.0,-0.0117930416017771,2460.0,-0.0021210671402514,2460.0,-0.0329728126525879,2460.0,0.0123789785429835,2460.0,0.0034805298782885,2460.0,-0.0110117914155126,2460.0,-0.0080273626372218,2460.0,-0.0205508228391409,2460.0,-0.0368947051465511,2460.0,-0.010441399179399,2460.0,0.0201601982116699,2460.0,0.0248165130615234,2460.0,0.0235587116330862,2460.0,-0.0177070628851652,2460.0,0.0085586551576852,2460.0,-0.020386790856719,2460.0,0.0867307707667351,2460.0,0.0973089262843132,2460.0,0.0575353614985943
2470.0,-0.0225274097174406,2470.0,-0.0461290366947651,2470.0,-0.0372227691113949,2470.0,-0.0117539409548044,2470.0,-0.0020586014725267,2470.0,-0.0329258926212788,2470.0,0.0125273708254099,2470.0,0.0035273551475256,2470.0,-0.0110351564362645,2470.0,-0.0080508235841989,2470.0,-0.0205977447330952,2470.0,-0.0368165038526058,2470.0,-0.010441399179399,2470.0,0.0202539451420307,2470.0,0.0248321536928415,2470.0,0.0235430728644133,2470.0,-0.0178008079528809,2470.0,0.008464909158647,2470.0,-0.0210821162909269,2470.0,0.0864886268973351,2470.0,0.0971761718392372,2470.0,0.0573791526257992
2480.0,-0.0224727634340525,2480.0,-0.0460509322583675,2480.0,-0.0371603034436703,2480.0,-0.0117148403078318,2480.0,-0.0019961358048021,2480.0,-0.0328868888318539,2480.0,0.0126993181183934,2480.0,0.0035742761101573,2480.0,-0.0110507970675826,2480.0,-0.008058643899858,2480.0,-0.0206367503851652,2480.0,-0.036738395690918,2480.0,-0.010441399179399,2480.0,0.0203476902097464,2480.0,0.0248477943241596,2480.0,0.0235196109861135,2480.0,-0.0178945548832417,2480.0,0.0083789825439453,2480.0,-0.0214571002870798,2480.0,0.0862463936209679,2480.0,0.0970355048775673,2480.0,0.0572306625545025
2490.0,-0.0224102027714252,2490.0,-0.0459728240966797,2490.0,-0.0371055603027344,2490.0,-0.0116836549714208,2490.0,-0.0019335746765136,2490.0,-0.0328399650752544,2490.0,0.0128555297851563,2490.0,0.0036211013793945,2490.0,-0.0110742570832372,2490.0,-0.0080742835998535,2490.0,-0.0206758510321379,2490.0,-0.0366681106388569,2490.0,-0.0104336738586426,2490.0,0.0204415321350098,2490.0,0.02486333809793,2490.0,0.023496150970459,2490.0,-0.0179882999509573,2490.0,0.0082929609343409,2490.0,-0.0216836929321289,2490.0,0.0860120803117752,2490.0,0.0968949347734451,2490.0,0.0570822730660439
2500.0,-0.0223555564880371,2500.0,-0.0458947196602821,2500.0,-0.0370430946350098,2500.0,-0.0116445543244481,2500.0,-0.001871109008789,2500.0,-0.0328008644282818,2500.0,0.0130039220675826,2500.0,0.0036680221091955,2500.0,-0.0110820773988962,2500.0,-0.0080821039155125,2500.0,-0.0207071304321289,2500.0,-0.0365978255867958,2500.0,-0.0104180341586471,2500.0,0.0205352790653706,2500.0,0.0248867999762297,2500.0,0.0234806071966887,2500.0,-0.0180743224918842,2500.0,0.0082148555666208,2500.0,-0.0216524135321379,2500.0,0.0857776626944542,2500.0,0.0967542678117752,2500.0,0.0569337867200375
2510.0,-0.0223008152097464,2510.0,-0.0458244346082211,2510.0,-0.0369806289672852,2510.0,-0.0116055486723781,2510.0,-0.0018163680797442,2510.0,-0.0327618606388569,2510.0,0.013160228729248,2510.0,0.0037148476112633,2510.0,-0.0110977170988917,2510.0,-0.0080898283049464,2510.0,-0.0207383166998625,2510.0,-0.0365118980407715,2510.0,-0.010402393527329,2510.0,0.0206290241330862,2510.0,0.0249102599918842,2510.0,0.0234649665653706,2510.0,-0.0181524287909269,2510.0,0.0081367492675781,2510.0,-0.0216836929321289,2510.0,0.0855510756373405,2510.0,0.0966214165091515,2510.0,0.0567853935062885
2520.0,-0.0222461707890034,2520.0,-0.0457696914672852,2520.0,-0.0369258895516396,2520.0,-0.0115742683410645,2520.0,-0.0017695426940918,2520.0,-0.0327305793762207,2520.0,0.0133086210116744,2520.0,0.003753948258236,2520.0,-0.0111055374145508,2520.0,-0.0080898283049464,2520.0,-0.0207695960998535,2520.0,-0.0364258773624897,2520.0,-0.0103789335116744,2520.0,0.020722771063447,2520.0,0.0249259006232023,2520.0,0.023441506549716,2520.0,-0.0182383544743061,2520.0,0.0080664632841944,2520.0,-0.0216524135321379,2520.0,0.0853245779871941,2520.0,0.0964808464050293,2520.0,0.0566447265446186
2530.0,-0.0221915245056152,2530.0,-0.0456994064152241,2530.0,-0.0368712432682514,2530.0,-0.0115351676940918,2530.0,-0.0017226219642907,2530.0,-0.0326992981135845,2530.0,0.0134571073576808,2530.0,0.0038007737603038,2530.0,-0.0111133577302098,2530.0,-0.0080976486206054,2530.0,-0.0208086967468262,2530.0,-0.0363477729260921,2530.0,-0.0103554725646973,2530.0,0.0208086967468262,2530.0,0.0249493606388569,2530.0,0.0234258659183979,2530.0,-0.0183399207890034,2530.0,0.0079883579164743,2530.0,-0.0216915141791105,2530.0,0.0850979834794998,2530.0,0.0963401794433594,2530.0,0.0565041564404964
2540.0,-0.0221367832273245,2540.0,-0.0456446669995785,2540.0,-0.0368165038526058,2540.0,-0.0115039823576808,2540.0,-0.001691436744295,2540.0,-0.0326681137084961,2540.0,0.0136054996401072,2540.0,0.0038398744072765,2540.0,-0.0111211780458689,2540.0,-0.0080976486206054,2540.0,-0.0208398830145597,2540.0,-0.0362696647644043,2540.0,-0.0103242872282863,2540.0,0.0208946224302053,2540.0,0.0249649044126272,2540.0,0.0234102252870798,2540.0,-0.018402386456728,2540.0,0.007910156622529,2540.0,-0.0214571002870798,2540.0,0.0848713889718056,2540.0,0.0961996093392372,2540.0,0.0563556663691998
2550.0,-0.0220821388065815,2550.0,-0.0455900207161903,2550.0,-0.0367618575692177,2550.0,-0.0114727020263672,2550.0,-0.001644516014494,2550.0,-0.0326368324458599,2550.0,0.0137461666017771,2550.0,0.0038711547385901,2550.0,-0.0111367227509618,2550.0,-0.0080976486206054,2550.0,-0.0208711624145508,2550.0,-0.0362071990966797,2550.0,-0.0103008272126317,2550.0,0.0209805499762297,2550.0,0.0249805450439453,2550.0,0.0233945846557617,2550.0,-0.0184727665036917,2550.0,0.0078320503234863,2550.0,-0.0215664859861135,2550.0,0.0846448913216591,2550.0,0.0960589423775673,2550.0,0.0562150962650776
2560.0,-0.0220352169126272,2560.0,-0.0455197356641293,2560.0,-0.0367149375379086,2560.0,-0.0114414216950536,2560.0,-0.0015976906288415,2560.0,-0.0325900092720985,2560.0,0.0138867376372218,2560.0,0.0039179804734885,2560.0,-0.0111367227509618,2560.0,-0.0080898283049464,2560.0,-0.0209102630615234,2560.0,-0.0361289978027344,2560.0,-0.010261726565659,2560.0,0.0210664756596088,2560.0,0.0249805450439453,2560.0,0.0233790408819914,2560.0,-0.0185508728027344,2560.0,0.0077617648057639,2560.0,-0.0216445922851563,2560.0,0.0844182968139648,2560.0,0.0959261879324913,2560.0,0.0560666099190712
2570.0,-0.0219805724918842,2570.0,-0.0454493537545204,2570.0,-0.0366602912545204,2570.0,-0.0114102363586426,2570.0,-0.0015585899818688,2570.0,-0.0325587280094624,2570.0,0.0140352249145508,2570.0,0.0039649009704589,2570.0,-0.0111367227509618,2570.0,-0.0080821039155125,2570.0,-0.0209336280822754,2570.0,-0.0360587127506733,2570.0,-0.010230541229248,2570.0,0.021152401342988,2570.0,0.0249883662909269,2570.0,0.0233634002506733,2570.0,-0.0186211597174406,2570.0,0.0076914788223803,2570.0,-0.0217696186155081,2570.0,0.0841917023062706,2570.0,0.0957855209708214,2570.0,0.0559338591992855
2580.0,-0.0219258312135935,2580.0,-0.0453712455928326,2580.0,-0.0366133712232113,2580.0,-0.011378956027329,2580.0,-0.0015039443969726,2580.0,-0.0325118079781532,2580.0,0.0141757968813181,2580.0,0.0040117264725267,2580.0,-0.0111367227509618,2580.0,-0.0080742835998535,2580.0,-0.0209649093449116,2580.0,-0.0359884276986122,2580.0,-0.0101914405822754,2580.0,0.0212305076420307,2580.0,0.0249805450439453,2580.0,0.0233477596193552,2580.0,-0.0186914447695017,2580.0,0.007621097844094,2580.0,-0.021488381549716,2580.0,0.0839730277657509,2580.0,0.0956448540091515,2580.0,0.0557931922376156
2590.0,-0.0218711849302053,2590.0,-0.0453009605407715,2590.0,-0.0365587249398232,2590.0,-0.0113398553803563,2590.0,-0.0014570236671716,2590.0,-0.032472800463438,2590.0,0.0143242841586471,2590.0,0.0040508271194994,2590.0,-0.0111367227509618,2590.0,-0.0080508235841989,2590.0,-0.0210040099918842,2590.0,-0.0359181426465511,2590.0,-0.0101523399353027,2590.0,0.021308708935976,2590.0,0.0249883662909269,2590.0,0.0233399402350187,2590.0,-0.0187540054321289,2590.0,0.0075586321763694,2590.0,-0.0211758613586426,2590.0,0.0837620720267296,2590.0,0.0955042839050293,2590.0,0.0556525252759457
2600.0,-0.0218242648988962,2600.0,-0.0452306754887104,2600.0,-0.0365118980407715,2600.0,-0.0113086700439453,2600.0,-0.0014257431030273,2600.0,-0.0324415229260921,2600.0,0.0144648551940918,2600.0,0.0040976526215672,2600.0,-0.0111367227509618,2600.0,-0.0080430032685399,2600.0,-0.0210351943969727,2600.0,-0.0358477607369423,2600.0,-0.0101133352145553,2600.0,0.0213868152350187,2600.0,0.0249961856752634,2600.0,0.0233242996037006,2600.0,-0.0188242923468351,2600.0,0.0074883461929857,2600.0,-0.0211289413273335,2600.0,0.0835433006286621,2600.0,0.0953636169433594,2600.0,0.0555197708308697
2610.0,-0.0217696186155081,2610.0,-0.0451759360730648,2610.0,-0.0364571586251259,2610.0,-0.0112773897126317,2610.0,-0.0013867378002032,2610.0,-0.032410241663456,2610.0,0.0146133424714208,2610.0,0.0041367532685399,2610.0,-0.0111367227509618,2610.0,-0.0080273626372218,2610.0,-0.0210586544126272,2610.0,-0.0357696525752544,2610.0,-0.0100664142519236,2610.0,0.0214571002870798,2610.0,0.025019645690918,2610.0,0.0233086589723825,2610.0,-0.0188867580145597,2610.0,0.0074179652146995,2610.0,-0.0214024540036917,2610.0,0.0833245292305946,2610.0,0.0952230468392372,2610.0,0.0553791038691998
2620.0,-0.021722698584199,2620.0,-0.0451134704053402,2620.0,-0.0364103317260742,2620.0,-0.0112461093813181,2620.0,-0.0013398170704022,2620.0,-0.0323712341487408,2620.0,0.0147461891174316,2620.0,0.0041757584549486,2620.0,-0.0111367227509618,2620.0,-0.0080117229372263,2620.0,-0.0210899356752634,2620.0,-0.0356993675231934,2620.0,-0.0100274085998535,2620.0,0.0215352065861225,2620.0,0.0250431057065725,2620.0,0.0233008395880461,2620.0,-0.018949318677187,2620.0,0.0073476792313158,2620.0,-0.0212852489203215,2620.0,0.0831135734915733,2620.0,0.0950902029871941,2620.0,0.0552463531494141
2630.0,-0.0216758735477924,2630.0,-0.0450509078800678,2630.0,-0.0363555923104286,2630.0,-0.011207103729248,2630.0,-0.0013008117675781,2630.0,-0.0323399566113949,2630.0,0.014886761084199,2630.0,0.0042148591019213,2630.0,-0.0111367227509618,2630.0,-0.0079960823059082,2630.0,-0.0211212169378996,2630.0,-0.0356212630867958,2630.0,-0.0099804876372218,2630.0,0.0215977672487497,2630.0,0.0250664707273245,2630.0,0.0232852939516306,2630.0,-0.0190117843449116,2630.0,0.0072852135635912,2630.0,-0.0213555339723825,2630.0,0.0829026252031326,2630.0,0.0949496254324913,2630.0,0.0551056861877441
2640.0,-0.0216211322695017,2640.0,-0.0449884422123432,2640.0,-0.036308765411377,2640.0,-0.0111758233979344,2640.0,-0.001253891037777,2640.0,-0.0323008559644222,2640.0,0.0150274280458689,2640.0,0.004261780064553,2640.0,-0.0111367227509618,2640.0,-0.0079805376008153,2640.0,-0.021152401342988,2640.0,-0.035550881177187,2640.0,-0.0099336626008153,2640.0,0.0216758735477924,2640.0,0.0250977519899607,2640.0,0.0232774745672941,2640.0,-0.0190664287656546,2640.0,0.0072226524353027,2640.0,-0.0214414596557617,2640.0,0.0826917663216591,2640.0,0.0948089584708214,2640.0,0.0549728386104107
2650.0,-0.0215743072330952,2650.0,-0.0449181571602821,2650.0,-0.0362618453800678,2650.0,-0.0111367227509618,2650.0,-0.0011992454528808,2650.0,-0.032261848449707,2650.0,0.0151601796969771,2650.0,0.0043007852509617,2650.0,-0.0111367227509618,2650.0,-0.0079648969694972,2650.0,-0.0211758613586426,2650.0,-0.0354805961251259,2650.0,-0.0098945619538426,2650.0,0.0217461585998535,2650.0,0.0251290332525969,2650.0,0.023261833935976,2650.0,-0.0191289912909269,2650.0,0.0071601867675781,2650.0,-0.0215508472174406,2650.0,0.0824808105826378,2650.0,0.0946761146187782,2650.0,0.054840087890625
2660.0,-0.0215273853391409,2660.0,-0.0448555946350098,2660.0,-0.0362150184810162,2660.0,-0.0110977170988917,2660.0,-0.0011523247230798,2660.0,-0.0322305671870708,2660.0,0.015293026342988,2660.0,0.0043398858979344,2660.0,-0.0111289024353027,2660.0,-0.0079492572695016,2660.0,-0.0211993213742971,2660.0,-0.0354103110730648,2660.0,-0.0098477369174361,2660.0,0.0218165405094624,2660.0,0.0251523982733488,2660.0,0.0232461933046579,2660.0,-0.0191836357116699,2660.0,0.0070977210998535,2660.0,-0.0215040203183889,2660.0,0.0822698622941971,2660.0,0.0945355445146561,2660.0,0.0547072403132915
2670.0,-0.0214727409183979,2670.0,-0.0447931289672852,2670.0,-0.0361602790653706,2670.0,-0.0110664367675781,2670.0,-0.0011133194202557,2670.0,-0.0321993827819824,2670.0,0.0154258729889989,2670.0,0.0043867114000022,2670.0,-0.0111211780458689,2670.0,-0.0079257963225245,2670.0,-0.0212305076420307,2670.0,-0.035339929163456,2670.0,-0.0098008159548044,2670.0,0.0218868255615234,2670.0,0.0251758582890034,2670.0,0.0232383739203215,2670.0,-0.0192383769899607,2670.0,0.007042980287224,2670.0,-0.0214414596557617,2670.0,0.0820589065551758,2670.0,0.0944026932120323,2670.0,0.0545743964612484
2680.0,-0.0214258190244436,2680.0,-0.0447306632995605,2680.0,-0.0361212752759457,2680.0,-0.0110273361206055,2680.0,-0.001074218773283,2680.0,-0.0321681015193462,2680.0,0.0155586246401072,2680.0,0.0044258120469749,2680.0,-0.0111211780458689,2680.0,-0.007910156622529,2680.0,-0.0212617870420218,2680.0,-0.0352618210017681,2680.0,-0.0097538949921727,2680.0,0.021949291229248,2680.0,0.0252071376889944,2680.0,0.0232227332890034,2680.0,-0.0193008426576853,2680.0,0.0069805146194994,2680.0,-0.0214571002870798,2680.0,0.0818557739257813,2680.0,0.0942698493599892,2680.0,0.0544416420161724
2690.0,-0.0213789939880371,2690.0,-0.0446759238839149,2690.0,-0.0360743515193462,2690.0,-0.0109961507841945,2690.0,-0.0010351181263104,2690.0,-0.0321368239820004,2690.0,0.015683650970459,2690.0,0.0044648172333836,2690.0,-0.0111133577302098,2690.0,-0.0078945159912109,2690.0,-0.0212852489203215,2690.0,-0.035191535949707,2690.0,-0.0097070699557662,2690.0,0.0220118518918753,2690.0,0.0252305995672941,2690.0,0.0232149120420218,2690.0,-0.0193477626889944,2690.0,0.0069335936568677,2690.0,-0.0212383270263672,2690.0,0.0816526412963867,2690.0,0.0941370949149132,2690.0,0.0543166175484657
2700.0,-0.021332073956728,2700.0,-0.0446212776005268,2700.0,-0.0360274314880371,2700.0,-0.0109570501372218,2700.0,-0.0009961128234863,2700.0,-0.0321133621037006,2700.0,0.0158008579164743,2700.0,0.0045039178803563,2700.0,-0.0111055374145508,2700.0,-0.007878971286118,2700.0,-0.0213165283203125,2700.0,-0.0351290702819824,2700.0,-0.0096601489931345,2700.0,0.0220743175595999,2700.0,0.0252462383359671,2700.0,0.0231992732733488,2700.0,-0.0194024089723825,2700.0,0.0068789483048021,2700.0,-0.0210664756596088,2700.0,0.081441693007946,2700.0,0.0939964279532433,2700.0,0.0541837699711323
2710.0,-0.0212930683046579,2710.0,-0.0445743575692177,2710.0,-0.0359884276986122,2710.0,-0.0109258657321334,2710.0,-0.0009648323175497,2710.0,-0.0320821776986122,2710.0,0.0159258842468262,2710.0,0.0045351982116699,2710.0,-0.0111055374145508,2710.0,-0.0078633306547999,2710.0,-0.0213477145880461,2710.0,-0.0350508689880371,2710.0,-0.0096211433410644,2710.0,0.0221367832273245,2710.0,0.025269603356719,2710.0,0.0231837276369333,2710.0,-0.0194493290036917,2710.0,0.0068242074921727,2710.0,-0.0204180721193552,2710.0,0.0812385603785515,2710.0,0.0938636809587479,2710.0,0.0540588386356831
2720.0,-0.0212461482733488,2720.0,-0.044527530670166,2720.0,-0.0359493270516396,2720.0,-0.0108945844694972,2720.0,-0.0009335518116131,2720.0,-0.0320587158203125,2720.0,0.0160351749509573,2720.0,0.0045742033980786,2720.0,-0.0111055374145508,2720.0,-0.0078476909548044,2720.0,-0.0213711746037006,2720.0,-0.0349884033203125,2720.0,-0.0095742223784327,2720.0,0.0221915245056152,2720.0,0.0252852439880371,2720.0,0.0231759082525969,2720.0,-0.0195039752870798,2720.0,0.0067695616744458,2720.0,-0.0200899131596088,2720.0,0.0810432434082031,2720.0,0.0937308296561241,2720.0,0.0539338104426861
2730.0,-0.0212071426212788,2730.0,-0.0444727912545204,2730.0,-0.0359103195369244,2730.0,-0.0108633041381836,2730.0,-0.000894546508789,2730.0,-0.0320274345576763,2730.0,0.0161523818969727,2730.0,0.0046133040450513,2730.0,-0.0111133577302098,2730.0,-0.0078242300078272,2730.0,-0.0213946346193552,2730.0,-0.0349102988839149,2730.0,-0.0095352176576852,2730.0,0.0222461707890034,2730.0,0.0253008846193552,2730.0,0.0231602676212788,2730.0,-0.0195586215704679,2730.0,0.0067226411774754,2730.0,-0.0198867805302143,2730.0,0.0808401107788086,2730.0,0.093597985804081,2730.0,0.0538087859749794
2740.0,-0.0211602207273245,2740.0,-0.0444181449711323,2740.0,-0.0358712188899517,2740.0,-0.01083202380687,2740.0,-0.0008632660028524,2740.0,-0.0320040695369244,2740.0,0.016269588842988,2740.0,0.0046445848420262,2740.0,-0.0111055374145508,2740.0,-0.0078085898421704,2740.0,-0.0214258190244436,2740.0,-0.0348400138318539,2740.0,-0.0094882966950535,2740.0,0.0223009120672941,2740.0,0.0253165252506733,2740.0,0.0231446269899607,2740.0,-0.0196133609861135,2740.0,0.0066601755097508,2740.0,-0.0201211925595999,2740.0,0.0806370750069618,2740.0,0.0934574156999588,2740.0,0.0536837577819824
2750.0,-0.021113395690918,2750.0,-0.0443712249398232,2750.0,-0.035832118242979,2750.0,-0.010800838470459,2750.0,-0.0008319854969158,2750.0,-0.0319806113839149,2750.0,0.0163867957890034,2750.0,0.0046835900284349,2750.0,-0.0111055374145508,2750.0,-0.0077852248214185,2750.0,-0.0214492809027433,2750.0,-0.034769631922245,2750.0,-0.0094492910429835,2750.0,0.0223555564880371,2750.0,0.0253243446350098,2750.0,0.0231289863586426,2750.0,-0.0196601878851652,2750.0,0.0066055296920239,2750.0,-0.0200196262449026,2750.0,0.0804339423775673,2750.0,0.0933245643973351,2750.0,0.0535510070621967
2760.0,-0.0210742950439453,2760.0,-0.0443243980407715,2760.0,-0.0357931144535542,2760.0,-0.0107695581391454,2760.0,-0.0008008003351278,2760.0,-0.0319571495056152,2760.0,0.0164961814880371,2760.0,0.0047070505097508,2760.0,-0.0111055374145508,2760.0,-0.0077617648057639,2760.0,-0.0214727409183979,2760.0,-0.0346993468701839,2760.0,-0.0094101903960108,2760.0,0.0224024783819914,2760.0,0.0253399852663279,2760.0,0.0231211669743061,2760.0,-0.0197149273008108,2760.0,0.0065507888793945,2760.0,-0.0199415218085051,2760.0,0.0802308097481728,2760.0,0.0931917205452919,2760.0,0.0534338019788265
2770.0,-0.0210351943969727,2770.0,-0.0442696586251259,2770.0,-0.0357540138065815,2770.0,-0.0107382778078318,2770.0,-0.0007616996881552,2770.0,-0.0319336913526058,2770.0,0.016605569049716,2770.0,0.0047539710067212,2770.0,-0.0110977170988917,2770.0,-0.0077461241744458,2770.0,-0.0215040203183889,2770.0,-0.0346368812024593,2770.0,-0.0093710897490382,2770.0,0.0224571228027344,2770.0,0.0253477096557617,2770.0,0.023105526342988,2770.0,-0.0197617541998625,2770.0,0.0065039633773267,2770.0,-0.0201133731752634,2770.0,0.0800276771187782,2770.0,0.0930511504411697,2770.0,0.0533087737858295
2780.0,-0.0209961887449026,2780.0,-0.0442150123417377,2780.0,-0.0357228294014931,2780.0,-0.0107070924714208,2780.0,-0.0007305145263671,2780.0,-0.0319025032222271,2780.0,0.0167226791381836,2780.0,0.0047851563431322,2780.0,-0.0110977170988917,2780.0,-0.0077226641587913,2780.0,-0.0215352065861225,2780.0,-0.034574318677187,2780.0,-0.0093320850282907,2780.0,0.022496223449707,2780.0,0.0253555309027433,2780.0,0.0230899807065725,2780.0,-0.0198164936155081,2780.0,0.0064492225646972,2780.0,-0.0202539451420307,2780.0,0.0798245444893837,2780.0,0.092918299138546,2780.0,0.0531838424503803
2790.0,-0.02095708809793,2790.0,-0.0441603660583496,2790.0,-0.0356837287545204,2790.0,-0.0106758121401072,2790.0,-0.0006914138793945,2790.0,-0.0318790450692177,2790.0,0.016839886084199,2790.0,0.0048242569901049,2790.0,-0.0110898977145553,2790.0,-0.0076992036774754,2790.0,-0.0215664859861135,2790.0,-0.0345040336251259,2790.0,-0.009292984381318,2790.0,0.0225430484861135,2790.0,0.0253555309027433,2790.0,0.0230743419378996,2790.0,-0.0198633205145597,2790.0,0.0064023970626294,2790.0,-0.020566463470459,2790.0,0.0796292349696159,2790.0,0.0927855521440506,2790.0,0.0530588142573833
2800.0,-0.0209102630615234,2800.0,-0.044105626642704,2800.0,-0.0356446281075478,2800.0,-0.0106445318087935,2800.0,-0.0006523132324218,2800.0,-0.031855583190918,2800.0,0.0169492717832327,2800.0,0.0048555373214185,2800.0,-0.0110898977145553,2800.0,-0.0076758386567235,2800.0,-0.0216055866330862,2800.0,-0.0344337485730648,2800.0,-0.009253978729248,2800.0,0.0225899703800678,2800.0,0.0253555309027433,2800.0,0.0230587013065815,2800.0,-0.0199180599302053,2800.0,0.00634765625,2800.0,-0.0206445697695017,2800.0,0.0794339179992676,2800.0,0.0926527008414268,2800.0,0.0529416091740131
2810.0,-0.0208711624145508,2810.0,-0.0440587997436523,2810.0,-0.0356134437024593,2810.0,-0.0106133464723825,2810.0,-0.0006133079878054,2810.0,-0.0318243019282818,2810.0,0.0170586593449116,2810.0,0.0048945429734885,2810.0,-0.0110898977145553,2810.0,-0.0076523781754076,2810.0,-0.0216445922851563,2810.0,-0.0343711860477924,2810.0,-0.0092226983979344,2810.0,0.0226289760321379,2810.0,0.0253633502870798,2810.0,0.0230430606752634,2810.0,-0.0199570655822754,2810.0,0.0063086510635912,2810.0,-0.0208165179938078,2810.0,0.0792386084794998,2810.0,0.0925198569893837,2810.0,0.0528244040906429
2820.0,-0.0208320617675781,2820.0,-0.0440118797123432,2820.0,-0.0355821624398232,2820.0,-0.0105898855254054,2820.0,-0.0005820274236612,2820.0,-0.0318009369075298,2820.0,0.0171680450439453,2820.0,0.0049258233048021,2820.0,-0.0110898977145553,2820.0,-0.0076367380097508,2820.0,-0.0216602329164743,2820.0,-0.0343009009957314,2820.0,-0.0091835977509617,2820.0,0.0226680766791105,2820.0,0.0253633502870798,2820.0,0.0230274200439453,2820.0,-0.019996166229248,2820.0,0.0062617301009595,2820.0,-0.0208477023988962,2820.0,0.0790354758501053,2820.0,0.0923792868852615,2820.0,0.052699375897646
2830.0,-0.0208008773624897,2830.0,-0.0439650528132915,2830.0,-0.0355430617928505,2830.0,-0.0105586051940918,2830.0,-0.0005429267766885,2830.0,-0.0317774787545204,2830.0,0.0172774326056242,2830.0,0.0049648284912109,2830.0,-0.0110977170988917,2830.0,-0.0076132775284349,2830.0,-0.0216836929321289,2830.0,-0.0342306159436703,2830.0,-0.0091524124145507,2830.0,0.0227070804685354,2830.0,0.0253555309027433,2830.0,0.0230117794126272,2830.0,-0.0200430881232023,2830.0,0.0062070847488939,2830.0,-0.0211680419743061,2830.0,0.0788401588797569,2830.0,0.0922464355826378,2830.0,0.0525822639465332
2840.0,-0.0207695960998535,2840.0,-0.0439259521663189,2840.0,-0.0355118773877621,2840.0,-0.0105351451784372,2840.0,-0.0005039215320721,2840.0,-0.0317540168762207,2840.0,0.0173789989203215,2840.0,0.0049882889725267,2840.0,-0.0110898977145553,2840.0,-0.007589912507683,2840.0,-0.0217148791998625,2840.0,-0.0341680534183979,2840.0,-0.0091211320832371,2840.0,0.0227383617311716,2840.0,0.0253555309027433,2840.0,0.0229961406439543,2840.0,-0.0200820919126272,2840.0,0.0061679841019213,2840.0,-0.0210821162909269,2840.0,0.0786526724696159,2840.0,0.0921135917305946,2840.0,0.052465058863163
2850.0,-0.0207305904477835,2850.0,-0.0438712127506733,2850.0,-0.0354805961251259,2850.0,-0.0105039598420262,2850.0,-0.0004804611380677,2850.0,-0.0317305587232113,2850.0,0.0174883846193552,2850.0,0.0050273896194994,2850.0,-0.0110977170988917,2850.0,-0.0075664520263671,2850.0,-0.0217305179685354,2850.0,-0.0340977683663368,2850.0,-0.0090898517519235,2850.0,0.0227696429938078,2850.0,0.0253477096557617,2850.0,0.0229805950075388,2850.0,-0.0201211925595999,2850.0,0.0061289789155125,2850.0,-0.0209336280822754,2850.0,0.0784573554992676,2850.0,0.0919808372855186,2850.0,0.0523478500545025
2860.0,-0.0206914898008108,2860.0,-0.0438322089612484,2860.0,-0.0354414954781532,2860.0,-0.0104726795107126,2860.0,-0.0004491806030273,2860.0,-0.0317071937024593,2860.0,0.017582131549716,2860.0,0.0050585749559104,2860.0,-0.0110977170988917,2860.0,-0.0075429915450513,2860.0,-0.0217539798468351,2860.0,-0.0340353026986122,2860.0,-0.0090508460998535,2860.0,0.0228008273988962,2860.0,0.0253477096557617,2860.0,0.0229649543762207,2860.0,-0.0201523788273335,2860.0,0.0060898782685399,2860.0,-0.0204414371401072,2860.0,0.078269861638546,2860.0,0.0918479934334755,2860.0,0.0522306449711323
2870.0,-0.0206523891538382,2870.0,-0.0437931083142757,2870.0,-0.0354103110730648,2870.0,-0.0104492185637355,2870.0,-0.0004179954703431,2870.0,-0.0316915512084961,2870.0,0.0176836978644133,2870.0,0.0050976756028831,2870.0,-0.0111055374145508,2870.0,-0.0075195315293967,2870.0,-0.0217852592468262,2870.0,-0.0339650176465511,2870.0,-0.0090195657685399,2870.0,0.0228321086615324,2870.0,0.0253399852663279,2870.0,0.0229571349918842,2870.0,-0.0201914794743061,2870.0,0.0060507776215672,2870.0,-0.0199883468449116,2870.0,0.0780745521187782,2870.0,0.0917229652404785,2870.0,0.0521134398877621
2880.0,-0.0206133853644133,2880.0,-0.0437462814152241,2880.0,-0.0353790298104286,2880.0,-0.0104258535429835,2880.0,-0.0003945350763387,2880.0,-0.0316680930554867,2880.0,0.0177774429321289,2880.0,0.0051133157685399,2880.0,-0.0111211780458689,2880.0,-0.0074960710480809,2880.0,-0.0218008998781443,2880.0,-0.0339024551212788,2880.0,-0.0089882854372263,2880.0,0.022855568677187,2880.0,0.0253321658819914,2880.0,0.0229414943605661,2880.0,-0.0202149394899607,2880.0,0.0060195922851562,2880.0,-0.0183555614203215,2880.0,0.0778948813676834,2880.0,0.0915980339050293,2880.0,0.0520119667053223
2890.0,-0.0205821041017771,2890.0,-0.0437071807682514,2890.0,-0.0353555679321289,2890.0,-0.010410213842988,2890.0,-0.0003632545412983,2890.0,-0.031644631177187,2890.0,0.0178711898624897,2890.0,0.0051523209549486,2890.0,-0.0111133577302098,2890.0,-0.0074648857116699,2890.0,-0.0218242648988962,2890.0,-0.0338399894535542,2890.0,-0.0089649204164743,2890.0,0.022886848077178,2890.0,0.0253243446350098,2890.0,0.022925853729248,2890.0,-0.0202461238950491,2890.0,0.0059726717881858,2890.0,-0.0178555492311716,2890.0,0.0777072906494141,2890.0,0.0914651900529861,2890.0,0.0518947616219521
2900.0,-0.0205430034548044,2900.0,-0.0436603538691998,2900.0,-0.0353243835270405,2900.0,-0.0103867528960109,2900.0,-0.0003320694086141,2900.0,-0.0316133499145508,2900.0,0.0179649349302053,2900.0,0.0051914216019213,2900.0,-0.0111133577302098,2900.0,-0.0074492455460131,2900.0,-0.0218477249145508,2900.0,-0.0337774269282818,2900.0,-0.0089336400851607,2900.0,0.02291021309793,2900.0,0.0253165252506733,2900.0,0.0229023937135935,2900.0,-0.0202852245420218,2900.0,0.005925846286118,2900.0,-0.0178555492311716,2900.0,0.0775119811296463,2900.0,0.0913323387503624,2900.0,0.0517775528132915
2910.0,-0.020511819049716,2910.0,-0.0436134338378906,2910.0,-0.0352931022644043,2910.0,-0.0103632928803563,2910.0,-0.0003007888735737,2910.0,-0.0315978042781353,2910.0,0.0180508624762297,2910.0,0.0052227019332349,2910.0,-0.0111133577302098,2910.0,-0.0074179652146995,2910.0,-0.021879006177187,2910.0,-0.0337149612605572,2910.0,-0.0089023588225245,2910.0,0.0229336749762297,2910.0,0.0253165252506733,2910.0,0.022886848077178,2910.0,-0.020332146435976,2910.0,0.0058789253234863,2910.0,-0.0186758041381836,2910.0,0.0773166641592979,2910.0,0.091199591755867,2910.0,0.0516603477299213
2920.0,-0.0204727184027433,2920.0,-0.0435587875545025,2920.0,-0.0352696441113949,2920.0,-0.0103398328647017,2920.0,-0.0002616882266011,2920.0,-0.0315743461251259,2920.0,0.0181446075439453,2920.0,0.0052538872696459,2920.0,-0.0111211780458689,2920.0,-0.0074023245833814,2920.0,-0.0218946468085051,2920.0,-0.0336524955928326,2920.0,-0.0088788988068699,2920.0,0.0229571349918842,2920.0,0.0253087040036917,2920.0,0.0228712093085051,2920.0,-0.0203711520880461,2920.0,0.0058242799714207,2920.0,-0.0196211822330952,2920.0,0.0771213546395302,2920.0,0.0910589247941971,2920.0,0.0515431426465511
2930.0,-0.0204414371401072,2930.0,-0.0435275100171566,2930.0,-0.0352384559810162,2930.0,-0.0103164678439498,2930.0,-0.000230503079365,2930.0,-0.0315508842468262,2930.0,0.0182305332273245,2930.0,0.0052773477509617,2930.0,-0.0111211780458689,2930.0,-0.0073711397126317,2930.0,-0.0219101905822754,2930.0,-0.033597756177187,2930.0,-0.0088477134704589,2930.0,0.0229805950075388,2930.0,0.0253008846193552,2930.0,0.022855568677187,2930.0,-0.0204102527350187,2930.0,0.005777359008789,2930.0,-0.0208946224302053,2930.0,0.0769338607788086,2930.0,0.0909261703491211,2930.0,0.0514259338378906
2940.0,-0.0204102527350187,2940.0,-0.043465044349432,2940.0,-0.0352149978280067,2940.0,-0.0102930068969727,2940.0,-0.0001992225734284,2940.0,-0.0315274260938168,2940.0,0.0183242801576853,2940.0,0.0053086280822753,2940.0,-0.0111211780458689,2940.0,-0.0073554995469749,2940.0,-0.02193365059793,2940.0,-0.0335352905094624,2940.0,-0.0088242534548044,2940.0,0.0230117794126272,2940.0,0.0253008846193552,2940.0,0.0228399280458689,2940.0,-0.0204492565244436,2940.0,0.0057305335067212,2940.0,-0.0222305301576853,2940.0,0.0767385512590408,2940.0,0.0907933264970779,2940.0,0.0513088218867779
2950.0,-0.0203711520880461,2950.0,-0.0434181205928326,2950.0,-0.035191535949707,2950.0,-0.0102773671969771,2950.0,-0.0001679420529399,2950.0,-0.0315040610730648,2950.0,0.0184102058410645,2950.0,0.0053399088792502,2950.0,-0.0111211780458689,2950.0,-0.007332039065659,2950.0,-0.021949291229248,2950.0,-0.0334728248417377,2950.0,-0.0087929731234908,2950.0,0.0230430606752634,2950.0,0.0252930652350187,2950.0,0.0228242874145508,2950.0,-0.0204805377870798,2950.0,0.0056914328597486,2950.0,-0.0223868377506733,2950.0,0.0765510573983192,2950.0,0.0906604751944542,2950.0,0.0512072555720806
2960.0,-0.020332146435976,2960.0,-0.0433712974190712,2960.0,-0.0351602546870708,2960.0,-0.01025390625,2960.0,-0.0001367569057038,2960.0,-0.0314884185791016,2960.0,0.0184961315244436,2960.0,0.00537109375,2960.0,-0.0111289024353027,2960.0,-0.0073085785843431,2960.0,-0.0219727512449026,2960.0,-0.0334180854260921,2960.0,-0.0087696081027388,2960.0,0.0230821613222361,2960.0,0.0252852439880371,2960.0,0.0228008273988962,2960.0,-0.020511819049716,2960.0,0.0056523322127759,2960.0,-0.0230117794126272,2960.0,0.0763635635375977,2960.0,0.0905277281999588,2960.0,0.0510900504887104
2970.0,-0.0203008651733398,2970.0,-0.0433243773877621,2970.0,-0.0351368896663189,2970.0,-0.0102383615449071,2970.0,-0.0001132965116994,2970.0,-0.0314649604260921,2970.0,0.0185743328183889,2970.0,0.0054023745469749,2970.0,-0.0111367227509618,2970.0,-0.0072930338792502,2970.0,-0.0219883918762207,2970.0,-0.0333556197583675,2970.0,-0.0087461471557617,2970.0,0.0231211669743061,2970.0,0.0252774246037006,2970.0,0.0227852817624807,2970.0,-0.0205351840704679,2970.0,0.0056133270263671,2970.0,-0.0232540126889944,2970.0,0.0761682540178299,2970.0,0.0903948768973351,2970.0,0.0509806647896767
2980.0,-0.0202695857733488,2980.0,-0.0432697311043739,2980.0,-0.035121250897646,2980.0,-0.010222720913589,2980.0,-8.20159912109375e-05,2980.0,-0.0314258597791195,2980.0,0.0186524391174316,2980.0,0.0054258345626294,2980.0,-0.0111367227509618,2980.0,-0.0072695733979344,2980.0,-0.0220117568969727,2980.0,-0.0333008766174316,2980.0,-0.0087226871401071,2980.0,0.0231680870056152,2980.0,0.025269603356719,2980.0,0.0227696429938078,2980.0,-0.0205821041017771,2980.0,0.0055820466950535,2980.0,-0.0228712093085051,2980.0,0.0759885832667351,2980.0,0.0902698561549187,2980.0,0.0508790984749794
2990.0,-0.0202305801212788,2990.0,-0.0432228110730648,2990.0,-0.0350899696350098,2990.0,-0.0102070812135935,2990.0,-5.07354743604083e-05,2990.0,-0.0313790328800678,2990.0,0.0187383648008108,2990.0,0.0054570198990404,2990.0,-0.0111367227509618,2990.0,-0.0072539332322776,2990.0,-0.0220273975282907,2990.0,-0.033238410949707,2990.0,-0.00869922619313,2990.0,0.0232149120420218,2990.0,0.025269603356719,2990.0,0.0227540023624897,2990.0,-0.0206055641174316,2990.0,0.0055352211929857,2990.0,-0.0235274322330952,2990.0,0.0758010894060135,2990.0,0.0901371017098427,2990.0,0.0507540702819824
3000.0,-0.0201992988586426,3000.0,-0.0431759841740131,3000.0,-0.0350665114820004,3000.0,-0.0101914405822754,3000.0,-2.73704536084551e-05,3000.0,-0.0313477516174316,3000.0,0.0188164710998535,3000.0,0.005488300230354,3000.0,-0.0111367227509618,3000.0,-0.0072382926009595,3000.0,-0.0220430381596088,3000.0,-0.0331759452819824,3000.0,-0.0086757661774754,3000.0,0.0232774745672941,3000.0,0.0252617839723825,3000.0,0.0227383617311716,3000.0,-0.0206290241330862,3000.0,0.0054961205460131,3000.0,-0.0238164905458689,3000.0,0.0756135955452919,3000.0,0.0900042578577995,3000.0,0.0506446845829487
3010.0,-0.0201601982116699,3010.0,-0.043129064142704,3010.0,-0.0350431464612484,3010.0,-0.0101758008822799,3010.0,-3.91006460631615e-06,3010.0,-0.0313087478280067,3010.0,0.0188945773988962,3010.0,0.0055195810273289,3010.0,-0.0111445430666208,3010.0,-0.0072226524353027,3010.0,-0.0220664981752634,3010.0,-0.0331290252506733,3010.0,-0.0086524011567235,3010.0,0.0233555790036917,3010.0,0.0252539645880461,3010.0,0.022714901715517,3010.0,-0.0206445697695017,3010.0,0.0054648402146995,3010.0,-0.023871136829257,3010.0,0.0754339247941971,3010.0,0.0898792296648026,3010.0,0.0505431182682514
3020.0,-0.0201290138065815,3020.0,-0.0430822372436523,3020.0,-0.0350196845829487,3020.0,-0.0101679805666208,3020.0,1.95503234863281e-05,3020.0,-0.0312774665653706,3020.0,0.0189649593085051,3020.0,0.0055430415086448,3020.0,-0.0111523633822799,3020.0,-0.0072070122696459,3020.0,-0.0220821388065815,3020.0,-0.0330743789672852,3020.0,-0.0086367605254054,3020.0,0.0234336853027344,3020.0,0.0252462383359671,3020.0,0.0226993560791016,3020.0,-0.0206758510321379,3020.0,0.0054258345626294,3020.0,-0.0243008621037006,3020.0,0.0752464309334755,3020.0,0.0897464752197266,3020.0,0.0504338257014751
3030.0,-0.0200899131596088,3030.0,-0.0430274978280067,3030.0,-0.0350040458142757,3030.0,-0.0101601602509618,3030.0,4.30107138527092e-05,3030.0,-0.0312461853027344,3030.0,0.0190430637449026,3030.0,0.0055585862137377,3030.0,-0.0111680030822754,3030.0,-0.007191467564553,3030.0,-0.0221055038273335,3030.0,-0.0330196395516396,3030.0,-0.0086133005097508,3030.0,0.0235039722174406,3030.0,0.0252384189516306,3030.0,0.0226837154477835,3030.0,-0.0206993110477924,3030.0,0.0053867339156568,3030.0,-0.0245118141174316,3030.0,0.0750666633248329,3030.0,0.0896136313676834,3030.0,0.0503244400024414
3040.0,-0.0200508125126362,3040.0,-0.0429883971810341,3040.0,-0.034980583935976,3040.0,-0.0101445196196437,3040.0,6.63757309666835e-05,3040.0,-0.031215000897646,3040.0,0.0191211700439453,3040.0,0.0055976868607103,3040.0,-0.0111758233979344,3040.0,-0.0071758269332349,3040.0,-0.022128963842988,3040.0,-0.0329649932682514,3040.0,-0.0085976598784327,3040.0,0.0235743522644043,3040.0,0.0252305995672941,3040.0,0.0226602554321289,3040.0,-0.0207149516791105,3040.0,0.0053554535843431,3040.0,-0.0236680991947651,3040.0,0.0748869925737381,3040.0,0.0894886031746864,3040.0,0.0502228736877441
3050.0,-0.0200196262449026,3050.0,-0.0429415702819824,3050.0,-0.0349571220576763,3050.0,-0.0101367952302098,3050.0,8.98361249710433e-05,3050.0,-0.0311759002506733,3050.0,0.0191914569586515,3050.0,0.0056211473420262,3050.0,-0.0111914640292525,3050.0,-0.0071601867675781,3050.0,-0.0221446044743061,3050.0,-0.0329102538526058,3050.0,-0.0085742948576808,3050.0,0.0236446391791105,3050.0,0.0252227783203125,3050.0,0.0226446148008108,3050.0,-0.0207383166998625,3050.0,0.0053242682479322,3050.0,-0.0238945968449116,3050.0,0.0747073218226433,3050.0,0.0893636718392372,3050.0,0.0501134879887104
3060.0,-0.0199883468449116,3060.0,-0.0428946502506733,3060.0,-0.0349415801465511,3060.0,-0.0101289749145508,3060.0,0.0001054763779393,3060.0,-0.0311446189880371,3060.0,0.0192618370056152,3060.0,0.0056523322127759,3060.0,-0.011199283413589,3060.0,-0.0071523669175803,3060.0,-0.0221680644899607,3060.0,-0.0328556075692177,3060.0,-0.0085508348420262,3060.0,0.0237149242311716,3060.0,0.025214958935976,3060.0,0.0226211547851563,3060.0,-0.020761776715517,3060.0,0.0052851676009595,3060.0,-0.023863410577178,3060.0,0.0745276436209679,3060.0,0.0892308279871941,3060.0,0.0500041022896767
3070.0,-0.0199492461979389,3070.0,-0.0428556464612484,3070.0,-0.0349259376525879,3070.0,-0.0101211545988917,3070.0,0.0001289367646677,3070.0,-0.0311134345829487,3070.0,0.0193243026733398,3070.0,0.0056757926940918,3070.0,-0.011207103729248,3070.0,-0.0071367262862622,3070.0,-0.0221837051212788,3070.0,-0.0328008644282818,3070.0,-0.0085351942107081,3070.0,0.0237852092832327,3070.0,0.0252071376889944,3070.0,0.0226055141538382,3070.0,-0.0207774173468351,3070.0,0.0052538872696459,3070.0,-0.0237305648624897,3070.0,0.0743401572108269,3070.0,0.0890979766845703,3070.0,0.0499025359749794
3080.0,-0.0199180599302053,3080.0,-0.042808722704649,3080.0,-0.0349102988839149,3080.0,-0.0101211545988917,3080.0,0.0001523017854196,3080.0,-0.031074333935976,3080.0,0.0193945895880461,3080.0,0.0057070734910666,3080.0,-0.0112149240449071,3080.0,-0.0071132662706077,3080.0,-0.0221993457525969,3080.0,-0.0327462218701839,3080.0,-0.0085195545107126,3080.0,0.0238477718085051,3080.0,0.0251993183046579,3080.0,0.0225899703800678,3080.0,-0.0208008773624897,3080.0,0.0052148820832371,3080.0,-0.0236992835998535,3080.0,0.0741604790091515,3080.0,0.0889730453491211,3080.0,0.0498009696602821
3090.0,-0.0198867805302143,3090.0,-0.0427618995308876,3090.0,-0.0348868370056152,3090.0,-0.0101133352145553,3090.0,0.000175762179424,3090.0,-0.0310352332890034,3090.0,0.0194648746401072,3090.0,0.0057305335067212,3090.0,-0.011222648434341,3090.0,-0.0071054459549486,3090.0,-0.0222227107733488,3090.0,-0.0326992981135845,3090.0,-0.0084960935637354,3090.0,0.0239180568605661,3090.0,0.0251914989203215,3090.0,0.0225665103644133,3090.0,-0.0208243373781443,3090.0,0.0051836012862622,3090.0,-0.0236368179321289,3090.0,0.0739807114005089,3090.0,0.0888480171561241,3090.0,0.0496994033455849
3100.0,-0.0198477748781443,3100.0,-0.0427149794995785,3100.0,-0.0348711982369423,3100.0,-0.0101055148988962,3100.0,0.0001914024323923,3100.0,-0.0310118682682514,3100.0,0.0195274353027344,3100.0,0.0057460786774754,3100.0,-0.01123046875,3100.0,-0.0070977210998535,3100.0,-0.0222461707890034,3100.0,-0.0326446555554867,3100.0,-0.0084804538637399,3100.0,0.0239883419126272,3100.0,0.0251758582890034,3100.0,0.0225508697330952,3100.0,-0.0208477023988962,3100.0,0.0051523209549486,3100.0,-0.0235274322330952,3100.0,0.0738010406494141,3100.0,0.088715173304081,3100.0,0.0495978370308876
3110.0,-0.0198164936155081,3110.0,-0.0426837913691998,3110.0,-0.034855555742979,3110.0,-0.0101055148988962,3110.0,0.0002148628263967,3110.0,-0.0309727676212788,3110.0,0.019589900970459,3110.0,0.005777359008789,3110.0,-0.0112461093813181,3110.0,-0.0070820809341967,3110.0,-0.0222618114203215,3110.0,-0.0325900092720985,3110.0,-0.008464909158647,3110.0,0.0240587238222361,3110.0,0.0251680370420218,3110.0,0.0225274097174406,3110.0,-0.0208633430302143,3110.0,0.0051211356185376,3110.0,-0.0231836326420307,3110.0,0.0736213698983192,3110.0,0.0885823294520378,3110.0,0.0494962707161903
3120.0,-0.0197773929685354,3120.0,-0.0426368713378906,3120.0,-0.0348400138318539,3120.0,-0.0101055148988962,3120.0,0.000230503079365,3120.0,-0.0309336669743061,3120.0,0.0196602828800678,3120.0,0.0058008194901049,3120.0,-0.0112539296969771,3120.0,-0.0070742606185376,3120.0,-0.0222774501889944,3120.0,-0.0325352661311626,3120.0,-0.0084414482116699,3120.0,0.0241290088742971,3120.0,0.0251602176576853,3120.0,0.0225117690861225,3120.0,-0.0208868030458689,3120.0,0.005089855287224,3120.0,-0.0229493137449026,3120.0,0.0734495148062706,3120.0,0.0884573981165886,3120.0,0.0493947044014931
3130.0,-0.0197539329528809,3130.0,-0.042597770690918,3130.0,-0.0348243713378906,3130.0,-0.0101055148988962,3130.0,0.0002538681146688,3130.0,-0.0308946613222361,3130.0,0.0197149273008108,3130.0,0.0058242799714207,3130.0,-0.0112617490813136,3130.0,-0.0070586204528808,3130.0,-0.022308636456728,3130.0,-0.0324806235730648,3130.0,-0.0084258085116744,3130.0,0.0241914745420218,3130.0,0.0251446720212698,3130.0,0.0224884040653706,3130.0,-0.0209102630615234,3130.0,0.0050508501008153,3130.0,-0.0230898857116699,3130.0,0.0732620283961296,3130.0,0.0883245468139648,3130.0,0.0492931380867958
3140.0,-0.0197149273008108,3140.0,-0.0425509475171566,3140.0,-0.0348087325692177,3140.0,-0.0101055148988962,3140.0,0.0002773285086732,3140.0,-0.0308555606752634,3140.0,0.0197773929685354,3140.0,0.0058554648421704,3140.0,-0.0112773897126317,3140.0,-0.0070508006028831,3140.0,-0.0223242770880461,3140.0,-0.0324258804321289,3140.0,-0.0084101678803563,3140.0,0.0242540370672941,3140.0,0.0251368526369333,3140.0,0.0224727634340525,3140.0,-0.0209336280822754,3140.0,0.0050195693038404,3140.0,-0.0231992732733488,3140.0,0.0730823501944542,3140.0,0.0881995186209679,3140.0,0.0491915717720985
3150.0,-0.0196836479008198,3150.0,-0.0425196662545204,3150.0,-0.0347930900752544,3150.0,-0.0101055148988962,3150.0,0.0002929687616415,3150.0,-0.0308165550231934,3150.0,0.0198321342468262,3150.0,0.0058789253234863,3150.0,-0.0112930303439498,3150.0,-0.007035159971565,3150.0,-0.0223477371037006,3150.0,-0.0323790572583675,3150.0,-0.0083945272490382,3150.0,0.0243399627506733,3150.0,0.0251290332525969,3150.0,0.0224571228027344,3150.0,-0.0209492687135935,3150.0,0.0049804686568677,3150.0,-0.0233008395880461,3150.0,0.0729025825858116,3150.0,0.0880667716264725,3150.0,0.0490900054574013
3160.0,-0.0196524616330862,3160.0,-0.0424728393554688,3160.0,-0.0347774513065815,3160.0,-0.0101055148988962,3160.0,0.0003164291556458,3160.0,-0.0307774543762207,3160.0,0.0198945999145508,3160.0,0.0059023858048021,3160.0,-0.0113008497282863,3160.0,-0.0070195198059082,3160.0,-0.0223633777350187,3160.0,-0.0323164947330952,3160.0,-0.0083788875490427,3160.0,0.024418069049716,3160.0,0.0251212120056152,3160.0,0.0224336627870798,3160.0,-0.0209649093449116,3160.0,0.004949283786118,3160.0,-0.0233242996037006,3160.0,0.0727307349443436,3160.0,0.0879339203238487,3160.0,0.0489962585270405
3170.0,-0.0196211822330952,3170.0,-0.0424259193241596,3170.0,-0.0347618125379086,3170.0,-0.0101055148988962,3170.0,0.0003398895205464,3170.0,-0.0307461749762297,3170.0,0.0199493411928415,3170.0,0.005925846286118,3170.0,-0.0113164903596044,3170.0,-0.0070039751008153,3170.0,-0.0223790165036917,3170.0,-0.0322696678340435,3170.0,-0.0083633428439497,3170.0,0.0244805347174406,3170.0,0.0251133926212788,3170.0,0.0224180221557617,3170.0,-0.0209805499762297,3170.0,0.0049180029891431,3170.0,-0.0231680870056152,3170.0,0.0725510641932487,3170.0,0.0878088995814323,3170.0,0.0488946922123432
3180.0,-0.0195820815861225,3180.0,-0.0423869155347347,3180.0,-0.0347462669014931,3180.0,-0.0101055148988962,3180.0,0.0003554344293661,3180.0,-0.030699348077178,3180.0,0.019996166229248,3180.0,0.0059492113068699,3180.0,-0.0113320350646973,3180.0,-0.0069883349351584,3180.0,-0.0224023815244436,3180.0,-0.0322071090340614,3180.0,-0.0083555225282907,3180.0,0.0245664604008198,3180.0,0.0251055713742971,3180.0,0.0224024783819914,3180.0,-0.0210040099918842,3180.0,0.0048867226578295,3180.0,-0.023472785949707,3180.0,0.0723792091012001,3180.0,0.0876839682459831,3180.0,0.048793125897646
3190.0,-0.0195586215704679,3190.0,-0.0423478148877621,3190.0,-0.0347384475171566,3190.0,-0.0101055148988962,3190.0,0.0003710746823344,3190.0,-0.0306602474302053,3190.0,0.0200509075075388,3190.0,0.0059726717881858,3190.0,-0.0113398553803563,3190.0,-0.0069805146194994,3190.0,-0.0224258434027433,3190.0,-0.0321524627506733,3190.0,-0.0083398818969726,3190.0,0.0246368404477835,3190.0,0.0250899326056242,3190.0,0.0223790165036917,3190.0,-0.0210273750126362,3190.0,0.0048477174714207,3190.0,-0.0234493259340525,3190.0,0.0721995383501053,3190.0,0.0875511169433594,3190.0,0.0486993789672852
3200.0,-0.0195274353027344,3200.0,-0.0423087142407894,3200.0,-0.0347228050231934,3200.0,-0.0101133352145553,3200.0,0.0003867149353027,3200.0,-0.0306212436407804,3200.0,0.0200977325439453,3200.0,0.0060039521194994,3200.0,-0.0113476756960154,3200.0,-0.0069648744538426,3200.0,-0.0224414821714163,3200.0,-0.0321133621037006,3200.0,-0.0083242421969771,3200.0,0.0247071273624897,3200.0,0.0250742919743061,3200.0,0.0223555564880371,3200.0,-0.0210351943969727,3200.0,0.0048164366744458,3200.0,-0.0236055385321379,3200.0,0.0720197707414627,3200.0,0.0874182730913162,3200.0,0.0485978126525879
3210.0,-0.0194961559027433,3210.0,-0.0422697067260742,3210.0,-0.0347149856388569,3210.0,-0.0101211545988917,3210.0,0.000402355188271,3210.0,-0.0305821429938078,3210.0,0.0201446544378996,3210.0,0.0060274126008153,3210.0,-0.0113633153960109,3210.0,-0.0069570541381835,3210.0,-0.022464944049716,3210.0,-0.0320587158203125,3210.0,-0.008308601565659,3210.0,0.0247774124145508,3210.0,0.0250664707273245,3210.0,0.022339915856719,3210.0,-0.0210586544126272,3210.0,0.0047851563431322,3210.0,-0.023832131177187,3210.0,0.0718479156494141,3210.0,0.087293341755867,3210.0,0.0485040657222271
3220.0,-0.0194648746401072,3220.0,-0.0422306060791016,3220.0,-0.0347071662545204,3220.0,-0.0101211545988917,3220.0,0.0004179954703431,3220.0,-0.0305430423468351,3220.0,0.0201836582273245,3220.0,0.0060507776215672,3220.0,-0.011378956027329,3220.0,-0.0069492342881858,3220.0,-0.0224884040653706,3220.0,-0.0320117957890034,3220.0,-0.00830078125,3220.0,0.0248321536928415,3220.0,0.0250509269535542,3220.0,0.0223164558410645,3220.0,-0.0210664756596088,3220.0,0.0047539710067212,3220.0,-0.0236446391791105,3220.0,0.071676068007946,3220.0,0.08716831356287,3220.0,0.0484103225171566
3230.0,-0.0194336902350187,3230.0,-0.0421916022896767,3230.0,-0.0346915237605572,3230.0,-0.0101211545988917,3230.0,0.0004336357233114,3230.0,-0.0305040366947651,3230.0,0.0202227588742971,3230.0,0.006066417787224,3230.0,-0.0113945966586471,3230.0,-0.0069335936568677,3230.0,-0.0225039478391409,3230.0,-0.0319649688899517,3230.0,-0.0082851415500044,3230.0,0.0248946193605661,3230.0,0.0250352863222361,3230.0,0.0223009120672941,3230.0,-0.0210821162909269,3230.0,0.0047226906754076,3230.0,-0.023691464215517,3230.0,0.0715042129158974,3230.0,0.0870354697108269,3230.0,0.0483087562024593
3240.0,-0.0194024089723825,3240.0,-0.042152501642704,3240.0,-0.0346758849918842,3240.0,-0.0101211545988917,3240.0,0.0004570007440634,3240.0,-0.0304649360477924,3240.0,0.0202695857733488,3240.0,0.0060898782685399,3240.0,-0.0114102363586426,3240.0,-0.0069179534912109,3240.0,-0.0225274097174406,3240.0,-0.0319180488586426,3240.0,-0.008277416229248,3240.0,0.0249570850282907,3240.0,0.025019645690918,3240.0,0.0222774501889944,3240.0,-0.0210977550595999,3240.0,0.0046835900284349,3240.0,-0.0237227436155081,3240.0,0.0713322684168816,3240.0,0.0869105383753777,3240.0,0.0482150092720985
3250.0,-0.019378948956728,3250.0,-0.0421134009957314,3250.0,-0.0346680656075478,3250.0,-0.0101289749145508,3250.0,0.0004726409970317,3250.0,-0.0304181110113859,3250.0,0.0203086864203215,3250.0,0.0061133387498557,3250.0,-0.0114257810637355,3250.0,-0.0069101336412131,3250.0,-0.0225508697330952,3250.0,-0.0318790450692177,3250.0,-0.008269595913589,3250.0,0.025019645690918,3250.0,0.0250040050595999,3250.0,0.0222618114203215,3250.0,-0.021113395690918,3250.0,0.0046524046920239,3250.0,-0.023871136829257,3250.0,0.0711604133248329,3250.0,0.0867776870727539,3250.0,0.0481134429574013
3260.0,-0.0193477626889944,3260.0,-0.0420822165906429,3260.0,-0.0346602462232113,3260.0,-0.0101289749145508,3260.0,0.00048828125,3260.0,-0.0303790103644133,3260.0,0.0203399658203125,3260.0,0.0061367037706077,3260.0,-0.0114414216950536,3260.0,-0.006902408786118,3260.0,-0.0225743297487497,3260.0,-0.031839944422245,3260.0,-0.0082539562135934,3260.0,0.0250977519899607,3260.0,0.0249883662909269,3260.0,0.0222461707890034,3260.0,-0.0211289413273335,3260.0,0.0046211243607103,3260.0,-0.0241211894899607,3260.0,0.0709885582327843,3260.0,0.0866526588797569,3260.0,0.0480196960270405
3270.0,-0.0193164832890034,3270.0,-0.0420431159436703,3270.0,-0.0346524231135845,3270.0,-0.0101367952302098,3270.0,0.0005039215320721,3270.0,-0.0303321834653616,3270.0,0.0203789714723825,3270.0,0.0061601637862622,3270.0,-0.0114570623263717,3270.0,-0.0068945884704589,3270.0,-0.0225976947695017,3270.0,-0.0318009369075298,3270.0,-0.0082383155822753,3270.0,0.0251680370420218,3270.0,0.0249727256596088,3270.0,0.0222227107733488,3270.0,-0.0211445819586515,3270.0,0.0045898440293967,3270.0,-0.0240118037909269,3270.0,0.0708245262503624,3270.0,0.0865276381373405,3270.0,0.0479259490966797
3280.0,-0.0192852020263672,3280.0,-0.0420041084289551,3280.0,-0.0346447005867958,3280.0,-0.0101367952302098,3280.0,0.0005195617559365,3280.0,-0.0302930828183889,3280.0,0.0204102527350187,3280.0,0.0061758044175803,3280.0,-0.0114727020263672,3280.0,-0.0068789483048021,3280.0,-0.0226211547851563,3280.0,-0.0317618362605572,3280.0,-0.0082304952666163,3280.0,0.0252305995672941,3280.0,0.0249649044126272,3280.0,0.0222071651369333,3280.0,-0.021152401342988,3280.0,0.0045586586929857,3280.0,-0.0241992957890034,3280.0,0.0706525817513466,3280.0,0.0864027068018913,3280.0,0.0478400252759457
3290.0,-0.0192461963742971,3290.0,-0.0419728271663189,3290.0,-0.0346290580928326,3290.0,-0.0101445196196437,3290.0,0.0005352020380087,3290.0,-0.0302539821714163,3290.0,0.0204415321350098,3290.0,0.0061992644332349,3290.0,-0.0114883426576853,3290.0,-0.0068711279891431,3290.0,-0.0226367954164743,3290.0,-0.031714916229248,3290.0,-0.0082226758822798,3290.0,0.0253008846193552,3290.0,0.0249493606388569,3290.0,0.0221915245056152,3290.0,-0.0211680419743061,3290.0,0.0045273783616721,3290.0,-0.0244570728391409,3290.0,0.0704807266592979,3290.0,0.0862698554992676,3290.0,0.0477462783455849
3300.0,-0.0192149169743061,3300.0,-0.0419337265193462,3300.0,-0.0346290580928326,3300.0,-0.0101523399353027,3300.0,0.0005430221790447,3300.0,-0.0302149783819914,3300.0,0.0204492565244436,3300.0,0.006214905064553,3300.0,-0.0115118026733398,3300.0,-0.0068711279891431,3300.0,-0.0226680766791105,3300.0,-0.0316759124398232,3300.0,-0.0082148555666208,3300.0,0.0253555309027433,3300.0,0.0249337200075388,3300.0,0.0221680644899607,3300.0,-0.0211836826056242,3300.0,0.0044960975646972,3300.0,-0.0245977398008108,3300.0,0.0703166946768761,3300.0,0.0861448273062706,3300.0,0.0476525314152241
3310.0,-0.0191836357116699,3310.0,-0.0419025421142578,3310.0,-0.0346134193241596,3310.0,-0.0101523399353027,3310.0,0.0005585670587606,3310.0,-0.0301758777350187,3310.0,0.0204961784183979,3310.0,0.0062382700853049,3310.0,-0.0115118026733398,3310.0,-0.0068711279891431,3310.0,-0.0226915366947651,3310.0,-0.0316368117928505,3310.0,-0.0082070352509617,3310.0,0.0254180915653706,3310.0,0.0249259006232023,3310.0,0.0221524238586426,3310.0,-0.0211993213742971,3310.0,0.0044648172333836,3310.0,-0.0249180793762207,3310.0,0.070144847035408,3310.0,0.0860120803117752,3310.0,0.0475587844848633
3320.0,-0.0191524513065815,3320.0,-0.0418634414672852,3320.0,-0.0346055999398232,3320.0,-0.0101601602509618,3320.0,0.0005742073408328,3320.0,-0.0301290508359671,3320.0,0.0205196384340525,3320.0,0.0062617301009595,3320.0,-0.0115273473784328,3320.0,-0.0068633081391453,3320.0,-0.022714901715517,3320.0,-0.0315978042781353,3320.0,-0.0081913946196436,3320.0,0.0254727359861135,3320.0,0.0249102599918842,3320.0,0.0221367832273245,3320.0,-0.0212149620056152,3320.0,0.0044258120469749,3320.0,-0.0256993304938078,3320.0,0.0699728950858116,3320.0,0.0858870521187782,3320.0,0.0474650375545025
3330.0,-0.0191211700439453,3330.0,-0.041832160204649,3330.0,-0.0345977805554867,3330.0,-0.0101679805666208,3330.0,0.0005898475646972,3330.0,-0.0300821308046579,3330.0,0.0205430034548044,3330.0,0.0062773707322776,3330.0,-0.0115351676940918,3330.0,-0.0068554878234863,3330.0,-0.0227305423468351,3330.0,-0.0315587036311626,3330.0,-0.0081835752353072,3330.0,0.0255352985113859,3330.0,0.0248946193605661,3330.0,0.0221211444586515,3330.0,-0.0212226863950491,3330.0,0.00439453125,3330.0,-0.02583990059793,3330.0,0.0698088631033897,3330.0,0.0857620239257813,3330.0,0.0473791137337685
3340.0,-0.0190898906439543,3340.0,-0.0417931564152241,3340.0,-0.0345977805554867,3340.0,-0.0101758008822799,3340.0,0.0005976677057333,3340.0,-0.0300353057682514,3340.0,0.0205586440861225,3340.0,0.0063008307479322,3340.0,-0.0115508083254099,3340.0,-0.0068476679734885,3340.0,-0.0227618217468262,3340.0,-0.03151960298419,3340.0,-0.0081758499145507,3340.0,0.0255899429321289,3340.0,0.024878978729248,3340.0,0.0221055988222361,3340.0,-0.0212461482733488,3340.0,0.0043555260635912,3340.0,-0.0267148967832327,3340.0,0.0696370154619217,3340.0,0.0856292769312859,3340.0,0.0472853668034077
3350.0,-0.0190587043762207,3350.0,-0.0417618751525879,3350.0,-0.0345977805554867,3350.0,-0.0101836202666163,3350.0,0.0006133079878054,3350.0,-0.0299883838742971,3350.0,0.0205821041017771,3350.0,0.0063164713792502,3350.0,-0.0115664480254054,3350.0,-0.0068476679734885,3350.0,-0.0227852817624807,3350.0,-0.0314805991947651,3350.0,-0.0081680295988917,3350.0,0.025644589215517,3350.0,0.02486333809793,3350.0,0.0220821388065815,3350.0,-0.0212539676576853,3350.0,0.0043320655822753,3350.0,-0.0268712043762207,3350.0,0.0694728866219521,3350.0,0.0855042487382889,3350.0,0.0471994392573833
3360.0,-0.0190274249762297,3360.0,-0.0417227745056152,3360.0,-0.0345899574458599,3360.0,-0.0101914405822754,3360.0,0.0006289482116699,3360.0,-0.0299415588378906,3360.0,0.0205977447330952,3360.0,0.0063320160843431,3360.0,-0.0115820886567235,3360.0,-0.0068398476578295,3360.0,-0.0228086467832327,3360.0,-0.0314414985477924,3360.0,-0.0081602102145552,3360.0,0.0256993304938078,3360.0,0.0248477943241596,3360.0,0.0220664981752634,3360.0,-0.0212774276733398,3360.0,0.0043007852509617,3360.0,-0.0269805919378996,3360.0,0.0693088546395302,3360.0,0.0853792205452919,3360.0,0.0471056960523129
3370.0,-0.0189961437135935,3370.0,-0.0416915901005268,3370.0,-0.0345821380615234,3370.0,-0.0101992608979344,3370.0,0.0006444930913858,3370.0,-0.0298946388065815,3370.0,0.0206133853644133,3370.0,0.006355476565659,3370.0,-0.0115977292880416,3370.0,-0.0068320273421704,3370.0,-0.0228321086615324,3370.0,-0.031410314142704,3370.0,-0.0081523898988962,3370.0,0.0257539749145508,3370.0,0.0248321536928415,3370.0,0.0220508575439453,3370.0,-0.0212774276733398,3370.0,0.0042773247696459,3370.0,-0.0269258506596088,3370.0,0.0691526457667351,3370.0,0.0852541923522949,3370.0,0.0470274947583675
3380.0,-0.0189649593085051,3380.0,-0.0416524894535542,3380.0,-0.034574318677187,3380.0,-0.0102070812135935,3380.0,0.0006601333734579,3380.0,-0.029847813770175,3380.0,0.0206368453800678,3380.0,0.0063789370469749,3380.0,-0.0116133689880371,3380.0,-0.0068320273421704,3380.0,-0.0228633880615234,3380.0,-0.0313712134957314,3380.0,-0.0081445695832371,3380.0,0.0258087161928415,3380.0,0.024808693677187,3380.0,0.0220273975282907,3380.0,-0.0212930683046579,3380.0,0.0042461394332349,3380.0,-0.0268633849918842,3380.0,0.0689885169267654,3380.0,0.0851292610168457,3380.0,0.0469415672123432
3390.0,-0.0189336780458689,3390.0,-0.0416133888065815,3390.0,-0.0345664992928505,3390.0,-0.0102149015292525,3390.0,0.000667953514494,3390.0,-0.0298087131232023,3390.0,0.0206523891538382,3390.0,0.0063945772126317,3390.0,-0.0116367340087891,3390.0,-0.0068320273421704,3390.0,-0.022886848077178,3390.0,-0.0313399322330952,3390.0,-0.0081367492675781,3390.0,0.025855541229248,3390.0,0.0247930530458689,3390.0,0.0220118518918753,3390.0,-0.0213008876889944,3390.0,0.0042226794175803,3390.0,-0.0266680717468262,3390.0,0.0688323006033897,3390.0,0.0850042328238487,3390.0,0.0468556396663189
3400.0,-0.0188945773988962,3400.0,-0.0415743850171566,3400.0,-0.034558679908514,3400.0,-0.010222720913589,3400.0,0.0006835937383584,3400.0,-0.029761791229248,3400.0,0.0206680297851563,3400.0,0.0064180376939475,3400.0,-0.0116523746401072,3400.0,-0.0068320273421704,3400.0,-0.02291021309793,3400.0,-0.0313009284436703,3400.0,-0.008128928951919,3400.0,0.0259102825075388,3400.0,0.0247774124145508,3400.0,0.0219883918762207,3400.0,-0.021308708935976,3400.0,0.0041992189362645,3400.0,-0.0264571197330952,3400.0,0.0686682686209679,3400.0,0.0848870277404785,3400.0,0.0467697158455849
3410.0,-0.0188633929938078,3410.0,-0.0415431037545204,3410.0,-0.0345431342720985,3410.0,-0.010230541229248,3410.0,0.0006914138793945,3410.0,-0.0297071468085051,3410.0,0.0206758510321379,3410.0,0.0064335823990404,3410.0,-0.0116758346557617,3410.0,-0.0068320273421704,3410.0,-0.0229336749762297,3410.0,-0.0312696471810341,3410.0,-0.008128928951919,3410.0,0.0259649287909269,3410.0,0.0247617717832327,3410.0,0.0219727512449026,3410.0,-0.0213242527097464,3410.0,0.0041680335998535,3410.0,-0.0263946540653706,3410.0,0.068511962890625,3410.0,0.0847619995474815,3410.0,0.046691607683897
3420.0,-0.0188321117311716,3420.0,-0.0415040962398052,3420.0,-0.0345353148877621,3420.0,-0.0102383615449071,3420.0,0.0006992340204305,3420.0,-0.0296602249145508,3420.0,0.0206836704164743,3420.0,0.0064492225646972,3420.0,-0.0116914752870798,3420.0,-0.0068242074921727,3420.0,-0.0229571349918842,3420.0,-0.0312305446714163,3420.0,-0.0081211095675826,3420.0,0.0260196682065725,3420.0,0.0247384067624807,3420.0,0.021949291229248,3420.0,-0.0213242527097464,3420.0,0.0041523934341967,3420.0,-0.0253477096557617,3420.0,0.0683557540178299,3420.0,0.0846370682120323,3420.0,0.0466135032474995
3430.0,-0.0188008304685354,3430.0,-0.0414649955928326,3430.0,-0.0345196723937988,3430.0,-0.010246085934341,3430.0,0.0007226943853311,3430.0,-0.0296133998781443,3430.0,0.0206914898008108,3430.0,0.0064726830460131,3430.0,-0.0117148403078318,3430.0,-0.0068242074921727,3430.0,-0.0229805950075388,3430.0,-0.0311993602663279,3430.0,-0.0081211095675826,3430.0,0.0260743144899607,3430.0,0.0247227679938078,3430.0,0.02193365059793,3430.0,-0.021332073956728,3430.0,0.0041289329528808,3430.0,-0.0247227679938078,3430.0,0.0681916251778603,3430.0,0.0845198631286621,3430.0,0.0465353019535542
3440.0,-0.018769646063447,3440.0,-0.0414258949458599,3440.0,-0.0345040336251259,3440.0,-0.010261726565659,3440.0,0.0007305145263671,3440.0,-0.0295742992311716,3440.0,0.0207071304321289,3440.0,0.0064805033616721,3440.0,-0.0117304800078273,3440.0,-0.0068242074921727,3440.0,-0.0230117794126272,3440.0,-0.0311680790036917,3440.0,-0.0081132892519235,3440.0,0.0261290557682514,3440.0,0.0246993061155081,3440.0,0.021918011829257,3440.0,-0.0213477145880461,3440.0,0.004105472471565,3440.0,-0.0244961734861135,3440.0,0.0680354163050652,3440.0,0.084387019276619,3440.0,0.0464493744075298
3450.0,-0.0187383648008108,3450.0,-0.041386891156435,3450.0,-0.0344962142407894,3450.0,-0.0102695468813181,3450.0,0.000746059406083,3450.0,-0.0295274741947651,3450.0,0.0207149516791105,3450.0,0.0065039633773267,3450.0,-0.0117539409548044,3450.0,-0.0068242074921727,3450.0,-0.0230352412909269,3450.0,-0.0311367996037006,3450.0,-0.0081132892519235,3450.0,0.0261758808046579,3450.0,0.0246758460998535,3450.0,0.0218946468085051,3450.0,-0.021363353356719,3450.0,0.0040741921402514,3450.0,-0.0244648940861225,3450.0,0.0678791999816895,3450.0,0.0842620879411697,3450.0,0.0463712699711323
3460.0,-0.0186992641538382,3460.0,-0.0413477905094624,3460.0,-0.0344805717468262,3460.0,-0.0102851865813136,3460.0,0.0007616996881552,3460.0,-0.0294805523008108,3460.0,0.020722771063447,3460.0,0.0065117836929857,3460.0,-0.0117695806547999,3460.0,-0.0068242074921727,3460.0,-0.023066520690918,3460.0,-0.0311056133359671,3460.0,-0.0081054689362645,3460.0,0.0262305270880461,3460.0,0.0246603023260832,3460.0,0.021879006177187,3460.0,-0.0213789939880371,3460.0,0.0040508271194994,3460.0,-0.0244415290653706,3460.0,0.0677228942513466,3460.0,0.0841370597481728,3460.0,0.046285342425108
3470.0,-0.0186758041381836,3470.0,-0.0413087867200375,3470.0,-0.0344727523624897,3470.0,-0.0102930068969727,3470.0,0.0007695198291912,3470.0,-0.0294337272644043,3470.0,0.020722771063447,3470.0,0.0065351487137377,3470.0,-0.011785221286118,3470.0,-0.0068242074921727,3470.0,-0.0230977069586515,3470.0,-0.0310821533203125,3470.0,-0.0081054689362645,3470.0,0.0262852665036917,3470.0,0.0246368404477835,3470.0,0.0218555461615324,3470.0,-0.0213946346193552,3470.0,0.0040195467881858,3470.0,-0.0244415290653706,3470.0,0.0675588622689247,3470.0,0.0840120315551758,3470.0,0.0462072379887104
3480.0,-0.0186367984861135,3480.0,-0.0412696860730648,3480.0,-0.0344571135938168,3480.0,-0.0103086475282907,3480.0,0.0007851600530557,3480.0,-0.0293946266174316,3480.0,0.0207305904477835,3480.0,0.0065507888793945,3480.0,-0.0118320463225245,3480.0,-0.0068163871765136,3480.0,-0.0231211669743061,3480.0,-0.0310508739203215,3480.0,-0.0081054689362645,3480.0,0.0263320934027433,3480.0,0.0246133804321289,3480.0,0.0218399055302143,3480.0,-0.0214102752506733,3480.0,0.0039960863068699,3480.0,-0.0245509147644043,3480.0,0.0674026533961296,3480.0,0.0838870033621788,3480.0,0.0461291335523129
3490.0,-0.0186055190861225,3490.0,-0.0412305854260921,3490.0,-0.0344493873417377,3490.0,-0.0103242872282863,3490.0,0.0008008003351278,3490.0,-0.0293478015810251,3490.0,0.0207305904477835,3490.0,0.0065586091950535,3490.0,-0.0118398666381836,3490.0,-0.0068163871765136,3490.0,-0.0231446269899607,3490.0,-0.0310196876525879,3490.0,-0.0081054689362645,3490.0,0.0263790134340525,3490.0,0.0245899204164743,3490.0,0.0218165405094624,3490.0,-0.0214258190244436,3490.0,0.003972721286118,3490.0,-0.0245899204164743,3490.0,0.0672463402152061,3490.0,0.0837620720267296,3490.0,0.0460509322583675
3500.0,-0.0185742378234863,3500.0,-0.041191577911377,3500.0,-0.0344337485730648,3500.0,-0.0103321075439453,3500.0,0.0008086204761639,3500.0,-0.029300881549716,3500.0,0.0207305904477835,3500.0,0.0065820696763694,3500.0,-0.0118555072695017,3500.0,-0.0068163871765136,3500.0,-0.0231680870056152,3500.0,-0.0309884082525969,3500.0,-0.0081054689362645,3500.0,0.0264336597174406,3500.0,0.0245742797851563,3500.0,0.0218008998781443,3500.0,-0.0214414596557617,3500.0,0.0039492608048021,3500.0,-0.0245586391538382,3500.0,0.0670979544520378,3500.0,0.0836448669433594,3500.0,0.0459728240966797
3510.0,-0.0185430534183979,3510.0,-0.0411524772644043,3510.0,-0.034425925463438,3510.0,-0.0103476522490382,3510.0,0.0008242607000283,3510.0,-0.0292617809027433,3510.0,0.0207305904477835,3510.0,0.0065977098420262,3510.0,-0.0118711469694972,3510.0,-0.0068242074921727,3510.0,-0.0231992732733488,3510.0,-0.0309571269899607,3510.0,-0.0081054689362645,3510.0,0.0264727603644133,3510.0,0.0245509147644043,3510.0,0.0217774398624897,3510.0,-0.0214571002870798,3510.0,0.0039179804734885,3510.0,-0.0244961734861135,3510.0,0.0669416412711143,3510.0,0.0835198387503624,3510.0,0.0458947196602821
3520.0,-0.0185117721557617,3520.0,-0.0411212928593159,3520.0,-0.0344181060791016,3520.0,-0.0103632928803563,3520.0,0.0008320808410644,3520.0,-0.0292149540036917,3520.0,0.0207384116947651,3520.0,0.0066055296920239,3520.0,-0.0118946079164743,3520.0,-0.0068242074921727,3520.0,-0.0232305526733398,3520.0,-0.0309336669743061,3520.0,-0.0081054689362645,3520.0,0.0265196803957224,3520.0,0.0245274547487497,3520.0,0.0217617992311716,3520.0,-0.0214727409183979,3520.0,0.003894519759342,3520.0,-0.0243399627506733,3520.0,0.0667854323983192,3520.0,0.0834026336669922,3520.0,0.0458166114985943
3530.0,-0.0184883121401072,3530.0,-0.0410821922123432,3530.0,-0.0344024673104286,3530.0,-0.0103711131960154,3530.0,0.0008398056379519,3530.0,-0.029175853356719,3530.0,0.0207384116947651,3530.0,0.006621170323342,3530.0,-0.0119101526215672,3530.0,-0.0068242074921727,3530.0,-0.0232461933046579,3530.0,-0.0309103019535542,3530.0,-0.0081132892519235,3530.0,0.0265665054321289,3530.0,0.0244961734861135,3530.0,0.021738339215517,3530.0,-0.0214962009340525,3530.0,0.0038633346557617,3530.0,-0.0247227679938078,3530.0,0.0666291266679764,3530.0,0.083277702331543,3530.0,0.0457306876778603
3540.0,-0.0184571277350187,3540.0,-0.0410430915653706,3540.0,-0.0343946479260921,3540.0,-0.0103867528960109,3540.0,0.0008554458618164,3540.0,-0.0291368495672941,3540.0,0.0207305904477835,3540.0,0.0066288947127759,3540.0,-0.0119336126372218,3540.0,-0.0068242074921727,3540.0,-0.0232774745672941,3540.0,-0.0308868419378996,3540.0,-0.0081132892519235,3540.0,0.0266056060791016,3540.0,0.0244805347174406,3540.0,0.0217149741947651,3540.0,-0.0215040203183889,3540.0,0.0038398744072765,3540.0,-0.0244805347174406,3540.0,0.0664807334542274,3540.0,0.0831604972481728,3540.0,0.0456603057682514
3550.0,-0.0184258464723825,3550.0,-0.0410040877759457,3550.0,-0.0343868248164654,3550.0,-0.010402393527329,3550.0,0.0008632660028524,3550.0,-0.0290977489203215,3550.0,0.0207384116947651,3550.0,0.0066523551940918,3550.0,-0.011957073584199,3550.0,-0.0068242074921727,3550.0,-0.0233086589723825,3550.0,-0.0308555606752634,3550.0,-0.0081132892519235,3550.0,0.0266446117311716,3550.0,0.0244571696966887,3550.0,0.0216915141791105,3550.0,-0.0215195659548044,3550.0,0.0038164139259606,3550.0,-0.0242774020880461,3550.0,0.0663245245814323,3550.0,0.0830354690551758,3550.0,0.0455822013318539
3560.0,-0.0183945652097464,3560.0,-0.040964987128973,3560.0,-0.0343711860477924,3560.0,-0.0104180341586471,3560.0,0.0008710861438885,3560.0,-0.0290587432682514,3560.0,0.020746136084199,3560.0,0.0066679953597486,3560.0,-0.011964893899858,3560.0,-0.0068320273421704,3560.0,-0.0233321189880371,3560.0,-0.0308321006596088,3560.0,-0.0081211095675826,3560.0,0.0266837123781443,3560.0,0.0244337078183889,3560.0,0.0216758735477924,3560.0,-0.0215352065861225,3560.0,0.0037851333618164,3560.0,-0.024261761456728,3560.0,0.0661682114005089,3560.0,0.0829182639718056,3560.0,0.045504093170166
3570.0,-0.0183633808046579,3570.0,-0.0409337058663368,3570.0,-0.034363366663456,3570.0,-0.0104336738586426,3570.0,0.0008789062849245,3570.0,-0.0290118213742971,3570.0,0.0207384116947651,3570.0,0.0066758156754076,3570.0,-0.0119805335998535,3570.0,-0.0068242074921727,3570.0,-0.0233555790036917,3570.0,-0.0308165550231934,3570.0,-0.008128928951919,3570.0,0.0267227180302143,3570.0,0.0244102478027344,3570.0,0.0216524135321379,3570.0,-0.0215508472174406,3570.0,0.0037617683410644,3570.0,-0.024449348449707,3570.0,0.0660198256373405,3570.0,0.0827933326363564,3570.0,0.0454259887337685
3580.0,-0.0183399207890034,3580.0,-0.0408946983516216,3580.0,-0.034355640411377,3580.0,-0.0104492185637355,3580.0,0.000894546508789,3580.0,-0.0289805419743061,3580.0,0.0207384116947651,3580.0,0.0066914558410644,3580.0,-0.0119961742311716,3580.0,-0.0068320273421704,3580.0,-0.0233789440244436,3580.0,-0.0307930950075388,3580.0,-0.008128928951919,3580.0,0.026761818677187,3580.0,0.0243867877870798,3580.0,0.0216367729008198,3580.0,-0.0215664859861135,3580.0,0.0037383080925792,3580.0,-0.0244570728391409,3580.0,0.0658713355660439,3580.0,0.0826761275529861,3580.0,0.0453477874398232
3590.0,-0.0183086395263672,3590.0,-0.040855597704649,3590.0,-0.0343478210270405,3590.0,-0.0104570388793945,3590.0,0.0009023666498251,3590.0,-0.0289415363222361,3590.0,0.0207305904477835,3590.0,0.0067070960067212,3590.0,-0.0120117189362645,3590.0,-0.0068320273421704,3590.0,-0.0234024059027433,3590.0,-0.0307696349918842,3590.0,-0.0081367492675781,3590.0,0.0268009193241596,3590.0,0.0243711471557617,3590.0,0.0216134078800678,3590.0,-0.0215821266174316,3590.0,0.0037148476112633,3590.0,-0.0243243221193552,3590.0,0.0657151266932487,3590.0,0.0825510993599892,3590.0,0.0452696792781353
3600.0,-0.0182851795107126,3600.0,-0.0408165939152241,3600.0,-0.0343321822583675,3600.0,-0.0104726795107126,3600.0,0.0009101867908611,3600.0,-0.0289102550595999,3600.0,0.020722771063447,3600.0,0.0067226411774754,3600.0,-0.0120429992675781,3600.0,-0.0068320273421704,3600.0,-0.023441506549716,3600.0,-0.0307539943605661,3600.0,-0.0081445695832371,3600.0,0.0268399249762297,3600.0,0.0243399627506733,3600.0,0.0215899478644133,3600.0,-0.0215977672487497,3600.0,0.0036913871299475,3600.0,-0.0241680145263672,3600.0,0.0655666366219521,3600.0,0.082433894276619,3600.0,0.0451993942260742
3610.0,-0.0182539951056242,3610.0,-0.0407853126525879,3610.0,-0.0343243591487408,3610.0,-0.0104883192107081,3610.0,0.0009180069318972,3610.0,-0.0288711544126272,3610.0,0.0207149516791105,3610.0,0.0067226411774754,3610.0,-0.0120586398988962,3610.0,-0.0068320273421704,3610.0,-0.0234571453183889,3610.0,-0.0307228099554777,3610.0,-0.0081523898988962,3610.0,0.0268946643918753,3610.0,0.0243165027350187,3610.0,0.0215743072330952,3610.0,-0.0216134078800678,3610.0,0.0036680221091955,3610.0,-0.0240664482116699,3610.0,0.0654260665178299,3610.0,0.0823166891932487,3610.0,0.0451291091740131
3620.0,-0.0507853515446186,3620.0,-0.0713167190551758,3620.0,-0.068199448287487,3620.0,-0.0352149978280067,3620.0,-0.0289415363222361,3620.0,-0.0587619803845882,3620.0,-0.0247774124145508,3620.0,-0.0254337321966887,3620.0,-0.0388321876525879,3620.0,-0.0297384262084961,3620.0,-0.0506056807935238,3620.0,-0.0628166198730469,3620.0,-0.0335431098937988,3620.0,0.0068242074921727,3620.0,-0.0012382507557049,3620.0,-0.0039649009704589,3620.0,-0.056371308863163,3620.0,-0.0272852908819914,3620.0,-0.0223790165036917,3620.0,0.0355430617928505,3620.0,0.0543087981641293,3620.0,0.0137696266174316
3630.0,-0.0505041144788265,3630.0,-0.071129135787487,3630.0,-0.0680354163050652,3630.0,-0.0347228050231934,3630.0,-0.0286602973937988,3630.0,-0.0585666671395302,3630.0,-0.0246055610477924,3630.0,-0.0251993183046579,3630.0,-0.0386525169014931,3630.0,-0.0293789859861135,3630.0,-0.050511933863163,3630.0,-0.0628088042140007,3630.0,-0.0333321578800678,3630.0,0.0072304727509617,3630.0,-0.0010898590553551,3630.0,-0.0038866996765136,3630.0,-0.0563400276005268,3630.0,-0.0268009193241596,3630.0,-0.0206914898008108,3630.0,0.0353790298104286,3630.0,0.0538557060062885,3630.0,0.0136446002870798
3640.0,-0.0502306930720806,3640.0,-0.0708557143807411,3640.0,-0.0678400993347168,3640.0,-0.0343009009957314,3640.0,-0.0284102447330952,3640.0,-0.0583009719848633,3640.0,-0.0243556033819914,3640.0,-0.0249337200075388,3640.0,-0.0384415648877621,3640.0,-0.0290274620056152,3640.0,-0.050386905670166,3640.0,-0.0627306923270226,3640.0,-0.0331759452819824,3640.0,0.0075429915450513,3640.0,-0.0009101867908611,3640.0,-0.003777313278988,3640.0,-0.0564650557935238,3640.0,-0.0266056060791016,3640.0,-0.0198164936155081,3640.0,0.0350118651986122,3640.0,0.0535040870308876,3640.0,0.0134649276733398
3650.0,-0.049965001642704,3650.0,-0.0705588385462761,3650.0,-0.0676213279366493,3650.0,-0.0338946357369423,3650.0,-0.0281681064516306,3650.0,-0.0580353736877441,3650.0,-0.024082088842988,3650.0,-0.024668026715517,3650.0,-0.0382540710270405,3650.0,-0.0286993030458689,3650.0,-0.0502853393554688,3650.0,-0.0626447722315788,3650.0,-0.0330196395516396,3650.0,0.0078476909548044,3650.0,-0.0007226943853311,3650.0,-0.0036602020263671,3650.0,-0.0565587989985943,3650.0,-0.0265195854008198,3650.0,-0.0194258689880371,3650.0,0.0346134193241596,3650.0,0.0532463081181049,3650.0,0.013332081027329
3660.0,-0.0497228614985943,3660.0,-0.070293240249157,3660.0,-0.067410372197628,3660.0,-0.0335196517407894,3660.0,-0.0279415138065815,3660.0,-0.057793140411377,3660.0,-0.023832131177187,3660.0,-0.0244258884340525,3660.0,-0.0380665771663189,3660.0,-0.028355598449707,3660.0,-0.0501837730407715,3660.0,-0.0625510215759277,3660.0,-0.0328790657222271,3660.0,0.0081367492675781,3660.0,-0.0005429267766885,3660.0,-0.0035429955460131,3660.0,-0.056707289069891,3660.0,-0.0263633728027344,3660.0,-0.0192540176212788,3660.0,0.0342462547123432,3660.0,0.0529885292053223,3660.0,0.0132305147126317
3670.0,-0.0495583899319172,3670.0,-0.0701108127832413,3670.0,-0.0672850236296654,3670.0,-0.0332114547491074,3670.0,-0.0277958046644926,3670.0,-0.0576060749590397,3670.0,-0.0236590709537268,3670.0,-0.024252824485302,3670.0,-0.037921629846096,3670.0,-0.028067683801055,3670.0,-0.0501193255186081,3670.0,-0.0625037476420403,3670.0,-0.0327833257615566,3670.0,0.0083746435120701,3670.0,-0.0004121112870052,3670.0,-0.0034793089143931,3670.0,-0.0569193549454212,3670.0,-0.02618408203125,3670.0,-0.0189559273421764,3670.0,0.0339294224977493,3670.0,0.0527599602937698,3670.0,0.01311762817204
3680.0,-0.0493560433387756,3680.0,-0.0698983073234558,3680.0,-0.067127987742424,3680.0,-0.0328880175948143,3680.0,-0.0276254937052727,3680.0,-0.0573904514312744,3680.0,-0.0234543848782778,3680.0,-0.0240497011691332,3680.0,-0.0377224050462246,3680.0,-0.0277551840990782,3680.0,-0.0500271394848824,3680.0,-0.0624100007116795,3680.0,-0.0326598882675171,3680.0,0.0086316773667931,3680.0,-0.0002433586050756,3680.0,-0.0033761882223188,3680.0,-0.05697325989604,3680.0,-0.0259043928235769,3680.0,-0.0189309306442738,3680.0,0.0336575508117676,3680.0,0.0526341795921326,3680.0,0.0130207538604736
3690.0,-0.0491833873093128,3690.0,-0.069714717566967,3690.0,-0.0669975206255913,3690.0,-0.0325966067612171,3690.0,-0.0274747125804424,3690.0,-0.0571857616305351,3690.0,-0.0232707932591438,3690.0,-0.0238676685839891,3690.0,-0.0375364683568478,3690.0,-0.0274606514722109,3690.0,-0.0499435476958752,3690.0,-0.0623232834041119,3690.0,-0.0325481705367565,3690.0,0.0088730808347463,3690.0,-8.08620461612009e-05,3690.0,-0.0032832145225256,3690.0,-0.0569568574428558,3690.0,-0.0255747064948082,3690.0,-0.0187668707221746,3690.0,0.0334091074764729,3690.0,0.0525209046900272,3690.0,0.0129605960100889
3700.0,-0.0490146391093731,3700.0,-0.0695373713970184,3700.0,-0.0668779835104942,3700.0,-0.0323255099356174,3700.0,-0.0273356474936008,3700.0,-0.0569927915930748,3700.0,-0.0231020394712687,3700.0,-0.023701261729002,3700.0,-0.0373692773282528,3700.0,-0.0271786153316498,3700.0,-0.049861516803503,3700.0,-0.062238123267889,3700.0,-0.0324505120515823,3700.0,0.0090980818495154,3700.0,6.99234005878679e-05,3700.0,-0.0031957149039953,3700.0,-0.0568818561732769,3700.0,-0.025239547714591,3700.0,-0.0184106156229973,3700.0,0.0332130156457424,3700.0,0.0524146556854248,3700.0,0.0129340356215835
3710.0,-0.048855260014534,3710.0,-0.0693748667836189,3710.0,-0.0667654871940613,3710.0,-0.0320653542876244,3710.0,-0.0272059626877308,3710.0,-0.0568006038665771,3710.0,-0.0229465719312429,3710.0,-0.0235426668077707,3710.0,-0.0372161567211151,3710.0,-0.0269067417830229,3710.0,-0.049782607704401,3710.0,-0.06216000020504,3710.0,-0.0323536396026611,3710.0,0.009308242239058,3710.0,0.00021132468828,3710.0,-0.0031121254432946,3710.0,-0.0567927919328213,3710.0,-0.0249317362904549,3710.0,-0.0181926432996988,3710.0,0.0330434888601303,3710.0,0.0523193329572678,3710.0,0.0129098128527403
3720.0,-0.048713855445385,3720.0,-0.0692256540060043,3720.0,-0.0666670501232147,3720.0,-0.0318223834037781,3720.0,-0.0270942449569702,3720.0,-0.0566193535923958,3720.0,-0.0228043831884861,3720.0,-0.0234020426869392,3720.0,-0.0370708405971527,3720.0,-0.0266489256173372,3720.0,-0.0497099533677101,3720.0,-0.0620896853506565,3720.0,-0.032269261777401,3720.0,0.0095027731731534,3720.0,0.0003449249197728,3720.0,-0.0030308722052723,3720.0,-0.0567006058990955,3720.0,-0.0246411077678204,3720.0,-0.0180942062288523,3720.0,0.0328958295285702,3720.0,0.052240427583456,3720.0,0.0128832524642348
3730.0,-0.0485841706395149,3730.0,-0.0690904930233955,3730.0,-0.0665764212608337,3730.0,-0.0315989479422569,3730.0,-0.0269942414015532,3730.0,-0.056446697562933,3730.0,-0.0226911008358002,3730.0,-0.0232731346040964,3730.0,-0.0369356870651245,3730.0,-0.0264067407697439,3730.0,-0.0496419854462147,3730.0,-0.0620256215333939,3730.0,-0.0321895740926266,3730.0,0.0096863647922873,3730.0,0.0004699230194091,3730.0,-0.0029480552766472,3730.0,-0.056603729724884,3730.0,-0.0243559498339891,3730.0,-0.0181832686066628,3730.0,0.0327614508569241,3730.0,0.052174024283886,3730.0,0.0128504373133183
3740.0,-0.0484615117311478,3740.0,-0.0689608082175255,3740.0,-0.0664936080574989,3740.0,-0.0313833244144917,3740.0,-0.0269028376787901,3740.0,-0.0562826320528984,3740.0,-0.0225520376116037,3740.0,-0.0231528226286173,3740.0,-0.0368059948086739,3740.0,-0.026173148304224,3740.0,-0.0495740175247192,3740.0,-0.0619654692709446,3740.0,-0.032117698341608,3740.0,0.0098613640293479,3740.0,0.0005871105240657,3740.0,-0.0028699301183223,3740.0,-0.0565170086920261,3740.0,-0.0240965746343136,3740.0,-0.0181324854493141,3740.0,0.0326302051544189,3740.0,0.0521146468818188,3740.0,0.0128035638481379
3750.0,-0.0483435429632664,3750.0,-0.0688412711024284,3750.0,-0.0664178282022476,3750.0,-0.0311762895435095,3750.0,-0.0268168970942497,3750.0,-0.0561185739934444,3750.0,-0.0224379766732454,3750.0,-0.0230418816208839,3750.0,-0.0366802141070366,3750.0,-0.0259481426328421,3750.0,-0.0495107360184193,3750.0,-0.0619076564908028,3750.0,-0.0320466049015522,3750.0,0.0100223058834672,3750.0,0.0006988334353081,3750.0,-0.0027910231146961,3750.0,-0.0564279444515705,3750.0,-0.023848919197917,3750.0,-0.0180879589170218,3750.0,0.0325106717646122,3750.0,0.0520662106573582,3750.0,0.0127590363845229
3760.0,-0.0482357293367386,3760.0,-0.0687272176146507,3760.0,-0.066342830657959,3760.0,-0.0309786312282085,3760.0,-0.0267372075468302,3760.0,-0.05595763027668,3760.0,-0.0223293770104647,3760.0,-0.022930946201086,3760.0,-0.0365614630281925,3760.0,-0.0257356446236372,3760.0,-0.0494537018239498,3760.0,-0.0618592165410519,3760.0,-0.0319833233952522,3760.0,0.0101793380454183,3760.0,0.0008050823234952,3760.0,-0.0027168083470314,3760.0,-0.0563459135591984,3760.0,-0.0236043874174356,3760.0,-0.0180988982319832,3760.0,0.0323934815824032,3760.0,0.0520201176404953,3760.0,0.0127051258459687
3770.0,-0.0481318235397339,3770.0,-0.0686201825737953,3770.0,-0.0662771984934807,3770.0,-0.0307872239500284,3770.0,-0.0266653336584568,3770.0,-0.0558045096695423,3770.0,-0.0222293846309185,3770.0,-0.0228317249566317,3770.0,-0.0364489629864693,3770.0,-0.0255309566855431,3770.0,-0.0493997931480408,3770.0,-0.0618201531469822,3770.0,-0.0319247283041477,3770.0,0.0103394892066717,3770.0,0.0009058666182681,3770.0,-0.0026488399598747,3770.0,-0.0562615394592285,3770.0,-0.0233707893639803,3770.0,-0.018018426373601,3770.0,0.0322895720601082,3770.0,0.0519779287278652,3770.0,0.0126551240682602
3780.0,-0.048031821846962,3780.0,-0.06851626932621,3780.0,-0.0662154853343964,3780.0,-0.0306028500199318,3780.0,-0.0265965834259987,3780.0,-0.0556552857160568,3780.0,-0.0221325010061264,3780.0,-0.0227340701967478,3780.0,-0.0363411530852318,3780.0,-0.0253372043371201,3780.0,-0.0493482351303101,3780.0,-0.0617756210267544,3780.0,-0.0318676978349686,3780.0,0.0104910563677549,3780.0,0.0010035228915512,3780.0,-0.0025847719516605,3780.0,-0.0561756044626236,3780.0,-0.023139538243413,3780.0,-0.01798951998353,3780.0,0.032191913574934,3780.0,0.0519373007118702,3780.0,0.0126035595312715
3790.0,-0.0479380674660206,3790.0,-0.0684162750840187,3790.0,-0.0661600157618523,3790.0,-0.0304262861609459,3790.0,-0.0265317391604185,3790.0,-0.0555107593536377,3790.0,-0.022042665630579,3790.0,-0.0226410999894142,3790.0,-0.0362411551177502,3790.0,-0.0251559540629387,3790.0,-0.0493029206991196,3790.0,-0.0617404691874981,3790.0,-0.031819261610508,3790.0,0.0106277745217085,3790.0,0.0010996151249855,3790.0,-0.0025253961794078,3790.0,-0.0560951307415962,3790.0,-0.0229168832302094,3790.0,-0.017909049987793,3790.0,0.0321012958884239,3790.0,0.0518982410430908,3790.0,0.0125559037551284
3800.0,-0.0478490106761456,3800.0,-0.0683233067393303,3800.0,-0.0661053285002708,3800.0,-0.0302551928907633,3800.0,-0.0264715850353241,3800.0,-0.0553716942667961,3800.0,-0.0219606291502714,3800.0,-0.0225543826818466,3800.0,-0.0361458398401737,3800.0,-0.0249832961708307,3800.0,-0.0492568239569664,3800.0,-0.0617053098976612,3800.0,-0.0317716002464294,3800.0,0.0107629299163818,3800.0,0.0011972712818533,3800.0,-0.0024668024852871,3800.0,-0.056023258715868,3800.0,-0.0227028168737888,3800.0,-0.0178832709789276,3800.0,0.0320114493370056,3800.0,0.0518552772700787,3800.0,0.0125082489103079
3810.0,-0.0477575995028019,3810.0,-0.0682295560836792,3810.0,-0.0660529807209969,3810.0,-0.0300825349986553,3810.0,-0.0264129918068647,3810.0,-0.0552271604537964,3810.0,-0.0218762587755919,3810.0,-0.0224692244082689,3810.0,-0.0360567755997181,3810.0,-0.0248231403529644,3810.0,-0.0492138564586639,3810.0,-0.0616693720221519,3810.0,-0.0317294150590897,3810.0,0.0108887096866965,3810.0,0.0012933635152876,3810.0,-0.0024129007942974,3810.0,-0.0559412278234959,3810.0,-0.0224973484873772,3810.0,-0.0178934279829264,3810.0,0.0319255143404007,3810.0,0.0518154315650463,3810.0,0.0124629400670528
3820.0,-0.0476747900247574,3820.0,-0.0681420490145683,3820.0,-0.0660061091184616,3820.0,-0.0299169104546309,3820.0,-0.0263590849936008,3820.0,-0.0550873167812824,3820.0,-0.0218012519180775,3820.0,-0.0223879721015692,3820.0,-0.0359669327735901,3820.0,-0.0246629845350981,3820.0,-0.0491740107536316,3820.0,-0.0616373419761658,3820.0,-0.0316911339759827,3820.0,0.0110129350796342,3820.0,0.0013847731752321,3820.0,-0.0023613357916474,3820.0,-0.0558779463171959,3820.0,-0.0222996901720762,3820.0,-0.0179277993738651,3820.0,0.0318403504788876,3820.0,0.0517732426524162,3820.0,0.0124160666018724
3830.0,-0.0475974455475807,3830.0,-0.0680561140179634,3830.0,-0.0659623593091965,3830.0,-0.0297590959817171,3830.0,-0.0263083018362522,3830.0,-0.0549513809382915,3830.0,-0.0217286013066769,3830.0,-0.0223114099353552,3830.0,-0.0358833409845829,3830.0,-0.0245161093771458,3830.0,-0.0491404198110104,3830.0,-0.0616068728268147,3830.0,-0.0316575430333614,3830.0,0.0111394971609116,3830.0,0.0014722727937623,3830.0,-0.0023160267155617,3830.0,-0.0558091960847378,3830.0,-0.022099694237113,3830.0,-0.0178246777504683,3830.0,0.0317630097270012,3830.0,0.0517357438802719,3830.0,0.0123770041391253
3840.0,-0.0475224442780018,3840.0,-0.067975640296936,3840.0,-0.065919391810894,3840.0,-0.0296044107526541,3840.0,-0.0262590833008289,3840.0,-0.0548154376447201,3840.0,-0.0216575041413307,3840.0,-0.0222379770129919,3840.0,-0.0358059927821159,3840.0,-0.0243770442903042,3840.0,-0.0491068251430988,3840.0,-0.0615771859884262,3840.0,-0.0316262915730476,3840.0,0.0112629318609834,3840.0,0.0015574264107272,3840.0,-0.0022730540949851,3840.0,-0.055755291134119,3840.0,-0.0219192206859589,3840.0,-0.0179059319198132,3840.0,0.0316833220422268,3840.0,0.0516919903457165,3840.0,0.0123309036716819
3850.0,-0.0474505685269833,3850.0,-0.0678951740264893,3850.0,-0.0658850148320198,3850.0,-0.0294559709727764,3850.0,-0.0262137688696384,3850.0,-0.0546880960464478,3850.0,-0.0215911008417606,3850.0,-0.02216218970716,3850.0,-0.035733338445425,3850.0,-0.0242450144141912,3850.0,-0.0490787029266357,3850.0,-0.0615506209433079,3850.0,-0.0315966010093689,3850.0,0.0113879293203354,3850.0,0.0016347693745046,3850.0,-0.002233991632238,3850.0,-0.0557076297700405,3850.0,-0.021745003759861,3850.0,-0.0178481098264456,3850.0,0.0316036306321621,3850.0,0.0516490265727043,3850.0,0.0122871585190296
3860.0,-0.0473810359835625,3860.0,-0.0678193941712379,3860.0,-0.0658451765775681,3860.0,-0.029310654848814,3860.0,-0.0261715836822987,3860.0,-0.0545630976557732,3860.0,-0.0215278137475252,3860.0,-0.0220918841660023,3860.0,-0.0356614626944065,3860.0,-0.0241207927465439,3860.0,-0.0490529201924801,3860.0,-0.0615240596234798,3860.0,-0.0315708182752132,3860.0,0.0115113733336329,3860.0,0.0017082118429243,3860.0,-0.0021980570163577,3860.0,-0.0556670092046261,3860.0,-0.0215778164565563,3860.0,-0.017775459215045,3860.0,0.0315278507769108,3860.0,0.0516060516238213,3860.0,0.0122457500547171
3870.0,-0.0473115034401417,3870.0,-0.067742832005024,3870.0,-0.0658107921481133,3870.0,-0.0291637796908617,3870.0,-0.0261286161839962,3870.0,-0.0544295012950897,3870.0,-0.0214653108268976,3870.0,-0.0220207870006561,3870.0,-0.0355950556695461,3870.0,-0.02400360442698,3870.0,-0.0490294843912125,3870.0,-0.061504527926445,3870.0,-0.0315466001629829,3870.0,0.0116371531039476,3870.0,0.0017777442699298,3870.0,-0.0021668053232133,3870.0,-0.05563810095191,3870.0,-0.0214160922914743,3870.0,-0.0175988953560591,3870.0,0.0314544178545475,3870.0,0.0515623092651367,3870.0,0.0122035592794418
3880.0,-0.0472474433481693,3880.0,-0.06766626983881,3880.0,-0.0657748579978943,3880.0,-0.0290215909481049,3880.0,-0.0260895527899265,3880.0,-0.0543037205934525,3880.0,-0.0214028172194958,3880.0,-0.021952036768198,3880.0,-0.0355341173708439,3880.0,-0.023894228041172,3880.0,-0.0490076057612896,3880.0,-0.0614857785403728,3880.0,-0.0315208248794079,3880.0,0.0117613691836596,3880.0,0.0018386745359748,3880.0,-0.0021378993988037,3880.0,-0.0556107573211193,3880.0,-0.0212653148919344,3880.0,-0.0174973290413618,3880.0,0.0313809774816036,3880.0,0.051518552005291,3880.0,0.0121621508151293
3890.0,-0.0471865087747574,3890.0,-0.0675959587097168,3890.0,-0.0657451674342155,3890.0,-0.0288840904831886,3890.0,-0.0260520502924919,3890.0,-0.0541826225817204,3890.0,-0.0213426593691111,3890.0,-0.0218864157795906,3890.0,-0.0354739613831043,3890.0,-0.0237879790365696,3890.0,-0.0489904209971428,3890.0,-0.0614693723618984,3890.0,-0.0314997285604477,3890.0,0.0118809025734663,3890.0,0.0018949317745864,3890.0,-0.0021105573978275,3890.0,-0.0555896610021591,3890.0,-0.0211215689778328,3890.0,-0.017311392351985,3890.0,0.0313075445592403,3890.0,0.0514732450246811,3890.0,0.0121191879734397
3900.0,-0.0471247844398022,3900.0,-0.0675233006477356,3900.0,-0.0657147020101547,3900.0,-0.0287481546401978,3900.0,-0.0260153338313103,3900.0,-0.0540576241910458,3900.0,-0.0212832819670439,3900.0,-0.0218200013041496,3900.0,-0.0354169309139252,3900.0,-0.0236872006207705,3900.0,-0.0489755757153034,3900.0,-0.061452966183424,3900.0,-0.0314801968634129,3900.0,0.0119941895827651,3900.0,0.0019433688139542,3900.0,-0.002087116241455,3900.0,-0.0555810667574406,3900.0,-0.0209879688918591,3900.0,-0.0174379535019398,3900.0,0.0312309730798006,3900.0,0.0514240264892578,3900.0,0.0120754335075617
3910.0,-0.047067753970623,3910.0,-0.0674561113119125,3910.0,-0.0656842291355133,3910.0,-0.028615340590477,3910.0,-0.0259778294712305,3910.0,-0.0539365336298943,3910.0,-0.0212293807417154,3910.0,-0.0217512510716915,3910.0,-0.0353583358228207,3910.0,-0.0235911030322313,3910.0,-0.0489599518477917,3910.0,-0.0614349953830242,3910.0,-0.0314614474773407,3910.0,0.0121238706633449,3910.0,0.0019871138501912,3910.0,-0.002065239008516,3910.0,-0.055573258548975,3910.0,-0.0208574961870909,3910.0,-0.0174723342061043,3910.0,0.0311544127762318,3910.0,0.0513724610209465,3910.0,0.0120316883549094
3920.0,-0.0470138490200043,3920.0,-0.0673889219760895,3920.0,-0.0656600147485733,3920.0,-0.0284919012337923,3920.0,-0.0259473659098148,3920.0,-0.0538209043443203,3920.0,-0.021171560510993,3920.0,-0.0216895379126072,3920.0,-0.035307552665472,3920.0,-0.0235012620687485,3920.0,-0.0489505752921104,3920.0,-0.0614217184484005,3920.0,-0.0314458236098289,3920.0,0.0122543424367905,3920.0,0.0020269583910703,3920.0,-0.0020480537787079,3920.0,-0.0555701293051243,3920.0,-0.020733280107379,3920.0,-0.0174317061901093,3920.0,0.0310825444757938,3920.0,0.0513224601745605,3920.0,0.0119910622015595
3930.0,-0.0469552539288998,3930.0,-0.067321740090847,3930.0,-0.0656365752220154,3930.0,-0.0283669028431177,3930.0,-0.0259114261716604,3930.0,-0.0537076219916344,3930.0,-0.0211176574230194,3930.0,-0.0216278173029423,3930.0,-0.0352575518190861,3930.0,-0.0234184451401234,3930.0,-0.0489419847726822,3930.0,-0.0614068731665611,3930.0,-0.0314317606389523,3930.0,0.0123645020648837,3930.0,0.0020636843983084,3930.0,-0.0020308685488998,3930.0,-0.0555662252008915,3930.0,-0.0206106267869473,3930.0,-0.0173332691192627,3930.0,0.031010664999485,3930.0,0.0512732416391373,3930.0,0.0119512174278498
3940.0,-0.0468982271850109,3940.0,-0.0672576725482941,3940.0,-0.0656100139021873,3940.0,-0.0282442476600409,3940.0,-0.025877833366394,3940.0,-0.0535912178456783,3940.0,-0.0210629738867283,3940.0,-0.0215660948306322,3940.0,-0.0352122448384762,3940.0,-0.0233403202146292,3940.0,-0.048934169113636,3940.0,-0.0613935887813568,3940.0,-0.0314200408756733,3940.0,0.0124762151390314,3940.0,0.0020980548579245,3940.0,-0.0020168018527329,3940.0,-0.0555748157203197,3940.0,-0.0205074977129698,3940.0,-0.017634829506278,3940.0,0.0309341046959162,3940.0,0.0512169934809208,3940.0,0.0119090266525745
3950.0,-0.0468435361981392,3950.0,-0.067192830145359,3950.0,-0.0655850097537041,3950.0,-0.0281223729252815,3950.0,-0.025843458250165,3950.0,-0.0534771531820297,3950.0,-0.0210059359669685,3950.0,-0.0215051546692848,3950.0,-0.0351708345115185,3950.0,-0.0232637599110603,3950.0,-0.0489286966621876,3950.0,-0.0613842122256756,3950.0,-0.0314114466309547,3950.0,0.0125895021483302,3950.0,0.0021269607823342,3950.0,-0.0020050811581313,3950.0,-0.0555810667574406,3950.0,-0.02040203101933,3950.0,-0.0176317021250725,3950.0,0.0308590978384018,3950.0,0.0511607453227043,3950.0,0.0118668461218476
3960.0,-0.0468005649745464,3960.0,-0.0671389251947403,3960.0,-0.0655615776777267,3960.0,-0.0280067436397076,3960.0,-0.0258200205862522,3960.0,-0.0533685609698296,3960.0,-0.0209512524306774,3960.0,-0.0214457791298628,3960.0,-0.035127867013216,3960.0,-0.0231926683336496,3960.0,-0.0489247925579548,3960.0,-0.0613756217062473,3960.0,-0.0314028523862362,3960.0,0.0126926228404045,3960.0,0.0021535204723477,3960.0,-0.0019933700095862,3960.0,-0.0555865354835987,3960.0,-0.0202996823936701,3960.0,-0.0176004599779844,3960.0,0.0307848826050758,3960.0,0.0511076152324677,3960.0,0.0118293380364776
3970.0,-0.0467513464391232,3970.0,-0.0670826733112335,3970.0,-0.065544381737709,3970.0,-0.027895025908947,3970.0,-0.0257950201630592,3970.0,-0.0532685592770576,3970.0,-0.0209012497216463,3970.0,-0.0213879682123661,3970.0,-0.035088025033474,3970.0,-0.0231246948242188,3970.0,-0.048920888453722,3970.0,-0.0613685920834541,3970.0,-0.0313950404524803,3970.0,0.0127824684605002,3970.0,0.0021761797834187,3970.0,-0.0019832134712487,3970.0,-0.0555966943502426,3970.0,-0.0202082823961973,3970.0,-0.0177731122821569,3970.0,0.0307075399905443,3970.0,0.0510490201413631,3970.0,0.0117902755737305
3980.0,-0.0466997846961021,3980.0,-0.0670240819454193,3980.0,-0.0655248537659645,3980.0,-0.0277856532484293,3980.0,-0.0257668923586607,3980.0,-0.0531716868281364,3980.0,-0.0208528134971857,3980.0,-0.0213325023651123,3980.0,-0.035049743950367,3980.0,-0.0230629779398441,3980.0,-0.0489232279360294,3980.0,-0.061364684253931,3980.0,-0.0313895680010319,3980.0,0.012866067700088,3980.0,0.0021980570163577,3980.0,-0.0019746208563447,3980.0,-0.0556107573211193,3980.0,-0.020118435844779,3980.0,-0.0178106110543013,3980.0,0.0306325331330299,3980.0,0.0509904287755489,3980.0,0.0117535591125488
3990.0,-0.0466490015387535,3990.0,-0.0669670477509499,3990.0,-0.0655053183436394,3990.0,-0.0276778414845467,3990.0,-0.0257379859685898,3990.0,-0.0530755892395973,3990.0,-0.0208035949617624,3990.0,-0.0212770365178585,3990.0,-0.0350106805562973,3990.0,-0.0230004787445068,3990.0,-0.0489224530756474,3990.0,-0.0613615587353706,3990.0,-0.0313848815858364,3990.0,0.0129480930045247,3990.0,0.0022214888595044,3990.0,-0.0019668005406856,3990.0,-0.0556232593953609,3990.0,-0.0200293734669685,3990.0,-0.0177457705140114,3990.0,0.030558317899704,3990.0,0.0509310513734818,3990.0,0.01171840634197
4000.0,-0.0465990044176579,4000.0,-0.0669115781784058,4000.0,-0.0654881373047829,4000.0,-0.0275723692029715,4000.0,-0.0257098618894815,4000.0,-0.0529841855168343,4000.0,-0.0207528118044138,4000.0,-0.0212223436683416,4000.0,-0.034970834851265,4000.0,-0.0229411032050848,4000.0,-0.0489201061427593,4000.0,-0.0613545253872871,4000.0,-0.0313786342740059,4000.0,0.0130238812416792,4000.0,0.0022433660924434,4000.0,-0.0019582079257816,4000.0,-0.0556349754333496,4000.0,-0.0199481192976236,4000.0,-0.0178676415234804,4000.0,0.0304817575961351,4000.0,0.0508693307638168,4000.0,0.011684026569128
4010.0,-0.046550564467907,4010.0,-0.0668545514345169,4010.0,-0.0654693841934204,4010.0,-0.0274684615433216,4010.0,-0.0256778337061405,4010.0,-0.0528912134468555,4010.0,-0.0207035914063454,4010.0,-0.0211668778210878,4010.0,-0.0349317751824856,4010.0,-0.0228817258030176,4010.0,-0.048918541520834,4010.0,-0.0613490603864193,4010.0,-0.0313739478588104,4010.0,0.0130973141640425,4010.0,0.002263679401949,4010.0,-0.0019480513874441,4010.0,-0.0556459128856659,4010.0,-0.0198637489229441,4010.0,-0.0177949909120798,4010.0,0.0304075330495834,4010.0,0.0508083999156952,4010.0,0.0116512198001146
4020.0,-0.0465005673468113,4020.0,-0.0668006390333176,4020.0,-0.0654498562216759,4020.0,-0.0273692458868027,4020.0,-0.0256504863500595,4020.0,-0.0527974627912045,4020.0,-0.0206559374928474,4020.0,-0.0211176574230194,4020.0,-0.0348927117884159,4020.0,-0.0228254739195108,4020.0,-0.048918541520834,4020.0,-0.0613467171788216,4020.0,-0.0313716009259224,4020.0,0.0131715387105942,4020.0,0.00228633871302,4020.0,-0.00193945877254,4020.0,-0.0556599758565426,4020.0,-0.0197871867567301,4020.0,-0.0177895165979862,4020.0,0.0303301904350519,4020.0,0.0507451146841049,4020.0,0.0116207497194409
4030.0,-0.0464560352265835,4030.0,-0.0667506381869316,4030.0,-0.0654334500432014,4030.0,-0.0272731482982635,4030.0,-0.0256239268928766,4030.0,-0.0527068413794041,4030.0,-0.0206106267869473,4030.0,-0.0210668742656708,4030.0,-0.0348606780171394,4030.0,-0.0227731317281723,4030.0,-0.0489201061427593,4030.0,-0.0613451525568962,4030.0,-0.0313708186149597,4030.0,0.0132418442517519,4030.0,0.0023050880990922,4030.0,-0.0019324301974847,4030.0,-0.0556732565164566,4030.0,-0.019706716760993,4030.0,-0.0179028026759624,4030.0,0.0302536282688379,4030.0,0.050681047141552,4030.0,0.0115894982591271
4040.0,-0.0464099384844303,4040.0,-0.0666990801692009,4040.0,-0.0654139220714569,4040.0,-0.0271770562976599,4040.0,-0.0255965795367956,4040.0,-0.0526154302060604,4040.0,-0.0205621905624866,4040.0,-0.0210106279700994,4040.0,-0.0348200537264347,4040.0,-0.0227207895368338,4040.0,-0.048918541520834,4040.0,-0.0613420270383358,4040.0,-0.0313684791326523,4040.0,0.01331059448421,4040.0,0.0023269653320312,4040.0,-0.001923055620864,4040.0,-0.0556873232126236,4040.0,-0.0196324922144413,4040.0,-0.0181621741503477,4040.0,0.0301786325871944,4040.0,0.050618551671505,4040.0,0.0115613741800189
4050.0,-0.0463646240532398,4050.0,-0.0666498616337776,4050.0,-0.0653959512710571,4050.0,-0.0270825233310461,4050.0,-0.02557079680264,4050.0,-0.0525287128984928,4050.0,-0.0205145254731178,4050.0,-0.0209629721939564,4050.0,-0.0347786471247673,4050.0,-0.0226700063794851,4050.0,-0.0489193238317966,4050.0,-0.0613412447273731,4050.0,-0.0313692577183247,4050.0,0.0133770080283284,4050.0,0.0023457144852727,4050.0,-0.0019152449676767,4050.0,-0.0556959137320518,4050.0,-0.0195559300482273,4050.0,-0.0182199850678444,4050.0,0.0301036257296801,4050.0,0.0505552664399147,4050.0,0.0115355867892504
4060.0,-0.0463185347616673,4060.0,-0.066599078476429,4060.0,-0.0653779804706573,4060.0,-0.0269879903644323,4060.0,-0.0255426727235317,4060.0,-0.0524412132799625,4060.0,-0.0204660892486572,4060.0,-0.0209051612764597,4060.0,-0.034741148352623,4060.0,-0.0226215682923794,4060.0,-0.0489201061427593,4060.0,-0.061338122934103,4060.0,-0.0313684791326523,4060.0,0.0134402848780155,4060.0,0.0023652457166463,4060.0,-0.0019066429231315,4060.0,-0.0557045079767704,4060.0,-0.0194801520556211,4060.0,-0.0179317090660334,4060.0,0.0300255008041859,4060.0,0.0504880808293819,4060.0,0.0115090273320675
4070.0,-0.0462747849524021,4070.0,-0.0665482953190804,4070.0,-0.0653600096702576,4070.0,-0.0268973670899868,4070.0,-0.0255184546113014,4070.0,-0.0523568391799927,4070.0,-0.0204184334725142,4070.0,-0.020852031186223,4070.0,-0.0347036458551884,4070.0,-0.0225715674459934,4070.0,-0.048920888453722,4070.0,-0.0613349936902523,4070.0,-0.0313669145107269,4070.0,0.0135066891089082,4070.0,0.0023855590261519,4070.0,-0.0018949317745864,4070.0,-0.0557138808071613,4070.0,-0.0194035898894072,4070.0,-0.0180520247668028,4070.0,0.0299551952630281,4070.0,0.0504263564944267,4070.0,0.0114902779459953
4080.0,-0.0462302528321743,4080.0,-0.0664998590946198,4080.0,-0.0653436109423637,4080.0,-0.026809087023139,4080.0,-0.0254926718771458,4080.0,-0.0522740259766579,4080.0,-0.0203699972480536,4080.0,-0.0207981299608946,4080.0,-0.0346614606678486,4080.0,-0.022524693980813,4080.0,-0.0489240102469921,4080.0,-0.0613334365189075,4080.0,-0.0313676968216896,4080.0,0.0135684106498957,4080.0,0.0024058723356574,4080.0,-0.0018847751198336,4080.0,-0.0557045079767704,4080.0,-0.0193121805787086,4080.0,-0.0180746745318174,4080.0,0.0298926923424006,4080.0,0.0503716729581356,4080.0,0.0114785572513938
4090.0,-0.0461857207119465,4090.0,-0.0664514228701591,4090.0,-0.0653303191065788,4090.0,-0.0267239287495613,4090.0,-0.0254700183868408,4090.0,-0.0521935559809208,4090.0,-0.0203231237828732,4090.0,-0.0207465644925833,4090.0,-0.0346216149628162,4090.0,-0.0224762577563524,4090.0,-0.048920888453722,4090.0,-0.0613279677927494,4090.0,-0.0313669145107269,4090.0,0.0136285685002804,4090.0,0.002426957944408,4090.0,-0.0018746184650808,4090.0,-0.0556966960430145,4090.0,-0.0192309282720089,4090.0,-0.018287181854248,4090.0,0.0298278518021107,4090.0,0.0503138639032841,4090.0,0.0114644998684525
4100.0,-0.0461443141102791,4100.0,-0.0664029866456985,4100.0,-0.0653154850006104,4100.0,-0.0266395509243011,4100.0,-0.0254450179636478,4100.0,-0.0521123073995113,4100.0,-0.0202762503176928,4100.0,-0.0206942167133093,4100.0,-0.0345802046358585,4100.0,-0.0224301610141993,4100.0,-0.0489177629351616,4100.0,-0.0613217167556286,4100.0,-0.0313661321997643,4100.0,0.0136895077303052,4100.0,0.0024496172554791,4100.0,-0.0018628978868946,4100.0,-0.0556927844882011,4100.0,-0.0191543661057949,4100.0,-0.018470773473382,4100.0,0.0297598745673895,4100.0,0.0502521395683289,4100.0,0.0114488694816828
4110.0,-0.046102125197649,4110.0,-0.06635532528162,4110.0,-0.065302200615406,4110.0,-0.0265583023428917,4110.0,-0.0254231449216604,4110.0,-0.0520365238189697,4110.0,-0.0202317144721746,4110.0,-0.0206442158669233,4110.0,-0.0345442704856396,4110.0,-0.0223864167928696,4110.0,-0.0489162020385265,4110.0,-0.0613178089261055,4110.0,-0.0313653498888016,4110.0,0.013744973577559,4110.0,0.0024668024852871,4110.0,-0.0018535231938585,4110.0,-0.0556880980730057,4110.0,-0.0190848354250193,4110.0,-0.0185762401670218,4110.0,0.0296903513371944,4110.0,0.0501888655126095,4110.0,0.0114332484081388
4120.0,-0.0460630655288696,4120.0,-0.0663123577833176,4120.0,-0.0652889162302017,4120.0,-0.0264786146581173,4120.0,-0.0254020486027002,4120.0,-0.0519623011350632,4120.0,-0.0201887506991625,4120.0,-0.0205949973315001,4120.0,-0.0345036461949348,4120.0,-0.022342661395669,4120.0,-0.0489169843494892,4120.0,-0.06131312251091,4120.0,-0.0313661321997643,4120.0,0.0138020031154156,4120.0,0.0024871157947927,4120.0,-0.0018433665391057,4120.0,-0.0556841939687729,4120.0,-0.0190129652619362,4120.0,-0.0187043659389019,4120.0,0.0296208187937737,4120.0,0.0501247979700565,4120.0,0.0114191817119718
4130.0,-0.0460240021348,4130.0,-0.0662693902850151,4130.0,-0.0652795359492302,4130.0,-0.0264051761478186,4130.0,-0.0253817364573479,4130.0,-0.0518912114202976,4130.0,-0.0201442148536444,4130.0,-0.0205457769334316,4130.0,-0.0344614610075951,4130.0,-0.0222989078611135,4130.0,-0.0489138551056385,4130.0,-0.0613053068518639,4130.0,-0.0313653498888016,4130.0,0.0138598149642348,4130.0,0.0025074291042983,4130.0,-0.0018300819210708,4130.0,-0.055674035102129,4130.0,-0.0189410876482725,4130.0,-0.0186973381787539,4130.0,0.0295551866292953,4130.0,0.050066202878952,4130.0,0.0114082433283329
4140.0,-0.0459810346364975,4140.0,-0.0662209466099739,4140.0,-0.0652631372213364,4140.0,-0.026327833533287,4140.0,-0.0253559537231922,4140.0,-0.051815427839756,4140.0,-0.0200965590775013,4140.0,-0.0204926580190659,4140.0,-0.0344216153025627,4140.0,-0.0222543813288212,4140.0,-0.0489138551056385,4140.0,-0.0613021850585938,4140.0,-0.0313669145107269,4140.0,0.0139129441231489,4140.0,0.0025253961794078,4140.0,-0.0018207072280347,4140.0,-0.0556662268936634,4140.0,-0.0188699904829264,4140.0,-0.0186285879462957,4140.0,0.0294887814670801,4140.0,0.050003707408905,4140.0,0.0113965319469571
4150.0,-0.0459474362432957,4150.0,-0.0661803260445595,4150.0,-0.0652529820799828,4150.0,-0.0262575186789036,4150.0,-0.0253356397151947,4150.0,-0.0517443343997002,4150.0,-0.0200551506131887,4150.0,-0.0204450022429228,4150.0,-0.0343872383236885,4150.0,-0.0222129728645086,4150.0,-0.0489122942090034,4150.0,-0.0612982772290707,4150.0,-0.0313692577183247,4150.0,0.0139645095914602,4150.0,0.0025410270318388,4150.0,-0.0018105506896972,4150.0,-0.0556560680270195,4150.0,-0.0187988951802254,4150.0,-0.0187246799468994,4150.0,0.0294215958565474,4150.0,0.0499419867992401,4150.0,0.0113848112523556
4160.0,-0.0459068156778812,4160.0,-0.0661381408572197,4160.0,-0.0652412623167038,4160.0,-0.0261887684464455,4160.0,-0.025316109880805,4160.0,-0.0516748018562794,4160.0,-0.0200114063918591,4160.0,-0.0203965567052364,4160.0,-0.0343419276177883,4160.0,-0.0221715644001961,4160.0,-0.0489443242549896,4160.0,-0.0612943731248379,4160.0,-0.0313708186149597,4160.0,0.0140137290582061,4160.0,0.0025566481053829,4160.0,-0.0017996119568124,4160.0,-0.0556404441595078,4160.0,-0.0187254622578621,4160.0,-0.0188356209546328,4160.0,0.0293583106249571,4160.0,0.0498833917081356,4160.0,0.0113754365593195
4170.0,-0.045872438699007,4170.0,-0.0660998597741127,4170.0,-0.0652326643466949,4170.0,-0.0261239279061556,4170.0,-0.0252973604947329,4170.0,-0.051610741764307,4170.0,-0.0199723429977894,4170.0,-0.0203528106212616,4170.0,-0.0343036465346813,4170.0,-0.0221278183162212,4170.0,-0.0489115118980408,4170.0,-0.0612881220877171,4170.0,-0.0313716009259224,4170.0,0.014063729904592,4170.0,0.0025761793367564,4170.0,-0.0017894554184749,4170.0,-0.0556255988776684,4170.0,-0.0186543650925159,4170.0,-0.0190168656408787,4170.0,0.0292958151549101,4170.0,0.0498240180313587,4170.0,0.0113676255568862
4180.0,-0.0458341576159,4180.0,-0.0660600140690804,4180.0,-0.0652217268943787,4180.0,-0.0260567367076874,4180.0,-0.0252786111086607,4180.0,-0.0515443347394466,4180.0,-0.0199293699115515,4180.0,-0.020304374396801,4180.0,-0.0342583321034908,4180.0,-0.0220840647816658,4180.0,-0.0489044785499573,4180.0,-0.0612810887396336,4180.0,-0.0313723832368851,4180.0,0.0141121670603752,4180.0,0.0025933741126209,4180.0,-0.0017769621917977,4180.0,-0.0556052848696709,4180.0,-0.0185778047889471,4180.0,-0.0190637391060591,4180.0,0.0292372219264507,4180.0,0.0497677698731422,4180.0,0.0113629335537553
4190.0,-0.0457966551184654,4190.0,-0.0660178288817406,4190.0,-0.0652107894420624,4190.0,-0.02599111571908,4190.0,-0.0252559557557106,4190.0,-0.0514771454036236,4190.0,-0.0198864080011845,4190.0,-0.020254373550415,4190.0,-0.0342169292271137,4190.0,-0.0220418833196163,4190.0,-0.0489005744457245,4190.0,-0.061274841427803,4190.0,-0.0313747264444828,4190.0,0.0141574759036303,4190.0,0.0026121234986931,4190.0,-0.0017668056534603,4190.0,-0.0555841960012913,4190.0,-0.0185020249336958,4190.0,-0.0191340539604425,4190.0,0.0291762817651033,4190.0,0.0497099570930004,4190.0,0.0113566871732473
4200.0,-0.0457622818648815,4200.0,-0.0659787654876709,4200.0,-0.0652006343007088,4200.0,-0.0259309578686953,4200.0,-0.0252379849553108,4200.0,-0.0514169931411743,4200.0,-0.0198481176048517,4200.0,-0.0202082823961973,4200.0,-0.0341747365891933,4200.0,-0.0219989102333784,4200.0,-0.0488974526524544,4200.0,-0.0612685903906822,4200.0,-0.0313762910664082,4200.0,0.0142051307484508,4200.0,0.0026293087285012,4200.0,-0.0017574309604242,4200.0,-0.0555646643042564,4200.0,-0.0184317100793123,4200.0,-0.0191567130386829,4200.0,0.0291145611554384,4200.0,0.049652136862278,4200.0,0.0113512128591537
4210.0,-0.0457302518188953,4210.0,-0.0659428313374519,4210.0,-0.0651920363306999,4210.0,-0.0258708000183105,4210.0,-0.025218453258276,4210.0,-0.0513560511171818,4210.0,-0.0198090542107821,4210.0,-0.0201621819287539,4210.0,-0.0341333337128162,4210.0,-0.0219582840800285,4210.0,-0.0488966703414917,4210.0,-0.0612654685974121,4210.0,-0.0313786342740059,4210.0,0.014233254827559,4210.0,0.0026433658786118,4210.0,-0.0017472743056714,4210.0,-0.0555466935038567,4210.0,-0.0183645244687796,4210.0,-0.0192567147314548,4210.0,0.0290536303073168,4210.0,0.049591988325119,4210.0,0.0113441841676831
4220.0,-0.0456958748400211,4220.0,-0.065905325114727,4220.0,-0.0651811063289642,4220.0,-0.0258129872381687,4220.0,-0.0252020489424467,4220.0,-0.0512958951294422,4220.0,-0.0197692103683949,4220.0,-0.0201168730854988,4220.0,-0.0340911410748959,4220.0,-0.0219121929258108,4220.0,-0.0488912016153336,4220.0,-0.0612592175602913,4220.0,-0.0313778519630432,4220.0,0.0142527865245938,4220.0,0.0026621150318533,4220.0,-0.0017371177673339,4220.0,-0.0555263794958591,4220.0,-0.0182973388582468,4220.0,-0.0192168708890676,4220.0,0.0289926901459694,4220.0,0.0495333932340145,4220.0,0.0113371564075351
4230.0,-0.0456630662083626,4230.0,-0.06586704403162,4230.0,-0.0651717260479927,4230.0,-0.025755176320672,4230.0,-0.025180172175169,4230.0,-0.0512365251779556,4230.0,-0.0197285935282707,4230.0,-0.0200707819312811,4230.0,-0.0340481735765934,4230.0,-0.0218700021505356,4230.0,-0.0488888546824455,4230.0,-0.0612514019012451,4230.0,-0.0313809774816036,4230.0,0.0142723172903061,4230.0,0.0026777456514537,4230.0,-0.0017269611125811,4230.0,-0.055507630109787,4230.0,-0.0182340517640114,4230.0,-0.0194481182843447,4230.0,0.0289301872253418,4230.0,0.0494732372462749,4230.0,0.0113316820934415
4240.0,-0.0456294678151608,4240.0,-0.0658318921923637,4240.0,-0.0651623532176018,4240.0,-0.0257004871964455,4240.0,-0.0251598581671715,4240.0,-0.0511779263615608,4240.0,-0.0196879673749208,4240.0,-0.0200270265340805,4240.0,-0.0340028628706932,4240.0,-0.021828593686223,4240.0,-0.0488833896815777,4240.0,-0.0612428076565266,4240.0,-0.0313809774816036,4240.0,0.0142934126779437,4240.0,0.0026957129593938,4240.0,-0.0017160224961116,4240.0,-0.0554865337908268,4240.0,-0.0181653015315533,4240.0,-0.0194809343665838,4240.0,0.0288739390671253,4240.0,0.0494169779121876,4240.0,0.0113269994035363
4250.0,-0.0455927513539791,4250.0,-0.065790481865406,4250.0,-0.0651490762829781,4250.0,-0.0256418939679861,4250.0,-0.0251379869878292,4250.0,-0.0511138662695885,4250.0,-0.0196457765996456,4250.0,-0.0199754610657692,4250.0,-0.0339544229209423,4250.0,-0.0217848494648933,4250.0,-0.048880260437727,4250.0,-0.0612349957227707,4250.0,-0.031382542103529,4250.0,0.0143129443749785,4250.0,0.0027144621126353,4250.0,-0.0017074298812076,4250.0,-0.0554599761962891,4250.0,-0.0180973336100578,4250.0,-0.0195504669100046,4250.0,0.0288161262869835,4250.0,0.0493607334792614,4250.0,0.0113262170925736
4260.0,-0.0455599389970303,4260.0,-0.0657545477151871,4260.0,-0.0651412606239319,4260.0,-0.0255911108106375,4260.0,-0.025120796635747,4260.0,-0.0510583966970444,4260.0,-0.0196074955165386,4260.0,-0.0199293699115515,4260.0,-0.0339145809412003,4260.0,-0.021745003759861,4260.0,-0.0488794781267643,4260.0,-0.0612303093075752,4260.0,-0.0313880108296871,4260.0,0.0143254464492202,4260.0,0.0027316473424434,4260.0,-0.0016988372663036,4260.0,-0.0554357580840588,4260.0,-0.0180285833775997,4260.0,-0.0196028035134077,4260.0,0.0287598706781864,4260.0,0.0493037030100822,4260.0,0.0113230897113681
4270.0,-0.0455263406038284,4270.0,-0.0657170489430428,4270.0,-0.0651311054825783,4270.0,-0.0255379863083363,4270.0,-0.0251043941825628,4270.0,-0.0510005839169025,4270.0,-0.0195668693631887,4270.0,-0.0198840610682964,4270.0,-0.0338770821690559,4270.0,-0.0217035952955484,4270.0,-0.0488755740225315,4270.0,-0.0612232759594917,4270.0,-0.0313919149339199,4270.0,0.0143395038321614,4270.0,0.0027480602730065,4270.0,-0.0016902446513995,4270.0,-0.0554130971431732,4270.0,-0.017966078594327,4270.0,-0.0197903048247099,4270.0,0.0287012755870819,4270.0,0.0492443256080151,4270.0,0.0113191790878773
4280.0,-0.0454927496612072,4280.0,-0.0656795427203178,4280.0,-0.0651209503412247,4280.0,-0.025488767772913,4280.0,-0.0250817332416773,4280.0,-0.0509451143443584,4280.0,-0.0195278059691191,4280.0,-0.0198356248438358,4280.0,-0.0338372364640236,4280.0,-0.0216614045202732,4280.0,-0.0488740094006062,4280.0,-0.0612154677510262,4280.0,-0.0313950404524803,4280.0,0.0143543528392911,4280.0,0.0027644634246826,4280.0,-0.0016832065302878,4280.0,-0.0553943477571011,4280.0,-0.0179067030549049,4280.0,-0.0198207758367062,4280.0,0.0286442469805479,4280.0,0.0491880774497986,4280.0,0.0113160610198975
4290.0,-0.0454591549932957,4290.0,-0.0656436011195183,4290.0,-0.0651131346821785,4290.0,-0.0254411119967699,4290.0,-0.0250676721334457,4290.0,-0.0508935488760471,4290.0,-0.0194879621267319,4290.0,-0.0197895243763924,4290.0,-0.0337997376918793,4290.0,-0.0216200053691864,4290.0,-0.0488732345402241,4290.0,-0.0612099952995777,4290.0,-0.0313989445567131,4290.0,0.0143691916018724,4290.0,0.0027785301208496,4290.0,-0.0016761779552325,4290.0,-0.0553709119558334,4290.0,-0.0178473368287086,4290.0,-0.0198246855288744,4290.0,0.0285856518894434,4290.0,0.0491287037730217,4290.0,0.0113121503964067
4300.0,-0.0454271249473095,4300.0,-0.0656076669692993,4300.0,-0.065106101334095,4300.0,-0.0253918934613466,4300.0,-0.0250520464032888,4300.0,-0.0508435517549515,4300.0,-0.0194504633545876,4300.0,-0.0197465606033802,4300.0,-0.03376379981637,4300.0,-0.0215809438377619,4300.0,-0.0488724522292614,4300.0,-0.0612021796405315,4300.0,-0.0314028523862362,4300.0,0.0143856042996049,4300.0,0.0027925872709602,4300.0,-0.0016699313418939,4300.0,-0.0553505979478359,4300.0,-0.0177856162190437,4300.0,-0.0198512449860573,4300.0,0.0285286232829094,4300.0,0.0490716733038425,4300.0,0.0113105867058039
4310.0,-0.0453966557979584,4310.0,-0.0655740723013878,4310.0,-0.0650982931256294,4310.0,-0.0253450144082308,4310.0,-0.0250332970172167,4310.0,-0.0507951155304909,4310.0,-0.0194137468934059,4310.0,-0.0197020247578621,4310.0,-0.0337270759046078,4310.0,-0.0215418804436922,4310.0,-0.048866979777813,4310.0,-0.0611904673278332,4310.0,-0.0314036309719086,4310.0,0.0144012253731489,4310.0,0.0028066539671272,4310.0,-0.0016621112590655,4310.0,-0.0553287267684937,4310.0,-0.0177278034389019,4310.0,-0.0197137445211411,4310.0,0.0284708105027676,4310.0,0.0490122959017754,4310.0,0.0113059040158987
4320.0,-0.0453677512705326,4320.0,-0.0655420422554016,4320.0,-0.0650935992598534,4320.0,-0.0253004878759384,4320.0,-0.0250176712870598,4320.0,-0.050748236477375,4320.0,-0.0193770211189985,4320.0,-0.0196598432958126,4320.0,-0.0336911417543888,4320.0,-0.0215051546692848,4320.0,-0.0488646365702152,4320.0,-0.0611787438392639,4320.0,-0.0314067602157593,4320.0,0.0144160743802786,4320.0,0.0028214931953698,4320.0,-0.0016550826840102,4320.0,-0.0553123168647289,4320.0,-0.0176738929003477,4320.0,-0.019666088744998,4320.0,0.0284114349633455,4320.0,0.0489537045359612,4320.0,0.0113027757033706
4330.0,-0.0453388430178165,4330.0,-0.0655092298984528,4330.0,-0.0650865733623505,4330.0,-0.0252559557557106,4330.0,-0.0250012669712305,4330.0,-0.0506990179419518,4330.0,-0.0193403046578169,4330.0,-0.0196176525205374,4330.0,-0.0336536392569542,4330.0,-0.0214645378291607,4330.0,-0.0488622933626175,4330.0,-0.0611709356307983,4330.0,-0.0314106643199921,4330.0,0.0144316954538226,4330.0,0.0028363417368382,4330.0,-0.0016464900691062,4330.0,-0.0552966929972172,4330.0,-0.0176215544342995,4330.0,-0.0197676550596952,4330.0,0.0283520594239235,4330.0,0.0488927625119686,4330.0,0.0112973116338253
4340.0,-0.0453075915575027,4340.0,-0.0654756352305412,4340.0,-0.0650787651538849,4340.0,-0.0252114236354828,4340.0,-0.0249856412410736,4340.0,-0.0506505817174911,4340.0,-0.0193035881966352,4340.0,-0.0195746794342995,4340.0,-0.0336184874176979,4340.0,-0.0214246939867735,4340.0,-0.0488599464297295,4340.0,-0.0611615590751171,4340.0,-0.0314153507351875,4340.0,0.0144449798390269,4340.0,0.0028480624314397,4340.0,-0.0016417979495599,4340.0,-0.0552810654044151,4340.0,-0.0175699889659882,4340.0,-0.0198340602219105,4340.0,0.0282919015735388,4340.0,0.048832606524229,4340.0,0.0112918373197317
4350.0,-0.045278687030077,4350.0,-0.0654404833912849,4350.0,-0.065070167183876,4350.0,-0.0251676738262177,4350.0,-0.0249684527516365,4350.0,-0.0506037063896656,4350.0,-0.0192668717354536,4350.0,-0.0195293705910444,4350.0,-0.033584114164114,4350.0,-0.0213832855224609,4350.0,-0.0488544777035713,4350.0,-0.0611521862447262,4350.0,-0.0314169153571129,4350.0,0.0144621655344963,4350.0,0.0028605556581169,4350.0,-0.0016347693745046,4350.0,-0.055262316018343,4350.0,-0.017516078427434,4350.0,-0.0198637489229441,4350.0,0.028236435726285,4350.0,0.0487747937440872,4350.0,0.0112902736291289
4360.0,-0.0452466532588005,4360.0,-0.0654068812727928,4360.0,-0.0650607943534851,4360.0,-0.0251270476728678,4360.0,-0.0249504838138819,4360.0,-0.0505537055432796,4360.0,-0.0192278102040291,4360.0,-0.019482497125864,4360.0,-0.0335512980818748,4360.0,-0.0213450044393539,4360.0,-0.0488521382212639,4360.0,-0.0611435882747173,4360.0,-0.0314231626689434,4360.0,0.0144770042970777,4360.0,0.0028714942745864,4360.0,-0.0016285228775814,4360.0,-0.0552427843213081,4360.0,-0.0174621772021055,4360.0,-0.0199965573847294,4360.0,0.028179407119751,4360.0,0.0487169809639454,4360.0,0.0112879369407892
4370.0,-0.0452185273170471,4370.0,-0.0653771981596947,4370.0,-0.065056100487709,4370.0,-0.0250872038304806,4370.0,-0.0249364227056503,4370.0,-0.0505107380449772,4370.0,-0.0191934294998646,4370.0,-0.0194403063505888,4370.0,-0.033518485724926,4370.0,-0.0213051605969667,4370.0,-0.0488497912883759,4370.0,-0.0611365586519241,4370.0,-0.0314278565347195,4370.0,0.0144941993057728,4370.0,0.0028832149691879,4370.0,-0.0016230487963184,4370.0,-0.055224034935236,4370.0,-0.017405929043889,4370.0,-0.0199832823127508,4370.0,0.0281262770295143,4370.0,0.048661507666111,4370.0,0.0112887192517519
4380.0,-0.0451888404786587,4380.0,-0.0653436109423637,4380.0,-0.0650498569011688,4380.0,-0.0250465776771307,4380.0,-0.0249215792864561,4380.0,-0.0504646450281143,4380.0,-0.0191598404198885,4380.0,-0.0193965528160334,4380.0,-0.0334848910570145,4380.0,-0.0212645344436169,4380.0,-0.048844326287508,4380.0,-0.0611256211996078,4380.0,-0.0314325429499149,4380.0,0.0145098203793168,4380.0,0.0028910255059599,4380.0,-0.0016191481845453,4380.0,-0.0552052855491638,4380.0,-0.0173512361943722,4380.0,-0.0200176518410444,4380.0,0.0280708111822605,4380.0,0.0486044771969318,4380.0,0.0112879369407892
4390.0,-0.0451607182621956,4390.0,-0.0653123557567596,4390.0,-0.0650428235530853,4390.0,-0.0250090789049864,4390.0,-0.0249075163155794,4390.0,-0.0504232347011566,4390.0,-0.0191270243376493,4390.0,-0.0193543713539839,4390.0,-0.0334513001143932,4390.0,-0.0212239064276218,4390.0,-0.0488380752503872,4390.0,-0.0611162446439266,4390.0,-0.0314372293651104,4390.0,0.014528569765389,4390.0,0.002900400198996,4390.0,-0.0016144561814144,4390.0,-0.0551865361630917,4390.0,-0.0173004530370235,4390.0,-0.0201379675418139,4390.0,0.028017682954669,4390.0,0.0485513582825661,4390.0,0.0112894913181663
4400.0,-0.0451310276985168,4400.0,-0.0652818828821182,4400.0,-0.0650373548269272,4400.0,-0.0249707978218794,4400.0,-0.0248950142413378,4400.0,-0.0503794848918915,4400.0,-0.0190918724983931,4400.0,-0.0193098355084658,4400.0,-0.0334184840321541,4400.0,-0.0211887545883656,4400.0,-0.0488380752503872,4400.0,-0.0611092112958431,4400.0,-0.0314434766769409,4400.0,0.0145434187725186,4400.0,0.0029097746592015,4400.0,-0.0016089915297925,4400.0,-0.0551646612584591,4400.0,-0.0172395221889019,4400.0,-0.0199512485414743,4400.0,0.027967682108283,4400.0,0.0484982281923294,4400.0,0.0112934010103345
4410.0,-0.0451021231710911,4410.0,-0.0652506351470947,4410.0,-0.065031886100769,4410.0,-0.024934858083725,4410.0,-0.0248801708221436,4410.0,-0.0503396391868591,4410.0,-0.0190590564161539,4410.0,-0.0192707721143961,4410.0,-0.0333872362971306,4410.0,-0.0211551561951637,4410.0,-0.0488333888351917,4410.0,-0.0611006207764149,4410.0,-0.031447384506464,4410.0,0.0145613858476281,4410.0,0.0029168128967285,4410.0,-0.0016082095680758,4410.0,-0.0551427863538265,4410.0,-0.0171895213425159,4410.0,-0.0199231244623661,4410.0,0.0279161259531975,4410.0,0.0484435446560383,4410.0,0.0112934010103345
4420.0,-0.0450755581259727,4420.0,-0.0652225092053413,4420.0,-0.0650279819965363,4420.0,-0.0249020475894213,4420.0,-0.0248668901622295,4420.0,-0.0503013581037521,4420.0,-0.0190293695777655,4420.0,-0.0192285906523466,4420.0,-0.0333567671477795,4420.0,-0.0211215689778328,4420.0,-0.048830259591341,4420.0,-0.061092808842659,4420.0,-0.0314536318182945,4420.0,0.0145785706117749,4420.0,0.0029230595100671,4420.0,-0.0016027354868128,4420.0,-0.0551232546567917,4420.0,-0.017137173563242,4420.0,-0.0198770239949226,4420.0,0.0278653427958488,4420.0,0.0483896322548389,4420.0,0.0112965293228626
4430.0,-0.0450497791171074,4430.0,-0.0651951655745506,4430.0,-0.0650240704417229,4430.0,-0.0248692370951176,4430.0,-0.0248551703989506,4430.0,-0.0502638630568981,4430.0,-0.0190004631876945,4430.0,-0.0191895291209221,4430.0,-0.0333255156874657,4430.0,-0.0210887528955936,4430.0,-0.0488287024199963,4430.0,-0.0610857754945755,4430.0,-0.0314591005444527,4430.0,0.0145973199978471,4430.0,0.002930087968707,4430.0,-0.0015996169531717,4430.0,-0.0551045015454292,4430.0,-0.0170879550278187,4430.0,-0.019813746213913,4430.0,0.0278145596385002,4430.0,0.0483372956514359,4430.0,0.0113004297018051
4440.0,-0.0450271219015121,4440.0,-0.0651701688766479,4440.0,-0.0650201663374901,4440.0,-0.0248364210128784,4440.0,-0.0248411074280739,4440.0,-0.0502271391451359,4440.0,-0.0189723391085863,4440.0,-0.0191504657268524,4440.0,-0.0332919210195541,4440.0,-0.0210559368133545,4440.0,-0.0488232299685478,4440.0,-0.0610779635608196,4440.0,-0.0314669162034988,4440.0,0.0146152870729566,4440.0,0.0029378985054791,4440.0,-0.0015972709516063,4440.0,-0.0550818480551243,4440.0,-0.0170317068696022,4440.0,-0.0195965580642223,4440.0,0.0277676861733198,4440.0,0.0482865124940872,4440.0,0.011305121704936
4450.0,-0.0450029037892818,4450.0,-0.065142035484314,4450.0,-0.0650162622332573,4450.0,-0.0248036086559296,4450.0,-0.024827828630805,4450.0,-0.050192765891552,4450.0,-0.0189418699592352,4450.0,-0.0191106218844652,4450.0,-0.0332606732845306,4450.0,-0.0210223477333784,4450.0,-0.0488255731761456,4450.0,-0.0610685907304287,4450.0,-0.0314716063439846,4450.0,0.0146324820816517,4450.0,0.0029449367430061,4450.0,-0.0015941428719088,4450.0,-0.0550607517361641,4450.0,-0.0169824883341789,4450.0,-0.0195942111313343,4450.0,0.0277200303971767,4450.0,0.0482357293367386,4450.0,0.0113098043948412
4460.0,-0.0449755601584911,4460.0,-0.0651123523712158,4460.0,-0.0650092288851738,4460.0,-0.0247723571956158,4460.0,-0.0248137656599283,4460.0,-0.0501505807042122,4460.0,-0.0189098361879587,4460.0,-0.019070778042078,4460.0,-0.0332255177199841,4460.0,-0.0209895316511393,4460.0,-0.048816978931427,4460.0,-0.0610623396933079,4460.0,-0.0314778499305248,4460.0,0.0146527858451009,4460.0,0.0029527472797781,4460.0,-0.0015918064163997,4460.0,-0.0550373159348965,4460.0,-0.0169285777956247,4460.0,-0.0193332768976688,4460.0,0.0276754945516586,4460.0,0.0481865108013153,4460.0,0.0113160610198975
4470.0,-0.0449505597352982,4470.0,-0.0650865733623505,4470.0,-0.0650053173303604,4470.0,-0.0247411094605923,4470.0,-0.0248020458966494,4470.0,-0.0501146391034126,4470.0,-0.0188817121088505,4470.0,-0.0190317146480083,4470.0,-0.0331927053630352,4470.0,-0.0209559332579374,4470.0,-0.0488138571381569,4470.0,-0.0610537454485893,4470.0,-0.031483318656683,4470.0,0.014669980853796,4470.0,0.0029574297368526,4470.0,-0.001590242376551,4470.0,-0.0550185665488243,4470.0,-0.016882486641407,4470.0,-0.0192942135035992,4470.0,0.0276254937052727,4470.0,0.048132598400116,4470.0,0.0113184070214629
4480.0,-0.0449279025197029,4480.0,-0.0650631338357925,4480.0,-0.0650045424699783,4480.0,-0.0247122049331665,4480.0,-0.0247903298586607,4480.0,-0.0500802658498287,4480.0,-0.0188551507890224,4480.0,-0.0189957711845636,4480.0,-0.0331606715917587,4480.0,-0.020926246419549,4480.0,-0.0488115102052689,4480.0,-0.0610474944114685,4480.0,-0.0314911343157291,4480.0,0.0146902939304709,4480.0,0.0029621219728142,4480.0,-0.0015910243382677,4480.0,-0.0549959130585194,4480.0,-0.0168317034840584,4480.0,-0.0190762411803007,4480.0,0.0275825299322605,4480.0,0.0480841621756554,4480.0,0.0113254357129335
4490.0,-0.0449029058218002,4490.0,-0.0650365725159645,4490.0,-0.0649998560547829,4490.0,-0.0246825162321329,4490.0,-0.0247770454734564,4490.0,-0.0500419847667217,4490.0,-0.0188270285725594,4490.0,-0.0189653001725674,4490.0,-0.0331286415457726,4490.0,-0.0208981223404408,4490.0,-0.0488083884119987,4490.0,-0.061040461063385,4490.0,-0.0314981639385223,4490.0,0.0147082610055804,4490.0,0.0029652500525116,4490.0,-0.001589460298419,4490.0,-0.0549748167395592,4490.0,-0.0167863946408033,4490.0,-0.0190246775746346,4490.0,0.0275379940867424,4490.0,0.0480333901941776,4490.0,0.0113301174715161
4500.0,-0.04488180950284,4500.0,-0.0650131329894066,4500.0,-0.0649982914328575,4500.0,-0.0246551707386971,4500.0,-0.0247684512287378,4500.0,-0.0500091724097729,4500.0,-0.0188035871833563,4500.0,-0.0189293660223484,4500.0,-0.0330973900854588,4500.0,-0.02086609788239,4500.0,-0.0488060414791107,4500.0,-0.0610334351658821,4500.0,-0.0315067581832409,4500.0,0.0147262280806899,4500.0,0.0029683683533221,4500.0,-0.001590242376551,4500.0,-0.0549545027315617,4500.0,-0.0167309176176786,4500.0,-0.0190910901874304,4500.0,0.0274958033114672,4500.0,0.0479849502444267,4500.0,0.0113394921645522
4510.0,-0.0448599345982075,4510.0,-0.0649912655353546,4510.0,-0.0649975091218948,4510.0,-0.024628609418869,4510.0,-0.0247575137764215,4510.0,-0.0499794855713844,4510.0,-0.0187785904854536,4510.0,-0.0188918672502041,4510.0,-0.0330645777285099,4510.0,-0.0208317171782255,4510.0,-0.0488013550639153,4510.0,-0.0610256232321262,4510.0,-0.0315130092203617,4510.0,0.0147457597777247,4510.0,0.0029714964330196,4510.0,-0.0015878962585702,4510.0,-0.054928719997406,4510.0,-0.0166793633252382,4510.0,-0.0190137475728989,4510.0,0.027455186471343,4510.0,0.0479404143989086,4510.0,0.0113473124802113
4520.0,-0.0448419637978077,4520.0,-0.0649717301130295,4520.0,-0.0649967268109322,4520.0,-0.0246043913066387,4520.0,-0.0247497037053108,4520.0,-0.049949798732996,4520.0,-0.0187582783401012,4520.0,-0.0188574884086847,4520.0,-0.0330341085791588,4520.0,-0.0208035949617624,4520.0,-0.0488021373748779,4520.0,-0.0610178075730801,4520.0,-0.0315200425684452,4520.0,0.0147637268528342,4520.0,0.0029738426674157,4520.0,-0.0015878962585702,4520.0,-0.0549084097146988,4520.0,-0.0166340451687574,4520.0,-0.018959054723382,4520.0,0.0274122133851051,4520.0,0.0478865131735802,4520.0,0.0113535588607192
4530.0,-0.0448255576193333,4530.0,-0.0649529844522476,4530.0,-0.0649982914328575,4530.0,-0.0245793908834457,4530.0,-0.0247395467013121,4530.0,-0.0499177686870098,4530.0,-0.0187324900180101,4530.0,-0.018823117017746,4530.0,-0.0330044217407703,4530.0,-0.0207739062607288,4530.0,-0.0487997941672802,4530.0,-0.0610076524317265,4530.0,-0.0315270684659481,4530.0,0.0147801302373409,4530.0,0.0029761791229248,4530.0,-0.0015878962585702,4530.0,-0.0548873171210289,4530.0,-0.0165840424597263,4530.0,-0.0190121829509735,4530.0,0.0273723695427179,4530.0,0.0478411950170994,4530.0,0.0113613698631525
4540.0,-0.0447982139885426,4540.0,-0.064926415681839,4540.0,-0.0649928227066994,4540.0,-0.0245497021824121,4540.0,-0.024726266041398,4540.0,-0.0498818308115005,4540.0,-0.0187067128717899,4540.0,-0.0187817085534334,4540.0,-0.0329723879694939,4540.0,-0.020742654800415,4540.0,-0.0487943254411221,4540.0,-0.0609982758760452,4540.0,-0.0315341018140316,4540.0,0.0147988889366388,4540.0,0.0029785251244902,4540.0,-0.0015878962585702,4540.0,-0.0548670031130314,4540.0,-0.0165356062352657,4540.0,-0.0191410910338163,4540.0,0.0273317433893681,4540.0,0.0477958843111992,4540.0,0.0113715268671513
4550.0,-0.0447739958763123,4550.0,-0.0648990720510483,4550.0,-0.0649889186024666,4550.0,-0.0245207976549864,4550.0,-0.0247122049331665,4550.0,-0.0498466715216637,4550.0,-0.0186817068606615,4550.0,-0.0187426470220089,4550.0,-0.032941922545433,4550.0,-0.0207145307213068,4550.0,-0.0487904213368893,4550.0,-0.0609889030456543,4550.0,-0.0315419137477875,4550.0,0.0148160737007856,4550.0,0.0029793072026222,4550.0,-0.0015863323351368,4550.0,-0.0548466891050339,4550.0,-0.0164918601512909,4550.0,-0.019070778042078,4550.0,0.0272926799952984,4550.0,0.0477505661547184,4550.0,0.0113801192492247
4560.0,-0.0447513423860073,4560.0,-0.0648740753531456,4560.0,-0.0649850144982338,4560.0,-0.0244934502989054,4560.0,-0.024702824652195,4560.0,-0.0498154200613499,4560.0,-0.0186582747846842,4560.0,-0.0187059305608273,4560.0,-0.0329122357070446,4560.0,-0.0206864066421986,4560.0,-0.0487880744040012,4560.0,-0.0609787441790104,4560.0,-0.031548947095871,4560.0,0.0148324770852923,4560.0,0.0029785251244902,4560.0,-0.0015878962585702,4560.0,-0.0548295043408871,4560.0,-0.0164488889276981,4560.0,-0.0189739037305117,4560.0,0.0272512715309858,4560.0,0.0477021299302578,4560.0,0.011387157253921
4570.0,-0.0447302460670471,4570.0,-0.064852200448513,4570.0,-0.0649834498763084,4570.0,-0.0244692321866751,4570.0,-0.0246911086142063,4570.0,-0.0497841723263264,4570.0,-0.0186379626393318,4570.0,-0.018670778721571,4570.0,-0.0328833274543285,4570.0,-0.0206598471850157,4570.0,-0.0487857274711132,4570.0,-0.0609732754528522,4570.0,-0.0315583236515522,4570.0,0.014848880469799,4570.0,0.0029754065908491,4570.0,-0.001589460298419,4570.0,-0.0548162199556828,4570.0,-0.0164113901555538,4570.0,-0.0190356150269508,4570.0,0.0272090900689363,4570.0,0.0476536937057972,4570.0,0.0113941859453917
4580.0,-0.0447091534733772,4580.0,-0.0648303180932999,4580.0,-0.0649826675653458,4580.0,-0.0244457963854074,4580.0,-0.0246825162321329,4580.0,-0.0497568249702454,4580.0,-0.0186231136322021,4580.0,-0.0186363980174065,4580.0,-0.0328552015125751,4580.0,-0.0206309407949448,4580.0,-0.0487841702997684,4580.0,-0.0609654635190964,4580.0,-0.0315661318600178,4580.0,0.0148652931675315,4580.0,0.0029769609682261,4580.0,-0.001590242376551,4580.0,-0.0548013783991337,4580.0,-0.0163762383162975,4580.0,-0.0192988961935043,4580.0,0.0271676816046238,4580.0,0.0476052574813366,4580.0,0.0113980863243341
4590.0,-0.0446919687092304,4590.0,-0.06480922549963,4590.0,-0.0649811029434204,4590.0,-0.024421576410532,4590.0,-0.0246715787798166,4590.0,-0.0497263595461845,4590.0,-0.0185988992452621,4590.0,-0.0186004638671875,4590.0,-0.0328255109488964,4590.0,-0.0206035897135735,4590.0,-0.0487818233668804,4590.0,-0.0609584301710129,4590.0,-0.0315731652081013,4590.0,0.014883260242641,4590.0,0.0029761791229248,4590.0,-0.001589460298419,4590.0,-0.0547826290130615,4590.0,-0.0163332652300596,4590.0,-0.0193746853619814,4590.0,0.0271294023841619,4590.0,0.0475591644644737,4590.0,0.0114098070189357
4600.0,-0.0446685254573822,4600.0,-0.0647857934236526,4600.0,-0.0649779811501503,4600.0,-0.0243981406092644,4600.0,-0.0246629845350981,4600.0,-0.0496997982263565,4600.0,-0.0185778047889471,4600.0,-0.0185668654739857,4600.0,-0.0327973887324333,4600.0,-0.0205762479454279,4600.0,-0.0487802624702454,4600.0,-0.0609521791338921,4600.0,-0.0315817594528198,4600.0,0.0148996636271477,4600.0,0.0029738426674157,4600.0,-0.001590242376551,4600.0,-0.0547685660421848,4600.0,-0.0162949841469526,4600.0,-0.0193848423659801,4600.0,0.0270919036120176,4600.0,0.0475154109299183,4600.0,0.0114183994010091
4610.0,-0.0446489937603474,4610.0,-0.0647631362080574,4610.0,-0.0649771988391876,4610.0,-0.0243746992200613,4610.0,-0.024653609842062,4610.0,-0.0496740154922009,4610.0,-0.0185574907809496,4610.0,-0.0185317136347294,4610.0,-0.0327700451016426,4610.0,-0.0205481238663197,4610.0,-0.048777136951685,4610.0,-0.0609435886144638,4610.0,-0.0315887928009033,4610.0,0.0149184130132198,4610.0,0.0029738426674157,4610.0,-0.0015910243382677,4610.0,-0.0547552853822708,4610.0,-0.0162606053054333,4610.0,-0.0193864051252604,4610.0,0.0270497128367424,4610.0,0.0474654100835323,4610.0,0.0114238737151027
4620.0,-0.0446302443742752,4620.0,-0.0647412538528442,4620.0,-0.0649748519062996,4620.0,-0.0243536084890366,4620.0,-0.0246450137346983,4620.0,-0.0496490150690079,4620.0,-0.0185387413948774,4620.0,-0.0184981152415276,4620.0,-0.0327427014708519,4620.0,-0.0205215644091368,4620.0,-0.0487740114331245,4620.0,-0.0609365589916706,4620.0,-0.0315966010093689,4620.0,0.014935608021915,4620.0,0.0029714964330196,4620.0,-0.0015918064163997,4620.0,-0.0547420009970665,4620.0,-0.0162238888442516,4620.0,-0.0193215552717447,4620.0,0.0270114317536354,4620.0,0.0474200993776321,4620.0,0.0114316837862134
4630.0,-0.0446091555058956,4630.0,-0.0647193863987923,4630.0,-0.0649732872843742,4630.0,-0.0243348591029644,4630.0,-0.0246364213526249,4630.0,-0.0496193245053291,4630.0,-0.018520774319768,4630.0,-0.0184637438505888,4630.0,-0.0327137932181358,4630.0,-0.020494993776083,4630.0,-0.0487724468111992,4630.0,-0.0609303079545498,4630.0,-0.0316059775650501,4630.0,0.014951229095459,4630.0,0.0029699325095862,4630.0,-0.0015933609101921,4630.0,-0.0547310672700405,4630.0,-0.0161895174533129,4630.0,-0.0193028058856726,4630.0,0.0269715879112482,4630.0,0.0473732277750969,4630.0,0.0114379310980439
4640.0,-0.0445896200835705,4640.0,-0.0646998509764671,4640.0,-0.0649709478020668,4640.0,-0.0243161059916019,4640.0,-0.0246278289705515,4640.0,-0.0495951063930988,4640.0,-0.0185043625533581,4640.0,-0.0184332747012377,4640.0,-0.0326880104839802,4640.0,-0.0204684343189001,4640.0,-0.0487708896398544,4640.0,-0.0609217137098312,4640.0,-0.0316145680844784,4640.0,0.0149676315486431,4640.0,0.0029675865080207,4640.0,-0.0015964888734743,4640.0,-0.0547209121286869,4640.0,-0.0161574836820364,4640.0,-0.019402027130127,4640.0,0.0269309617578983,4640.0,0.0473263524472713,4640.0,0.0114434044808149
4650.0,-0.0445677451789379,4650.0,-0.0646756365895271,4650.0,-0.0649670362472534,4650.0,-0.0242942329496145,4650.0,-0.0246161073446274,4650.0,-0.0495654195547104,4650.0,-0.0184840578585863,4650.0,-0.0183988939970732,4650.0,-0.0326544195413589,4650.0,-0.0204410925507545,4650.0,-0.0487685427069664,4650.0,-0.0609139017760754,4650.0,-0.0316208228468895,4650.0,0.0149848265573382,4650.0,0.0029691504314541,4650.0,-0.0015972709516063,4650.0,-0.054708406329155,4650.0,-0.0161254499107599,4650.0,-0.0193395223468542,4650.0,0.0268926806747913,4650.0,0.0472802519798279,4650.0,0.0114512154832482
4660.0,-0.044545091688633,4660.0,-0.0646521970629692,4660.0,-0.0649662539362907,4660.0,-0.0242762602865696,4660.0,-0.024607514962554,4660.0,-0.0495388582348824,4660.0,-0.018468426540494,4660.0,-0.0183660890907049,4660.0,-0.0326278582215309,4660.0,-0.0204160884022713,4660.0,-0.0487685427069664,4660.0,-0.0609123408794403,4660.0,-0.0316309779882431,4660.0,0.014996537938714,4660.0,0.002966031897813,4660.0,-0.0016003990313038,4660.0,-0.0546998158097267,4660.0,-0.016096543520689,4660.0,-0.0195028111338615,4660.0,0.0268497075885534,4660.0,0.0472294799983501,4660.0,0.011452779173851
4670.0,-0.0445279031991959,4670.0,-0.0646334439516068,4670.0,-0.064964696764946,4670.0,-0.0242582932114601,4670.0,-0.0246012639254332,4670.0,-0.0495146401226521,4670.0,-0.0184520240873098,4670.0,-0.0183340553194284,4670.0,-0.0326012931764126,4670.0,-0.0203903093934059,4670.0,-0.0487747937440872,4670.0,-0.060901403427124,4670.0,-0.031640350818634,4670.0,0.0150090409442782,4670.0,0.0029629038181155,4670.0,-0.0016035174485296,4670.0,-0.0546927824616432,4670.0,-0.0160652920603752,4670.0,-0.0195817183703184,4670.0,0.0268098637461662,4670.0,0.047182597219944,4670.0,0.0114574618637562
4680.0,-0.0445091538131237,4680.0,-0.0646154806017876,4680.0,-0.0649639144539833,4680.0,-0.0242403261363506,4680.0,-0.0245934519916773,4680.0,-0.0494919829070568,4680.0,-0.0184395220130682,4680.0,-0.0183035843074322,4680.0,-0.0325739532709122,4680.0,-0.0203614048659801,4680.0,-0.0487646386027336,4680.0,-0.0608888976275921,4680.0,-0.0316489450633526,4680.0,0.0150231076404452,4680.0,0.0029644679743796,4680.0,-0.0016050814883783,4680.0,-0.0546849705278873,4680.0,-0.0160402953624725,4680.0,-0.0195348355919123,4680.0,0.0267692469060421,4680.0,0.0471357256174088,4680.0,0.0114629361778498
4690.0,-0.044492743909359,4690.0,-0.0645975098013878,4690.0,-0.0649654790759087,4690.0,-0.0242239180952311,4690.0,-0.0245864186435938,4690.0,-0.0494708903133869,4690.0,-0.0184270180761814,4690.0,-0.0182738974690437,4690.0,-0.0325520746409893,4690.0,-0.0203387439250946,4690.0,-0.0487677603960037,4690.0,-0.0608826540410519,4690.0,-0.0316583253443241,4690.0,0.0150356004014611,4690.0,0.0029589938931167,4690.0,-0.0016105555696412,4690.0,-0.0546748153865337,4690.0,-0.0160082615911961,4690.0,-0.0193371865898371,4690.0,0.0267325211316347,4690.0,0.0470911972224712,4690.0,0.0114699648693204
4700.0,-0.0444763414561749,4700.0,-0.0645787641406059,4700.0,-0.064964696764946,4700.0,-0.0242075156420469,4700.0,-0.024580167606473,4700.0,-0.0494497939944267,4700.0,-0.0184137430042028,4700.0,-0.0182442087680101,4700.0,-0.0325247310101986,4700.0,-0.0203137490898371,4700.0,-0.0487646386027336,4700.0,-0.060874056071043,4700.0,-0.0316684767603874,4700.0,0.0150473210960627,4700.0,0.0029566478915512,4700.0,-0.0016128921415656,4700.0,-0.0546716898679733,4700.0,-0.0159832667559385,4700.0,-0.0194121841341257,4700.0,0.0266903396695852,4700.0,0.047041978687048,4700.0,0.0114738745614886
4710.0,-0.0444599315524101,4710.0,-0.0645623505115509,4710.0,-0.0649662539362907,4710.0,-0.0241926703602076,4710.0,-0.0245747044682503,4710.0,-0.0494287014007568,4710.0,-0.0184020232409239,4710.0,-0.0182145219296217,4710.0,-0.0324973873794079,4710.0,-0.0202887430787086,4710.0,-0.0487654209136963,4710.0,-0.0608654618263245,4710.0,-0.0316778570413589,4710.0,0.0150590417906642,4710.0,0.0029527472797781,4710.0,-0.0016168021829798,4710.0,-0.054660752415657,4710.0,-0.0159535780549049,4710.0,-0.0193160902708769,4710.0,0.0266528315842152,4710.0,0.0469950959086418,4710.0,0.0114777749404311
4720.0,-0.0444419644773006,4720.0,-0.0645428225398064,4720.0,-0.0649639144539833,4720.0,-0.0241754818707705,4720.0,-0.0245661064982414,4720.0,-0.0494068264961243,4720.0,-0.0183895193040371,4720.0,-0.0181824862957001,4720.0,-0.0324723869562149,4720.0,-0.0202637482434511,4720.0,-0.0487661957740784,4720.0,-0.060860775411129,4720.0,-0.0316895730793476,4720.0,0.0150723261758685,4720.0,0.0029496192000806,4720.0,-0.0016199302626773,4720.0,-0.0546545013785362,4720.0,-0.0159285739064217,4720.0,-0.01926139742136,4720.0,0.0266145505011082,4720.0,0.0469490028917789,4720.0,0.0114832492545247
4730.0,-0.0444239936769009,4730.0,-0.0645217299461365,4730.0,-0.0649623572826385,4730.0,-0.0241598561406136,4730.0,-0.0245559494942427,4730.0,-0.049384169280529,4730.0,-0.0183777995407581,4730.0,-0.018151244148612,4730.0,-0.0324450433254242,4730.0,-0.0202379692345858,4730.0,-0.0487646386027336,4730.0,-0.0608506202697754,4730.0,-0.0316966064274311,4730.0,0.0150863835588098,4730.0,0.0029464911203831,4730.0,-0.0016230487963184,4730.0,-0.054645910859108,4730.0,-0.015903577208519,4730.0,-0.0193918701261282,4730.0,0.0265754889696836,4730.0,0.0469044782221317,4730.0,0.0114879319444299
4740.0,-0.0444052442908287,4740.0,-0.0645006373524666,4740.0,-0.0649600103497505,4740.0,-0.0241442285478115,4740.0,-0.0245473571121693,4740.0,-0.0493599511682987,4740.0,-0.0183645244687796,4740.0,-0.0181207749992609,4740.0,-0.0324192605912685,4740.0,-0.0202137473970652,4740.0,-0.0487630739808083,4740.0,-0.0608396790921688,4740.0,-0.0317051969468594,4740.0,0.0150981042534113,4740.0,0.0029425907414406,4740.0,-0.0016269588377326,4740.0,-0.0546427853405476,4740.0,-0.0158832650631666,4740.0,-0.0196129605174065,4740.0,0.0265348628163338,4740.0,0.0468544773757458,4740.0,0.0114902779459953
4750.0,-0.0443864949047565,4750.0,-0.0644787549972534,4750.0,-0.0649568811058998,4750.0,-0.0241278260946274,4750.0,-0.0245395470410585,4750.0,-0.0493396371603012,4750.0,-0.0183559320867062,4750.0,-0.0180895235389471,4750.0,-0.0323934815824032,4750.0,-0.0201918687671423,4750.0,-0.0487638562917709,4750.0,-0.0608318708837032,4750.0,-0.0317137911915779,4750.0,0.0151090426370502,4750.0,0.0029378985054791,4750.0,-0.0016308688791468,4750.0,-0.0546373166143894,4750.0,-0.0158582590520382,4750.0,-0.0194559283554554,4750.0,0.0264950264245272,4750.0,0.0468083843588829,4750.0,0.0114934062585235
4760.0,-0.0443700887262821,4760.0,-0.0644623562693596,4760.0,-0.0649576634168625,4760.0,-0.0241129826754332,4760.0,-0.0245348587632179,4760.0,-0.049320887774229,4760.0,-0.0183481108397245,4760.0,-0.0180613994598389,4760.0,-0.0323684811592102,4760.0,-0.0201653093099594,4760.0,-0.0487630739808083,4760.0,-0.0608232766389847,4760.0,-0.0317239463329315,4760.0,0.0151191996410489,4760.0,0.00293556204997,4760.0,-0.0016339874127879,4760.0,-0.0546302832663059,4760.0,-0.0158332623541355,4760.0,-0.0194004625082016,4760.0,0.0264583006501198,4760.0,0.0467622838914394,4760.0,0.011497306637466
4770.0,-0.0443552434444427,4770.0,-0.0644451677799225,4770.0,-0.0649568811058998,4770.0,-0.0240981373935938,4770.0,-0.0245286077260971,4770.0,-0.0493037030100822,4770.0,-0.0183410830795765,4770.0,-0.0180340483784676,4770.0,-0.0323442630469799,4770.0,-0.0201418679207563,4770.0,-0.0487646386027336,4770.0,-0.0608170256018639,4770.0,-0.0317333228886127,4770.0,0.0151293557137251,4770.0,0.0029308700468391,4770.0,-0.0016386794159188,4770.0,-0.0546240322291851,4770.0,-0.0158082582056522,4770.0,-0.0194887444376945,4770.0,0.0264192391186953,4770.0,0.0467154122889042,4770.0,0.0115012163296342
4780.0,-0.0443403981626034,4780.0,-0.0644295364618301,4780.0,-0.0649600103497505,4780.0,-0.0240848585963249,4780.0,-0.0245239213109016,4780.0,-0.0492872931063175,4780.0,-0.0183364003896713,4780.0,-0.018006706610322,4780.0,-0.0323223881423473,4780.0,-0.0201176535338163,4780.0,-0.0487654209136963,4780.0,-0.0608115568757057,4780.0,-0.0317434780299664,4780.0,0.0151379490271211,4780.0,0.0029269598890095,4780.0,-0.0016449260292574,4780.0,-0.0546193458139896,4780.0,-0.0157832615077496,4780.0,-0.0193981174379587,4780.0,0.0263817403465509,4780.0,0.0466708838939667,4780.0,0.0115058990195394
4790.0,-0.0443271212279797,4790.0,-0.0644131377339363,4790.0,-0.0649584457278252,4790.0,-0.0240731369704008,4790.0,-0.0245215743780136,4790.0,-0.0492724515497684,4790.0,-0.0183324906975031,4790.0,-0.0179809276014566,4790.0,-0.0323012918233871,4790.0,-0.0200957767665386,4790.0,-0.0487661957740784,4790.0,-0.0608037449419498,4790.0,-0.0317528508603573,4790.0,0.0151481050997972,4790.0,0.0029254055116325,4790.0,-0.0016488360706716,4790.0,-0.0546123161911964,4790.0,-0.0157574843615294,4790.0,-0.0192238986492157,4790.0,0.0263450238853693,4790.0,0.0466271303594112,4790.0,0.0115113733336329
4800.0,-0.0443146228790283,4800.0,-0.0644006356596947,4800.0,-0.0649592280387878,4800.0,-0.0240590758621693,4800.0,-0.0245168879628181,4800.0,-0.049256045371294,4800.0,-0.0183395184576511,4800.0,-0.0179551504552364,4800.0,-0.0322989486157894,4800.0,-0.0200738999992609,4800.0,-0.048766978085041,4800.0,-0.0607967115938663,4800.0,-0.0317622274160385,4800.0,0.0151598257943988,4800.0,0.002920713275671,4800.0,-0.0016535186441615,4800.0,-0.0546068474650383,4800.0,-0.0157363880425692,4800.0,-0.0193801485002041,4800.0,0.0263083074241877,4800.0,0.0465810373425484,4800.0,0.0115129370242357
4810.0,-0.0443021208047867,4810.0,-0.0643850043416023,4810.0,-0.0649600103497505,4810.0,-0.0240481365472078,4810.0,-0.0245114229619503,4810.0,-0.049241978675127,4810.0,-0.0183270256966352,4810.0,-0.0179309267550707,4810.0,-0.032284889370203,4810.0,-0.0200512502342463,4810.0,-0.0487685427069664,4810.0,-0.0607920251786709,4810.0,-0.0317723825573921,4810.0,0.0151692004874349,4810.0,0.0029152487404644,4810.0,-0.0016582107637077,4810.0,-0.0546029396355152,4810.0,-0.0157160758972168,4810.0,-0.0191238969564438,4810.0,0.0262684617191553,4810.0,0.0465349368751049,4810.0,0.0115152737125754
4820.0,-0.0442896224558353,4820.0,-0.0643701627850533,4820.0,-0.0649600103497505,4820.0,-0.0240356400609016,4820.0,-0.0245075132697821,4820.0,-0.0492279194295406,4820.0,-0.018323116004467,4820.0,-0.0179074853658676,4820.0,-0.0322614461183548,4820.0,-0.0200278088450432,4820.0,-0.0487677603960037,4820.0,-0.0607857741415501,4820.0,-0.031782541424036,4820.0,0.0151777928695083,4820.0,0.0029113388154655,4820.0,-0.0016628932207822,4820.0,-0.0546013787388802,4820.0,-0.0156957618892193,4820.0,-0.019275464117527,4820.0,0.0262309536337852,4820.0,0.0464911945164204,4820.0,0.0115184020251036
4830.0,-0.0442755594849586,4830.0,-0.0643545389175415,4830.0,-0.0649600103497505,4830.0,-0.0240215733647346,4830.0,-0.024498138576746,4830.0,-0.0492115169763565,4830.0,-0.0183192063122988,4830.0,-0.0178785789757967,4830.0,-0.0322380103170872,4830.0,-0.0200035944581032,4830.0,-0.0487724468111992,4830.0,-0.0607771798968315,4830.0,-0.031791914254427,4830.0,0.015187949873507,4830.0,0.0029066561255604,4830.0,-0.0016683673020452,4830.0,-0.0545966885983944,4830.0,-0.0156738851219416,4830.0,-0.0194653030484915,4830.0,0.0261934567242861,4830.0,0.0464451014995575,4830.0,0.011520748026669
4840.0,-0.0442638397216797,4840.0,-0.0643412545323372,4840.0,-0.0649615749716759,4840.0,-0.024009857326746,4840.0,-0.0244957972317934,4840.0,-0.0491974502801895,4840.0,-0.0183192063122988,4840.0,-0.0178535841405392,4840.0,-0.0322176963090897,4840.0,-0.0199809353798628,4840.0,-0.0487708896398544,4840.0,-0.0607693716883659,4840.0,-0.0318012908101082,4840.0,0.0151934139430523,4840.0,0.0029027462005615,4840.0,-0.0016722679138183,4840.0,-0.0545865334570408,4840.0,-0.0156434159725904,4840.0,-0.0194567106664181,4840.0,0.0261590853333473,4840.0,0.0464036948978901,4840.0,0.0115262120962143
4850.0,-0.044247429817915,4850.0,-0.064323291182518,4850.0,-0.0649584457278252,4850.0,-0.0239950120449066,4850.0,-0.0244879815727472,4850.0,-0.0491802617907524,4850.0,-0.0183168686926365,4850.0,-0.0178285781294107,4850.0,-0.0321966074407101,4850.0,-0.0199606232345104,4850.0,-0.0487693250179291,4850.0,-0.0607631206512451,4850.0,-0.0318130105733871,4850.0,0.0152004528790712,4850.0,0.0028964995872229,4850.0,-0.001678523956798,4850.0,-0.0545810647308826,4850.0,-0.0156184192746878,4850.0,-0.0190942101180553,4850.0,0.0261239241808653,4850.0,0.0463622845709324,4850.0,0.0115309040993452
4860.0,-0.0442318059504032,4860.0,-0.0643045380711555,4860.0,-0.0649568811058998,4860.0,-0.0239817332476377,4860.0,-0.024480951949954,4860.0,-0.0491622947156429,4860.0,-0.0183145236223936,4860.0,-0.0178012363612652,4860.0,-0.0321762934327126,4860.0,-0.0199387446045876,4860.0,-0.0487708896398544,4860.0,-0.0607568696141243,4860.0,-0.0318223834037781,4860.0,0.0152098266407847,4860.0,0.0028910255059599,4860.0,-0.0016832065302878,4860.0,-0.0545771569013596,4860.0,-0.0155981061980128,4860.0,-0.0190356150269508,4860.0,0.0260856430977583,4860.0,0.0463169738650322,4860.0,0.0115324687212706
4870.0,-0.0442169643938541,4870.0,-0.0642881318926811,4870.0,-0.0649560987949371,4870.0,-0.023969229310751,4870.0,-0.0244762655347586,4870.0,-0.0491458885371685,4870.0,-0.0183137413114309,4870.0,-0.0177731122821569,4870.0,-0.0321544148027897,4870.0,-0.01991374976933,4870.0,-0.0487708896398544,4870.0,-0.0607490576803684,4870.0,-0.031832542270422,4870.0,0.0152168553322554,4870.0,0.0028847788926214,4870.0,-0.0016878986498341,4870.0,-0.0545763783156872,4870.0,-0.0155777931213379,4870.0,-0.0189488977193832,4870.0,0.0260473620146513,4870.0,0.0462724380195141,4870.0,0.0115340324118733
4880.0,-0.0442021228373051,4880.0,-0.0642717257142067,4880.0,-0.0649545416235924,4880.0,-0.0239567328244448,4880.0,-0.024471577256918,4880.0,-0.0491341687738895,4880.0,-0.0183137413114309,4880.0,-0.0177457705140114,4880.0,-0.0321356654167175,4880.0,-0.0198926534503698,4880.0,-0.0487732291221619,4880.0,-0.0607435889542103,4880.0,-0.0318426974117756,4880.0,0.0152231026440859,4880.0,0.0028808687347918,4880.0,-0.0016933631850406,4880.0,-0.0545755960047245,4880.0,-0.0155613897368312,4880.0,-0.0190231222659349,4880.0,0.0260067358613014,4880.0,0.0462279133498669,4880.0,0.0115363691002131
4890.0,-0.0441880561411381,4890.0,-0.0642576664686203,4890.0,-0.0649553239345551,4890.0,-0.0239450111985207,4890.0,-0.0244668908417225,4890.0,-0.0491208881139755,4890.0,-0.0183145236223936,4890.0,-0.0177199840545654,4890.0,-0.032116137444973,4890.0,-0.0198731236159801,4890.0,-0.0487747937440872,4890.0,-0.0607373379170895,4890.0,-0.0318520739674568,4890.0,0.0152324764057994,4890.0,0.0028746223542839,4890.0,-0.0017004013061523,4890.0,-0.0545732527971268,4890.0,-0.015542640350759,4890.0,-0.0191903114318848,4890.0,0.0259676743298769,4890.0,0.0461825914680958,4890.0,0.0115363691002131
4900.0,-0.0441763401031494,4900.0,-0.064242035150528,4900.0,-0.0649553239345551,4900.0,-0.0239332914352417,4900.0,-0.0244637634605169,4900.0,-0.0491083897650242,4900.0,-0.0183176510035992,4900.0,-0.0176957696676254,4900.0,-0.0320950411260128,4900.0,-0.0198496822267771,4900.0,-0.0487740114331245,4900.0,-0.0607318691909313,4900.0,-0.0318622291088104,4900.0,0.0152395153418183,4900.0,0.0028714942745864,4900.0,-0.0017043018015101,4900.0,-0.0545654371380806,4900.0,-0.015519198961556,4900.0,-0.0193410869687796,4900.0,0.0259317383170128,4900.0,0.0461411960422993,4900.0,0.0115387151017785
4910.0,-0.0441646166145802,4910.0,-0.0642287582159042,4910.0,-0.0649560987949371,4910.0,-0.0239246990531683,4910.0,-0.0244606398046017,4910.0,-0.0490990169346333,4910.0,-0.018323116004467,4910.0,-0.017673110589385,4910.0,-0.0320770740509033,4910.0,-0.0198309328407049,4910.0,-0.0487747937440872,4910.0,-0.0607264041900635,4910.0,-0.0318731665611267,4910.0,0.0152441971004009,4910.0,0.0028644655831158,4910.0,-0.0017113303765654,4910.0,-0.054567001760006,4910.0,-0.0155027955770493,4910.0,-0.0195278059691191,4910.0,0.0258918944746256,4910.0,0.0460950918495655,4910.0,0.0115379327908158
4920.0,-0.0441583655774593,4920.0,-0.0642193853855133,4920.0,-0.0649584457278252,4920.0,-0.0239168871194124,4920.0,-0.024459857493639,4920.0,-0.0490912012755871,4920.0,-0.0183301437646151,4920.0,-0.01765201613307,4920.0,-0.0320583246648312,4920.0,-0.0198114011436701,4920.0,-0.0487794801592827,4920.0,-0.060720931738615,4920.0,-0.0318848825991154,4920.0,0.0152488900348544,4920.0,0.0028582096565514,4920.0,-0.0017168044578284,4920.0,-0.0545623153448105,4920.0,-0.0154809188097715,4920.0,-0.0194832794368267,4920.0,0.0258536133915186,4920.0,0.0460521318018436,4920.0,0.0115418434143066
4930.0,-0.0441497750580311,4930.0,-0.0642084404826164,4930.0,-0.0649607926607132,4930.0,-0.0239098537713289,4930.0,-0.0244582928717136,4930.0,-0.0490833893418312,4930.0,-0.0183356180787086,4930.0,-0.0176301468163729,4930.0,-0.032039575278759,4930.0,-0.0197895243763924,4930.0,-0.0487802624702454,4930.0,-0.0607162453234196,4930.0,-0.0318950414657593,4930.0,0.0152527904137969,4930.0,0.0028527448885142,4930.0,-0.0017230510711669,4930.0,-0.054557628929615,4930.0,-0.0154613871127367,4930.0,-0.0195973385125399,4930.0,0.0258184615522623,4930.0,0.0460099391639233,4930.0,0.0115426247939467
4940.0,-0.0441411808133125,4940.0,-0.0641967281699181,4940.0,-0.0649615749716759,4940.0,-0.0238996986299753,4940.0,-0.0244543887674809,4940.0,-0.0490732342004776,4940.0,-0.0183418653905392,4940.0,-0.0176074877381325,4940.0,-0.0320208258926868,4940.0,-0.0197723377496004,4940.0,-0.0487794801592827,4940.0,-0.0607092119753361,4940.0,-0.0319044142961502,4940.0,0.0152410697191954,4940.0,0.0028480624314397,4940.0,-0.0017300796462222,4940.0,-0.0545545034110546,4940.0,-0.0154434200376272,4940.0,-0.0197543706744909,4940.0,0.0257778353989124,4940.0,0.0459646321833134,4940.0,0.0115418434143066
4950.0,-0.0441325902938843,4950.0,-0.0641865730285645,4950.0,-0.0649639144539833,4950.0,-0.0238918866962194,4950.0,-0.0244512651115656,4950.0,-0.049064639955759,4950.0,-0.0183481108397245,4950.0,-0.0175863932818174,4950.0,-0.0320028550922871,4950.0,-0.0197489075362682,4950.0,-0.0487794801592827,4950.0,-0.0607037432491779,4950.0,-0.0319169163703918,4950.0,0.0144660659134388,4950.0,0.0028394602704793,4950.0,-0.0017363356892019,4950.0,-0.0545537211000919,4950.0,-0.0154254529625177,4950.0,-0.0198699943721294,4950.0,0.025741109624505,4950.0,0.0459216572344303,4950.0,0.0115441894158721
4960.0,-0.0441247746348381,4960.0,-0.0641740709543228,4960.0,-0.064964696764946,4960.0,-0.0238848533481359,4960.0,-0.0244504828006029,4960.0,-0.0490583889186382,4960.0,-0.0183567143976688,4960.0,-0.0175660792738199,4960.0,-0.0319848880171776,4960.0,-0.0197270289063454,4960.0,-0.0487818233668804,4960.0,-0.0606959313154221,4960.0,-0.0319255106151104,4960.0,0.0148098180070519,4960.0,0.0028379058931022,4960.0,-0.0017418002244085,4960.0,-0.0545482523739338,4960.0,-0.0154059212654829,4960.0,-0.0199996847659349,4960.0,0.025702828541398,4960.0,0.0458786860108376,4960.0,0.0115441894158721
4970.0,-0.0441107116639614,4970.0,-0.0641568824648857,4970.0,-0.0649639144539833,4970.0,-0.0238746963441372,4970.0,-0.0244442317634821,4970.0,-0.0490458868443966,4970.0,-0.018361397087574,4970.0,-0.0175442025065422,4970.0,-0.0319684781134129,4970.0,-0.0197090618312359,4970.0,-0.0487810410559177,4970.0,-0.0606912449002266,4970.0,-0.0319372303783894,4970.0,0.0148660754784942,4970.0,0.0028339957352727,4970.0,-0.0017488383455202,4970.0,-0.0545505955815315,4970.0,-0.0153934191912413,4970.0,-0.0198043715208769,4970.0,0.0256606470793486,4970.0,0.0458341576159,4970.0,0.011541061103344
4980.0,-0.0440997742116451,4980.0,-0.064142033457756,4980.0,-0.0649631321430206,4980.0,-0.0238661039620638,4980.0,-0.0244411081075668,4980.0,-0.0490357279777527,4980.0,-0.0183692071586847,4980.0,-0.0175192058086395,4980.0,-0.0319505110383034,4980.0,-0.0196887496858835,4980.0,-0.0487833879888058,4980.0,-0.0606849938631058,4980.0,-0.0319466069340706,4980.0,0.0148738855496049,4980.0,0.0028308676555752,4980.0,-0.0017550849588587,4980.0,-0.054544348269701,4980.0,-0.0153699778020382,4980.0,-0.0197957791388035,4980.0,0.0256270505487919,4980.0,0.045794315636158,4980.0,0.0115441894158721
4990.0,-0.0440864935517311,4990.0,-0.0641240701079369,4990.0,-0.0649631321430206,4990.0,-0.0238559488207102,4990.0,-0.024434857070446,4990.0,-0.049024011939764,4990.0,-0.0183746814727783,4990.0,-0.0174988936632872,4990.0,-0.0319317616522312,4990.0,-0.0196707807481289,4990.0,-0.0487865097820759,4990.0,-0.0606795251369476,4990.0,-0.0319567620754242,4990.0,0.0148707581683993,4990.0,0.0028277491219341,4990.0,-0.0017605494940653,4990.0,-0.0545435659587383,4990.0,-0.0153543567284942,4990.0,-0.019970778375864,4990.0,0.0255887694656849,4990.0,0.0457513406872749,4990.0,0.0115441894158721
5000.0,-0.0440747775137424,5000.0,-0.0641092285513878,5000.0,-0.0649654790759087,5000.0,-0.0238473545759916,5000.0,-0.0244325157254934,5000.0,-0.0490185432136059,5000.0,-0.0183848384767771,5000.0,-0.0174762345850468,5000.0,-0.0319176986813545,5000.0,-0.019654368981719,5000.0,-0.0487880744040012,5000.0,-0.0606724955141544,5000.0,-0.0319684781134129,5000.0,0.0148606011644006,5000.0,0.0028230571188032,5000.0,-0.001767587615177,5000.0,-0.0545404367148876,5000.0,-0.0153348250314593,5000.0,-0.020111408084631,5000.0,0.0255512706935406,5000.0,0.0457107163965702,5000.0,0.0115457437932491
5010.0,-0.0440622754395008,5010.0,-0.0640920400619507,5010.0,-0.064964696764946,5010.0,-0.0238395445048809,5010.0,-0.0244286060333252,5010.0,-0.0490099526941776,5010.0,-0.0183918662369251,5010.0,-0.0174504555761814,5010.0,-0.0318989455699921,5010.0,-0.019633274525404,5010.0,-0.0487857274711132,5010.0,-0.0606615580618382,5010.0,-0.0319778546690941,5010.0,0.0148543547838926,5010.0,0.0028183746617287,5010.0,-0.0017738342285156,5010.0,-0.0545310638844967,5010.0,-0.0153098199516535,5010.0,-0.0198426526039839,5010.0,0.0255184546113014,5010.0,0.0456716530025005,5010.0,0.0115496534854174
5020.0,-0.0440505556762218,5020.0,-0.0640787556767464,5020.0,-0.0649623572826385,5020.0,-0.0238309465348721,5020.0,-0.0244247000664473,5020.0,-0.0490029193460941,5020.0,-0.0184028055518866,5020.0,-0.0174293611198664,5020.0,-0.0318817608058453,5020.0,-0.0196137428283691,5020.0,-0.0487849526107311,5020.0,-0.0606545247137547,5020.0,-0.0319880098104477,5020.0,0.0148496627807617,5020.0,0.0028144645038992,5020.0,-0.0017800807254388,5020.0,-0.0545279383659363,5020.0,-0.015291852876544,5020.0,-0.0199153125286102,5020.0,0.0254825204610825,5020.0,0.0456318184733391,5020.0,0.0115512181073427
5030.0,-0.0440396219491959,5030.0,-0.0640639066696167,5030.0,-0.0649615749716759,5030.0,-0.0238207913935184,5030.0,-0.0244207940995693,5030.0,-0.0489951074123383,5030.0,-0.0184098333120346,5030.0,-0.0174043644219637,5030.0,-0.0318661332130432,5030.0,-0.0195942111313343,5030.0,-0.0487880744040012,5030.0,-0.0606490559875965,5030.0,-0.031998947262764,5030.0,0.0148465437814593,5030.0,0.0028089999686926,5030.0,-0.0017863368848338,5030.0,-0.0545209050178528,5030.0,-0.0152684208005667,5030.0,-0.0197856239974499,5030.0,0.0254489220678806,5030.0,0.0455927550792694,5030.0,0.0115527817979455
5040.0,-0.0440278984606266,5040.0,-0.0640490725636482,5040.0,-0.0649607926607132,5040.0,-0.023812199011445,5040.0,-0.0244184490293264,5040.0,-0.0489896386861801,5040.0,-0.0184215549379587,5040.0,-0.0173840522766113,5040.0,-0.0318520739674568,5040.0,-0.0195770263671875,5040.0,-0.0487888567149639,5040.0,-0.060644369572401,5040.0,-0.0320091061294079,5040.0,0.0148441977798939,5040.0,0.0028035258874297,5040.0,-0.0017925833817571,5040.0,-0.05451700091362,5040.0,-0.0152512257918715,5040.0,-0.0199035927653313,5040.0,0.0254129879176617,5040.0,0.0455521270632744,5040.0,0.0115535641089082
5050.0,-0.0440169610083103,5050.0,-0.0640365704894066,5050.0,-0.0649615749716759,5050.0,-0.0238051693886518,5050.0,-0.0244161076843739,5050.0,-0.0489857345819473,5050.0,-0.0184332747012377,5050.0,-0.0173637382686138,5050.0,-0.0318364463746548,5050.0,-0.019559059292078,5050.0,-0.0487896390259266,5050.0,-0.0606349930167198,5050.0,-0.0320200435817242,5050.0,0.0148426340892911,5050.0,0.002796497195959,5050.0,-0.0018011759966611,5050.0,-0.0545099712908268,5050.0,-0.0152277946472168,5050.0,-0.0197106171399355,5050.0,0.0253801718354225,5050.0,0.0455146208405495,5050.0,0.0115574644878507
5060.0,-0.0440091490745544,5060.0,-0.0640256330370903,5060.0,-0.0649615749716759,5060.0,-0.0237981360405684,5060.0,-0.0244145430624485,5060.0,-0.0489794798195362,5060.0,-0.0184442140161991,5060.0,-0.017344206571579,5060.0,-0.031820822507143,5060.0,-0.0195395275950432,5060.0,-0.0487904213368893,5060.0,-0.060628741979599,5060.0,-0.0320301987230778,5060.0,0.0148426340892911,5060.0,0.0027910231146961,5060.0,-0.0018066500779241,5060.0,-0.0545052848756313,5060.0,-0.0152090452611446,5060.0,-0.019633274525404,5060.0,0.0253442376852036,5060.0,0.0454755574464798,5060.0,0.0115582467988133
5070.0,-0.0440005585551262,5070.0,-0.0640154704451561,5070.0,-0.0649623572826385,5070.0,-0.0237926673144102,5070.0,-0.0244129840284586,5070.0,-0.0489771366119385,5070.0,-0.0184613987803459,5070.0,-0.017325459048152,5070.0,-0.0318059772253036,5070.0,-0.0195231251418591,5070.0,-0.0487935431301594,5070.0,-0.0606224946677685,5070.0,-0.0320403575897217,5070.0,0.0148410694673657,5070.0,0.0027855585794895,5070.0,-0.0018136786529794,5070.0,-0.0544998161494732,5070.0,-0.0151871675625443,5070.0,-0.0195106212049723,5070.0,0.025309856981039,5070.0,0.0454364940524101,5070.0,0.0115590281784534
5080.0,-0.0439958721399307,5080.0,-0.0640053153038025,5080.0,-0.0649639144539833,5080.0,-0.0237864162772894,5080.0,-0.0244122017174959,5080.0,-0.0489701069891453,5080.0,-0.0184699911624193,5080.0,-0.0173067096620798,5080.0,-0.0317926965653896,5080.0,-0.0195051468908787,5080.0,-0.0487966686487198,5080.0,-0.0606162436306477,5080.0,-0.0320512913167477,5080.0,0.0148418517783284,5080.0,0.002779311966151,5080.0,-0.0018230533460155,5080.0,-0.0545013733208179,5080.0,-0.0151731008663774,5080.0,-0.0195699967443943,5080.0,0.0252715777605772,5080.0,0.0453943163156509,5080.0,0.011556682176888
5090.0,-0.0439864955842495,5090.0,-0.0639896914362907,5090.0,-0.0649639144539833,5090.0,-0.0237778220325708,5090.0,-0.0244075153023005,5090.0,-0.0489646382629871,5090.0,-0.0184848308563232,5090.0,-0.017287177965045,5090.0,-0.0317786335945129,5090.0,-0.0194879621267319,5090.0,-0.0488044805824757,5090.0,-0.0606115572154522,5090.0,-0.0320637933909893,5090.0,0.0148449800908566,5090.0,0.0027730560395866,5090.0,-0.001828517881222,5090.0,-0.0544974692165852,5090.0,-0.0151551337912679,5090.0,-0.0195770263671875,5090.0,0.0252364240586758,5090.0,0.0453544706106186,5090.0,0.011556682176888
5100.0,-0.0439763404428959,5100.0,-0.0639787539839745,5100.0,-0.0649654790759087,5100.0,-0.0237707942724228,5100.0,-0.0244059506803751,5100.0,-0.0489607341587543,5100.0,-0.0184981152415276,5100.0,-0.0172676462680101,5100.0,-0.0317661389708519,5100.0,-0.0194699950516224,5100.0,-0.0488044805824757,5100.0,-0.0606068708002567,5100.0,-0.0320747308433056,5100.0,0.014839505776763,5100.0,0.002765245269984,5100.0,-0.0018355560023337,5100.0,-0.0544935651123524,5100.0,-0.0151363844051957,5100.0,-0.0195637419819832,5100.0,0.0252004899084568,5100.0,0.0453146249055862,5100.0,0.011556682176888
5110.0,-0.0439669638872147,5110.0,-0.0639670342206955,5110.0,-0.064964696764946,5110.0,-0.0237629786133766,5110.0,-0.0244043860584497,5110.0,-0.0489560440182686,5110.0,-0.0185121819376945,5110.0,-0.017248896881938,5110.0,-0.0317497290670872,5110.0,-0.0194512456655502,5110.0,-0.0488005727529526,5110.0,-0.0606006197631359,5110.0,-0.0320848897099495,5110.0,0.0148356053978205,5110.0,0.002760553266853,5110.0,-0.001841802499257,5110.0,-0.0544935651123524,5110.0,-0.0151231000199914,5110.0,-0.0195770263671875,5110.0,0.0251629818230867,5110.0,0.0452740006148815,5110.0,0.0115543361753225
5120.0,-0.0439599305391312,5120.0,-0.0639584437012672,5120.0,-0.0649670362472534,5120.0,-0.0237575098872185,5120.0,-0.0244051683694124,5120.0,-0.0489552617073059,5120.0,-0.0185293667018414,5120.0,-0.0172332655638456,5120.0,-0.0317364484071732,5120.0,-0.0194340609014034,5120.0,-0.0487997941672802,5120.0,-0.0605967119336128,5120.0,-0.0320950411260128,5120.0,0.0148363877087831,5120.0,0.0027550887316465,5120.0,-0.001850395114161,5120.0,-0.0544959120452404,5120.0,-0.0151113886386156,5120.0,-0.0197270289063454,5120.0,0.0251239202916622,5120.0,0.0452310256659985,5120.0,0.0115519994869828
5130.0,-0.0439521223306656,5130.0,-0.0639482885599136,5130.0,-0.0649670362472534,5130.0,-0.0237504802644253,5130.0,-0.0244028270244598,5130.0,-0.0489497929811478,5130.0,-0.0185410883277655,5130.0,-0.0172145180404186,5130.0,-0.0317223817110062,5130.0,-0.0194160845130682,5130.0,-0.0488013550639153,5130.0,-0.0605935901403427,5130.0,-0.0321067608892918,5130.0,0.0148410694673657,5130.0,0.0027496241964399,5130.0,-0.0018582057673484,5130.0,-0.0544880963861942,5130.0,-0.015090293250978,5130.0,-0.0195574946701527,5130.0,0.0250918958336115,5130.0,0.0451943092048168,5130.0,0.0115543361753225
5140.0,-0.0439443066716194,5140.0,-0.0639350041747093,5140.0,-0.0649670362472534,5140.0,-0.0237450115382671,5140.0,-0.0243989173322916,5140.0,-0.0489466711878777,5140.0,-0.0185559261590242,5140.0,-0.0171981137245893,5140.0,-0.031705979257822,5140.0,-0.0193996801972389,5140.0,-0.0488013550639153,5140.0,-0.0605896785855293,5140.0,-0.0321169160306454,5140.0,0.014847326092422,5140.0,0.0027457140386104,5140.0,-0.0018628978868946,5140.0,-0.0544865317642689,5140.0,-0.0150777911767364,5140.0,-0.0197254661470652,5140.0,0.0250536147505045,5140.0,0.0451513454318047,5140.0,0.0115496534854174
5150.0,-0.0439341478049755,5150.0,-0.0639225095510483,5150.0,-0.0649678185582161,5150.0,-0.0237379781901836,5150.0,-0.0243981406092644,5150.0,-0.0489427596330643,5150.0,-0.0185707751661539,5150.0,-0.0171801466494799,5150.0,-0.0316911339759827,5150.0,-0.0193817131221294,5150.0,-0.0488005727529526,5150.0,-0.0605857744812965,5150.0,-0.0321286395192146,5150.0,0.01485357247293,5150.0,0.0027394676581025,5150.0,-0.0018714903853833,5150.0,-0.0544849708676338,5150.0,-0.0150629514828324,5150.0,-0.0197145268321037,5150.0,0.0250168889760971,5150.0,0.0451130568981171,5150.0,0.0115496534854174
5160.0,-0.0439286790788174,5160.0,-0.06391391903162,5160.0,-0.0649693831801414,5160.0,-0.0237332917749882,5160.0,-0.024396575987339,5160.0,-0.0489404201507568,5160.0,-0.0185856148600578,5160.0,-0.0171621702611446,5160.0,-0.0316778570413589,5160.0,-0.0193653106689453,5160.0,-0.0488021373748779,5160.0,-0.0605810880661011,5160.0,-0.0321387946605682,5160.0,0.0148621648550034,5160.0,0.0027339935768395,5160.0,-0.0018769645830616,5160.0,-0.0544802844524384,5160.0,-0.0150457574054599,5160.0,-0.0194606203585863,5160.0,0.0249840822070837,5160.0,0.0450747758150101,5160.0,0.0115488721057773
5170.0,-0.0439224317669868,5170.0,-0.0639037564396858,5170.0,-0.0649693831801414,5170.0,-0.0237270444631577,5170.0,-0.0243957936763763,5170.0,-0.0489404201507568,5170.0,-0.0186035819351673,5170.0,-0.0171481128782034,5170.0,-0.031665351241827,5170.0,-0.0193488970398903,5170.0,-0.0488037019968033,5170.0,-0.0605756156146526,5170.0,-0.0321505106985569,5170.0,0.014869193546474,5170.0,0.0027285288088023,5170.0,-0.0018839931581169,5170.0,-0.0544755980372429,5170.0,-0.0150293540209532,5170.0,-0.0193457789719105,5170.0,0.0249489210546017,5170.0,0.0450357124209404,5170.0,0.0115488721057773
5180.0,-0.043913833796978,5180.0,-0.0638920366764069,5180.0,-0.0649693831801414,5180.0,-0.0237207934260368,5180.0,-0.0243911072611809,5180.0,-0.0489349514245987,5180.0,-0.0186176486313343,5180.0,-0.0171277988702059,5180.0,-0.0316520743072033,5180.0,-0.0193309299647808,5180.0,-0.0488037019968033,5180.0,-0.0605717115104198,5180.0,-0.0321622304618359,5180.0,0.0148762315511703,5180.0,0.0027238368056714,5180.0,-0.0018918036948889,5180.0,-0.0544732511043549,5180.0,-0.0150129506364465,5180.0,-0.0192785933613777,5180.0,0.0249129869043827,5180.0,0.044996652752161,5180.0,0.0115465261042118
5190.0,-0.0439044609665871,5190.0,-0.0638779699802399,5190.0,-0.0649686008691788,5190.0,-0.023714542388916,5190.0,-0.0243895426392555,5190.0,-0.0489318259060383,5190.0,-0.0186340510845184,5190.0,-0.0171121694147587,5190.0,-0.0316348820924759,5190.0,-0.0193129628896713,5190.0,-0.048805259168148,5190.0,-0.0605670250952244,5190.0,-0.0321731641888618,5190.0,0.014883260242641,5190.0,0.0027175901923328,5190.0,-0.0018988322699442,5190.0,-0.0544693470001221,5190.0,-0.0150020122528076,5190.0,-0.0192723367363214,5190.0,0.0248762704432011,5190.0,0.044956024736166,5190.0,0.0115465261042118
5200.0,-0.0438950844109058,5200.0,-0.0638654753565788,5200.0,-0.064964696764946,5200.0,-0.0237075127661228,5200.0,-0.0243856385350227,5200.0,-0.0489279180765152,5200.0,-0.0186496824026108,5200.0,-0.0170926377177238,5200.0,-0.0316169150173664,5200.0,-0.0192957781255245,5200.0,-0.0488060414791107,5200.0,-0.0605631209909916,5200.0,-0.0321848876774311,5200.0,0.0148887252435088,5200.0,0.0027121161110699,5200.0,-0.0019058703910559,5200.0,-0.054467000067234,5200.0,-0.0149902915582061,5200.0,-0.0194434355944395,5200.0,0.0248411074280739,5200.0,0.0449169613420963,5200.0,0.0115434071049094
5210.0,-0.0438872762024403,5210.0,-0.0638568848371506,5210.0,-0.0649670362472534,5210.0,-0.0237059500068426,5210.0,-0.0243864189833403,5210.0,-0.0489271394908428,5210.0,-0.0186723321676254,5210.0,-0.0170770157128572,5210.0,-0.03160285577178,5210.0,-0.0192801468074322,5210.0,-0.0488068237900734,5210.0,-0.0605599917471409,5210.0,-0.0321981646120548,5210.0,0.0148887252435088,5210.0,0.0027074336539953,5210.0,-0.0019136810442432,5210.0,-0.0544638782739639,5210.0,-0.0149770062416792,5210.0,-0.019616087898612,5210.0,0.0248059555888176,5210.0,0.0448786802589893,5210.0,0.0115434071049094
5220.0,-0.043877899646759,5220.0,-0.0638451650738716,5220.0,-0.0649670362472534,5220.0,-0.023701261729002,5220.0,-0.0243848562240601,5220.0,-0.0489247925579548,5220.0,-0.0186871811747551,5220.0,-0.0170598309487104,5220.0,-0.0315864458680153,5220.0,-0.0192621797323227,5220.0,-0.0488083884119987,5220.0,-0.0605553053319454,5220.0,-0.0322098881006241,5220.0,0.0148895066231489,5220.0,0.0027043055742979,5220.0,-0.0019199275411665,5220.0,-0.0544576235115528,5220.0,-0.0149574754759669,5220.0,-0.0195035934448242,5220.0,0.0247754845768213,5220.0,0.0448450930416584,5220.0,0.0115465261042118
5230.0,-0.0438732132315636,5230.0,-0.063835009932518,5230.0,-0.0649662539362907,5230.0,-0.0236957930028439,5230.0,-0.0243840739130974,5230.0,-0.0489247925579548,5230.0,-0.0187051482498646,5230.0,-0.0170426461845636,5230.0,-0.0315700434148312,5230.0,-0.0192457772791386,5230.0,-0.0488115102052689,5230.0,-0.0605506151914597,5230.0,-0.0322208255529404,5230.0,0.0148941986262798,5230.0,0.0026996231172233,5230.0,-0.0019269561162218,5230.0,-0.0544318482279778,5230.0,-0.0149254510179162,5230.0,-0.0189223382622004,5230.0,0.0247489251196384,5230.0,0.0448130592703819,5230.0,0.0115535641089082
5240.0,-0.0438677445054054,5240.0,-0.0638264119625092,5240.0,-0.0649662539362907,5240.0,-0.0236911047250032,5240.0,-0.0243832971900702,5240.0,-0.0489216707646847,5240.0,-0.0187215507030487,5240.0,-0.0170293617993593,5240.0,-0.0315528512001038,5240.0,-0.0192285906523466,5240.0,-0.0488115102052689,5240.0,-0.060540460050106,5240.0,-0.0322301983833313,5240.0,0.0148996636271477,5240.0,0.0026941490359604,5240.0,-0.0019339942373335,5240.0,-0.0544240325689316,5240.0,-0.0149035733193159,5240.0,-0.0184879582375288,5240.0,0.0247231386601925,5240.0,0.0447825901210308,5240.0,0.0115605928003788
5250.0,-0.0438607111573219,5250.0,-0.0638162568211555,5250.0,-0.0649662539362907,5250.0,-0.0236872006207705,5250.0,-0.0243825148791075,5250.0,-0.0489201061427593,5250.0,-0.0187403000891209,5250.0,-0.0170090477913618,5250.0,-0.031537227332592,5250.0,-0.0192113965749741,5250.0,-0.0488115102052689,5250.0,-0.0605342127382755,5250.0,-0.0322411395609379,5250.0,0.014907474629581,5250.0,0.0026902484241873,5250.0,-0.00193945877254,5250.0,-0.0544271618127823,5250.0,-0.0148965353146195,5250.0,-0.0187207702547312,5250.0,0.0246832929551601,5250.0,0.044738844037056,5250.0,0.0115535641089082
5260.0,-0.0438528992235661,5260.0,-0.0638021901249886,5260.0,-0.0649639144539833,5260.0,-0.023680167272687,5260.0,-0.0243786089122295,5260.0,-0.0489169843494892,5260.0,-0.0187582783401012,5260.0,-0.016991863027215,5260.0,-0.0315231643617153,5260.0,-0.0191949941217899,5260.0,-0.0488138571381569,5260.0,-0.0605303086340427,5260.0,-0.0322520732879639,5260.0,0.014912948012352,5260.0,0.0026847743429243,5260.0,-0.0019472694257274,5260.0,-0.0544451288878918,5260.0,-0.0149066923186183,5260.0,-0.0193895231932402,5260.0,0.0246364213526249,5260.0,0.0446911789476871,5260.0,0.0115426247939467
5270.0,-0.0438489951193333,5270.0,-0.0637951642274857,5270.0,-0.064964696764946,5270.0,-0.0236770436167717,5270.0,-0.0243793856352568,5270.0,-0.0489177629351616,5270.0,-0.0187762454152107,5270.0,-0.0169770140200853,5270.0,-0.031510666012764,5270.0,-0.019177807494998,5270.0,-0.0488161966204643,5270.0,-0.0605232752859592,5270.0,-0.0322637930512428,5270.0,0.0149191943928599,5270.0,0.0026808737311512,5270.0,-0.0019527435069903,5270.0,-0.0544427819550037,5270.0,-0.0148949809372425,5270.0,-0.0195317175239325,5270.0,0.0246020499616861,5270.0,0.0446536801755428,5270.0,0.0115426247939467
5280.0,-0.0438427440822124,5280.0,-0.063785009086132,5280.0,-0.0649631321430206,5280.0,-0.0236700102686882,5280.0,-0.0243770442903042,5280.0,-0.0489162020385265,5280.0,-0.0187949948012829,5280.0,-0.0169613938778639,5280.0,-0.0314997285604477,5280.0,-0.0191598404198885,5280.0,-0.0488177612423897,5280.0,-0.0605185888707638,5280.0,-0.0322739481925964,5280.0,0.0149238873273134,5280.0,0.0026753996498882,5280.0,-0.0019597720820456,5280.0,-0.0544380955398083,5280.0,-0.0148848248645663,5280.0,-0.0196840576827526,5280.0,0.0245684515684843,5280.0,0.0446138381958008,5280.0,0.0115402787923813
5290.0,-0.0438372753560543,5290.0,-0.0637756362557411,5290.0,-0.0649615749716759,5290.0,-0.0236668866127729,5290.0,-0.0243770442903042,5290.0,-0.0489146374166012,5290.0,-0.018811397254467,5290.0,-0.0169442072510719,5290.0,-0.031485665589571,5290.0,-0.0191418640315533,5290.0,-0.0488185435533524,5290.0,-0.0605154633522034,5290.0,-0.032284889370203,5290.0,0.0149324797093868,5290.0,0.0026699351146817,5290.0,-0.0019668005406856,5290.0,-0.0544357523322105,5290.0,-0.0148699758574367,5290.0,-0.0197668746113777,5290.0,0.024533299729228,5290.0,0.0445771217346191,5290.0,0.011541061103344
5300.0,-0.0438286811113358,5300.0,-0.0637631341814995,5300.0,-0.0649560987949371,5300.0,-0.0236614178866148,5300.0,-0.0243746992200613,5300.0,-0.0489115118980408,5300.0,-0.0188262462615967,5300.0,-0.0169262308627367,5300.0,-0.0314731635153294,5300.0,-0.0191246792674065,5300.0,-0.0488185435533524,5300.0,-0.0605092123150826,5300.0,-0.032295823097229,5300.0,0.0149387260898948,5300.0,0.0026652431115508,5300.0,-0.0019738387782126,5300.0,-0.0544388741254807,5300.0,-0.0148645108565688,5300.0,-0.0199278071522713,5300.0,0.024495018646121,5300.0,0.0445357114076614,5300.0,0.0115371514111757
5310.0,-0.0438232123851776,5310.0,-0.0637521892786026,5310.0,-0.0649506375193596,5310.0,-0.023655166849494,5310.0,-0.0243786089122295,5310.0,-0.0489083863794804,5310.0,-0.0188403036445379,5310.0,-0.0169082637876272,5310.0,-0.0314591005444527,5310.0,-0.019106712192297,5310.0,-0.0488185435533524,5310.0,-0.0605053082108498,5310.0,-0.0323067605495453,5310.0,0.0149449817836285,5310.0,0.0026613424997776,5310.0,-0.0019816493149846,5310.0,-0.0544349700212479,5310.0,-0.0148527901619673,5310.0,-0.0199145320802927,5310.0,0.0244606398046017,5310.0,0.0444974303245544,5310.0,0.0115363691002131
5320.0,-0.0438177436590195,5320.0,-0.0637435987591743,5320.0,-0.0649490728974342,5320.0,-0.0236520431935787,5320.0,-0.0243825148791075,5320.0,-0.0489083863794804,5320.0,-0.018861398100853,5320.0,-0.0168965440243483,5320.0,-0.0314466021955013,5320.0,-0.0190903078764677,5320.0,-0.0488208867609501,5320.0,-0.0605021789669991,5320.0,-0.0323169194161892,5320.0,0.014951229095459,5320.0,0.0026574325747788,5320.0,-0.0019878959283232,5320.0,-0.0544310659170151,5320.0,-0.0148402880877256,5320.0,-0.0198699943721294,5320.0,0.0244270414113998,5320.0,0.0444614961743355,5320.0,0.0115371514111757
5330.0,-0.0438099317252636,5330.0,-0.0637350082397461,5330.0,-0.0649467259645462,5330.0,-0.0236473549157381,5330.0,-0.0243801679462194,5330.0,-0.048907607793808,5330.0,-0.0188801474869251,5330.0,-0.016880139708519,5330.0,-0.031435664743185,5330.0,-0.0190738961100578,5330.0,-0.0488232299685478,5330.0,-0.0604982748627663,5330.0,-0.0323294214904308,5330.0,0.0149551387876272,5330.0,0.0026488399598747,5330.0,-0.0019980524666607,5330.0,-0.054428718984127,5330.0,-0.0148285673931241,5330.0,-0.0198059361428022,5330.0,0.0243911072611809,5330.0,0.0444224365055561,5330.0,0.0115363691002131
5340.0,-0.0438052453100681,5340.0,-0.0637279748916626,5340.0,-0.0649467259645462,5340.0,-0.0236457921564579,5340.0,-0.0243801679462194,5340.0,-0.0489107295870781,5340.0,-0.0189004614949226,5340.0,-0.0168660823255777,5340.0,-0.0314247272908688,5340.0,-0.0190582741051912,5340.0,-0.0488247945904732,5340.0,-0.0604920238256454,5340.0,-0.0323395766317844,5340.0,0.0149598214775324,5340.0,0.0026425838004797,5340.0,-0.0020058632362633,5340.0,-0.0544271618127823,5340.0,-0.0148184103891253,5340.0,-0.0198496822267771,5340.0,0.0243567358702421,5340.0,0.0443849377334118,5340.0,0.0115355867892504
5350.0,-0.0438028983771801,5350.0,-0.0637209415435791,5350.0,-0.0649467259645462,5350.0,-0.0236434508115053,5350.0,-0.0243817325681448,5350.0,-0.0489130727946758,5350.0,-0.0189223382622004,5350.0,-0.0168543625622988,5350.0,-0.0314130112528801,5350.0,-0.0190410893410444,5350.0,-0.0488255731761456,5350.0,-0.060488898307085,5350.0,-0.0323520749807358,5350.0,0.0149621674790978,5350.0,0.0026379013434052,5350.0,-0.0020121191628277,5350.0,-0.0544216893613338,5350.0,-0.014803571626544,5350.0,-0.0197582803666592,5350.0,0.0243254844099283,5350.0,0.0443497747182846,5350.0,0.0115363691002131
5360.0,-0.043797429651022,5360.0,-0.0637115687131882,5360.0,-0.0649451687932014,5360.0,-0.0236411038786173,5360.0,-0.0243778266012669,5360.0,-0.0489138551056385,5360.0,-0.0189418699592352,5360.0,-0.0168395135551691,5360.0,-0.0314012914896011,5360.0,-0.0190262403339148,5360.0,-0.0488294847309589,5360.0,-0.0604849942028522,5360.0,-0.0323622301220894,5360.0,0.014965295791626,5360.0,0.0026308726519346,5360.0,-0.0020222759339958,5360.0,-0.0544216893613338,5360.0,-0.0147957606241107,5360.0,-0.0198114011436701,5360.0,0.024291105568409,5360.0,0.0443114936351776,5360.0,0.0115355867892504
5370.0,-0.0437919609248638,5370.0,-0.0637006312608719,5370.0,-0.0649412646889687,5370.0,-0.0236356351524591,5370.0,-0.0243746992200613,5370.0,-0.0489115118980408,5370.0,-0.018959054723382,5370.0,-0.016823111101985,5370.0,-0.0313926972448826,5370.0,-0.0190106201916933,5370.0,-0.0488318242132664,5370.0,-0.0604826472699642,5370.0,-0.0323739536106586,5370.0,0.0149660678580403,5370.0,0.0026238346472382,5370.0,-0.0020300864707678,5370.0,-0.0544193461537361,5370.0,-0.0147848222404718,5370.0,-0.0198098365217447,5370.0,0.0242567341774702,5370.0,0.044274777173996,5370.0,0.0115355867892504
5380.0,-0.0437864921987057,5380.0,-0.063692033290863,5380.0,-0.0649389177560806,5380.0,-0.0236332938075066,5380.0,-0.0243739224970341,5380.0,-0.0489138551056385,5380.0,-0.0189793668687344,5380.0,-0.0168098248541355,5380.0,-0.0313794128596783,5380.0,-0.018994988873601,5380.0,-0.0488349460065365,5380.0,-0.0604810900986195,5380.0,-0.0323848873376846,5380.0,0.0149676315486431,5380.0,0.0026168059557676,5380.0,-0.0020394611638039,5380.0,-0.0544138737022877,5380.0,-0.0147699732333422,5380.0,-0.0197192188352346,5380.0,0.0242254827171564,5380.0,0.0442396253347397,5380.0,0.0115363691002131
5390.0,-0.0437833666801453,5390.0,-0.0636904761195183,5390.0,-0.0649412646889687,5390.0,-0.0236332938075066,5390.0,-0.024375481531024,5390.0,-0.0489154197275639,5390.0,-0.0190028082579374,5390.0,-0.0167996697127819,5390.0,-0.0313700400292873,5390.0,-0.0189770217984915,5390.0,-0.0488365106284618,5390.0,-0.0604779608547688,5390.0,-0.0323958247900009,5390.0,0.0149707598611712,5390.0,0.0026129053439945,5390.0,-0.0020457075443118,5390.0,-0.0544045008718967,5390.0,-0.0147520061582327,5390.0,-0.0196934305131435,5390.0,0.0241950117051601,5390.0,0.0442060269415379,5390.0,0.0115402787923813
5400.0,-0.0437778979539871,5400.0,-0.0636826604604721,5400.0,-0.064940482378006,5400.0,-0.0236317291855812,5400.0,-0.0243746992200613,5400.0,-0.048918541520834,5400.0,-0.0190246775746346,5400.0,-0.0167879574000835,5400.0,-0.0313583239912987,5400.0,-0.0189613997936249,5400.0,-0.0488372929394245,5400.0,-0.0604748390614986,5400.0,-0.0324067622423172,5400.0,0.0149715421721339,5400.0,0.0026058673392981,5400.0,-0.0020543001592159,5400.0,-0.0544013790786266,5400.0,-0.0147418491542339,5400.0,-0.0196567140519619,5400.0,0.0241614244878292,5400.0,0.0441685281693935,5400.0,0.0115394974127412
5410.0,-0.102080464363098,5410.0,-0.102079682052135,5410.0,-0.102080464363098,5410.0,-0.0702061280608177,5410.0,-0.080497570335865,5410.0,-0.102033585309982,5410.0,-0.0793460011482239,5410.0,-0.0786108449101448,5410.0,-0.0907929241657257,5410.0,-0.0469583794474602,5410.0,-0.101953901350498,5410.0,-0.102077335119247,5410.0,-0.0879358723759651,5410.0,-0.0302145667374134,5410.0,-0.0462146289646626,5410.0,-0.051802147179842,5410.0,-0.0922202691435814,5410.0,-0.0389028824865818,5410.0,-0.0222137533128262,5410.0,-0.0325786396861076,5410.0,-0.0194801520556211,5410.0,-0.0414599217474461
5420.0,-0.105824664235115,5420.0,-0.117121510207653,5420.0,-0.12088718265295,5420.0,-0.07016821205616,5420.0,-0.0801136046648026,5420.0,-0.106762126088142,5420.0,-0.0789104476571083,5420.0,-0.0783166885375977,5420.0,-0.0906292945146561,5420.0,-0.0459962859749794,5420.0,-0.105691812932491,5420.0,-0.108598046004772,5420.0,-0.0878323540091515,5420.0,-0.0299415588378906,5420.0,-0.0460900329053402,5420.0,-0.0517149940133095,5420.0,-0.0929417610168457,5420.0,-0.0403399467468262,5420.0,-0.0219649318605661,5420.0,-0.0322305671870708,5420.0,-0.0193711277097464,5420.0,-0.0411837585270405
5430.0,-0.105512142181396,5430.0,-0.116808988153934,5430.0,-0.12067623436451,5430.0,-0.0700588226318359,5430.0,-0.0798791870474815,5430.0,-0.106512166559696,5430.0,-0.0786370262503624,5430.0,-0.0781526565551758,5430.0,-0.0905042663216591,5430.0,-0.0452540405094624,5430.0,-0.105566792190075,5430.0,-0.108535580337048,5430.0,-0.0877698883414268,5430.0,-0.0297384262084961,5430.0,-0.0460119247436523,5430.0,-0.0516681671142578,5430.0,-0.093597985804081,5430.0,-0.0416056625545025,5430.0,-0.0216445922851563,5430.0,-0.0319493301212788,5430.0,-0.0193008426576853,5430.0,-0.0409571640193462
5440.0,-0.105277732014656,5440.0,-0.116582490503788,5440.0,-0.120543383061886,5440.0,-0.0698556900024414,5440.0,-0.0797151550650597,5440.0,-0.106324575841427,5440.0,-0.0784495398402214,5440.0,-0.0780589133501053,5440.0,-0.0903948768973351,5440.0,-0.0445899963378906,5440.0,-0.105441763997078,5440.0,-0.108441829681396,5440.0,-0.0876995101571083,5440.0,-0.0295509342104197,5440.0,-0.045933723449707,5440.0,-0.0516212470829487,5440.0,-0.0941682830452919,5440.0,-0.0426837913691998,5440.0,-0.0216211322695017,5440.0,-0.0316993705928326,5440.0,-0.0192461963742971,5440.0,-0.0407462120056152
5450.0,-0.105098061263561,5450.0,-0.116410635411739,5450.0,-0.120457462966442,5450.0,-0.0696057304739952,5450.0,-0.0795901343226433,5450.0,-0.106152728199959,5450.0,-0.0782854110002518,5450.0,-0.0780119895935059,5450.0,-0.0903089568018913,5450.0,-0.0439727790653706,5450.0,-0.105309009552002,5450.0,-0.108340263366699,5450.0,-0.0876292213797569,5450.0,-0.0293711666017771,5450.0,-0.0458399765193462,5450.0,-0.0515666007995605,5450.0,-0.0946526527404785,5450.0,-0.0435587875545025,5450.0,-0.0214336402714252,5450.0,-0.0314649604260921,5450.0,-0.0191836357116699,5450.0,-0.0405352599918842
5460.0,-0.104934029281139,5460.0,-0.116262152791023,5460.0,-0.120387174189091,5460.0,-0.0693323165178299,5460.0,-0.0794807448983192,5460.0,-0.105996511876583,5460.0,-0.0781291946768761,5460.0,-0.077972985804081,5460.0,-0.090223029255867,5460.0,-0.0434103012084961,5460.0,-0.105176165699959,5460.0,-0.108215235173702,5460.0,-0.0875354781746864,5460.0,-0.0291993152350187,5460.0,-0.0457540526986122,5460.0,-0.0515119545161724,5460.0,-0.0950667411088943,5460.0,-0.0442696586251259,5460.0,-0.0214179996401072,5460.0,-0.0312461853027344,5460.0,-0.0191289912909269,5460.0,-0.0403399467468262
5470.0,-0.104785539209843,5470.0,-0.116144947707653,5470.0,-0.120332531630993,5470.0,-0.069066621363163,5470.0,-0.0793948173522949,5470.0,-0.105871491134167,5470.0,-0.0779885277152061,5470.0,-0.0779338851571083,5470.0,-0.0901526436209679,5470.0,-0.0428869239985943,5470.0,-0.105043411254883,5470.0,-0.108098030090332,5470.0,-0.0874417349696159,5470.0,-0.0290274620056152,5470.0,-0.0456603057682514,5470.0,-0.0514493957161903,5470.0,-0.0953949019312859,5470.0,-0.0448400489985943,5470.0,-0.0211289413273335,5470.0,-0.0310508739203215,5470.0,-0.0190742500126362,5470.0,-0.0401446335017681
5480.0,-0.1046526953578,5480.0,-0.116043381392956,5480.0,-0.120269969105721,5480.0,-0.0688166618347168,5480.0,-0.0793088898062706,5480.0,-0.105769924819469,5480.0,-0.0778635963797569,5480.0,-0.0778947845101357,5480.0,-0.0900745391845703,5480.0,-0.0424024574458599,5480.0,-0.10491056740284,5480.0,-0.107973098754883,5480.0,-0.0873323455452919,5480.0,-0.0288634300231934,5480.0,-0.0455587394535542,5480.0,-0.0513869300484657,5480.0,-0.0956448540091515,5480.0,-0.0452853217720985,5480.0,-0.0208789836615324,5480.0,-0.0308712013065815,5480.0,-0.019019603729248,5480.0,-0.0399649627506733
5490.0,-0.104535579681396,5490.0,-0.115957453846931,5490.0,-0.120207503437996,5490.0,-0.0685667023062706,5490.0,-0.079230785369873,5490.0,-0.105683997273445,5490.0,-0.0777385756373405,5490.0,-0.0778401419520378,5490.0,-0.089988611638546,5490.0,-0.0419493690133095,5490.0,-0.104793362319469,5490.0,-0.107855893671513,5490.0,-0.0872073173522949,5490.0,-0.0286993030458689,5490.0,-0.0454649925231934,5490.0,-0.0513321869075298,5490.0,-0.095824621617794,5490.0,-0.0456368438899517,5490.0,-0.0206680297851563,5490.0,-0.0307149887084961,5490.0,-0.0189649593085051,5490.0,-0.0397931113839149
5500.0,-0.104426197707653,5500.0,-0.115871526300907,5500.0,-0.120137214660645,5500.0,-0.0683244690299034,5500.0,-0.0791526809334755,5500.0,-0.105613708496094,5500.0,-0.0776213631033897,5500.0,-0.0777854919433594,5500.0,-0.0899026915431023,5500.0,-0.0415274612605572,5500.0,-0.104668334126472,5500.0,-0.107738688588142,5500.0,-0.0870745703577995,5500.0,-0.028535271063447,5500.0,-0.0453634262084961,5500.0,-0.0512697212398052,5500.0,-0.0959417372941971,5500.0,-0.0459103584289551,5500.0,-0.0206055641174316,5500.0,-0.0305665023624897,5500.0,-0.0189180374145508,5500.0,-0.0396212600171566
5510.0,-0.104332447052002,5510.0,-0.115801237523556,5510.0,-0.120066836476326,5510.0,-0.068090058863163,5510.0,-0.0790744796395302,5510.0,-0.105551145970821,5510.0,-0.0775041580200195,5510.0,-0.077722929418087,5510.0,-0.0898167639970779,5510.0,-0.0411368384957314,5510.0,-0.104551218450069,5510.0,-0.107629299163818,5510.0,-0.0869417190551758,5510.0,-0.028378963470459,5510.0,-0.0452696792781353,5510.0,-0.0512072555720806,5510.0,-0.0959808379411697,5510.0,-0.0461213104426861,5510.0,-0.020332146435976,5510.0,-0.0304259303957224,5510.0,-0.0188633929938078,5510.0,-0.039449404925108
5520.0,-0.104230880737305,5520.0,-0.115730859339237,5520.0,-0.119996547698975,5520.0,-0.0678400993347168,5520.0,-0.0790041908621788,5520.0,-0.105496503412724,5520.0,-0.0773714110255241,5520.0,-0.0776604637503624,5520.0,-0.0897230133414268,5520.0,-0.0407696738839149,5520.0,-0.104434013366699,5520.0,-0.107512094080448,5520.0,-0.0867933258414268,5520.0,-0.0282149314880371,5520.0,-0.045168112963438,5520.0,-0.0511446967720985,5520.0,-0.0959651991724968,5520.0,-0.0462931655347347,5520.0,-0.020136833190918,5520.0,-0.0303009040653706,5520.0,-0.018808651715517,5520.0,-0.0392774604260921
5530.0,-0.104137137532234,5530.0,-0.11565275490284,5530.0,-0.119926266372204,5530.0,-0.0675901398062706,5530.0,-0.078933909535408,5530.0,-0.105441763997078,5530.0,-0.0772463828325272,5530.0,-0.0775901824235916,5530.0,-0.0896214470267296,5530.0,-0.0404181480407715,5530.0,-0.104316808283329,5530.0,-0.107402704656124,5530.0,-0.0866448432207108,5530.0,-0.0280587207525969,5530.0,-0.0450743697583675,5530.0,-0.0510900504887104,5530.0,-0.0959027335047722,5530.0,-0.0464337356388569,5530.0,-0.0197617541998625,5530.0,-0.0301836971193552,5530.0,-0.0187618266791105,5530.0,-0.0391134284436703
5540.0,-0.104043386876583,5540.0,-0.115582466125488,5540.0,-0.119855880737305,5540.0,-0.0673400908708572,5540.0,-0.0788713470101357,5540.0,-0.105402760207653,5540.0,-0.0771369934082031,5540.0,-0.0775197967886925,5540.0,-0.0895198807120323,5540.0,-0.0400899909436703,5540.0,-0.104207418859005,5540.0,-0.107285596430302,5540.0,-0.0864886268973351,5540.0,-0.0279102325439453,5540.0,-0.0449806228280067,5540.0,-0.051027487963438,5540.0,-0.0957933440804482,5540.0,-0.0465509407222271,5540.0,-0.019355583935976,5540.0,-0.0300821308046579,5540.0,-0.0187070854008198,5540.0,-0.0389415733516216
5550.0,-0.103949643671513,5550.0,-0.115504361689091,5550.0,-0.119777776300907,5550.0,-0.0670979544520378,5550.0,-0.078808881342411,5550.0,-0.105355836451054,5550.0,-0.0770354270935059,5550.0,-0.0774495154619217,5550.0,-0.0894104987382889,5550.0,-0.0397696495056152,5550.0,-0.104090213775635,5550.0,-0.107176207005978,5550.0,-0.086324505507946,5550.0,-0.0277618411928415,5550.0,-0.044886875897646,5550.0,-0.0509728454053402,5550.0,-0.0956526771187782,5550.0,-0.0466525070369244,5550.0,-0.0193945895880461,5550.0,-0.0299883838742971,5550.0,-0.0186602603644133,5550.0,-0.0387697219848633
5560.0,-0.103855900466442,5560.0,-0.115426257252693,5560.0,-0.119715310633183,5560.0,-0.0668557211756706,5560.0,-0.0787542387843132,5560.0,-0.105309009552002,5560.0,-0.0769260451197624,5560.0,-0.0773714110255241,5560.0,-0.0892932936549187,5560.0,-0.0394805930554867,5560.0,-0.103973008692265,5560.0,-0.107059001922607,5560.0,-0.0861604735255241,5560.0,-0.027597714215517,5560.0,-0.0447931289672852,5560.0,-0.0509181991219521,5560.0,-0.0954886451363564,5560.0,-0.0467462539672852,5560.0,-0.0193243026733398,5560.0,-0.0298946388065815,5560.0,-0.018613338470459,5560.0,-0.0386055968701839
5570.0,-0.103762149810791,5570.0,-0.115348055958748,5570.0,-0.119645021855831,5570.0,-0.0666057616472244,5570.0,-0.0786916762590408,5570.0,-0.105262093245983,5570.0,-0.0768244788050652,5570.0,-0.077293299138546,5570.0,-0.0891760811209679,5570.0,-0.0391993522644043,5570.0,-0.103863716125488,5570.0,-0.10693397372961,5570.0,-0.0859964415431023,5570.0,-0.0274493228644133,5570.0,-0.0446915626525879,5570.0,-0.0508556365966797,5570.0,-0.0952855125069618,5570.0,-0.046824362128973,5570.0,-0.0191446300595999,5570.0,-0.0298087131232023,5570.0,-0.018558694049716,5570.0,-0.0384415648877621
5580.0,-0.1036761328578,5580.0,-0.11526995152235,5580.0,-0.119582466781139,5580.0,-0.0663713440299034,5580.0,-0.0786370262503624,5580.0,-0.105207443237305,5580.0,-0.0767229124903679,5580.0,-0.0772150978446007,5580.0,-0.0890589728951454,5580.0,-0.0389337539672852,5580.0,-0.103754334151745,5580.0,-0.10681676864624,5580.0,-0.0858323127031326,5580.0,-0.0273008346557617,5580.0,-0.0445978157222271,5580.0,-0.0507931709289551,5580.0,-0.0950667411088943,5580.0,-0.0469025634229183,5580.0,-0.0188867580145597,5580.0,-0.0297306068241596,5580.0,-0.0185117721557617,5580.0,-0.0382852554321289
5590.0,-0.103590205311775,5590.0,-0.115191839635372,5590.0,-0.119520001113415,5590.0,-0.0661291107535362,5590.0,-0.0785744711756706,5590.0,-0.105160526931286,5590.0,-0.0766057968139648,5590.0,-0.077129177749157,5590.0,-0.0889417678117752,5590.0,-0.0386837013065815,5590.0,-0.103644944727421,5590.0,-0.106691837310791,5590.0,-0.085660457611084,5590.0,-0.0271524433046579,5590.0,-0.0444962494075298,5590.0,-0.0507384315133095,5590.0,-0.0948167815804482,5590.0,-0.0469806678593159,5590.0,-0.0186367984861135,5590.0,-0.0296525005251169,5590.0,-0.0184571277350187,5590.0,-0.038121223449707
5600.0,-0.103504277765751,5600.0,-0.115121558308601,5600.0,-0.119465254247189,5600.0,-0.0658947974443436,5600.0,-0.078527644276619,5600.0,-0.105113700032234,5600.0,-0.0764964148402214,5600.0,-0.0770510658621788,5600.0,-0.0888167396187782,5600.0,-0.0384415648877621,5600.0,-0.103535555303097,5600.0,-0.106566809117794,5600.0,-0.0854886099696159,5600.0,-0.027011776342988,5600.0,-0.0444025062024593,5600.0,-0.0506759658455849,5600.0,-0.0945433601737022,5600.0,-0.0470431335270405,5600.0,-0.0177148822695017,5600.0,-0.0295742992311716,5600.0,-0.018402386456728,5600.0,-0.0379650108516216
5610.0,-0.103426173329353,5610.0,-0.115051172673702,5610.0,-0.119410611689091,5610.0,-0.0656603798270226,5610.0,-0.0784729942679405,5610.0,-0.105066776275635,5610.0,-0.0763870254158974,5610.0,-0.0769729614257813,5610.0,-0.0886917114257813,5610.0,-0.0382149703800678,5610.0,-0.103426173329353,5610.0,-0.106449604034424,5610.0,-0.0853167548775673,5610.0,-0.0268712043762207,5610.0,-0.0443009398877621,5610.0,-0.0506213195621967,5610.0,-0.0942620262503624,5610.0,-0.047121237963438,5610.0,-0.0170977599918842,5610.0,-0.029511833563447,5610.0,-0.0183555614203215,5610.0,-0.0378165245056152
5620.0,-0.103348068892956,5620.0,-0.114988707005978,5620.0,-0.119363687932491,5620.0,-0.0654260665178299,5620.0,-0.0784260779619217,5620.0,-0.105019949376583,5620.0,-0.0762619972229004,5620.0,-0.0768870338797569,5620.0,-0.088574506342411,5620.0,-0.0380040183663368,5620.0,-0.103324607014656,5620.0,-0.106332398951054,5620.0,-0.0851448103785515,5620.0,-0.0267305374145508,5620.0,-0.0442071929574013,5620.0,-0.0505665801465511,5620.0,-0.0939964279532433,5620.0,-0.0472071655094624,5620.0,-0.0176445972174406,5620.0,-0.0294570922851563,5620.0,-0.0183164607733488,5620.0,-0.0376837737858295
5630.0,-0.103269957005978,5630.0,-0.114918425679207,5630.0,-0.119309045374393,5630.0,-0.0651838332414627,5630.0,-0.0783714279532433,5630.0,-0.104973033070564,5630.0,-0.0761447921395302,5630.0,-0.0768088325858116,5630.0,-0.0884495750069618,5630.0,-0.0377930663526058,5630.0,-0.103215217590332,5630.0,-0.106207467615604,5630.0,-0.0849729552865028,5630.0,-0.0265899654477835,5630.0,-0.044105626642704,5630.0,-0.0505041144788265,5630.0,-0.0936917290091515,5630.0,-0.0472775474190712,5630.0,-0.0176915172487497,5630.0,-0.0293946266174316,5630.0,-0.0182696338742971,5630.0,-0.0375509262084961
5640.0,-0.103199578821659,5640.0,-0.114855863153934,5640.0,-0.119262121617794,5640.0,-0.0649416968226433,5640.0,-0.0783245116472244,5640.0,-0.104926206171513,5640.0,-0.076019860804081,5640.0,-0.0767229124903679,5640.0,-0.0883245468139648,5640.0,-0.0375900268554688,5640.0,-0.103113651275635,5640.0,-0.106082439422607,5640.0,-0.0848011001944542,5640.0,-0.0264492984861135,5640.0,-0.0440118797123432,5640.0,-0.0504493713378906,5640.0,-0.0933870300650597,5640.0,-0.0473634712398052,5640.0,-0.0181446075439453,5640.0,-0.0293478015810251,5640.0,-0.0182305332273245,5640.0,-0.0374259017407894
5650.0,-0.103121474385262,5650.0,-0.114785574376583,5650.0,-0.119215302169323,5650.0,-0.0647072792053223,5650.0,-0.078269861638546,5650.0,-0.104879282414913,5650.0,-0.075879193842411,5650.0,-0.0766369849443436,5650.0,-0.0882073417305946,5650.0,-0.0373947136104107,5650.0,-0.103004269301891,5650.0,-0.105949595570564,5650.0,-0.0846214294433594,5650.0,-0.0263087283819914,5650.0,-0.043910313397646,5650.0,-0.0503947250545025,5650.0,-0.0930667892098427,5650.0,-0.0474337600171566,5650.0,-0.0182383544743061,5650.0,-0.029300881549716,5650.0,-0.0181836131960154,5650.0,-0.0373008735477924
5660.0,-0.103043369948864,5660.0,-0.114715293049812,5660.0,-0.119168378412724,5660.0,-0.0644650459289551,5660.0,-0.0782229453325272,5660.0,-0.104824639856815,5660.0,-0.0757385268807411,5660.0,-0.0765432342886925,5660.0,-0.0880824103951454,5660.0,-0.0371994040906429,5660.0,-0.102902702987194,5660.0,-0.105816841125488,5660.0,-0.0844417586922646,5660.0,-0.0261680614203215,5660.0,-0.0438087470829487,5660.0,-0.0503322593867779,5660.0,-0.0927386283874512,5660.0,-0.0475040450692177,5660.0,-0.0183945652097464,5660.0,-0.0292462352663279,5660.0,-0.0181446075439453,5660.0,-0.0371915809810162
5670.0,-0.102973081171513,5670.0,-0.11465273052454,5670.0,-0.119129374623299,5670.0,-0.0642150864005089,5670.0,-0.0781682953238487,5670.0,-0.104785539209843,5670.0,-0.075597956776619,5670.0,-0.0764651298522949,5670.0,-0.0879652053117752,5670.0,-0.0370196364820004,5670.0,-0.102808952331543,5670.0,-0.105683997273445,5670.0,-0.084261991083622,5670.0,-0.026035213842988,5670.0,-0.0437150001525879,5670.0,-0.0502775199711323,5670.0,-0.0924026519060135,5670.0,-0.0475744269788265,5670.0,-0.0184883121401072,5670.0,-0.0292071346193552,5670.0,-0.0180976875126362,5670.0,-0.0370821952819824
5680.0,-0.102902702987194,5680.0,-0.114590264856815,5680.0,-0.119082450866699,5680.0,-0.0639806762337685,5680.0,-0.0781213790178299,5680.0,-0.104738712310791,5680.0,-0.0754416510462761,5680.0,-0.0763713866472244,5680.0,-0.087848000228405,5680.0,-0.0368399620056152,5680.0,-0.102707386016846,5680.0,-0.105551145970821,5680.0,-0.0840823203325272,5680.0,-0.0259024631232023,5680.0,-0.0436212532222271,5680.0,-0.0502228736877441,5680.0,-0.092066764831543,5680.0,-0.0476447120308876,5680.0,-0.0188008304685354,5680.0,-0.0291603095829487,5680.0,-0.0180586818605661,5680.0,-0.0369884483516216
5690.0,-0.102832414209843,5690.0,-0.114527799189091,5690.0,-0.119043447077274,5690.0,-0.063738539814949,5690.0,-0.0780667290091515,5690.0,-0.104691796004772,5690.0,-0.0752932578325272,5690.0,-0.0762854591012001,5690.0,-0.0877307876944542,5690.0,-0.0366681106388569,5690.0,-0.102605819702148,5690.0,-0.105418398976326,5690.0,-0.0838948264718056,5690.0,-0.0257696155458689,5690.0,-0.0435275100171566,5690.0,-0.0501603148877621,5690.0,-0.0917307883501053,5690.0,-0.0477071776986122,5690.0,-0.0191914569586515,5690.0,-0.0291290283203125,5690.0,-0.0180195812135935,5690.0,-0.0368947051465511
5700.0,-0.102762125432491,5700.0,-0.114465236663818,5700.0,-0.119004346430302,5700.0,-0.063504122197628,5700.0,-0.0780198127031326,5700.0,-0.1046526953578,5700.0,-0.0751370415091515,5700.0,-0.0761995315551758,5700.0,-0.0876214057207108,5700.0,-0.036504078656435,5700.0,-0.102512076497078,5700.0,-0.105293370783329,5700.0,-0.083707332611084,5700.0,-0.0256290435791016,5700.0,-0.0434337630867958,5700.0,-0.0500978492200375,5700.0,-0.0913949012756348,5700.0,-0.0477775596082211,5700.0,-0.0195977222174406,5700.0,-0.0290899276733398,5700.0,-0.0179805755615234,5700.0,-0.0368087776005268
5710.0,-0.102691747248173,5710.0,-0.114402770996094,5710.0,-0.118965245783329,5710.0,-0.0632698088884354,5710.0,-0.077972985804081,5710.0,-0.104613684117794,5710.0,-0.0749807357788086,5710.0,-0.0761136040091515,5710.0,-0.0875042006373405,5710.0,-0.0363399498164654,5710.0,-0.102418325841427,5710.0,-0.105168342590332,5710.0,-0.0835198387503624,5710.0,-0.0255040172487497,5710.0,-0.043340016156435,5710.0,-0.0500432029366493,5710.0,-0.0910511016845703,5710.0,-0.0478322021663189,5710.0,-0.0197071079164743,5710.0,-0.0290431026369333,5710.0,-0.0179336555302143,5710.0,-0.036722756922245
5720.0,-0.102629281580448,5720.0,-0.114348128437996,5720.0,-0.118926241993904,5720.0,-0.0630432143807411,5720.0,-0.0779260620474815,5720.0,-0.104574583470821,5720.0,-0.0748323425650597,5720.0,-0.0760354027152061,5720.0,-0.0873870849609375,5720.0,-0.0361759178340435,5720.0,-0.10231675952673,5720.0,-0.105035595595837,5720.0,-0.0833323523402214,5720.0,-0.0253711696714163,5720.0,-0.0432462692260742,5720.0,-0.0499728210270405,5720.0,-0.0907152220606804,5720.0,-0.0478946678340435,5720.0,-0.0198477748781443,5720.0,-0.0290118213742971,5720.0,-0.0178945548832417,5720.0,-0.0366524718701839
5730.0,-0.10257463902235,5730.0,-0.114301204681396,5730.0,-0.118894957005978,5730.0,-0.0628244429826736,5730.0,-0.0778792425990105,5730.0,-0.104535579681396,5730.0,-0.0746760368347168,5730.0,-0.0759494826197624,5730.0,-0.0872777029871941,5730.0,-0.0360274314880371,5730.0,-0.102230839431286,5730.0,-0.104918383061886,5730.0,-0.083152674138546,5730.0,-0.0252384189516306,5730.0,-0.0431525222957134,5730.0,-0.0499181747436523,5730.0,-0.0903792381286621,5730.0,-0.0479415915906429,5730.0,-0.0198008548468351,5730.0,-0.0289805419743061,5730.0,-0.0178555492311716,5730.0,-0.0365821830928326
5740.0,-0.102519892156124,5740.0,-0.114246562123299,5740.0,-0.118855953216553,5740.0,-0.0626056715846062,5740.0,-0.0778401419520378,5740.0,-0.104504302144051,5740.0,-0.0745276436209679,5740.0,-0.0758713707327843,5740.0,-0.08716831356287,5740.0,-0.0358790419995785,5740.0,-0.102137088775635,5740.0,-0.104793362319469,5740.0,-0.0829730033874512,5740.0,-0.0251055713742971,5740.0,-0.0430665984749794,5740.0,-0.0498556159436703,5740.0,-0.0900510773062706,5740.0,-0.0480040572583675,5740.0,-0.0196836479008198,5740.0,-0.0289415363222361,5740.0,-0.017816448584199,5740.0,-0.0365118980407715
5750.0,-0.102465249598026,5750.0,-0.114199638366699,5750.0,-0.118824675679207,5750.0,-0.0623948089778423,5750.0,-0.0777932181954384,5750.0,-0.104473017156124,5750.0,-0.0743791610002518,5750.0,-0.0757932662963867,5750.0,-0.087058924138546,5750.0,-0.0357306487858295,5750.0,-0.102043345570564,5750.0,-0.104676149785519,5750.0,-0.0827932357788086,5750.0,-0.0249805450439453,5750.0,-0.0429806709289551,5750.0,-0.0497931502759457,5750.0,-0.0897308364510536,5750.0,-0.0480509772896767,5750.0,-0.0194336902350187,5750.0,-0.0289102550595999,5750.0,-0.0177774429321289,5750.0,-0.0364493392407894
5760.0,-0.102410510182381,5760.0,-0.114144995808601,5760.0,-0.11879339069128,5760.0,-0.0621760375797749,5760.0,-0.0777463912963867,5760.0,-0.104434013366699,5760.0,-0.0742151290178299,5760.0,-0.0757151618599892,5760.0,-0.0869495421648026,5760.0,-0.0355899818241596,5760.0,-0.101949594914913,5760.0,-0.104558944702148,5760.0,-0.0826135650277138,5760.0,-0.0248477943241596,5760.0,-0.0428869239985943,5760.0,-0.0497306846082211,5760.0,-0.0894261375069618,5760.0,-0.0481134429574013,5760.0,-0.0195274353027344,5760.0,-0.0288867950439453,5760.0,-0.0177383422851563,5760.0,-0.0363946929574013
5770.0,-0.102348044514656,5770.0,-0.114098072052002,5770.0,-0.118762210011482,5770.0,-0.0619650855660439,5770.0,-0.0776994749903679,5770.0,-0.104402735829353,5770.0,-0.0740666389465332,5770.0,-0.0756369605660439,5770.0,-0.0868401527404785,5770.0,-0.0354493148624897,5770.0,-0.101863674819469,5770.0,-0.104441836476326,5770.0,-0.082433894276619,5770.0,-0.0247305873781443,5770.0,-0.0428009033203125,5770.0,-0.0496681220829487,5770.0,-0.0891292616724968,5770.0,-0.0481681823730469,5770.0,-0.0195039752870798,5770.0,-0.0288556106388569,5770.0,-0.0176992416381836,5770.0,-0.0363399498164654
5780.0,-0.102293394505978,5780.0,-0.114043429493904,5780.0,-0.118730925023556,5780.0,-0.0617619529366493,5780.0,-0.0776604637503624,5780.0,-0.104371450841427,5780.0,-0.0739026069641113,5780.0,-0.0755510330200195,5780.0,-0.0867385864257813,5780.0,-0.035316564142704,5780.0,-0.101777747273445,5780.0,-0.104324631392956,5780.0,-0.0822620391845703,5780.0,-0.0246055610477924,5780.0,-0.0427227988839149,5780.0,-0.0496056564152241,5780.0,-0.0888402014970779,5780.0,-0.0482150092720985,5780.0,-0.0191914569586515,5780.0,-0.0288243293762207,5780.0,-0.0176602359861135,5780.0,-0.0362853072583675
5790.0,-0.102238655090332,5790.0,-0.113988690078259,5790.0,-0.11869964748621,5790.0,-0.0615510009229183,5790.0,-0.0776135474443436,5790.0,-0.104332447052002,5790.0,-0.0737463980913162,5790.0,-0.0754807516932487,5790.0,-0.086637020111084,5790.0,-0.0351837165653706,5790.0,-0.101683996617794,5790.0,-0.104215241968632,5790.0,-0.0820823684334755,5790.0,-0.0244805347174406,5790.0,-0.0426368713378906,5790.0,-0.0495431907474995,5790.0,-0.0885589644312859,5790.0,-0.0482697486877441,5790.0,-0.0187070854008198,5790.0,-0.0287930499762297,5790.0,-0.0176211353391409,5790.0,-0.0362305641174316
5800.0,-0.102176189422607,5800.0,-0.113941863179207,5800.0,-0.118668459355831,5800.0,-0.0613478682935238,5800.0,-0.0775745436549187,5800.0,-0.104301169514656,5800.0,-0.0735822692513466,5800.0,-0.0753948241472244,5800.0,-0.0865354537963867,5800.0,-0.0350586883723736,5800.0,-0.10159807652235,5800.0,-0.104105852544308,5800.0,-0.0819104239344597,5800.0,-0.0243633277714252,5800.0,-0.0425587669014931,5800.0,-0.0494806282222271,5800.0,-0.088269904255867,5800.0,-0.0483087562024593,5800.0,-0.0178477298468351,5800.0,-0.0287618637084961,5800.0,-0.017582131549716,5800.0,-0.0361759178340435
5810.0,-0.102121450006962,5810.0,-0.113887123763561,5810.0,-0.118637181818485,5810.0,-0.0611369125545025,5810.0,-0.0775276198983192,5810.0,-0.104277707636356,5810.0,-0.0734260603785515,5810.0,-0.075324535369873,5810.0,-0.0864338874816895,5810.0,-0.0349337570369244,5810.0,-0.101512148976326,5810.0,-0.103996470570564,5810.0,-0.081738568842411,5810.0,-0.0242462158203125,5810.0,-0.0424806587398052,5810.0,-0.0494181625545025,5810.0,-0.0880433097481728,5810.0,-0.0483946800231934,5810.0,-0.0189336780458689,5810.0,-0.0287618637084961,5810.0,-0.0175586696714163,5810.0,-0.0361524596810341
5820.0,-0.102066807448864,5820.0,-0.11384029686451,5820.0,-0.118605904281139,5820.0,-0.0609494224190712,5820.0,-0.0774886161088943,5820.0,-0.104246519505978,5820.0,-0.0732620283961296,5820.0,-0.0752463340759277,5820.0,-0.086340144276619,5820.0,-0.0348087325692177,5820.0,-0.101426124572754,5820.0,-0.10388708114624,5820.0,-0.0815667137503624,5820.0,-0.0241290088742971,5820.0,-0.0424024574458599,5820.0,-0.0493634231388569,5820.0,-0.0878088995814323,5820.0,-0.0484572425484657,5820.0,-0.0196680072695017,5820.0,-0.0287384036928415,5820.0,-0.0175352096557617,5820.0,-0.0361134521663189
5830.0,-0.102012060582638,5830.0,-0.11379337310791,5830.0,-0.11858244240284,5830.0,-0.0607619285583496,5830.0,-0.0774495154619217,5830.0,-0.104215241968632,5830.0,-0.0731057152152061,5830.0,-0.075176052749157,5830.0,-0.0862463936209679,5830.0,-0.0346915237605572,5830.0,-0.10134019702673,5830.0,-0.103785514831543,5830.0,-0.0813948661088943,5830.0,-0.0240118037909269,5830.0,-0.0423321723937988,5830.0,-0.0493009574711323,5830.0,-0.0875824019312859,5830.0,-0.0485197082161903,5830.0,-0.0200820919126272,5830.0,-0.028714943677187,5830.0,-0.0175039302557707,5830.0,-0.0360665321350098
5840.0,-0.101965241134167,5840.0,-0.113754369318485,5840.0,-0.118551254272461,5840.0,-0.0605822578072548,5840.0,-0.0774025917053223,5840.0,-0.104183964431286,5840.0,-0.072949506342411,5840.0,-0.0751057639718056,5840.0,-0.0861526504158974,5840.0,-0.034574318677187,5840.0,-0.101254276931286,5840.0,-0.1036761328578,5840.0,-0.0812229141592979,5840.0,-0.0238945968449116,5840.0,-0.0422540679574013,5840.0,-0.0492384918034077,5840.0,-0.0873636230826378,5840.0,-0.0485821738839149,5840.0,-0.0200274474918842,5840.0,-0.0286914836615324,5840.0,-0.0174649246037006,5840.0,-0.0360197089612484
5850.0,-0.101910494267941,5850.0,-0.113707445561886,5850.0,-0.118527792394161,5850.0,-0.0603947639465332,5850.0,-0.0773635879158974,5850.0,-0.104160599410534,5850.0,-0.0727932006120682,5850.0,-0.0750354751944542,5850.0,-0.0860589072108269,5850.0,-0.0344649329781532,5850.0,-0.101176165044308,5850.0,-0.103574566543102,5850.0,-0.0810510665178299,5850.0,-0.0237852092832327,5850.0,-0.0421837829053402,5850.0,-0.0491837523877621,5850.0,-0.0871604904532433,5850.0,-0.048644732683897,5850.0,-0.0200899131596088,5850.0,-0.0286758430302143,5850.0,-0.0174336433410645,5850.0,-0.0359806083142757
5860.0,-0.101863674819469,5860.0,-0.113660626113415,5860.0,-0.118504337966442,5860.0,-0.0602150931954384,5860.0,-0.0773323103785515,5860.0,-0.104129314422607,5860.0,-0.0726369842886925,5860.0,-0.0749650970101357,5860.0,-0.0859729796648026,5860.0,-0.0343478210270405,5860.0,-0.101090244948864,5860.0,-0.103473089635372,5860.0,-0.080887034535408,5860.0,-0.023675823584199,5860.0,-0.0421134009957314,5860.0,-0.0491212867200375,5860.0,-0.0869651809334755,5860.0,-0.0487150214612484,5860.0,-0.0201523788273335,5860.0,-0.0286524780094624,5860.0,-0.0174023639410734,5860.0,-0.0359336845576763
5870.0,-0.101808927953243,5870.0,-0.113613702356815,5870.0,-0.118473149836063,5870.0,-0.0600354187190533,5870.0,-0.077293299138546,5870.0,-0.104105852544308,5870.0,-0.0724807754158974,5870.0,-0.074902631342411,5870.0,-0.0858792290091515,5870.0,-0.0342384353280067,5870.0,-0.10100431740284,5870.0,-0.103371523320675,5870.0,-0.0807230025529861,5870.0,-0.0235742572695017,5870.0,-0.0420431159436703,5870.0,-0.0490665435791016,5870.0,-0.0867933258414268,5870.0,-0.0487853065133095,5870.0,-0.0202695857733488,5870.0,-0.0286290179938078,5870.0,-0.0173711776733398,5870.0,-0.0358868613839149
5880.0,-0.101762108504772,5880.0,-0.113574601709843,5880.0,-0.118449687957764,5880.0,-0.0598556511104107,5880.0,-0.0772541984915733,5880.0,-0.104082398116589,5880.0,-0.0723166465759277,5880.0,-0.0748323425650597,5880.0,-0.0857933089137077,5880.0,-0.034129049628973,5880.0,-0.100926116108894,5880.0,-0.103269957005978,5880.0,-0.0805588737130165,5880.0,-0.0234649665653706,5880.0,-0.0419806502759457,5880.0,-0.0490118972957134,5880.0,-0.0866292044520378,5880.0,-0.0488556884229183,5880.0,-0.020136833190918,5880.0,-0.0286133773624897,5880.0,-0.0173398982733488,5880.0,-0.0358399413526058
5890.0,-0.101707458496094,5890.0,-0.113527774810791,5890.0,-0.118426226079464,5890.0,-0.0596837997436523,5890.0,-0.0772150978446007,5890.0,-0.104059033095837,5890.0,-0.0721604377031326,5890.0,-0.0747697874903679,5890.0,-0.0856995582580566,5890.0,-0.0340274833142757,5890.0,-0.10084018856287,5890.0,-0.10316839069128,5890.0,-0.0803948417305946,5890.0,-0.0233634002506733,5890.0,-0.0419180877506733,5890.0,-0.0489494316279888,5890.0,-0.0864729881286621,5890.0,-0.0489259734749794,5890.0,-0.0199727062135935,5890.0,-0.0285899173468351,5890.0,-0.0173086170107126,5890.0,-0.0357931144535542
5900.0,-0.101660542190075,5900.0,-0.113488674163818,5900.0,-0.118402771651745,5900.0,-0.059511948376894,5900.0,-0.0771839171648026,5900.0,-0.104035571217537,5900.0,-0.0720119476318359,5900.0,-0.0747073218226433,5900.0,-0.0856136307120323,5900.0,-0.0339180938899517,5900.0,-0.100762084126472,5900.0,-0.103066824376583,5900.0,-0.0802308097481728,5900.0,-0.023261833935976,5900.0,-0.0418556220829487,5900.0,-0.0488946922123432,5900.0,-0.086340144276619,5900.0,-0.0489962585270405,5900.0,-0.0199024211615324,5900.0,-0.0285665523260832,5900.0,-0.0172774326056242,5900.0,-0.035746194422245
5910.0,-0.101613618433475,5910.0,-0.113441847264767,5910.0,-0.118379309773445,5910.0,-0.0593400970101357,5910.0,-0.0771448165178299,5910.0,-0.104012109339237,5910.0,-0.0718557387590408,5910.0,-0.0746448561549187,5910.0,-0.0855277106165886,5910.0,-0.0338165275752544,5910.0,-0.100683979690075,5910.0,-0.102973081171513,5910.0,-0.0800745040178299,5910.0,-0.0231602676212788,5910.0,-0.0417931564152241,5910.0,-0.0488400459289551,5910.0,-0.0862229391932487,5910.0,-0.049074362963438,5910.0,-0.0198399554938078,5910.0,-0.0285509116947651,5910.0,-0.017246151342988,5910.0,-0.0356993675231934
5920.0,-0.101566791534424,5920.0,-0.113402746617794,5920.0,-0.118355944752693,5920.0,-0.0591681487858295,5920.0,-0.0771135315299034,5920.0,-0.103988647460938,5920.0,-0.0717073455452919,5920.0,-0.0745822936296463,5920.0,-0.0854339599609375,5920.0,-0.0337227843701839,5920.0,-0.100598052144051,5920.0,-0.102871514856815,5920.0,-0.079926110804081,5920.0,-0.023066520690918,5920.0,-0.0417384169995785,5920.0,-0.0487853065133095,5920.0,-0.0861136466264725,5920.0,-0.0491525642573833,5920.0,-0.0198477748781443,5920.0,-0.028535271063447,5920.0,-0.0172226913273335,5920.0,-0.0356524474918842
5930.0,-0.101519875228405,5930.0,-0.113363742828369,5930.0,-0.118332482874393,5930.0,-0.0590041168034077,5930.0,-0.0770823508501053,5930.0,-0.103965185582638,5930.0,-0.071566678583622,5930.0,-0.0745276436209679,5930.0,-0.085347943007946,5930.0,-0.0336290374398232,5930.0,-0.100519947707653,5930.0,-0.102769948542118,5930.0,-0.0797776207327843,5930.0,-0.0229727756232023,5930.0,-0.0416837707161903,5930.0,-0.0487228408455849,5930.0,-0.0860198959708214,5930.0,-0.0492306724190712,5930.0,-0.0198008548468351,5930.0,-0.0285118110477924,5930.0,-0.0171915050595999,5930.0,-0.0355978012084961
5940.0,-0.101473048329353,5940.0,-0.113324642181396,5940.0,-0.118309020996094,5940.0,-0.0588479042053223,5940.0,-0.0770510658621788,5940.0,-0.103949643671513,5940.0,-0.0714181885123253,5940.0,-0.0744650885462761,5940.0,-0.0852620154619217,5940.0,-0.0335274711251259,5940.0,-0.100441746413708,5940.0,-0.102676205337048,5940.0,-0.0796370506286621,5940.0,-0.0228790286928415,5940.0,-0.0416290275752544,5940.0,-0.0486681945621967,5940.0,-0.0859338790178299,5940.0,-0.0493087768554688,5940.0,-0.0196446422487497,5940.0,-0.0284883510321379,5940.0,-0.0171602256596088,5940.0,-0.0355430617928505
5950.0,-0.101426124572754,5950.0,-0.113285541534424,5950.0,-0.118285559117794,5950.0,-0.0586837790906429,5950.0,-0.0770197883248329,5950.0,-0.10393400490284,5950.0,-0.0712776184082031,5950.0,-0.0744104385375977,5950.0,-0.0851682648062706,5950.0,-0.0334415435791016,5950.0,-0.10036363452673,5950.0,-0.10257463902235,5950.0,-0.079488568007946,5950.0,-0.0227852817624807,5950.0,-0.0415743850171566,5950.0,-0.0486134551465511,5950.0,-0.0858635902404785,5950.0,-0.0493868850171566,5950.0,-0.0194883346557617,5950.0,-0.0284728053957224,5950.0,-0.0171367656439543,5950.0,-0.0354962348937988
5960.0,-0.101379297673702,5960.0,-0.113246537744999,5960.0,-0.118270017206669,5960.0,-0.0585275664925575,5960.0,-0.0769886001944542,5960.0,-0.10391054302454,5960.0,-0.0711369514465332,5960.0,-0.0743557959794998,5960.0,-0.0850823447108269,5960.0,-0.0333477966487408,5960.0,-0.100285530090332,5960.0,-0.102480888366699,5960.0,-0.07935581356287,5960.0,-0.022699261084199,5960.0,-0.0415274612605572,5960.0,-0.0485509894788265,5960.0,-0.0858089476823807,5960.0,-0.0494728088378906,5960.0,-0.0193867683410645,5960.0,-0.0284493453800678,5960.0,-0.0171054843813181,5960.0,-0.0354414954781532
5970.0,-0.101332381367683,5970.0,-0.113207437098026,5970.0,-0.118246555328369,5970.0,-0.0583713538944721,5970.0,-0.0769494995474815,5970.0,-0.10388708114624,5970.0,-0.0709885582327843,5970.0,-0.0742932334542274,5970.0,-0.0849964171648026,5970.0,-0.0332540534436703,5970.0,-0.100207425653934,5970.0,-0.102394960820675,5970.0,-0.0792151466012001,5970.0,-0.0226055141538382,5970.0,-0.0414728187024593,5970.0,-0.0484962463378906,5970.0,-0.085769847035408,5970.0,-0.0495665557682514,5970.0,-0.0195820815861225,5970.0,-0.0284337047487497,5970.0,-0.0170821193605661,5970.0,-0.0353868491947651
5980.0,-0.101285554468632,5980.0,-0.113168433308601,5980.0,-0.118223093450069,5980.0,-0.0582228675484657,5980.0,-0.0769182220101357,5980.0,-0.103863716125488,5980.0,-0.0708478912711143,5980.0,-0.0742385908961296,5980.0,-0.0849104896187782,5980.0,-0.033168125897646,5980.0,-0.100137136876583,5980.0,-0.10231675952673,5980.0,-0.079082302749157,5980.0,-0.022519588470459,5980.0,-0.0414258949458599,5980.0,-0.0484416000545025,5980.0,-0.0857463851571083,5980.0,-0.0496603026986122,5980.0,-0.0197305679321289,5980.0,-0.0284180641174316,5980.0,-0.0170586593449116,5980.0,-0.035339929163456
5990.0,-0.101238630712032,5990.0,-0.113129332661629,5990.0,-0.118207454681396,5990.0,-0.0580744743347168,5990.0,-0.0768948569893837,5990.0,-0.103848077356815,5990.0,-0.0707073211669922,5990.0,-0.0741916671395302,5990.0,-0.0848245620727539,5990.0,-0.0330821983516216,5990.0,-0.100066758692265,5990.0,-0.102238655090332,5990.0,-0.0789573714137077,5990.0,-0.0224336627870798,5990.0,-0.0413790717720985,5990.0,-0.0483790412545204,5990.0,-0.0857230201363564,5990.0,-0.049746323376894,5990.0,-0.0197930335998535,5990.0,-0.0284024234861135,5990.0,-0.017035199329257,5990.0,-0.0352852828800678
6000.0,-0.101191811263561,6000.0,-0.113098047673702,6000.0,-0.118191815912724,6000.0,-0.0579338073730469,6000.0,-0.0768635794520378,6000.0,-0.103832438588142,6000.0,-0.0705666542053223,6000.0,-0.0741370245814323,6000.0,-0.0847386345267296,6000.0,-0.0329961776733398,6000.0,-0.099988654255867,6000.0,-0.102152727544308,6000.0,-0.0788323432207108,6000.0,-0.0223477371037006,6000.0,-0.0413321517407894,6000.0,-0.0483243949711323,6000.0,-0.0857230201363564,6000.0,-0.0498400703072548,6000.0,-0.019996166229248,6000.0,-0.0283867847174406,6000.0,-0.0170117374509573,6000.0,-0.0352306365966797
6010.0,-0.101144887506962,6010.0,-0.113059043884277,6010.0,-0.118176274001598,6010.0,-0.0577854178845882,6010.0,-0.0768401175737381,6010.0,-0.103816799819469,6010.0,-0.0704260841012001,6010.0,-0.0740822777152061,6010.0,-0.0846526175737381,6010.0,-0.032902430742979,6010.0,-0.0999183654785156,6010.0,-0.10207462310791,6010.0,-0.0787073150277138,6010.0,-0.0222618114203215,6010.0,-0.0412853248417377,6010.0,-0.0482697486877441,6010.0,-0.0857307463884354,6010.0,-0.0499493591487408,6010.0,-0.0205351840704679,6010.0,-0.0283712390810251,6010.0,-0.016996193677187,6010.0,-0.0351837165653706
6020.0,-0.101105883717537,6020.0,-0.113019943237305,6020.0,-0.118160627782345,6020.0,-0.0576447509229183,6020.0,-0.0768088325858116,6020.0,-0.103801153600216,6020.0,-0.0702854171395302,6020.0,-0.0740354582667351,6020.0,-0.0845745131373405,6020.0,-0.0328243263065815,6020.0,-0.0998479872941971,6020.0,-0.101996518671513,6020.0,-0.0785822868347168,6020.0,-0.0221758838742971,6020.0,-0.0412384048104286,6020.0,-0.0482071898877621,6020.0,-0.0857542082667351,6020.0,-0.0500587485730648,6020.0,-0.0211836826056242,6020.0,-0.028355598449707,6020.0,-0.0169727336615324,6020.0,-0.035121250897646
6030.0,-0.101058959960938,6030.0,-0.112988665699959,6030.0,-0.118137173354626,6030.0,-0.0575040839612484,6030.0,-0.0767854675650597,6030.0,-0.103777699172497,6030.0,-0.070152573287487,6030.0,-0.0739807114005089,6030.0,-0.0844885855913162,6030.0,-0.0327383987605572,6030.0,-0.0997776985168457,6030.0,-0.101918317377567,6030.0,-0.0784651786088943,6030.0,-0.022089958190918,6030.0,-0.0411993972957134,6030.0,-0.0481525436043739,6030.0,-0.0857776626944542,6030.0,-0.0501446723937988,6030.0,-0.0212696082890034,6030.0,-0.0283321384340525,6030.0,-0.0169414523988962,6030.0,-0.0350665114820004
6040.0,-0.101019956171513,6040.0,-0.11295747756958,6040.0,-0.118129350244999,6040.0,-0.0573713295161724,6040.0,-0.0767541900277138,6040.0,-0.103762149810791,6040.0,-0.070019818842411,6040.0,-0.0739338919520378,6040.0,-0.0844104811549187,6040.0,-0.0326602943241596,6040.0,-0.0997074171900749,6040.0,-0.101848028600216,6040.0,-0.0783479735255241,6040.0,-0.0220117568969727,6040.0,-0.0411524772644043,6040.0,-0.048097800463438,6040.0,-0.0858089476823807,6040.0,-0.0502385161817074,6040.0,-0.0211758613586426,6040.0,-0.0283086784183979,6040.0,-0.0169179923832417,6040.0,-0.0350040458142757
6050.0,-0.100973032414913,6050.0,-0.112926200032234,6050.0,-0.118113711476326,6050.0,-0.0572384856641293,6050.0,-0.0767307281494141,6050.0,-0.103746511042118,6050.0,-0.0698947906494141,6050.0,-0.0738869681954384,6050.0,-0.0843323692679405,6050.0,-0.0325821898877621,6050.0,-0.0996449515223503,6050.0,-0.101769924163818,6050.0,-0.0782307609915733,6050.0,-0.0219258312135935,6050.0,-0.0411134734749794,6050.0,-0.0480431579053402,6050.0,-0.0858479514718056,6050.0,-0.0503322593867779,6050.0,-0.0210351943969727,6050.0,-0.0282852184027433,6050.0,-0.0168946273624897,6050.0,-0.0349415801465511
6060.0,-0.100933931767941,6060.0,-0.112894915044308,6060.0,-0.118098072707653,6060.0,-0.0571056380867958,6060.0,-0.0767073631286621,6060.0,-0.103738687932491,6060.0,-0.0697619467973709,6060.0,-0.0738401412963867,6060.0,-0.084254264831543,6060.0,-0.0325039885938168,6060.0,-0.0995745658874512,6060.0,-0.101699642837048,6060.0,-0.0781213790178299,6060.0,-0.0218477249145508,6060.0,-0.0410821922123432,6060.0,-0.0479806922376156,6060.0,-0.0859026908874512,6060.0,-0.0504338257014751,6060.0,-0.02095708809793,6060.0,-0.0282696727663279,6060.0,-0.0168711673468351,6060.0,-0.0348868370056152
6070.0,-0.100894927978516,6070.0,-0.11286373436451,6070.0,-0.118090249598026,6070.0,-0.0569807067513466,6070.0,-0.0766839012503624,6070.0,-0.103723049163818,6070.0,-0.0696370154619217,6070.0,-0.0737932249903679,6070.0,-0.0841760635375977,6070.0,-0.0324258804321289,6070.0,-0.0995042845606804,6070.0,-0.101629257202148,6070.0,-0.0780119895935059,6070.0,-0.0217696186155081,6070.0,-0.0410430915653706,6070.0,-0.0479259490966797,6070.0,-0.0859651565551758,6070.0,-0.0505275726318359,6070.0,-0.0208789836615324,6070.0,-0.0282462127506733,6070.0,-0.0168477054685354,6070.0,-0.0348243713378906
6080.0,-0.100848011672497,6080.0,-0.112832449376583,6080.0,-0.118074707686901,6080.0,-0.0568478591740131,6080.0,-0.0766604468226433,6080.0,-0.103699587285519,6080.0,-0.0695198103785515,6080.0,-0.0737463980913162,6080.0,-0.0840979591012001,6080.0,-0.0323477759957314,6080.0,-0.0994418188929558,6080.0,-0.101558975875378,6080.0,-0.0779026076197624,6080.0,-0.0216915141791105,6080.0,-0.0410119071602821,6080.0,-0.0478713028132915,6080.0,-0.0860276222229004,6080.0,-0.0506135001778603,6080.0,-0.0206133853644133,6080.0,-0.0282227527350187,6080.0,-0.0168164260685444,6080.0,-0.0347618125379086
6090.0,-0.100809000432491,6090.0,-0.112801171839237,6090.0,-0.118059061467648,6090.0,-0.0567306540906429,6090.0,-0.0766369849443436,6090.0,-0.103683948516846,6090.0,-0.0693947821855545,6090.0,-0.0736994743347168,6090.0,-0.0840198546648026,6090.0,-0.0322774909436703,6090.0,-0.0993714332580566,6090.0,-0.101488687098026,6090.0,-0.0778010413050652,6090.0,-0.0216211322695017,6090.0,-0.040980625897646,6090.0,-0.047816563397646,6090.0,-0.0861058235168457,6090.0,-0.0507072471082211,6090.0,-0.0204102527350187,6090.0,-0.028199290856719,6090.0,-0.0167930610477924,6090.0,-0.0346993468701839
6100.0,-0.100769899785519,6100.0,-0.112769983708858,6100.0,-0.118043422698975,6100.0,-0.0566057227551937,6100.0,-0.0766135230660439,6100.0,-0.103660583496094,6100.0,-0.0692697539925575,6100.0,-0.0736526474356651,6100.0,-0.0839495658874512,6100.0,-0.0321993827819824,6100.0,-0.099308967590332,6100.0,-0.101418308913708,6100.0,-0.0776994749903679,6100.0,-0.021543025970459,6100.0,-0.0409493446350098,6100.0,-0.0477619171142578,6100.0,-0.0861839279532433,6100.0,-0.0508088134229183,6100.0,-0.0201914794743061,6100.0,-0.0281759258359671,6100.0,-0.0167774204164743,6100.0,-0.0346368812024593
6110.0,-0.100723080337048,6110.0,-0.112738706171513,6110.0,-0.118035607039928,6110.0,-0.0564806945621967,6110.0,-0.0765901580452919,6110.0,-0.103644944727421,6110.0,-0.0691526457667351,6110.0,-0.0736057311296463,6110.0,-0.0838713645935059,6110.0,-0.0321290008723736,6110.0,-0.0992465019226074,6110.0,-0.101355843245983,6110.0,-0.0775979086756706,6110.0,-0.0214727409183979,6110.0,-0.0409181602299213,6110.0,-0.0476993583142757,6110.0,-0.0862776786088943,6110.0,-0.0509025566279888,6110.0,-0.0200899131596088,6110.0,-0.0281524658203125,6110.0,-0.0167539604008198,6110.0,-0.034574318677187
6120.0,-0.100683979690075,6120.0,-0.112707428634167,6120.0,-0.118019960820675,6120.0,-0.0563634894788265,6120.0,-0.0765666961669922,6120.0,-0.103621482849121,6120.0,-0.0690354332327843,6120.0,-0.0735667273402214,6120.0,-0.0837932601571083,6120.0,-0.0320587158203125,6120.0,-0.0991839393973351,6120.0,-0.101293377578259,6120.0,-0.0774963423609734,6120.0,-0.0214024540036917,6120.0,-0.0408946983516216,6120.0,-0.0476447120308876,6120.0,-0.0863714218139648,6120.0,-0.0510041229426861,6120.0,-0.0200430881232023,6120.0,-0.0281368251889944,6120.0,-0.0167305003851652,6120.0,-0.0345118530094624
6130.0,-0.100644879043102,6130.0,-0.112676240503788,6130.0,-0.118012145161629,6130.0,-0.056246280670166,6130.0,-0.0765510573983192,6130.0,-0.103605844080448,6130.0,-0.0689182281494141,6130.0,-0.073519803583622,6130.0,-0.0837229713797569,6130.0,-0.0319884307682514,6130.0,-0.0991214737296104,6130.0,-0.101230815052986,6130.0,-0.0774025917053223,6130.0,-0.0213398933410645,6130.0,-0.0408712401986122,6130.0,-0.0475900657474995,6130.0,-0.0864729881286621,6130.0,-0.0511056892573833,6130.0,-0.0200274474918842,6130.0,-0.0281133651733398,6130.0,-0.0167148597538471,6130.0,-0.0344571135938168
6140.0,-0.100613690912724,6140.0,-0.112652778625488,6140.0,-0.117996506392956,6140.0,-0.0561290755867958,6140.0,-0.0765275955200195,6140.0,-0.103590205311775,6140.0,-0.0688088461756706,6140.0,-0.0734807029366493,6140.0,-0.0836526900529861,6140.0,-0.0319180488586426,6140.0,-0.0990667343139648,6140.0,-0.101168349385262,6140.0,-0.0773088485002518,6140.0,-0.0212696082890034,6140.0,-0.040839958935976,6140.0,-0.0475353263318539,6140.0,-0.0865823775529861,6140.0,-0.0512072555720806,6140.0,-0.0200586318969727,6140.0,-0.0280899051576853,6140.0,-0.0166914947330952,6140.0,-0.0343946479260921
6150.0,-0.100574590265751,6150.0,-0.112629316747189,6150.0,-0.117988683283329,6150.0,-0.0560197830200195,6150.0,-0.0765120536088943,6150.0,-0.103574566543102,6150.0,-0.0686994567513466,6150.0,-0.0734416991472244,6150.0,-0.0835744887590408,6150.0,-0.0318477638065815,6150.0,-0.0990042686462402,6150.0,-0.101105883717537,6150.0,-0.0772229209542274,6150.0,-0.0212071426212788,6150.0,-0.0408165939152241,6150.0,-0.0474806800484657,6150.0,-0.0866917595267296,6150.0,-0.0513088218867779,6150.0,-0.020175838842988,6150.0,-0.0280743595212698,6150.0,-0.0166758541017771,6150.0,-0.034340001642704
6160.0,-0.100543312728405,6160.0,-0.112605862319469,6160.0,-0.117973141372204,6160.0,-0.0559103973209858,6160.0,-0.0764885917305946,6160.0,-0.103566840291023,6160.0,-0.0686057135462761,6160.0,-0.0734025985002518,6160.0,-0.0835041999816895,6160.0,-0.0317774787545204,6160.0,-0.0989496260881424,6160.0,-0.101043321192265,6160.0,-0.077129177749157,6160.0,-0.0211445819586515,6160.0,-0.0407931320369244,6160.0,-0.0474259369075298,6160.0,-0.0868088752031326,6160.0,-0.0514103882014751,6160.0,-0.0203789714723825,6160.0,-0.0280508995056152,6160.0,-0.0166523940861225,6160.0,-0.0342774391174316
6170.0,-0.100512124598026,6170.0,-0.112590312957764,6170.0,-0.117965318262577,6170.0,-0.0558010116219521,6170.0,-0.0764729529619217,6170.0,-0.103559017181396,6170.0,-0.0685041472315788,6170.0,-0.0733635947108269,6170.0,-0.0834339186549187,6170.0,-0.0317071937024593,6170.0,-0.09888706356287,6170.0,-0.100988678634167,6170.0,-0.0770510658621788,6170.0,-0.0210899356752634,6170.0,-0.0407696738839149,6170.0,-0.047371294349432,6170.0,-0.0869182571768761,6170.0,-0.0515041351318359,6170.0,-0.0202383995056152,6170.0,-0.0280274394899607,6170.0,-0.0166367534548044,6170.0,-0.034214973449707
6180.0,-0.10048084706068,6180.0,-0.112566851079464,6180.0,-0.11795749515295,6180.0,-0.0556994453072548,6180.0,-0.0764573141932487,6180.0,-0.103543378412724,6180.0,-0.0684103965759277,6180.0,-0.0733244940638542,6180.0,-0.0833636298775673,6180.0,-0.031644631177187,6180.0,-0.0988324210047722,6180.0,-0.100926116108894,6180.0,-0.0769651457667351,6180.0,-0.0210273750126362,6180.0,-0.0407462120056152,6180.0,-0.0473165512084961,6180.0,-0.087043285369873,6180.0,-0.0516057014465332,6180.0,-0.0201211925595999,6180.0,-0.0280039794743061,6180.0,-0.0166133884340525,6180.0,-0.0341525077819824
6190.0,-0.100449562072754,6190.0,-0.112543396651745,6190.0,-0.117949679493904,6190.0,-0.0555978789925575,6190.0,-0.076433852314949,6190.0,-0.103535555303097,6190.0,-0.0683088302612305,6190.0,-0.0732853934168816,6190.0,-0.0833010673522949,6190.0,-0.0315743461251259,6190.0,-0.098777674138546,6190.0,-0.100871466100216,6190.0,-0.0768870338797569,6190.0,-0.020972728729248,6190.0,-0.0407228469848633,6190.0,-0.047261904925108,6190.0,-0.08716831356287,6190.0,-0.0517072677612305,6190.0,-0.0200664531439543,6190.0,-0.0279806144535542,6190.0,-0.0165899284183979,6190.0,-0.0340977683663368
6200.0,-0.100418381392956,6200.0,-0.112527750432491,6200.0,-0.117934040725231,6200.0,-0.0554963126778603,6200.0,-0.0764182135462761,6200.0,-0.103527739644051,6200.0,-0.06821508705616,6200.0,-0.0732463821768761,6200.0,-0.0832307860255241,6200.0,-0.0315118804574013,6200.0,-0.0987230315804482,6200.0,-0.100824646651745,6200.0,-0.0768088325858116,6200.0,-0.0209259036928415,6200.0,-0.0406993888318539,6200.0,-0.0472149848937988,6200.0,-0.087293341755867,6200.0,-0.0517931953072548,6200.0,-0.0198477748781443,6200.0,-0.0279571544378996,6200.0,-0.0165742877870798,6200.0,-0.0340353026986122
6210.0,-0.100379280745983,6210.0,-0.112504296004772,6210.0,-0.117926217615604,6210.0,-0.055394746363163,6210.0,-0.0764026641845703,6210.0,-0.103519916534424,6210.0,-0.0681213364005089,6210.0,-0.0732072815299034,6210.0,-0.0831683203577995,6210.0,-0.0314493179321289,6210.0,-0.0986683890223503,6210.0,-0.100769899785519,6210.0,-0.0767307281494141,6210.0,-0.0208711624145508,6210.0,-0.0406759269535542,6210.0,-0.0471603386104107,6210.0,-0.0874260887503624,6210.0,-0.0518869422376156,6210.0,-0.0197227485477924,6210.0,-0.0279415138065815,6210.0,-0.0165508277714252,6210.0,-0.0339805595576763
6220.0,-0.100347995758057,6220.0,-0.11248093098402,6220.0,-0.117910578846931,6220.0,-0.0552931800484657,6220.0,-0.0763792023062706,6220.0,-0.103512100875378,6220.0,-0.0680275931954384,6220.0,-0.0731682777404785,6220.0,-0.0830979347229004,6220.0,-0.0313790328800678,6220.0,-0.0986136421561241,6220.0,-0.100715257227421,6220.0,-0.0766604468226433,6220.0,-0.0208320617675781,6220.0,-0.0406524650752544,6220.0,-0.0471055991947651,6220.0,-0.0875589400529861,6220.0,-0.0519806854426861,6220.0,-0.0196914672851563,6220.0,-0.0279180537909269,6220.0,-0.0165351871401072,6220.0,-0.0339180938899517
6230.0,-0.100308991968632,6230.0,-0.112457469105721,6230.0,-0.117902755737305,6230.0,-0.0551994331181049,6230.0,-0.0763635635375977,6230.0,-0.103504277765751,6230.0,-0.0679338499903679,6230.0,-0.0731370002031326,6230.0,-0.0830354690551758,6230.0,-0.0313165672123432,6230.0,-0.098566822707653,6230.0,-0.100668333470821,6230.0,-0.0765901580452919,6230.0,-0.0207852367311716,6230.0,-0.0406291000545025,6230.0,-0.0470587722957134,6230.0,-0.0876916870474815,6230.0,-0.0520666129887104,6230.0,-0.0196680072695017,6230.0,-0.0278945919126272,6230.0,-0.0165118221193552,6230.0,-0.0338634513318539
6240.0,-0.100277714431286,6240.0,-0.112441830337048,6240.0,-0.117887116968632,6240.0,-0.0551056861877441,6240.0,-0.0763479247689247,6240.0,-0.103496454656124,6240.0,-0.0678479224443436,6240.0,-0.07309789955616,6240.0,-0.0829730033874512,6240.0,-0.0312540046870708,6240.0,-0.0985120758414268,6240.0,-0.10062151402235,6240.0,-0.0765197798609734,6240.0,-0.0207383166998625,6240.0,-0.0406056419014931,6240.0,-0.0470041297376156,6240.0,-0.0878245383501053,6240.0,-0.0521525405347347,6240.0,-0.0195664409548044,6240.0,-0.0278712268918753,6240.0,-0.0164961814880371,6240.0,-0.0338008888065815
6250.0,-0.100254252552986,6250.0,-0.112426184117794,6250.0,-0.117879390716553,6250.0,-0.0550119392573833,6250.0,-0.0763322860002518,6250.0,-0.103488638997078,6250.0,-0.0677619948983192,6250.0,-0.0730667114257813,6250.0,-0.0829182639718056,6250.0,-0.0311837196350098,6250.0,-0.098457433283329,6250.0,-0.100566767156124,6250.0,-0.076449491083622,6250.0,-0.0206993110477924,6250.0,-0.0405821800231934,6250.0,-0.0469493865966797,6250.0,-0.0879652053117752,6250.0,-0.0522462837398052,6250.0,-0.0195977222174406,6250.0,-0.0278477668762207,6250.0,-0.0164727214723825,6250.0,-0.0337462425231934
6260.0,-0.100223064422607,6260.0,-0.112410545349121,6260.0,-0.117871575057507,6260.0,-0.0549181960523129,6260.0,-0.0763089209794998,6260.0,-0.103480815887451,6260.0,-0.0676760673522949,6260.0,-0.0730276107788086,6260.0,-0.082855798304081,6260.0,-0.0311212539672852,6260.0,-0.0984105095267296,6260.0,-0.100527763366699,6260.0,-0.0763870254158974,6260.0,-0.0206602104008198,6260.0,-0.0405587218701839,6260.0,-0.0469025634229183,6260.0,-0.0880979523062706,6260.0,-0.052340030670166,6260.0,-0.0196368228644133,6260.0,-0.0278321262449026,6260.0,-0.0164570808410645,6260.0,-0.0336915031075478
6270.0,-0.100191786885262,6270.0,-0.112387180328369,6270.0,-0.117855928838253,6270.0,-0.0548244491219521,6270.0,-0.0762932822108269,6270.0,-0.103473089635372,6270.0,-0.0675978660583496,6270.0,-0.0729963332414627,6270.0,-0.0827932357788086,6270.0,-0.0310586933046579,6270.0,-0.0983558669686317,6270.0,-0.10048084706068,6270.0,-0.076324462890625,6270.0,-0.0206212047487497,6270.0,-0.0405352599918842,6270.0,-0.0468556396663189,6270.0,-0.0882386192679405,6270.0,-0.0524259582161903,6270.0,-0.0194961559027433,6270.0,-0.027808666229248,6270.0,-0.0164336208254099,6270.0,-0.0336290374398232
6280.0,-0.100168325006962,6280.0,-0.112371541559696,6280.0,-0.117848113179207,6280.0,-0.0547385215759277,6280.0,-0.0762854591012001,6280.0,-0.103465273976326,6280.0,-0.0675197616219521,6280.0,-0.072965145111084,6280.0,-0.0827385932207108,6280.0,-0.0309962276369333,6280.0,-0.0983089432120323,6280.0,-0.100434020161629,6280.0,-0.0762698203325272,6280.0,-0.0205821041017771,6280.0,-0.0405118949711323,6280.0,-0.0468009971082211,6280.0,-0.0883791968226433,6280.0,-0.0525118820369244,6280.0,-0.0194415096193552,6280.0,-0.0277853012084961,6280.0,-0.0164179801940918,6280.0,-0.0335742942988873
6290.0,-0.100137136876583,6290.0,-0.112355902791023,6290.0,-0.11784029006958,6290.0,-0.054652500897646,6290.0,-0.0762619972229004,6290.0,-0.103457450866699,6290.0,-0.0674416571855545,6290.0,-0.0729338675737381,6290.0,-0.0826761275529861,6290.0,-0.0309336669743061,6290.0,-0.0982543006539345,6290.0,-0.100387096405029,6290.0,-0.0762073546648026,6290.0,-0.0205508228391409,6290.0,-0.0404884330928326,6290.0,-0.0467540733516216,6290.0,-0.0885120406746864,6290.0,-0.0525978095829487,6290.0,-0.0193711277097464,6290.0,-0.0277618411928415,6290.0,-0.0163946151733398,6290.0,-0.0335196517407894
6300.0,-0.100105859339237,6300.0,-0.11234026402235,6300.0,-0.117824651300907,6300.0,-0.0545665733516216,6300.0,-0.0762541815638542,6300.0,-0.103449635207653,6300.0,-0.067363552749157,6300.0,-0.0728947669267654,6300.0,-0.0826213881373405,6300.0,-0.0308712013065815,6300.0,-0.0982152000069618,6300.0,-0.100347995758057,6300.0,-0.0761447921395302,6300.0,-0.0205196384340525,6300.0,-0.0404727943241596,6300.0,-0.0467072501778603,6300.0,-0.0886527076363564,6300.0,-0.052676010876894,6300.0,-0.019410228356719,6300.0,-0.027738381177187,6300.0,-0.0163711551576853,6300.0,-0.0334650054574013
6310.0,-0.100074581801891,6310.0,-0.112324617803097,6310.0,-0.11781682819128,6310.0,-0.0544806495308876,6310.0,-0.0762385353446007,6310.0,-0.103441812098026,6310.0,-0.0672854408621788,6310.0,-0.0728635787963867,6310.0,-0.0825667381286621,6310.0,-0.0308087356388569,6310.0,-0.0981683731079102,6310.0,-0.100301168859005,6310.0,-0.0760979652404785,6310.0,-0.0204883571714163,6310.0,-0.0404493324458599,6310.0,-0.0466603301465511,6310.0,-0.0887854620814323,6310.0,-0.0527462959289551,6310.0,-0.0192773826420307,6310.0,-0.0277227405458689,6310.0,-0.0163555145263672,6310.0,-0.0334102623164654
6320.0,-0.100043393671513,6320.0,-0.112308979034424,6320.0,-0.117809012532234,6320.0,-0.0543947219848633,6320.0,-0.0762228965759277,6320.0,-0.1034339889884,6320.0,-0.0672072395682335,6320.0,-0.0728323012590408,6320.0,-0.0825041756033897,6320.0,-0.0307539943605661,6320.0,-0.0981214568018913,6320.0,-0.100262068212032,6320.0,-0.0760432258248329,6320.0,-0.0204570777714252,6320.0,-0.040425967425108,6320.0,-0.046605683863163,6320.0,-0.0889183059334755,6320.0,-0.0528244040906429,6320.0,-0.0191679950803518,6320.0,-0.0276992805302143,6320.0,-0.0163320545107126,6320.0,-0.0333556197583675
6330.0,-0.100019931793213,6330.0,-0.112285614013672,6330.0,-0.117801189422607,6330.0,-0.0543166175484657,6330.0,-0.0762073546648026,6330.0,-0.103426173329353,6330.0,-0.0671291351318359,6330.0,-0.0728010162711143,6330.0,-0.0824495330452919,6330.0,-0.0306915286928415,6330.0,-0.0980746299028397,6330.0,-0.100223064422607,6330.0,-0.0759885832667351,6330.0,-0.0204337127506733,6330.0,-0.0404025092720985,6330.0,-0.0465587638318539,6330.0,-0.0890511497855186,6330.0,-0.052894689142704,6330.0,-0.0191914569586515,6330.0,-0.0276759155094624,6330.0,-0.0163165088742971,6330.0,-0.0333086960017681
6340.0,-0.099988654255867,6340.0,-0.112269975244999,6340.0,-0.117785647511482,6340.0,-0.0542385093867779,6340.0,-0.0761917158961296,6340.0,-0.103418350219727,6340.0,-0.0670588538050652,6340.0,-0.0727698355913162,6340.0,-0.0823948904871941,6340.0,-0.0306367874145508,6340.0,-0.0980277061462402,6340.0,-0.100183963775635,6340.0,-0.0759338364005089,6340.0,-0.0204024314880371,6340.0,-0.0403790473937988,6340.0,-0.0465119369328022,6340.0,-0.0891917273402214,6340.0,-0.0529728904366493,6340.0,-0.0193399433046579,6340.0,-0.0276602748781443,6340.0,-0.0163008701056242,6340.0,-0.0332540534436703
6350.0,-0.0999651923775673,6350.0,-0.112254336476326,6350.0,-0.117777824401855,6350.0,-0.0541604049503803,6350.0,-0.0761760696768761,6350.0,-0.103418350219727,6350.0,-0.0669885650277138,6350.0,-0.0727385506033897,6350.0,-0.0823401436209679,6350.0,-0.0305743217468262,6350.0,-0.0979808792471886,6350.0,-0.100137136876583,6350.0,-0.0758870169520378,6350.0,-0.0203789714723825,6350.0,-0.0403555892407894,6350.0,-0.0464650169014931,6350.0,-0.0893245711922646,6350.0,-0.0530431754887104,6350.0,-0.0195664409548044,6350.0,-0.0276368148624897,6350.0,-0.0162852294743061,6350.0,-0.0331993103027344
6360.0,-0.0999418273568153,6360.0,-0.112246513366699,6360.0,-0.117770008742809,6360.0,-0.054082203656435,6360.0,-0.0761682540178299,6360.0,-0.10341053456068,6360.0,-0.0669260025024414,6360.0,-0.0727150961756706,6360.0,-0.0822933241724968,6360.0,-0.0305196773260832,6360.0,-0.0979339629411697,6360.0,-0.10009803622961,6360.0,-0.0758322700858116,6360.0,-0.0203476902097464,6360.0,-0.0403399467468262,6360.0,-0.0464180968701839,6360.0,-0.0894573256373405,6360.0,-0.0531134605407715,6360.0,-0.0197071079164743,6360.0,-0.0276055335998535,6360.0,-0.016269588842988,6360.0,-0.033152487128973
6370.0,-0.0999183654785156,6370.0,-0.112230874598026,6370.0,-0.117762185633183,6370.0,-0.0540119186043739,6370.0,-0.076152615249157,6370.0,-0.10341053456068,6370.0,-0.0668635368347168,6370.0,-0.0726839080452919,6370.0,-0.0822464004158974,6370.0,-0.0304727554321289,6370.0,-0.0978948622941971,6370.0,-0.100066758692265,6370.0,-0.0757854506373405,6370.0,-0.020332146435976,6370.0,-0.0403165817260742,6370.0,-0.0463712699711323,6370.0,-0.0895823463797569,6370.0,-0.0531760230660439,6370.0,-0.0196601878851652,6370.0,-0.0275821685791016,6370.0,-0.0162461288273335,6370.0,-0.0330977439880371
6380.0,-0.0998870879411697,6380.0,-0.112215235829353,6380.0,-0.117754362523556,6380.0,-0.0539338104426861,6380.0,-0.0761447921395302,6380.0,-0.103402711451054,6380.0,-0.0668010711669922,6380.0,-0.0726604461669922,6380.0,-0.0821917578577995,6380.0,-0.0304181110113859,6380.0,-0.0978480353951454,6380.0,-0.10002775490284,6380.0,-0.0757385268807411,6380.0,-0.0203086864203215,6380.0,-0.0403009429574013,6380.0,-0.0463243499398232,6380.0,-0.0897151976823807,6380.0,-0.0532384887337685,6380.0,-0.019769573584199,6380.0,-0.0275665279477835,6380.0,-0.0162304881960154,6380.0,-0.033043097704649
6390.0,-0.09986362606287,6390.0,-0.112207412719727,6390.0,-0.11774654686451,6390.0,-0.053863525390625,6390.0,-0.0761291533708572,6390.0,-0.103402711451054,6390.0,-0.0667385086417198,6390.0,-0.0726291686296463,6390.0,-0.0821448341012001,6390.0,-0.0303633697330952,6390.0,-0.0978089347481728,6390.0,-0.0999964699149132,6390.0,-0.0756916999816895,6390.0,-0.0202852245420218,6390.0,-0.0402774810791016,6390.0,-0.0462775230407715,6390.0,-0.0898402258753777,6390.0,-0.0533087737858295,6390.0,-0.019785214215517,6390.0,-0.0275430679321289,6390.0,-0.0162149425595999,6390.0,-0.0329961776733398
6400.0,-0.0998402610421181,6400.0,-0.112191870808601,6400.0,-0.117738723754883,6400.0,-0.0537931434810162,6400.0,-0.0761136040091515,6400.0,-0.103394888341427,6400.0,-0.0666760429739952,6400.0,-0.0726057067513466,6400.0,-0.0820980072021484,6400.0,-0.0303165446966887,6400.0,-0.0977621078491211,6400.0,-0.0999573692679405,6400.0,-0.0756447836756706,6400.0,-0.0202695857733488,6400.0,-0.0402618423104286,6400.0,-0.0462306030094624,6400.0,-0.089972972869873,6400.0,-0.0533635132014751,6400.0,-0.0197617541998625,6400.0,-0.0275196079164743,6400.0,-0.0161914825439453,6400.0,-0.0329493544995785
6410.0,-0.0998167991638184,6410.0,-0.112184047698975,6410.0,-0.117730908095837,6410.0,-0.0537228584289551,6410.0,-0.0761057883501053,6410.0,-0.103394888341427,6410.0,-0.0666213035583496,6410.0,-0.0725745186209679,6410.0,-0.0820589065551758,6410.0,-0.0302696228027344,6410.0,-0.0977230072021484,6410.0,-0.0999261885881424,6410.0,-0.075597956776619,6410.0,-0.0202461238950491,6410.0,-0.0402461998164654,6410.0,-0.0461915992200375,6410.0,-0.09009800106287,6410.0,-0.0534181594848633,6410.0,-0.0198399554938078,6410.0,-0.0275039672851563,6410.0,-0.0161758419126272,6410.0,-0.0328946113586426
6420.0,-0.0997933372855186,6420.0,-0.112168408930302,6420.0,-0.11772308498621,6420.0,-0.053652573376894,6420.0,-0.0760901495814323,6420.0,-0.103387072682381,6420.0,-0.0665666610002518,6420.0,-0.0725510641932487,6420.0,-0.082011990249157,6420.0,-0.0302227977663279,6420.0,-0.0976761803030968,6420.0,-0.0998870879411697,6420.0,-0.0755588561296463,6420.0,-0.0202305801212788,6420.0,-0.0402228347957134,6420.0,-0.046144675463438,6420.0,-0.090223029255867,6420.0,-0.0534729026257992,6420.0,-0.0198321342468262,6420.0,-0.0274806022644043,6420.0,-0.0161523818969727,6420.0,-0.0328477881848812
6430.0,-0.0997620597481728,6430.0,-0.112152770161629,6430.0,-0.117715261876583,6430.0,-0.0535821914672852,6430.0,-0.0760823264718056,6430.0,-0.103379249572754,6430.0,-0.0665041953325272,6430.0,-0.072527602314949,6430.0,-0.0819729790091515,6430.0,-0.0301758777350187,6430.0,-0.0976370796561241,6430.0,-0.0998558029532433,6430.0,-0.0755120292305946,6430.0,-0.0202149394899607,6430.0,-0.0402071960270405,6430.0,-0.0460978522896767,6430.0,-0.0903401374816895,6430.0,-0.0535197257995605,6430.0,-0.019378948956728,6430.0,-0.0274493228644133,6430.0,-0.0161289218813181,6430.0,-0.0327853225171566
6440.0,-0.0997386947274208,6440.0,-0.112137131392956,6440.0,-0.117707446217537,6440.0,-0.0535119064152241,6440.0,-0.0760666877031326,6440.0,-0.103371523320675,6440.0,-0.0664572715759277,6440.0,-0.0724963173270226,6440.0,-0.0819260627031326,6440.0,-0.0301290508359671,6440.0,-0.097590260207653,6440.0,-0.0998246222734451,6440.0,-0.075472928583622,6440.0,-0.0201992988586426,6440.0,-0.0401915572583675,6440.0,-0.046058751642704,6440.0,-0.0904651656746864,6440.0,-0.0535743720829487,6440.0,-0.019355583935976,6440.0,-0.0274336822330952,6440.0,-0.0161133762449026,6440.0,-0.0327462218701839
6450.0,-0.0997152328491211,6450.0,-0.112129308283329,6450.0,-0.11769962310791,6450.0,-0.0534494407474995,6450.0,-0.0760588645935059,6450.0,-0.103363707661629,6450.0,-0.0664026290178299,6450.0,-0.0724729523062706,6450.0,-0.0818870589137077,6450.0,-0.0300899501889944,6450.0,-0.0975511595606804,6450.0,-0.0997933372855186,6450.0,-0.0754261016845703,6450.0,-0.0201914794743061,6450.0,-0.0401759147644043,6450.0,-0.0460197441279888,6450.0,-0.0905823707580566,6450.0,-0.0536291114985943,6450.0,-0.019378948956728,6450.0,-0.0274180416017771,6450.0,-0.0160977374762297,6450.0,-0.0326992981135845
6460.0,-0.0996995940804482,6460.0,-0.112121485173702,6460.0,-0.117691807448864,6460.0,-0.0533868782222271,6460.0,-0.0760510489344597,6460.0,-0.103355884552002,6460.0,-0.0663478896021843,6460.0,-0.0724494978785515,6460.0,-0.0818479582667351,6460.0,-0.0300508495420218,6460.0,-0.0975120589137077,6460.0,-0.0997620597481728,6460.0,-0.0753870010375977,6460.0,-0.020175838842988,6460.0,-0.0401602759957314,6460.0,-0.0459728240966797,6460.0,-0.0907073989510536,6460.0,-0.0536837577819824,6460.0,-0.0194024089723825,6460.0,-0.0273946765810251,6460.0,-0.0160820968449116,6460.0,-0.0326524749398232
6470.0,-0.0996761322021484,6470.0,-0.112105846405029,6470.0,-0.117684081196785,6470.0,-0.0533244125545025,6470.0,-0.0760432258248329,6470.0,-0.103348068892956,6470.0,-0.0663010627031326,6470.0,-0.072418212890625,6470.0,-0.0818088576197624,6470.0,-0.0300118457525969,6470.0,-0.0974730476737022,6470.0,-0.0997230559587479,6470.0,-0.075347900390625,6470.0,-0.0201680194586515,6470.0,-0.0401524566113949,6470.0,-0.045933723449707,6470.0,-0.0908246040344238,6470.0,-0.0537385009229183,6470.0,-0.0195274353027344,6470.0,-0.027379035949707,6470.0,-0.0160664562135935,6470.0,-0.032605554908514
6480.0,-0.0996526703238487,6480.0,-0.11209812015295,6480.0,-0.117676258087158,6480.0,-0.0532619468867779,6480.0,-0.07602758705616,6480.0,-0.103340245783329,6480.0,-0.066246323287487,6480.0,-0.072394847869873,6480.0,-0.0817698463797569,6480.0,-0.0299727451056242,6480.0,-0.0974339470267296,6480.0,-0.0996995940804482,6480.0,-0.0753088966012001,6480.0,-0.0201601982116699,6480.0,-0.0401369109749794,6480.0,-0.0458947196602821,6480.0,-0.0909417197108269,6480.0,-0.0537931434810162,6480.0,-0.019589900970459,6480.0,-0.0273555759340525,6480.0,-0.0160508155822754,6480.0,-0.0325587280094624
6490.0,-0.0996293053030968,6490.0,-0.112082481384277,6490.0,-0.117668442428112,6490.0,-0.0531993880867958,6490.0,-0.076019860804081,6490.0,-0.103332422673702,6490.0,-0.0661916732788086,6490.0,-0.0723713859915733,6490.0,-0.081738568842411,6490.0,-0.0299337394535542,6490.0,-0.0973949432373047,6490.0,-0.0996683165431023,6490.0,-0.0752776190638542,6490.0,-0.0201523788273335,6490.0,-0.0401290915906429,6490.0,-0.045863438397646,6490.0,-0.0910589247941971,6490.0,-0.0538400672376156,6490.0,-0.0195430759340525,6490.0,-0.0273399353027344,6490.0,-0.0160273555666208,6490.0,-0.0325118079781532
6500.0,-0.0996136665344238,6500.0,-0.112074665725231,6500.0,-0.117660619318485,6500.0,-0.0531369224190712,6500.0,-0.0760120376944542,6500.0,-0.103332422673702,6500.0,-0.0661447569727898,6500.0,-0.0723479315638542,6500.0,-0.0816995650529861,6500.0,-0.0298946388065815,6500.0,-0.097355842590332,6500.0,-0.0996371284127235,6500.0,-0.0752386078238487,6500.0,-0.0201445575803518,6500.0,-0.0401134490966797,6500.0,-0.0458244346082211,6500.0,-0.0911761298775673,6500.0,-0.053886890411377,6500.0,-0.0194336902350187,6500.0,-0.0273164752870798,6500.0,-0.0160118099302053,6500.0,-0.0324649810791016
6510.0,-0.0995902046561241,6510.0,-0.112066842615604,6510.0,-0.117652796208858,6510.0,-0.0530666373670101,6510.0,-0.0759963989257813,6510.0,-0.103324607014656,6510.0,-0.0660901069641113,6510.0,-0.0723166465759277,6510.0,-0.0816682800650597,6510.0,-0.0298633575439453,6510.0,-0.0973167419433594,6510.0,-0.0996136665344238,6510.0,-0.0751995071768761,6510.0,-0.020136833190918,6510.0,-0.0401056297123432,6510.0,-0.0457931533455849,6510.0,-0.0912855193018913,6510.0,-0.0539338104426861,6510.0,-0.0195430759340525,6510.0,-0.0272931102663279,6510.0,-0.0159961711615324,6510.0,-0.0324258804321289
6520.0,-0.099566750228405,6520.0,-0.112051203846931,6520.0,-0.117644980549812,6520.0,-0.0530118942260742,6520.0,-0.0759885832667351,6520.0,-0.103316783905029,6520.0,-0.0660431906580925,6520.0,-0.0722932815551758,6520.0,-0.081629179418087,6520.0,-0.0298243518918753,6520.0,-0.0972777381539345,6520.0,-0.0995823889970779,6520.0,-0.0751682296395302,6520.0,-0.020136833190918,6520.0,-0.0400899909436703,6520.0,-0.0457540526986122,6520.0,-0.0914027243852615,6520.0,-0.0539884567260742,6520.0,-0.0196601878851652,6520.0,-0.0272774696350098,6520.0,-0.0159805305302143,6520.0,-0.0323790572583675
6530.0,-0.0995512008666992,6530.0,-0.112043380737305,6530.0,-0.117637157440186,6530.0,-0.0529494285583496,6530.0,-0.0759807601571083,6530.0,-0.103308968245983,6530.0,-0.0659963637590408,6530.0,-0.0722776427865028,6530.0,-0.0815901756286621,6530.0,-0.0297930724918842,6530.0,-0.0972386375069618,6530.0,-0.0995512008666992,6530.0,-0.0751292258501053,6530.0,-0.0201290138065815,6530.0,-0.0400821678340435,6530.0,-0.0457228682935238,6530.0,-0.091512106359005,6530.0,-0.0540353767573833,6530.0,-0.0196680072695017,6530.0,-0.0272540096193552,6530.0,-0.0159648898988962,6530.0,-0.0323321335017681
6540.0,-0.0995277389883995,6540.0,-0.112035565078259,6540.0,-0.117637157440186,6540.0,-0.052894689142704,6540.0,-0.0759729370474815,6540.0,-0.103301145136356,6540.0,-0.0659572631120682,6540.0,-0.0722541809082031,6540.0,-0.0815588980913162,6540.0,-0.0297539718449116,6540.0,-0.0972073599696159,6540.0,-0.0995277389883995,6540.0,-0.0750979408621788,6540.0,-0.0201211925595999,6540.0,-0.040074348449707,6540.0,-0.0456915870308876,6540.0,-0.0916213989257813,6540.0,-0.0540743842720985,6540.0,-0.0197617541998625,6540.0,-0.0272383689880371,6540.0,-0.0159492492675781,6540.0,-0.0322853103280067
6550.0,-0.0995121002197266,6550.0,-0.112027741968632,6550.0,-0.117629341781139,6550.0,-0.0528322234749794,6550.0,-0.0759572982788086,6550.0,-0.103301145136356,6550.0,-0.0659104362130165,6550.0,-0.0722307190299034,6550.0,-0.0815197974443436,6550.0,-0.029722785577178,6550.0,-0.0971683487296104,6550.0,-0.0994964614510536,6550.0,-0.0750666633248329,6550.0,-0.0201211925595999,6550.0,-0.0400665290653706,6550.0,-0.0456524863839149,6550.0,-0.0917229652404785,6550.0,-0.0541213043034077,6550.0,-0.0196992885321379,6550.0,-0.0272149089723825,6550.0,-0.0159258842468262,6550.0,-0.0322383902966976
6560.0,-0.0994886383414268,6560.0,-0.112019918859005,6560.0,-0.117621518671513,6560.0,-0.0527775771915913,6560.0,-0.0759494826197624,6560.0,-0.103285506367683,6560.0,-0.0658713355660439,6560.0,-0.0722072646021843,6560.0,-0.0814886093139648,6560.0,-0.029691506177187,6560.0,-0.0971292480826378,6560.0,-0.0994729995727539,6560.0,-0.0750354751944542,6560.0,-0.0201133731752634,6560.0,-0.0400587096810341,6560.0,-0.0456213019788265,6560.0,-0.0918323546648026,6560.0,-0.0541604049503803,6560.0,-0.0196446422487497,6560.0,-0.0271993633359671,6560.0,-0.0159102436155081,6560.0,-0.0321993827819824
6570.0,-0.0994729995727539,6570.0,-0.112012103199959,6570.0,-0.117613695561886,6570.0,-0.0527150146663189,6570.0,-0.0759416595101357,6570.0,-0.103285506367683,6570.0,-0.0658245086669922,6570.0,-0.0721838995814323,6570.0,-0.081457331776619,6570.0,-0.0296602249145508,6570.0,-0.0970902442932129,6570.0,-0.0994418188929558,6570.0,-0.0749963745474815,6570.0,-0.0201055537909269,6570.0,-0.0400508902966976,6570.0,-0.0455900207161903,6570.0,-0.0919339209794998,6570.0,-0.054207231849432,6570.0,-0.0198086742311716,6570.0,-0.0271837245672941,6570.0,-0.0158946048468351,6570.0,-0.0321602821350098
6580.0,-0.099449634552002,6580.0,-0.112004280090332,6580.0,-0.11760587990284,6580.0,-0.0526603721082211,6580.0,-0.0759338364005089,6580.0,-0.103277780115604,6580.0,-0.0657854080200195,6580.0,-0.0721682533621788,6580.0,-0.0814260467886925,6580.0,-0.0296368598937988,6580.0,-0.097058966755867,6580.0,-0.0994183570146561,6580.0,-0.0749650970101357,6580.0,-0.0201055537909269,6580.0,-0.0400431640446186,6580.0,-0.0455587394535542,6580.0,-0.0920433029532433,6580.0,-0.0542463324964046,6580.0,-0.019964886829257,6580.0,-0.0271602626889944,6580.0,-0.015878964215517,6580.0,-0.0321133621037006
6590.0,-0.099433995783329,6590.0,-0.111996553838253,6590.0,-0.11760587990284,6590.0,-0.0525978095829487,6590.0,-0.0759261175990105,6590.0,-0.103277780115604,6590.0,-0.0657463073730469,6590.0,-0.0721447989344597,6590.0,-0.0813948661088943,6590.0,-0.0296055804938078,6590.0,-0.0970198661088943,6590.0,-0.0993948951363564,6590.0,-0.0749339088797569,6590.0,-0.0200977325439453,6590.0,-0.0400353446602821,6590.0,-0.0455275550484657,6590.0,-0.0921448692679405,6590.0,-0.0542853362858295,6590.0,-0.0200039874762297,6590.0,-0.0271446239203215,6590.0,-0.015863323584199,6590.0,-0.0320743583142757
6600.0,-0.0994105339050293,6600.0,-0.111988738179207,6600.0,-0.117598056793213,6600.0,-0.0525431632995605,6600.0,-0.0759182944893837,6600.0,-0.103269957005978,6600.0,-0.065707303583622,6600.0,-0.07212133705616,6600.0,-0.0813635811209679,6600.0,-0.0295742992311716,6600.0,-0.0969886779785156,6600.0,-0.0993714332580566,6600.0,-0.074902631342411,6600.0,-0.0200977325439453,6600.0,-0.0400353446602821,6600.0,-0.0454962737858295,6600.0,-0.0922386199235916,6600.0,-0.0543244369328022,6600.0,-0.0200586318969727,6600.0,-0.0271211620420218,6600.0,-0.0158476829528809,6600.0,-0.0320352576673031
6610.0,-0.0993870720267296,6610.0,-0.11198091506958,6610.0,-0.117590330541134,6610.0,-0.0524806976318359,6610.0,-0.0759104713797569,6610.0,-0.103269957005978,6610.0,-0.0656760260462761,6610.0,-0.072105698287487,6610.0,-0.081332303583622,6610.0,-0.0295509342104197,6610.0,-0.096949577331543,6610.0,-0.0993480682373047,6610.0,-0.0748713538050652,6610.0,-0.0200899131596088,6610.0,-0.0400275252759457,6610.0,-0.0454649925231934,6610.0,-0.0923401862382889,6610.0,-0.0543557181954384,6610.0,-0.0200118068605661,6610.0,-0.0271055232733488,6610.0,-0.0158320423215628,6610.0,-0.0319884307682514
6620.0,-0.0993714332580566,6620.0,-0.111965276300907,6620.0,-0.117582514882088,6620.0,-0.0524259582161903,6620.0,-0.0759026557207108,6620.0,-0.103262141346931,6620.0,-0.0656369253993034,6620.0,-0.0720823332667351,6620.0,-0.0813011154532433,6620.0,-0.0295196529477835,6620.0,-0.0969182997941971,6620.0,-0.099324606359005,6620.0,-0.0748323425650597,6620.0,-0.0200899131596088,6620.0,-0.0400275252759457,6620.0,-0.0454415343701839,6620.0,-0.0924339294433594,6620.0,-0.0543869026005268,6620.0,-0.0198321342468262,6620.0,-0.0270821582525969,6620.0,-0.0158086773008108,6620.0,-0.0319415107369423
6630.0,-0.0993480682373047,6630.0,-0.11195745319128,6630.0,-0.117582514882088,6630.0,-0.0523634925484657,6630.0,-0.075894832611084,6630.0,-0.103262141346931,6630.0,-0.0655979141592979,6630.0,-0.0720588713884354,6630.0,-0.0812776610255241,6630.0,-0.0294961929321289,6630.0,-0.0968792960047722,6630.0,-0.099308967590332,6630.0,-0.0748010650277138,6630.0,-0.0200899131596088,6630.0,-0.0400275252759457,6630.0,-0.0454103462398052,6630.0,-0.0925276800990105,6630.0,-0.054418183863163,6630.0,-0.0196524616330862,6630.0,-0.0270586963742971,6630.0,-0.0157930385321379,6630.0,-0.0319102294743061
6640.0,-0.0993324294686317,6640.0,-0.111949637532234,6640.0,-0.117574691772461,6640.0,-0.0523087494075298,6640.0,-0.0758870169520378,6640.0,-0.103262141346931,6640.0,-0.0655666366219521,6640.0,-0.0720432326197624,6640.0,-0.0812463760375977,6640.0,-0.0294727329164743,6640.0,-0.0968480110168457,6640.0,-0.0992855057120323,6640.0,-0.0747697874903679,6640.0,-0.0200899131596088,6640.0,-0.0400197021663189,6640.0,-0.0453868880867958,6640.0,-0.0926292464137077,6640.0,-0.0544494651257992,6640.0,-0.0197071079164743,6640.0,-0.0270430576056242,6640.0,-0.0157773979008198,6640.0,-0.0318712256848812
6650.0,-0.0993167906999588,6650.0,-0.111941814422607,6650.0,-0.117574691772461,6650.0,-0.0522462837398052,6650.0,-0.075879193842411,6650.0,-0.103254318237305,6650.0,-0.0655353590846062,6650.0,-0.0720197707414627,6650.0,-0.0812229141592979,6650.0,-0.0294415485113859,6650.0,-0.0968167334794998,6650.0,-0.0992698669433594,6650.0,-0.0747385993599892,6650.0,-0.0200899131596088,6650.0,-0.0400197021663189,6650.0,-0.0453556068241596,6650.0,-0.0927229896187782,6650.0,-0.0544884689152241,6650.0,-0.0198867805302143,6650.0,-0.0270274169743061,6650.0,-0.0157617572695017,6650.0,-0.0318321250379086
6660.0,-0.0993011519312859,6660.0,-0.111933998763561,6660.0,-0.117566876113415,6660.0,-0.0521916411817074,6660.0,-0.0758713707327843,6660.0,-0.103254318237305,6660.0,-0.0655041709542274,6660.0,-0.0720042213797569,6660.0,-0.081199549138546,6660.0,-0.0294180866330862,6660.0,-0.0967855453491211,6660.0,-0.0992543250322342,6660.0,-0.0747073218226433,6660.0,-0.0200899131596088,6660.0,-0.0400197021663189,6660.0,-0.0453322418034077,6660.0,-0.0928167328238487,6660.0,-0.0545197501778603,6660.0,-0.019996166229248,6660.0,-0.027011776342988,6660.0,-0.0157461166381836,6660.0,-0.0317931175231934
6670.0,-0.0992855057120323,6670.0,-0.111926175653934,6670.0,-0.117566876113415,6670.0,-0.0521368980407715,6670.0,-0.0758635550737381,6670.0,-0.103246502578259,6670.0,-0.0654728934168816,6670.0,-0.0719807669520378,6670.0,-0.0811760947108269,6670.0,-0.0294024478644133,6670.0,-0.0967542678117752,6670.0,-0.0992386862635612,6670.0,-0.0746760368347168,6670.0,-0.0200899131596088,6670.0,-0.0400118827819824,6670.0,-0.045308779925108,6670.0,-0.092902660369873,6670.0,-0.0545587539672852,6670.0,-0.0198164936155081,6670.0,-0.0269884113222361,6670.0,-0.0157305728644133,6670.0,-0.0317540168762207
6680.0,-0.0992698669433594,6680.0,-0.111918352544308,6680.0,-0.117559053003788,6680.0,-0.0520822517573833,6680.0,-0.0758635550737381,6680.0,-0.103246502578259,6680.0,-0.0654494315385818,6680.0,-0.0719651207327843,6680.0,-0.0811526328325272,6680.0,-0.0293789859861135,6680.0,-0.0967151671648026,6680.0,-0.0992152243852615,6680.0,-0.0746525749564171,6680.0,-0.0200977325439453,6680.0,-0.0400118827819824,6680.0,-0.0452853217720985,6680.0,-0.0929964110255241,6680.0,-0.0545978546142578,6680.0,-0.01998052559793,6680.0,-0.026972770690918,6680.0,-0.0157149322330952,6680.0,-0.031714916229248
6690.0,-0.0992543250322342,6690.0,-0.111910536885262,6690.0,-0.117559053003788,6690.0,-0.0520275123417377,6690.0,-0.0758557319641113,6690.0,-0.103246502578259,6690.0,-0.0654260665178299,6690.0,-0.0719494819641113,6690.0,-0.0811291709542274,6690.0,-0.0293556209653616,6690.0,-0.0966839790344238,6690.0,-0.0991995856165886,6690.0,-0.074621394276619,6690.0,-0.0200977325439453,6690.0,-0.0400118827819824,6690.0,-0.0452540405094624,6690.0,-0.0930824279785156,6690.0,-0.054629135876894,6690.0,-0.0200430881232023,6690.0,-0.0269571300595999,6690.0,-0.0156992916017771,6690.0,-0.0316759124398232
6700.0,-0.0992386862635612,6700.0,-0.111902810633183,6700.0,-0.117551229894161,6700.0,-0.0519728660583496,6700.0,-0.0758479163050652,6700.0,-0.103246502578259,6700.0,-0.0653947815299034,6700.0,-0.0719260200858116,6700.0,-0.0811136290431023,6700.0,-0.029332160949707,6700.0,-0.0966527014970779,6700.0,-0.0991839393973351,6700.0,-0.0745901092886925,6700.0,-0.0201055537909269,6700.0,-0.0400118827819824,6700.0,-0.0452306754887104,6700.0,-0.0931683555245399,6700.0,-0.0546681396663189,6700.0,-0.0201445575803518,6700.0,-0.0269414912909269,6700.0,-0.015683650970459,6700.0,-0.0316368117928505
6710.0,-0.0992152243852615,6710.0,-0.111894987523556,6710.0,-0.117543414235115,6710.0,-0.051918126642704,6710.0,-0.0758400931954384,6710.0,-0.103238679468632,6710.0,-0.0653713271021843,6710.0,-0.0719103813171387,6710.0,-0.0810901671648026,6710.0,-0.0293087009340525,6710.0,-0.0966214165091515,6710.0,-0.0991683006286621,6710.0,-0.0745666548609734,6710.0,-0.0201055537909269,6710.0,-0.0400118827819824,6710.0,-0.0452072136104107,6710.0,-0.0932464599609375,6710.0,-0.0546994209289551,6710.0,-0.0200899131596088,6710.0,-0.0269180294126272,6710.0,-0.0156680103391409,6710.0,-0.0315978042781353
6720.0,-0.0991995856165886,6720.0,-0.11188717186451,6720.0,-0.117535591125488,6720.0,-0.0518634803593159,6720.0,-0.0758400931954384,6720.0,-0.103238679468632,6720.0,-0.0653478652238846,6720.0,-0.0718948394060135,6720.0,-0.0810745283961296,6720.0,-0.0292930603027344,6720.0,-0.0965902358293533,6720.0,-0.0991527587175369,6720.0,-0.0745354667305946,6720.0,-0.0201055537909269,6720.0,-0.0400118827819824,6720.0,-0.0451837554574013,6720.0,-0.0933323875069618,6720.0,-0.0547307021915913,6720.0,-0.0200196262449026,6720.0,-0.0269024856388569,6720.0,-0.0156445503234863,6720.0,-0.0315587036311626
6730.0,-0.0991839393973351,6730.0,-0.111879348754883,6730.0,-0.117527775466442,6730.0,-0.0518088340759277,6730.0,-0.0758322700858116,6730.0,-0.103238679468632,6730.0,-0.0653323158621788,6730.0,-0.0718792006373405,6730.0,-0.0810510665178299,6730.0,-0.0292696002870798,6730.0,-0.0965589508414268,6730.0,-0.099137119948864,6730.0,-0.0745120048522949,6730.0,-0.0201055537909269,6730.0,-0.0400118827819824,6730.0,-0.0451602935791016,6730.0,-0.0934104919433594,6730.0,-0.0547697059810162,6730.0,-0.0198086742311716,6730.0,-0.0268868450075388,6730.0,-0.015629006549716,6730.0,-0.03151960298419
6740.0,-0.0991761237382889,6740.0,-0.111871533095837,6740.0,-0.117519952356815,6740.0,-0.0517619140446186,6740.0,-0.0758245512843132,6740.0,-0.103230856359005,6740.0,-0.0653166770935059,6740.0,-0.0718557387590408,6740.0,-0.081035427749157,6740.0,-0.0292540546506643,6740.0,-0.0965354964137077,6740.0,-0.0991214737296104,6740.0,-0.0744885429739952,6740.0,-0.0201133731752634,6740.0,-0.0400118827819824,6740.0,-0.0451369285583496,6740.0,-0.0934885963797569,6740.0,-0.0548009872436523,6740.0,-0.0198008548468351,6740.0,-0.0268633849918842,6740.0,-0.0156133649870753,6740.0,-0.0314884185791016
6750.0,-0.0991605743765831,6750.0,-0.11186370998621,6750.0,-0.117519952356815,6750.0,-0.0517072677612305,6750.0,-0.0758245512843132,6750.0,-0.103230856359005,6750.0,-0.0653010383248329,6750.0,-0.0718400999903679,6750.0,-0.0810198783874512,6750.0,-0.0292384158819914,6750.0,-0.096504308283329,6750.0,-0.0991058349609375,6750.0,-0.0744650885462761,6750.0,-0.0201133731752634,6750.0,-0.0400197021663189,6750.0,-0.0451134704053402,6750.0,-0.0935745239257813,6750.0,-0.0548322685062885,6750.0,-0.0197773929685354,6750.0,-0.0268477443605661,6750.0,-0.0155977252870798,6750.0,-0.0314493179321289
6760.0,-0.0991449356079102,6760.0,-0.111855886876583,6760.0,-0.117512129247189,6760.0,-0.0516603477299213,6760.0,-0.0758167281746864,6760.0,-0.103223040699959,6760.0,-0.0652932152152061,6760.0,-0.0718244537711143,6760.0,-0.0810042396187782,6760.0,-0.0292227752506733,6760.0,-0.0964730307459831,6760.0,-0.0990901961922646,6760.0,-0.0744417235255241,6760.0,-0.0201133731752634,6760.0,-0.0400197021663189,6760.0,-0.045097827911377,6760.0,-0.0936449095606804,6760.0,-0.0548712722957134,6760.0,-0.0196524616330862,6760.0,-0.026832103729248,6760.0,-0.0155820846557617,6760.0,-0.031410314142704
6770.0,-0.099137119948864,6770.0,-0.111848071217537,6770.0,-0.117504313588142,6770.0,-0.0516057014465332,6770.0,-0.0758167281746864,6770.0,-0.103215217590332,6770.0,-0.0652775764465332,6770.0,-0.0718088150024414,6770.0,-0.0809886008501053,6770.0,-0.0291993152350187,6770.0,-0.0964417457580566,6770.0,-0.0990823730826378,6770.0,-0.0744182616472244,6770.0,-0.0201211925595999,6770.0,-0.0400197021663189,6770.0,-0.0450743697583675,6770.0,-0.0937230139970779,6770.0,-0.0549025535583496,6770.0,-0.0195508953183889,6770.0,-0.02681646309793,6770.0,-0.0155664449557662,6770.0,-0.0313712134957314
6780.0,-0.0991214737296104,6780.0,-0.11184024810791,6780.0,-0.117504313588142,6780.0,-0.0515587814152241,6780.0,-0.0758089050650597,6780.0,-0.103199578821659,6780.0,-0.065269760787487,6780.0,-0.0717932730913162,6780.0,-0.0809729620814323,6780.0,-0.0291836746037006,6780.0,-0.0964105650782585,6780.0,-0.0990745574235916,6780.0,-0.0743947997689247,6780.0,-0.0201211925595999,6780.0,-0.0400197021663189,6780.0,-0.0450509078800678,6780.0,-0.0937932953238487,6780.0,-0.0549260154366493,6780.0,-0.0194648746401072,6780.0,-0.026793098077178,6780.0,-0.0155508043244481,6780.0,-0.0313399322330952
6790.0,-0.0991058349609375,6790.0,-0.111832432448864,6790.0,-0.117496490478516,6790.0,-0.0515041351318359,6790.0,-0.0758010894060135,6790.0,-0.103191755712032,6790.0,-0.0652541145682335,6790.0,-0.0717776343226433,6790.0,-0.0809573158621788,6790.0,-0.0291680339723825,6790.0,-0.096379280090332,6790.0,-0.0990667343139648,6790.0,-0.074371337890625,6790.0,-0.0201211925595999,6790.0,-0.0400197021663189,6790.0,-0.0450353622436523,6790.0,-0.0938636809587479,6790.0,-0.0549571998417377,6790.0,-0.0195274353027344,6790.0,-0.0267774593085051,6790.0,-0.0155274393036962,6790.0,-0.0313009284436703
6800.0,-0.0990901961922646,6800.0,-0.111824609339237,6800.0,-0.117488764226437,6800.0,-0.0514493957161903,6800.0,-0.0757932662963867,6800.0,-0.103183940052986,6800.0,-0.0652385726571083,6800.0,-0.0717541724443436,6800.0,-0.0809416770935059,6800.0,-0.0291524883359671,6800.0,-0.0963558182120323,6800.0,-0.0990590080618858,6800.0,-0.0743557959794998,6800.0,-0.0201290138065815,6800.0,-0.0400197021663189,6800.0,-0.0450119040906429,6800.0,-0.0939339622855186,6800.0,-0.0549806617200375,6800.0,-0.0194336902350187,6800.0,-0.026761818677187,6800.0,-0.0155117986723781,6800.0,-0.0312618277966976
6810.0,-0.0990745574235916,6810.0,-0.11181678622961,6810.0,-0.117488764226437,6810.0,-0.0514025688171387,6810.0,-0.0757932662963867,6810.0,-0.10316839069128,6810.0,-0.0652307495474815,6810.0,-0.0717463493347168,6810.0,-0.0809261351823807,6810.0,-0.0291368495672941,6810.0,-0.0963245406746864,6810.0,-0.0990511924028397,6810.0,-0.0743401572108269,6810.0,-0.0201290138065815,6810.0,-0.0400197021663189,6810.0,-0.0449962615966797,6810.0,-0.09400425106287,6810.0,-0.0550119392573833,6810.0,-0.0194726940244436,6810.0,-0.0267461780458689,6810.0,-0.0154961589723825,6810.0,-0.0312305446714163
6820.0,-0.0990511924028397,6820.0,-0.111808970570564,6820.0,-0.11748094856739,6820.0,-0.0513478294014931,6820.0,-0.0757854506373405,6820.0,-0.103160575032234,6820.0,-0.0652151107788086,6820.0,-0.0717228874564171,6820.0,-0.0809104964137077,6820.0,-0.029121208935976,6820.0,-0.0962933525443077,6820.0,-0.0990355536341667,6820.0,-0.0743166953325272,6820.0,-0.020136833190918,6820.0,-0.0400197021663189,6820.0,-0.0449806228280067,6820.0,-0.0940745398402214,6820.0,-0.0550432205200195,6820.0,-0.019589900970459,6820.0,-0.0267305374145508,6820.0,-0.0154805183410645,6820.0,-0.0311915408819914
6830.0,-0.0990433692932129,6830.0,-0.111801244318485,6830.0,-0.117473125457764,6830.0,-0.0513010025024414,6830.0,-0.0757776275277138,6830.0,-0.103144936263561,6830.0,-0.0652072951197624,6830.0,-0.0717073455452919,6830.0,-0.0808948501944542,6830.0,-0.0291055683046579,6830.0,-0.0962698981165886,6830.0,-0.0990277305245399,6830.0,-0.0743010565638542,6830.0,-0.020136833190918,6830.0,-0.0400197021663189,6830.0,-0.044957160949707,6830.0,-0.0941370949149132,6830.0,-0.055074404925108,6830.0,-0.0196211822330952,6830.0,-0.0267071723937988,6830.0,-0.0154648786410689,6830.0,-0.0311602596193552
6840.0,-0.0990277305245399,6840.0,-0.111793421208858,6840.0,-0.117465309798717,6840.0,-0.0512462630867958,6840.0,-0.0757776275277138,6840.0,-0.103137113153934,6840.0,-0.0651994720101357,6840.0,-0.071691706776619,6840.0,-0.0808792114257813,6840.0,-0.0290899276733398,6840.0,-0.0962386131286621,6840.0,-0.0990199074149132,6840.0,-0.0742854103446007,6840.0,-0.0201445575803518,6840.0,-0.0400197021663189,6840.0,-0.0449416153132915,6840.0,-0.0942073836922646,6840.0,-0.0551056861877441,6840.0,-0.0196524616330862,6840.0,-0.0266915317624807,6840.0,-0.0154492380097508,6840.0,-0.0311212539672852
6850.0,-0.099012091755867,6850.0,-0.111793421208858,6850.0,-0.117465309798717,6850.0,-0.0511994361877441,6850.0,-0.0757776275277138,6850.0,-0.103129290044308,6850.0,-0.0651916489005089,6850.0,-0.0716838836669922,6850.0,-0.0808635726571083,6850.0,-0.0290742870420218,6850.0,-0.0962152481079102,6850.0,-0.099012091755867,6850.0,-0.0742775946855545,6850.0,-0.0201445575803518,6850.0,-0.0400275252759457,6850.0,-0.0449259765446186,6850.0,-0.0942698493599892,6850.0,-0.0551291480660439,6850.0,-0.0196680072695017,6850.0,-0.0266758929938078,6850.0,-0.0154336933046579,6850.0,-0.0310899745672941
6860.0,-0.0990042686462402,6860.0,-0.111785605549812,6860.0,-0.117465309798717,6860.0,-0.051152516156435,6860.0,-0.075769804418087,6860.0,-0.103121474385262,6860.0,-0.0651838332414627,6860.0,-0.0716682448983192,6860.0,-0.0808557495474815,6860.0,-0.0290587432682514,6860.0,-0.0961839705705643,6860.0,-0.0990042686462402,6860.0,-0.0742619559168816,6860.0,-0.0201523788273335,6860.0,-0.0400275252759457,6860.0,-0.0449103377759457,6860.0,-0.0943324118852615,6860.0,-0.0551603324711323,6860.0,-0.0196133609861135,6860.0,-0.0266602523624897,6860.0,-0.0154180526733398,6860.0,-0.0310586933046579
6870.0,-0.0989964529871941,6870.0,-0.111785605549812,6870.0,-0.117465309798717,6870.0,-0.0510978698730469,6870.0,-0.075769804418087,6870.0,-0.103113651275635,6870.0,-0.0651838332414627,6870.0,-0.0716526061296463,6870.0,-0.0808401107788086,6870.0,-0.0290431026369333,6870.0,-0.0961605086922646,6870.0,-0.0989964529871941,6870.0,-0.0742542296648026,6870.0,-0.0201601982116699,6870.0,-0.0400353446602821,6870.0,-0.0448946952819824,6870.0,-0.0944105163216591,6870.0,-0.0552072525024414,6870.0,-0.0203398708254099,6870.0,-0.0266602523624897,6870.0,-0.0154180526733398,6870.0,-0.0310352332890034
6880.0,-0.0989808067679405,6880.0,-0.111777782440186,6880.0,-0.117457486689091,6880.0,-0.0510509498417377,6880.0,-0.075769804418087,6880.0,-0.103113651275635,6880.0,-0.0651838332414627,6880.0,-0.0716447830200195,6880.0,-0.0808322951197624,6880.0,-0.0290274620056152,6880.0,-0.0961370468139648,6880.0,-0.0989886298775673,6880.0,-0.0742385908961296,6880.0,-0.0201601982116699,6880.0,-0.0400353446602821,6880.0,-0.0448790565133095,6880.0,-0.0944808050990105,6880.0,-0.0552462600171566,6880.0,-0.0210040099918842,6880.0,-0.0266446117311716,6880.0,-0.0154024129733443,6880.0,-0.0310040470212698
6890.0,-0.0989729911088943,6890.0,-0.111777782440186,6890.0,-0.117457486689091,6890.0,-0.0510041229426861,6890.0,-0.0757619887590408,6890.0,-0.103105835616589,6890.0,-0.0651760101318359,6890.0,-0.0716291442513466,6890.0,-0.0808167457580566,6890.0,-0.0290196426212788,6890.0,-0.0961136817932129,6890.0,-0.0989808067679405,6890.0,-0.0742307677865028,6890.0,-0.0201680194586515,6890.0,-0.0400431640446186,6890.0,-0.044871237128973,6890.0,-0.0945355445146561,6890.0,-0.0552775375545025,6890.0,-0.021363353356719,6890.0,-0.0266289710998535,6890.0,-0.0153867723420262,6890.0,-0.0309727676212788
6900.0,-0.0989574417471886,6900.0,-0.111769966781139,6900.0,-0.117457486689091,6900.0,-0.050957202911377,6900.0,-0.0757619887590408,6900.0,-0.103098012506962,6900.0,-0.0651760101318359,6900.0,-0.0716213211417198,6900.0,-0.0808089300990105,6900.0,-0.0290040019899607,6900.0,-0.096082404255867,6900.0,-0.0989729911088943,6900.0,-0.0742229446768761,6900.0,-0.0201680194586515,6900.0,-0.0400508902966976,6900.0,-0.0448555946350098,6900.0,-0.0945901870727539,6900.0,-0.0552931800484657,6900.0,-0.0212696082890034,6900.0,-0.0266133304685354,6900.0,-0.0153711317107081,6900.0,-0.0309336669743061
6910.0,-0.0989496260881424,6910.0,-0.111769966781139,6910.0,-0.117449663579464,6910.0,-0.0509025566279888,6910.0,-0.0757541656494141,6910.0,-0.103090189397335,6910.0,-0.0651760101318359,6910.0,-0.0716057792305946,6910.0,-0.0808011069893837,6910.0,-0.0289883613586426,6910.0,-0.0960589423775673,6910.0,-0.0989651679992676,6910.0,-0.0742151290178299,6910.0,-0.020175838842988,6910.0,-0.0400508902966976,6910.0,-0.0448478721082211,6910.0,-0.0946371108293533,6910.0,-0.0553088188171387,6910.0,-0.0207852367311716,6910.0,-0.0265899654477835,6910.0,-0.0153476716950536,6910.0,-0.0308868419378996
6920.0,-0.0989339873194695,6920.0,-0.111762143671513,6920.0,-0.117449663579464,6920.0,-0.0508634559810162,6920.0,-0.0757541656494141,6920.0,-0.103090189397335,6920.0,-0.0651760101318359,6920.0,-0.0715979561209679,6920.0,-0.0807932838797569,6920.0,-0.0289727207273245,6920.0,-0.0960354804992676,6920.0,-0.0989574417471886,6920.0,-0.0742151290178299,6920.0,-0.020175838842988,6920.0,-0.0400587096810341,6920.0,-0.0448322296142578,6920.0,-0.0946917533874512,6920.0,-0.0553400032222271,6920.0,-0.020566463470459,6920.0,-0.0265743266791105,6920.0,-0.0153321269899607,6920.0,-0.0308555606752634
6930.0,-0.0989261642098427,6930.0,-0.111762143671513,6930.0,-0.117449663579464,6930.0,-0.0508088134229183,6930.0,-0.0757541656494141,6930.0,-0.103082470595837,6930.0,-0.0651760101318359,6930.0,-0.0715823173522949,6930.0,-0.080777645111084,6930.0,-0.0289571769535542,6930.0,-0.0960121154785156,6930.0,-0.0989574417471886,6930.0,-0.0742073059082031,6930.0,-0.0201836582273245,6930.0,-0.0400665290653706,6930.0,-0.0448244102299213,6930.0,-0.0947464928030968,6930.0,-0.0553791038691998,6930.0,-0.0204570777714252,6930.0,-0.0265586860477924,6930.0,-0.0153164863586426,6930.0,-0.030824376270175
6940.0,-0.0989105254411697,6940.0,-0.111754320561886,6940.0,-0.117449663579464,6940.0,-0.0507618896663189,6940.0,-0.0757541656494141,6940.0,-0.10307464748621,6940.0,-0.0651760101318359,6940.0,-0.0715745016932487,6940.0,-0.0807698294520378,6940.0,-0.0289493557065725,6940.0,-0.0959886536002159,6940.0,-0.0989496260881424,6940.0,-0.074199490249157,6940.0,-0.0201836582273245,6940.0,-0.0400665290653706,6940.0,-0.0448165908455849,6940.0,-0.0948011428117752,6940.0,-0.0554103851318359,6940.0,-0.0205274578183889,6940.0,-0.0265430454164743,6940.0,-0.0153008466586471,6940.0,-0.0307852756232023
6950.0,-0.0988948866724968,6950.0,-0.111754320561886,6950.0,-0.117441847920418,6950.0,-0.0507150664925575,6950.0,-0.0757463499903679,6950.0,-0.103066824376583,6950.0,-0.0651760101318359,6950.0,-0.0715588554739952,6950.0,-0.080762006342411,6950.0,-0.0289337169378996,6950.0,-0.0959651991724968,6950.0,-0.0989418029785156,6950.0,-0.074199490249157,6950.0,-0.0201914794743061,6950.0,-0.040074348449707,6950.0,-0.0448087714612484,6950.0,-0.094855785369873,6950.0,-0.0554493926465511,6950.0,-0.0205039978027344,6950.0,-0.0265274047851563,6950.0,-0.015285206027329,6950.0,-0.0307539943605661
6960.0,-0.09888706356287,6960.0,-0.111754320561886,6960.0,-0.117441847920418,6960.0,-0.0506681464612484,6960.0,-0.0757463499903679,6960.0,-0.103066824376583,6960.0,-0.0651838332414627,6960.0,-0.0715432167053223,6960.0,-0.0807541832327843,6960.0,-0.028925895690918,6960.0,-0.0959417372941971,6960.0,-0.0989339873194695,6960.0,-0.0741916671395302,6960.0,-0.0201914794743061,6960.0,-0.0400821678340435,6960.0,-0.0448009483516216,6960.0,-0.0949027091264725,6960.0,-0.055480670183897,6960.0,-0.0202539451420307,6960.0,-0.0265118610113859,6960.0,-0.0152695653960109,6960.0,-0.0307149887084961
6970.0,-0.0988714247941971,6970.0,-0.11174650490284,6970.0,-0.117441847920418,6970.0,-0.0506213195621967,6970.0,-0.0757463499903679,6970.0,-0.103059008717537,6970.0,-0.0651838332414627,6970.0,-0.0715354010462761,6970.0,-0.0807463675737381,6970.0,-0.0289102550595999,6970.0,-0.0959183722734451,6970.0,-0.0989261642098427,6970.0,-0.0741916671395302,6970.0,-0.0201914794743061,6970.0,-0.0400821678340435,6970.0,-0.0447931289672852,6970.0,-0.0949573516845703,6970.0,-0.0555119514465332,6970.0,-0.0201055537909269,6970.0,-0.0264962203800678,6970.0,-0.0152539256960154,6970.0,-0.0306837093085051
6980.0,-0.0988636985421181,6980.0,-0.11174650490284,6980.0,-0.117434024810791,6980.0,-0.0505822189152241,6980.0,-0.0757463499903679,6980.0,-0.10305118560791,6980.0,-0.0651838332414627,6980.0,-0.0715275779366493,6980.0,-0.0807385444641113,6980.0,-0.0288946162909269,6980.0,-0.0958949103951454,6980.0,-0.0989261642098427,6980.0,-0.0741838440299034,6980.0,-0.0201914794743061,6980.0,-0.0400899909436703,6980.0,-0.0447774901986122,6980.0,-0.0950042754411697,6980.0,-0.0555509589612484,6980.0,-0.0198086742311716,6980.0,-0.0264805797487497,6980.0,-0.0152305606752634,6980.0,-0.0306446086615324
6990.0,-0.0988558754324913,6990.0,-0.111738681793213,6990.0,-0.117434024810791,6990.0,-0.0505352988839149,6990.0,-0.0757385268807411,6990.0,-0.10305118560791,6990.0,-0.0651916489005089,6990.0,-0.0715120360255241,6990.0,-0.0807307288050652,6990.0,-0.0288867950439453,6990.0,-0.0958714485168457,6990.0,-0.0989183411002159,6990.0,-0.0741838440299034,6990.0,-0.0201992988586426,6990.0,-0.0400978103280067,6990.0,-0.0447774901986122,6990.0,-0.0950511023402214,6990.0,-0.0555900596082211,6990.0,-0.0196524616330862,6990.0,-0.0264649391174316,6990.0,-0.0152149200439453,6990.0,-0.0306056030094624
7000.0,-0.0988402366638184,7000.0,-0.111738681793213,7000.0,-0.117434024810791,7000.0,-0.0504884719848633,7000.0,-0.0757385268807411,7000.0,-0.103043369948864,7000.0,-0.0651994720101357,7000.0,-0.0715042129158974,7000.0,-0.0807230025529861,7000.0,-0.0288711544126272,7000.0,-0.095847986638546,7000.0,-0.0989105254411697,7000.0,-0.0741760283708572,7000.0,-0.0201992988586426,7000.0,-0.0400978103280067,7000.0,-0.044761847704649,7000.0,-0.0950980186462402,7000.0,-0.0556291602551937,7000.0,-0.0196680072695017,7000.0,-0.0264492984861135,7000.0,-0.0151992803439498,7000.0,-0.0305743217468262
7010.0,-0.0988324210047722,7010.0,-0.111730866134167,7010.0,-0.117426209151745,7010.0,-0.0504415519535542,7010.0,-0.0757385268807411,7010.0,-0.103035546839237,7010.0,-0.0652072951197624,7010.0,-0.0714963898062706,7010.0,-0.0807151794433594,7010.0,-0.0288634300231934,7010.0,-0.095824621617794,7010.0,-0.0989105254411697,7010.0,-0.0741760283708572,7010.0,-0.0201992988586426,7010.0,-0.0401056297123432,7010.0,-0.0447540283203125,7010.0,-0.0951371192932129,7010.0,-0.0556603446602821,7010.0,-0.0194336902350187,7010.0,-0.0264336597174406,7010.0,-0.0151836397126317,7010.0,-0.0305430423468351
7020.0,-0.0988245978951454,7020.0,-0.111730866134167,7020.0,-0.117418386042118,7020.0,-0.0504025481641293,7020.0,-0.0757385268807411,7020.0,-0.103035546839237,7020.0,-0.0652229338884354,7020.0,-0.0714807510375977,7020.0,-0.0807073637843132,7020.0,-0.0288477893918753,7020.0,-0.0958011671900749,7020.0,-0.098902702331543,7020.0,-0.0741682052612305,7020.0,-0.0202071201056242,7020.0,-0.0401134490966797,7020.0,-0.0447540283203125,7020.0,-0.0951839461922646,7020.0,-0.0556916259229183,7020.0,-0.0193164832890034,7020.0,-0.0264180190861225,7020.0,-0.0151679990813136,7020.0,-0.0305040366947651
7030.0,-0.0988167747855186,7030.0,-0.111730866134167,7030.0,-0.117418386042118,7030.0,-0.0503556244075298,7030.0,-0.0757385268807411,7030.0,-0.10302772372961,7030.0,-0.0652385726571083,7030.0,-0.0714729353785515,7030.0,-0.0806995406746864,7030.0,-0.0288399700075388,7030.0,-0.0957777053117752,7030.0,-0.098902702331543,7030.0,-0.0741682052612305,7030.0,-0.0202071201056242,7030.0,-0.0401212684810162,7030.0,-0.0447463057935238,7030.0,-0.0952386856079102,7030.0,-0.0557384490966797,7030.0,-0.0195742603391409,7030.0,-0.0264102946966887,7030.0,-0.0151601796969771,7030.0,-0.0304805766791105
7040.0,-0.0988089591264725,7040.0,-0.111730866134167,7040.0,-0.117418386042118,7040.0,-0.0503166206181049,7040.0,-0.0757385268807411,7040.0,-0.10302772372961,7040.0,-0.0652541145682335,7040.0,-0.0714651122689247,7040.0,-0.0806917175650597,7040.0,-0.0288321506232023,7040.0,-0.0957542434334755,7040.0,-0.098902702331543,7040.0,-0.0741682052612305,7040.0,-0.0202071201056242,7040.0,-0.0401290915906429,7040.0,-0.044738482683897,7040.0,-0.0952855125069618,7040.0,-0.0557775497436523,7040.0,-0.0197930335998535,7040.0,-0.0263946540653706,7040.0,-0.015144539065659,7040.0,-0.0304492954164743
7050.0,-0.0988011360168457,7050.0,-0.111738681793213,7050.0,-0.117410562932491,7050.0,-0.0502697005867958,7050.0,-0.0757307037711143,7050.0,-0.10302772372961,7050.0,-0.065269760787487,7050.0,-0.0714572891592979,7050.0,-0.0806917175650597,7050.0,-0.0288243293762207,7050.0,-0.0957307815551758,7050.0,-0.0988948866724968,7050.0,-0.0741682052612305,7050.0,-0.0202149394899607,7050.0,-0.0401369109749794,7050.0,-0.0447306632995605,7050.0,-0.0953246131539345,7050.0,-0.0558088310062885,7050.0,-0.0199492461979389,7050.0,-0.0263790134340525,7050.0,-0.0151368146762252,7050.0,-0.0304181110113859
7060.0,-0.0987933203577995,7060.0,-0.111730866134167,7060.0,-0.117410562932491,7060.0,-0.0502306930720806,7060.0,-0.0757307037711143,7060.0,-0.103019908070564,7060.0,-0.06528539955616,7060.0,-0.0714494735002518,7060.0,-0.0806839019060135,7060.0,-0.0288086887449026,7060.0,-0.0957074165344238,7060.0,-0.0988948866724968,7060.0,-0.0741604790091515,7060.0,-0.0202149394899607,7060.0,-0.0401369109749794,7060.0,-0.0447228439152241,7060.0,-0.0953714400529861,7060.0,-0.0558556579053402,7060.0,-0.0201992988586426,7060.0,-0.026371194049716,7060.0,-0.0151211740449071,7060.0,-0.0303790103644133
7070.0,-0.0987854972481728,7070.0,-0.111730866134167,7070.0,-0.117410562932491,7070.0,-0.0501837730407715,7070.0,-0.0757307037711143,7070.0,-0.103019908070564,7070.0,-0.0653010383248329,7070.0,-0.071441650390625,7070.0,-0.0806760787963867,7070.0,-0.0288008693605661,7070.0,-0.0956917777657509,7070.0,-0.0988948866724968,7070.0,-0.0741604790091515,7070.0,-0.0202149394899607,7070.0,-0.0401446335017681,7070.0,-0.0447150245308876,7070.0,-0.095418356359005,7070.0,-0.0558947585523129,7070.0,-0.0204102527350187,7070.0,-0.0263555534183979,7070.0,-0.015105533413589,7070.0,-0.0303477291017771
7080.0,-0.098777674138546,7080.0,-0.111730866134167,7080.0,-0.117402747273445,7080.0,-0.0501446723937988,7080.0,-0.0757307037711143,7080.0,-0.103012084960938,7080.0,-0.0653245002031326,7080.0,-0.0714338347315788,7080.0,-0.0806760787963867,7080.0,-0.0287930499762297,7080.0,-0.0956683158874512,7080.0,-0.0988948866724968,7080.0,-0.0741604790091515,7080.0,-0.0202227588742971,7080.0,-0.0401524566113949,7080.0,-0.0447150245308876,7080.0,-0.0954651832580566,7080.0,-0.0559415817260742,7080.0,-0.0207305904477835,7080.0,-0.0263477321714163,7080.0,-0.0150977140292525,7080.0,-0.0303165446966887
7090.0,-0.0987621322274208,7090.0,-0.111730866134167,7090.0,-0.117402747273445,7090.0,-0.0500978492200375,7090.0,-0.0757307037711143,7090.0,-0.103004269301891,7090.0,-0.0653400421142578,7090.0,-0.0714260116219521,7090.0,-0.0806682631373405,7090.0,-0.028785228729248,7090.0,-0.0956448540091515,7090.0,-0.0988948866724968,7090.0,-0.0741604790091515,7090.0,-0.0202227588742971,7090.0,-0.0401602759957314,7090.0,-0.0447072051465511,7090.0,-0.0955121070146561,7090.0,-0.0559806823730469,7090.0,-0.0212539676576853,7090.0,-0.0263399127870798,7090.0,-0.0150898937135935,7090.0,-0.0302930828183889
7100.0,-0.098754309117794,7100.0,-0.11172304302454,7100.0,-0.117395021021366,7100.0,-0.050050925463438,7100.0,-0.0757307037711143,7100.0,-0.103004269301891,7100.0,-0.0653556808829308,7100.0,-0.0714181885123253,7100.0,-0.0806604400277138,7100.0,-0.0287774093449116,7100.0,-0.0956293120980263,7100.0,-0.0988948866724968,7100.0,-0.0741526633501053,7100.0,-0.0202305801212788,7100.0,-0.0401680953800678,7100.0,-0.0446993820369244,7100.0,-0.0955432876944542,7100.0,-0.0560119636356831,7100.0,-0.0212539676576853,7100.0,-0.0263165477663279,7100.0,-0.0150664327666163,7100.0,-0.0302539821714163
7110.0,-0.0987464934587479,7110.0,-0.11172304302454,7110.0,-0.117395021021366,7110.0,-0.0500041022896767,7110.0,-0.0757307037711143,7110.0,-0.102996446192265,7110.0,-0.0653713271021843,7110.0,-0.0714104697108269,7110.0,-0.0806604400277138,7110.0,-0.0287696849554777,7110.0,-0.0956058502197266,7110.0,-0.0988948866724968,7110.0,-0.0741604790091515,7110.0,-0.0202383995056152,7110.0,-0.0401759147644043,7110.0,-0.0446993820369244,7110.0,-0.0955823883414268,7110.0,-0.056050967425108,7110.0,-0.0212539676576853,7110.0,-0.0263009071350098,7110.0,-0.0150507930666208,7110.0,-0.0302149783819914
7120.0,-0.0987386703491211,7120.0,-0.11172304302454,7120.0,-0.117395021021366,7120.0,-0.0499571822583675,7120.0,-0.0757307037711143,7120.0,-0.102988623082638,7120.0,-0.0653869658708572,7120.0,-0.0713948234915733,7120.0,-0.080652616918087,7120.0,-0.0287618637084961,7120.0,-0.0955823883414268,7120.0,-0.0988948866724968,7120.0,-0.0741526633501053,7120.0,-0.0202383995056152,7120.0,-0.0401837341487408,7120.0,-0.0446915626525879,7120.0,-0.0956136733293533,7120.0,-0.0560822486877441,7120.0,-0.0211836826056242,7120.0,-0.0262852665036917,7120.0,-0.0150352483615279,7120.0,-0.0301836971193552
7130.0,-0.0987308546900749,7130.0,-0.11172304302454,7130.0,-0.117395021021366,7130.0,-0.0499181747436523,7130.0,-0.0757307037711143,7130.0,-0.102988623082638,7130.0,-0.0654026046395302,7130.0,-0.0713870078325272,7130.0,-0.0806448012590408,7130.0,-0.0287540443241596,7130.0,-0.0955667495727539,7130.0,-0.098902702331543,7130.0,-0.0741526633501053,7130.0,-0.0202461238950491,7130.0,-0.0401915572583675,7130.0,-0.0446837432682514,7130.0,-0.0956526771187782,7130.0,-0.0561213493347168,7130.0,-0.021113395690918,7130.0,-0.0262696277350187,7130.0,-0.0150196077302098,7130.0,-0.0301445964723825
7140.0,-0.0987230315804482,7140.0,-0.111715219914913,7140.0,-0.117387197911739,7140.0,-0.0498790740966797,7140.0,-0.0757229849696159,7140.0,-0.102980904281139,7140.0,-0.0654182434082031,7140.0,-0.0713791847229004,7140.0,-0.0806369781494141,7140.0,-0.028746223077178,7140.0,-0.0955121070146561,7140.0,-0.098902702331543,7140.0,-0.0741526633501053,7140.0,-0.0202539451420307,7140.0,-0.040199376642704,7140.0,-0.0446759238839149,7140.0,-0.0956917777657509,7140.0,-0.0561525337398052,7140.0,-0.0210196506232023,7140.0,-0.0262539871037006,7140.0,-0.0150039670988917,7140.0,-0.0301134120672941
7150.0,-0.0987152084708214,7150.0,-0.111715219914913,7150.0,-0.117387197911739,7150.0,-0.0498400703072548,7150.0,-0.0757229849696159,7150.0,-0.102980904281139,7150.0,-0.0654416084289551,7150.0,-0.0713713690638542,7150.0,-0.0806369781494141,7150.0,-0.0287384036928415,7150.0,-0.0954495444893837,7150.0,-0.098902702331543,7150.0,-0.0741448402404785,7150.0,-0.0202539451420307,7150.0,-0.0402071960270405,7150.0,-0.0446681044995785,7150.0,-0.0957307815551758,7150.0,-0.0561916343867779,7150.0,-0.0212383270263672,7150.0,-0.026246165856719,7150.0,-0.0149961477145553,7150.0,-0.0300821308046579
7160.0,-0.0987073928117752,7160.0,-0.111715219914913,7160.0,-0.117387197911739,7160.0,-0.0498009696602821,7160.0,-0.0757229849696159,7160.0,-0.102973081171513,7160.0,-0.0654494315385818,7160.0,-0.0713635459542274,7160.0,-0.0806292518973351,7160.0,-0.0287305843085051,7160.0,-0.0953949019312859,7160.0,-0.0989105254411697,7160.0,-0.0741448402404785,7160.0,-0.0202617645263672,7160.0,-0.040215015411377,7160.0,-0.0446681044995785,7160.0,-0.0957620665431023,7160.0,-0.0562228225171566,7160.0,-0.0213008876889944,7160.0,-0.0262305270880461,7160.0,-0.0149805070832372,7160.0,-0.0300508495420218
7170.0,-0.0986995697021484,7170.0,-0.111715219914913,7170.0,-0.117387197911739,7170.0,-0.0497618690133095,7170.0,-0.0757229849696159,7170.0,-0.102973081171513,7170.0,-0.0654728934168816,7170.0,-0.0713557228446007,7170.0,-0.0806292518973351,7170.0,-0.0287227630615234,7170.0,-0.0953401550650597,7170.0,-0.0989105254411697,7170.0,-0.0741448402404785,7170.0,-0.0202695857733488,7170.0,-0.0402228347957134,7170.0,-0.0446602813899517,7170.0,-0.0957933440804482,7170.0,-0.0562541000545025,7170.0,-0.0211915019899607,7170.0,-0.0262149814516306,7170.0,-0.0149648664519191,7170.0,-0.0300118457525969
7180.0,-0.0986917540431023,7180.0,-0.111715219914913,7180.0,-0.117387197911739,7180.0,-0.0497228614985943,7180.0,-0.0757229849696159,7180.0,-0.102973081171513,7180.0,-0.0654885321855545,7180.0,-0.0713479071855545,7180.0,-0.0806214362382889,7180.0,-0.028714943677187,7180.0,-0.0952855125069618,7180.0,-0.0989183411002159,7180.0,-0.0741448402404785,7180.0,-0.0202774051576853,7180.0,-0.0402384772896767,7180.0,-0.0446524620056152,7180.0,-0.095824621617794,7180.0,-0.0562775619328022,7180.0,-0.0209259036928415,7180.0,-0.0261993408203125,7180.0,-0.0149492267519236,7180.0,-0.0299805644899607
7190.0,-0.0986839309334755,7190.0,-0.111707501113415,7190.0,-0.117387197911739,7190.0,-0.0496837608516216,7190.0,-0.0757229849696159,7190.0,-0.102973081171513,7190.0,-0.0655041709542274,7190.0,-0.0713479071855545,7190.0,-0.0806214362382889,7190.0,-0.028714943677187,7190.0,-0.095230869948864,7190.0,-0.0989183411002159,7190.0,-0.0741370245814323,7190.0,-0.0202852245420218,7190.0,-0.0402461998164654,7190.0,-0.0446524620056152,7190.0,-0.0958558097481728,7190.0,-0.0563088431954384,7190.0,-0.0206523891538382,7190.0,-0.0261837001889944,7190.0,-0.0149336820468307,7190.0,-0.0299415588378906
7200.0,-0.0986761078238487,7200.0,-0.111707501113415,7200.0,-0.117387197911739,7200.0,-0.0496447570621967,7200.0,-0.0757229849696159,7200.0,-0.102965258061886,7200.0,-0.0655276328325272,7200.0,-0.0713400840759277,7200.0,-0.0806136131286621,7200.0,-0.0287071224302053,7200.0,-0.0951839461922646,7200.0,-0.0989261642098427,7200.0,-0.0741370245814323,7200.0,-0.0202930457890034,7200.0,-0.0402540229260921,7200.0,-0.0446447394788265,7200.0,-0.0958870872855186,7200.0,-0.0563478469848633,7200.0,-0.0205430034548044,7200.0,-0.0261680614203215,7200.0,-0.0149180414155126,7200.0,-0.0299102794378996
7210.0,-0.164598271250725,7210.0,-0.167691990733147,7210.0,-0.177801415324211,7210.0,-0.0993792563676834,7210.0,-0.136043459177017,7210.0,-0.158043578267097,7210.0,-0.136246591806412,7210.0,-0.137379452586174,7210.0,-0.149942025542259,7210.0,-0.0635197684168816,7210.0,-0.157746702432632,7210.0,-0.158770084381104,7210.0,-0.147121623158455,7210.0,-0.071129135787487,7210.0,-0.0951604843139648,7210.0,-0.103308968245983,7210.0,-0.152410700917244,7210.0,-0.11209812015295,7210.0,-0.0397774688899517,7210.0,-0.0477931015193462,7210.0,-0.0537306778132915,7210.0,-0.0845745131373405
7220.0,-0.164535805583,7220.0,-0.167691990733147,7220.0,-0.177770242094994,7220.0,-0.0990590080618858,7220.0,-0.136106014251709,7220.0,-0.157988831400871,7220.0,-0.136160656809807,7220.0,-0.137316897511482,7220.0,-0.149863824248314,7220.0,-0.0630041137337685,7220.0,-0.157590493559837,7220.0,-0.158762365579605,7220.0,-0.147152900695801,7220.0,-0.0706838592886925,7220.0,-0.0952386856079102,7220.0,-0.103355884552002,7220.0,-0.152613833546638,7220.0,-0.112559035420418,7220.0,-0.0338008888065815,7220.0,-0.0458166114985943,7220.0,-0.0531369224190712,7220.0,-0.0833869948983192
7230.0,-0.164473250508308,7230.0,-0.167684271931648,7230.0,-0.177707672119141,7230.0,-0.098902702331543,7230.0,-0.13608255982399,7230.0,-0.157902911305428,7230.0,-0.136121556162834,7230.0,-0.137246608734131,7230.0,-0.149762257933617,7230.0,-0.0625510215759277,7230.0,-0.157442003488541,7230.0,-0.158746719360352,7230.0,-0.147168546915054,7230.0,-0.0702697783708572,7230.0,-0.0953167900443077,7230.0,-0.103402711451054,7230.0,-0.152793511748314,7230.0,-0.112855911254883,7230.0,-0.0298633575439453,7230.0,-0.044441606849432,7230.0,-0.052886962890625,7230.0,-0.0825510993599892
7240.0,-0.164418607950211,7240.0,-0.167668625712395,7240.0,-0.177653029561043,7240.0,-0.098754309117794,7240.0,-0.13605909049511,7240.0,-0.157824799418449,7240.0,-0.136090382933617,7240.0,-0.137176319956779,7240.0,-0.149668499827385,7240.0,-0.0621212981641293,7240.0,-0.157285794615746,7240.0,-0.158723264932632,7240.0,-0.147184178233147,7240.0,-0.0698869749903679,7240.0,-0.0953714400529861,7240.0,-0.1034339889884,7240.0,-0.152934178709984,7240.0,-0.11307468265295,7240.0,-0.0272696502506733,7240.0,-0.0433634780347347,7240.0,-0.0527775771915913,7240.0,-0.0819182395935059
7250.0,-0.164356142282486,7250.0,-0.167652994394302,7250.0,-0.177598282694817,7250.0,-0.0986058264970779,7250.0,-0.13603563606739,7250.0,-0.157715424895287,7250.0,-0.136051282286644,7250.0,-0.137098222970963,7250.0,-0.149574756622314,7250.0,-0.0616838447749615,7250.0,-0.157137304544449,7250.0,-0.158707618713379,7250.0,-0.147192001342773,7250.0,-0.0695276260375977,7250.0,-0.0954261794686317,7250.0,-0.103465273976326,7250.0,-0.1530591994524,7250.0,-0.113246537744999,7250.0,-0.0255743023008108,7250.0,-0.0425196662545204,7250.0,-0.0527775771915913,7250.0,-0.0813792273402214
7260.0,-0.164293572306633,7260.0,-0.167637348175049,7260.0,-0.177535817027092,7260.0,-0.0984417945146561,7260.0,-0.136004447937012,7260.0,-0.157598212361336,7260.0,-0.136012271046638,7260.0,-0.137027844786644,7260.0,-0.149488836526871,7260.0,-0.0612697601318359,7260.0,-0.156996726989746,7260.0,-0.158676341176033,7260.0,-0.147184178233147,7260.0,-0.0691994652152061,7260.0,-0.0954651832580566,7260.0,-0.103488638997078,7260.0,-0.153176411986351,7260.0,-0.113402746617794,7260.0,-0.0244258884340525,7260.0,-0.0418399833142757,7260.0,-0.0528322234749794,7260.0,-0.0808635726571083
7270.0,-0.164231106638908,7270.0,-0.167621716856956,7270.0,-0.177481174468994,7270.0,-0.0982854887843132,7270.0,-0.135980993509293,7270.0,-0.157504469156265,7270.0,-0.135973170399666,7270.0,-0.136957556009293,7270.0,-0.149402901530266,7270.0,-0.0608791373670101,7270.0,-0.156848236918449,7270.0,-0.158645153045654,7270.0,-0.147152900695801,7270.0,-0.0688947662711143,7270.0,-0.0955042839050293,7270.0,-0.103504277765751,7270.0,-0.153285697102547,7270.0,-0.113535597920418,7270.0,-0.0235352516174316,7270.0,-0.041261862963438,7270.0,-0.0529337897896767,7270.0,-0.0804261192679405
7280.0,-0.164168551564217,7280.0,-0.167598247528076,7280.0,-0.177418619394302,7280.0,-0.0981292724609375,7280.0,-0.135949715971947,7280.0,-0.157426357269287,7280.0,-0.135934069752693,7280.0,-0.136887267231941,7280.0,-0.149324804544449,7280.0,-0.0605119727551937,7280.0,-0.156699851155281,7280.0,-0.158613875508308,7280.0,-0.147121623158455,7280.0,-0.0686135292053223,7280.0,-0.095535472035408,7280.0,-0.103519916534424,7280.0,-0.153379440307617,7280.0,-0.113644979894161,7280.0,-0.0228008273988962,7280.0,-0.0407462120056152,7280.0,-0.0530353561043739,7280.0,-0.0800510421395302
7290.0,-0.164106085896492,7290.0,-0.167582705616951,7290.0,-0.177363976836205,7290.0,-0.0979730635881424,7290.0,-0.135926246643066,7290.0,-0.157332614064217,7290.0,-0.135895058512688,7290.0,-0.136816889047623,7290.0,-0.149246692657471,7290.0,-0.0601603500545025,7290.0,-0.156559184193611,7290.0,-0.158574774861336,7290.0,-0.147074803709984,7290.0,-0.0683479309082031,7290.0,-0.095551110804081,7290.0,-0.103519916534424,7290.0,-0.153465464711189,7290.0,-0.113738730549812,7290.0,-0.0223008152097464,7290.0,-0.0402931235730648,7290.0,-0.0531525611877441,7290.0,-0.0796995162963867
7300.0,-0.164043620228767,7300.0,-0.167559251189232,7300.0,-0.177309229969978,7300.0,-0.0978245735168457,7300.0,-0.135895058512688,7300.0,-0.157231047749519,7300.0,-0.135863780975342,7300.0,-0.136746600270271,7300.0,-0.149160668253899,7300.0,-0.0598244667053223,7300.0,-0.156410798430443,7300.0,-0.15853576362133,7300.0,-0.147012233734131,7300.0,-0.068082332611084,7300.0,-0.0955667495727539,7300.0,-0.103527739644051,7300.0,-0.153551384806633,7300.0,-0.113824658095837,7300.0,-0.0219962131232023,7300.0,-0.0399024970829487,7300.0,-0.0532853119075298,7300.0,-0.079379178583622
7310.0,-0.163988873362541,7310.0,-0.167535781860352,7310.0,-0.17725458741188,7310.0,-0.0976761803030968,7310.0,-0.135863780975342,7310.0,-0.157121658325195,7310.0,-0.135824784636497,7310.0,-0.13667631149292,7310.0,-0.149082571268082,7310.0,-0.0595041289925575,7310.0,-0.156270131468773,7310.0,-0.158496662974358,7310.0,-0.146941944956779,7310.0,-0.0678244605660439,7310.0,-0.0955823883414268,7310.0,-0.103519916534424,7310.0,-0.153621673583984,7310.0,-0.113894939422607,7310.0,-0.0218164455145597,7310.0,-0.0395665168762207,7310.0,-0.0534181594848633,7310.0,-0.0791448578238487
7320.0,-0.163934230804443,7320.0,-0.167512327432632,7320.0,-0.177199840545654,7320.0,-0.0975198745727539,7320.0,-0.135840326547623,7320.0,-0.157020092010498,7320.0,-0.13579349219799,7320.0,-0.136613756418228,7320.0,-0.149004459381104,7320.0,-0.0591994300484657,7320.0,-0.156129464507103,7320.0,-0.158449843525887,7320.0,-0.146863847970963,7320.0,-0.0675745010375977,7320.0,-0.0955902114510536,7320.0,-0.103512100875378,7320.0,-0.153691962361336,7320.0,-0.11395750194788,7320.0,-0.0217539798468351,7320.0,-0.0392774604260921,7320.0,-0.0535588264465332,7320.0,-0.0789417251944542
7330.0,-0.163871675729752,7330.0,-0.16748896241188,7330.0,-0.177145197987556,7330.0,-0.097371481359005,7330.0,-0.135816961526871,7330.0,-0.156926348805428,7330.0,-0.135762214660645,7330.0,-0.136543467640877,7330.0,-0.148934170603752,7330.0,-0.0589025504887104,7330.0,-0.1559888869524,7330.0,-0.15839509665966,7330.0,-0.146785736083984,7330.0,-0.0673244521021843,7330.0,-0.0955980345606804,7330.0,-0.103504277765751,7330.0,-0.153762340545654,7330.0,-0.114019967615604,7330.0,-0.0216367729008198,7330.0,-0.0390040390193462,7330.0,-0.0536915771663189,7330.0,-0.0787620544433594
7340.0,-0.163817033171654,7340.0,-0.167465493083,7340.0,-0.177090555429459,7340.0,-0.0972308143973351,7340.0,-0.135785683989525,7340.0,-0.156832605600357,7340.0,-0.1357232183218,7340.0,-0.136473178863525,7340.0,-0.148856073617935,7340.0,-0.0586134903132915,7340.0,-0.15584821999073,7340.0,-0.158340454101563,7340.0,-0.146691992878914,7340.0,-0.0670744925737381,7340.0,-0.0955902114510536,7340.0,-0.103488638997078,7340.0,-0.153824806213379,7340.0,-0.114082433283329,7340.0,-0.0213398933410645,7340.0,-0.0387540832161903,7340.0,-0.0538166053593159,7340.0,-0.0786213874816895
7350.0,-0.163762375712395,7350.0,-0.167442038655281,7350.0,-0.177035808563232,7350.0,-0.0970980674028397,7350.0,-0.135762214660645,7350.0,-0.156676396727562,7350.0,-0.135691925883293,7350.0,-0.136402890086174,7350.0,-0.14877787232399,7350.0,-0.0583400726318359,7350.0,-0.155707642436028,7350.0,-0.158285722136497,7350.0,-0.14660607278347,7350.0,-0.0668400749564171,7350.0,-0.0955902114510536,7350.0,-0.103473089635372,7350.0,-0.153879448771477,7350.0,-0.114129357039928,7350.0,-0.0212539676576853,7350.0,-0.0385274887084961,7350.0,-0.0539416335523129,7350.0,-0.0785041823983192
7360.0,-0.163699820637703,7360.0,-0.167410761117935,7360.0,-0.176981166005135,7360.0,-0.0969574004411697,7360.0,-0.135730937123299,7360.0,-0.156527906656265,7360.0,-0.13565282523632,7360.0,-0.136332511901855,7360.0,-0.148699760437012,7360.0,-0.0580822937190533,7360.0,-0.155574798583984,7360.0,-0.158223256468773,7360.0,-0.146520048379898,7360.0,-0.0665979385375977,7360.0,-0.0955823883414268,7360.0,-0.103449635207653,7360.0,-0.153934195637703,7360.0,-0.1141761764884,7360.0,-0.0212305076420307,7360.0,-0.0383165366947651,7360.0,-0.0540743842720985,7360.0,-0.0783947929739952
7370.0,-0.163645178079605,7370.0,-0.167387396097183,7370.0,-0.176926419138908,7370.0,-0.096824549138546,7370.0,-0.13569974899292,7370.0,-0.156457617878914,7370.0,-0.135621652007103,7370.0,-0.136262223124504,7370.0,-0.148621663451195,7370.0,-0.0578322410583496,7370.0,-0.155434235930443,7370.0,-0.158160790801048,7370.0,-0.146426305174828,7370.0,-0.0663635283708572,7370.0,-0.0955745726823807,7370.0,-0.103426173329353,7370.0,-0.153988838195801,7370.0,-0.114223100244999,7370.0,-0.0212774276733398,7370.0,-0.038121223449707,7370.0,-0.0541915893554688,7370.0,-0.0782932266592979
7380.0,-0.163590431213379,7380.0,-0.167363926768303,7380.0,-0.176863953471184,7380.0,-0.0966918021440506,7380.0,-0.135676294565201,7380.0,-0.156387329101563,7380.0,-0.135590359568596,7380.0,-0.136199757456779,7380.0,-0.148551374673843,7380.0,-0.0576134696602821,7380.0,-0.155301377177238,7380.0,-0.158098220825195,7380.0,-0.146340370178223,7380.0,-0.0661291107535362,7380.0,-0.0955667495727539,7380.0,-0.10341053456068,7380.0,-0.1540357619524,7380.0,-0.114262104034424,7380.0,-0.0212696082890034,7380.0,-0.0379337333142757,7380.0,-0.0543087981641293,7380.0,-0.0781994834542274
7390.0,-0.163543611764908,7390.0,-0.167332649230957,7390.0,-0.176809221506119,7390.0,-0.0965511351823807,7390.0,-0.13565282523632,7390.0,-0.156332597136497,7390.0,-0.13555908203125,7390.0,-0.136137202382088,7390.0,-0.148473262786865,7390.0,-0.0573791526257992,7390.0,-0.155168533325195,7390.0,-0.158027932047844,7390.0,-0.146262273192406,7390.0,-0.0658947974443436,7390.0,-0.095551110804081,7390.0,-0.103387072682381,7390.0,-0.154082581400871,7390.0,-0.114301204681396,7390.0,-0.0211445819586515,7390.0,-0.0377697013318539,7390.0,-0.0544103644788265,7390.0,-0.0781291946768761
7400.0,-0.163488864898682,7400.0,-0.167309194803238,7400.0,-0.176762387156487,7400.0,-0.0964261069893837,7400.0,-0.135629460215569,7400.0,-0.156270131468773,7400.0,-0.135527893900871,7400.0,-0.136066913604736,7400.0,-0.14839506149292,7400.0,-0.0571681968867779,7400.0,-0.155035778880119,7400.0,-0.157957658171654,7400.0,-0.146184161305428,7400.0,-0.0656603798270226,7400.0,-0.0955432876944542,7400.0,-0.103355884552002,7400.0,-0.154121682047844,7400.0,-0.114332489669323,7400.0,-0.0210899356752634,7400.0,-0.0376055724918842,7400.0,-0.0545119307935238,7400.0,-0.0780589133501053
7410.0,-0.163434222340584,7410.0,-0.167278006672859,7410.0,-0.176707744598389,7410.0,-0.0962855368852615,7410.0,-0.135598182678223,7410.0,-0.156199842691422,7410.0,-0.135488793253899,7410.0,-0.136004447937012,7410.0,-0.148324772715569,7410.0,-0.0569572448730469,7410.0,-0.154895111918449,7410.0,-0.157895088195801,7410.0,-0.146106049418449,7410.0,-0.0654338821768761,7410.0,-0.0955199226737022,7410.0,-0.103332422673702,7410.0,-0.154160693287849,7410.0,-0.114355944097042,7410.0,-0.0210821162909269,7410.0,-0.0374571792781353,7410.0,-0.0546134971082211,7410.0,-0.0780119895935059
7420.0,-0.163379475474358,7420.0,-0.167246729135513,7420.0,-0.176660820841789,7420.0,-0.0961526855826378,7420.0,-0.135574728250504,7420.0,-0.156160742044449,7420.0,-0.135457515716553,7420.0,-0.135934069752693,7420.0,-0.148246675729752,7420.0,-0.0567619316279888,7420.0,-0.154762268066406,7420.0,-0.157824799418449,7420.0,-0.146027848124504,7420.0,-0.0652072951197624,7420.0,-0.0955042839050293,7420.0,-0.103308968245983,7420.0,-0.154199793934822,7420.0,-0.114379309117794,7420.0,-0.0209259036928415,7420.0,-0.0373165123164654,7420.0,-0.0547150634229183,7420.0,-0.077957347035408
7430.0,-0.163332656025887,7430.0,-0.167223259806633,7430.0,-0.176606178283691,7430.0,-0.0960276648402214,7430.0,-0.135543450713158,7430.0,-0.156113907694817,7430.0,-0.135426327586174,7430.0,-0.135871604084969,7430.0,-0.1481763869524,7430.0,-0.056582260876894,7430.0,-0.15462951362133,7430.0,-0.157754525542259,7430.0,-0.145957574248314,7430.0,-0.0650041624903679,7430.0,-0.0954964682459831,7430.0,-0.103277780115604,7430.0,-0.154231071472168,7430.0,-0.114410594105721,7430.0,-0.0208477023988962,7430.0,-0.0371915809810162,7430.0,-0.0548244491219521,7430.0,-0.0779104232788086
7440.0,-0.16327790915966,7440.0,-0.167192086577415,7440.0,-0.176551446318626,7440.0,-0.0958949103951454,7440.0,-0.135520085692406,7440.0,-0.156059175729752,7440.0,-0.135395050048828,7440.0,-0.135809138417244,7440.0,-0.148106008768082,7440.0,-0.0564104095101357,7440.0,-0.154504492878914,7440.0,-0.157684236764908,7440.0,-0.145887285470963,7440.0,-0.0648010298609734,7440.0,-0.0954808220267296,7440.0,-0.103262141346931,7440.0,-0.154262259602547,7440.0,-0.11443405598402,7440.0,-0.0208868030458689,7440.0,-0.0370665565133095,7440.0,-0.0549181960523129,7440.0,-0.077847957611084
7450.0,-0.163231089711189,7450.0,-0.167168617248535,7450.0,-0.176504611968994,7450.0,-0.0957698822021484,7450.0,-0.135496616363525,7450.0,-0.156012341380119,7450.0,-0.135363772511482,7450.0,-0.135746583342552,7450.0,-0.14803571999073,7450.0,-0.056246280670166,7450.0,-0.154371649026871,7450.0,-0.157621666789055,7450.0,-0.145824819803238,7450.0,-0.0646135360002518,7450.0,-0.0954651832580566,7450.0,-0.103238679468632,7450.0,-0.154301360249519,7450.0,-0.114441871643066,7450.0,-0.020941449329257,7450.0,-0.036949347704649,7450.0,-0.0550041198730469,7450.0,-0.0777932181954384
7460.0,-0.16318416595459,7460.0,-0.167137339711189,7460.0,-0.176457688212395,7460.0,-0.0956448540091515,7460.0,-0.13546533882618,7460.0,-0.155957609415054,7460.0,-0.135332584381104,7460.0,-0.135684117674828,7460.0,-0.147965431213379,7460.0,-0.0560822486877441,7460.0,-0.154246717691422,7460.0,-0.15755920112133,7460.0,-0.145770072937012,7460.0,-0.0644416809082031,7460.0,-0.0954495444893837,7460.0,-0.103215217590332,7460.0,-0.154324814677238,7460.0,-0.114449694752693,7460.0,-0.0207774173468351,7460.0,-0.0368399620056152,7460.0,-0.0550822280347347,7460.0,-0.0777620300650597
7470.0,-0.163137346506119,7470.0,-0.167106062173843,7470.0,-0.176403045654297,7470.0,-0.095527745783329,7470.0,-0.13544188439846,7470.0,-0.155902966856956,7470.0,-0.135309129953384,7470.0,-0.135621652007103,7470.0,-0.147902876138687,7470.0,-0.0559337623417377,7470.0,-0.154121682047844,7470.0,-0.157496646046638,7470.0,-0.145715430378914,7470.0,-0.0642619132995605,7470.0,-0.0954417213797569,7470.0,-0.103199578821659,7470.0,-0.154356107115746,7470.0,-0.114465236663818,7470.0,-0.0205977447330952,7470.0,-0.0367305763065815,7470.0,-0.0551603324711323,7470.0,-0.077722929418087
7480.0,-0.163098245859146,7480.0,-0.167082697153091,7480.0,-0.176356121897697,7480.0,-0.095418356359005,7480.0,-0.135418519377708,7480.0,-0.155840396881104,7480.0,-0.135277852416039,7480.0,-0.135566905140877,7480.0,-0.147832587361336,7480.0,-0.0557853691279888,7480.0,-0.153996661305428,7480.0,-0.157434180378914,7480.0,-0.145660683512688,7480.0,-0.0641057044267654,7480.0,-0.0954261794686317,7480.0,-0.103176213800907,7480.0,-0.154387280344963,7480.0,-0.114480875432491,7480.0,-0.0206993110477924,7480.0,-0.0366290099918842,7480.0,-0.0552385337650776,7480.0,-0.0776839256286621
7490.0,-0.163051411509514,7490.0,-0.167051419615746,7490.0,-0.176309302449226,7490.0,-0.0953089743852615,7490.0,-0.135395050048828,7490.0,-0.155762299895287,7490.0,-0.135246559977531,7490.0,-0.135504439473152,7490.0,-0.147770121693611,7490.0,-0.0556447021663189,7490.0,-0.153871640563011,7490.0,-0.157379537820816,7490.0,-0.145613864064217,7490.0,-0.0639573112130165,7490.0,-0.095418356359005,7490.0,-0.103160575032234,7490.0,-0.154410749673843,7490.0,-0.114488698542118,7490.0,-0.0206758510321379,7490.0,-0.0365352630615234,7490.0,-0.0553244613111019,7490.0,-0.0776448249816895
7500.0,-0.163004502654076,7500.0,-0.167027950286865,7500.0,-0.176262378692627,7500.0,-0.0951995849609375,7500.0,-0.135371595621109,7500.0,-0.155676364898682,7500.0,-0.135223194956779,7500.0,-0.13544188439846,7500.0,-0.147707566618919,7500.0,-0.0555275939404964,7500.0,-0.153746709227562,7500.0,-0.15732479095459,7500.0,-0.145574763417244,7500.0,-0.0638166442513466,7500.0,-0.095402717590332,7500.0,-0.103144936263561,7500.0,-0.154434204101563,7500.0,-0.114504337310791,7500.0,-0.0206133853644133,7500.0,-0.0364493392407894,7500.0,-0.055394746363163,7500.0,-0.0776057243347168
7510.0,-0.16296549141407,7510.0,-0.167004495859146,7510.0,-0.176215559244156,7510.0,-0.0950902029871941,7510.0,-0.135348126292229,7510.0,-0.155590444803238,7510.0,-0.135191917419434,7510.0,-0.135387226939201,7510.0,-0.147645100951195,7510.0,-0.0554103851318359,7510.0,-0.153621673583984,7510.0,-0.157270148396492,7510.0,-0.145527943968773,7510.0,-0.0636994391679764,7510.0,-0.0953870788216591,7510.0,-0.103121474385262,7510.0,-0.154449850320816,7510.0,-0.114519976079464,7510.0,-0.0203711520880461,7510.0,-0.0363634116947651,7510.0,-0.0554728507995605,7510.0,-0.0775745436549187
7520.0,-0.162918567657471,7520.0,-0.166973307728767,7520.0,-0.176168635487556,7520.0,-0.0949886366724968,7520.0,-0.135324761271477,7520.0,-0.155543521046638,7520.0,-0.135168462991714,7520.0,-0.135324761271477,7520.0,-0.14758263528347,7520.0,-0.0552853606641293,7520.0,-0.153496652841568,7520.0,-0.157215401530266,7520.0,-0.1454888433218,7520.0,-0.0635900497436523,7520.0,-0.0953792557120323,7520.0,-0.103098012506962,7520.0,-0.154449850320816,7520.0,-0.114535622298717,7520.0,-0.0201836582273245,7520.0,-0.0362774841487408,7520.0,-0.0555509589612484,7520.0,-0.0775432586669922
7530.0,-0.162879571318626,7530.0,-0.166949853301048,7530.0,-0.176121711730957,7530.0,-0.0948792472481728,7530.0,-0.135293483734131,7530.0,-0.155488878488541,7530.0,-0.135144993662834,7530.0,-0.135270029306412,7530.0,-0.147520065307617,7530.0,-0.0551681518554688,7530.0,-0.153379440307617,7530.0,-0.157168582081795,7530.0,-0.145457550883293,7530.0,-0.0634884834289551,7530.0,-0.0953714400529861,7530.0,-0.103090189397335,7530.0,-0.154442027211189,7530.0,-0.114535622298717,7530.0,-0.0200352668762207,7530.0,-0.0361993797123432,7530.0,-0.0556213371455669,7530.0,-0.0775119811296463
7540.0,-0.162840470671654,7540.0,-0.166926383972168,7540.0,-0.176082715392113,7540.0,-0.0947776809334755,7540.0,-0.135270029306412,7540.0,-0.155441954731941,7540.0,-0.135113820433617,7540.0,-0.135215386748314,7540.0,-0.147465422749519,7540.0,-0.055058766156435,7540.0,-0.153262332081795,7540.0,-0.157121658325195,7540.0,-0.145426377654076,7540.0,-0.0633947402238846,7540.0,-0.0953558012843132,7540.0,-0.10307464748621,7540.0,-0.154457569122314,7540.0,-0.114543437957764,7540.0,-0.0200586318969727,7540.0,-0.0361212752759457,7540.0,-0.0556916259229183,7540.0,-0.0774963423609734
7550.0,-0.162793546915054,7550.0,-0.166895195841789,7550.0,-0.176035791635513,7550.0,-0.0946682915091515,7550.0,-0.135246559977531,7550.0,-0.155387312173843,7550.0,-0.135090351104736,7550.0,-0.135160639882088,7550.0,-0.147410675883293,7550.0,-0.0549493804574013,7550.0,-0.153145119547844,7550.0,-0.157074838876724,7550.0,-0.145402908325195,7550.0,-0.0632931739091873,7550.0,-0.0953479781746864,7550.0,-0.103066824376583,7550.0,-0.154473215341568,7550.0,-0.114558987319469,7550.0,-0.0200274474918842,7550.0,-0.0360508933663368,7550.0,-0.0557619109749794,7550.0,-0.0774886161088943
7560.0,-0.162754535675049,7560.0,-0.16687174141407,7560.0,-0.175996780395508,7560.0,-0.0945667251944542,7560.0,-0.135223194956779,7560.0,-0.155317023396492,7560.0,-0.135066896677017,7560.0,-0.13510599732399,7560.0,-0.147348210215569,7560.0,-0.0548479072749615,7560.0,-0.153027921915054,7560.0,-0.157027915120125,7560.0,-0.145371630787849,7560.0,-0.063207246363163,7560.0,-0.0953401550650597,7560.0,-0.10305118560791,7560.0,-0.15448884665966,7560.0,-0.114558987319469,7560.0,-0.0199492461979389,7560.0,-0.0359884276986122,7560.0,-0.0558321960270405,7560.0,-0.0774651542305946
7570.0,-0.162715435028076,7570.0,-0.166848286986351,7570.0,-0.175949856638908,7570.0,-0.0944729819893837,7570.0,-0.13519974052906,7570.0,-0.155246645212173,7570.0,-0.135043427348137,7570.0,-0.135051250457764,7570.0,-0.147293567657471,7570.0,-0.0547540672123432,7570.0,-0.152910709381104,7570.0,-0.156988903880119,7570.0,-0.145355984568596,7570.0,-0.0631135031580925,7570.0,-0.0953324362635612,7570.0,-0.103043369948864,7570.0,-0.154504492878914,7570.0,-0.114566802978516,7570.0,-0.0198008548468351,7570.0,-0.0359181426465511,7570.0,-0.0558947585523129,7570.0,-0.0774573311209679
7580.0,-0.162676438689232,7580.0,-0.166816994547844,7580.0,-0.175903037190437,7580.0,-0.0943714156746864,7580.0,-0.135176286101341,7580.0,-0.155207633972168,7580.0,-0.135020062327385,7580.0,-0.134996607899666,7580.0,-0.147238835692406,7580.0,-0.0546759627759457,7580.0,-0.152793511748314,7580.0,-0.156949803233147,7580.0,-0.145332619547844,7580.0,-0.0630119368433952,7580.0,-0.0953167900443077,7580.0,-0.103035546839237,7580.0,-0.154512315988541,7580.0,-0.114574626088142,7580.0,-0.0196992885321379,7580.0,-0.0358555801212788,7580.0,-0.0559572242200375,7580.0,-0.0774416923522949
7590.0,-0.162645146250725,7590.0,-0.166793629527092,7590.0,-0.175863936543465,7590.0,-0.0942776724696159,7590.0,-0.135152816772461,7590.0,-0.155176356434822,7590.0,-0.134996607899666,7590.0,-0.134941965341568,7590.0,-0.147192001342773,7590.0,-0.0546134971082211,7590.0,-0.152684211730957,7590.0,-0.156902983784676,7590.0,-0.145316988229752,7590.0,-0.0629338249564171,7590.0,-0.0953089743852615,7590.0,-0.103035546839237,7590.0,-0.154527947306633,7590.0,-0.114574626088142,7590.0,-0.0196290016174316,7590.0,-0.0358009338378906,7590.0,-0.0560197830200195,7590.0,-0.077426053583622
7600.0,-0.162606045603752,7600.0,-0.166770175099373,7600.0,-0.175824925303459,7600.0,-0.0941761061549187,7600.0,-0.135129451751709,7600.0,-0.155137345194817,7600.0,-0.134973153471947,7600.0,-0.134887218475342,7600.0,-0.147137269377708,7600.0,-0.0545510314404964,7600.0,-0.152574822306633,7600.0,-0.15687170624733,7600.0,-0.145301342010498,7600.0,-0.0628557205200195,7600.0,-0.0953089743852615,7600.0,-0.10302772372961,7600.0,-0.154543593525887,7600.0,-0.114566802978516,7600.0,-0.0196992885321379,7600.0,-0.0357383750379086,7600.0,-0.0560744293034077,7600.0,-0.0774182304739952
7610.0,-0.162567049264908,7610.0,-0.166738897562027,7610.0,-0.175778016448021,7610.0,-0.0940745398402214,7610.0,-0.13510599732399,7610.0,-0.155106067657471,7610.0,-0.134949684143066,7610.0,-0.134832575917244,7610.0,-0.147082611918449,7610.0,-0.0544962882995605,7610.0,-0.152457624673843,7610.0,-0.156832605600357,7610.0,-0.145285710692406,7610.0,-0.062777616083622,7610.0,-0.0953011512756348,7610.0,-0.10302772372961,7610.0,-0.154551416635513,7610.0,-0.114566802978516,7610.0,-0.0195820815861225,7610.0,-0.0356915481388569,7610.0,-0.0561290755867958,7610.0,-0.0774025917053223
7620.0,-0.162527948617935,7620.0,-0.166715428233147,7620.0,-0.175738915801048,7620.0,-0.0939807891845703,7620.0,-0.13508252799511,7620.0,-0.155074790120125,7620.0,-0.134926319122314,7620.0,-0.134777829051018,7620.0,-0.147035703063011,7620.0,-0.0544416420161724,7620.0,-0.152348235249519,7620.0,-0.156793594360352,7620.0,-0.145277887582779,7620.0,-0.0627150535583496,7620.0,-0.0952933356165886,7620.0,-0.10302772372961,7620.0,-0.154559135437012,7620.0,-0.11455126106739,7620.0,-0.0196446422487497,7620.0,-0.0356368087232113,7620.0,-0.0561838150024414,7620.0,-0.0773948654532433
7630.0,-0.162496671080589,7630.0,-0.166692063212395,7630.0,-0.175699904561043,7630.0,-0.093894861638546,7630.0,-0.13505907356739,7630.0,-0.155043512582779,7630.0,-0.134902864694595,7630.0,-0.134731009602547,7630.0,-0.146988868713379,7630.0,-0.0543869026005268,7630.0,-0.152238845825195,7630.0,-0.156762316823006,7630.0,-0.145270064473152,7630.0,-0.0626447722315788,7630.0,-0.0952855125069618,7630.0,-0.10302772372961,7630.0,-0.154566958546638,7630.0,-0.114543437957764,7630.0,-0.0196055416017771,7630.0,-0.0355821624398232,7630.0,-0.0562306419014931,7630.0,-0.0773870497941971
7640.0,-0.162457659840584,7640.0,-0.166668608784676,7640.0,-0.17566080391407,7640.0,-0.0938011184334755,7640.0,-0.135035708546638,7640.0,-0.1550123244524,7640.0,-0.134879395365715,7640.0,-0.13467626273632,7640.0,-0.146934136748314,7640.0,-0.0543400757014751,7640.0,-0.152129456400871,7640.0,-0.156723216176033,7640.0,-0.145262241363525,7640.0,-0.0625823065638542,7640.0,-0.0952855125069618,7640.0,-0.10302772372961,7640.0,-0.154582604765892,7640.0,-0.114535622298717,7640.0,-0.0195274353027344,7640.0,-0.035535242408514,7640.0,-0.0562932007014751,7640.0,-0.0773792266845703
7650.0,-0.162426382303238,7650.0,-0.166645154356956,7650.0,-0.175621792674065,7650.0,-0.0937151908874512,7650.0,-0.135020062327385,7650.0,-0.154988870024681,7650.0,-0.134855940937996,7650.0,-0.134629443287849,7650.0,-0.146887302398682,7650.0,-0.054293155670166,7650.0,-0.152020081877708,7650.0,-0.156692028045654,7650.0,-0.145254418253899,7650.0,-0.0625197440385818,7650.0,-0.0952776893973351,7650.0,-0.10302772372961,7650.0,-0.154582604765892,7650.0,-0.114512160420418,7650.0,-0.0195977222174406,7650.0,-0.0354884155094624,7650.0,-0.0563478469848633,7650.0,-0.0773714110255241
7660.0,-0.162387371063232,7660.0,-0.166621685028076,7660.0,-0.175582692027092,7660.0,-0.0936292633414268,7660.0,-0.134996607899666,7660.0,-0.154957577586174,7660.0,-0.134840399026871,7660.0,-0.134574696421623,7660.0,-0.146848201751709,7660.0,-0.0542541518807411,7660.0,-0.151918515563011,7660.0,-0.156660750508308,7660.0,-0.145246610045433,7660.0,-0.0624572746455669,7660.0,-0.0952776893973351,7660.0,-0.103035546839237,7660.0,-0.154598236083984,7660.0,-0.114488698542118,7660.0,-0.019746208563447,7660.0,-0.0354414954781532,7660.0,-0.0564025901257992,7660.0,-0.0773635879158974
7670.0,-0.162356093525887,7670.0,-0.166598320007324,7670.0,-0.175543591380119,7670.0,-0.0935433432459831,7670.0,-0.134973153471947,7670.0,-0.154934212565422,7670.0,-0.13481692969799,7670.0,-0.134527876973152,7670.0,-0.146801382303238,7670.0,-0.054207231849432,7670.0,-0.151809126138687,7670.0,-0.156629472970963,7670.0,-0.145246610045433,7670.0,-0.0624103546142578,7670.0,-0.0952776893973351,7670.0,-0.103043369948864,7670.0,-0.154606059193611,7670.0,-0.114480875432491,7670.0,-0.0198008548468351,7670.0,-0.035402487963438,7670.0,-0.056457232683897,7670.0,-0.0773557648062706
7680.0,-0.162316992878914,7680.0,-0.166574865579605,7680.0,-0.175504595041275,7680.0,-0.0934574156999588,7680.0,-0.134957507252693,7680.0,-0.154902935028076,7680.0,-0.134793475270271,7680.0,-0.134480953216553,7680.0,-0.146754458546638,7680.0,-0.0541759505867958,7680.0,-0.151707649230957,7680.0,-0.156598284840584,7680.0,-0.145238876342773,7680.0,-0.0623478889465332,7680.0,-0.0952776893973351,7680.0,-0.103043369948864,7680.0,-0.154606059193611,7680.0,-0.114465236663818,7680.0,-0.0196680072695017,7680.0,-0.0353555679321289,7680.0,-0.0565119758248329,7680.0,-0.0773401260375977
7690.0,-0.162285804748535,7690.0,-0.166551396250725,7690.0,-0.175465494394302,7690.0,-0.0933714881539345,7690.0,-0.134934142231941,7690.0,-0.15487165749073,7690.0,-0.134777829051018,7690.0,-0.134426310658455,7690.0,-0.146715357899666,7690.0,-0.0541369430720806,7690.0,-0.15160608291626,7690.0,-0.156567007303238,7690.0,-0.145238876342773,7690.0,-0.0623009689152241,7690.0,-0.0952776893973351,7690.0,-0.10305118560791,7690.0,-0.154613882303238,7690.0,-0.114441871643066,7690.0,-0.0195117946714163,7690.0,-0.0353087447583675,7690.0,-0.0565666221082211,7690.0,-0.0773166641592979
7700.0,-0.162254527211189,7700.0,-0.166527941823006,7700.0,-0.175434306263924,7700.0,-0.0932854637503624,7700.0,-0.134918496012688,7700.0,-0.154848203063011,7700.0,-0.134754374623299,7700.0,-0.134379386901855,7700.0,-0.146668538451195,7700.0,-0.0541056655347347,7700.0,-0.151504516601563,7700.0,-0.156543537974358,7700.0,-0.145238876342773,7700.0,-0.0622776038944721,7700.0,-0.0952776893973351,7700.0,-0.103059008717537,7700.0,-0.154621705412865,7700.0,-0.114426232874393,7700.0,-0.0194961559027433,7700.0,-0.0352774634957314,7700.0,-0.0566212646663189,7700.0,-0.077301025390625
7710.0,-0.16223107278347,7710.0,-0.166504576802254,7710.0,-0.175403028726578,7710.0,-0.0931995436549187,7710.0,-0.134895041584969,7710.0,-0.154817014932632,7710.0,-0.134731009602547,7710.0,-0.134332567453384,7710.0,-0.146621614694595,7710.0,-0.0540743842720985,7710.0,-0.151402950286865,7710.0,-0.15651236474514,7710.0,-0.145246610045433,7710.0,-0.0622619651257992,7710.0,-0.0952776893973351,7710.0,-0.103066824376583,7710.0,-0.154621705412865,7710.0,-0.114410594105721,7710.0,-0.0194648746401072,7710.0,-0.0352306365966797,7710.0,-0.0566681884229183,7710.0,-0.0772854834794998
7720.0,-0.162199780344963,7720.0,-0.166488930583,7720.0,-0.175363928079605,7720.0,-0.0931136161088943,7720.0,-0.134871587157249,7720.0,-0.154785737395287,7720.0,-0.134715363383293,7720.0,-0.134285643696785,7720.0,-0.14658260345459,7720.0,-0.0540431998670101,7720.0,-0.151301383972168,7720.0,-0.15648889541626,7720.0,-0.145246610045433,7720.0,-0.062230683863163,7720.0,-0.0952776893973351,7720.0,-0.103082470595837,7720.0,-0.15462951362133,7720.0,-0.114410594105721,7720.0,-0.0195039752870798,7720.0,-0.035191535949707,7720.0,-0.0567228309810162,7720.0,-0.077277660369873
7730.0,-0.162168607115746,7730.0,-0.166465476155281,7730.0,-0.175332739949226,7730.0,-0.0930355116724968,7730.0,-0.134855940937996,7730.0,-0.154754444956779,7730.0,-0.134691908955574,7730.0,-0.134231001138687,7730.0,-0.146543502807617,7730.0,-0.0540119186043739,7730.0,-0.151207640767097,7730.0,-0.156457617878914,7730.0,-0.145246610045433,7730.0,-0.0622150413691998,7730.0,-0.0952855125069618,7730.0,-0.103090189397335,7730.0,-0.154637336730957,7730.0,-0.114410594105721,7730.0,-0.0195274353027344,7730.0,-0.0351602546870708,7730.0,-0.0567697547376156,7730.0,-0.0772620216012001
7740.0,-0.162137314677238,7740.0,-0.166442021727562,7740.0,-0.17530146241188,7740.0,-0.0929495841264725,7740.0,-0.134840399026871,7740.0,-0.154731079936028,7740.0,-0.13467626273632,7740.0,-0.134191900491714,7740.0,-0.146504506468773,7740.0,-0.0539884567260742,7740.0,-0.1511060744524,7740.0,-0.156426340341568,7740.0,-0.145254418253899,7740.0,-0.0621838569641113,7740.0,-0.0952855125069618,7740.0,-0.103098012506962,7740.0,-0.154637336730957,7740.0,-0.114418409764767,7740.0,-0.0194961559027433,7740.0,-0.035121250897646,7740.0,-0.056816577911377,7740.0,-0.0772463828325272
7750.0,-0.162113860249519,7750.0,-0.166426375508308,7750.0,-0.175270184874535,7750.0,-0.0928714796900749,7750.0,-0.13481692969799,7750.0,-0.154699802398682,7750.0,-0.134652808308601,7750.0,-0.134145066142082,7750.0,-0.1464654058218,7750.0,-0.0539650917053223,7750.0,-0.15101233124733,7750.0,-0.156402975320816,7750.0,-0.145254418253899,7750.0,-0.0621603988111019,7750.0,-0.0952933356165886,7750.0,-0.103113651275635,7750.0,-0.154652878642082,7750.0,-0.114426232874393,7750.0,-0.0196211822330952,7750.0,-0.0350899696350098,7750.0,-0.0568713210523129,7750.0,-0.0772385597229004
7760.0,-0.162082672119141,7760.0,-0.166403010487556,7760.0,-0.175238892436028,7760.0,-0.0927855521440506,7760.0,-0.134801298379898,7760.0,-0.154660701751709,7760.0,-0.134637266397476,7760.0,-0.134098157286644,7760.0,-0.146426305174828,7760.0,-0.0539416335523129,7760.0,-0.150918588042259,7760.0,-0.156379505991936,7760.0,-0.145270064473152,7760.0,-0.0621447563171387,7760.0,-0.0953011512756348,7760.0,-0.103121474385262,7760.0,-0.154652878642082,7760.0,-0.11443405598402,7760.0,-0.0197539329528809,7760.0,-0.0350586883723736,7760.0,-0.0569181442260742,7760.0,-0.0772229209542274
7770.0,-0.162043571472168,7770.0,-0.166387364268303,7770.0,-0.17520771920681,7770.0,-0.0927073508501053,7770.0,-0.134777829051018,7770.0,-0.15462951362133,7770.0,-0.134613797068596,7770.0,-0.134051322937012,7770.0,-0.146387293934822,7770.0,-0.0539181716740131,7770.0,-0.150817021727562,7770.0,-0.15634822845459,7770.0,-0.145270064473152,7770.0,-0.0621212981641293,7770.0,-0.0953011512756348,7770.0,-0.103137113153934,7770.0,-0.154660701751709,7770.0,-0.11443405598402,7770.0,-0.0197773929685354,7770.0,-0.0350275039672852,7770.0,-0.0569572448730469,7770.0,-0.0772072821855545
7780.0,-0.162020117044449,7780.0,-0.166363909840584,7780.0,-0.175176426768303,7780.0,-0.0926292464137077,7780.0,-0.134762197732925,7780.0,-0.154598236083984,7780.0,-0.134598165750504,7780.0,-0.134004399180412,7780.0,-0.146348193287849,7780.0,-0.0538947097957134,7780.0,-0.15072326362133,7780.0,-0.156324774026871,7780.0,-0.145277887582779,7780.0,-0.062105655670166,7780.0,-0.0953089743852615,7780.0,-0.103144936263561,7780.0,-0.154660701751709,7780.0,-0.11443405598402,7780.0,-0.0195430759340525,7780.0,-0.0349884033203125,7780.0,-0.057004164904356,7780.0,-0.0771917328238487
7790.0,-0.16198892891407,7790.0,-0.16634826362133,7790.0,-0.175145149230957,7790.0,-0.0925433188676834,7790.0,-0.1347466558218,7790.0,-0.154543593525887,7790.0,-0.134574696421623,7790.0,-0.133957579731941,7790.0,-0.146309182047844,7790.0,-0.0538790710270405,7790.0,-0.15062952041626,7790.0,-0.156301409006119,7790.0,-0.145285710692406,7790.0,-0.0620901100337505,7790.0,-0.0953167900443077,7790.0,-0.103152751922607,7790.0,-0.154660701751709,7790.0,-0.114449694752693,7790.0,-0.0195977222174406,7790.0,-0.0349649451673031,7790.0,-0.0570509918034077,7790.0,-0.0771839171648026
7800.0,-0.161965474486351,7800.0,-0.166324809193611,7800.0,-0.175113961100578,7800.0,-0.0924652144312859,7800.0,-0.134731009602547,7800.0,-0.154520139098167,7800.0,-0.134559065103531,7800.0,-0.133910655975342,7800.0,-0.146277904510498,7800.0,-0.053863525390625,7800.0,-0.150543496012688,7800.0,-0.156277939677238,7800.0,-0.145301342010498,7800.0,-0.0620744712650776,7800.0,-0.0953246131539345,7800.0,-0.10316839069128,7800.0,-0.154668524861336,7800.0,-0.114480875432491,7800.0,-0.0197071079164743,7800.0,-0.0349337570369244,7800.0,-0.0570900924503803,7800.0,-0.0771760940551758
7810.0,-0.161934182047844,7810.0,-0.166309267282486,7810.0,-0.175082683563232,7810.0,-0.0923949256539345,7810.0,-0.134707555174828,7810.0,-0.154496669769287,7810.0,-0.134543523192406,7810.0,-0.133871555328369,7810.0,-0.146238803863525,7810.0,-0.0538400672376156,7810.0,-0.150449752807617,7810.0,-0.156246662139893,7810.0,-0.145309165120125,7810.0,-0.0620666518807411,7810.0,-0.0953324362635612,7810.0,-0.103183940052986,7810.0,-0.154676347970963,7810.0,-0.114504337310791,7810.0,-0.0198008548468351,7810.0,-0.0349024794995785,7810.0,-0.0571290962398052,7810.0,-0.0771682783961296
7820.0,-0.161910727620125,7820.0,-0.166293621063232,7820.0,-0.175051406025887,7820.0,-0.0923167243599892,7820.0,-0.134691908955574,7820.0,-0.154473215341568,7820.0,-0.134520053863525,7820.0,-0.133824735879898,7820.0,-0.146207615733147,7820.0,-0.0538244247436523,7820.0,-0.150363832712173,7820.0,-0.1562310308218,7820.0,-0.145316988229752,7820.0,-0.0620666518807411,7820.0,-0.0953401550650597,7820.0,-0.103191755712032,7820.0,-0.154676347970963,7820.0,-0.114527799189091,7820.0,-0.0196601878851652,7820.0,-0.0348711982369423,7820.0,-0.0571681968867779,7820.0,-0.0771604552865028
7830.0,-0.161887362599373,7830.0,-0.166270166635513,7830.0,-0.175028041005135,7830.0,-0.0922386199235916,7830.0,-0.13467626273632,7830.0,-0.154457569122314,7830.0,-0.134504422545433,7830.0,-0.133785635232925,7830.0,-0.146168515086174,7830.0,-0.0538087859749794,7830.0,-0.150277897715569,7830.0,-0.156207665801048,7830.0,-0.145324811339378,7830.0,-0.0620666518807411,7830.0,-0.0953479781746864,7830.0,-0.103207401931286,7830.0,-0.154684171080589,7830.0,-0.114543437957764,7830.0,-0.0196133609861135,7830.0,-0.0348400138318539,7830.0,-0.0572150237858295,7830.0,-0.0771526321768761
7840.0,-0.161863908171654,7840.0,-0.16625452041626,7840.0,-0.175004586577415,7840.0,-0.0921683311462402,7840.0,-0.134660631418228,7840.0,-0.154434204101563,7840.0,-0.13448877632618,7840.0,-0.133738800883293,7840.0,-0.146137237548828,7840.0,-0.0537931434810162,7840.0,-0.150191977620125,7840.0,-0.156184196472168,7840.0,-0.145332619547844,7840.0,-0.0620666518807411,7840.0,-0.0953558012843132,7840.0,-0.103215217590332,7840.0,-0.154684171080589,7840.0,-0.114558987319469,7840.0,-0.0196914672851563,7840.0,-0.0348165519535542,7840.0,-0.0572463050484657,7840.0,-0.0771369934082031
7850.0,-0.161840438842773,7850.0,-0.166238889098167,7850.0,-0.174973294138908,7850.0,-0.0920902267098427,7850.0,-0.134645089507103,7850.0,-0.154410749673843,7850.0,-0.134473130106926,7850.0,-0.13369970023632,7850.0,-0.146106049418449,7850.0,-0.0537775047123432,7850.0,-0.150098234415054,7850.0,-0.156160742044449,7850.0,-0.145340353250504,7850.0,-0.0620744712650776,7850.0,-0.0953714400529861,7850.0,-0.103230856359005,7850.0,-0.154684171080589,7850.0,-0.114574626088142,7850.0,-0.0196290016174316,7850.0,-0.034785270690918,7850.0,-0.0572854056954384,7850.0,-0.077129177749157
7860.0,-0.161816984415054,7860.0,-0.166223242878914,7860.0,-0.174942120909691,7860.0,-0.0920198485255241,7860.0,-0.134629443287849,7860.0,-0.154387280344963,7860.0,-0.134457498788834,7860.0,-0.133652880787849,7860.0,-0.146074771881104,7860.0,-0.0537697784602642,7860.0,-0.150020122528076,7860.0,-0.156137272715569,7860.0,-0.145355984568596,7860.0,-0.0620822906494141,7860.0,-0.0953792557120323,7860.0,-0.103246502578259,7860.0,-0.154691979289055,7860.0,-0.114590264856815,7860.0,-0.0195664409548044,7860.0,-0.0347618125379086,7860.0,-0.0573244094848633,7860.0,-0.077129177749157
7870.0,-0.161793619394302,7870.0,-0.166207700967789,7870.0,-0.174910828471184,7870.0,-0.0919495597481728,7870.0,-0.134613797068596,7870.0,-0.154363825917244,7870.0,-0.134434133768082,7870.0,-0.133613780140877,7870.0,-0.146035671234131,7870.0,-0.0537541396915913,7870.0,-0.149934202432632,7870.0,-0.156121641397476,7870.0,-0.145363807678223,7870.0,-0.0620822906494141,7870.0,-0.0953949019312859,7870.0,-0.103254318237305,7870.0,-0.154691979289055,7870.0,-0.114605903625488,7870.0,-0.0195742603391409,7870.0,-0.0347306244075298,7870.0,-0.0573635101318359,7870.0,-0.077129177749157
7880.0,-0.161770150065422,7880.0,-0.166192054748535,7880.0,-0.174887374043465,7880.0,-0.0918792709708214,7880.0,-0.134598165750504,7880.0,-0.154340460896492,7880.0,-0.134426310658455,7880.0,-0.133574679493904,7880.0,-0.146012306213379,7880.0,-0.0537463203072548,7880.0,-0.14984817802906,7880.0,-0.156098276376724,7880.0,-0.145371630787849,7880.0,-0.0620979331433773,7880.0,-0.095402717590332,7880.0,-0.103269957005978,7880.0,-0.154691979289055,7880.0,-0.114613726735115,7880.0,-0.0193945895880461,7880.0,-0.0346993468701839,7880.0,-0.0573947913944721,7880.0,-0.0771213546395302
7890.0,-0.161746695637703,7890.0,-0.166176423430443,7890.0,-0.174856096506119,7890.0,-0.0918167158961296,7890.0,-0.13458251953125,7890.0,-0.154317006468773,7890.0,-0.134402856230736,7890.0,-0.133527860045433,7890.0,-0.145981028676033,7890.0,-0.0537385009229183,7890.0,-0.149770066142082,7890.0,-0.156074807047844,7890.0,-0.145387277007103,7890.0,-0.062105655670166,7890.0,-0.095418356359005,7890.0,-0.103285506367683,7890.0,-0.154691979289055,7890.0,-0.114637188613415,7890.0,-0.019378948956728,7890.0,-0.0346758849918842,7890.0,-0.057433795183897,7890.0,-0.0771135315299034
7900.0,-0.161723241209984,7900.0,-0.166160777211189,7900.0,-0.174832731485367,7900.0,-0.0917464271187782,7900.0,-0.134566888213158,7900.0,-0.154293537139893,7900.0,-0.134387210011482,7900.0,-0.13348875939846,7900.0,-0.145949751138687,7900.0,-0.0537306778132915,7900.0,-0.149684146046638,7900.0,-0.156059175729752,7900.0,-0.145395085215569,7900.0,-0.0621134750545025,7900.0,-0.0954261794686317,7900.0,-0.10329332202673,7900.0,-0.154699802398682,7900.0,-0.11465273052454,7900.0,-0.0195117946714163,7900.0,-0.0346524231135845,7900.0,-0.0574728958308697,7900.0,-0.0771135315299034
7910.0,-0.161699876189232,7910.0,-0.166145130991936,7910.0,-0.174809262156487,7910.0,-0.0916761383414268,7910.0,-0.134551331400871,7910.0,-0.154270082712173,7910.0,-0.134371563792229,7910.0,-0.133449748158455,7910.0,-0.145918563008308,7910.0,-0.0537228584289551,7910.0,-0.14960603415966,7910.0,-0.156035706400871,7910.0,-0.145402908325195,7910.0,-0.0621212981641293,7910.0,-0.0954417213797569,7910.0,-0.103308968245983,7910.0,-0.154707625508308,7910.0,-0.11467619240284,7910.0,-0.0197071079164743,7910.0,-0.0346290580928326,7910.0,-0.0575119033455849,7910.0,-0.0771057158708572
7920.0,-0.161684229969978,7920.0,-0.166129499673843,7920.0,-0.174785807728767,7920.0,-0.0916135832667351,7920.0,-0.134535700082779,7920.0,-0.154254540801048,7920.0,-0.134363755583763,7920.0,-0.133410647511482,7920.0,-0.145887285470963,7920.0,-0.0537150390446186,7920.0,-0.149527937173843,7920.0,-0.156020164489746,7920.0,-0.145410731434822,7920.0,-0.0621369369328022,7920.0,-0.0954573675990105,7920.0,-0.103316783905029,7920.0,-0.154707625508308,7920.0,-0.114691831171513,7920.0,-0.0198321342468262,7920.0,-0.0346055999398232,7920.0,-0.0575510039925575,7920.0,-0.0771057158708572
7930.0,-0.161660775542259,7930.0,-0.166113957762718,7930.0,-0.174762353301048,7930.0,-0.0915511175990105,7930.0,-0.134520053863525,7930.0,-0.154231071472168,7930.0,-0.134348198771477,7930.0,-0.133371636271477,7930.0,-0.145863816142082,7930.0,-0.0537072196602821,7930.0,-0.149449825286865,7930.0,-0.155996710062027,7930.0,-0.145418554544449,7930.0,-0.0621447563171387,7930.0,-0.0954651832580566,7930.0,-0.103332422673702,7930.0,-0.154715448617935,7930.0,-0.114707469940186,7930.0,-0.0198554992675781,7930.0,-0.0345821380615234,7930.0,-0.0575822852551937,7930.0,-0.0770979896187782
7940.0,-0.161637306213379,7940.0,-0.166098311543465,7940.0,-0.174738988280296,7940.0,-0.0914886519312859,7940.0,-0.134504422545433,7940.0,-0.154207617044449,7940.0,-0.134332567453384,7940.0,-0.133324727416039,7940.0,-0.145832538604736,7940.0,-0.0536994002759457,7940.0,-0.14937162399292,7940.0,-0.155981063842773,7940.0,-0.145426377654076,7940.0,-0.0621603988111019,7940.0,-0.0954808220267296,7940.0,-0.103348068892956,7940.0,-0.154715448617935,7940.0,-0.114723108708858,7940.0,-0.0198321342468262,7940.0,-0.034558679908514,7940.0,-0.0576134696602821,7940.0,-0.0770901665091515
7950.0,-0.161621674895287,7950.0,-0.166090488433838,7950.0,-0.174723342061043,7950.0,-0.0914260894060135,7950.0,-0.134496599435806,7950.0,-0.154191970825195,7950.0,-0.134316921234131,7950.0,-0.133293434977531,7950.0,-0.145809173583984,7950.0,-0.0536994002759457,7950.0,-0.149293527007103,7950.0,-0.155957609415054,7950.0,-0.145434185862541,7950.0,-0.0621682181954384,7950.0,-0.0954964682459831,7950.0,-0.103355884552002,7950.0,-0.154715448617935,7950.0,-0.114738754928112,7950.0,-0.0198945999145508,7950.0,-0.0345431342720985,7950.0,-0.0576447509229183,7950.0,-0.0770823508501053
7960.0,-0.161598309874535,7960.0,-0.166074857115746,7960.0,-0.174699887633324,7960.0,-0.0913636237382889,7960.0,-0.134480953216553,7960.0,-0.154168516397476,7960.0,-0.134301289916039,7960.0,-0.13324661552906,7960.0,-0.145777896046638,7960.0,-0.0536994002759457,7960.0,-0.149215415120125,7960.0,-0.155941963195801,7960.0,-0.145449742674828,7960.0,-0.0621760375797749,7960.0,-0.0955121070146561,7960.0,-0.103371523320675,7960.0,-0.154723271727562,7960.0,-0.114746570587158,7960.0,-0.0199492461979389,7960.0,-0.0345196723937988,7960.0,-0.057683851569891,7960.0,-0.0770823508501053
7970.0,-0.161582663655281,7970.0,-0.166059210896492,7970.0,-0.17468424141407,7970.0,-0.0913011580705643,7970.0,-0.13446532189846,7970.0,-0.154152974486351,7970.0,-0.134285643696785,7970.0,-0.133207514882088,7970.0,-0.145754441618919,7970.0,-0.0536994002759457,7970.0,-0.149137303233147,7970.0,-0.155918598175049,7970.0,-0.145457550883293,7970.0,-0.0621916763484478,7970.0,-0.095527745783329,7970.0,-0.103387072682381,7970.0,-0.154723271727562,7970.0,-0.114754296839237,7970.0,-0.0198789592832327,7970.0,-0.0344962142407894,7970.0,-0.0577072165906429,7970.0,-0.0770667120814323
7980.0,-0.161559209227562,7980.0,-0.166051387786865,7980.0,-0.174660786986351,7980.0,-0.0912385955452919,7980.0,-0.134449765086174,7980.0,-0.154129505157471,7980.0,-0.134269997477531,7980.0,-0.133176326751709,7980.0,-0.145723253488541,7980.0,-0.0536994002759457,7980.0,-0.149066925048828,7980.0,-0.155902966856956,7980.0,-0.14546537399292,7980.0,-0.0621994994580746,7980.0,-0.0955432876944542,7980.0,-0.103394888341427,7980.0,-0.154723271727562,7980.0,-0.114762119948864,7980.0,-0.0198399554938078,7980.0,-0.0344727523624897,7980.0,-0.0577463172376156,7980.0,-0.0770588889718056
7990.0,-0.161543563008308,7990.0,-0.166035756468773,7990.0,-0.174645230174065,7990.0,-0.0911761298775673,7990.0,-0.134434133768082,7990.0,-0.154106050729752,7990.0,-0.134254455566406,7990.0,-0.133137226104736,7990.0,-0.14569978415966,7990.0,-0.0536994002759457,7990.0,-0.148988828063011,7990.0,-0.155887320637703,7990.0,-0.145473197102547,7990.0,-0.0622072219848633,7990.0,-0.0955589339137077,7990.0,-0.10341053456068,7990.0,-0.154731079936028,7990.0,-0.11476993560791,7990.0,-0.0198945999145508,7990.0,-0.0344571135938168,7990.0,-0.0577775947749615,7990.0,-0.0770588889718056
8000.0,-0.161520108580589,8000.0,-0.166027933359146,8000.0,-0.174621775746346,8000.0,-0.0911136642098427,8000.0,-0.134426310658455,8000.0,-0.154090404510498,8000.0,-0.134246632456779,8000.0,-0.133098125457764,8000.0,-0.145676329731941,8000.0,-0.0536994002759457,8000.0,-0.148910716176033,8000.0,-0.155863866209984,8000.0,-0.145481020212173,8000.0,-0.0622150413691998,8000.0,-0.0955667495727539,8000.0,-0.103418350219727,8000.0,-0.154731079936028,8000.0,-0.114777758717537,8000.0,-0.0199415218085051,8000.0,-0.0344337485730648,8000.0,-0.0578087829053402,8000.0,-0.0770510658621788
8010.0,-0.161504551768303,8010.0,-0.166012391448021,8010.0,-0.174606129527092,8010.0,-0.0910511016845703,8010.0,-0.134410664439201,8010.0,-0.154059216380119,8010.0,-0.134231001138687,8010.0,-0.133059129118919,8010.0,-0.145652875304222,8010.0,-0.0537150390446186,8010.0,-0.148840427398682,8010.0,-0.15584821999073,8010.0,-0.1454888433218,8010.0,-0.062230683863163,8010.0,-0.0955823883414268,8010.0,-0.1034339889884,8010.0,-0.154731079936028,8010.0,-0.114785574376583,8010.0,-0.0199492461979389,8010.0,-0.0344102866947651,8010.0,-0.0578400604426861,8010.0,-0.0770510658621788
8020.0,-0.161488920450211,8020.0,-0.166004568338394,8020.0,-0.174582675099373,8020.0,-0.0909886360168457,8020.0,-0.134395033121109,8020.0,-0.1540357619524,8020.0,-0.134215354919434,8020.0,-0.133020028471947,8020.0,-0.145621687173843,8020.0,-0.0537228584289551,8020.0,-0.148770049214363,8020.0,-0.155824854969978,8020.0,-0.145496651530266,8020.0,-0.0622385032474995,8020.0,-0.0956058502197266,8020.0,-0.103449635207653,8020.0,-0.154731079936028,8020.0,-0.11479339748621,8020.0,-0.0199492461979389,8020.0,-0.0343946479260921,8020.0,-0.0578635223209858,8020.0,-0.0770432502031326
8030.0,-0.16146545112133,8030.0,-0.165988922119141,8030.0,-0.174567028880119,8030.0,-0.0909260734915733,8030.0,-0.134387210011482,8030.0,-0.154012307524681,8030.0,-0.134207531809807,8030.0,-0.13298873603344,8030.0,-0.145598217844963,8030.0,-0.0537385009229183,8030.0,-0.148699760437012,8030.0,-0.155809208750725,8030.0,-0.145504474639893,8030.0,-0.0622385032474995,8030.0,-0.0956136733293533,8030.0,-0.103457450866699,8030.0,-0.154731079936028,8030.0,-0.114809036254883,8030.0,-0.019996166229248,8030.0,-0.0343711860477924,8030.0,-0.0578947067260742,8030.0,-0.0770432502031326
8040.0,-0.161449819803238,8040.0,-0.165981099009514,8040.0,-0.174551486968994,8040.0,-0.0908636078238487,8040.0,-0.134371563792229,8040.0,-0.153988838195801,8040.0,-0.134191900491714,8040.0,-0.132949739694595,8040.0,-0.145574763417244,8040.0,-0.0537463203072548,8040.0,-0.14862947165966,8040.0,-0.155793577432632,8040.0,-0.145512297749519,8040.0,-0.0622463226318359,8040.0,-0.0956293120980263,8040.0,-0.103473089635372,8040.0,-0.154738903045654,8040.0,-0.114824675023556,8040.0,-0.0199727062135935,8040.0,-0.034355640411377,8040.0,-0.0579181686043739,8040.0,-0.0770432502031326
8050.0,-0.161434173583984,8050.0,-0.165965467691422,8050.0,-0.174528032541275,8050.0,-0.0908011421561241,8050.0,-0.134356021881104,8050.0,-0.153965383768082,8050.0,-0.134176254272461,8050.0,-0.132910639047623,8050.0,-0.145543485879898,8050.0,-0.0537697784602642,8050.0,-0.14855919778347,8050.0,-0.155777931213379,8050.0,-0.145520120859146,8050.0,-0.0622541420161724,8050.0,-0.0956448540091515,8050.0,-0.103480815887451,8050.0,-0.154738903045654,8050.0,-0.114840321242809,8050.0,-0.0200977325439453,8050.0,-0.0343321822583675,8050.0,-0.0579494498670101,8050.0,-0.0770432502031326
8060.0,-0.161418542265892,8060.0,-0.165957644581795,8060.0,-0.174512386322021,8060.0,-0.0907385870814323,8060.0,-0.134348198771477,8060.0,-0.15394201874733,8060.0,-0.134160712361336,8060.0,-0.132879450917244,8060.0,-0.145527943968773,8060.0,-0.0537931434810162,8060.0,-0.14848880469799,8060.0,-0.155762299895287,8060.0,-0.145527943968773,8060.0,-0.0622619651257992,8060.0,-0.095660500228405,8060.0,-0.103496454656124,8060.0,-0.154738903045654,8060.0,-0.114832498133183,8060.0,-0.0201211925595999,8060.0,-0.0343165397644043,8060.0,-0.057980727404356,8060.0,-0.0770354270935059
8070.0,-0.161402985453606,8070.0,-0.165941998362541,8070.0,-0.174496755003929,8070.0,-0.0906839370727539,8070.0,-0.134332567453384,8070.0,-0.153918549418449,8070.0,-0.134152889251709,8070.0,-0.132840350270271,8070.0,-0.145496651530266,8070.0,-0.0538166053593159,8070.0,-0.1484185308218,8070.0,-0.155738830566406,8070.0,-0.145535662770271,8070.0,-0.0622697845101357,8070.0,-0.0956761389970779,8070.0,-0.103504277765751,8070.0,-0.154738903045654,8070.0,-0.114848040044308,8070.0,-0.0200352668762207,8070.0,-0.0343009009957314,8070.0,-0.058004092425108,8070.0,-0.0770354270935059
8080.0,-0.161387354135513,8080.0,-0.165934190154076,8080.0,-0.174481108784676,8080.0,-0.0906214714050293,8080.0,-0.134324744343758,8080.0,-0.15389509499073,8080.0,-0.134137257933617,8080.0,-0.132801249623299,8080.0,-0.145473197102547,8080.0,-0.0538400672376156,8080.0,-0.148348242044449,8080.0,-0.155723288655281,8080.0,-0.145543485879898,8080.0,-0.0622854232788086,8080.0,-0.0956917777657509,8080.0,-0.103519916534424,8080.0,-0.154738903045654,8080.0,-0.114855863153934,8080.0,-0.0201211925595999,8080.0,-0.0342774391174316,8080.0,-0.0580275543034077,8080.0,-0.0770276114344597
8090.0,-0.16137170791626,8090.0,-0.165918633341789,8090.0,-0.174465462565422,8090.0,-0.0905589088797569,8090.0,-0.134309098124504,8090.0,-0.153871640563011,8090.0,-0.13412943482399,8090.0,-0.13277006149292,8090.0,-0.145449742674828,8090.0,-0.053863525390625,8090.0,-0.148277953267097,8090.0,-0.155707642436028,8090.0,-0.145551308989525,8090.0,-0.0622932426631451,8090.0,-0.0957074165344238,8090.0,-0.103535555303097,8090.0,-0.154738903045654,8090.0,-0.114871501922607,8090.0,-0.0201055537909269,8090.0,-0.0342696197330952,8090.0,-0.0580588355660439,8090.0,-0.0770276114344597
8100.0,-0.161356076598167,8100.0,-0.165910825133324,8100.0,-0.174449920654297,8100.0,-0.0905042663216591,8100.0,-0.134301289916039,8100.0,-0.153848275542259,8100.0,-0.134113788604736,8100.0,-0.132730960845947,8100.0,-0.145434185862541,8100.0,-0.053886890411377,8100.0,-0.148215398192406,8100.0,-0.155699834227562,8100.0,-0.145551308989525,8100.0,-0.0623087882995605,8100.0,-0.0957230553030968,8100.0,-0.10355120152235,8100.0,-0.154746726155281,8100.0,-0.11488714069128,8100.0,-0.0201836582273245,8100.0,-0.0342462547123432,8100.0,-0.0580900199711323,8100.0,-0.0770276114344597
8110.0,-0.161340430378914,8110.0,-0.165903002023697,8110.0,-0.174434289336205,8110.0,-0.0904417037963867,8110.0,-0.134293466806412,8110.0,-0.153832629323006,8110.0,-0.13410596549511,8110.0,-0.132699683308601,8110.0,-0.145410731434822,8110.0,-0.0539181716740131,8110.0,-0.148145109415054,8110.0,-0.155684188008308,8110.0,-0.145551308989525,8110.0,-0.0623322501778603,8110.0,-0.0957386046648026,8110.0,-0.103559017181396,8110.0,-0.154746726155281,8110.0,-0.114894963800907,8110.0,-0.0202071201056242,8110.0,-0.0342306159436703,8110.0,-0.058113481849432,8110.0,-0.0770276114344597
8120.0,-0.16132478415966,8120.0,-0.16589517891407,8120.0,-0.174418643116951,8120.0,-0.0903870612382889,8120.0,-0.134277820587158,8120.0,-0.153809174895287,8120.0,-0.134090334177017,8120.0,-0.132660672068596,8120.0,-0.145387277007103,8120.0,-0.0539338104426861,8120.0,-0.148082539439201,8120.0,-0.155660733580589,8120.0,-0.145551308989525,8120.0,-0.0623478889465332,8120.0,-0.0957542434334755,8120.0,-0.103574566543102,8120.0,-0.154746726155281,8120.0,-0.114902786910534,8120.0,-0.0201992988586426,8120.0,-0.034214973449707,8120.0,-0.0581447593867779,8120.0,-0.0770197883248329
8130.0,-0.161309242248535,8130.0,-0.165879532694817,8130.0,-0.174402996897697,8130.0,-0.0903245955705643,8130.0,-0.134269997477531,8130.0,-0.153785705566406,8130.0,-0.13408251106739,8130.0,-0.13262939453125,8130.0,-0.145371630787849,8130.0,-0.0539572723209858,8130.0,-0.148012265563011,8130.0,-0.155645087361336,8130.0,-0.14555911719799,8130.0,-0.0623635314404964,8130.0,-0.0957698822021484,8130.0,-0.103582382202148,8130.0,-0.154746726155281,8130.0,-0.114918425679207,8130.0,-0.020355511456728,8130.0,-0.0341993346810341,8130.0,-0.0581682212650776,8130.0,-0.0770119652152061
8140.0,-0.161293610930443,8140.0,-0.165871724486351,8140.0,-0.174387365579605,8140.0,-0.0902620330452919,8140.0,-0.134254455566406,8140.0,-0.153770074248314,8140.0,-0.134066864848137,8140.0,-0.132598116993904,8140.0,-0.14534817636013,8140.0,-0.0539806373417377,8140.0,-0.147949799895287,8140.0,-0.155629545450211,8140.0,-0.145566940307617,8140.0,-0.0623869895935059,8140.0,-0.0957855209708214,8140.0,-0.103598020970821,8140.0,-0.154746726155281,8140.0,-0.114926241338253,8140.0,-0.0203633308410645,8140.0,-0.0341915152966976,8140.0,-0.0581915862858295,8140.0,-0.0770119652152061
8150.0,-0.161285787820816,8150.0,-0.165863901376724,8150.0,-0.174379542469978,8150.0,-0.0902073904871941,8150.0,-0.134246632456779,8150.0,-0.153746709227562,8150.0,-0.134059146046638,8150.0,-0.132566928863525,8150.0,-0.145332619547844,8150.0,-0.0540040992200375,8150.0,-0.147887229919434,8150.0,-0.155613899230957,8150.0,-0.145566940307617,8150.0,-0.0624025352299213,8150.0,-0.0958089828491211,8150.0,-0.103613667190075,8150.0,-0.154754444956779,8150.0,-0.114941887557507,8150.0,-0.0203008651733398,8150.0,-0.0341758728027344,8150.0,-0.0582228675484657,8150.0,-0.0770119652152061
8160.0,-0.161262318491936,8160.0,-0.165856078267097,8160.0,-0.174363896250725,8160.0,-0.0901448279619217,8160.0,-0.134231001138687,8160.0,-0.153715416789055,8160.0,-0.134051322937012,8160.0,-0.132527828216553,8160.0,-0.145309165120125,8160.0,-0.0540275573730469,8160.0,-0.147824764251709,8160.0,-0.155598267912865,8160.0,-0.145566940307617,8160.0,-0.0624181739985943,8160.0,-0.0958168059587479,8160.0,-0.103621482849121,8160.0,-0.154754444956779,8160.0,-0.114949606359005,8160.0,-0.0203008651733398,8160.0,-0.0341603271663189,8160.0,-0.0582463257014751,8160.0,-0.0770119652152061
8170.0,-0.16125451028347,8170.0,-0.165840432047844,8170.0,-0.1743483543396,8170.0,-0.0900823622941971,8170.0,-0.13422317802906,8170.0,-0.153668597340584,8170.0,-0.134035691618919,8170.0,-0.132496550679207,8170.0,-0.145285710692406,8170.0,-0.0540431998670101,8170.0,-0.147762298583984,8170.0,-0.155582621693611,8170.0,-0.145574763417244,8170.0,-0.062441635876894,8170.0,-0.0958401709794998,8170.0,-0.103637121617794,8170.0,-0.154754444956779,8170.0,-0.114973068237305,8170.0,-0.0203398708254099,8170.0,-0.034144688397646,8170.0,-0.0582697875797749,8170.0,-0.0770119652152061
8180.0,-0.161238864064217,8180.0,-0.165832623839378,8180.0,-0.174340531229973,8180.0,-0.0900277122855186,8180.0,-0.134215354919434,8180.0,-0.153613850474358,8180.0,-0.134027868509293,8180.0,-0.132457539439201,8180.0,-0.145270064473152,8180.0,-0.0540743842720985,8180.0,-0.147699743509293,8180.0,-0.155566975474358,8180.0,-0.145582586526871,8180.0,-0.0624572746455669,8180.0,-0.095847986638546,8180.0,-0.103652767837048,8180.0,-0.154762268066406,8180.0,-0.114980891346931,8180.0,-0.0204570777714252,8180.0,-0.0341368690133095,8180.0,-0.0583009719848633,8180.0,-0.0770042464137077
8190.0,-0.161223217844963,8190.0,-0.165824890136719,8190.0,-0.17432489991188,8190.0,-0.0899651572108269,8190.0,-0.134199723601341,8190.0,-0.153527930378914,8190.0,-0.134012222290039,8190.0,-0.132426261901855,8190.0,-0.145254418253899,8190.0,-0.0540900230407715,8190.0,-0.147637277841568,8190.0,-0.155551344156265,8190.0,-0.145590409636497,8190.0,-0.0624729171395302,8190.0,-0.0958636328577995,8190.0,-0.103660583496094,8190.0,-0.154754444956779,8190.0,-0.114996530115604,8190.0,-0.0205430034548044,8190.0,-0.0341212265193462,8190.0,-0.058324433863163,8190.0,-0.0770042464137077
8200.0,-0.161215499043465,8200.0,-0.165817067027092,8200.0,-0.174317076802254,8200.0,-0.0899183303117752,8200.0,-0.134191900491714,8200.0,-0.153465464711189,8200.0,-0.134004399180412,8200.0,-0.132395073771477,8200.0,-0.145231053233147,8200.0,-0.0541134849190712,8200.0,-0.147574812173843,8200.0,-0.155535697937012,8200.0,-0.145590409636497,8200.0,-0.0624885559082031,8200.0,-0.0958792716264725,8200.0,-0.1036761328578,8200.0,-0.154754444956779,8200.0,-0.115004353225231,8200.0,-0.0206836704164743,8200.0,-0.0341055877506733,8200.0,-0.0583478920161724,8200.0,-0.076996423304081
8210.0,-0.161199852824211,8210.0,-0.165801435709,8210.0,-0.174301430583,8210.0,-0.0898635908961296,8210.0,-0.134176254272461,8210.0,-0.153434187173843,8210.0,-0.133996590971947,8210.0,-0.132355973124504,8210.0,-0.145207598805428,8210.0,-0.0541369430720806,8210.0,-0.14751224219799,8210.0,-0.155520156025887,8210.0,-0.145598217844963,8210.0,-0.0625119209289551,8210.0,-0.0958949103951454,8210.0,-0.103691771626472,8210.0,-0.154754444956779,8210.0,-0.115019991993904,8210.0,-0.020746136084199,8210.0,-0.0340899489820004,8210.0,-0.0583713538944721,8210.0,-0.0769886001944542
8220.0,-0.161184221506119,8220.0,-0.165793612599373,8220.0,-0.174285799264908,8220.0,-0.0898167639970779,8220.0,-0.134168431162834,8220.0,-0.153387263417244,8220.0,-0.13398876786232,8220.0,-0.132324695587158,8220.0,-0.145191952586174,8220.0,-0.0541604049503803,8220.0,-0.147457599639893,8220.0,-0.155504509806633,8220.0,-0.14560604095459,8220.0,-0.062527559697628,8220.0,-0.0959105491638184,8220.0,-0.103699587285519,8220.0,-0.154754444956779,8220.0,-0.11502780765295,8220.0,-0.0206914898008108,8220.0,-0.0340743064880371,8220.0,-0.0583868995308876,8220.0,-0.076996423304081
8230.0,-0.161176398396492,8230.0,-0.165785789489746,8230.0,-0.174277976155281,8230.0,-0.0897620245814323,8230.0,-0.134160712361336,8230.0,-0.153371721506119,8230.0,-0.133973121643066,8230.0,-0.132293507456779,8230.0,-0.145176321268082,8230.0,-0.0541759505867958,8230.0,-0.147395133972168,8230.0,-0.155496701598167,8230.0,-0.14560604095459,8230.0,-0.0625432059168816,8230.0,-0.0959260985255241,8230.0,-0.103715233504772,8230.0,-0.154746726155281,8230.0,-0.115035630762577,8230.0,-0.0206055641174316,8230.0,-0.0340587608516216,8230.0,-0.058410357683897,8230.0,-0.0769886001944542
8240.0,-0.161160752177238,8240.0,-0.165777966380119,8240.0,-0.174270153045654,8240.0,-0.0896995589137077,8240.0,-0.134145066142082,8240.0,-0.153356075286865,8240.0,-0.13396529853344,8240.0,-0.132262229919434,8240.0,-0.145152851939201,8240.0,-0.0541915893554688,8240.0,-0.147332578897476,8240.0,-0.155473232269287,8240.0,-0.145613864064217,8240.0,-0.0625588446855545,8240.0,-0.0959417372941971,8240.0,-0.103723049163818,8240.0,-0.154746726155281,8240.0,-0.115051172673702,8240.0,-0.0204883571714163,8240.0,-0.0340431220829487,8240.0,-0.0584338195621967,8240.0,-0.0769886001944542
8250.0,-0.161152943968773,8250.0,-0.165770158171654,8250.0,-0.174254611134529,8250.0,-0.0896449089050293,8250.0,-0.134137257933617,8250.0,-0.153348252177238,8250.0,-0.133957579731941,8250.0,-0.132230952382088,8250.0,-0.145137310028076,8250.0,-0.0542150512337685,8250.0,-0.147277936339378,8250.0,-0.15546540915966,8250.0,-0.145613864064217,8250.0,-0.0625823065638542,8250.0,-0.09595737606287,8250.0,-0.103738687932491,8250.0,-0.154746726155281,8250.0,-0.115058995783329,8250.0,-0.0203789714723825,8250.0,-0.0340274833142757,8250.0,-0.0584572814404964,8250.0,-0.0769886001944542
8260.0,-0.161137297749519,8260.0,-0.165762335062027,8260.0,-0.174246788024902,8260.0,-0.0895823463797569,8260.0,-0.13412943482399,8260.0,-0.153332620859146,8260.0,-0.133941933512688,8260.0,-0.132199764251709,8260.0,-0.145121678709984,8260.0,-0.0542306900024414,8260.0,-0.147223189473152,8260.0,-0.155449777841568,8260.0,-0.145621687173843,8260.0,-0.0626056715846062,8260.0,-0.0959651991724968,8260.0,-0.103754334151745,8260.0,-0.154754444956779,8260.0,-0.115074634552002,8260.0,-0.0204648971557617,8260.0,-0.034019660204649,8260.0,-0.0584806464612484,8260.0,-0.0769886001944542
8270.0,-0.161129474639893,8270.0,-0.1657545119524,8270.0,-0.174238964915276,8270.0,-0.0895198807120323,8270.0,-0.134121611714363,8270.0,-0.153316974639893,8270.0,-0.133934125304222,8270.0,-0.132168486714363,8270.0,-0.14510603249073,8270.0,-0.0542541518807411,8270.0,-0.147160723805428,8270.0,-0.155434235930443,8270.0,-0.14562951028347,8270.0,-0.0626213103532791,8270.0,-0.0959808379411697,8270.0,-0.103762149810791,8270.0,-0.154754444956779,8270.0,-0.115090273320675,8270.0,-0.0204883571714163,8270.0,-0.034004021435976,8270.0,-0.0585041046142578,8270.0,-0.0769886001944542
8280.0,-0.161121651530266,8280.0,-0.165746688842773,8280.0,-0.17423115670681,8280.0,-0.0894651412963867,8280.0,-0.134113788604736,8280.0,-0.1533013433218,8280.0,-0.133934125304222,8280.0,-0.132137209177017,8280.0,-0.145090386271477,8280.0,-0.0542775169014931,8280.0,-0.147105976939201,8280.0,-0.155426412820816,8280.0,-0.145637229084969,8280.0,-0.0626447722315788,8280.0,-0.0959964767098427,8280.0,-0.103777699172497,8280.0,-0.154754444956779,8280.0,-0.115098096430302,8280.0,-0.0204805377870798,8280.0,-0.0339962020516396,8280.0,-0.0585275664925575,8280.0,-0.0769886001944542
8290.0,-0.161106109619141,8290.0,-0.165738865733147,8290.0,-0.174215510487556,8290.0,-0.0893948599696159,8290.0,-0.13410596549511,8290.0,-0.153285697102547,8290.0,-0.133918479084969,8290.0,-0.132105931639671,8290.0,-0.145074754953384,8290.0,-0.054293155670166,8290.0,-0.147051334381104,8290.0,-0.155402943491936,8290.0,-0.145637229084969,8290.0,-0.0626682266592979,8290.0,-0.0960042998194695,8290.0,-0.103785514831543,8290.0,-0.154746726155281,8290.0,-0.115105919539928,8290.0,-0.0203165058046579,8290.0,-0.0339805595576763,8290.0,-0.0585432052612305,8290.0,-0.0769886001944542
8300.0,-0.161098286509514,8300.0,-0.165731057524681,8300.0,-0.17420768737793,8300.0,-0.0893323943018913,8300.0,-0.134090334177017,8300.0,-0.153277978301048,8300.0,-0.133910655975342,8300.0,-0.132074743509293,8300.0,-0.145059108734131,8300.0,-0.0543166175484657,8300.0,-0.146996691823006,8300.0,-0.15539513528347,8300.0,-0.145645052194595,8300.0,-0.0626838728785515,8300.0,-0.0960199385881424,8300.0,-0.103801153600216,8300.0,-0.154746726155281,8300.0,-0.115121558308601,8300.0,-0.0203008651733398,8300.0,-0.0339650176465511,8300.0,-0.0585666671395302,8300.0,-0.0769886001944542
8310.0,-0.161082655191422,8310.0,-0.165723323822021,8310.0,-0.174199864268303,8310.0,-0.0892620086669922,8310.0,-0.13408251106739,8310.0,-0.153262332081795,8310.0,-0.133902832865715,8310.0,-0.132043465971947,8310.0,-0.145043477416039,8310.0,-0.0543322563171387,8310.0,-0.146941944956779,8310.0,-0.155379489064217,8310.0,-0.145652875304222,8310.0,-0.0627072378993034,8310.0,-0.0960276648402214,8310.0,-0.103808976709843,8310.0,-0.154746726155281,8310.0,-0.115129373967648,8310.0,-0.0202383995056152,8310.0,-0.0339571945369244,8310.0,-0.0585822127759457,8310.0,-0.076980784535408
8320.0,-0.161074832081795,8320.0,-0.165715500712395,8320.0,-0.174192056059837,8320.0,-0.0891995429992676,8320.0,-0.134074687957764,8320.0,-0.153246685862541,8320.0,-0.133895024657249,8320.0,-0.13201217353344,8320.0,-0.145027920603752,8320.0,-0.0543557181954384,8320.0,-0.146887302398682,8320.0,-0.155363842844963,8320.0,-0.145652875304222,8320.0,-0.0627228766679764,8320.0,-0.0960354804992676,8320.0,-0.103824615478516,8320.0,-0.154738903045654,8320.0,-0.115144923329353,8320.0,-0.0202227588742971,8320.0,-0.0339415557682514,8320.0,-0.0586056709289551,8320.0,-0.0769729614257813
8330.0,-0.161067008972168,8330.0,-0.165699869394302,8330.0,-0.174184232950211,8330.0,-0.0891449004411697,8330.0,-0.134066864848137,8330.0,-0.153238877654076,8330.0,-0.133887201547623,8330.0,-0.131981000304222,8330.0,-0.14501228928566,8330.0,-0.0543712638318539,8330.0,-0.146832570433617,8330.0,-0.155356034636497,8330.0,-0.145660683512688,8330.0,-0.0627463385462761,8330.0,-0.0960511192679405,8330.0,-0.103832438588142,8330.0,-0.154738903045654,8330.0,-0.1151527389884,8330.0,-0.0201523788273335,8330.0,-0.0339259169995785,8330.0,-0.0586213134229183,8330.0,-0.0769729614257813
8340.0,-0.161059185862541,8340.0,-0.165692046284676,8340.0,-0.174176409840584,8340.0,-0.0890901610255241,8340.0,-0.134059146046638,8340.0,-0.153223231434822,8340.0,-0.133879378437996,8340.0,-0.131949707865715,8340.0,-0.144996643066406,8340.0,-0.0543869026005268,8340.0,-0.146777912974358,8340.0,-0.155340388417244,8340.0,-0.145660683512688,8340.0,-0.062761977314949,8340.0,-0.0960589423775673,8340.0,-0.103840254247189,8340.0,-0.154738903045654,8340.0,-0.115168385207653,8340.0,-0.0201290138065815,8340.0,-0.0339180938899517,8340.0,-0.0586447715759277,8340.0,-0.0769729614257813
8350.0,-0.161043554544449,8350.0,-0.165684223175049,8350.0,-0.174168586730957,8350.0,-0.0890355110168457,8350.0,-0.134051322937012,8350.0,-0.153215408325195,8350.0,-0.133871555328369,8350.0,-0.131918430328369,8350.0,-0.144988819956779,8350.0,-0.0544103644788265,8350.0,-0.146723181009293,8350.0,-0.155324846506119,8350.0,-0.145668506622314,8350.0,-0.062777616083622,8350.0,-0.0960667654871941,8350.0,-0.103855900466442,8350.0,-0.154738903045654,8350.0,-0.115176200866699,8350.0,-0.0200274474918842,8350.0,-0.0339024551212788,8350.0,-0.058660414069891,8350.0,-0.0769729614257813
8360.0,-0.161035731434822,8360.0,-0.165684223175049,8360.0,-0.17416076362133,8360.0,-0.0889807716012001,8360.0,-0.134035691618919,8360.0,-0.153207585215569,8360.0,-0.133863836526871,8360.0,-0.131895065307617,8360.0,-0.144973188638687,8360.0,-0.0544338226318359,8360.0,-0.14667634665966,8360.0,-0.155317023396492,8360.0,-0.145676329731941,8360.0,-0.0628009811043739,8360.0,-0.0960745811462402,8360.0,-0.103863716125488,8360.0,-0.154738903045654,8360.0,-0.115191839635372,8360.0,-0.0199570655822754,8360.0,-0.0338946357369423,8360.0,-0.0586837790906429,8360.0,-0.0769729614257813
8370.0,-0.161027908325195,8370.0,-0.165676400065422,8370.0,-0.174153044819832,8370.0,-0.0889261290431023,8370.0,-0.134027868509293,8370.0,-0.153199777007103,8370.0,-0.133856013417244,8370.0,-0.131863787770271,8370.0,-0.144957542419434,8370.0,-0.0544494651257992,8370.0,-0.146621614694595,8370.0,-0.155301377177238,8370.0,-0.145676329731941,8370.0,-0.0628088042140007,8370.0,-0.0960902199149132,8370.0,-0.103879265487194,8370.0,-0.154731079936028,8370.0,-0.115199662744999,8370.0,-0.019964886829257,8370.0,-0.033878993242979,8370.0,-0.0586994178593159,8370.0,-0.0769729614257813
8380.0,-0.161020189523697,8380.0,-0.165668591856956,8380.0,-0.174145221710205,8380.0,-0.0888713821768761,8380.0,-0.134020045399666,8380.0,-0.153184130787849,8380.0,-0.133848190307617,8380.0,-0.131832510232925,8380.0,-0.144942000508308,8380.0,-0.0544806495308876,8380.0,-0.146566972136497,8380.0,-0.155293568968773,8380.0,-0.145684152841568,8380.0,-0.0628244429826736,8380.0,-0.0960980430245399,8380.0,-0.10388708114624,8380.0,-0.154731079936028,8380.0,-0.115207485854626,8380.0,-0.0200742725282907,8380.0,-0.0338711738586426,8380.0,-0.0587228797376156,8380.0,-0.0769729614257813
8390.0,-0.16101236641407,8390.0,-0.16566076874733,8390.0,-0.174137398600578,8390.0,-0.0888167396187782,8390.0,-0.134020045399666,8390.0,-0.153176411986351,8390.0,-0.13384036719799,8390.0,-0.131801322102547,8390.0,-0.144926354289055,8390.0,-0.0544962882995605,8390.0,-0.146520048379898,8390.0,-0.155277922749519,8390.0,-0.145691975951195,8390.0,-0.0628400817513466,8390.0,-0.0961058661341667,8390.0,-0.103894904255867,8390.0,-0.154723271727562,8390.0,-0.115215301513672,8390.0,-0.0202852245420218,8390.0,-0.0338556282222271,8390.0,-0.0587385185062885,8390.0,-0.0769729614257813
8400.0,-0.161004543304443,8400.0,-0.165652945637703,8400.0,-0.174129590392113,8400.0,-0.0887620970606804,8400.0,-0.134004399180412,8400.0,-0.153160765767097,8400.0,-0.133832558989525,8400.0,-0.131777867674828,8400.0,-0.144918546080589,8400.0,-0.0545197501778603,8400.0,-0.1464654058218,8400.0,-0.155270099639893,8400.0,-0.145691975951195,8400.0,-0.0628635436296463,8400.0,-0.0960980430245399,8400.0,-0.10391054302454,8400.0,-0.154723271727562,8400.0,-0.115223124623299,8400.0,-0.0202617645263672,8400.0,-0.0338478088378906,8400.0,-0.0587541572749615,8400.0,-0.0769729614257813
8410.0,-0.160996720194817,8410.0,-0.165645122528076,8410.0,-0.174121767282486,8410.0,-0.0887073501944542,8410.0,-0.133996590971947,8410.0,-0.153152942657471,8410.0,-0.133824735879898,8410.0,-0.13174657523632,8410.0,-0.144902899861336,8410.0,-0.0545432083308697,8410.0,-0.146418482065201,8410.0,-0.1552544683218,8410.0,-0.14569978415966,8410.0,-0.0628791823983192,8410.0,-0.0961136817932129,8410.0,-0.103918366134167,8410.0,-0.154723271727562,8410.0,-0.115230940282345,8410.0,-0.020332146435976,8410.0,-0.0338321700692177,8410.0,-0.058769702911377,8410.0,-0.0769651457667351
8420.0,-0.160988911986351,8420.0,-0.165637299418449,8420.0,-0.174113944172859,8420.0,-0.0886527076363564,8420.0,-0.13398876786232,8420.0,-0.153137311339378,8420.0,-0.133824735879898,8420.0,-0.131715297698975,8420.0,-0.144887253642082,8420.0,-0.0545665733516216,8420.0,-0.146363839507103,8420.0,-0.155238822102547,8420.0,-0.145707607269287,8420.0,-0.0628947243094444,8420.0,-0.0961215049028397,8420.0,-0.103926181793213,8420.0,-0.154715448617935,8420.0,-0.115230940282345,8420.0,-0.020386790856719,8420.0,-0.0338243506848812,8420.0,-0.0587931647896767,8420.0,-0.0769651457667351
8430.0,-0.160981088876724,8430.0,-0.165629580616951,8430.0,-0.174106121063232,8430.0,-0.0885979682207108,8430.0,-0.13398876786232,8430.0,-0.153129488229752,8430.0,-0.133816912770271,8430.0,-0.131691932678223,8430.0,-0.144879445433617,8430.0,-0.0545900352299213,8430.0,-0.146317005157471,8430.0,-0.155231103301048,8430.0,-0.145715430378914,8430.0,-0.062910370528698,8430.0,-0.0961370468139648,8430.0,-0.103941820561886,8430.0,-0.154715448617935,8430.0,-0.115238763391972,8430.0,-0.0204492565244436,8430.0,-0.0338165275752544,8430.0,-0.0588166229426861,8430.0,-0.0769651457667351
8440.0,-0.160973265767097,8440.0,-0.165629580616951,8440.0,-0.174106121063232,8440.0,-0.0885433182120323,8440.0,-0.133980944752693,8440.0,-0.153121665120125,8440.0,-0.133809089660645,8440.0,-0.131660655140877,8440.0,-0.144863799214363,8440.0,-0.0546134971082211,8440.0,-0.146270081400871,8440.0,-0.155215457081795,8440.0,-0.145715430378914,8440.0,-0.0629260092973709,8440.0,-0.0961448699235916,8440.0,-0.103949643671513,8440.0,-0.154715448617935,8440.0,-0.115230940282345,8440.0,-0.0205430034548044,8440.0,-0.033808708190918,8440.0,-0.0588322654366493,8440.0,-0.0769651457667351
8450.0,-0.160965442657471,8450.0,-0.165621757507324,8450.0,-0.174098297953606,8450.0,-0.0884964019060135,8450.0,-0.133973121643066,8450.0,-0.153113842010498,8450.0,-0.133801266551018,8450.0,-0.131637200713158,8450.0,-0.144855976104736,8450.0,-0.0546369552612305,8450.0,-0.146223172545433,8450.0,-0.155207633972168,8450.0,-0.145723253488541,8450.0,-0.0629494711756706,8450.0,-0.0961526855826378,8450.0,-0.103957466781139,8450.0,-0.154715448617935,8450.0,-0.115238763391972,8450.0,-0.0208320617675781,8450.0,-0.0338008888065815,8450.0,-0.0588557235896587,8450.0,-0.0769729614257813
8460.0,-0.160957619547844,8460.0,-0.165613934397697,8460.0,-0.17409048974514,8460.0,-0.0884339362382889,8460.0,-0.13396529853344,8460.0,-0.153098210692406,8460.0,-0.133793458342552,8460.0,-0.131606012582779,8460.0,-0.144840434193611,8460.0,-0.0546603202819824,8460.0,-0.146176338195801,8460.0,-0.155192002654076,8460.0,-0.145723253488541,8460.0,-0.0629651099443436,8460.0,-0.0961683318018913,8460.0,-0.103973008692265,8460.0,-0.154715448617935,8460.0,-0.115246489644051,8460.0,-0.0210977550595999,8460.0,-0.0337852500379086,8460.0,-0.0588712692260742,8460.0,-0.0769729614257813
8470.0,-0.160949811339378,8470.0,-0.165606126189232,8470.0,-0.174082666635513,8470.0,-0.0883791968226433,8470.0,-0.133957579731941,8470.0,-0.153090387582779,8470.0,-0.133793458342552,8470.0,-0.131582543253899,8470.0,-0.144832611083984,8470.0,-0.0546837821602821,8470.0,-0.146121606230736,8470.0,-0.155176356434822,8470.0,-0.145730972290039,8470.0,-0.0629884749650955,8470.0,-0.0961761474609375,8470.0,-0.103980831801891,8470.0,-0.154715448617935,8470.0,-0.115262128412724,8470.0,-0.0213477145880461,8470.0,-0.0337852500379086,8470.0,-0.0588947311043739,8470.0,-0.0769729614257813
8480.0,-0.160941988229752,8480.0,-0.165606126189232,8480.0,-0.174074843525887,8480.0,-0.0883245468139648,8480.0,-0.133949756622314,8480.0,-0.153082564473152,8480.0,-0.133785635232925,8480.0,-0.131551265716553,8480.0,-0.144816979765892,8480.0,-0.0547072403132915,8480.0,-0.146074771881104,8480.0,-0.155168533325195,8480.0,-0.145738795399666,8480.0,-0.0630041137337685,8480.0,-0.0961839705705643,8480.0,-0.103988647460938,8480.0,-0.154715448617935,8480.0,-0.11526995152235,8480.0,-0.0216836929321289,8480.0,-0.0337774269282818,8480.0,-0.0589103698730469,8480.0,-0.0769729614257813
8490.0,-0.160934165120125,8490.0,-0.165598303079605,8490.0,-0.174074843525887,8490.0,-0.088269904255867,8490.0,-0.133941933512688,8490.0,-0.153074845671654,8490.0,-0.133777812123299,8490.0,-0.131527811288834,8490.0,-0.144809156656265,8490.0,-0.0547307021915913,8490.0,-0.146027848124504,8490.0,-0.155152902007103,8490.0,-0.145738795399666,8490.0,-0.0630119368433952,8490.0,-0.0961917862296104,8490.0,-0.103996470570564,8490.0,-0.154715448617935,8490.0,-0.115285590291023,8490.0,-0.0220743175595999,8490.0,-0.0337697044014931,8490.0,-0.0589338317513466,8490.0,-0.0769729614257813
8500.0,-0.160934165120125,8500.0,-0.165598303079605,8500.0,-0.17406702041626,8500.0,-0.0882151648402214,8500.0,-0.133934125304222,8500.0,-0.1530591994524,8500.0,-0.133777812123299,8500.0,-0.131496623158455,8500.0,-0.144793510437012,8500.0,-0.0547540672123432,8500.0,-0.145981028676033,8500.0,-0.155137345194817,8500.0,-0.145746618509293,8500.0,-0.0630353912711143,8500.0,-0.0961996093392372,8500.0,-0.10400428622961,8500.0,-0.154715448617935,8500.0,-0.115293405950069,8500.0,-0.0228321086615324,8500.0,-0.0337618850171566,8500.0,-0.058957289904356,8500.0,-0.076980784535408
8510.0,-0.160926342010498,8510.0,-0.165590479969978,8510.0,-0.17406702041626,8510.0,-0.088160514831543,8510.0,-0.133926302194595,8510.0,-0.153051376342773,8510.0,-0.133769989013672,8510.0,-0.131473168730736,8510.0,-0.144785687327385,8510.0,-0.0547775290906429,8510.0,-0.145934104919434,8510.0,-0.155129536986351,8510.0,-0.145754441618919,8510.0,-0.0630510374903679,8510.0,-0.096207432448864,8510.0,-0.104012109339237,8510.0,-0.154715448617935,8510.0,-0.115285590291023,8510.0,-0.0238164905458689,8510.0,-0.0337618850171566,8510.0,-0.058980654925108,8510.0,-0.076980784535408
8520.0,-0.160918623209,8520.0,-0.165582656860352,8520.0,-0.174059301614761,8520.0,-0.0881057754158974,8520.0,-0.133918479084969,8520.0,-0.153043553233147,8520.0,-0.133762270212173,8520.0,-0.131449699401855,8520.0,-0.144770056009293,8520.0,-0.0548009872436523,8520.0,-0.145887285470963,8520.0,-0.155113890767097,8520.0,-0.145762249827385,8520.0,-0.0630666762590408,8520.0,-0.0962152481079102,8520.0,-0.104019932448864,8520.0,-0.154723271727562,8520.0,-0.115277767181396,8520.0,-0.0248165130615234,8520.0,-0.0337540619075298,8520.0,-0.0590041168034077,8520.0,-0.0769886001944542
8530.0,-0.160910800099373,8530.0,-0.165574833750725,8530.0,-0.174051478505135,8530.0,-0.0880511328577995,8530.0,-0.133918479084969,8530.0,-0.153035745024681,8530.0,-0.133754447102547,8530.0,-0.13141842186451,8530.0,-0.144762232899666,8530.0,-0.0548244491219521,8530.0,-0.14584818482399,8530.0,-0.155106067657471,8530.0,-0.145762249827385,8530.0,-0.0630823150277138,8530.0,-0.0962229743599892,8530.0,-0.10402774810791,8530.0,-0.154715448617935,8530.0,-0.115293405950069,8530.0,-0.0250352863222361,8530.0,-0.0337384231388569,8530.0,-0.0590119361877441,8530.0,-0.076980784535408
8540.0,-0.160910800099373,8540.0,-0.165574833750725,8540.0,-0.174051478505135,8540.0,-0.0879885703325272,8540.0,-0.133902832865715,8540.0,-0.153020098805428,8540.0,-0.133754447102547,8540.0,-0.131387233734131,8540.0,-0.144746690988541,8540.0,-0.0548479072749615,8540.0,-0.145801350474358,8540.0,-0.155090436339378,8540.0,-0.145770072937012,8540.0,-0.063097856938839,8540.0,-0.0962307974696159,8540.0,-0.104035571217537,8540.0,-0.154707625508308,8540.0,-0.115301229059696,8540.0,-0.0249961856752634,8540.0,-0.0337306037545204,8540.0,-0.0590275786817074,8540.0,-0.076980784535408
8550.0,-0.160902976989746,8550.0,-0.165567025542259,8550.0,-0.174043655395508,8550.0,-0.0879339203238487,8550.0,-0.133902832865715,8550.0,-0.153012275695801,8550.0,-0.13374662399292,8550.0,-0.131363779306412,8550.0,-0.144738867878914,8550.0,-0.0548712722957134,8550.0,-0.145754441618919,8550.0,-0.155082613229752,8550.0,-0.145777896046638,8550.0,-0.0631135031580925,8550.0,-0.0962386131286621,8550.0,-0.104043386876583,8550.0,-0.154707625508308,8550.0,-0.115309052169323,8550.0,-0.0248165130615234,8550.0,-0.0337227843701839,8550.0,-0.0590432174503803,8550.0,-0.076980784535408
8560.0,-0.160895153880119,8560.0,-0.165559202432632,8560.0,-0.174035832285881,8560.0,-0.0878714546561241,8560.0,-0.133895024657249,8560.0,-0.153004452586174,8560.0,-0.133738800883293,8560.0,-0.131340309977531,8560.0,-0.144731044769287,8560.0,-0.0548947341740131,8560.0,-0.145707607269287,8560.0,-0.155066967010498,8560.0,-0.145777896046638,8560.0,-0.0631291419267654,8560.0,-0.0962464362382889,8560.0,-0.10405120998621,8560.0,-0.154691979289055,8560.0,-0.115316867828369,8560.0,-0.0245039947330952,8560.0,-0.0337071418762207,8560.0,-0.0590588562190533,8560.0,-0.076980784535408
8570.0,-0.160887345671654,8570.0,-0.165559202432632,8570.0,-0.174035832285881,8570.0,-0.0878167152404785,8570.0,-0.133887201547623,8570.0,-0.152996644377708,8570.0,-0.133738800883293,8570.0,-0.131316944956779,8570.0,-0.144715413451195,8570.0,-0.0549181960523129,8570.0,-0.145668506622314,8570.0,-0.155051335692406,8570.0,-0.145785719156265,8570.0,-0.0631447806954384,8570.0,-0.0962464362382889,8570.0,-0.104059033095837,8570.0,-0.154691979289055,8570.0,-0.115316867828369,8570.0,-0.0242071151733398,8570.0,-0.0336993224918842,8570.0,-0.0590744018554688,8570.0,-0.0769729614257813
8580.0,-0.160887345671654,8580.0,-0.165551379323006,8580.0,-0.174028024077415,8580.0,-0.0877620726823807,8580.0,-0.133879378437996,8580.0,-0.152988821268082,8580.0,-0.133730992674828,8580.0,-0.131285667419434,8580.0,-0.144707590341568,8580.0,-0.0549493804574013,8580.0,-0.145621687173843,8580.0,-0.155043512582779,8580.0,-0.145793542265892,8580.0,-0.0631604194641113,8580.0,-0.0962542518973351,8580.0,-0.104066751897335,8580.0,-0.154691979289055,8580.0,-0.115332506597042,8580.0,-0.0240039825439453,8580.0,-0.0336915031075478,8580.0,-0.059090044349432,8580.0,-0.076980784535408
8590.0,-0.160879522562027,8590.0,-0.165551379323006,8590.0,-0.174028024077415,8590.0,-0.0877073332667351,8590.0,-0.133871555328369,8590.0,-0.152981087565422,8590.0,-0.133730992674828,8590.0,-0.131262212991714,8590.0,-0.144699767231941,8590.0,-0.0549728386104107,8590.0,-0.145574763417244,8590.0,-0.155027970671654,8590.0,-0.145801350474358,8590.0,-0.0631760582327843,8590.0,-0.0962620750069618,8590.0,-0.104074575006962,8590.0,-0.154684171080589,8590.0,-0.115340232849121,8590.0,-0.0237540248781443,8590.0,-0.0336836837232113,8590.0,-0.0591056831181049,8590.0,-0.076980784535408
8600.0,-0.1608716994524,8600.0,-0.165543556213379,8600.0,-0.174020200967789,8600.0,-0.0876448675990105,8600.0,-0.133871555328369,8600.0,-0.152973279356956,8600.0,-0.133723169565201,8600.0,-0.131238743662834,8600.0,-0.144684121012688,8600.0,-0.0550041198730469,8600.0,-0.145535662770271,8600.0,-0.155020147562027,8600.0,-0.145809173583984,8600.0,-0.0631916075944901,8600.0,-0.0962698981165886,8600.0,-0.104082398116589,8600.0,-0.154684171080589,8600.0,-0.115355871617794,8600.0,-0.023496150970459,8600.0,-0.0336758606135845,8600.0,-0.0591213218867779,8600.0,-0.076980784535408
8610.0,-0.1608716994524,8610.0,-0.165535733103752,8610.0,-0.174012377858162,8610.0,-0.0875745788216591,8610.0,-0.133863836526871,8610.0,-0.15296545624733,8610.0,-0.133723169565201,8610.0,-0.131215378642082,8610.0,-0.144676312804222,8610.0,-0.0550275817513466,8610.0,-0.1454888433218,8610.0,-0.155004501342773,8610.0,-0.145809173583984,8610.0,-0.063207246363163,8610.0,-0.0962777137756348,8610.0,-0.104090213775635,8610.0,-0.154684171080589,8610.0,-0.115363694727421,8610.0,-0.0234102252870798,8610.0,-0.0336681380867958,8610.0,-0.0591369643807411,8610.0,-0.0769729614257813
8620.0,-0.160863876342773,8620.0,-0.165535733103752,8620.0,-0.174012377858162,8620.0,-0.0875120162963867,8620.0,-0.133856013417244,8620.0,-0.152957633137703,8620.0,-0.133715346455574,8620.0,-0.131184101104736,8620.0,-0.144668489694595,8620.0,-0.055058766156435,8620.0,-0.145449742674828,8620.0,-0.154996678233147,8620.0,-0.145816996693611,8620.0,-0.0632228851318359,8620.0,-0.0962855368852615,8620.0,-0.104098036885262,8620.0,-0.154676347970963,8620.0,-0.115379333496094,8620.0,-0.0232774745672941,8620.0,-0.0336603187024593,8620.0,-0.0591526031494141,8620.0,-0.0769729614257813
8630.0,-0.160856053233147,8630.0,-0.165528014302254,8630.0,-0.174012377858162,8630.0,-0.0874495506286621,8630.0,-0.133848190307617,8630.0,-0.152949810028076,8630.0,-0.133715346455574,8630.0,-0.131160646677017,8630.0,-0.144652843475342,8630.0,-0.0550900474190712,8630.0,-0.145410731434822,8630.0,-0.154988870024681,8630.0,-0.145832538604736,8630.0,-0.0632385239005089,8630.0,-0.0962933525443077,8630.0,-0.104105852544308,8630.0,-0.154676347970963,8630.0,-0.115387156605721,8630.0,-0.023066520690918,8630.0,-0.0336524955928326,8630.0,-0.059175968170166,8630.0,-0.0769729614257813
8640.0,-0.160856053233147,8640.0,-0.165528014302254,8640.0,-0.174012377858162,8640.0,-0.0873949080705643,8640.0,-0.133848190307617,8640.0,-0.152934178709984,8640.0,-0.133707523345947,8640.0,-0.131137177348137,8640.0,-0.144645124673843,8640.0,-0.0551213286817074,8640.0,-0.145363807678223,8640.0,-0.154973223805428,8640.0,-0.145832538604736,8640.0,-0.0632541701197624,8640.0,-0.0963011756539345,8640.0,-0.104105852544308,8640.0,-0.154676347970963,8640.0,-0.115402795374393,8640.0,-0.0228086467832327,8640.0,-0.0336446762084961,8640.0,-0.0591916106641293,8640.0,-0.0769729614257813
8650.0,-0.160856053233147,8650.0,-0.165528014302254,8650.0,-0.174004554748535,8650.0,-0.0873323455452919,8650.0,-0.13384036719799,8650.0,-0.152926355600357,8650.0,-0.133707523345947,8650.0,-0.131113812327385,8650.0,-0.144637301564217,8650.0,-0.0551525130867958,8650.0,-0.145324811339378,8650.0,-0.154965400695801,8650.0,-0.145840361714363,8650.0,-0.0632698088884354,8650.0,-0.0963089987635612,8650.0,-0.104113675653934,8650.0,-0.154668524861336,8650.0,-0.115402795374393,8650.0,-0.0225586891174316,8650.0,-0.0336290374398232,8650.0,-0.0591994300484657,8650.0,-0.0769729614257813
8660.0,-0.160848245024681,8660.0,-0.165520191192627,8660.0,-0.174004554748535,8660.0,-0.0872698798775673,8660.0,-0.133832558989525,8660.0,-0.152910709381104,8660.0,-0.13369970023632,8660.0,-0.131090357899666,8660.0,-0.14462947845459,8660.0,-0.0551759712398052,8660.0,-0.145285710692406,8660.0,-0.154949769377708,8660.0,-0.14584818482399,8660.0,-0.0632853507995605,8660.0,-0.0963168144226074,8660.0,-0.104121498763561,8660.0,-0.154668524861336,8660.0,-0.115418434143066,8660.0,-0.0225117690861225,8660.0,-0.0336290374398232,8660.0,-0.0592150688171387,8660.0,-0.0769651457667351
8670.0,-0.160840421915054,8670.0,-0.165512368083,8670.0,-0.173996731638908,8670.0,-0.0872073173522949,8670.0,-0.133824735879898,8670.0,-0.152902886271477,8670.0,-0.13369970023632,8670.0,-0.131066903471947,8670.0,-0.144613847136497,8670.0,-0.0552072525024414,8670.0,-0.145246610045433,8670.0,-0.154942035675049,8670.0,-0.145856007933617,8670.0,-0.0633009895682335,8670.0,-0.0963323637843132,8670.0,-0.104129314422607,8670.0,-0.154668524861336,8670.0,-0.115426257252693,8670.0,-0.0226680766791105,8670.0,-0.0336212180554867,8670.0,-0.0592385306954384,8670.0,-0.0769729614257813
8680.0,-0.160840421915054,8680.0,-0.165512368083,8680.0,-0.173996731638908,8680.0,-0.0871526747941971,8680.0,-0.133824735879898,8680.0,-0.152895078063011,8680.0,-0.133691892027855,8680.0,-0.131043434143066,8680.0,-0.144606024026871,8680.0,-0.0552307143807411,8680.0,-0.145199775695801,8680.0,-0.154926404356956,8680.0,-0.145863816142082,8680.0,-0.063316635787487,8680.0,-0.0963323637843132,8680.0,-0.104137137532234,8680.0,-0.154660701751709,8680.0,-0.115434072911739,8680.0,-0.0226602554321289,8680.0,-0.0336133949458599,8680.0,-0.0592541694641113,8680.0,-0.0769729614257813
8690.0,-0.160832598805428,8690.0,-0.165504559874535,8690.0,-0.173988923430443,8690.0,-0.0870902091264725,8690.0,-0.133816912770271,8690.0,-0.152895078063011,8690.0,-0.133691892027855,8690.0,-0.131020069122314,8690.0,-0.144598200917244,8690.0,-0.0552618987858295,8690.0,-0.145160675048828,8690.0,-0.154910758137703,8690.0,-0.145863816142082,8690.0,-0.0633400902152061,8690.0,-0.0963480025529861,8690.0,-0.104137137532234,8690.0,-0.154660701751709,8690.0,-0.115441799163818,8690.0,-0.0226680766791105,8690.0,-0.0336055755615234,8690.0,-0.0592697151005268,8690.0,-0.076980784535408
8700.0,-0.160824880003929,8700.0,-0.165504559874535,8700.0,-0.173988923430443,8700.0,-0.0870276466012001,8700.0,-0.133809089660645,8700.0,-0.152887254953384,8700.0,-0.133684068918228,8700.0,-0.130988791584969,8700.0,-0.14458255469799,8700.0,-0.0552853606641293,8700.0,-0.145121678709984,8700.0,-0.154895111918449,8700.0,-0.145871639251709,8700.0,-0.0633557364344597,8700.0,-0.0963558182120323,8700.0,-0.10414495319128,8700.0,-0.154660701751709,8700.0,-0.115449622273445,8700.0,-0.0226055141538382,8700.0,-0.033597756177187,8700.0,-0.0592853538691998,8700.0,-0.076980784535408
8710.0,-0.160824880003929,8710.0,-0.165496736764908,8710.0,-0.173988923430443,8710.0,-0.0869730040431023,8710.0,-0.133809089660645,8710.0,-0.152871713042259,8710.0,-0.133684068918228,8710.0,-0.130965337157249,8710.0,-0.144574746489525,8710.0,-0.0553088188171387,8710.0,-0.145082578063011,8710.0,-0.154887303709984,8710.0,-0.145887285470963,8710.0,-0.0633713752031326,8710.0,-0.0963636413216591,8710.0,-0.104152776300907,8710.0,-0.154660701751709,8710.0,-0.115457437932491,8710.0,-0.0225352291017771,8710.0,-0.0335899367928505,8710.0,-0.059300996363163,8710.0,-0.076980784535408
8720.0,-0.160817056894302,8720.0,-0.165488913655281,8720.0,-0.173981100320816,8720.0,-0.0869104415178299,8720.0,-0.133801266551018,8720.0,-0.152871713042259,8720.0,-0.133684068918228,8720.0,-0.130941867828369,8720.0,-0.144566923379898,8720.0,-0.0553400032222271,8720.0,-0.145043477416039,8720.0,-0.15487165749073,8720.0,-0.145887285470963,8720.0,-0.0633869171142578,8720.0,-0.0963714644312859,8720.0,-0.104160599410534,8720.0,-0.154652878642082,8720.0,-0.115457437932491,8720.0,-0.0224493034183979,8720.0,-0.0335899367928505,8720.0,-0.0593166351318359,8720.0,-0.0769886001944542
8730.0,-0.160817056894302,8730.0,-0.165488913655281,8730.0,-0.173981100320816,8730.0,-0.0868479758501053,8730.0,-0.133793458342552,8730.0,-0.152863889932632,8730.0,-0.133676245808601,8730.0,-0.130918502807617,8730.0,-0.144559100270271,8730.0,-0.0553634651005268,8730.0,-0.145004466176033,8730.0,-0.154856011271477,8730.0,-0.145895108580589,8730.0,-0.0634025558829308,8730.0,-0.096379280090332,8730.0,-0.104160599410534,8730.0,-0.154652878642082,8730.0,-0.115465261042118,8730.0,-0.0224961284548044,8730.0,-0.0335742942988873,8730.0,-0.0593322776257992,8730.0,-0.0769886001944542
8740.0,-0.160809233784676,8740.0,-0.165481090545654,8740.0,-0.173973277211189,8740.0,-0.0867855101823807,8740.0,-0.133785635232925,8740.0,-0.152856066823006,8740.0,-0.133676245808601,8740.0,-0.130895048379898,8740.0,-0.144543558359146,8740.0,-0.055394746363163,8740.0,-0.14496536552906,8740.0,-0.154848203063011,8740.0,-0.145902916789055,8740.0,-0.0634182021021843,8740.0,-0.096394918859005,8740.0,-0.104168318212032,8740.0,-0.154652878642082,8740.0,-0.115465261042118,8740.0,-0.0224961284548044,8740.0,-0.0335742942988873,8740.0,-0.0593479163944721,8740.0,-0.076996423304081
8750.0,-0.160801410675049,8750.0,-0.165481090545654,8750.0,-0.173973277211189,8750.0,-0.0867307707667351,8750.0,-0.133785635232925,8750.0,-0.152848243713379,8750.0,-0.133676245808601,8750.0,-0.130879402160645,8750.0,-0.144535735249519,8750.0,-0.0554182045161724,8750.0,-0.144926354289055,8750.0,-0.154832646250725,8750.0,-0.145918563008308,8750.0,-0.0634416565299034,8750.0,-0.0964027419686317,8750.0,-0.104176141321659,8750.0,-0.154637336730957,8750.0,-0.115457437932491,8750.0,-0.0222930908203125,8750.0,-0.0335587523877621,8750.0,-0.0593634620308876,8750.0,-0.076996423304081
8760.0,-0.160801410675049,8760.0,-0.165473267436028,8760.0,-0.173973277211189,8760.0,-0.0866683050990105,8760.0,-0.133777812123299,8760.0,-0.152848243713379,8760.0,-0.133668527007103,8760.0,-0.130855947732925,8760.0,-0.144527912139893,8760.0,-0.0554493926465511,8760.0,-0.144887253642082,8760.0,-0.154824838042259,8760.0,-0.145918563008308,8760.0,-0.063457302749157,8760.0,-0.0964105650782585,8760.0,-0.104183964431286,8760.0,-0.154645159840584,8760.0,-0.115473084151745,8760.0,-0.0223790165036917,8760.0,-0.0335587523877621,8760.0,-0.0593791007995605,8760.0,-0.0770042464137077
8770.0,-0.160793587565422,8770.0,-0.165473267436028,8770.0,-0.173973277211189,8770.0,-0.0866135582327843,8770.0,-0.133769989013672,8770.0,-0.152840420603752,8770.0,-0.133668527007103,8770.0,-0.130832478404045,8770.0,-0.144520089030266,8770.0,-0.0554728507995605,8770.0,-0.14484815299511,8770.0,-0.154809191823006,8770.0,-0.145926281809807,8770.0,-0.0634729415178299,8770.0,-0.0964261069893837,8770.0,-0.104183964431286,8770.0,-0.154645159840584,8770.0,-0.115480899810791,8770.0,-0.0223477371037006,8770.0,-0.0335509292781353,8770.0,-0.0593947432935238,8770.0,-0.0770042464137077
8780.0,-0.160785779356956,8780.0,-0.165473267436028,8780.0,-0.173965454101563,8780.0,-0.0865589156746864,8780.0,-0.133769989013672,8780.0,-0.152832612395287,8780.0,-0.133668527007103,8780.0,-0.130809113383293,8780.0,-0.1445122808218,8780.0,-0.0555041320621967,8780.0,-0.144816979765892,8780.0,-0.154801368713379,8780.0,-0.145934104919434,8780.0,-0.0634884834289551,8780.0,-0.0964339300990105,8780.0,-0.104191780090332,8780.0,-0.154637336730957,8780.0,-0.115496538579464,8780.0,-0.0224805828183889,8780.0,-0.0335431098937988,8780.0,-0.0594103820621967,8780.0,-0.0770119652152061
8790.0,-0.160785779356956,8790.0,-0.165465459227562,8790.0,-0.173965454101563,8790.0,-0.0864964500069618,8790.0,-0.133762270212173,8790.0,-0.15282478928566,8790.0,-0.133660703897476,8790.0,-0.130785658955574,8790.0,-0.144504457712173,8790.0,-0.0555275939404964,8790.0,-0.144770056009293,8790.0,-0.154785737395287,8790.0,-0.14594192802906,8790.0,-0.063504122197628,8790.0,-0.0964495688676834,8790.0,-0.104199603199959,8790.0,-0.154637336730957,8790.0,-0.115504361689091,8790.0,-0.0227227210998535,8790.0,-0.0335352905094624,8790.0,-0.0594260208308697,8790.0,-0.0770197883248329
8800.0,-0.16077795624733,8800.0,-0.165465459227562,8800.0,-0.173965454101563,8800.0,-0.0864338874816895,8800.0,-0.133754447102547,8800.0,-0.152816966176033,8800.0,-0.133660703897476,8800.0,-0.130762204527855,8800.0,-0.14448881149292,8800.0,-0.0555587783455849,8800.0,-0.144738867878914,8800.0,-0.15477791428566,8800.0,-0.145949751138687,8800.0,-0.0635275840759277,8800.0,-0.0964573845267296,8800.0,-0.104207418859005,8800.0,-0.154637336730957,8800.0,-0.115520000457764,8800.0,-0.0228712093085051,8800.0,-0.0335352905094624,8800.0,-0.0594416633248329,8800.0,-0.0770197883248329
8810.0,-0.16077795624733,8810.0,-0.165457636117935,8810.0,-0.173957735300064,8810.0,-0.0863714218139648,8810.0,-0.133754447102547,8810.0,-0.152809143066406,8810.0,-0.133652880787849,8810.0,-0.130738735198975,8810.0,-0.14448881149292,8810.0,-0.0555900596082211,8810.0,-0.144699767231941,8810.0,-0.154762268066406,8810.0,-0.145957574248314,8810.0,-0.0635432228446007,8810.0,-0.0964730307459831,8810.0,-0.104207418859005,8810.0,-0.15462951362133,8810.0,-0.11552782356739,8810.0,-0.0227852817624807,8810.0,-0.0335196517407894,8810.0,-0.0594572089612484,8810.0,-0.0770197883248329
8820.0,-0.160770133137703,8820.0,-0.165457636117935,8820.0,-0.173957735300064,8820.0,-0.086316779255867,8820.0,-0.133754447102547,8820.0,-0.152801319956779,8820.0,-0.133652880787849,8820.0,-0.130723193287849,8820.0,-0.144473180174828,8820.0,-0.0556213371455669,8820.0,-0.144668489694595,8820.0,-0.154746726155281,8820.0,-0.145973205566406,8820.0,-0.0635588690638542,8820.0,-0.0964808464050293,8820.0,-0.104215241968632,8820.0,-0.15462951362133,8820.0,-0.115535549819469,8820.0,-0.0227852817624807,8820.0,-0.0335196517407894,8820.0,-0.0594728477299213,8820.0,-0.0770354270935059
8830.0,-0.160770133137703,8830.0,-0.165449813008308,8830.0,-0.173957735300064,8830.0,-0.0862542167305946,8830.0,-0.13374662399292,8830.0,-0.152801319956779,8830.0,-0.133652880787849,8830.0,-0.13069973886013,8830.0,-0.144465357065201,8830.0,-0.0556525252759457,8830.0,-0.14462947845459,8830.0,-0.154738903045654,8830.0,-0.145973205566406,8830.0,-0.0635744109749794,8830.0,-0.0964964851737022,8830.0,-0.104223065078259,8830.0,-0.15462951362133,8830.0,-0.115551188588142,8830.0,-0.0226915366947651,8830.0,-0.0335118286311626,8830.0,-0.0594884864985943,8830.0,-0.0770354270935059
8840.0,-0.160762310028076,8840.0,-0.165449813008308,8840.0,-0.173957735300064,8840.0,-0.0861995741724968,8840.0,-0.133738800883293,8840.0,-0.152793511748314,8840.0,-0.133652880787849,8840.0,-0.13067626953125,8840.0,-0.144457533955574,8840.0,-0.0556759834289551,8840.0,-0.144590377807617,8840.0,-0.154723271727562,8840.0,-0.14598885178566,8840.0,-0.0635900497436523,8840.0,-0.096504308283329,8840.0,-0.104230880737305,8840.0,-0.15462951362133,8840.0,-0.115566827356815,8840.0,-0.0226680766791105,8840.0,-0.0335040092468262,8840.0,-0.0595041289925575,8840.0,-0.0770432502031326
8850.0,-0.160762310028076,8850.0,-0.165449813008308,8850.0,-0.173957735300064,8850.0,-0.0861448273062706,8850.0,-0.133738800883293,8850.0,-0.152793511748314,8850.0,-0.133652880787849,8850.0,-0.130652815103531,8850.0,-0.144449815154076,8850.0,-0.0557072646915913,8850.0,-0.144559100270271,8850.0,-0.154715448617935,8850.0,-0.145996674895287,8850.0,-0.0635978728532791,8850.0,-0.0965198501944542,8850.0,-0.104230880737305,8850.0,-0.15462951362133,8850.0,-0.115574650466442,8850.0,-0.0226680766791105,8850.0,-0.0335040092468262,8850.0,-0.0595197677612305,8850.0,-0.0770510658621788
8860.0,-0.160754486918449,8860.0,-0.165441989898682,8860.0,-0.173949912190437,8860.0,-0.086082361638546,8860.0,-0.133730992674828,8860.0,-0.152785778045654,8860.0,-0.133645057678223,8860.0,-0.130629450082779,8860.0,-0.144441992044449,8860.0,-0.0557384490966797,8860.0,-0.144520089030266,8860.0,-0.154699802398682,8860.0,-0.146004483103752,8860.0,-0.0636135116219521,8860.0,-0.096527673304081,8860.0,-0.104238703846931,8860.0,-0.154621705412865,8860.0,-0.115582466125488,8860.0,-0.0226837154477835,8860.0,-0.0334961898624897,8860.0,-0.0595354102551937,8860.0,-0.0770588889718056
8870.0,-0.160754486918449,8870.0,-0.165441989898682,8870.0,-0.173949912190437,8870.0,-0.0860354453325272,8870.0,-0.133730992674828,8870.0,-0.152785778045654,8870.0,-0.133645057678223,8870.0,-0.130613803863525,8870.0,-0.144434168934822,8870.0,-0.0557697303593159,8870.0,-0.14448881149292,8870.0,-0.154691979289055,8870.0,-0.146012306213379,8870.0,-0.063629150390625,8870.0,-0.0965433120727539,8870.0,-0.104246519505978,8870.0,-0.154621705412865,8870.0,-0.115598104894161,8870.0,-0.0226211547851563,8870.0,-0.0334883704781532,8870.0,-0.0595510490238667,8870.0,-0.0770667120814323
8880.0,-0.160746678709984,8880.0,-0.165441989898682,8880.0,-0.173949912190437,8880.0,-0.0859807953238487,8880.0,-0.133730992674828,8880.0,-0.152785778045654,8880.0,-0.133645057678223,8880.0,-0.130590349435806,8880.0,-0.144426345825195,8880.0,-0.0557931922376156,8880.0,-0.144449815154076,8880.0,-0.154676347970963,8880.0,-0.146020129323006,8880.0,-0.0636447891592979,8880.0,-0.0965511351823807,8880.0,-0.104254342615604,8880.0,-0.154621705412865,8880.0,-0.115605928003788,8880.0,-0.0225274097174406,8880.0,-0.0334883704781532,8880.0,-0.0595665946602821,8880.0,-0.0770667120814323
8890.0,-0.160746678709984,8890.0,-0.165434271097183,8890.0,-0.173949912190437,8890.0,-0.0859261527657509,8890.0,-0.133723169565201,8890.0,-0.152777954936028,8890.0,-0.133645057678223,8890.0,-0.130574703216553,8890.0,-0.144418522715569,8890.0,-0.0558244697749615,8890.0,-0.144418522715569,8890.0,-0.154668524861336,8890.0,-0.146027848124504,8890.0,-0.0636604353785515,8890.0,-0.0965667739510536,8890.0,-0.104262068867683,8890.0,-0.154621705412865,8890.0,-0.115613751113415,8890.0,-0.0224258434027433,8890.0,-0.0334805510938168,8890.0,-0.0595822334289551,8890.0,-0.0770745277404785
8900.0,-0.160738855600357,8900.0,-0.165434271097183,8900.0,-0.173949912190437,8900.0,-0.0858714133501053,8900.0,-0.133723169565201,8900.0,-0.152777954936028,8900.0,-0.133645057678223,8900.0,-0.130551248788834,8900.0,-0.144410714507103,8900.0,-0.0558556579053402,8900.0,-0.144387245178223,8900.0,-0.154652878642082,8900.0,-0.146035671234131,8900.0,-0.0636838003993034,8900.0,-0.0965745970606804,8900.0,-0.104262068867683,8900.0,-0.154613882303238,8900.0,-0.115613751113415,8900.0,-0.0224805828183889,8900.0,-0.0334728248417377,8900.0,-0.0595900528132915,8900.0,-0.0770745277404785
8910.0,-0.160738855600357,8910.0,-0.165426447987556,8910.0,-0.173942089080811,8910.0,-0.0858167633414268,8910.0,-0.133715346455574,8910.0,-0.152770146727562,8910.0,-0.133645057678223,8910.0,-0.130527883768082,8910.0,-0.144410714507103,8910.0,-0.0558791160583496,8910.0,-0.144348248839378,8910.0,-0.154645159840584,8910.0,-0.146043494343758,8910.0,-0.0636994391679764,8910.0,-0.0965902358293533,8910.0,-0.10426988452673,8910.0,-0.154606059193611,8910.0,-0.115621566772461,8910.0,-0.0225117690861225,8910.0,-0.0334650054574013,8910.0,-0.0596056953072548,8910.0,-0.0770823508501053
8920.0,-0.16073103249073,8920.0,-0.165426447987556,8920.0,-0.173942089080811,8920.0,-0.0857620239257813,8920.0,-0.133715346455574,8920.0,-0.152770146727562,8920.0,-0.133645057678223,8920.0,-0.130512237548828,8920.0,-0.144402891397476,8920.0,-0.0559103973209858,8920.0,-0.144316956400871,8920.0,-0.15462951362133,8920.0,-0.146051317453384,8920.0,-0.0637150779366493,8920.0,-0.0965980514883995,8920.0,-0.104277707636356,8920.0,-0.154606059193611,8920.0,-0.115637116134167,8920.0,-0.0223633777350187,8920.0,-0.0334571860730648,8920.0,-0.0596213340759277,8920.0,-0.0770901665091515
8930.0,-0.16073103249073,8930.0,-0.165426447987556,8930.0,-0.173942089080811,8930.0,-0.0857073813676834,8930.0,-0.133707523345947,8930.0,-0.152770146727562,8930.0,-0.133645057678223,8930.0,-0.130488783121109,8930.0,-0.144387245178223,8930.0,-0.0559415817260742,8930.0,-0.144277855753899,8930.0,-0.154621705412865,8930.0,-0.146059140563011,8930.0,-0.0637307167053223,8930.0,-0.0966136008501053,8930.0,-0.104277707636356,8930.0,-0.154606059193611,8930.0,-0.115644931793213,8930.0,-0.022308636456728,8930.0,-0.033449362963438,8930.0,-0.059636976569891,8930.0,-0.0770901665091515
8940.0,-0.16073103249073,8940.0,-0.16541862487793,8940.0,-0.173942089080811,8940.0,-0.0856526419520378,8940.0,-0.133707523345947,8940.0,-0.152762323617935,8940.0,-0.133645057678223,8940.0,-0.130473136901855,8940.0,-0.144387245178223,8940.0,-0.0559728629887104,8940.0,-0.144246682524681,8940.0,-0.154606059193611,8940.0,-0.146066948771477,8940.0,-0.063738539814949,8940.0,-0.0966292396187782,8940.0,-0.104285530745983,8940.0,-0.154598236083984,8940.0,-0.11565275490284,8940.0,-0.0222618114203215,8940.0,-0.0334415435791016,8940.0,-0.0596525184810162,8940.0,-0.0770979896187782
8950.0,-0.160723313689232,8950.0,-0.16541862487793,8950.0,-0.173942089080811,8950.0,-0.0855979919433594,8950.0,-0.133707523345947,8950.0,-0.152762323617935,8950.0,-0.133645057678223,8950.0,-0.130449682474136,8950.0,-0.144379422068596,8950.0,-0.0559963248670101,8950.0,-0.144215390086174,8950.0,-0.154598236083984,8950.0,-0.146074771881104,8950.0,-0.0637620016932487,8950.0,-0.096637062728405,8950.0,-0.104293346405029,8950.0,-0.154598236083984,8950.0,-0.115660570561886,8950.0,-0.0222148895263672,8950.0,-0.0334415435791016,8950.0,-0.0596681609749794,8950.0,-0.0771057158708572
8960.0,-0.160723313689232,8960.0,-0.165410801768303,8960.0,-0.173934265971184,8960.0,-0.0855432525277138,8960.0,-0.13369970023632,8960.0,-0.152754500508308,8960.0,-0.133637234568596,8960.0,-0.130426317453384,8960.0,-0.14437161386013,8960.0,-0.0560275092720985,8960.0,-0.144184112548828,8960.0,-0.154582604765892,8960.0,-0.14608259499073,8960.0,-0.0637775436043739,8960.0,-0.0966527014970779,8960.0,-0.104301169514656,8960.0,-0.154598236083984,8960.0,-0.115668393671513,8960.0,-0.0222774501889944,8960.0,-0.0334337241947651,8960.0,-0.0596837997436523,8960.0,-0.0771135315299034
8970.0,-0.160715490579605,8970.0,-0.165410801768303,8970.0,-0.173934265971184,8970.0,-0.0854886099696159,8970.0,-0.13369970023632,8970.0,-0.152754500508308,8970.0,-0.133645057678223,8970.0,-0.130410671234131,8970.0,-0.144363790750504,8970.0,-0.0560587905347347,8970.0,-0.144152924418449,8970.0,-0.154574781656265,8970.0,-0.146090418100357,8970.0,-0.0637931823730469,8970.0,-0.0966605171561241,8970.0,-0.104301169514656,8970.0,-0.154590412974358,8970.0,-0.115676216781139,8970.0,-0.0224023815244436,8970.0,-0.0334259048104286,8970.0,-0.0596994422376156,8970.0,-0.0771135315299034
8980.0,-0.160715490579605,8980.0,-0.165402993559837,8980.0,-0.173934265971184,8980.0,-0.0854339599609375,8980.0,-0.133691892027855,8980.0,-0.152746677398682,8980.0,-0.133645057678223,8980.0,-0.130387216806412,8980.0,-0.144356057047844,8980.0,-0.0560822486877441,8980.0,-0.144121646881104,8980.0,-0.154559135437012,8980.0,-0.146098241209984,8980.0,-0.0638166442513466,8980.0,-0.0966761633753777,8980.0,-0.104308985173702,8980.0,-0.154590412974358,8980.0,-0.115684032440186,8980.0,-0.0224258434027433,8980.0,-0.0334259048104286,8980.0,-0.0597072616219521,8980.0,-0.0771213546395302
8990.0,-0.160715490579605,8990.0,-0.165402993559837,8990.0,-0.173934265971184,8990.0,-0.0853713974356651,8990.0,-0.133691892027855,8990.0,-0.152746677398682,8990.0,-0.133645057678223,8990.0,-0.130371570587158,8990.0,-0.144348248839378,8990.0,-0.0561135299503803,8990.0,-0.144090369343758,8990.0,-0.154551416635513,8990.0,-0.146106049418449,8990.0,-0.0638401061296463,8990.0,-0.0966839790344238,8990.0,-0.104316808283329,8990.0,-0.154590412974358,8990.0,-0.115691855549812,8990.0,-0.0224571228027344,8990.0,-0.0334180854260921,8990.0,-0.059722900390625,8990.0,-0.077129177749157
9000.0,-0.160707667469978,9000.0,-0.165402993559837,9000.0,-0.173934265971184,9000.0,-0.0853167548775673,9000.0,-0.133691892027855,9000.0,-0.152738854289055,9000.0,-0.133637234568596,9000.0,-0.130348116159439,9000.0,-0.144348248839378,9000.0,-0.0561368949711323,9000.0,-0.144051358103752,9000.0,-0.15453577041626,9000.0,-0.146113872528076,9000.0,-0.0638712868094444,9000.0,-0.0966996178030968,9000.0,-0.104316808283329,9000.0,-0.154582604765892,9000.0,-0.115699671208858,9000.0,-0.0225352291017771,9000.0,-0.0334102623164654,9000.0,-0.0597385428845882,9000.0,-0.077129177749157
9010.0,-0.160707667469978,9010.0,-0.165395170450211,9010.0,-0.173934265971184,9010.0,-0.0852620154619217,9010.0,-0.133684068918228,9010.0,-0.152738854289055,9010.0,-0.133637234568596,9010.0,-0.130332574248314,9010.0,-0.144340425729752,9010.0,-0.0561681762337685,9010.0,-0.144020080566406,9010.0,-0.154527947306633,9010.0,-0.146121606230736,9010.0,-0.0638947486877441,9010.0,-0.0967074409127235,9010.0,-0.104324631392956,9010.0,-0.154582604765892,9010.0,-0.115707494318485,9010.0,-0.0226055141538382,9010.0,-0.0334102623164654,9010.0,-0.0597540847957134,9010.0,-0.0771369934082031
9020.0,-0.215871915221214,9020.0,-0.21026249229908,9020.0,-0.225090697407722,9020.0,-0.122270010411739,9020.0,-0.185137465596199,9020.0,-0.202379703521729,9020.0,-0.178465560078621,9020.0,-0.184879586100578,9020.0,-0.201403141021729,9020.0,-0.117137148976326,9020.0,-0.198567196726799,9020.0,-0.202567204833031,9020.0,-0.200825020670891,9020.0,-0.106277756392956,9020.0,-0.137926295399666,9020.0,-0.149223238229752,9020.0,-0.198145300149918,9020.0,-0.160332679748535,9020.0,-0.0267852786928415,9020.0,-0.0941214561462402,9020.0,-0.126590356230736,9020.0,-0.144543558359146
9030.0,-0.215770348906517,9030.0,-0.210215672850609,9030.0,-0.225090697407722,9030.0,-0.121879391372204,9030.0,-0.185168653726578,9030.0,-0.202395245432854,9030.0,-0.178106114268303,9030.0,-0.184793666005135,9030.0,-0.201184377074242,9030.0,-0.116699695587158,9030.0,-0.198535919189453,9030.0,-0.202496811747551,9030.0,-0.200770288705826,9030.0,-0.106238655745983,9030.0,-0.137871652841568,9030.0,-0.149129495024681,9030.0,-0.19804373383522,9030.0,-0.160027980804443,9030.0,-0.024668026715517,9030.0,-0.0933870300650597,9030.0,-0.126504421234131,9030.0,-0.144215390086174
9040.0,-0.215707883238792,9040.0,-0.210192203521729,9040.0,-0.225067242980003,9040.0,-0.121730901300907,9040.0,-0.185106188058853,9040.0,-0.202387526631355,9040.0,-0.177785873413086,9040.0,-0.184723377227783,9040.0,-0.20094995200634,9040.0,-0.116473101079464,9040.0,-0.198340609669685,9040.0,-0.202442169189453,9040.0,-0.20073901116848,9040.0,-0.106191828846931,9040.0,-0.137840375304222,9040.0,-0.149051383137703,9040.0,-0.198004633188248,9040.0,-0.159824848175049,9040.0,-0.0233789440244436,9040.0,-0.0927699133753777,9040.0,-0.126449689269066,9040.0,-0.143941983580589
9050.0,-0.215653136372566,9050.0,-0.210168749094009,9050.0,-0.225043818354607,9050.0,-0.121590331196785,9050.0,-0.185059264302254,9050.0,-0.202379703521729,9050.0,-0.177473351359367,9050.0,-0.184660822153091,9050.0,-0.20073901116848,9050.0,-0.116269968450069,9050.0,-0.198168754577637,9050.0,-0.202395245432854,9050.0,-0.200699999928474,9050.0,-0.106191828846931,9050.0,-0.137816905975342,9050.0,-0.148981004953384,9050.0,-0.197988986968994,9050.0,-0.159723281860352,9050.0,-0.0225352291017771,9050.0,-0.0922307968139648,9050.0,-0.126418396830559,9050.0,-0.143668562173843
9060.0,-0.215614125132561,9060.0,-0.210160925984383,9060.0,-0.225028187036514,9060.0,-0.121465303003788,9060.0,-0.185035899281502,9060.0,-0.202371880412102,9060.0,-0.17716084420681,9060.0,-0.184613987803459,9060.0,-0.200543686747551,9060.0,-0.116082482039928,9060.0,-0.198004633188248,9060.0,-0.202356249094009,9060.0,-0.200668722391129,9060.0,-0.106230832636356,9060.0,-0.137809082865715,9060.0,-0.148926362395287,9060.0,-0.197988986968994,9060.0,-0.159692004323006,9060.0,-0.0220743175595999,9060.0,-0.0917464271187782,9060.0,-0.126387223601341,9060.0,-0.143402859568596
9070.0,-0.215582847595215,9070.0,-0.210145279765129,9070.0,-0.225012585520744,9070.0,-0.121348097920418,9070.0,-0.185020253062248,9070.0,-0.202356249094009,9070.0,-0.176848322153091,9070.0,-0.184567078948021,9070.0,-0.20035620033741,9070.0,-0.11591062694788,9070.0,-0.197848424315453,9070.0,-0.202317148447037,9070.0,-0.200645253062248,9070.0,-0.106277756392956,9070.0,-0.137801274657249,9070.0,-0.148879438638687,9070.0,-0.197996810078621,9070.0,-0.159676358103752,9070.0,-0.0220273975282907,9070.0,-0.0912933349609375,9070.0,-0.126371577382088,9070.0,-0.143137261271477
9080.0,-0.215551570057869,9080.0,-0.210129737854004,9080.0,-0.224996954202652,9080.0,-0.121230892837048,9080.0,-0.185004621744156,9080.0,-0.202340602874756,9080.0,-0.176527976989746,9080.0,-0.184520244598389,9080.0,-0.200184345245361,9080.0,-0.115730859339237,9080.0,-0.197699934244156,9080.0,-0.202285960316658,9080.0,-0.200629711151123,9080.0,-0.106324575841427,9080.0,-0.137801274657249,9080.0,-0.148824796080589,9080.0,-0.197996810078621,9080.0,-0.159668549895287,9080.0,-0.0220117568969727,9080.0,-0.0908557921648026,9080.0,-0.126348122954369,9080.0,-0.142879486083984
9090.0,-0.215512558817863,9090.0,-0.210114106535912,9090.0,-0.224973484873772,9090.0,-0.121121600270271,9090.0,-0.184988975524902,9090.0,-0.202317148447037,9090.0,-0.176199913024902,9090.0,-0.184465512633324,9090.0,-0.200020313262939,9090.0,-0.115582466125488,9090.0,-0.197551533579826,9090.0,-0.202246859669685,9090.0,-0.200606256723404,9090.0,-0.106402777135372,9090.0,-0.137801274657249,9090.0,-0.148785695433617,9090.0,-0.198012456297874,9090.0,-0.159668549895287,9090.0,-0.0220352169126272,9090.0,-0.0904495269060135,9090.0,-0.126324653625488,9090.0,-0.142613798379898
9100.0,-0.215481281280518,9100.0,-0.210098460316658,9100.0,-0.224957898259163,9100.0,-0.121012210845947,9100.0,-0.18497334420681,9100.0,-0.202293783426285,9100.0,-0.175879582762718,9100.0,-0.184418678283691,9100.0,-0.199864014983177,9100.0,-0.115449622273445,9100.0,-0.197418689727783,9100.0,-0.202215582132339,9100.0,-0.20059061050415,9100.0,-0.106465242803097,9100.0,-0.137801274657249,9100.0,-0.148746684193611,9100.0,-0.198028087615967,9100.0,-0.159668549895287,9100.0,-0.0219258312135935,9100.0,-0.0900745391845703,9100.0,-0.126309111714363,9100.0,-0.142356023192406
9110.0,-0.215457826852798,9110.0,-0.210090637207031,9110.0,-0.224950075149536,9110.0,-0.120918467640877,9110.0,-0.184965521097183,9110.0,-0.202270314097404,9110.0,-0.175559237599373,9110.0,-0.184379577636719,9110.0,-0.199723437428474,9110.0,-0.115316867828369,9110.0,-0.197278127074242,9110.0,-0.202176570892334,9110.0,-0.200567156076431,9110.0,-0.106535531580448,9110.0,-0.137801274657249,9110.0,-0.148707583546638,9110.0,-0.198035910725594,9110.0,-0.159668549895287,9110.0,-0.0217774398624897,9110.0,-0.0897073745727539,9110.0,-0.126285657286644,9110.0,-0.142098233103752
9120.0,-0.21542663872242,9120.0,-0.210067182779312,9120.0,-0.224926620721817,9120.0,-0.120824716985226,9120.0,-0.18494987487793,9120.0,-0.202239036560059,9120.0,-0.175238892436028,9120.0,-0.184324935078621,9120.0,-0.199582770466805,9120.0,-0.115191839635372,9120.0,-0.197153091430664,9120.0,-0.202145293354988,9120.0,-0.200551509857178,9120.0,-0.106613636016846,9120.0,-0.137809082865715,9120.0,-0.148676306009293,9120.0,-0.198051556944847,9120.0,-0.15966072678566,9120.0,-0.0217852592468262,9120.0,-0.0893635749816895,9120.0,-0.12627001106739,9120.0,-0.141840368509293
9130.0,-0.215403184294701,9130.0,-0.210059359669685,9130.0,-0.224911019206047,9130.0,-0.12074651569128,9130.0,-0.184934332966805,9130.0,-0.202199935913086,9130.0,-0.174926474690437,9130.0,-0.184278011322021,9130.0,-0.199450016021729,9130.0,-0.115066818892956,9130.0,-0.197020247578621,9130.0,-0.202106192708015,9130.0,-0.200528144836426,9130.0,-0.106676198542118,9130.0,-0.137816905975342,9130.0,-0.148645117878914,9130.0,-0.198059365153313,9130.0,-0.159652903676033,9130.0,-0.0216915141791105,9130.0,-0.0890276953577995,9130.0,-0.126254364848137,9130.0,-0.141590401530266
9140.0,-0.215371891856194,9140.0,-0.210035994648933,9140.0,-0.224895387887955,9140.0,-0.120668411254883,9140.0,-0.184918686747551,9140.0,-0.202168747782707,9140.0,-0.174613952636719,9140.0,-0.18423119187355,9140.0,-0.199324995279312,9140.0,-0.114949606359005,9140.0,-0.196895316243172,9140.0,-0.202075004577637,9140.0,-0.200512513518333,9140.0,-0.106746487319469,9140.0,-0.137816905975342,9140.0,-0.148613840341568,9140.0,-0.198051556944847,9140.0,-0.159645184874535,9140.0,-0.0217071529477835,9140.0,-0.088715173304081,9140.0,-0.126238733530045,9140.0,-0.141340360045433
9150.0,-0.215340614318848,9150.0,-0.21002034842968,9150.0,-0.224879741668701,9150.0,-0.120598129928112,9150.0,-0.184903055429459,9150.0,-0.202137470245361,9150.0,-0.174301430583,9150.0,-0.184184268116951,9150.0,-0.199199959635735,9150.0,-0.114840321242809,9150.0,-0.196770295500755,9150.0,-0.202035903930664,9150.0,-0.200489044189453,9150.0,-0.106824591755867,9150.0,-0.137824729084969,9150.0,-0.148590371012688,9150.0,-0.198075011372566,9150.0,-0.159621715545654,9150.0,-0.021879006177187,9150.0,-0.0884182974696159,9150.0,-0.126223087310791,9150.0,-0.141098216176033
9160.0,-0.215317249298096,9160.0,-0.210004717111588,9160.0,-0.224864155054092,9160.0,-0.120520018041134,9160.0,-0.184887409210205,9160.0,-0.202098473906517,9160.0,-0.173981100320816,9160.0,-0.18413744866848,9160.0,-0.199082762002945,9160.0,-0.114730931818485,9160.0,-0.196653082966805,9160.0,-0.202004626393318,9160.0,-0.200473412871361,9160.0,-0.106894969940186,9160.0,-0.137832552194595,9160.0,-0.14855919778347,9160.0,-0.198090553283691,9160.0,-0.159606084227562,9160.0,-0.022089958190918,9160.0,-0.0881214141845703,9160.0,-0.126207545399666,9160.0,-0.140863806009293
9170.0,-0.21528597176075,9170.0,-0.209989070892334,9170.0,-0.224840685725212,9170.0,-0.120449639856815,9170.0,-0.184871777892113,9170.0,-0.20206718146801,9170.0,-0.173660859465599,9170.0,-0.18409052491188,9170.0,-0.198965549468994,9170.0,-0.114621542394161,9170.0,-0.196528062224388,9170.0,-0.201973438262939,9170.0,-0.20044994354248,9170.0,-0.106965258717537,9170.0,-0.137840375304222,9170.0,-0.14853572845459,9170.0,-0.198098376393318,9170.0,-0.159566983580589,9170.0,-0.0222930908203125,9170.0,-0.0878558158874512,9170.0,-0.126191899180412,9170.0,-0.140652850270271
9180.0,-0.215262517333031,9180.0,-0.209973439574242,9180.0,-0.22482505440712,9180.0,-0.120379351079464,9180.0,-0.184856131672859,9180.0,-0.202028080821037,9180.0,-0.17334833741188,9180.0,-0.184035882353783,9180.0,-0.198864087462425,9180.0,-0.114519976079464,9180.0,-0.196410939097404,9180.0,-0.201934337615967,9180.0,-0.200434312224388,9180.0,-0.107035540044308,9180.0,-0.137848183512688,9180.0,-0.148520097136497,9180.0,-0.198106199502945,9180.0,-0.159527972340584,9180.0,-0.0223633777350187,9180.0,-0.087590217590332,9180.0,-0.12617626786232,9180.0,-0.14044189453125
9190.0,-0.215231329202652,9190.0,-0.209949970245361,9190.0,-0.22480945289135,9190.0,-0.120301246643066,9190.0,-0.184840589761734,9190.0,-0.20199690759182,9190.0,-0.173027992248535,9190.0,-0.183988958597183,9190.0,-0.198754698038101,9190.0,-0.114418409764767,9190.0,-0.196293741464615,9190.0,-0.201903149485588,9190.0,-0.200410947203636,9190.0,-0.10709810256958,9190.0,-0.137856006622314,9190.0,-0.148496627807617,9190.0,-0.198114022612572,9190.0,-0.159488871693611,9190.0,-0.0224414821714163,9190.0,-0.0873479843139648,9190.0,-0.12615279853344,9190.0,-0.140246585011482
9200.0,-0.215207859873772,9200.0,-0.209934428334236,9200.0,-0.224785998463631,9200.0,-0.120223142206669,9200.0,-0.184817120432854,9200.0,-0.201965615153313,9200.0,-0.172715470194817,9200.0,-0.183942124247551,9200.0,-0.198653131723404,9200.0,-0.114324666559696,9200.0,-0.196176528930664,9200.0,-0.201864048838615,9200.0,-0.200387477874756,9200.0,-0.107152752578259,9200.0,-0.137863829731941,9200.0,-0.148473262786865,9200.0,-0.198106199502945,9200.0,-0.15944205224514,9200.0,-0.0223633777350187,9200.0,-0.0871057510375977,9200.0,-0.126137167215347,9200.0,-0.140059098601341
9210.0,-0.215176582336426,9210.0,-0.209918782114983,9210.0,-0.224770411849022,9210.0,-0.120160579681396,9210.0,-0.184801489114761,9210.0,-0.20192651450634,9210.0,-0.1723952293396,9210.0,-0.183887392282486,9210.0,-0.198551565408707,9210.0,-0.114230923354626,9210.0,-0.19606713950634,9210.0,-0.20183277130127,9210.0,-0.200371846556664,9210.0,-0.107199668884277,9210.0,-0.137871652841568,9210.0,-0.148457631468773,9210.0,-0.198098376393318,9210.0,-0.15937165915966,9210.0,-0.0222461707890034,9210.0,-0.0868636146187782,9210.0,-0.126113802194595,9210.0,-0.139895066618919
9220.0,-0.21514530479908,9220.0,-0.209895327687263,9220.0,-0.224746942520142,9220.0,-0.120090298354626,9220.0,-0.184778019785881,9220.0,-0.201887518167496,9220.0,-0.172074899077415,9220.0,-0.183840557932854,9220.0,-0.198457822203636,9220.0,-0.114137172698975,9220.0,-0.19594994187355,9220.0,-0.201793774962425,9220.0,-0.200348377227783,9220.0,-0.107238672673702,9220.0,-0.137879475951195,9220.0,-0.148441985249519,9220.0,-0.198075011372566,9220.0,-0.159317016601563,9220.0,-0.0221915245056152,9220.0,-0.0866292044520378,9220.0,-0.126098155975342,9220.0,-0.139738842844963
9230.0,-0.215121939778328,9230.0,-0.20987968146801,9230.0,-0.224731311202049,9230.0,-0.120020009577274,9230.0,-0.184754565358162,9230.0,-0.20185624063015,9230.0,-0.171762377023697,9230.0,-0.183785825967789,9230.0,-0.198364064097404,9230.0,-0.11405124515295,9230.0,-0.195840552449226,9230.0,-0.201762482523918,9230.0,-0.200332835316658,9230.0,-0.107269957661629,9230.0,-0.13789501786232,9230.0,-0.1484185308218,9230.0,-0.198051556944847,9230.0,-0.159254550933838,9230.0,-0.022285271435976,9230.0,-0.0864105224609375,9230.0,-0.126082524657249,9230.0,-0.139590367674828
9240.0,-0.215098485350609,9240.0,-0.209864050149918,9240.0,-0.224715709686279,9240.0,-0.119949631392956,9240.0,-0.18473120033741,9240.0,-0.201817139983177,9240.0,-0.171449854969978,9240.0,-0.183738991618156,9240.0,-0.198270320892334,9240.0,-0.113965228199959,9240.0,-0.195738986134529,9240.0,-0.201731204986572,9240.0,-0.200317189097404,9240.0,-0.107301138341427,9240.0,-0.137910649180412,9240.0,-0.148410707712173,9240.0,-0.198012456297874,9240.0,-0.159191995859146,9240.0,-0.0223711971193552,9240.0,-0.0861995741724968,9240.0,-0.126066878437996,9240.0,-0.13946533203125
9250.0,-0.215067192912102,9250.0,-0.209848403930664,9250.0,-0.224700078368187,9250.0,-0.119871519505978,9250.0,-0.184707745909691,9250.0,-0.201785951852798,9250.0,-0.171129509806633,9250.0,-0.183684259653091,9250.0,-0.198184296488762,9250.0,-0.113879300653934,9250.0,-0.195621877908707,9250.0,-0.201692208647728,9250.0,-0.200301557779312,9250.0,-0.10731678456068,9250.0,-0.137918472290039,9250.0,-0.14839506149292,9250.0,-0.197965621948242,9250.0,-0.159121707081795,9250.0,-0.0223555564880371,9250.0,-0.0859886184334755,9250.0,-0.126043424010277,9250.0,-0.139348223805428
9260.0,-0.215043738484383,9260.0,-0.209832862019539,9260.0,-0.224684432148933,9260.0,-0.119785599410534,9260.0,-0.184676453471184,9260.0,-0.201746851205826,9260.0,-0.170809268951416,9260.0,-0.183629617094994,9260.0,-0.198098376393318,9260.0,-0.11379337310791,9260.0,-0.195512488484383,9260.0,-0.201660916209221,9260.0,-0.200278088450432,9260.0,-0.1073402389884,9260.0,-0.137926295399666,9260.0,-0.148379430174828,9260.0,-0.19790306687355,9260.0,-0.159043595194817,9260.0,-0.0222774501889944,9260.0,-0.085785485804081,9260.0,-0.126027777791023,9260.0,-0.139238834381104
9270.0,-0.215012550354004,9270.0,-0.209817215800285,9270.0,-0.224668845534325,9270.0,-0.119707487523556,9270.0,-0.184652999043465,9270.0,-0.20171557366848,9270.0,-0.170496746897697,9270.0,-0.183582693338394,9270.0,-0.198012456297874,9270.0,-0.113715268671513,9270.0,-0.195410922169685,9270.0,-0.201629638671875,9270.0,-0.200262457132339,9270.0,-0.107355885207653,9270.0,-0.137941941618919,9270.0,-0.148363873362541,9270.0,-0.197840601205826,9270.0,-0.158965393900871,9270.0,-0.0221993457525969,9270.0,-0.0855901762843132,9270.0,-0.126012235879898,9270.0,-0.139145091176033
9280.0,-0.214989095926285,9280.0,-0.209793761372566,9280.0,-0.224653199315071,9280.0,-0.119637206196785,9280.0,-0.184629634022713,9280.0,-0.201676562428474,9280.0,-0.170176416635513,9280.0,-0.183528050780296,9280.0,-0.197934344410896,9280.0,-0.113637164235115,9280.0,-0.195301532745361,9280.0,-0.201598450541496,9280.0,-0.200246810913086,9280.0,-0.107371523976326,9280.0,-0.137957572937012,9280.0,-0.148348242044449,9280.0,-0.197762489318848,9280.0,-0.158879473805428,9280.0,-0.0222227107733488,9280.0,-0.0854026824235916,9280.0,-0.125988766551018,9280.0,-0.139059171080589
9290.0,-0.214957818388939,9290.0,-0.209778115153313,9290.0,-0.224637553095818,9290.0,-0.11955900490284,9290.0,-0.184598356485367,9290.0,-0.201637461781502,9290.0,-0.169863894581795,9290.0,-0.183473393321037,9290.0,-0.197856232523918,9290.0,-0.113559059798717,9290.0,-0.195199966430664,9290.0,-0.20156717300415,9290.0,-0.200231269001961,9290.0,-0.107410527765751,9290.0,-0.137965396046638,9290.0,-0.148340418934822,9290.0,-0.197668746113777,9290.0,-0.158793553709984,9290.0,-0.0222696308046579,9290.0,-0.08521518856287,9290.0,-0.125973135232925,9290.0,-0.138973146677017
9300.0,-0.21492663025856,9300.0,-0.20976248383522,9300.0,-0.224621966481209,9300.0,-0.119480900466442,9300.0,-0.184567078948021,9300.0,-0.201606273651123,9300.0,-0.169551476836205,9300.0,-0.183418661355972,9300.0,-0.197778135538101,9300.0,-0.113488674163818,9300.0,-0.195098400115967,9300.0,-0.201535895466805,9300.0,-0.200215622782707,9300.0,-0.107433989644051,9300.0,-0.137981042265892,9300.0,-0.148324772715569,9300.0,-0.19756717979908,9300.0,-0.158699795603752,9300.0,-0.0222539901733398,9300.0,-0.0850198790431023,9300.0,-0.125957489013672,9300.0,-0.138895034790039
9310.0,-0.21490316092968,9310.0,-0.209746941924095,9310.0,-0.224614143371582,9310.0,-0.119394972920418,9310.0,-0.184543713927269,9310.0,-0.201574996113777,9310.0,-0.169246777892113,9310.0,-0.18337182700634,9310.0,-0.197699934244156,9310.0,-0.113410569727421,9310.0,-0.19499683380127,9310.0,-0.201504707336426,9310.0,-0.200199991464615,9310.0,-0.107480905950069,9310.0,-0.13798876106739,9310.0,-0.148309141397476,9310.0,-0.197457790374756,9310.0,-0.158613875508308,9310.0,-0.0222461707890034,9310.0,-0.0848323851823807,9310.0,-0.125934034585953,9310.0,-0.138832569122314
9320.0,-0.214871883392334,9320.0,-0.209723472595215,9320.0,-0.224590688943863,9320.0,-0.119309045374393,9320.0,-0.184512421488762,9320.0,-0.201543718576431,9320.0,-0.168934255838394,9320.0,-0.183317095041275,9320.0,-0.197629645466805,9320.0,-0.113340280950069,9320.0,-0.194903090596199,9320.0,-0.20147342979908,9320.0,-0.200192168354988,9320.0,-0.107527732849121,9320.0,-0.138004407286644,9320.0,-0.148301318287849,9320.0,-0.197340592741966,9320.0,-0.158520132303238,9320.0,-0.0222070701420307,9320.0,-0.0846448913216591,9320.0,-0.125918492674828,9320.0,-0.138770014047623
9330.0,-0.214848428964615,9330.0,-0.209707841277122,9330.0,-0.224575087428093,9330.0,-0.119223117828369,9330.0,-0.184465512633324,9330.0,-0.201512530446053,9330.0,-0.168629556894302,9330.0,-0.183262452483177,9330.0,-0.197551533579826,9330.0,-0.113269999623299,9330.0,-0.194801524281502,9330.0,-0.201442152261734,9330.0,-0.200176522135735,9330.0,-0.107566833496094,9330.0,-0.138020038604736,9330.0,-0.148285672068596,9330.0,-0.197207733988762,9330.0,-0.158434197306633,9330.0,-0.0222305301576853,9330.0,-0.0844729468226433,9330.0,-0.125902846455574,9330.0,-0.138707548379898
9340.0,-0.214817240834236,9340.0,-0.209692195057869,9340.0,-0.224559456110001,9340.0,-0.119137190282345,9340.0,-0.184434324502945,9340.0,-0.201481252908707,9340.0,-0.168317034840584,9340.0,-0.183207705616951,9340.0,-0.197481259703636,9340.0,-0.113207437098026,9340.0,-0.194707781076431,9340.0,-0.201410964131355,9340.0,-0.200160890817642,9340.0,-0.107605837285519,9340.0,-0.138027861714363,9340.0,-0.148277953267097,9340.0,-0.197074994444847,9340.0,-0.158356100320816,9340.0,-0.0222696308046579,9340.0,-0.0842932686209679,9340.0,-0.125879392027855,9340.0,-0.1386529058218
9350.0,-0.214793786406517,9350.0,-0.209676548838615,9350.0,-0.224543809890747,9350.0,-0.119051270186901,9350.0,-0.184395223855972,9350.0,-0.201449975371361,9350.0,-0.168004512786865,9350.0,-0.183153063058853,9350.0,-0.197410866618156,9350.0,-0.113144971430302,9350.0,-0.194606214761734,9350.0,-0.201379686594009,9350.0,-0.200145244598389,9350.0,-0.107652761042118,9350.0,-0.138043507933617,9350.0,-0.148262307047844,9350.0,-0.196942135691643,9350.0,-0.158285722136497,9350.0,-0.0223242770880461,9350.0,-0.0841214209794998,9350.0,-0.125863745808601,9350.0,-0.138598158955574
9360.0,-0.21476249396801,9360.0,-0.209660917520523,9360.0,-0.22453598678112,9360.0,-0.118965245783329,9360.0,-0.184363946318626,9360.0,-0.201418682932854,9360.0,-0.167699813842773,9360.0,-0.183098316192627,9360.0,-0.197348400950432,9360.0,-0.113082505762577,9360.0,-0.194512471556664,9360.0,-0.201340585947037,9360.0,-0.200129702687263,9360.0,-0.107691764831543,9360.0,-0.138051316142082,9360.0,-0.148254498839378,9360.0,-0.196793749928474,9360.0,-0.158215433359146,9360.0,-0.0223242770880461,9360.0,-0.0839495658874512,9360.0,-0.125840291380882,9360.0,-0.138551339507103
9370.0,-0.214739128947258,9370.0,-0.209645375609398,9370.0,-0.224520400166512,9370.0,-0.118887141346931,9370.0,-0.184324935078621,9370.0,-0.201387509703636,9370.0,-0.167387396097183,9370.0,-0.183043673634529,9370.0,-0.197278127074242,9370.0,-0.113019943237305,9370.0,-0.194418713450432,9370.0,-0.201309397816658,9370.0,-0.200121879577637,9370.0,-0.107730865478516,9370.0,-0.138066962361336,9370.0,-0.148246675729752,9370.0,-0.196637436747551,9370.0,-0.158160790801048,9370.0,-0.022285271435976,9370.0,-0.0837932601571083,9370.0,-0.125824734568596,9370.0,-0.13851223886013
9380.0,-0.214707851409912,9380.0,-0.209629729390144,9380.0,-0.224504753947258,9380.0,-0.118801213800907,9380.0,-0.184285834431648,9380.0,-0.201356217265129,9380.0,-0.167082697153091,9380.0,-0.18299674987793,9380.0,-0.197215557098389,9380.0,-0.112965300679207,9380.0,-0.194324970245361,9380.0,-0.201278120279312,9380.0,-0.200106248259544,9380.0,-0.107762150466442,9380.0,-0.138082504272461,9380.0,-0.148231029510498,9380.0,-0.196489050984383,9380.0,-0.158090397715569,9380.0,-0.0222930908203125,9380.0,-0.0836214050650597,9380.0,-0.125801280140877,9380.0,-0.138473227620125
9390.0,-0.214676573872566,9390.0,-0.209614083170891,9390.0,-0.224489122629166,9390.0,-0.118715286254883,9390.0,-0.184246823191643,9390.0,-0.201324939727783,9390.0,-0.166770175099373,9390.0,-0.182942107319832,9390.0,-0.197153091430664,9390.0,-0.112902738153934,9390.0,-0.194223403930664,9390.0,-0.201246842741966,9390.0,-0.200098425149918,9390.0,-0.107801154255867,9390.0,-0.138090327382088,9390.0,-0.148223206400871,9390.0,-0.196332737803459,9390.0,-0.158027932047844,9390.0,-0.0222383495420218,9390.0,-0.0834651961922646,9390.0,-0.125785633921623,9390.0,-0.138434126973152
9400.0,-0.214653119444847,9400.0,-0.209598451852798,9400.0,-0.224473521113396,9400.0,-0.118629358708858,9400.0,-0.184215545654297,9400.0,-0.201293751597404,9400.0,-0.166465476155281,9400.0,-0.182887360453606,9400.0,-0.197090625762939,9400.0,-0.112848095595837,9400.0,-0.19413748383522,9400.0,-0.201215654611588,9400.0,-0.200082778930664,9400.0,-0.10784025490284,9400.0,-0.138105973601341,9400.0,-0.148215398192406,9400.0,-0.196184352040291,9400.0,-0.157988831400871,9400.0,-0.0221602451056242,9400.0,-0.0833167061209679,9400.0,-0.125762179493904,9400.0,-0.13839502632618
9410.0,-0.214621931314468,9410.0,-0.209582805633545,9410.0,-0.224457889795303,9410.0,-0.118543438613415,9410.0,-0.184176445007324,9410.0,-0.201262474060059,9410.0,-0.166152954101563,9410.0,-0.182832717895508,9410.0,-0.197028070688248,9410.0,-0.11279334872961,9410.0,-0.19404374063015,9410.0,-0.201192185282707,9410.0,-0.200074955821037,9410.0,-0.107879355549812,9410.0,-0.138113781809807,9410.0,-0.148199751973152,9410.0,-0.196035861968994,9410.0,-0.157949835062027,9410.0,-0.0220508575439453,9410.0,-0.0831761360168457,9410.0,-0.125746533274651,9410.0,-0.138363838195801
9420.0,-0.214598461985588,9420.0,-0.209567174315453,9420.0,-0.22444224357605,9420.0,-0.118449687957764,9420.0,-0.18413744866848,9420.0,-0.201231196522713,9420.0,-0.165840432047844,9420.0,-0.18277807533741,9420.0,-0.19697342813015,9420.0,-0.112738706171513,9420.0,-0.193957805633545,9420.0,-0.201168730854988,9420.0,-0.200059324502945,9420.0,-0.10791053622961,9420.0,-0.13812942802906,9420.0,-0.148191928863525,9420.0,-0.195887476205826,9420.0,-0.157910734415054,9420.0,-0.0220352169126272,9420.0,-0.0830276533961296,9420.0,-0.125730901956558,9420.0,-0.138332560658455
9430.0,-0.214567184448242,9430.0,-0.209551617503166,9430.0,-0.224426656961441,9430.0,-0.118363760411739,9430.0,-0.184098348021507,9430.0,-0.201200008392334,9430.0,-0.165535733103752,9430.0,-0.182723328471184,9430.0,-0.196918681263924,9430.0,-0.112684063613415,9430.0,-0.193864062428474,9430.0,-0.201145276427269,9430.0,-0.200051501393318,9430.0,-0.107949636876583,9430.0,-0.138137251138687,9430.0,-0.148184105753899,9430.0,-0.195738986134529,9430.0,-0.157879546284676,9430.0,-0.0219727512449026,9430.0,-0.0828869864344597,9430.0,-0.125707536935806,9430.0,-0.138301283121109
9440.0,-0.21454381942749,9440.0,-0.209535986185074,9440.0,-0.224411010742188,9440.0,-0.118277840316296,9440.0,-0.184059336781502,9440.0,-0.201168730854988,9440.0,-0.165223315358162,9440.0,-0.182676509022713,9440.0,-0.196856215596199,9440.0,-0.112637139856815,9440.0,-0.193778038024902,9440.0,-0.201129630208015,9440.0,-0.200035959482193,9440.0,-0.107988648116589,9440.0,-0.138152882456779,9440.0,-0.1481763869524,9440.0,-0.195590600371361,9440.0,-0.15784826874733,9440.0,-0.021949291229248,9440.0,-0.0827464088797569,9440.0,-0.125691890716553,9440.0,-0.138277918100357
9450.0,-0.214512541890144,9450.0,-0.20952033996582,9450.0,-0.224403187632561,9450.0,-0.118191815912724,9450.0,-0.184028059244156,9450.0,-0.201137453317642,9450.0,-0.164910793304443,9450.0,-0.182621762156487,9450.0,-0.196801573038101,9450.0,-0.112582497298717,9450.0,-0.193692117929459,9450.0,-0.201129630208015,9450.0,-0.200028136372566,9450.0,-0.108019925653934,9450.0,-0.138160705566406,9450.0,-0.148160740733147,9450.0,-0.195449933409691,9450.0,-0.157816991209984,9450.0,-0.0218477249145508,9450.0,-0.0826135650277138,9450.0,-0.125668436288834,9450.0,-0.138254448771477
9460.0,-0.214489087462425,9460.0,-0.209504708647728,9460.0,-0.224379777908325,9460.0,-0.118105888366699,9460.0,-0.183988958597183,9460.0,-0.201106265187263,9460.0,-0.164606094360352,9460.0,-0.182567119598389,9460.0,-0.196746826171875,9460.0,-0.112535573542118,9460.0,-0.193606182932854,9460.0,-0.201121807098389,9460.0,-0.200020313262939,9460.0,-0.10805120319128,9460.0,-0.13817635178566,9460.0,-0.148152932524681,9460.0,-0.195309355854988,9460.0,-0.157793521881104,9460.0,-0.0217539798468351,9460.0,-0.0824808105826378,9460.0,-0.12565279006958,9460.0,-0.138230994343758
9470.0,-0.214457795023918,9470.0,-0.209489062428474,9470.0,-0.224371954798698,9470.0,-0.118019960820675,9470.0,-0.183949947357178,9470.0,-0.201074987649918,9470.0,-0.16430139541626,9470.0,-0.182520195841789,9470.0,-0.196692183613777,9470.0,-0.11248093098402,9470.0,-0.19352026283741,9470.0,-0.201106265187263,9470.0,-0.200012490153313,9470.0,-0.108082488179207,9470.0,-0.138191893696785,9470.0,-0.148145109415054,9470.0,-0.195176512002945,9470.0,-0.157777979969978,9470.0,-0.0216915141791105,9470.0,-0.0823557898402214,9470.0,-0.125629425048828,9470.0,-0.138207539916039
9480.0,-0.214434430003166,9480.0,-0.209473416209221,9480.0,-0.224356323480606,9480.0,-0.117934040725231,9480.0,-0.183910846710205,9480.0,-0.201043710112572,9480.0,-0.163996696472168,9480.0,-0.182465553283691,9480.0,-0.196637436747551,9480.0,-0.112434007227421,9480.0,-0.193434342741966,9480.0,-0.201098442077637,9480.0,-0.200004681944847,9480.0,-0.108113668859005,9480.0,-0.138199716806412,9480.0,-0.148137286305428,9480.0,-0.195051476359367,9480.0,-0.157762333750725,9480.0,-0.0216445922851563,9480.0,-0.0822229385375977,9480.0,-0.125613793730736,9480.0,-0.138184070587158
9490.0,-0.21440315246582,9490.0,-0.209457784891129,9490.0,-0.224340677261353,9490.0,-0.11784029006958,9490.0,-0.183871746063232,9490.0,-0.201004698872566,9490.0,-0.163691997528076,9490.0,-0.182410821318626,9490.0,-0.19659061729908,9490.0,-0.112387180328369,9490.0,-0.193356230854988,9490.0,-0.201082810759544,9490.0,-0.199989035725594,9490.0,-0.108137130737305,9490.0,-0.138207539916039,9490.0,-0.148129463195801,9490.0,-0.194918736815453,9490.0,-0.157738879323006,9490.0,-0.0215899478644133,9490.0,-0.0820980072021484,9490.0,-0.125590324401855,9490.0,-0.138168528676033
9500.0,-0.214379698038101,9500.0,-0.209442242980003,9500.0,-0.224325090646744,9500.0,-0.11774654686451,9500.0,-0.183832749724388,9500.0,-0.20097342133522,9500.0,-0.163395121693611,9500.0,-0.182356163859367,9500.0,-0.196535870432854,9500.0,-0.11234026402235,9500.0,-0.193270310759544,9500.0,-0.201059341430664,9500.0,-0.199981212615967,9500.0,-0.108160592615604,9500.0,-0.138223171234131,9500.0,-0.148121640086174,9500.0,-0.194801524281502,9500.0,-0.157723233103752,9500.0,-0.0216602329164743,9500.0,-0.0819729790091515,9500.0,-0.125574693083763,9500.0,-0.138145074248314
9510.0,-0.214348509907722,9510.0,-0.20942659676075,9510.0,-0.22430944442749,9510.0,-0.117652796208858,9510.0,-0.183801457285881,9510.0,-0.20094995200634,9510.0,-0.163090422749519,9510.0,-0.182301431894302,9510.0,-0.196489050984383,9510.0,-0.112293437123299,9510.0,-0.193184286355972,9510.0,-0.201035887002945,9510.0,-0.19997338950634,9510.0,-0.108191780745983,9510.0,-0.138230994343758,9510.0,-0.148113831877708,9510.0,-0.194692134857178,9510.0,-0.157715424895287,9510.0,-0.0216836929321289,9510.0,-0.081863597035408,9510.0,-0.125551223754883,9510.0,-0.13812942802906
9520.0,-0.214325055480003,9520.0,-0.209410950541496,9520.0,-0.224293813109398,9520.0,-0.117559053003788,9520.0,-0.183762460947037,9520.0,-0.200910955667496,9520.0,-0.162793546915054,9520.0,-0.18225459754467,9520.0,-0.196442127227783,9520.0,-0.112254336476326,9520.0,-0.193106174468994,9520.0,-0.201012521982193,9520.0,-0.199965581297874,9520.0,-0.108215235173702,9520.0,-0.138246640563011,9520.0,-0.148106008768082,9520.0,-0.194582745432854,9520.0,-0.157699778676033,9520.0,-0.0217539798468351,9520.0,-0.0817463919520378,9520.0,-0.12553559243679,9520.0,-0.138113781809807
9530.0,-0.214301586151123,9530.0,-0.209395319223404,9530.0,-0.224278211593628,9530.0,-0.117465309798717,9530.0,-0.183731183409691,9530.0,-0.20087967813015,9530.0,-0.162496671080589,9530.0,-0.182199865579605,9530.0,-0.196387484669685,9530.0,-0.112215235829353,9530.0,-0.193028077483177,9530.0,-0.200996875762939,9530.0,-0.199957758188248,9530.0,-0.108246520161629,9530.0,-0.138254448771477,9530.0,-0.148098185658455,9530.0,-0.194473370909691,9530.0,-0.157684236764908,9530.0,-0.0216915141791105,9530.0,-0.081629179418087,9530.0,-0.125512227416039,9530.0,-0.138090327382088
9540.0,-0.214270308613777,9540.0,-0.20937967300415,9540.0,-0.224262580275536,9540.0,-0.117371559143066,9540.0,-0.183692082762718,9540.0,-0.200848385691643,9540.0,-0.162192061543465,9540.0,-0.182145223021507,9540.0,-0.196340560913086,9540.0,-0.112176232039928,9540.0,-0.192942142486572,9540.0,-0.20097342133522,9540.0,-0.199949935078621,9540.0,-0.108262158930302,9540.0,-0.138262271881104,9540.0,-0.148090362548828,9540.0,-0.194379612803459,9540.0,-0.157582670450211,9540.0,-0.0218008998781443,9540.0,-0.0815197974443436,9540.0,-0.125496581196785,9540.0,-0.138066962361336
9550.0,-0.214246943593025,9550.0,-0.209364041686058,9550.0,-0.224246934056282,9550.0,-0.117269992828369,9550.0,-0.183660894632339,9550.0,-0.200809389352798,9550.0,-0.161895185709,9550.0,-0.182090565562248,9550.0,-0.196293741464615,9550.0,-0.112137131392956,9550.0,-0.192864045500755,9550.0,-0.200957775115967,9550.0,-0.199942216277122,9550.0,-0.108285523951054,9550.0,-0.13827009499073,9550.0,-0.148082539439201,9550.0,-0.194285869598389,9550.0,-0.157551392912865,9550.0,-0.0218555461615324,9550.0,-0.0814105048775673,9550.0,-0.125480934977531,9550.0,-0.138051316142082
9560.0,-0.214223489165306,9560.0,-0.209356218576431,9560.0,-0.224231347441673,9560.0,-0.117168426513672,9560.0,-0.183621793985367,9560.0,-0.200785920023918,9560.0,-0.161598309874535,9560.0,-0.18204365670681,9560.0,-0.196246817708015,9560.0,-0.11209812015295,9560.0,-0.192785933613777,9560.0,-0.200942143797874,9560.0,-0.199934393167496,9560.0,-0.1083168014884,9560.0,-0.138277918100357,9560.0,-0.148074820637703,9560.0,-0.194199949502945,9560.0,-0.157551392912865,9560.0,-0.0219805724918842,9560.0,-0.08130893856287,9560.0,-0.125457480549812,9560.0,-0.138027861714363
9570.0,-0.214192196726799,9570.0,-0.209340676665306,9570.0,-0.22421570122242,9570.0,-0.117082498967648,9570.0,-0.183590516448021,9570.0,-0.200746819376945,9570.0,-0.161309242248535,9570.0,-0.181988999247551,9570.0,-0.196199998259544,9570.0,-0.112059019505978,9570.0,-0.192707732319832,9570.0,-0.200918778777122,9570.0,-0.199918746948242,9570.0,-0.108332447707653,9570.0,-0.138293460011482,9570.0,-0.148066997528076,9570.0,-0.19411401450634,9570.0,-0.157551392912865,9570.0,-0.0220040325075388,9570.0,-0.0812073722481728,9570.0,-0.125441834330559,9570.0,-0.13801221549511
9580.0,-0.21416874229908,9580.0,-0.209317207336426,9580.0,-0.224192246794701,9580.0,-0.116988755762577,9580.0,-0.183551505208015,9580.0,-0.200715646147728,9580.0,-0.16101236641407,9580.0,-0.181934267282486,9580.0,-0.196160897612572,9580.0,-0.112019918859005,9580.0,-0.192629620432854,9580.0,-0.200895309448242,9580.0,-0.199910923838615,9580.0,-0.108363725244999,9580.0,-0.138301283121109,9580.0,-0.148059174418449,9580.0,-0.19404374063015,9580.0,-0.157551392912865,9580.0,-0.0220508575439453,9580.0,-0.0811136290431023,9580.0,-0.125426292419434,9580.0,-0.13798876106739
9590.0,-0.214145377278328,9590.0,-0.209309384226799,9590.0,-0.224176645278931,9590.0,-0.116902828216553,9590.0,-0.18352022767067,9590.0,-0.200692176818848,9590.0,-0.160723313689232,9590.0,-0.181887432932854,9590.0,-0.196114063262939,9590.0,-0.111988738179207,9590.0,-0.192559346556664,9590.0,-0.200871855020523,9590.0,-0.19990311563015,9590.0,-0.108387090265751,9590.0,-0.138309106230736,9590.0,-0.148051366209984,9590.0,-0.19397334754467,9590.0,-0.157551392912865,9590.0,-0.0221837051212788,9590.0,-0.0810198783874512,9590.0,-0.125402837991714,9590.0,-0.137973219156265
9600.0,-0.214114099740982,9600.0,-0.209293752908707,9600.0,-0.224161013960838,9600.0,-0.116824626922607,9600.0,-0.183488950133324,9600.0,-0.200660899281502,9600.0,-0.160434246063232,9600.0,-0.181832700967789,9600.0,-0.196074962615967,9600.0,-0.111949637532234,9600.0,-0.192481234669685,9600.0,-0.200848385691643,9600.0,-0.199895292520523,9600.0,-0.108410552144051,9600.0,-0.138316914439201,9600.0,-0.148043543100357,9600.0,-0.193910881876945,9600.0,-0.157543569803238,9600.0,-0.0223008152097464,9600.0,-0.0809338614344597,9600.0,-0.125387191772461,9600.0,-0.137949749827385
9610.0,-0.214090630412102,9610.0,-0.209278106689453,9610.0,-0.224145367741585,9610.0,-0.11674652248621,9610.0,-0.183457762002945,9610.0,-0.200629711151123,9610.0,-0.160145089030266,9610.0,-0.181785866618156,9610.0,-0.196035861968994,9610.0,-0.111918352544308,9610.0,-0.19240303337574,9610.0,-0.200825020670891,9610.0,-0.199887469410896,9610.0,-0.10843401402235,9610.0,-0.138324737548828,9610.0,-0.14803571999073,9610.0,-0.193848416209221,9610.0,-0.157535746693611,9610.0,-0.0223790165036917,9610.0,-0.0808479338884354,9610.0,-0.125371560454369,9610.0,-0.137926295399666
9620.0,-0.214067175984383,9620.0,-0.209262475371361,9620.0,-0.224129781126976,9620.0,-0.116676233708858,9620.0,-0.183418661355972,9620.0,-0.200606256723404,9620.0,-0.159856036305428,9620.0,-0.181731134653091,9620.0,-0.195989042520523,9620.0,-0.111879348754883,9620.0,-0.192324921488762,9620.0,-0.200801566243172,9620.0,-0.19987964630127,9620.0,-0.108457468450069,9620.0,-0.138332560658455,9620.0,-0.148027896881104,9620.0,-0.193793684244156,9620.0,-0.157527923583984,9620.0,-0.0222539901733398,9620.0,-0.080762006342411,9620.0,-0.125348091125488,9620.0,-0.137902840971947
9630.0,-0.214043810963631,9630.0,-0.209246918559074,9630.0,-0.224114134907722,9630.0,-0.116598129272461,9630.0,-0.183395192027092,9630.0,-0.200574979186058,9630.0,-0.159566983580589,9630.0,-0.181684300303459,9630.0,-0.19594994187355,9630.0,-0.111848071217537,9630.0,-0.192254647612572,9630.0,-0.200778111815453,9630.0,-0.19987964630127,9630.0,-0.108480833470821,9630.0,-0.138340383768082,9630.0,-0.148020073771477,9630.0,-0.19375467300415,9630.0,-0.157535746693611,9630.0,-0.0222618114203215,9630.0,-0.0806839019060135,9630.0,-0.125332549214363,9630.0,-0.137879475951195
9640.0,-0.214020356535912,9640.0,-0.209239110350609,9640.0,-0.224106311798096,9640.0,-0.116512201726437,9640.0,-0.183364018797874,9640.0,-0.200551509857178,9640.0,-0.159285739064217,9640.0,-0.181629568338394,9640.0,-0.195910930633545,9640.0,-0.11181678622961,9640.0,-0.192176535725594,9640.0,-0.200754642486572,9640.0,-0.199871823191643,9640.0,-0.108504295349121,9640.0,-0.138348206877708,9640.0,-0.148020073771477,9640.0,-0.193707749247551,9640.0,-0.157527923583984,9640.0,-0.0221758838742971,9640.0,-0.0805979743599892,9640.0,-0.12531690299511,9640.0,-0.137863829731941
9650.0,-0.213996887207031,9650.0,-0.209223464131355,9650.0,-0.224090680480003,9650.0,-0.116434000432491,9650.0,-0.183332726359367,9650.0,-0.200528144836426,9650.0,-0.159004494547844,9650.0,-0.181582733988762,9650.0,-0.195871829986572,9650.0,-0.111785605549812,9650.0,-0.192106157541275,9650.0,-0.200723454356194,9650.0,-0.199864014983177,9650.0,-0.108535580337048,9650.0,-0.138348206877708,9650.0,-0.148004442453384,9650.0,-0.193668752908707,9650.0,-0.157527923583984,9650.0,-0.0222539901733398,9650.0,-0.0805120468139648,9650.0,-0.125301271677017,9650.0,-0.137832552194595
9660.0,-0.213965609669685,9660.0,-0.209207817912102,9660.0,-0.224067255854607,9660.0,-0.116348080337048,9660.0,-0.183301448822021,9660.0,-0.20049686729908,9660.0,-0.158723264932632,9660.0,-0.181528002023697,9660.0,-0.1958327293396,9660.0,-0.111754320561886,9660.0,-0.192035868763924,9660.0,-0.200699999928474,9660.0,-0.19985619187355,9660.0,-0.108559034764767,9660.0,-0.138356015086174,9660.0,-0.148004442453384,9660.0,-0.193637475371361,9660.0,-0.157527923583984,9660.0,-0.0223946571350098,9660.0,-0.0804416686296463,9660.0,-0.125285625457764,9660.0,-0.137801274657249
9670.0,-0.213942244648933,9670.0,-0.209192186594009,9670.0,-0.224059447646141,9670.0,-0.116277791559696,9670.0,-0.183270260691643,9670.0,-0.200473412871361,9670.0,-0.15844202041626,9670.0,-0.181481167674065,9670.0,-0.195793733000755,9670.0,-0.11172304302454,9670.0,-0.191965579986572,9670.0,-0.200668722391129,9670.0,-0.199848368763924,9670.0,-0.108574584126472,9670.0,-0.138363838195801,9670.0,-0.147996619343758,9670.0,-0.193606182932854,9670.0,-0.157527923583984,9670.0,-0.0224727634340525,9670.0,-0.0803635641932487,9670.0,-0.125262171030045,9670.0,-0.137777909636497
9680.0,-0.213918790221214,9680.0,-0.209176540374756,9680.0,-0.224036023020744,9680.0,-0.116191864013672,9680.0,-0.183238983154297,9680.0,-0.200442120432854,9680.0,-0.158160790801048,9680.0,-0.181426435709,9680.0,-0.195754632353783,9680.0,-0.111691854894161,9680.0,-0.191887483000755,9680.0,-0.200645253062248,9680.0,-0.199840649962425,9680.0,-0.108590222895145,9680.0,-0.138371661305428,9680.0,-0.147988796234131,9680.0,-0.193590551614761,9680.0,-0.157527923583984,9680.0,-0.022675896063447,9680.0,-0.0802854523062706,9680.0,-0.125246524810791,9680.0,-0.137754440307617
9690.0,-0.213895320892334,9690.0,-0.209168717265129,9690.0,-0.224028214812279,9690.0,-0.116113759577274,9690.0,-0.183215528726578,9690.0,-0.200418755412102,9690.0,-0.157887265086174,9690.0,-0.181379601359367,9690.0,-0.195715621113777,9690.0,-0.111660577356815,9690.0,-0.191817089915276,9690.0,-0.200621888041496,9690.0,-0.199832826852798,9690.0,-0.108582399785519,9690.0,-0.138379380106926,9690.0,-0.147981077432632,9690.0,-0.193567186594009,9690.0,-0.157527923583984,9690.0,-0.0227852817624807,9690.0,-0.0802151709794998,9690.0,-0.125230982899666,9690.0,-0.137730985879898
9700.0,-0.213871866464615,9700.0,-0.209153175354004,9700.0,-0.224004745483398,9700.0,-0.116043381392956,9700.0,-0.183184251189232,9700.0,-0.200395300984383,9700.0,-0.157606035470963,9700.0,-0.181324869394302,9700.0,-0.195668697357178,9700.0,-0.111629299819469,9700.0,-0.191746816039085,9700.0,-0.20059061050415,9700.0,-0.199832826852798,9700.0,-0.108605861663818,9700.0,-0.138387203216553,9700.0,-0.147973254323006,9700.0,-0.193551540374756,9700.0,-0.157527923583984,9700.0,-0.0228477474302053,9700.0,-0.0801370665431023,9700.0,-0.125215336680412,9700.0,-0.137707516551018
9710.0,-0.213848501443863,9710.0,-0.209137544035912,9710.0,-0.223989114165306,9710.0,-0.115965269505978,9710.0,-0.18316088616848,9710.0,-0.200371846556664,9710.0,-0.15732479095459,9710.0,-0.18127803504467,9710.0,-0.195637419819832,9710.0,-0.111598111689091,9710.0,-0.191684350371361,9710.0,-0.200567156076431,9710.0,-0.199825003743172,9710.0,-0.108629323542118,9710.0,-0.13839502632618,9710.0,-0.147973254323006,9710.0,-0.193543717265129,9710.0,-0.157535746693611,9710.0,-0.0227930080145597,9710.0,-0.0800666809082031,9710.0,-0.12519970536232,9710.0,-0.137684151530266
9720.0,-0.213825032114983,9720.0,-0.209129720926285,9720.0,-0.223973467946053,9720.0,-0.11588716506958,9720.0,-0.183129593729973,9720.0,-0.200348377227783,9720.0,-0.157051369547844,9720.0,-0.181231126189232,9720.0,-0.195598408579826,9720.0,-0.111574649810791,9720.0,-0.191613957285881,9720.0,-0.200543686747551,9720.0,-0.199817180633545,9720.0,-0.108644962310791,9720.0,-0.13839502632618,9720.0,-0.147965431213379,9720.0,-0.193535909056664,9720.0,-0.157535746693611,9720.0,-0.0227852817624807,9720.0,-0.0799963995814323,9720.0,-0.125184059143066,9720.0,-0.13765287399292
9730.0,-0.213801577687263,9730.0,-0.209114074707031,9730.0,-0.223957926034927,9730.0,-0.115816883742809,9730.0,-0.183106139302254,9730.0,-0.200325012207031,9730.0,-0.156777963042259,9730.0,-0.181176468729973,9730.0,-0.19556713104248,9730.0,-0.111543372273445,9730.0,-0.191543683409691,9730.0,-0.200512513518333,9730.0,-0.199809357523918,9730.0,-0.108660601079464,9730.0,-0.138402849435806,9730.0,-0.147957608103752,9730.0,-0.193528085947037,9730.0,-0.157535746693611,9730.0,-0.0227305423468351,9730.0,-0.079926110804081,9730.0,-0.125168427824974,9730.0,-0.137629419565201
9740.0,-0.213770300149918,9740.0,-0.209098443388939,9740.0,-0.223942279815674,9740.0,-0.11574649810791,9740.0,-0.183074951171875,9740.0,-0.200301557779312,9740.0,-0.156504541635513,9740.0,-0.181129559874535,9740.0,-0.195528134703636,9740.0,-0.111512184143066,9740.0,-0.191473394632339,9740.0,-0.200489044189453,9740.0,-0.199809357523918,9740.0,-0.108683966100216,9740.0,-0.138410672545433,9740.0,-0.147949799895287,9740.0,-0.19352026283741,9740.0,-0.157535746693611,9740.0,-0.0228164680302143,9740.0,-0.0798557326197624,9740.0,-0.125160604715347,9740.0,-0.13760595023632
9750.0,-0.213746935129166,9750.0,-0.209082797169685,9750.0,-0.223926648497581,9750.0,-0.115668393671513,9750.0,-0.183051496744156,9750.0,-0.200278088450432,9750.0,-0.1562310308218,9750.0,-0.181082725524902,9750.0,-0.195496842265129,9750.0,-0.111488722264767,9750.0,-0.191403105854988,9750.0,-0.200457766652107,9750.0,-0.199801549315453,9750.0,-0.108707427978516,9750.0,-0.138418480753899,9750.0,-0.147949799895287,9750.0,-0.193528085947037,9750.0,-0.157535746693611,9750.0,-0.022886848077178,9750.0,-0.079785443842411,9750.0,-0.125137239694595,9750.0,-0.137574777007103
9760.0,-0.213723465800285,9760.0,-0.209067150950432,9760.0,-0.223911002278328,9760.0,-0.115590289235115,9760.0,-0.183028027415276,9760.0,-0.200262457132339,9760.0,-0.155957609415054,9760.0,-0.181027993559837,9760.0,-0.195457741618156,9760.0,-0.111457444727421,9760.0,-0.191340550780296,9760.0,-0.200434312224388,9760.0,-0.199793726205826,9760.0,-0.108723066747189,9760.0,-0.138418480753899,9760.0,-0.14794197678566,9760.0,-0.193528085947037,9760.0,-0.157535746693611,9760.0,-0.0229649543762207,9760.0,-0.0797151550650597,9760.0,-0.125129416584969,9760.0,-0.137543484568596
9770.0,-0.213700011372566,9770.0,-0.209059432148933,9770.0,-0.223895356059074,9770.0,-0.115512184798717,9770.0,-0.183004572987556,9770.0,-0.200238987803459,9770.0,-0.155692011117935,9770.0,-0.180981159210205,9770.0,-0.195426568388939,9770.0,-0.111426167190075,9770.0,-0.191270262002945,9770.0,-0.200403124094009,9770.0,-0.199785903096199,9770.0,-0.108738712966442,9770.0,-0.138426303863525,9770.0,-0.147934153676033,9770.0,-0.193535909056664,9770.0,-0.157535746693611,9770.0,-0.0229883193969727,9770.0,-0.0796370506286621,9770.0,-0.125105962157249,9770.0,-0.137520030140877
9780.0,-0.213676556944847,9780.0,-0.20904378592968,9780.0,-0.223871901631355,9780.0,-0.115434072911739,9780.0,-0.182973384857178,9780.0,-0.200215622782707,9780.0,-0.155418589711189,9780.0,-0.180934235453606,9780.0,-0.195395275950432,9780.0,-0.111402802169323,9780.0,-0.19120779633522,9780.0,-0.200379654765129,9780.0,-0.199785903096199,9780.0,-0.108746528625488,9780.0,-0.138426303863525,9780.0,-0.147926330566406,9780.0,-0.193543717265129,9780.0,-0.157527923583984,9780.0,-0.0229336749762297,9780.0,-0.0795666724443436,9780.0,-0.125098139047623,9780.0,-0.137488842010498
9790.0,-0.213653191924095,9790.0,-0.209028154611588,9790.0,-0.223864182829857,9790.0,-0.115355871617794,9790.0,-0.182957753539085,9790.0,-0.200199991464615,9790.0,-0.155152902007103,9790.0,-0.180879592895508,9790.0,-0.195356175303459,9790.0,-0.111371517181396,9790.0,-0.191137418150902,9790.0,-0.20035620033741,9790.0,-0.199778079986572,9790.0,-0.108762167394161,9790.0,-0.138434126973152,9790.0,-0.147926330566406,9790.0,-0.193559363484383,9790.0,-0.157535746693611,9790.0,-0.022894574329257,9790.0,-0.079504206776619,9790.0,-0.125082492828369,9790.0,-0.137465387582779
9800.0,-0.213637545704842,9800.0,-0.209020331501961,9800.0,-0.223848536610603,9800.0,-0.115285590291023,9800.0,-0.182934284210205,9800.0,-0.200184345245361,9800.0,-0.154879480600357,9800.0,-0.180832669138908,9800.0,-0.195332810282707,9800.0,-0.111348055303097,9800.0,-0.191074952483177,9800.0,-0.200332835316658,9800.0,-0.199778079986572,9800.0,-0.108777716755867,9800.0,-0.138441950082779,9800.0,-0.147918507456779,9800.0,-0.193574905395508,9800.0,-0.157543569803238,9800.0,-0.0228242874145508,9800.0,-0.0794417411088943,9800.0,-0.125066861510277,9800.0,-0.137434110045433
9810.0,-0.213614091277122,9810.0,-0.209004685282707,9810.0,-0.22383289039135,9810.0,-0.115207485854626,9810.0,-0.182910829782486,9810.0,-0.200168713927269,9810.0,-0.154613882303238,9810.0,-0.180785849690437,9810.0,-0.195301532745361,9810.0,-0.111324600875378,9810.0,-0.191012486815453,9810.0,-0.200309380888939,9810.0,-0.199770256876945,9810.0,-0.108785532414913,9810.0,-0.138449773192406,9810.0,-0.147910699248314,9810.0,-0.193590551614761,9810.0,-0.157543569803238,9810.0,-0.0228008273988962,9810.0,-0.0793870016932487,9810.0,-0.12505903840065,9810.0,-0.137410640716553
9820.0,-0.213590621948242,9820.0,-0.208996877074242,9820.0,-0.223817259073257,9820.0,-0.115121558308601,9820.0,-0.182887360453606,9820.0,-0.200145244598389,9820.0,-0.154348284006119,9820.0,-0.180738925933838,9820.0,-0.195270255208015,9820.0,-0.111301235854626,9820.0,-0.1909499168396,9820.0,-0.200278088450432,9820.0,-0.19976244866848,9820.0,-0.108801178634167,9820.0,-0.138449773192406,9820.0,-0.147910699248314,9820.0,-0.19361400604248,9820.0,-0.157551392912865,9820.0,-0.022714901715517,9820.0,-0.0793245360255241,9820.0,-0.125043392181396,9820.0,-0.137379452586174
9830.0,-0.21356725692749,9830.0,-0.208981230854988,9830.0,-0.223801612854004,9830.0,-0.115035630762577,9830.0,-0.182863995432854,9830.0,-0.200129702687263,9830.0,-0.154082581400871,9830.0,-0.180692106485367,9830.0,-0.19523897767067,9830.0,-0.111277773976326,9830.0,-0.190887451171875,9830.0,-0.200254634022713,9830.0,-0.19976244866848,9830.0,-0.10881681740284,9830.0,-0.138457581400871,9830.0,-0.147902876138687,9830.0,-0.193637475371361,9830.0,-0.15755920112133,9830.0,-0.0226680766791105,9830.0,-0.0792619735002518,9830.0,-0.125027850270271,9830.0,-0.137348175048828
9840.0,-0.213543802499771,9840.0,-0.208965584635735,9840.0,-0.223785981535912,9840.0,-0.114965252578259,9840.0,-0.182848364114761,9840.0,-0.20011405646801,9840.0,-0.153816983103752,9840.0,-0.180645182728767,9840.0,-0.195207789540291,9840.0,-0.111254312098026,9840.0,-0.190817162394524,9840.0,-0.200223445892334,9840.0,-0.199754625558853,9840.0,-0.108832456171513,9840.0,-0.138465404510498,9840.0,-0.14789505302906,9840.0,-0.193653106689453,9840.0,-0.15755920112133,9840.0,-0.0226915366947651,9840.0,-0.0792073234915733,9840.0,-0.125012204051018,9840.0,-0.137316897511482
9850.0,-0.213520333170891,9850.0,-0.208957865834236,9850.0,-0.223770335316658,9850.0,-0.114879325032234,9850.0,-0.182824894785881,9850.0,-0.200090602040291,9850.0,-0.15355920791626,9850.0,-0.180598363280296,9850.0,-0.195176512002945,9850.0,-0.111230850219727,9850.0,-0.190754607319832,9850.0,-0.200207814574242,9850.0,-0.199746891856194,9850.0,-0.108848094940186,9850.0,-0.138473227620125,9850.0,-0.14789505302906,9850.0,-0.193684294819832,9850.0,-0.157567024230957,9850.0,-0.0227774623781443,9850.0,-0.0791448578238487,9850.0,-0.125004395842552,9850.0,-0.137285709381104
9860.0,-0.213496878743172,9860.0,-0.208942219614983,9860.0,-0.223754793405533,9860.0,-0.114809036254883,9860.0,-0.182809263467789,9860.0,-0.200074955821037,9860.0,-0.1533013433218,9860.0,-0.180551439523697,9860.0,-0.195145234465599,9860.0,-0.111207485198975,9860.0,-0.190692141652107,9860.0,-0.200176522135735,9860.0,-0.199746891856194,9860.0,-0.108863733708858,9860.0,-0.138473227620125,9860.0,-0.147887229919434,9860.0,-0.193707749247551,9860.0,-0.157574847340584,9860.0,-0.0227070804685354,9860.0,-0.0790901184082031,9860.0,-0.124988749623299,9860.0,-0.137262254953384
9870.0,-0.213481232523918,9870.0,-0.208934411406517,9870.0,-0.223739147186279,9870.0,-0.114738754928112,9870.0,-0.182785898447037,9870.0,-0.200059324502945,9870.0,-0.153043553233147,9870.0,-0.180504605174065,9870.0,-0.19511404633522,9870.0,-0.111184023320675,9870.0,-0.190629675984383,9870.0,-0.200153067708015,9870.0,-0.199739083647728,9870.0,-0.108879283070564,9870.0,-0.138480946421623,9870.0,-0.147879511117935,9870.0,-0.193739041686058,9870.0,-0.157574847340584,9870.0,-0.022714901715517,9870.0,-0.0790354758501053,9870.0,-0.124980926513672,9870.0,-0.137230977416039
9880.0,-0.213457867503166,9880.0,-0.208918765187263,9880.0,-0.223723515868187,9880.0,-0.11467619240284,9880.0,-0.182770252227783,9880.0,-0.200043678283691,9880.0,-0.152785778045654,9880.0,-0.180449873209,9880.0,-0.195082768797874,9880.0,-0.111160568892956,9880.0,-0.190567120909691,9880.0,-0.200121879577637,9880.0,-0.199731260538101,9880.0,-0.108894921839237,9880.0,-0.138480946421623,9880.0,-0.147879511117935,9880.0,-0.193762496113777,9880.0,-0.157582670450211,9880.0,-0.0225899703800678,9880.0,-0.0789807364344597,9880.0,-0.124965287744999,9880.0,-0.13719978928566
9890.0,-0.213434413075447,9890.0,-0.20890311896801,9890.0,-0.223707869648933,9890.0,-0.114605903625488,9890.0,-0.182754620909691,9890.0,-0.200028136372566,9890.0,-0.152527913451195,9890.0,-0.180403038859367,9890.0,-0.195059299468994,9890.0,-0.111144922673702,9890.0,-0.190512463450432,9890.0,-0.200098425149918,9890.0,-0.199731260538101,9890.0,-0.10891056060791,9890.0,-0.13848876953125,9890.0,-0.147871688008308,9890.0,-0.193793684244156,9890.0,-0.157590493559837,9890.0,-0.0225665103644133,9890.0,-0.0789260864257813,9890.0,-0.124957464635372,9890.0,-0.137176319956779
9900.0,-0.213410958647728,9900.0,-0.208895310759544,9900.0,-0.22369222342968,9900.0,-0.114535622298717,9900.0,-0.182731151580811,9900.0,-0.200004681944847,9900.0,-0.152270123362541,9900.0,-0.180356130003929,9900.0,-0.195028111338615,9900.0,-0.11112155765295,9900.0,-0.19044990837574,9900.0,-0.200074955821037,9900.0,-0.199731260538101,9900.0,-0.10893402248621,9900.0,-0.138496592640877,9900.0,-0.147871688008308,9900.0,-0.193824961781502,9900.0,-0.157598212361336,9900.0,-0.0226367954164743,9900.0,-0.0788713470101357,9900.0,-0.124941922724247,9900.0,-0.137145042419434
9910.0,-0.213387489318848,9910.0,-0.208879664540291,9910.0,-0.223676592111588,9910.0,-0.114473059773445,9910.0,-0.182715520262718,9910.0,-0.199989035725594,9910.0,-0.152020081877708,9910.0,-0.180317118763924,9910.0,-0.19499683380127,9910.0,-0.111105918884277,9910.0,-0.190387442708015,9910.0,-0.200051501393318,9910.0,-0.199723437428474,9910.0,-0.108949661254883,9910.0,-0.138496592640877,9910.0,-0.147863864898682,9910.0,-0.193856239318848,9910.0,-0.157606035470963,9910.0,-0.0227070804685354,9910.0,-0.078824520111084,9910.0,-0.12493409961462,9910.0,-0.137113764882088
9920.0,-0.213371947407722,9920.0,-0.208871841430664,9920.0,-0.223668858408928,9920.0,-0.114402770996094,9920.0,-0.182699874043465,9920.0,-0.19997338950634,9920.0,-0.151762291789055,9920.0,-0.180262371897697,9920.0,-0.19497337937355,9920.0,-0.111082457005978,9920.0,-0.190324977040291,9920.0,-0.200020313262939,9920.0,-0.199715614318848,9920.0,-0.108965210616589,9920.0,-0.138504415750504,9920.0,-0.147856041789055,9920.0,-0.1938796043396,9920.0,-0.157613858580589,9920.0,-0.0228008273988962,9920.0,-0.0787697806954384,9920.0,-0.124918460845947,9920.0,-0.137082576751709
9930.0,-0.213348492980003,9930.0,-0.208856299519539,9930.0,-0.223653227090836,9930.0,-0.114340305328369,9930.0,-0.182684332132339,9930.0,-0.199957758188248,9930.0,-0.151512339711189,9930.0,-0.180223375558853,9930.0,-0.194942191243172,9930.0,-0.111066818237305,9930.0,-0.190270230174065,9930.0,-0.19999685883522,9930.0,-0.199715614318848,9930.0,-0.108980849385262,9930.0,-0.13851223886013,9930.0,-0.147856041789055,9930.0,-0.193918704986572,9930.0,-0.157621666789055,9930.0,-0.0228321086615324,9930.0,-0.0787229537963867,9930.0,-0.124910645186901,9930.0,-0.13705912232399
9940.0,-0.21333284676075,9940.0,-0.208848476409912,9940.0,-0.223637580871582,9940.0,-0.114269927144051,9940.0,-0.182668685913086,9940.0,-0.199942216277122,9940.0,-0.151254460215569,9940.0,-0.180176451802254,9940.0,-0.194918736815453,9940.0,-0.111043356359005,9940.0,-0.19020776450634,9940.0,-0.19997338950634,9940.0,-0.199707791209221,9940.0,-0.108988665044308,9940.0,-0.13851223886013,9940.0,-0.147848233580589,9940.0,-0.193949982523918,9940.0,-0.157629489898682,9940.0,-0.0229180343449116,9940.0,-0.0786760374903679,9940.0,-0.124894998967648,9940.0,-0.13703565299511
9950.0,-0.213309392333031,9950.0,-0.20883284509182,9950.0,-0.22362194955349,9950.0,-0.114207461476326,9950.0,-0.182653054594994,9950.0,-0.199926570057869,9950.0,-0.151004508137703,9950.0,-0.180129632353783,9950.0,-0.194895267486572,9950.0,-0.111027717590332,9950.0,-0.190145209431648,9950.0,-0.199949935078621,9950.0,-0.199707791209221,9950.0,-0.109004311263561,9950.0,-0.138520047068596,9950.0,-0.147848233580589,9950.0,-0.193988993763924,9950.0,-0.157637313008308,9950.0,-0.022894574329257,9950.0,-0.0786292105913162,9950.0,-0.124887183308601,9950.0,-0.13701219856739
9960.0,-0.21328592300415,9960.0,-0.208825021982193,9960.0,-0.223606303334236,9960.0,-0.114144995808601,9960.0,-0.182645231485367,9960.0,-0.199918746948242,9960.0,-0.150754451751709,9960.0,-0.180082708597183,9960.0,-0.194863989949226,9960.0,-0.111012175679207,9960.0,-0.19009056687355,9960.0,-0.199918746948242,9960.0,-0.199699983000755,9960.0,-0.109019950032234,9960.0,-0.138527870178223,9960.0,-0.147840410470963,9960.0,-0.19402027130127,9960.0,-0.157645136117935,9960.0,-0.0230352412909269,9960.0,-0.0785822868347168,9960.0,-0.124879360198975,9960.0,-0.136988833546638
9970.0,-0.213270381093025,9970.0,-0.208817198872566,9970.0,-0.223598480224609,9970.0,-0.114082433283329,9970.0,-0.182629585266113,9970.0,-0.19990311563015,9970.0,-0.15051232278347,9970.0,-0.180043607950211,9970.0,-0.194840624928474,9970.0,-0.110988713800907,9970.0,-0.190035924315453,9970.0,-0.199895292520523,9970.0,-0.199699983000755,9970.0,-0.109035588800907,9970.0,-0.138527870178223,9970.0,-0.147840410470963,9970.0,-0.194059371948242,9970.0,-0.157652959227562,9970.0,-0.0231914520263672,9970.0,-0.0785354599356651,9970.0,-0.124863721430302,9970.0,-0.136957556009293
9980.0,-0.213246926665306,9980.0,-0.208801552653313,9980.0,-0.223582848906517,9980.0,-0.114019967615604,9980.0,-0.182613953948021,9980.0,-0.199887469410896,9980.0,-0.150262266397476,9980.0,-0.179996773600578,9980.0,-0.194817170500755,9980.0,-0.110973075032234,9980.0,-0.1899733543396,9980.0,-0.199871823191643,9980.0,-0.199692159891129,9980.0,-0.109043411910534,9980.0,-0.138535693287849,9980.0,-0.147832587361336,9980.0,-0.194090560078621,9980.0,-0.157660767436028,9980.0,-0.023285198956728,9980.0,-0.0784885436296463,9980.0,-0.124855898320675,9980.0,-0.136934086680412
9990.0,-0.213223457336426,9990.0,-0.20878592133522,9990.0,-0.223567292094231,9990.0,-0.11395750194788,9990.0,-0.182598307728767,9990.0,-0.199871823191643,9990.0,-0.150020122528076,9990.0,-0.17994986474514,9990.0,-0.194785878062248,9990.0,-0.110949613153934,9990.0,-0.189918711781502,9990.0,-0.199848368763924,9990.0,-0.199692159891129,9990.0,-0.109059050679207,9990.0,-0.138543516397476,9990.0,-0.147832587361336,9990.0,-0.194129660725594,9990.0,-0.157668590545654,9990.0,-0.0233477596193552,9990.0,-0.0784417167305946,9990.0,-0.12484035640955,9990.0,-0.136910632252693
10000.0,-0.213207826018333,10000.0,-0.208778098225594,10000.0,-0.223551660776138,10000.0,-0.113902762532234,10000.0,-0.182590588927269,10000.0,-0.19985619187355,10000.0,-0.149777889251709,10000.0,-0.179903030395508,10000.0,-0.194762423634529,10000.0,-0.110933974385262,10000.0,-0.18985615670681,10000.0,-0.199825003743172,10000.0,-0.199684336781502,10000.0,-0.109074592590332,10000.0,-0.138543516397476,10000.0,-0.147832587361336,10000.0,-0.194168671965599,10000.0,-0.157684236764908,10000.0,-0.0235430728644133,10000.0,-0.0783947929739952,10000.0,-0.124832533299923,10000.0,-0.136887267231941
10010.0,-0.213184356689453,10010.0,-0.208762556314468,10010.0,-0.223536014556885,10010.0,-0.11384029686451,10010.0,-0.182574942708015,10010.0,-0.199840649962425,10010.0,-0.14953576028347,10010.0,-0.179863929748535,10010.0,-0.194739058613777,10010.0,-0.110918425023556,10010.0,-0.189801499247551,10010.0,-0.199793726205826,10010.0,-0.199684336781502,10010.0,-0.109090231359005,10010.0,-0.138551339507103,10010.0,-0.147824764251709,10010.0,-0.194199949502945,10010.0,-0.157691955566406,10010.0,-0.0237696655094624,10010.0,-0.0783479735255241,10010.0,-0.124824717640877,10010.0,-0.136863812804222
10020.0,-0.213168814778328,10020.0,-0.208754733204842,10020.0,-0.223520383238792,10020.0,-0.113777734339237,10020.0,-0.182567119598389,10020.0,-0.199832826852798,10020.0,-0.149301335215569,10020.0,-0.179817110300064,10020.0,-0.194715604186058,10020.0,-0.110902786254883,10020.0,-0.189746856689453,10020.0,-0.199770256876945,10020.0,-0.199676513671875,10020.0,-0.109098054468632,10020.0,-0.138551339507103,10020.0,-0.147816941142082,10020.0,-0.194239050149918,10020.0,-0.157699778676033,10020.0,-0.0238945968449116,10020.0,-0.0783088728785515,10020.0,-0.124809078872204,10020.0,-0.136840343475342
10030.0,-0.213145360350609,10030.0,-0.208746910095215,10030.0,-0.223512560129166,10030.0,-0.113723091781139,10030.0,-0.182551488280296,10030.0,-0.199817180633545,10030.0,-0.14905920624733,10030.0,-0.179770186543465,10030.0,-0.194684311747551,10030.0,-0.11088714748621,10030.0,-0.189684301614761,10030.0,-0.199746891856194,10030.0,-0.199676513671875,10030.0,-0.109105877578259,10030.0,-0.138559147715569,10030.0,-0.147816941142082,10030.0,-0.194270238280296,10030.0,-0.15770760178566,10030.0,-0.024238396435976,10030.0,-0.0782620459794998,10030.0,-0.124801255762577,10030.0,-0.136816889047623
10040.0,-0.213129714131355,10040.0,-0.208731278777122,10040.0,-0.223496913909912,10040.0,-0.113660626113415,10040.0,-0.18254366517067,10040.0,-0.199809357523918,10040.0,-0.148832604289055,10040.0,-0.179731175303459,10040.0,-0.194660857319832,10040.0,-0.110871508717537,10040.0,-0.189629659056664,10040.0,-0.199723437428474,10040.0,-0.199668690562248,10040.0,-0.109121516346931,10040.0,-0.138559147715569,10040.0,-0.147816941142082,10040.0,-0.194309338927269,10040.0,-0.157715424895287,10040.0,-0.0245352741330862,10040.0,-0.0782229453325272,10040.0,-0.12479343265295,10040.0,-0.136793524026871
10050.0,-0.213106259703636,10050.0,-0.208715632557869,10050.0,-0.22348128259182,10050.0,-0.113605879247189,10050.0,-0.182535842061043,10050.0,-0.199793726205826,10050.0,-0.148590371012688,10050.0,-0.179684266448021,10050.0,-0.19463749229908,10050.0,-0.110855869948864,10050.0,-0.189574912190437,10050.0,-0.199692159891129,10050.0,-0.199660882353783,10050.0,-0.109129332005978,10050.0,-0.138566970825195,10050.0,-0.147809132933617,10050.0,-0.194340616464615,10050.0,-0.157723233103752,10050.0,-0.0246133804321289,10050.0,-0.0781761184334755,10050.0,-0.124785616993904,10050.0,-0.13677005469799
10060.0,-0.213082790374756,10060.0,-0.208707809448242,10060.0,-0.223465725779533,10060.0,-0.113551236689091,10060.0,-0.182520195841789,10060.0,-0.199785903096199,10060.0,-0.148356065154076,10060.0,-0.179637432098389,10060.0,-0.194614037871361,10060.0,-0.11084022372961,10060.0,-0.189520269632339,10060.0,-0.199676513671875,10060.0,-0.199660882353783,10060.0,-0.109144978225231,10060.0,-0.138566970825195,10060.0,-0.147809132933617,10060.0,-0.194371804594994,10060.0,-0.157731056213379,10060.0,-0.0245977398008108,10060.0,-0.0781291946768761,10060.0,-0.124769978225231,10060.0,-0.136746600270271
10070.0,-0.213067248463631,10070.0,-0.20869217813015,10070.0,-0.223450094461441,10070.0,-0.113496497273445,10070.0,-0.182512387633324,10070.0,-0.199778079986572,10070.0,-0.148121640086174,10070.0,-0.179598331451416,10070.0,-0.19459056854248,10070.0,-0.110816858708858,10070.0,-0.189457699656487,10070.0,-0.199645325541496,10070.0,-0.199653059244156,10070.0,-0.109160616993904,10070.0,-0.138574704527855,10070.0,-0.14780130982399,10070.0,-0.194410905241966,10070.0,-0.157738879323006,10070.0,-0.0244961734861135,10070.0,-0.0780900940299034,10070.0,-0.124762155115604,10070.0,-0.136723145842552
10080.0,-0.213051602244377,10080.0,-0.208684355020523,10080.0,-0.223442271351814,10080.0,-0.113441847264767,10080.0,-0.182504564523697,10080.0,-0.199770256876945,10080.0,-0.14789505302906,10080.0,-0.179559230804443,10080.0,-0.194567114114761,10080.0,-0.110809043049812,10080.0,-0.189410880208015,10080.0,-0.199621871113777,10080.0,-0.199645325541496,10080.0,-0.109176158905029,10080.0,-0.13858251273632,10080.0,-0.14780130982399,10080.0,-0.194442182779312,10080.0,-0.157746702432632,10080.0,-0.0245039947330952,10080.0,-0.0780432745814323,10080.0,-0.124754332005978,10080.0,-0.1366997808218
10090.0,-0.213028147816658,10090.0,-0.208668813109398,10090.0,-0.223426625132561,10090.0,-0.113387107849121,10090.0,-0.182489022612572,10090.0,-0.199754625558853,10090.0,-0.147668555378914,10090.0,-0.179512411355972,10090.0,-0.194543749094009,10090.0,-0.110793404281139,10090.0,-0.189348414540291,10090.0,-0.199598416686058,10090.0,-0.199637517333031,10090.0,-0.109183982014656,10090.0,-0.13858251273632,10090.0,-0.147793486714363,10090.0,-0.194473370909691,10090.0,-0.157754525542259,10090.0,-0.024449348449707,10090.0,-0.0780041739344597,10090.0,-0.124746613204479,10090.0,-0.13667631149292
10100.0,-0.213012501597404,10100.0,-0.208660989999771,10100.0,-0.223410993814468,10100.0,-0.113332465291023,10100.0,-0.182481199502945,10100.0,-0.199746891856194,10100.0,-0.1474419683218,10100.0,-0.179465487599373,10100.0,-0.194520279765129,10100.0,-0.110777758061886,10100.0,-0.189301490783691,10100.0,-0.199574947357178,10100.0,-0.199637517333031,10100.0,-0.109199620783329,10100.0,-0.138590335845947,10100.0,-0.147793486714363,10100.0,-0.194512471556664,10100.0,-0.157762333750725,10100.0,-0.0244258884340525,10100.0,-0.077957347035408,10100.0,-0.124738790094852,10100.0,-0.136637210845947
10110.0,-0.212989047169685,10110.0,-0.208653166890144,10110.0,-0.223395347595215,10110.0,-0.113285541534424,10110.0,-0.182481199502945,10110.0,-0.199746891856194,10110.0,-0.147223189473152,10110.0,-0.179426476359367,10110.0,-0.19449682533741,10110.0,-0.110762119293213,10110.0,-0.189246848225594,10110.0,-0.199551582336426,10110.0,-0.199629694223404,10110.0,-0.109215259552002,10110.0,-0.138598158955574,10110.0,-0.147793486714363,10110.0,-0.194543749094009,10110.0,-0.157777979969978,10110.0,-0.0243556033819914,10110.0,-0.0779260620474815,10110.0,-0.124730966985226,10110.0,-0.136598214507103
10120.0,-0.21297350525856,10120.0,-0.208637520670891,10120.0,-0.223387524485588,10120.0,-0.113230898976326,10120.0,-0.182473376393318,10120.0,-0.199739083647728,10120.0,-0.146996691823006,10120.0,-0.179387375712395,10120.0,-0.194473370909691,10120.0,-0.11074648052454,10120.0,-0.189192101359367,10120.0,-0.199528127908707,10120.0,-0.199629694223404,10120.0,-0.109223082661629,10120.0,-0.138598158955574,10120.0,-0.147785767912865,10120.0,-0.194567114114761,10120.0,-0.157785803079605,10120.0,-0.0243243221193552,10120.0,-0.0778792425990105,10120.0,-0.12472315132618,10120.0,-0.13655911386013
10130.0,-0.212957859039307,10130.0,-0.208629712462425,10130.0,-0.223371982574463,10130.0,-0.113176248967648,10130.0,-0.182465553283691,10130.0,-0.199731260538101,10130.0,-0.146777912974358,10130.0,-0.17934837937355,10130.0,-0.194450005888939,10130.0,-0.110730841755867,10130.0,-0.18913745880127,10130.0,-0.199504658579826,10130.0,-0.199629694223404,10130.0,-0.109238721430302,10130.0,-0.138605982065201,10130.0,-0.147785767912865,10130.0,-0.194598391652107,10130.0,-0.157793521881104,10130.0,-0.0243946071714163,10130.0,-0.077847957611084,10130.0,-0.124715328216553,10130.0,-0.136527821421623
10140.0,-0.212942227721214,10140.0,-0.208621889352798,10140.0,-0.223364159464836,10140.0,-0.113121509552002,10140.0,-0.182457730174065,10140.0,-0.199723437428474,10140.0,-0.146559149026871,10140.0,-0.179301455616951,10140.0,-0.194426536560059,10140.0,-0.110715292394161,10140.0,-0.18909053504467,10140.0,-0.199481204152107,10140.0,-0.199621871113777,10140.0,-0.109246544539928,10140.0,-0.138613805174828,10140.0,-0.147785767912865,10140.0,-0.194621846079826,10140.0,-0.15780134499073,10140.0,-0.024418069049716,10140.0,-0.0778088569641113,10140.0,-0.124707512557507,10140.0,-0.136504456400871
10150.0,-0.212918758392334,10150.0,-0.208606243133545,10150.0,-0.223356351256371,10150.0,-0.11307468265295,10150.0,-0.182449921965599,10150.0,-0.199715614318848,10150.0,-0.146340370178223,10150.0,-0.179262354969978,10150.0,-0.194410905241966,10150.0,-0.110707476735115,10150.0,-0.189035892486572,10150.0,-0.199457749724388,10150.0,-0.199621871113777,10150.0,-0.109262086451054,10150.0,-0.138613805174828,10150.0,-0.147777944803238,10150.0,-0.194653034210205,10150.0,-0.157809168100357,10150.0,-0.024418069049716,10150.0,-0.0777698531746864,10150.0,-0.12469968944788,10150.0,-0.136496648192406
10160.0,-0.212903127074242,10160.0,-0.208598420023918,10160.0,-0.223340705037117,10160.0,-0.113027766346931,10160.0,-0.182442098855972,10160.0,-0.199707791209221,10160.0,-0.146129414439201,10160.0,-0.179223343729973,10160.0,-0.194387435913086,10160.0,-0.110691837966442,10160.0,-0.188981160521507,10160.0,-0.199434384703636,10160.0,-0.19961404800415,10160.0,-0.10926990956068,10160.0,-0.138621613383293,10160.0,-0.147777944803238,10160.0,-0.194684311747551,10160.0,-0.157816991209984,10160.0,-0.024472713470459,10160.0,-0.0777385756373405,10160.0,-0.124691866338253,10160.0,-0.136481001973152
10170.0,-0.21287976205349,10170.0,-0.208582788705826,10170.0,-0.223325058817863,10170.0,-0.11298093944788,10170.0,-0.182434275746346,10170.0,-0.199699983000755,10170.0,-0.145910739898682,10170.0,-0.179184243083,10170.0,-0.194363981485367,10170.0,-0.110676191747189,10170.0,-0.188926503062248,10170.0,-0.199410915374756,10170.0,-0.199606224894524,10170.0,-0.109285548329353,10170.0,-0.138621613383293,10170.0,-0.147777944803238,10170.0,-0.194715604186058,10170.0,-0.157824799418449,10170.0,-0.024472713470459,10170.0,-0.0776994749903679,10170.0,-0.124684050679207,10170.0,-0.136473178863525
10180.0,-0.212864115834236,10180.0,-0.208574965596199,10180.0,-0.223317250609398,10180.0,-0.11293401569128,10180.0,-0.182434275746346,10180.0,-0.199699983000755,10180.0,-0.14569978415966,10180.0,-0.179137423634529,10180.0,-0.194340616464615,10180.0,-0.110660552978516,10180.0,-0.18887959420681,10180.0,-0.19937963783741,10180.0,-0.199606224894524,10180.0,-0.1092933639884,10180.0,-0.13862943649292,10180.0,-0.147770121693611,10180.0,-0.194739058613777,10180.0,-0.157832622528076,10180.0,-0.0243633277714252,10180.0,-0.0776604637503624,10180.0,-0.12467622756958,10180.0,-0.136457547545433
10190.0,-0.212848469614983,10190.0,-0.208567246794701,10190.0,-0.223301604390144,10190.0,-0.112894915044308,10190.0,-0.182426452636719,10190.0,-0.199692159891129,10190.0,-0.1454888433218,10190.0,-0.179098322987556,10190.0,-0.194324970245361,10190.0,-0.110644914209843,10190.0,-0.188824936747551,10190.0,-0.199363991618156,10190.0,-0.199606224894524,10190.0,-0.109309010207653,10190.0,-0.138637259602547,10190.0,-0.147770121693611,10190.0,-0.194770246744156,10190.0,-0.157840445637703,10190.0,-0.0243556033819914,10190.0,-0.0776291862130165,10190.0,-0.124668411910534,10190.0,-0.136449724435806
10200.0,-0.21283283829689,10200.0,-0.208551600575447,10200.0,-0.223293781280518,10200.0,-0.112848095595837,10200.0,-0.182418629527092,10200.0,-0.199684336781502,10200.0,-0.145277887582779,10200.0,-0.179059311747551,10200.0,-0.194301515817642,10200.0,-0.110629372298717,10200.0,-0.188778027892113,10200.0,-0.199340626597404,10200.0,-0.199598416686058,10200.0,-0.109309010207653,10200.0,-0.138637259602547,10200.0,-0.147770121693611,10200.0,-0.194801524281502,10200.0,-0.15784826874733,10200.0,-0.0243399627506733,10200.0,-0.0775901824235916,10200.0,-0.124660588800907,10200.0,-0.13644190132618
10210.0,-0.212817192077637,10210.0,-0.20854377746582,10210.0,-0.223278149962425,10210.0,-0.112801171839237,10210.0,-0.182410821318626,10210.0,-0.199676513671875,10210.0,-0.145066931843758,10210.0,-0.179020211100578,10210.0,-0.194285869598389,10210.0,-0.110613726079464,10210.0,-0.188723370432854,10210.0,-0.199317172169685,10210.0,-0.199598416686058,10210.0,-0.109316825866699,10210.0,-0.138645082712173,10210.0,-0.147762298583984,10210.0,-0.194832801818848,10210.0,-0.157856091856956,10210.0,-0.0242462158203125,10210.0,-0.0775588974356651,10210.0,-0.12465276569128,10210.0,-0.136434078216553
10220.0,-0.212793737649918,10220.0,-0.208535954356194,10220.0,-0.223270416259766,10220.0,-0.112754344940186,10220.0,-0.182410821318626,10220.0,-0.199676513671875,10220.0,-0.144863799214363,10220.0,-0.178981110453606,10220.0,-0.19426241517067,10220.0,-0.110605910420418,10220.0,-0.188676461577415,10220.0,-0.199293717741966,10220.0,-0.199590593576431,10220.0,-0.109316825866699,10220.0,-0.1386529058218,10220.0,-0.147762298583984,10220.0,-0.194863989949226,10220.0,-0.157863900065422,10220.0,-0.0242071151733398,10220.0,-0.0775276198983192,10220.0,-0.12465276569128,10220.0,-0.13641844689846
10230.0,-0.212778195738792,10230.0,-0.208520323038101,10230.0,-0.223254784941673,10230.0,-0.112707428634167,10230.0,-0.182402998209,10230.0,-0.199668690562248,10230.0,-0.144652843475342,10230.0,-0.178942114114761,10230.0,-0.194239050149918,10230.0,-0.110582448542118,10230.0,-0.188621804118156,10230.0,-0.199270248413086,10230.0,-0.199590593576431,10230.0,-0.109324648976326,10230.0,-0.1386529058218,10230.0,-0.147762298583984,10230.0,-0.194887444376945,10230.0,-0.157879546284676,10230.0,-0.0240352638065815,10230.0,-0.0774963423609734,10230.0,-0.124645046889782,10230.0,-0.136410713195801
10240.0,-0.212762549519539,10240.0,-0.208512499928474,10240.0,-0.223246961832047,10240.0,-0.112668417394161,10240.0,-0.182402998209,10240.0,-0.199668690562248,10240.0,-0.144449815154076,10240.0,-0.178903013467789,10240.0,-0.194223403930664,10240.0,-0.110574625432491,10240.0,-0.188574895262718,10240.0,-0.199246883392334,10240.0,-0.199590593576431,10240.0,-0.109332464635372,10240.0,-0.138660714030266,10240.0,-0.147754475474358,10240.0,-0.194918736815453,10240.0,-0.157879546284676,10240.0,-0.0238789562135935,10240.0,-0.0774573311209679,10240.0,-0.124637223780155,10240.0,-0.136402890086174
10250.0,-0.212746903300285,10250.0,-0.208504676818848,10250.0,-0.223231315612793,10250.0,-0.112621501088142,10250.0,-0.18239526450634,10250.0,-0.199653059244156,10250.0,-0.144238859415054,10250.0,-0.178864002227783,10250.0,-0.194199949502945,10250.0,-0.110558986663818,10250.0,-0.188520237803459,10250.0,-0.199223428964615,10250.0,-0.199582770466805,10250.0,-0.109340287744999,10250.0,-0.138668537139893,10250.0,-0.147754475474358,10250.0,-0.194942191243172,10250.0,-0.157887265086174,10250.0,-0.0238086711615324,10250.0,-0.077426053583622,10250.0,-0.124629400670528,10250.0,-0.136395081877708
10260.0,-0.212731271982193,10260.0,-0.208496853709221,10260.0,-0.223223492503166,10260.0,-0.112574674189091,10260.0,-0.18239526450634,10260.0,-0.199653059244156,10260.0,-0.14403572678566,10260.0,-0.178824901580811,10260.0,-0.194176480174065,10260.0,-0.110551171004772,10260.0,-0.188473418354988,10260.0,-0.199199959635735,10260.0,-0.199582770466805,10260.0,-0.109332464635372,10260.0,-0.138668537139893,10260.0,-0.147754475474358,10260.0,-0.19497337937355,10260.0,-0.157895088195801,10260.0,-0.0237383842468262,10260.0,-0.0773948654532433,10260.0,-0.124621585011482,10260.0,-0.136387258768082
10270.0,-0.212715625762939,10270.0,-0.208481222391129,10270.0,-0.223215684294701,10270.0,-0.112535573542118,10270.0,-0.182387456297874,10270.0,-0.199653059244156,10270.0,-0.143832594156265,10270.0,-0.178785800933838,10270.0,-0.194160848855972,10270.0,-0.110535524785519,10270.0,-0.188426494598389,10270.0,-0.199176505208015,10270.0,-0.199582770466805,10270.0,-0.109348110854626,10270.0,-0.138676270842552,10270.0,-0.147754475474358,10270.0,-0.195004656910896,10270.0,-0.157902911305428,10270.0,-0.0238164905458689,10270.0,-0.0773635879158974,10270.0,-0.124613761901855,10270.0,-0.136379435658455
10280.0,-0.21269217133522,10280.0,-0.208473399281502,10280.0,-0.223207861185074,10280.0,-0.112488746643066,10280.0,-0.182387456297874,10280.0,-0.199645325541496,10280.0,-0.143637284636497,10280.0,-0.178746804594994,10280.0,-0.19413748383522,10280.0,-0.110519982874393,10280.0,-0.188371852040291,10280.0,-0.199153140187263,10280.0,-0.199574947357178,10280.0,-0.109355926513672,10280.0,-0.138676270842552,10280.0,-0.147746667265892,10280.0,-0.19502030313015,10280.0,-0.157902911305428,10280.0,-0.0238164905458689,10280.0,-0.0773244872689247,10280.0,-0.124605946242809,10280.0,-0.136371612548828
10290.0,-0.212676629424095,10290.0,-0.208465680480003,10290.0,-0.22319221496582,10290.0,-0.112441830337048,10290.0,-0.182379633188248,10290.0,-0.199637517333031,10290.0,-0.143434152007103,10290.0,-0.178707703948021,10290.0,-0.194121837615967,10290.0,-0.110512159764767,10290.0,-0.188317105174065,10290.0,-0.199129685759544,10290.0,-0.199574947357178,10290.0,-0.109363652765751,10290.0,-0.138684079051018,10290.0,-0.147746667265892,10290.0,-0.195051476359367,10290.0,-0.157910734415054,10290.0,-0.0239102374762297,10290.0,-0.077293299138546,10290.0,-0.124605946242809,10290.0,-0.136371612548828
10300.0,-0.212668806314468,10300.0,-0.208457857370377,10300.0,-0.223184391856194,10300.0,-0.112395003437996,10300.0,-0.182379633188248,10300.0,-0.199629694223404,10300.0,-0.143238827586174,10300.0,-0.178668692708015,10300.0,-0.194106206297874,10300.0,-0.110496520996094,10300.0,-0.188270285725594,10300.0,-0.199114039540291,10300.0,-0.199574947357178,10300.0,-0.109379291534424,10300.0,-0.138691902160645,10300.0,-0.147746667265892,10300.0,-0.195082768797874,10300.0,-0.157910734415054,10300.0,-0.0239258762449026,10300.0,-0.0772620216012001,10300.0,-0.124598123133183,10300.0,-0.136363789439201
10310.0,-0.212653160095215,10310.0,-0.208442211151123,10310.0,-0.223176673054695,10310.0,-0.112355902791023,10310.0,-0.182371810078621,10310.0,-0.199629694223404,10310.0,-0.143043518066406,10310.0,-0.17863741517067,10310.0,-0.194082736968994,10310.0,-0.110488705337048,10310.0,-0.188223361968994,10310.0,-0.199090585112572,10310.0,-0.199574947357178,10310.0,-0.109387114644051,10310.0,-0.138691902160645,10310.0,-0.147746667265892,10310.0,-0.195106223225594,10310.0,-0.157918557524681,10310.0,-0.0240664482116699,10310.0,-0.0772307440638542,10310.0,-0.124590300023556,10310.0,-0.136363789439201
10320.0,-0.212637528777122,10320.0,-0.208434388041496,10320.0,-0.223168849945068,10320.0,-0.112308979034424,10320.0,-0.182371810078621,10320.0,-0.199621871113777,10320.0,-0.142840385437012,10320.0,-0.178598314523697,10320.0,-0.194067105650902,10320.0,-0.110480882227421,10320.0,-0.188176542520523,10320.0,-0.199067115783691,10320.0,-0.199567124247551,10320.0,-0.109394930303097,10320.0,-0.138699725270271,10320.0,-0.147738844156265,10320.0,-0.195129677653313,10320.0,-0.157918557524681,10320.0,-0.0241446495056152,10320.0,-0.0771995559334755,10320.0,-0.12458248436451,10320.0,-0.136355981230736
10330.0,-0.212621882557869,10330.0,-0.208426579833031,10330.0,-0.223161026835442,10330.0,-0.112262152135372,10330.0,-0.182371810078621,10330.0,-0.199621871113777,10330.0,-0.142652899026871,10330.0,-0.178559303283691,10330.0,-0.19404374063015,10330.0,-0.110473059117794,10330.0,-0.188129618763924,10330.0,-0.199043750762939,10330.0,-0.199567124247551,10330.0,-0.109402753412724,10330.0,-0.138699725270271,10330.0,-0.147738844156265,10330.0,-0.195153042674065,10330.0,-0.157926365733147,10330.0,-0.0243086814880371,10330.0,-0.0771682783961296,10330.0,-0.124574661254883,10330.0,-0.136355981230736
10340.0,-0.212606236338615,10340.0,-0.208418756723404,10340.0,-0.223145395517349,10340.0,-0.112215235829353,10340.0,-0.182363986968994,10340.0,-0.19961404800415,10340.0,-0.142457589507103,10340.0,-0.178528025746346,10340.0,-0.194028094410896,10340.0,-0.110465243458748,10340.0,-0.188082695007324,10340.0,-0.199028119444847,10340.0,-0.199567124247551,10340.0,-0.109418392181396,10340.0,-0.138707548379898,10340.0,-0.147738844156265,10340.0,-0.195184335112572,10340.0,-0.157934188842773,10340.0,-0.0244570728391409,10340.0,-0.0771448165178299,10340.0,-0.124574661254883,10340.0,-0.136355981230736
10350.0,-0.21259069442749,10350.0,-0.208410933613777,10350.0,-0.223137572407722,10350.0,-0.112168408930302,10350.0,-0.182363986968994,10350.0,-0.199606224894524,10350.0,-0.142262265086174,10350.0,-0.178488925099373,10350.0,-0.194012448191643,10350.0,-0.110449604690075,10350.0,-0.188035875558853,10350.0,-0.199004650115967,10350.0,-0.199567124247551,10350.0,-0.109426215291023,10350.0,-0.138707548379898,10350.0,-0.147738844156265,10350.0,-0.195207789540291,10350.0,-0.157934188842773,10350.0,-0.024449348449707,10350.0,-0.0771057158708572,10350.0,-0.124566845595837,10350.0,-0.136348158121109
10360.0,-0.212575063109398,10360.0,-0.208395287394524,10360.0,-0.223129749298096,10360.0,-0.112121485173702,10360.0,-0.182356163859367,10360.0,-0.199598416686058,10360.0,-0.142066955566406,10360.0,-0.178449913859367,10360.0,-0.193988993763924,10360.0,-0.110441781580448,10360.0,-0.187981233000755,10360.0,-0.198981195688248,10360.0,-0.199559316039085,10360.0,-0.109434030950069,10360.0,-0.138715371489525,10360.0,-0.147731021046638,10360.0,-0.195223435759544,10360.0,-0.1579420119524,10360.0,-0.0243946071714163,10360.0,-0.0770823508501053,10360.0,-0.12455902248621,10360.0,-0.136348158121109
10370.0,-0.212559416890144,10370.0,-0.208387479186058,10370.0,-0.223121926188469,10370.0,-0.112074665725231,10370.0,-0.182356163859367,10370.0,-0.199598416686058,10370.0,-0.141871646046638,10370.0,-0.178410813212395,10370.0,-0.19397334754467,10370.0,-0.110434055328369,10370.0,-0.187942132353783,10370.0,-0.198957830667496,10370.0,-0.199559316039085,10370.0,-0.109449677169323,10370.0,-0.138715371489525,10370.0,-0.147731021046638,10370.0,-0.195246800780296,10370.0,-0.1579420119524,10370.0,-0.0243477821350098,10370.0,-0.0770510658621788,10370.0,-0.124551296234131,10370.0,-0.136340335011482
10380.0,-0.212543770670891,10380.0,-0.208371922373772,10380.0,-0.223106294870377,10380.0,-0.112027741968632,10380.0,-0.182348355650902,10380.0,-0.199582770466805,10380.0,-0.141668513417244,10380.0,-0.17837181687355,10380.0,-0.193949982523918,10380.0,-0.110426239669323,10380.0,-0.187887385487556,10380.0,-0.198934361338615,10380.0,-0.199559316039085,10380.0,-0.109457395970821,10380.0,-0.13872317969799,10380.0,-0.147731021046638,10380.0,-0.195270255208015,10380.0,-0.157949835062027,10380.0,-0.0243946071714163,10380.0,-0.0770197883248329,10380.0,-0.124543480575085,10380.0,-0.136340335011482
10390.0,-0.212528139352798,10390.0,-0.208364114165306,10390.0,-0.22309847176075,10390.0,-0.111988738179207,10390.0,-0.182348355650902,10390.0,-0.199574947357178,10390.0,-0.141457557678223,10390.0,-0.178340539336205,10390.0,-0.193934351205826,10390.0,-0.110410593450069,10390.0,-0.187848374247551,10390.0,-0.198910906910896,10390.0,-0.199559316039085,10390.0,-0.109473042190075,10390.0,-0.13872317969799,10390.0,-0.147731021046638,10390.0,-0.195293709635735,10390.0,-0.157949835062027,10390.0,-0.0243399627506733,10390.0,-0.076996423304081,10390.0,-0.124535657465458,10390.0,-0.136340335011482
10400.0,-0.212512493133545,10400.0,-0.208356291055679,10400.0,-0.223090648651123,10400.0,-0.111949637532234,10400.0,-0.182348355650902,10400.0,-0.199567124247551,10400.0,-0.141254425048828,10400.0,-0.178301438689232,10400.0,-0.193918704986572,10400.0,-0.110402777791023,10400.0,-0.187801465392113,10400.0,-0.198887452483177,10400.0,-0.199559316039085,10400.0,-0.109488680958748,10400.0,-0.138731002807617,10400.0,-0.147731021046638,10400.0,-0.195317178964615,10400.0,-0.157957658171654,10400.0,-0.0242540370672941,10400.0,-0.0769651457667351,10400.0,-0.124535657465458,10400.0,-0.136340335011482
10410.0,-0.212496861815453,10410.0,-0.208348467946053,10410.0,-0.223075106739998,10410.0,-0.111910536885262,10410.0,-0.182348355650902,10410.0,-0.199559316039085,10410.0,-0.141043469309807,10410.0,-0.178270250558853,10410.0,-0.19390307366848,10410.0,-0.110394954681396,10410.0,-0.18775463104248,10410.0,-0.198864087462425,10410.0,-0.199551582336426,10410.0,-0.109496496617794,10410.0,-0.138731002807617,10410.0,-0.147723197937012,10410.0,-0.195340543985367,10410.0,-0.157957658171654,10410.0,-0.024261761456728,10410.0,-0.0769416838884354,10410.0,-0.124527834355831,10410.0,-0.136332511901855
10420.0,-0.212481305003166,10420.0,-0.208340644836426,10420.0,-0.223067283630371,10420.0,-0.111871533095837,10420.0,-0.182340532541275,10420.0,-0.199543759226799,10420.0,-0.140840336680412,10420.0,-0.17823114991188,10420.0,-0.193887427449226,10420.0,-0.11038713902235,10420.0,-0.187707707285881,10420.0,-0.198848441243172,10420.0,-0.199551582336426,10420.0,-0.109512142837048,10420.0,-0.138738825917244,10420.0,-0.147723197937012,10420.0,-0.195356175303459,10420.0,-0.157965466380119,10420.0,-0.0243711471557617,10420.0,-0.0769182220101357,10420.0,-0.124520018696785,10420.0,-0.136332511901855
10430.0,-0.212465673685074,10430.0,-0.208325013518333,10430.0,-0.223036006093025,10430.0,-0.111824609339237,10430.0,-0.182340532541275,10430.0,-0.199535951018333,10430.0,-0.140629485249519,10430.0,-0.178199872374535,10430.0,-0.193864062428474,10430.0,-0.110379315912724,10430.0,-0.18766088783741,10430.0,-0.198824986815453,10430.0,-0.199543759226799,10430.0,-0.109519958496094,10430.0,-0.138746649026871,10430.0,-0.147723197937012,10430.0,-0.195379644632339,10430.0,-0.157965466380119,10430.0,-0.0242852214723825,10430.0,-0.0768948569893837,10430.0,-0.124520018696785,10430.0,-0.136332511901855
10440.0,-0.21245002746582,10440.0,-0.208317190408707,10440.0,-0.223012551665306,10440.0,-0.111785605549812,10440.0,-0.182340532541275,10440.0,-0.199528127908707,10440.0,-0.140418529510498,10440.0,-0.178160861134529,10440.0,-0.193848416209221,10440.0,-0.110363677144051,10440.0,-0.187613964080811,10440.0,-0.198801517486572,10440.0,-0.199543759226799,10440.0,-0.109527781605721,10440.0,-0.138746649026871,10440.0,-0.147715374827385,10440.0,-0.195403099060059,10440.0,-0.157949835062027,10440.0,-0.024238396435976,10440.0,-0.0768635794520378,10440.0,-0.124512195587158,10440.0,-0.136324688792229
10450.0,-0.212434396147728,10450.0,-0.20830936729908,10450.0,-0.223004728555679,10450.0,-0.111738681793213,10450.0,-0.182332709431648,10450.0,-0.19952030479908,10450.0,-0.140215396881104,10450.0,-0.178129583597183,10450.0,-0.193832784891129,10450.0,-0.110355854034424,10450.0,-0.187567144632339,10450.0,-0.198778063058853,10450.0,-0.199543759226799,10450.0,-0.109535597264767,10450.0,-0.138754472136497,10450.0,-0.147715374827385,10450.0,-0.195418745279312,10450.0,-0.1579420119524,10450.0,-0.0242071151733398,10450.0,-0.0768401175737381,10450.0,-0.124504379928112,10450.0,-0.136332511901855
10460.0,-0.212426573038101,10460.0,-0.208301544189453,10460.0,-0.222996905446053,10460.0,-0.111699678003788,10460.0,-0.182332709431648,10460.0,-0.199512481689453,10460.0,-0.140012264251709,10460.0,-0.178098306059837,10460.0,-0.193817138671875,10460.0,-0.110348038375378,10460.0,-0.18752022087574,10460.0,-0.198754698038101,10460.0,-0.199543759226799,10460.0,-0.109543420374393,10460.0,-0.138754472136497,10460.0,-0.147715374827385,10460.0,-0.195442110300064,10460.0,-0.157949835062027,10460.0,-0.024238396435976,10460.0,-0.0768166556954384,10460.0,-0.124504379928112,10460.0,-0.136324688792229
10470.0,-0.212410926818848,10470.0,-0.208285912871361,10470.0,-0.222989082336426,10470.0,-0.111660577356815,10470.0,-0.182324886322021,10470.0,-0.199512481689453,10470.0,-0.139801308512688,10470.0,-0.178059294819832,10470.0,-0.193793684244156,10470.0,-0.110340215265751,10470.0,-0.187473401427269,10470.0,-0.198731228709221,10470.0,-0.199535951018333,10470.0,-0.10955124348402,10470.0,-0.138762280344963,10470.0,-0.147715374827385,10470.0,-0.195465564727783,10470.0,-0.157957658171654,10470.0,-0.024261761456728,10470.0,-0.0767932906746864,10470.0,-0.124496556818485,10470.0,-0.136324688792229
10480.0,-0.212395295500755,10480.0,-0.208285912871361,10480.0,-0.222981363534927,10480.0,-0.111621476709843,10480.0,-0.182324886322021,10480.0,-0.199504658579826,10480.0,-0.139582544565201,10480.0,-0.178028017282486,10480.0,-0.193778038024902,10480.0,-0.110332489013672,10480.0,-0.187434300780296,10480.0,-0.198715597391129,10480.0,-0.199535951018333,10480.0,-0.109558962285519,10480.0,-0.138762280344963,10480.0,-0.147715374827385,10480.0,-0.195489034056664,10480.0,-0.157957658171654,10480.0,-0.0242695808410645,10480.0,-0.0767620131373405,10480.0,-0.124488733708858,10480.0,-0.13631696999073
10490.0,-0.212379738688469,10490.0,-0.208270356059074,10490.0,-0.222973540425301,10490.0,-0.111574649810791,10490.0,-0.182324886322021,10490.0,-0.199496850371361,10490.0,-0.139379411935806,10490.0,-0.17799673974514,10490.0,-0.193762496113777,10490.0,-0.110324673354626,10490.0,-0.187387466430664,10490.0,-0.198692128062248,10490.0,-0.199535951018333,10490.0,-0.109566785395145,10490.0,-0.138770014047623,10490.0,-0.147715374827385,10490.0,-0.195504665374756,10490.0,-0.157965466380119,10490.0,-0.0243165027350187,10490.0,-0.0767385512590408,10490.0,-0.124488733708858,10490.0,-0.13631696999073
10500.0,-0.212371930480003,10500.0,-0.208262547850609,10500.0,-0.222965717315674,10500.0,-0.111535549163818,10500.0,-0.182324886322021,10500.0,-0.199496850371361,10500.0,-0.139168456196785,10500.0,-0.177957728505135,10500.0,-0.193746849894524,10500.0,-0.110316850244999,10500.0,-0.187348365783691,10500.0,-0.198668763041496,10500.0,-0.199535951018333,10500.0,-0.109574608504772,10500.0,-0.138770014047623,10500.0,-0.147707566618919,10500.0,-0.195528134703636,10500.0,-0.157981112599373,10500.0,-0.0243556033819914,10500.0,-0.0767150893807411,10500.0,-0.124480918049812,10500.0,-0.13631696999073
10510.0,-0.21235628426075,10510.0,-0.208254724740982,10510.0,-0.222957894206047,10510.0,-0.111496545374393,10510.0,-0.182317063212395,10510.0,-0.199489027261734,10510.0,-0.13896532356739,10510.0,-0.177926450967789,10510.0,-0.193731218576431,10510.0,-0.110316850244999,10510.0,-0.187301442027092,10510.0,-0.198645308613777,10510.0,-0.199528127908707,10510.0,-0.109582424163818,10510.0,-0.138777837157249,10510.0,-0.147707566618919,10510.0,-0.195543676614761,10510.0,-0.157981112599373,10510.0,-0.024418069049716,10510.0,-0.0766917243599892,10510.0,-0.124480918049812,10510.0,-0.136309146881104
10520.0,-0.212340638041496,10520.0,-0.208246901631355,10520.0,-0.222950085997581,10520.0,-0.111465267837048,10520.0,-0.182317063212395,10520.0,-0.199489027261734,10520.0,-0.138762280344963,10520.0,-0.177895173430443,10520.0,-0.193715572357178,10520.0,-0.110309027135372,10520.0,-0.187254622578621,10520.0,-0.198621854186058,10520.0,-0.199528127908707,10520.0,-0.109590247273445,10520.0,-0.138777837157249,10520.0,-0.147707566618919,10520.0,-0.19556713104248,10520.0,-0.157988831400871,10520.0,-0.0244258884340525,10520.0,-0.0766604468226433,10520.0,-0.124473094940186,10520.0,-0.136309146881104
10530.0,-0.212325006723404,10530.0,-0.208239078521729,10530.0,-0.222942262887955,10530.0,-0.111426167190075,10530.0,-0.182317063212395,10530.0,-0.199481204152107,10530.0,-0.138566970825195,10530.0,-0.177863985300064,10530.0,-0.193699941039085,10530.0,-0.110301211476326,10530.0,-0.187207698822021,10530.0,-0.198598384857178,10530.0,-0.199528127908707,10530.0,-0.109598062932491,10530.0,-0.138785645365715,10530.0,-0.147707566618919,10530.0,-0.195590600371361,10530.0,-0.157996654510498,10530.0,-0.0243477821350098,10530.0,-0.0766369849443436,10530.0,-0.124473094940186,10530.0,-0.136309146881104
10540.0,-0.212317183613777,10540.0,-0.208231255412102,10540.0,-0.222934439778328,10540.0,-0.111387155950069,10540.0,-0.182309255003929,10540.0,-0.19947338104248,10540.0,-0.138363838195801,10540.0,-0.177832707762718,10540.0,-0.193684294819832,10540.0,-0.110293388366699,10540.0,-0.187168702483177,10540.0,-0.198574930429459,10540.0,-0.19952030479908,10540.0,-0.109605886042118,10540.0,-0.138785645365715,10540.0,-0.147707566618919,10540.0,-0.195606231689453,10540.0,-0.158004477620125,10540.0,-0.024261761456728,10540.0,-0.0766135230660439,10540.0,-0.124465279281139,10540.0,-0.136301323771477
10550.0,-0.212301537394524,10550.0,-0.208215624094009,10550.0,-0.222926616668701,10550.0,-0.111348055303097,10550.0,-0.182309255003929,10550.0,-0.199465557932854,10550.0,-0.138160705566406,10550.0,-0.177793607115746,10550.0,-0.193668752908707,10550.0,-0.110285572707653,10550.0,-0.187121778726578,10550.0,-0.198551565408707,10550.0,-0.19952030479908,10550.0,-0.109613709151745,10550.0,-0.138793468475342,10550.0,-0.147699743509293,10550.0,-0.195621877908707,10550.0,-0.158012300729752,10550.0,-0.0242149364203215,10550.0,-0.0765901580452919,10550.0,-0.124457456171513,10550.0,-0.136301323771477
10560.0,-0.212285995483398,10560.0,-0.208207800984383,10560.0,-0.222918793559074,10560.0,-0.111309051513672,10560.0,-0.182309255003929,10560.0,-0.199465557932854,10560.0,-0.137965396046638,10560.0,-0.177770242094994,10560.0,-0.193653106689453,10560.0,-0.110277749598026,10560.0,-0.187082767486572,10560.0,-0.198535919189453,10560.0,-0.19952030479908,10560.0,-0.109629347920418,10560.0,-0.138801291584969,10560.0,-0.147707566618919,10560.0,-0.195645242929459,10560.0,-0.158020123839378,10560.0,-0.0242774020880461,10560.0,-0.0765666961669922,10560.0,-0.124457456171513,10560.0,-0.136301323771477
10570.0,-0.212278172373772,10570.0,-0.208199977874756,10570.0,-0.222910985350609,10570.0,-0.111269950866699,10570.0,-0.182309255003929,10570.0,-0.199457749724388,10570.0,-0.137770086526871,10570.0,-0.177731141448021,10570.0,-0.193637475371361,10570.0,-0.110277749598026,10570.0,-0.1870436668396,10570.0,-0.198520287871361,10570.0,-0.19952030479908,10570.0,-0.109637163579464,10570.0,-0.138801291584969,10570.0,-0.147707566618919,10570.0,-0.195668697357178,10570.0,-0.158027932047844,10570.0,-0.024261761456728,10570.0,-0.0765432342886925,10570.0,-0.124457456171513,10570.0,-0.136301323771477
10580.0,-0.212262541055679,10580.0,-0.208192154765129,10580.0,-0.222903162240982,10580.0,-0.111230850219727,10580.0,-0.182309255003929,10580.0,-0.199457749724388,10580.0,-0.137574777007103,10580.0,-0.177699849009514,10580.0,-0.193621829152107,10580.0,-0.1102699264884,10580.0,-0.186996847391129,10580.0,-0.19849681854248,10580.0,-0.19952030479908,10580.0,-0.109644986689091,10580.0,-0.138801291584969,10580.0,-0.147699743509293,10580.0,-0.195699974894524,10580.0,-0.158027932047844,10580.0,-0.024449348449707,10580.0,-0.0765197798609734,10580.0,-0.124449729919434,10580.0,-0.136301323771477
10590.0,-0.212254717946053,10590.0,-0.208184346556664,10590.0,-0.222895339131355,10590.0,-0.111191846430302,10590.0,-0.182301431894302,10590.0,-0.199450016021729,10590.0,-0.137379452586174,10590.0,-0.177676483988762,10590.0,-0.193606182932854,10590.0,-0.110262110829353,10590.0,-0.186949923634529,10590.0,-0.198473453521729,10590.0,-0.19952030479908,10590.0,-0.10965271294117,10590.0,-0.138809114694595,10590.0,-0.147699743509293,10590.0,-0.195723444223404,10590.0,-0.158035755157471,10590.0,-0.0244648940861225,10590.0,-0.0764964148402214,10590.0,-0.124441914260387,10590.0,-0.136293515563011
10600.0,-0.212239071726799,10600.0,-0.208176612854004,10600.0,-0.222887516021729,10600.0,-0.111152745783329,10600.0,-0.182301431894302,10600.0,-0.199442192912102,10600.0,-0.137184143066406,10600.0,-0.177637383341789,10600.0,-0.193590551614761,10600.0,-0.110254287719727,10600.0,-0.186910822987556,10600.0,-0.198449999094009,10600.0,-0.199512481689453,10600.0,-0.10965271294117,10600.0,-0.138816937804222,10600.0,-0.147699743509293,10600.0,-0.195738986134529,10600.0,-0.158035755157471,10600.0,-0.0244337078183889,10600.0,-0.0764729529619217,10600.0,-0.124441914260387,10600.0,-0.136293515563011
10610.0,-0.212231263518333,10610.0,-0.208168789744377,10610.0,-0.22287979722023,10610.0,-0.111105918884277,10610.0,-0.182301431894302,10610.0,-0.199442192912102,10610.0,-0.136996656656265,10610.0,-0.17761392891407,10610.0,-0.193574905395508,10610.0,-0.11024647206068,10610.0,-0.186864003539085,10610.0,-0.198426529765129,10610.0,-0.199512481689453,10610.0,-0.109660528600216,10610.0,-0.138816937804222,10610.0,-0.147699743509293,10610.0,-0.195762440562248,10610.0,-0.158043578267097,10610.0,-0.024418069049716,10610.0,-0.0764573141932487,10610.0,-0.124441914260387,10610.0,-0.136293515563011
10620.0,-0.21221561729908,10620.0,-0.208160981535912,10620.0,-0.222871974110603,10620.0,-0.111051179468632,10620.0,-0.182293698191643,10620.0,-0.199434384703636,10620.0,-0.136809065937996,10620.0,-0.177582740783691,10620.0,-0.193559363484383,10620.0,-0.110238745808601,10620.0,-0.186824902892113,10620.0,-0.198410898447037,10620.0,-0.199512481689453,10620.0,-0.109668351709843,10620.0,-0.138816937804222,10620.0,-0.147691920399666,10620.0,-0.195785909891129,10620.0,-0.158051401376724,10620.0,-0.0245039947330952,10620.0,-0.076433852314949,10620.0,-0.124434091150761,10620.0,-0.136293515563011
10630.0,-0.212207794189453,10630.0,-0.208153158426285,10630.0,-0.222871974110603,10630.0,-0.110996536910534,10630.0,-0.182293698191643,10630.0,-0.199434384703636,10630.0,-0.136613756418228,10630.0,-0.177551463246346,10630.0,-0.193543717265129,10630.0,-0.110230922698975,10630.0,-0.18677806854248,10630.0,-0.198387429118156,10630.0,-0.199512481689453,10630.0,-0.109668351709843,10630.0,-0.138824746012688,10630.0,-0.147691920399666,10630.0,-0.195801541209221,10630.0,-0.158051401376724,10630.0,-0.0245899204164743,10630.0,-0.0764104872941971,10630.0,-0.124434091150761,10630.0,-0.136293515563011
10640.0,-0.212199971079826,10640.0,-0.208145335316658,10640.0,-0.222864151000977,10640.0,-0.110949613153934,10640.0,-0.182293698191643,10640.0,-0.199426561594009,10640.0,-0.136426255106926,10640.0,-0.177520185709,10640.0,-0.193528085947037,10640.0,-0.110223107039928,10640.0,-0.186738967895508,10640.0,-0.198364064097404,10640.0,-0.199504658579826,10640.0,-0.109676174819469,10640.0,-0.138824746012688,10640.0,-0.147691920399666,10640.0,-0.195825010538101,10640.0,-0.158059224486351,10640.0,-0.0247227679938078,10640.0,-0.0763870254158974,10640.0,-0.124434091150761,10640.0,-0.136285692453384
10650.0,-0.212184429168701,10650.0,-0.208137512207031,10650.0,-0.22285632789135,10650.0,-0.110894970595837,10650.0,-0.182293698191643,10650.0,-0.199426561594009,10650.0,-0.136230945587158,10650.0,-0.177488997578621,10650.0,-0.193512439727783,10650.0,-0.110215283930302,10650.0,-0.186699971556664,10650.0,-0.198348432779312,10650.0,-0.199504658579826,10650.0,-0.109676174819469,10650.0,-0.138832569122314,10650.0,-0.147691920399666,10650.0,-0.195848375558853,10650.0,-0.158059224486351,10650.0,-0.0247539523988962,10650.0,-0.0763635635375977,10650.0,-0.124426268041134,10650.0,-0.136285692453384
10660.0,-0.212176606059074,10660.0,-0.208129689097404,10660.0,-0.22285632789135,10660.0,-0.11086368560791,10660.0,-0.182285889983177,10660.0,-0.199418738484383,10660.0,-0.136043459177017,10660.0,-0.177457720041275,10660.0,-0.193496808409691,10660.0,-0.110215283930302,10660.0,-0.186660870909691,10660.0,-0.198324963450432,10660.0,-0.199504658579826,10660.0,-0.109683990478516,10660.0,-0.138832569122314,10660.0,-0.147691920399666,10660.0,-0.195864006876945,10660.0,-0.158059224486351,10660.0,-0.0247462280094624,10660.0,-0.0763401016592979,10660.0,-0.124426268041134,10660.0,-0.136277869343758
10670.0,-0.212160974740982,10670.0,-0.208121880888939,10670.0,-0.222848519682884,10670.0,-0.110816858708858,10670.0,-0.182285889983177,10670.0,-0.199410915374756,10670.0,-0.135855957865715,10670.0,-0.177434250712395,10670.0,-0.193481162190437,10670.0,-0.110207460820675,10670.0,-0.186613947153091,10670.0,-0.198301509022713,10670.0,-0.199504658579826,10670.0,-0.109691813588142,10670.0,-0.138840392231941,10670.0,-0.147691920399666,10670.0,-0.195887476205826,10670.0,-0.158067032694817,10670.0,-0.0245977398008108,10670.0,-0.076316736638546,10670.0,-0.124418452382088,10670.0,-0.136277869343758
10680.0,-0.212153151631355,10680.0,-0.208114057779312,10680.0,-0.222840696573257,10680.0,-0.110777758061886,10680.0,-0.182285889983177,10680.0,-0.199410915374756,10680.0,-0.135668471455574,10680.0,-0.177402973175049,10680.0,-0.193473443388939,10680.0,-0.110207460820675,10680.0,-0.186574935913086,10680.0,-0.198285862803459,10680.0,-0.199496850371361,10680.0,-0.109691813588142,10680.0,-0.138840392231941,10680.0,-0.147691920399666,10680.0,-0.195910930633545,10680.0,-0.158067032694817,10680.0,-0.0245821010321379,10680.0,-0.0762932822108269,10680.0,-0.124418452382088,10680.0,-0.136277869343758
10690.0,-0.212145328521729,10690.0,-0.208106234669685,10690.0,-0.222832873463631,10690.0,-0.11074648052454,10690.0,-0.182285889983177,10690.0,-0.199410915374756,10690.0,-0.135480985045433,10690.0,-0.17737178504467,10690.0,-0.193457797169685,10690.0,-0.110199645161629,10690.0,-0.186535835266113,10690.0,-0.198262497782707,10690.0,-0.199496850371361,10690.0,-0.109699629247189,10690.0,-0.138848215341568,10690.0,-0.147691920399666,10690.0,-0.19592647254467,10690.0,-0.158067032694817,10690.0,-0.024629021063447,10690.0,-0.0762698203325272,10690.0,-0.124418452382088,10690.0,-0.136270046234131
10700.0,-0.212129697203636,10700.0,-0.208098411560059,10700.0,-0.222825050354004,10700.0,-0.110699653625488,10700.0,-0.18227806687355,10700.0,-0.199403092265129,10700.0,-0.135293483734131,10700.0,-0.177340507507324,10700.0,-0.193442150950432,10700.0,-0.110191822052002,10700.0,-0.186496838927269,10700.0,-0.198239043354988,10700.0,-0.199496850371361,10700.0,-0.109699629247189,10700.0,-0.138856038451195,10700.0,-0.147691920399666,10700.0,-0.19594994187355,10700.0,-0.158067032694817,10700.0,-0.0245742797851563,10700.0,-0.0762541815638542,10700.0,-0.124410629272461,10700.0,-0.136270046234131
10710.0,-0.212121874094009,10710.0,-0.208090588450432,10710.0,-0.222825050354004,10710.0,-0.110660552978516,10710.0,-0.18227806687355,10710.0,-0.199395284056664,10710.0,-0.13510599732399,10710.0,-0.177317053079605,10710.0,-0.193426519632339,10710.0,-0.110184006392956,10710.0,-0.18644991517067,10710.0,-0.198223397135735,10710.0,-0.199496850371361,10710.0,-0.109707452356815,10710.0,-0.138856038451195,10710.0,-0.147691920399666,10710.0,-0.195965573191643,10710.0,-0.158067032694817,10710.0,-0.0244883541017771,10710.0,-0.0762307196855545,10710.0,-0.124410629272461,10710.0,-0.136262223124504
10720.0,-0.212106227874756,10720.0,-0.208082780241966,10720.0,-0.222817227244377,10720.0,-0.110621549189091,10720.0,-0.18227806687355,10720.0,-0.199395284056664,10720.0,-0.134918496012688,10720.0,-0.177285864949226,10720.0,-0.193410873413086,10720.0,-0.110184006392956,10720.0,-0.186410903930664,10720.0,-0.198199942708015,10720.0,-0.199496850371361,10720.0,-0.109707452356815,10720.0,-0.13886384665966,10720.0,-0.147691920399666,10720.0,-0.195989042520523,10720.0,-0.158074855804443,10720.0,-0.0244570728391409,10720.0,-0.0762073546648026,10720.0,-0.124410629272461,10720.0,-0.136262223124504
10730.0,-0.212098509073257,10730.0,-0.208075046539307,10730.0,-0.222809419035912,10730.0,-0.110582448542118,10730.0,-0.18227806687355,10730.0,-0.199387460947037,10730.0,-0.134731009602547,10730.0,-0.17725458741188,10730.0,-0.193403050303459,10730.0,-0.110176183283329,10730.0,-0.186371803283691,10730.0,-0.198184296488762,10730.0,-0.199496850371361,10730.0,-0.109707452356815,10730.0,-0.13886384665966,10730.0,-0.147691920399666,10730.0,-0.196004673838615,10730.0,-0.158074855804443,10730.0,-0.024418069049716,10730.0,-0.0761838927865028,10730.0,-0.124402813613415,10730.0,-0.136262223124504
10740.0,-0.212090685963631,10740.0,-0.20806722342968,10740.0,-0.222801595926285,10740.0,-0.110543347895145,10740.0,-0.182270243763924,10740.0,-0.19937963783741,10740.0,-0.134543523192406,10740.0,-0.177231118083,10740.0,-0.193387418985367,10740.0,-0.110176183283329,10740.0,-0.186332702636719,10740.0,-0.19816093146801,10740.0,-0.199496850371361,10740.0,-0.109715275466442,10740.0,-0.13887158036232,10740.0,-0.147691920399666,10740.0,-0.196028038859367,10740.0,-0.158074855804443,10740.0,-0.0245039947330952,10740.0,-0.0761604309082031,10740.0,-0.124402813613415,10740.0,-0.136254414916039
10750.0,-0.212082862854004,10750.0,-0.208059415221214,10750.0,-0.222793772816658,10750.0,-0.110504344105721,10750.0,-0.182270243763924,10750.0,-0.19937963783741,10750.0,-0.134356021881104,10750.0,-0.177199840545654,10750.0,-0.193371877074242,10750.0,-0.110168360173702,10750.0,-0.186293706297874,10750.0,-0.198137477040291,10750.0,-0.199489027261734,10750.0,-0.109715275466442,10750.0,-0.13887158036232,10750.0,-0.147684201598167,10750.0,-0.196043685078621,10750.0,-0.158074855804443,10750.0,-0.0246524810791016,10750.0,-0.0761447921395302,10750.0,-0.124402813613415,10750.0,-0.136254414916039
10760.0,-0.212075039744377,10760.0,-0.208051592111588,10760.0,-0.222793772816658,10760.0,-0.110457420349121,10760.0,-0.182270243763924,10760.0,-0.199371814727783,10760.0,-0.134168431162834,10760.0,-0.177176475524902,10760.0,-0.193356230854988,10760.0,-0.110168360173702,10760.0,-0.186254605650902,10760.0,-0.198114022612572,10760.0,-0.199489027261734,10760.0,-0.109715275466442,10760.0,-0.138879403471947,10760.0,-0.147691920399666,10760.0,-0.196059331297874,10760.0,-0.158082589507103,10760.0,-0.024808693677187,10760.0,-0.0761214271187782,10760.0,-0.124402813613415,10760.0,-0.136246591806412
10770.0,-0.212059408426285,10770.0,-0.208051592111588,10770.0,-0.22278605401516,10770.0,-0.110418416559696,10770.0,-0.182270243763924,10770.0,-0.199363991618156,10770.0,-0.133980944752693,10770.0,-0.177145197987556,10770.0,-0.193348407745361,10770.0,-0.110160544514656,10770.0,-0.186215594410896,10770.0,-0.198098376393318,10770.0,-0.199489027261734,10770.0,-0.109715275466442,10770.0,-0.13887158036232,10770.0,-0.147684201598167,10770.0,-0.196082785725594,10770.0,-0.158082589507103,10770.0,-0.02486333809793,10770.0,-0.0760979652404785,10770.0,-0.124402813613415,10770.0,-0.136230945587158
10780.0,-0.212051585316658,10780.0,-0.208035945892334,10780.0,-0.222778230905533,10780.0,-0.110371492803097,10780.0,-0.182262420654297,10780.0,-0.199356183409691,10780.0,-0.133793458342552,10780.0,-0.177113920450211,10780.0,-0.193332776427269,10780.0,-0.110160544514656,10780.0,-0.186168670654297,10780.0,-0.198075011372566,10780.0,-0.199489027261734,10780.0,-0.109715275466442,10780.0,-0.138856038451195,10780.0,-0.147684201598167,10780.0,-0.196098431944847,10780.0,-0.158082589507103,10780.0,-0.024808693677187,10780.0,-0.0760745033621788,10780.0,-0.124394990503788,10780.0,-0.136215403676033
10790.0,-0.212043762207031,10790.0,-0.208028122782707,10790.0,-0.222778230905533,10790.0,-0.110332489013672,10790.0,-0.182262420654297,10790.0,-0.199348449707031,10790.0,-0.133613780140877,10790.0,-0.177090555429459,10790.0,-0.193317130208015,10790.0,-0.110152721405029,10790.0,-0.186129570007324,10790.0,-0.198059365153313,10790.0,-0.199489027261734,10790.0,-0.109715275466442,10790.0,-0.13887158036232,10790.0,-0.147684201598167,10790.0,-0.196114063262939,10790.0,-0.158082589507103,10790.0,-0.0248008724302053,10790.0,-0.0760588645935059,10790.0,-0.124394990503788,10790.0,-0.136199757456779
10800.0,-0.212035939097404,10800.0,-0.208028122782707,10800.0,-0.222770407795906,10800.0,-0.110293388366699,10800.0,-0.182262420654297,10800.0,-0.199340626597404,10800.0,-0.133434101939201,10800.0,-0.177059277892113,10800.0,-0.193301483988762,10800.0,-0.110144905745983,10800.0,-0.18609057366848,10800.0,-0.198035910725594,10800.0,-0.199489027261734,10800.0,-0.109715275466442,10800.0,-0.13887158036232,10800.0,-0.147684201598167,10800.0,-0.196137428283691,10800.0,-0.158090397715569,10800.0,-0.0248477943241596,10800.0,-0.0760354027152061,10800.0,-0.124394990503788,10800.0,-0.136199757456779
10810.0,-0.212028130888939,10810.0,-0.208020314574242,10810.0,-0.222762584686279,10810.0,-0.110254287719727,10810.0,-0.182262420654297,10810.0,-0.199332818388939,10810.0,-0.13324661552906,10810.0,-0.177035808563232,10810.0,-0.193293675780296,10810.0,-0.110144905745983,10810.0,-0.186059281229973,10810.0,-0.19802026450634,10810.0,-0.199481204152107,10810.0,-0.109707452356815,10810.0,-0.138879403471947,10810.0,-0.147684201598167,10810.0,-0.196153074502945,10810.0,-0.158090397715569,10810.0,-0.0249492656439543,10810.0,-0.076019860804081,10810.0,-0.124394990503788,10810.0,-0.136191949248314
10820.0,-0.212020307779312,10820.0,-0.208012491464615,10820.0,-0.222762584686279,10820.0,-0.110215283930302,10820.0,-0.182262420654297,10820.0,-0.199324995279312,10820.0,-0.133059129118919,10820.0,-0.177012354135513,10820.0,-0.193278029561043,10820.0,-0.110144905745983,10820.0,-0.186020284891129,10820.0,-0.197996810078621,10820.0,-0.199489027261734,10820.0,-0.109707452356815,10820.0,-0.138879403471947,10820.0,-0.147684201598167,10820.0,-0.196168705821037,10820.0,-0.158090397715569,10820.0,-0.0250431057065725,10820.0,-0.0759963989257813,10820.0,-0.124394990503788,10820.0,-0.136184126138687
10830.0,-0.248223587870598,10830.0,-0.219200044870377,10830.0,-0.237192302942276,10830.0,-0.118762210011482,10830.0,-0.211145311594009,10830.0,-0.144934177398682,10830.0,-0.153168588876724,10830.0,-0.209231287240982,10830.0,-0.228442296385765,10830.0,-0.149793535470963,10830.0,-0.219770342111588,10830.0,-0.221582889556885,10830.0,-0.233356341719627,10830.0,-0.122715286910534,10830.0,-0.152426347136497,10830.0,-0.165770158171654,10830.0,-0.189340591430664,10830.0,-0.158496662974358,10830.0,-0.0211055763065815,10830.0,-0.121488764882088,10830.0,-0.170293614268303,10830.0,-0.17482490837574
10840.0,-0.248043924570084,10840.0,-0.218715667724609,10840.0,-0.236957937479019,10840.0,-0.118168450891972,10840.0,-0.211153134703636,10840.0,-0.147082611918449,10840.0,-0.153082564473152,10840.0,-0.209270283579826,10840.0,-0.228176638484001,10840.0,-0.149215415120125,10840.0,-0.219614133238792,10840.0,-0.221348479390144,10840.0,-0.233192309737206,10840.0,-0.122574709355831,10840.0,-0.152176380157471,10840.0,-0.165535733103752,10840.0,-0.189801499247551,10840.0,-0.159004494547844,10840.0,-0.0190117843449116,10840.0,-0.121309094130993,10840.0,-0.170504570007324,10840.0,-0.174707695841789
10850.0,-0.247879847884178,10850.0,-0.218285948038101,10850.0,-0.236692294478416,10850.0,-0.117848113179207,10850.0,-0.210973456501961,10850.0,-0.145730972290039,10850.0,-0.152973279356956,10850.0,-0.209176540374756,10850.0,-0.227903231978416,10850.0,-0.148840427398682,10850.0,-0.219317242503166,10850.0,-0.221121892333031,10850.0,-0.233043864369392,10850.0,-0.122441865503788,10850.0,-0.151957616209984,10850.0,-0.165324881672859,10850.0,-0.19023123383522,10850.0,-0.159465417265892,10850.0,-0.017425823956728,10850.0,-0.121137142181396,10850.0,-0.170668601989746,10850.0,-0.174645230174065
10860.0,-0.247739225625992,10860.0,-0.217903137207031,10860.0,-0.236450105905533,10860.0,-0.117582514882088,10860.0,-0.210817247629166,10860.0,-0.147090435028076,10860.0,-0.152848243713379,10860.0,-0.209121897816658,10860.0,-0.227645397186279,10860.0,-0.148480996489525,10860.0,-0.219043835997581,10860.0,-0.220911026000977,10860.0,-0.232911020517349,10860.0,-0.122332476079464,10860.0,-0.151762291789055,10860.0,-0.165121749043465,10860.0,-0.190637394785881,10860.0,-0.159863859415054,10860.0,-0.0162539482116699,10860.0,-0.120980933308601,10860.0,-0.17082491517067,10860.0,-0.174613952636719
10870.0,-0.247622013092041,10870.0,-0.217598438262939,10870.0,-0.236270427703857,10870.0,-0.117426209151745,10870.0,-0.210637480020523,10870.0,-0.144684121012688,10870.0,-0.152770146727562,10870.0,-0.209074974060059,10870.0,-0.22739540040493,10870.0,-0.148145109415054,10870.0,-0.218770310282707,10870.0,-0.220707893371582,10870.0,-0.232786044478416,10870.0,-0.122238732874393,10870.0,-0.151574805378914,10870.0,-0.164934262633324,10870.0,-0.191004663705826,10870.0,-0.160231113433838,10870.0,-0.0154883386567235,10870.0,-0.120848082005978,10870.0,-0.170965477824211,10870.0,-0.174590498209
10880.0,-0.247504860162735,10880.0,-0.217270374298096,10880.0,-0.236082941293716,10880.0,-0.117324642837048,10880.0,-0.210465624928474,10880.0,-0.144207581877708,10880.0,-0.15267638862133,10880.0,-0.209012508392334,10880.0,-0.227161034941673,10880.0,-0.147824764251709,10880.0,-0.218520358204842,10880.0,-0.220512583851814,10880.0,-0.232684478163719,10880.0,-0.122168444097042,10880.0,-0.151410773396492,10880.0,-0.164762303233147,10880.0,-0.191348358988762,10880.0,-0.160551354289055,10880.0,-0.0149570470675826,10880.0,-0.120730876922607,10880.0,-0.171098336577415,10880.0,-0.174559220671654
10890.0,-0.247387647628784,10890.0,-0.216942220926285,10890.0,-0.235895439982414,10890.0,-0.117215253412724,10890.0,-0.210301592946053,10890.0,-0.143066987395287,10890.0,-0.152574822306633,10890.0,-0.208950042724609,10890.0,-0.226942256093025,10890.0,-0.147520065307617,10890.0,-0.218270406126976,10890.0,-0.220325097441673,10890.0,-0.232582911849022,10890.0,-0.12210588902235,10890.0,-0.151262283325195,10890.0,-0.164606094360352,10890.0,-0.191668704152107,10890.0,-0.160840421915054,10890.0,-0.0146133424714208,10890.0,-0.120621584355831,10890.0,-0.171207711100578,10890.0,-0.174520209431648
10900.0,-0.247270494699478,10900.0,-0.216614052653313,10900.0,-0.23570790886879,10900.0,-0.1171058639884,10900.0,-0.210160925984383,10900.0,-0.142332553863525,10900.0,-0.152481079101563,10900.0,-0.208895310759544,10900.0,-0.226739123463631,10900.0,-0.147231012582779,10900.0,-0.218035981059074,10900.0,-0.220153138041496,10900.0,-0.232496976852417,10900.0,-0.122059062123299,10900.0,-0.151121616363525,10900.0,-0.164449885487556,10900.0,-0.191965579986572,10900.0,-0.161098286509514,10900.0,-0.0144023895263672,10900.0,-0.120520018041134,10900.0,-0.171309277415276,10900.0,-0.174481108784676
10910.0,-0.247168928384781,10910.0,-0.216293811798096,10910.0,-0.235528230667114,10910.0,-0.116988755762577,10910.0,-0.21002034842968,10910.0,-0.141402915120125,10910.0,-0.152395159006119,10910.0,-0.20883284509182,10910.0,-0.22653603553772,10910.0,-0.146941944956779,10910.0,-0.217809394001961,10910.0,-0.219981297850609,10910.0,-0.2324188798666,10910.0,-0.122027777135372,10910.0,-0.150988861918449,10910.0,-0.16430139541626,10910.0,-0.192239001393318,10910.0,-0.161332607269287,10910.0,-0.0143008232116699,10910.0,-0.120418451726437,10910.0,-0.17139521241188,10910.0,-0.174449920654297
10920.0,-0.247059538960457,10920.0,-0.215981289744377,10920.0,-0.2353485673666,10920.0,-0.11686372756958,10920.0,-0.20990315079689,10920.0,-0.139887243509293,10920.0,-0.152316957712173,10920.0,-0.208778098225594,10920.0,-0.226348504424095,10920.0,-0.146668538451195,10920.0,-0.217598438262939,10920.0,-0.219825074076653,10920.0,-0.232340723276138,10920.0,-0.121996596455574,10920.0,-0.15087166428566,10920.0,-0.164168551564217,10920.0,-0.192496776580811,10920.0,-0.161551386117935,10920.0,-0.0143242841586471,10920.0,-0.120316885411739,10920.0,-0.171473309397697,10920.0,-0.174410820007324
10930.0,-0.246965795755386,10930.0,-0.215676590800285,10930.0,-0.235168844461441,10930.0,-0.116730883717537,10930.0,-0.209785938262939,10930.0,-0.139223203063011,10930.0,-0.152246668934822,10930.0,-0.208715632557869,10930.0,-0.226161003112793,10930.0,-0.146402940154076,10930.0,-0.217387586832047,10930.0,-0.21966877579689,10930.0,-0.232270434498787,10930.0,-0.121973134577274,10930.0,-0.150754451751709,10930.0,-0.164043620228767,10930.0,-0.192739009857178,10930.0,-0.16175451874733,10930.0,-0.014316463842988,10930.0,-0.120215319097042,10930.0,-0.171535775065422,10930.0,-0.174371719360352
10940.0,-0.246864229440689,10940.0,-0.215371891856194,10940.0,-0.234989166259766,10940.0,-0.116582490503788,10940.0,-0.209676548838615,10940.0,-0.137848183512688,10940.0,-0.152176380157471,10940.0,-0.208653166890144,10940.0,-0.225989148020744,10940.0,-0.146145060658455,10940.0,-0.217192277312279,10940.0,-0.219528198242188,10940.0,-0.232207924127579,10940.0,-0.121957495808601,10940.0,-0.150652885437012,10940.0,-0.163934230804443,10940.0,-0.192965611815453,10940.0,-0.161942005157471,10940.0,-0.0143789295107126,10940.0,-0.120121575891972,10940.0,-0.171598345041275,10940.0,-0.174332723021507
10950.0,-0.246770486235619,10950.0,-0.215067192912102,10950.0,-0.234809502959251,10950.0,-0.116441823542118,10950.0,-0.209582805633545,10950.0,-0.137020021677017,10950.0,-0.152113825082779,10950.0,-0.208598420023918,10950.0,-0.225817248225212,10950.0,-0.145895108580589,10950.0,-0.21699695289135,10950.0,-0.219395354390144,10950.0,-0.232145413756371,10950.0,-0.121941857039928,10950.0,-0.150566965341568,10950.0,-0.163824841380119,10950.0,-0.193184286355972,10950.0,-0.162113860249519,10950.0,-0.0144883161410689,10950.0,-0.120027832686901,10950.0,-0.171645164489746,10950.0,-0.174301430583
10960.0,-0.246676728129387,10960.0,-0.214778140187263,10960.0,-0.234629780054092,10960.0,-0.116293430328369,10960.0,-0.209489062428474,10960.0,-0.136020094156265,10960.0,-0.152051359415054,10960.0,-0.208535954356194,10960.0,-0.22565321624279,10960.0,-0.145652875304222,10960.0,-0.216809377074242,10960.0,-0.219270333647728,10960.0,-0.232090711593628,10960.0,-0.121926210820675,10960.0,-0.150481030344963,10960.0,-0.163738921284676,10960.0,-0.193387418985367,10960.0,-0.162277981638908,10960.0,-0.0146289831027389,10960.0,-0.119941905140877,10960.0,-0.171692088246346,10960.0,-0.174254611134529
10970.0,-0.24659076333046,10970.0,-0.214489087462425,10970.0,-0.234457924962044,10970.0,-0.116144947707653,10970.0,-0.209403142333031,10970.0,-0.135066896677017,10970.0,-0.151996716856956,10970.0,-0.208473399281502,10970.0,-0.225496962666512,10970.0,-0.145418554544449,10970.0,-0.216621875762939,10970.0,-0.219145402312279,10970.0,-0.232043847441673,10970.0,-0.121910572052002,10970.0,-0.150410756468773,10970.0,-0.163660809397697,10970.0,-0.193574905395508,10970.0,-0.162426382303238,10970.0,-0.014707088470459,10970.0,-0.119855880737305,10970.0,-0.171731099486351,10970.0,-0.174223333597183
10980.0,-0.246497020125389,10980.0,-0.214192196726799,10980.0,-0.234278246760368,10980.0,-0.115988731384277,10980.0,-0.209325030446053,10980.0,-0.134074687957764,10980.0,-0.15194196999073,10980.0,-0.208410933613777,10980.0,-0.225348517298698,10980.0,-0.145191952586174,10980.0,-0.216442212462425,10980.0,-0.219028189778328,10980.0,-0.231989145278931,10980.0,-0.121910572052002,10980.0,-0.15034818649292,10980.0,-0.163598254323006,10980.0,-0.193762496113777,10980.0,-0.162574872374535,10980.0,-0.0148086547851563,10980.0,-0.11976995319128,10980.0,-0.171770200133324,10980.0,-0.174199864268303
10990.0,-0.246411085128784,10990.0,-0.213910967111588,10990.0,-0.234106346964836,10990.0,-0.115832425653934,10990.0,-0.209254741668701,10990.0,-0.133082494139671,10990.0,-0.151887327432632,10990.0,-0.208348467946053,10990.0,-0.225207909941673,10990.0,-0.144973188638687,10990.0,-0.216270357370377,10990.0,-0.218910977244377,10990.0,-0.231942281126976,10990.0,-0.121910572052002,10990.0,-0.150293543934822,10990.0,-0.163551434874535,10990.0,-0.193934351205826,10990.0,-0.162699803709984,10990.0,-0.0149258617311716,10990.0,-0.11967620998621,10990.0,-0.17180147767067,10990.0,-0.174176409840584
11000.0,-0.24632516503334,11000.0,-0.213637545704842,11000.0,-0.233934506773949,11000.0,-0.115684032440186,11000.0,-0.209192186594009,11000.0,-0.132277876138687,11000.0,-0.151832580566406,11000.0,-0.208285912871361,11000.0,-0.225067242980003,11000.0,-0.144754409790039,11000.0,-0.216098502278328,11000.0,-0.218785956501961,11000.0,-0.231903225183487,11000.0,-0.121918395161629,11000.0,-0.150238901376724,11000.0,-0.163512334227562,11000.0,-0.194106206297874,11000.0,-0.1628248244524,11000.0,-0.0149961477145553,11000.0,-0.119590282440186,11000.0,-0.171832665801048,11000.0,-0.17416076362133
11010.0,-0.246239230036736,11010.0,-0.213356301188469,11010.0,-0.23375478386879,11010.0,-0.115535549819469,11010.0,-0.209129720926285,11010.0,-0.131551265716553,11010.0,-0.151777938008308,11010.0,-0.208215624094009,11010.0,-0.224926620721817,11010.0,-0.144551381468773,11010.0,-0.215934380888939,11010.0,-0.218676567077637,11010.0,-0.231856346130371,11010.0,-0.121918395161629,11010.0,-0.150199800729752,11010.0,-0.163481041789055,11010.0,-0.19426241517067,11010.0,-0.162934213876724,11010.0,-0.0151289943605661,11010.0,-0.119504354894161,11010.0,-0.171856120228767,11010.0,-0.174145221710205
11020.0,-0.246153265237808,11020.0,-0.213090613484383,11020.0,-0.233582928776741,11020.0,-0.115387156605721,11020.0,-0.209067150950432,11020.0,-0.130746558308601,11020.0,-0.151731014251709,11020.0,-0.208153158426285,11020.0,-0.224801644682884,11020.0,-0.144340425729752,11020.0,-0.215770348906517,11020.0,-0.218551635742188,11020.0,-0.231817290186882,11020.0,-0.121926210820675,11020.0,-0.150160700082779,11020.0,-0.16346549987793,11020.0,-0.194418713450432,11020.0,-0.163027957081795,11020.0,-0.0153164863586426,11020.0,-0.119418434798717,11020.0,-0.171871766448021,11020.0,-0.174137398600578
11030.0,-0.24607515335083,11030.0,-0.212817192077637,11030.0,-0.233411028981209,11030.0,-0.115254305303097,11030.0,-0.209012508392334,11030.0,-0.129809096455574,11030.0,-0.151684194803238,11030.0,-0.208090588450432,11030.0,-0.224676609039307,11030.0,-0.144145116209984,11030.0,-0.215606316924095,11030.0,-0.218442246317863,11030.0,-0.231778249144554,11030.0,-0.121941857039928,11030.0,-0.1501295119524,11030.0,-0.163457676768303,11030.0,-0.194567114114761,11030.0,-0.163098245859146,11030.0,-0.0154726980254054,11030.0,-0.119340322911739,11030.0,-0.17189522087574,11030.0,-0.174137398600578
11040.0,-0.245997056365013,11040.0,-0.212551593780518,11040.0,-0.23323917388916,11040.0,-0.115121558308601,11040.0,-0.208965584635735,11040.0,-0.129020020365715,11040.0,-0.151629447937012,11040.0,-0.208028122782707,11040.0,-0.224551633000374,11040.0,-0.143957614898682,11040.0,-0.215450003743172,11040.0,-0.218340680003166,11040.0,-0.231739148497581,11040.0,-0.121957495808601,11040.0,-0.150106057524681,11040.0,-0.163449868559837,11040.0,-0.194707781076431,11040.0,-0.16318416595459,11040.0,-0.0156523715704679,11040.0,-0.119254402816296,11040.0,-0.171903043985367,11040.0,-0.174137398600578
11050.0,-0.245911076664925,11050.0,-0.212278172373772,11050.0,-0.233067274093628,11050.0,-0.114988707005978,11050.0,-0.208918765187263,11050.0,-0.128152847290039,11050.0,-0.151582628488541,11050.0,-0.207965657114983,11050.0,-0.224434420466423,11050.0,-0.143777847290039,11050.0,-0.215293794870377,11050.0,-0.218254759907722,11050.0,-0.231707915663719,11050.0,-0.121980957686901,11050.0,-0.150090411305428,11050.0,-0.163457676768303,11050.0,-0.194848343729973,11050.0,-0.16327790915966,11050.0,-0.0157539378851652,11050.0,-0.11917620152235,11050.0,-0.171918585896492,11050.0,-0.174145221710205
11060.0,-0.245840787887573,11060.0,-0.212020307779312,11060.0,-0.232895419001579,11060.0,-0.114863686263561,11060.0,-0.208879664540291,11060.0,-0.12738724052906,11060.0,-0.151535704731941,11060.0,-0.207903102040291,11060.0,-0.224325090646744,11060.0,-0.143598183989525,11060.0,-0.215137585997581,11060.0,-0.218161016702652,11060.0,-0.23166885972023,11060.0,-0.122012138366699,11060.0,-0.150074765086174,11060.0,-0.16346549987793,11060.0,-0.194981202483177,11060.0,-0.163363933563232,11060.0,-0.0158867835998535,11060.0,-0.119090273976326,11060.0,-0.171926409006119,11060.0,-0.174145221710205
11070.0,-0.245762631297112,11070.0,-0.21176253259182,11070.0,-0.232715710997581,11070.0,-0.114738754928112,11070.0,-0.208840653300285,11070.0,-0.126644998788834,11070.0,-0.15148888528347,11070.0,-0.207840636372566,11070.0,-0.22421570122242,11070.0,-0.143426328897476,11070.0,-0.214989095926285,11070.0,-0.218075081706047,11070.0,-0.231637582182884,11070.0,-0.122043423354626,11070.0,-0.150074765086174,11070.0,-0.163488864898682,11070.0,-0.19511404633522,11070.0,-0.163442045450211,11070.0,-0.0159883499145508,11070.0,-0.119012169539928,11070.0,-0.171934232115746,11070.0,-0.174145221710205
11080.0,-0.245692357420921,11080.0,-0.211504742503166,11080.0,-0.232536032795906,11080.0,-0.114605903625488,11080.0,-0.208801552653313,11080.0,-0.126020058989525,11080.0,-0.151441961526871,11080.0,-0.207778170704842,11080.0,-0.224114134907722,11080.0,-0.143262296915054,11080.0,-0.214840695261955,11080.0,-0.217996880412102,11080.0,-0.231606349349022,11080.0,-0.122074700891972,11080.0,-0.150074765086174,11080.0,-0.163504511117935,11080.0,-0.19523897767067,11080.0,-0.163512334227562,11080.0,-0.0160429961979389,11080.0,-0.118926241993904,11080.0,-0.171942040324211,11080.0,-0.174153044819832
11090.0,-0.24561420083046,11090.0,-0.211246877908707,11090.0,-0.232364177703857,11090.0,-0.114488698542118,11090.0,-0.208762556314468,11090.0,-0.125269994139671,11090.0,-0.151395127177238,11090.0,-0.20771561563015,11090.0,-0.224012568593025,11090.0,-0.143098160624504,11090.0,-0.214684396982193,11090.0,-0.217918783426285,11090.0,-0.231567293405533,11090.0,-0.122113704681396,11090.0,-0.150082588195801,11090.0,-0.163527965545654,11090.0,-0.195363998413086,11090.0,-0.163590431213379,11090.0,-0.01607427559793,11090.0,-0.11884031444788,11090.0,-0.171942040324211,11090.0,-0.174153044819832
11100.0,-0.245543912053108,11100.0,-0.21099691092968,11100.0,-0.232184454798698,11100.0,-0.114371493458748,11100.0,-0.208731278777122,11100.0,-0.124668411910534,11100.0,-0.151356026530266,11100.0,-0.207653149962425,11100.0,-0.223918825387955,11100.0,-0.142941951751709,11100.0,-0.21454381942749,11100.0,-0.217848494648933,11100.0,-0.231543824076653,11100.0,-0.122160628437996,11100.0,-0.150106057524681,11100.0,-0.163559243083,11100.0,-0.195481210947037,11100.0,-0.163660809397697,11100.0,-0.0162149425595999,11100.0,-0.118762210011482,11100.0,-0.171949863433838,11100.0,-0.17416076362133
11110.0,-0.245473578572273,11110.0,-0.210746869444847,11110.0,-0.232012614607811,11110.0,-0.114254377782345,11110.0,-0.208699986338615,11110.0,-0.124027825891972,11110.0,-0.151309207081795,11110.0,-0.207598403096199,11110.0,-0.223825082182884,11110.0,-0.142785742878914,11110.0,-0.214395329356194,11110.0,-0.217770382761955,11110.0,-0.23151259124279,11110.0,-0.122191905975342,11110.0,-0.150137335062027,11110.0,-0.163582608103752,11110.0,-0.195598408579826,11110.0,-0.163731098175049,11110.0,-0.0163711551576853,11110.0,-0.118684008717537,11110.0,-0.171949863433838,11110.0,-0.17416076362133
11120.0,-0.245411068201065,11120.0,-0.21049690246582,11120.0,-0.231840714812279,11120.0,-0.114144995808601,11120.0,-0.208668813109398,11120.0,-0.123535633087158,11120.0,-0.151270106434822,11120.0,-0.207535937428474,11120.0,-0.223739147186279,11120.0,-0.142637252807617,11120.0,-0.214254766702652,11120.0,-0.217700004577637,11120.0,-0.231481358408928,11120.0,-0.122238732874393,11120.0,-0.150176331400871,11120.0,-0.163613900542259,11120.0,-0.195715621113777,11120.0,-0.163793563842773,11120.0,-0.0164961814880371,11120.0,-0.118605904281139,11120.0,-0.171949863433838,11120.0,-0.174168586730957
11130.0,-0.245340779423714,11130.0,-0.210246846079826,11130.0,-0.23166885972023,11130.0,-0.114043429493904,11130.0,-0.208637520670891,11130.0,-0.123145006597042,11130.0,-0.151223182678223,11130.0,-0.207481294870377,11130.0,-0.223645403981209,11130.0,-0.142496585845947,11130.0,-0.214106276631355,11130.0,-0.217629715800285,11130.0,-0.231457903981209,11130.0,-0.122270010411739,11130.0,-0.150223255157471,11130.0,-0.163645178079605,11130.0,-0.195825010538101,11130.0,-0.163856133818626,11130.0,-0.0166133884340525,11130.0,-0.118527792394161,11130.0,-0.171949863433838,11130.0,-0.174168586730957
11140.0,-0.245278269052505,11140.0,-0.209996894001961,11140.0,-0.231489136815071,11140.0,-0.11393404006958,11140.0,-0.208606243133545,11140.0,-0.122519969940186,11140.0,-0.151184186339378,11140.0,-0.207418724894524,11140.0,-0.223567292094231,11140.0,-0.142356023192406,11140.0,-0.213965609669685,11140.0,-0.217559441924095,11140.0,-0.231434494256973,11140.0,-0.122309021651745,11140.0,-0.150285720825195,11140.0,-0.163676366209984,11140.0,-0.195942118763924,11140.0,-0.163918599486351,11140.0,-0.0166367534548044,11140.0,-0.118449687957764,11140.0,-0.171942040324211,11140.0,-0.174176409840584
11150.0,-0.245215758681297,11150.0,-0.209746941924095,11150.0,-0.231317281723022,11150.0,-0.113832473754883,11150.0,-0.208582788705826,11150.0,-0.121848106384277,11150.0,-0.151145085692406,11150.0,-0.207364082336426,11150.0,-0.22348128259182,11150.0,-0.142215356230736,11150.0,-0.213825032114983,11150.0,-0.217489153146744,11150.0,-0.231403216719627,11150.0,-0.122340299189091,11150.0,-0.150363832712173,11150.0,-0.16370764374733,11150.0,-0.196043685078621,11150.0,-0.163973242044449,11150.0,-0.0167617797851563,11150.0,-0.118371583521366,11150.0,-0.171942040324211,11150.0,-0.174176409840584
11160.0,-0.245153293013573,11160.0,-0.209504708647728,11160.0,-0.23114538192749,11160.0,-0.113730907440186,11160.0,-0.208559423685074,11160.0,-0.121301271021366,11160.0,-0.1511060744524,11160.0,-0.207309350371361,11160.0,-0.223410993814468,11160.0,-0.14208260178566,11160.0,-0.213684365153313,11160.0,-0.217418774962425,11160.0,-0.231379792094231,11160.0,-0.122379399836063,11160.0,-0.15044192969799,11160.0,-0.163746744394302,11160.0,-0.196153074502945,11160.0,-0.164027974009514,11160.0,-0.0168164260685444,11160.0,-0.118293382227421,11160.0,-0.171934232115746,11160.0,-0.174168586730957
11170.0,-0.245090767741203,11170.0,-0.209262475371361,11170.0,-0.230973526835442,11170.0,-0.113629341125488,11170.0,-0.208535954356194,11170.0,-0.120777800679207,11170.0,-0.151066973805428,11170.0,-0.207254692912102,11170.0,-0.22333288192749,11170.0,-0.141949757933617,11170.0,-0.213551625609398,11170.0,-0.217348486185074,11170.0,-0.231356337666512,11170.0,-0.122410587966442,11170.0,-0.150535687804222,11170.0,-0.163777932524681,11170.0,-0.196254640817642,11170.0,-0.164082631468773,11170.0,-0.0167305003851652,11170.0,-0.118215277791023,11170.0,-0.171926409006119,11170.0,-0.174168586730957
11180.0,-0.245028257369995,11180.0,-0.209020331501961,11180.0,-0.230809450149536,11180.0,-0.113535597920418,11180.0,-0.208504676818848,11180.0,-0.120137214660645,11180.0,-0.151027873158455,11180.0,-0.207207784056664,11180.0,-0.223254784941673,11180.0,-0.141824722290039,11180.0,-0.213410958647728,11180.0,-0.217278197407722,11180.0,-0.231332927942276,11180.0,-0.122426226735115,11180.0,-0.150637254118919,11180.0,-0.163809210062027,11180.0,-0.196364030241966,11180.0,-0.164137363433838,11180.0,-0.0166367534548044,11180.0,-0.118144989013672,11180.0,-0.171918585896492,11180.0,-0.174168586730957
11190.0,-0.244973570108414,11190.0,-0.20878592133522,11190.0,-0.230637595057487,11190.0,-0.113434031605721,11190.0,-0.208481222391129,11190.0,-0.11967620998621,11190.0,-0.150988861918449,11190.0,-0.207153126597404,11190.0,-0.223184391856194,11190.0,-0.14169979095459,11190.0,-0.213270381093025,11190.0,-0.217207819223404,11190.0,-0.23130165040493,11190.0,-0.122457504272461,11190.0,-0.150738820433617,11190.0,-0.163832664489746,11190.0,-0.196473404765129,11190.0,-0.164192005991936,11190.0,-0.0165899284183979,11190.0,-0.118066884577274,11190.0,-0.171910762786865,11190.0,-0.174168586730957
11200.0,-0.244911104440689,11200.0,-0.20854377746582,11200.0,-0.230473518371582,11200.0,-0.113340280950069,11200.0,-0.208457857370377,11200.0,-0.119145013391972,11200.0,-0.150949761271477,11200.0,-0.207098484039307,11200.0,-0.223114117980003,11200.0,-0.141574770212173,11200.0,-0.213137537240982,11200.0,-0.217137530446053,11200.0,-0.231278225779533,11200.0,-0.122488789260387,11200.0,-0.150840386748314,11200.0,-0.163863942027092,11200.0,-0.196582794189453,11200.0,-0.164231106638908,11200.0,-0.0166367534548044,11200.0,-0.117996506392956,11200.0,-0.171903043985367,11200.0,-0.174168586730957
11210.0,-0.244856402277946,11210.0,-0.20830936729908,11210.0,-0.230301663279533,11210.0,-0.113246537744999,11210.0,-0.208434388041496,11210.0,-0.118559077382088,11210.0,-0.150910764932632,11210.0,-0.207051560282707,11210.0,-0.223043829202652,11210.0,-0.141457557678223,11210.0,-0.213004693388939,11210.0,-0.217075064778328,11210.0,-0.231254771351814,11210.0,-0.122527793049812,11210.0,-0.150957584381104,11210.0,-0.163887307047844,11210.0,-0.196692183613777,11210.0,-0.164277940988541,11210.0,-0.0166758541017771,11210.0,-0.117918394505978,11210.0,-0.17189522087574,11210.0,-0.17416076362133
11220.0,-0.244801715016365,11220.0,-0.208075046539307,11220.0,-0.230145409703255,11220.0,-0.113160610198975,11220.0,-0.208410933613777,11220.0,-0.11798095703125,11220.0,-0.150879487395287,11220.0,-0.207004651427269,11220.0,-0.222973540425301,11220.0,-0.141340360045433,11220.0,-0.212871938943863,11220.0,-0.217004686594009,11220.0,-0.231223538517952,11220.0,-0.122566893696785,11220.0,-0.151066973805428,11220.0,-0.163918599486351,11220.0,-0.1968092918396,11220.0,-0.164317041635513,11220.0,-0.0167930610477924,11220.0,-0.117848113179207,11220.0,-0.171887397766113,11220.0,-0.17416076362133
11230.0,-0.244747027754784,11230.0,-0.207848459482193,11230.0,-0.229981333017349,11230.0,-0.113066866993904,11230.0,-0.208387479186058,11230.0,-0.117402747273445,11230.0,-0.150832563638687,11230.0,-0.206957817077637,11230.0,-0.222903162240982,11230.0,-0.141223147511482,11230.0,-0.21273909509182,11230.0,-0.216942220926285,11230.0,-0.231200084090233,11230.0,-0.12260589748621,11230.0,-0.151168540120125,11230.0,-0.16394205391407,11230.0,-0.19692650437355,11230.0,-0.164348319172859,11230.0,-0.0167930610477924,11230.0,-0.117777824401855,11230.0,-0.171871766448021,11230.0,-0.174153044819832
11240.0,-0.244692325592041,11240.0,-0.207621857523918,11240.0,-0.229817301034927,11240.0,-0.11298093944788,11240.0,-0.208371922373772,11240.0,-0.116965293884277,11240.0,-0.150801375508308,11240.0,-0.206910893321037,11240.0,-0.222840696573257,11240.0,-0.141113862395287,11240.0,-0.212614059448242,11240.0,-0.216871932148933,11240.0,-0.231168851256371,11240.0,-0.122644998133183,11240.0,-0.151270106434822,11240.0,-0.163965418934822,11240.0,-0.197051525115967,11240.0,-0.164402961730957,11240.0,-0.016855526715517,11240.0,-0.117707446217537,11240.0,-0.171863943338394,11240.0,-0.174153044819832
11250.0,-0.24463763833046,11250.0,-0.207395270466805,11250.0,-0.229661032557487,11250.0,-0.112894915044308,11250.0,-0.208348467946053,11250.0,-0.116402819752693,11250.0,-0.150762274861336,11250.0,-0.206848427653313,11250.0,-0.222770407795906,11250.0,-0.141004472970963,11250.0,-0.212481305003166,11250.0,-0.216809377074242,11250.0,-0.23114538192749,11250.0,-0.122684098780155,11250.0,-0.151356026530266,11250.0,-0.163988873362541,11250.0,-0.197176560759544,11250.0,-0.164434239268303,11250.0,-0.0169024467468262,11250.0,-0.117637157440186,11250.0,-0.171848297119141,11250.0,-0.174145221710205
11260.0,-0.244590759277344,11260.0,-0.207168772816658,11260.0,-0.229496955871582,11260.0,-0.112808994948864,11260.0,-0.208332821726799,11260.0,-0.115832425653934,11260.0,-0.15073099732399,11260.0,-0.20680932700634,11260.0,-0.222707852721214,11260.0,-0.140895083546638,11260.0,-0.21235628426075,11260.0,-0.21673908829689,11260.0,-0.231114149093628,11260.0,-0.122730925679207,11260.0,-0.151441961526871,11260.0,-0.164012342691422,11260.0,-0.197301492094994,11260.0,-0.164481073617935,11260.0,-0.0169492717832327,11260.0,-0.117566876113415,11260.0,-0.171840474009514,11260.0,-0.174145221710205
11270.0,-0.244536072015762,11270.0,-0.20694999396801,11270.0,-0.229340702295303,11270.0,-0.11272306740284,11270.0,-0.20830936729908,11270.0,-0.115301229059696,11270.0,-0.150699809193611,11270.0,-0.206762507557869,11270.0,-0.222637563943863,11270.0,-0.140793517231941,11270.0,-0.212223440408707,11270.0,-0.216676622629166,11270.0,-0.231090739369392,11270.0,-0.122777841985226,11270.0,-0.151512339711189,11270.0,-0.164027974009514,11270.0,-0.197434335947037,11270.0,-0.164527997374535,11270.0,-0.0169570930302143,11270.0,-0.117496490478516,11270.0,-0.171824842691422,11270.0,-0.174137398600578
11280.0,-0.244489192962646,11280.0,-0.206723406910896,11280.0,-0.229176670312881,11280.0,-0.112644962966442,11280.0,-0.208293721079826,11280.0,-0.114801220595837,11280.0,-0.150668531656265,11280.0,-0.20671558380127,11280.0,-0.222575098276138,11280.0,-0.140684127807617,11280.0,-0.212106227874756,11280.0,-0.216614052653313,11280.0,-0.231059461832047,11280.0,-0.122824668884277,11280.0,-0.151574805378914,11280.0,-0.164051443338394,11280.0,-0.19756717979908,11280.0,-0.164559170603752,11280.0,-0.0170586593449116,11280.0,-0.117426209151745,11280.0,-0.171809196472168,11280.0,-0.174129590392113
11290.0,-0.244434505701065,11290.0,-0.206504732370377,11290.0,-0.229012593626976,11290.0,-0.112559035420418,11290.0,-0.208278089761734,11290.0,-0.114426232874393,11290.0,-0.150637254118919,11290.0,-0.206668764352798,11290.0,-0.22250472009182,11290.0,-0.14058256149292,11290.0,-0.211981296539307,11290.0,-0.216543778777122,11290.0,-0.231036052107811,11290.0,-0.12286376953125,11290.0,-0.151621624827385,11290.0,-0.164066985249519,11290.0,-0.197699934244156,11290.0,-0.164598271250725,11290.0,-0.0171680450439453,11290.0,-0.11736374348402,11290.0,-0.171793654561043,11290.0,-0.174129590392113
11300.0,-0.244387626647949,11300.0,-0.206293776631355,11300.0,-0.228856325149536,11300.0,-0.11248093098402,11300.0,-0.208262547850609,11300.0,-0.113996505737305,11300.0,-0.150606065988541,11300.0,-0.206629663705826,11300.0,-0.222442254424095,11300.0,-0.140480995178223,11300.0,-0.211864098906517,11300.0,-0.216481313109398,11300.0,-0.231012582778931,11300.0,-0.122902773320675,11300.0,-0.151652917265892,11300.0,-0.164082631468773,11300.0,-0.197832778096199,11300.0,-0.164637371897697,11300.0,-0.0171758662909269,11300.0,-0.117293454706669,11300.0,-0.171785831451416,11300.0,-0.174121767282486
11310.0,-0.244340762495995,11310.0,-0.206082820892334,11310.0,-0.228700071573257,11310.0,-0.112410545349121,11310.0,-0.208246901631355,11310.0,-0.113566875457764,11310.0,-0.150574788451195,11310.0,-0.206582829356194,11310.0,-0.222379788756371,11310.0,-0.140387251973152,11310.0,-0.211746886372566,11310.0,-0.216418743133545,11310.0,-0.230989173054695,11310.0,-0.122934058308601,11310.0,-0.151684194803238,11310.0,-0.164098262786865,11310.0,-0.197973445057869,11310.0,-0.164668560028076,11310.0,-0.0171680450439453,11310.0,-0.11722307652235,11310.0,-0.171770200133324,11310.0,-0.174113944172859
11320.0,-0.244293883442879,11320.0,-0.205879688262939,11320.0,-0.228543862700462,11320.0,-0.112332440912724,11320.0,-0.208231255412102,11320.0,-0.113176248967648,11320.0,-0.150551319122314,11320.0,-0.206535920500755,11320.0,-0.222317218780518,11320.0,-0.140285685658455,11320.0,-0.211629673838615,11320.0,-0.21635627746582,11320.0,-0.230973526835442,11320.0,-0.122973158955574,11320.0,-0.151692017912865,11320.0,-0.164113909006119,11320.0,-0.198114022612572,11320.0,-0.164699837565422,11320.0,-0.0171602256596088,11320.0,-0.117152787744999,11320.0,-0.17175455391407,11320.0,-0.174106121063232
11330.0,-0.24425482749939,11330.0,-0.205668732523918,11330.0,-0.228387594223022,11330.0,-0.112262152135372,11330.0,-0.208215624094009,11330.0,-0.112660601735115,11330.0,-0.150520130991936,11330.0,-0.20649690926075,11330.0,-0.222246930003166,11330.0,-0.140191942453384,11330.0,-0.211512476205826,11330.0,-0.216293811798096,11330.0,-0.230950072407722,11330.0,-0.122996523976326,11330.0,-0.151692017912865,11330.0,-0.164129540324211,11330.0,-0.198254689574242,11330.0,-0.164738938212395,11330.0,-0.0172148700803518,11330.0,-0.117082498967648,11330.0,-0.171738907694817,11330.0,-0.174098297953606
11340.0,-0.244207963347435,11340.0,-0.205465599894524,11340.0,-0.228231340646744,11340.0,-0.112199686467648,11340.0,-0.208199977874756,11340.0,-0.112254336476326,11340.0,-0.150496676564217,11340.0,-0.20644998550415,11340.0,-0.222184464335442,11340.0,-0.140098199248314,11340.0,-0.211395367980003,11340.0,-0.216231256723404,11340.0,-0.230926662683487,11340.0,-0.123012162744999,11340.0,-0.151684194803238,11340.0,-0.164145186543465,11340.0,-0.198395252227783,11340.0,-0.164770126342773,11340.0,-0.0172852519899607,11340.0,-0.117012120783329,11340.0,-0.171723276376724,11340.0,-0.17409048974514
11350.0,-0.244168907403946,11350.0,-0.205262467265129,11350.0,-0.228082895278931,11350.0,-0.112129308283329,11350.0,-0.208184346556664,11350.0,-0.114035606384277,11350.0,-0.150465399026871,11350.0,-0.206403166055679,11350.0,-0.22212190926075,11350.0,-0.140012264251709,11350.0,-0.211285978555679,11350.0,-0.216168791055679,11350.0,-0.230903193354607,11350.0,-0.123027801513672,11350.0,-0.151652917265892,11350.0,-0.164153009653091,11350.0,-0.19854374229908,11350.0,-0.164801403880119,11350.0,-0.0172774326056242,11350.0,-0.116941832005978,11350.0,-0.171707734465599,11350.0,-0.174082666635513
11360.0,-0.24412202835083,11360.0,-0.205059334635735,11360.0,-0.227926641702652,11360.0,-0.112066842615604,11360.0,-0.208168789744377,11360.0,-0.114098072052002,11360.0,-0.150449752807617,11360.0,-0.206364065408707,11360.0,-0.222067266702652,11360.0,-0.139926344156265,11360.0,-0.211176589131355,11360.0,-0.216106325387955,11360.0,-0.230887606739998,11360.0,-0.123043440282345,11360.0,-0.151621624827385,11360.0,-0.164168551564217,11360.0,-0.198684319853783,11360.0,-0.164840504527092,11360.0,-0.0171993263065815,11360.0,-0.116879366338253,11360.0,-0.171692088246346,11360.0,-0.174074843525887
11370.0,-0.244082972407341,11370.0,-0.20485620200634,11370.0,-0.227778196334839,11370.0,-0.112004280090332,11370.0,-0.208160981535912,11370.0,-0.113059043884277,11370.0,-0.150426387786865,11370.0,-0.206324964761734,11370.0,-0.222004696726799,11370.0,-0.139832600951195,11370.0,-0.211075022816658,11370.0,-0.216043755412102,11370.0,-0.230871960520744,11370.0,-0.123043440282345,11370.0,-0.151574805378914,11370.0,-0.164176374673843,11370.0,-0.198824986815453,11370.0,-0.164871692657471,11370.0,-0.0172305107116699,11370.0,-0.116808988153934,11370.0,-0.171676442027092,11370.0,-0.17406702041626
11380.0,-0.244043871760368,11380.0,-0.204660892486572,11380.0,-0.227629765868187,11380.0,-0.111949637532234,11380.0,-0.208145335316658,11380.0,-0.11269960552454,11380.0,-0.150402933359146,11380.0,-0.206278130412102,11380.0,-0.221942231059074,11380.0,-0.13974666595459,11380.0,-0.210965633392334,11380.0,-0.215989112854004,11380.0,-0.230856329202652,11380.0,-0.123051263391972,11380.0,-0.151527881622314,11380.0,-0.164192005991936,11380.0,-0.198965549468994,11380.0,-0.164902970194817,11380.0,-0.0173398982733488,11380.0,-0.116738699376583,11380.0,-0.171660810709,11380.0,-0.174059301614761
11390.0,-0.244012638926506,11390.0,-0.204457759857178,11390.0,-0.227473497390747,11390.0,-0.11188717186451,11390.0,-0.208137512207031,11390.0,-0.112449645996094,11390.0,-0.150379464030266,11390.0,-0.206239029765129,11390.0,-0.22187976539135,11390.0,-0.139660641551018,11390.0,-0.21085624396801,11390.0,-0.215926557779312,11390.0,-0.230840727686882,11390.0,-0.123051263391972,11390.0,-0.151473239064217,11390.0,-0.164199829101563,11390.0,-0.199106216430664,11390.0,-0.164934262633324,11390.0,-0.0172852519899607,11390.0,-0.116668418049812,11390.0,-0.171645164489746,11390.0,-0.174043655395508
11400.0,-0.243973597884178,11400.0,-0.204254731535912,11400.0,-0.227325066924095,11400.0,-0.111832432448864,11400.0,-0.208121880888939,11400.0,-0.112246513366699,11400.0,-0.150363832712173,11400.0,-0.206192210316658,11400.0,-0.221817210316658,11400.0,-0.139574721455574,11400.0,-0.210762500762939,11400.0,-0.215864092111588,11400.0,-0.23082509636879,11400.0,-0.123051263391972,11400.0,-0.151410773396492,11400.0,-0.164215475320816,11400.0,-0.199239060282707,11400.0,-0.164965435862541,11400.0,-0.0173007976263762,11400.0,-0.116605952382088,11400.0,-0.171621710062027,11400.0,-0.174028024077415
11410.0,-0.243934541940689,11410.0,-0.204059407114983,11410.0,-0.227176621556282,11410.0,-0.111777782440186,11410.0,-0.208106234669685,11410.0,-0.11184024810791,11410.0,-0.150340363383293,11410.0,-0.206145286560059,11410.0,-0.22176256775856,11410.0,-0.13948880136013,11410.0,-0.210653111338615,11410.0,-0.215801626443863,11410.0,-0.230809450149536,11410.0,-0.123059086501598,11410.0,-0.151340395212173,11410.0,-0.164223298430443,11410.0,-0.199371814727783,11410.0,-0.164988905191422,11410.0,-0.0173868183046579,11410.0,-0.116535566747189,11410.0,-0.171606168150902,11410.0,-0.174020200967789
11420.0,-0.243903264403343,11420.0,-0.203864097595215,11420.0,-0.227028176188469,11420.0,-0.111730866134167,11420.0,-0.208098411560059,11420.0,-0.111629299819469,11420.0,-0.150324821472168,11420.0,-0.206106290221214,11420.0,-0.221700102090836,11420.0,-0.139402866363525,11420.0,-0.210559368133545,11420.0,-0.215746879577637,11420.0,-0.230793863534927,11420.0,-0.123066902160645,11420.0,-0.151277929544449,11420.0,-0.164231106638908,11420.0,-0.199504658579826,11420.0,-0.165012359619141,11420.0,-0.0173398982733488,11420.0,-0.116473101079464,11420.0,-0.171590521931648,11420.0,-0.174004554748535
11430.0,-0.243864208459854,11430.0,-0.203668788075447,11430.0,-0.226887568831444,11430.0,-0.111676216125488,11430.0,-0.208082780241966,11430.0,-0.111348055303097,11430.0,-0.150309190154076,11430.0,-0.206059366464615,11430.0,-0.221645355224609,11430.0,-0.139316946268082,11430.0,-0.210457801818848,11430.0,-0.215684413909912,11430.0,-0.230778217315674,11430.0,-0.123066902160645,11430.0,-0.151215463876724,11430.0,-0.164246752858162,11430.0,-0.199629694223404,11430.0,-0.165035828948021,11430.0,-0.0173086170107126,11430.0,-0.116402819752693,11430.0,-0.171574875712395,11430.0,-0.173996731638908
11440.0,-0.243832975625992,11440.0,-0.203473374247551,11440.0,-0.226739123463631,11440.0,-0.111621476709843,11440.0,-0.20806722342968,11440.0,-0.111113741993904,11440.0,-0.150293543934822,11440.0,-0.206012532114983,11440.0,-0.221582889556885,11440.0,-0.139231011271477,11440.0,-0.21035623550415,11440.0,-0.215629771351814,11440.0,-0.230762585997581,11440.0,-0.123066902160645,11440.0,-0.151152893900871,11440.0,-0.164254575967789,11440.0,-0.199746891856194,11440.0,-0.165059193968773,11440.0,-0.0172852519899607,11440.0,-0.116332434117794,11440.0,-0.171551421284676,11440.0,-0.173981100320816
11450.0,-0.243793874979019,11450.0,-0.203278064727783,11450.0,-0.226590678095818,11450.0,-0.111574649810791,11450.0,-0.208059415221214,11450.0,-0.111379340291023,11450.0,-0.150285720825195,11450.0,-0.205965623259544,11450.0,-0.22152815759182,11450.0,-0.13915291428566,11450.0,-0.210254669189453,11450.0,-0.215567216277122,11450.0,-0.230746984481812,11450.0,-0.123074725270271,11450.0,-0.151090428233147,11450.0,-0.164270117878914,11450.0,-0.199864014983177,11450.0,-0.165082648396492,11450.0,-0.0172617919743061,11450.0,-0.116269968450069,11450.0,-0.171535775065422,11450.0,-0.173965454101563
11460.0,-0.243762642145157,11460.0,-0.203082755208015,11460.0,-0.226442247629166,11460.0,-0.111519910395145,11460.0,-0.208043769001961,11460.0,-0.110691837966442,11460.0,-0.150270089507103,11460.0,-0.205918788909912,11460.0,-0.221465691924095,11460.0,-0.139074712991714,11460.0,-0.210160925984383,11460.0,-0.215512558817863,11460.0,-0.230731353163719,11460.0,-0.123074725270271,11460.0,-0.151035696268082,11460.0,-0.164285764098167,11460.0,-0.19997338950634,11460.0,-0.165106102824211,11460.0,-0.0172774326056242,11460.0,-0.116207502782345,11460.0,-0.17152014374733,11460.0,-0.173949912190437
11470.0,-0.243731409311295,11470.0,-0.202895268797874,11470.0,-0.226293802261353,11470.0,-0.111465267837048,11470.0,-0.208035945892334,11470.0,-0.110152721405029,11470.0,-0.150254443287849,11470.0,-0.205879688262939,11470.0,-0.221411034464836,11470.0,-0.13898877799511,11470.0,-0.210067182779312,11470.0,-0.215450003743172,11470.0,-0.230723530054092,11470.0,-0.123074725270271,11470.0,-0.150981053709984,11470.0,-0.16430139541626,11470.0,-0.200082778930664,11470.0,-0.165121749043465,11470.0,-0.0172852519899607,11470.0,-0.116152763366699,11470.0,-0.171496778726578,11470.0,-0.173934265971184
11480.0,-0.243700131773949,11480.0,-0.202707767486572,11480.0,-0.226137593388557,11480.0,-0.111410617828369,11480.0,-0.208020314574242,11480.0,-0.109848022460938,11480.0,-0.150246620178223,11480.0,-0.20583276450634,11480.0,-0.221356302499771,11480.0,-0.138910681009293,11480.0,-0.209973439574242,11480.0,-0.215395361185074,11480.0,-0.230707883834839,11480.0,-0.123059086501598,11480.0,-0.150926306843758,11480.0,-0.164317041635513,11480.0,-0.200184345245361,11480.0,-0.165145114064217,11480.0,-0.0173164363950491,11480.0,-0.116090297698975,11480.0,-0.171481132507324,11480.0,-0.173926457762718
11490.0,-0.243676707148552,11490.0,-0.202520281076431,11490.0,-0.225996971130371,11490.0,-0.11136370152235,11490.0,-0.208012491464615,11490.0,-0.109566785395145,11490.0,-0.150231078267097,11490.0,-0.205785945057869,11490.0,-0.221301659941673,11490.0,-0.138824746012688,11490.0,-0.209871873259544,11490.0,-0.215340614318848,11490.0,-0.230700120329857,11490.0,-0.123051263391972,11490.0,-0.15087166428566,11490.0,-0.164332672953606,11490.0,-0.200285911560059,11490.0,-0.16516076028347,11490.0,-0.0172383319586515,11490.0,-0.116027735173702,11490.0,-0.171465501189232,11490.0,-0.173910811543465
11500.0,-0.243637666106224,11500.0,-0.202332779765129,11500.0,-0.225840717554092,11500.0,-0.111309051513672,11500.0,-0.207996845245361,11500.0,-0.109215259552002,11500.0,-0.150223255157471,11500.0,-0.20573902130127,11500.0,-0.221246913075447,11500.0,-0.138746649026871,11500.0,-0.209785938262939,11500.0,-0.21528597176075,11500.0,-0.230684474110603,11500.0,-0.123051263391972,11500.0,-0.150817021727562,11500.0,-0.164348319172859,11500.0,-0.200379654765129,11500.0,-0.165176391601563,11500.0,-0.0172226913273335,11500.0,-0.115973092615604,11500.0,-0.171442031860352,11500.0,-0.173895165324211
11510.0,-0.243614196777344,11510.0,-0.202145293354988,11510.0,-0.225692272186279,11510.0,-0.111254312098026,11510.0,-0.207981303334236,11510.0,-0.108855918049812,11510.0,-0.150215432047844,11510.0,-0.205692201852798,11510.0,-0.221200093626976,11510.0,-0.138668537139893,11510.0,-0.209692195057869,11510.0,-0.215231329202652,11510.0,-0.230676651000977,11510.0,-0.123059086501598,11510.0,-0.150770097970963,11510.0,-0.164363861083984,11510.0,-0.200473412871361,11510.0,-0.165199860930443,11510.0,-0.0172696113586426,11510.0,-0.115918450057507,11510.0,-0.171426400542259,11510.0,-0.173879534006119
11520.0,-0.243582963943481,11520.0,-0.201957806944847,11520.0,-0.225543841719627,11520.0,-0.111207485198975,11520.0,-0.207973480224609,11520.0,-0.108543395996094,11520.0,-0.150207623839378,11520.0,-0.205645278096199,11520.0,-0.22114534676075,11520.0,-0.138590335845947,11520.0,-0.209598451852798,11520.0,-0.215176582336426,11520.0,-0.230661019682884,11520.0,-0.123066902160645,11520.0,-0.15072326362133,11520.0,-0.164387330412865,11520.0,-0.200551509857178,11520.0,-0.165215492248535,11520.0,-0.0172774326056242,11520.0,-0.115855887532234,11520.0,-0.171410843729973,11520.0,-0.173863992094994
11530.0,-0.243551686406136,11530.0,-0.201778128743172,11530.0,-0.225387573242188,11530.0,-0.111152745783329,11530.0,-0.207957848906517,11530.0,-0.108426190912724,11530.0,-0.150191977620125,11530.0,-0.205598458647728,11530.0,-0.221090704202652,11530.0,-0.13851223886013,11530.0,-0.209504708647728,11530.0,-0.215114116668701,11530.0,-0.230653241276741,11530.0,-0.123074725270271,11530.0,-0.150684162974358,11530.0,-0.164402961730957,11530.0,-0.200637444853783,11530.0,-0.165231138467789,11530.0,-0.0172852519899607,11530.0,-0.115801237523556,11530.0,-0.171387389302254,11530.0,-0.173856168985367
11540.0,-0.2435282766819,11540.0,-0.201598450541496,11540.0,-0.225239142775536,11540.0,-0.111105918884277,11540.0,-0.207942202687263,11540.0,-0.108254335820675,11540.0,-0.150191977620125,11540.0,-0.205551534891129,11540.0,-0.221043780446053,11540.0,-0.138426303863525,11540.0,-0.209418773651123,11540.0,-0.215067192912102,11540.0,-0.230645418167114,11540.0,-0.12308245152235,11540.0,-0.150637254118919,11540.0,-0.164418607950211,11540.0,-0.200707823038101,11540.0,-0.165238857269287,11540.0,-0.0172305107116699,11540.0,-0.11574649810791,11540.0,-0.171371743083,11540.0,-0.173840522766113
11550.0,-0.243497043848038,11550.0,-0.201410964131355,11550.0,-0.225090697407722,11550.0,-0.111051179468632,11550.0,-0.20792655646801,11550.0,-0.108355902135372,11550.0,-0.150176331400871,11550.0,-0.205496892333031,11550.0,-0.220989137887955,11550.0,-0.138340383768082,11550.0,-0.209325030446053,11550.0,-0.215004727244377,11550.0,-0.230629786849022,11550.0,-0.123090267181396,11550.0,-0.150598242878914,11550.0,-0.16444206237793,11550.0,-0.200778111815453,11550.0,-0.165254503488541,11550.0,-0.0171915050595999,11550.0,-0.115691855549812,11550.0,-0.171348288655281,11550.0,-0.173824891448021
11560.0,-0.243465766310692,11560.0,-0.201231196522713,11560.0,-0.224942252039909,11560.0,-0.111012175679207,11560.0,-0.207918748259544,11560.0,-0.108113668859005,11560.0,-0.150168523192406,11560.0,-0.205449968576431,11560.0,-0.220942214131355,11560.0,-0.13827009499073,11560.0,-0.209239110350609,11560.0,-0.214949995279312,11560.0,-0.230621963739395,11560.0,-0.123105905950069,11560.0,-0.150559142231941,11560.0,-0.164457604289055,11560.0,-0.200848385691643,11560.0,-0.165262326598167,11560.0,-0.0172383319586515,11560.0,-0.115637116134167,11560.0,-0.171332642436028,11560.0,-0.173809245228767
11570.0,-0.243442341685295,11570.0,-0.201051518321037,11570.0,-0.224793821573257,11570.0,-0.110965251922607,11570.0,-0.207903102040291,11570.0,-0.107621483504772,11570.0,-0.150160700082779,11570.0,-0.205403134226799,11570.0,-0.220895394682884,11570.0,-0.138191893696785,11570.0,-0.209153175354004,11570.0,-0.21490316092968,11570.0,-0.230614140629768,11570.0,-0.123105905950069,11570.0,-0.150520130991936,11570.0,-0.164473250508308,11570.0,-0.200910955667496,11570.0,-0.16527795791626,11570.0,-0.0171524044126272,11570.0,-0.115582466125488,11570.0,-0.171309277415276,11570.0,-0.173793599009514
11580.0,-0.243411064147949,11580.0,-0.200871855020523,11580.0,-0.224645376205444,11580.0,-0.110926151275635,11580.0,-0.207895278930664,11580.0,-0.107207395136356,11580.0,-0.150152876973152,11580.0,-0.205356225371361,11580.0,-0.220848470926285,11580.0,-0.138113781809807,11580.0,-0.209059432148933,11580.0,-0.214848428964615,11580.0,-0.23059855401516,11580.0,-0.123113729059696,11580.0,-0.150481030344963,11580.0,-0.164488896727562,11580.0,-0.20097342133522,11580.0,-0.165285781025887,11580.0,-0.0171836856752634,11580.0,-0.115520000457764,11580.0,-0.171293646097183,11580.0,-0.173777967691422
11590.0,-0.243387654423714,11590.0,-0.200692176818848,11590.0,-0.224496945738792,11590.0,-0.110879324376583,11590.0,-0.207879737019539,11590.0,-0.107113651931286,11590.0,-0.150145053863525,11590.0,-0.205309391021729,11590.0,-0.220801636576653,11590.0,-0.138043507933617,11590.0,-0.208973407745361,11590.0,-0.214793786406517,11590.0,-0.230590730905533,11590.0,-0.123113729059696,11590.0,-0.150449752807617,11590.0,-0.164504528045654,11590.0,-0.201028063893318,11590.0,-0.16530142724514,11590.0,-0.0170977599918842,11590.0,-0.115465261042118,11590.0,-0.17127799987793,11590.0,-0.173762425780296
11600.0,-0.243356376886368,11600.0,-0.200520321726799,11600.0,-0.224348500370979,11600.0,-0.11084022372961,11600.0,-0.207864090800285,11600.0,-0.106832407414913,11600.0,-0.150145053863525,11600.0,-0.205254659056664,11600.0,-0.220754727721214,11600.0,-0.137973219156265,11600.0,-0.208887487649918,11600.0,-0.214739128947258,11600.0,-0.230582907795906,11600.0,-0.123121552169323,11600.0,-0.150410756468773,11600.0,-0.164520174264908,11600.0,-0.20109061896801,11600.0,-0.165317058563232,11600.0,-0.0172148700803518,11600.0,-0.115394972264767,11600.0,-0.171254545450211,11600.0,-0.173746779561043
11610.0,-0.243332967162132,11610.0,-0.200340554118156,11610.0,-0.224200055003166,11610.0,-0.110801219940186,11610.0,-0.207848459482193,11610.0,-0.106348037719727,11610.0,-0.1501295119524,11610.0,-0.205207824707031,11610.0,-0.220700070261955,11610.0,-0.137902840971947,11610.0,-0.208801552653313,11610.0,-0.214684396982193,11610.0,-0.230575084686279,11610.0,-0.123121552169323,11610.0,-0.150379464030266,11610.0,-0.164527997374535,11610.0,-0.201145276427269,11610.0,-0.165324881672859,11610.0,-0.0172774326056242,11610.0,-0.115340232849121,11610.0,-0.17123107612133,11610.0,-0.173731133341789
11620.0,-0.243309497833252,11620.0,-0.200160890817642,11620.0,-0.224059447646141,11620.0,-0.110762119293213,11620.0,-0.207840636372566,11620.0,-0.106613636016846,11620.0,-0.1501295119524,11620.0,-0.205153092741966,11620.0,-0.220653161406517,11620.0,-0.137824729084969,11620.0,-0.208715632557869,11620.0,-0.214637562632561,11620.0,-0.230559453368187,11620.0,-0.123113729059696,11620.0,-0.15034818649292,11620.0,-0.164543628692627,11620.0,-0.201200008392334,11620.0,-0.165340423583984,11620.0,-0.0172617919743061,11620.0,-0.115254305303097,11620.0,-0.171215534210205,11620.0,-0.173715502023697
11630.0,-0.24327826499939,11630.0,-0.199989035725594,11630.0,-0.223911002278328,11630.0,-0.110730841755867,11630.0,-0.207824990153313,11630.0,-0.106066800653934,11630.0,-0.150121688842773,11630.0,-0.205106258392334,11630.0,-0.220606327056885,11630.0,-0.137754440307617,11630.0,-0.208629712462425,11630.0,-0.214582830667496,11630.0,-0.230551674962044,11630.0,-0.123113729059696,11630.0,-0.150309190154076,11630.0,-0.164551451802254,11630.0,-0.201246842741966,11630.0,-0.165348246693611,11630.0,-0.0172617919743061,11630.0,-0.115207485854626,11630.0,-0.171199902892113,11630.0,-0.173699855804443
11640.0,-0.243254810571671,11640.0,-0.199817180633545,11640.0,-0.22376261651516,11640.0,-0.110699653625488,11640.0,-0.20780935883522,11640.0,-0.106082439422607,11640.0,-0.150113865733147,11640.0,-0.205059334635735,11640.0,-0.220559403300285,11640.0,-0.137684151530266,11640.0,-0.208551600575447,11640.0,-0.214528188109398,11640.0,-0.23053602874279,11640.0,-0.123098090291023,11640.0,-0.150277897715569,11640.0,-0.164551451802254,11640.0,-0.201301574707031,11640.0,-0.165356069803238,11640.0,-0.0172696113586426,11640.0,-0.115160562098026,11640.0,-0.171176433563232,11640.0,-0.173684224486351
11650.0,-0.243231400847435,11650.0,-0.199645325541496,11650.0,-0.223614126443863,11650.0,-0.110668376088142,11650.0,-0.207801535725594,11650.0,-0.105496503412724,11650.0,-0.150106057524681,11650.0,-0.205004692077637,11650.0,-0.220512583851814,11650.0,-0.137621596455574,11650.0,-0.208465680480003,11650.0,-0.214481264352798,11650.0,-0.23053602874279,11650.0,-0.123090267181396,11650.0,-0.150238901376724,11650.0,-0.164559170603752,11650.0,-0.201348409056664,11650.0,-0.165356069803238,11650.0,-0.0172930713742971,11650.0,-0.115105919539928,11650.0,-0.171152979135513,11650.0,-0.173668667674065
11660.0,-0.243200168013573,11660.0,-0.19947338104248,11660.0,-0.223473459482193,11660.0,-0.110644914209843,11660.0,-0.207785993814468,11660.0,-0.105137161910534,11660.0,-0.150106057524681,11660.0,-0.204957768321037,11660.0,-0.220465660095215,11660.0,-0.137551307678223,11660.0,-0.208379656076431,11660.0,-0.214434430003166,11660.0,-0.230520397424698,11660.0,-0.123090267181396,11660.0,-0.150199800729752,11660.0,-0.164566993713379,11660.0,-0.201395317912102,11660.0,-0.165363892912865,11660.0,-0.0173242576420307,11660.0,-0.115058995783329,11660.0,-0.17113733291626,11660.0,-0.173653036355972
11670.0,-0.243176698684692,11670.0,-0.199301525950432,11670.0,-0.22333288192749,11670.0,-0.110605910420418,11670.0,-0.207770347595215,11670.0,-0.105105876922607,11670.0,-0.150098234415054,11670.0,-0.204903125762939,11670.0,-0.220418840646744,11670.0,-0.137481018900871,11670.0,-0.208301544189453,11670.0,-0.214379698038101,11670.0,-0.230512574315071,11670.0,-0.123090267181396,11670.0,-0.150168523192406,11670.0,-0.164566993713379,11670.0,-0.201442152261734,11670.0,-0.165363892912865,11670.0,-0.0172226913273335,11670.0,-0.115004353225231,11670.0,-0.171121701598167,11670.0,-0.173629567027092
11680.0,-0.24314546585083,11680.0,-0.199121862649918,11680.0,-0.22319221496582,11680.0,-0.110582448542118,11680.0,-0.207754716277122,11680.0,-0.104699611663818,11680.0,-0.150090411305428,11680.0,-0.20485620200634,11680.0,-0.220371916890144,11680.0,-0.13741846382618,11680.0,-0.208215624094009,11680.0,-0.214332863688469,11680.0,-0.230496987700462,11680.0,-0.123090267181396,11680.0,-0.1501295119524,11680.0,-0.164559170603752,11680.0,-0.201496884226799,11680.0,-0.16537170112133,11680.0,-0.0171524044126272,11680.0,-0.114965252578259,11680.0,-0.171098336577415,11680.0,-0.173621758818626
11690.0,-0.243122011423111,11690.0,-0.198950007557869,11690.0,-0.223051652312279,11690.0,-0.110551171004772,11690.0,-0.207746893167496,11690.0,-0.104301169514656,11690.0,-0.150090411305428,11690.0,-0.204801559448242,11690.0,-0.220317274332047,11690.0,-0.137348175048828,11690.0,-0.208129689097404,11690.0,-0.214278131723404,11690.0,-0.230489164590836,11690.0,-0.123074725270271,11690.0,-0.150090411305428,11690.0,-0.164559170603752,11690.0,-0.201543718576431,11690.0,-0.165363892912865,11690.0,-0.0171211250126362,11690.0,-0.11491060256958,11690.0,-0.171074867248535,11690.0,-0.173598289489746
11700.0,-0.243098601698875,11700.0,-0.198778063058853,11700.0,-0.222910985350609,11700.0,-0.110519982874393,11700.0,-0.207731246948242,11700.0,-0.104012109339237,11700.0,-0.150082588195801,11700.0,-0.204754635691643,11700.0,-0.220270350575447,11700.0,-0.137285709381104,11700.0,-0.208051592111588,11700.0,-0.214231297373772,11700.0,-0.230473518371582,11700.0,-0.123074725270271,11700.0,-0.150059133768082,11700.0,-0.164551451802254,11700.0,-0.201598450541496,11700.0,-0.16537170112133,11700.0,-0.0170586593449116,11700.0,-0.114863686263561,11700.0,-0.171059235930443,11700.0,-0.173582658171654
11710.0,-0.243067309260368,11710.0,-0.198606207966805,11710.0,-0.222770407795906,11710.0,-0.110488705337048,11710.0,-0.20771561563015,11710.0,-0.103816799819469,11710.0,-0.150082588195801,11710.0,-0.204699993133545,11710.0,-0.220223531126976,11710.0,-0.137215331196785,11710.0,-0.207973480224609,11710.0,-0.214184388518333,11710.0,-0.230465695261955,11710.0,-0.12308245152235,11710.0,-0.150020122528076,11710.0,-0.164543628692627,11710.0,-0.201645284891129,11710.0,-0.165379524230957,11710.0,-0.0169570930302143,11710.0,-0.11481685936451,11710.0,-0.171043589711189,11710.0,-0.173567101359367
11720.0,-0.243043899536133,11720.0,-0.198434352874756,11720.0,-0.222637563943863,11720.0,-0.110465243458748,11720.0,-0.207707792520523,11720.0,-0.103504277765751,11720.0,-0.150074765086174,11720.0,-0.204653069376945,11720.0,-0.220176607370377,11720.0,-0.13715286552906,11720.0,-0.207895278930664,11720.0,-0.214137554168701,11720.0,-0.230450108647346,11720.0,-0.123090267181396,11720.0,-0.149981021881104,11720.0,-0.164535805583,11720.0,-0.201700016856194,11720.0,-0.165387347340584,11720.0,-0.0168633460998535,11720.0,-0.114777758717537,11720.0,-0.171020224690437,11720.0,-0.173551470041275
11730.0,-0.243020445108414,11730.0,-0.198270320892334,11730.0,-0.22250472009182,11730.0,-0.110441781580448,11730.0,-0.20769214630127,11730.0,-0.103199578821659,11730.0,-0.150074765086174,11730.0,-0.204606249928474,11730.0,-0.220137596130371,11730.0,-0.137090399861336,11730.0,-0.207824990153313,11730.0,-0.214098453521729,11730.0,-0.23044228553772,11730.0,-0.123090267181396,11730.0,-0.149942025542259,11730.0,-0.164520174264908,11730.0,-0.201754674315453,11730.0,-0.165395170450211,11730.0,-0.0169024467468262,11730.0,-0.114730931818485,11730.0,-0.171004578471184,11730.0,-0.173528000712395
11740.0,-0.242997035384178,11740.0,-0.198090553283691,11740.0,-0.222364142537117,11740.0,-0.110418416559696,11740.0,-0.207676604390144,11740.0,-0.102973081171513,11740.0,-0.150066956877708,11740.0,-0.204551607370377,11740.0,-0.220082864165306,11740.0,-0.137020021677017,11740.0,-0.207739070057869,11740.0,-0.214043810963631,11740.0,-0.230434462428093,11740.0,-0.123098090291023,11740.0,-0.149902924895287,11740.0,-0.164504528045654,11740.0,-0.20180931687355,11740.0,-0.165402993559837,11740.0,-0.0168477054685354,11740.0,-0.114691831171513,11740.0,-0.170981124043465,11740.0,-0.173512369394302
11750.0,-0.242965742945671,11750.0,-0.19792652130127,11750.0,-0.222231298685074,11750.0,-0.11038713902235,11750.0,-0.207660958170891,11750.0,-0.102808952331543,11750.0,-0.150066956877708,11750.0,-0.20449686050415,11750.0,-0.220036029815674,11750.0,-0.136957556009293,11750.0,-0.207668781280518,11750.0,-0.214004710316658,11750.0,-0.230418831110001,11750.0,-0.123105905950069,11750.0,-0.149871632456779,11750.0,-0.164488896727562,11750.0,-0.201871871948242,11750.0,-0.165410801768303,11750.0,-0.0168242454528809,11750.0,-0.11465273052454,11750.0,-0.170965477824211,11750.0,-0.173481091856956
11760.0,-0.242942333221436,11760.0,-0.197754666209221,11760.0,-0.222098544239998,11760.0,-0.110363677144051,11760.0,-0.207653149962425,11760.0,-0.102535538375378,11760.0,-0.150066956877708,11760.0,-0.204450041055679,11760.0,-0.219989106059074,11760.0,-0.136895090341568,11760.0,-0.207590684294701,11760.0,-0.213957890868187,11760.0,-0.230411008000374,11760.0,-0.123113729059696,11760.0,-0.149832636117935,11760.0,-0.164465427398682,11760.0,-0.201934337615967,11760.0,-0.165426447987556,11760.0,-0.0168087016791105,11760.0,-0.114605903625488,11760.0,-0.170949846506119,11760.0,-0.17346553504467
11770.0,-0.242918878793716,11770.0,-0.197590634226799,11770.0,-0.221973523497581,11770.0,-0.110340215265751,11770.0,-0.207637503743172,11770.0,-0.102277755737305,11770.0,-0.150066956877708,11770.0,-0.204395294189453,11770.0,-0.219942286610603,11770.0,-0.136832520365715,11770.0,-0.207520291209221,11770.0,-0.213910967111588,11770.0,-0.230395421385765,11770.0,-0.123113729059696,11770.0,-0.149793535470963,11770.0,-0.16444206237793,11770.0,-0.201989084482193,11770.0,-0.165434271097183,11770.0,-0.0167696010321379,11770.0,-0.114566802978516,11770.0,-0.170926377177238,11770.0,-0.173449903726578
11780.0,-0.242895469069481,11780.0,-0.19742651283741,11780.0,-0.221840664744377,11780.0,-0.110324673354626,11780.0,-0.207621857523918,11780.0,-0.10219182819128,11780.0,-0.150059133768082,11780.0,-0.204348474740982,11780.0,-0.219895362854004,11780.0,-0.13677005469799,11780.0,-0.207442194223404,11780.0,-0.213871866464615,11780.0,-0.230387598276138,11780.0,-0.123121552169323,11780.0,-0.149762257933617,11780.0,-0.164418607950211,11780.0,-0.202051550149918,11780.0,-0.165441989898682,11780.0,-0.0167617797851563,11780.0,-0.114519976079464,11780.0,-0.170903012156487,11780.0,-0.173434257507324
11790.0,-0.242871999740601,11790.0,-0.197254657745361,11790.0,-0.221707925200462,11790.0,-0.110293388366699,11790.0,-0.207614049315453,11790.0,-0.101863674819469,11790.0,-0.150059133768082,11790.0,-0.204293727874756,11790.0,-0.219848439097404,11790.0,-0.136707589030266,11790.0,-0.207371905446053,11790.0,-0.213832855224609,11790.0,-0.230371952056885,11790.0,-0.123121552169323,11790.0,-0.149723246693611,11790.0,-0.16439513862133,11790.0,-0.202121838927269,11790.0,-0.165457636117935,11790.0,-0.0167930610477924,11790.0,-0.114480875432491,11790.0,-0.170887380838394,11790.0,-0.173418626189232
11800.0,-0.242848590016365,11800.0,-0.197090625762939,11800.0,-0.221575066447258,11800.0,-0.1102699264884,11800.0,-0.207598403096199,11800.0,-0.10159807652235,11800.0,-0.150059133768082,11800.0,-0.204246908426285,11800.0,-0.219801619648933,11800.0,-0.136652857065201,11800.0,-0.207301527261734,11800.0,-0.21378593146801,11800.0,-0.230356365442276,11800.0,-0.123113729059696,11800.0,-0.149691969156265,11800.0,-0.164363861083984,11800.0,-0.202184394001961,11800.0,-0.165473267436028,11800.0,-0.0168164260685444,11800.0,-0.114441871643066,11800.0,-0.170863911509514,11800.0,-0.173395156860352
11810.0,-0.242817312479019,11810.0,-0.19692650437355,11810.0,-0.221442222595215,11810.0,-0.110238745808601,11810.0,-0.207582861185074,11810.0,-0.101527690887451,11810.0,-0.150059133768082,11810.0,-0.204192161560059,11810.0,-0.219754695892334,11810.0,-0.136590391397476,11810.0,-0.207223415374756,11810.0,-0.213746935129166,11810.0,-0.230348542332649,11810.0,-0.123113729059696,11810.0,-0.149660691618919,11810.0,-0.164332672953606,11810.0,-0.202254682779312,11810.0,-0.165488913655281,11810.0,-0.0168320666998625,11810.0,-0.114402770996094,11810.0,-0.170848280191422,11810.0,-0.173379525542259
11820.0,-0.242793902754784,11820.0,-0.196762472391129,11820.0,-0.221309468150139,11820.0,-0.110215283930302,11820.0,-0.20756721496582,11820.0,-0.101293377578259,11820.0,-0.150059133768082,11820.0,-0.204145342111588,11820.0,-0.21971569955349,11820.0,-0.136527821421623,11820.0,-0.207153126597404,11820.0,-0.213707834482193,11820.0,-0.230340719223022,11820.0,-0.123113729059696,11820.0,-0.149629503488541,11820.0,-0.164309218525887,11820.0,-0.202324971556664,11820.0,-0.165512368083,11820.0,-0.0167774204164743,11820.0,-0.114363670349121,11820.0,-0.17082491517067,11820.0,-0.173356160521507
11830.0,-0.242770433425903,11830.0,-0.196598440408707,11830.0,-0.221184447407722,11830.0,-0.110184006392956,11830.0,-0.207559391856194,11830.0,-0.100894927978516,11830.0,-0.150059133768082,11830.0,-0.204098418354988,11830.0,-0.21966877579689,11830.0,-0.136473178863525,11830.0,-0.207082852721214,11830.0,-0.213668823242188,11830.0,-0.23032508790493,11830.0,-0.123113729059696,11830.0,-0.14960603415966,11830.0,-0.164277940988541,11830.0,-0.202395245432854,11830.0,-0.165528014302254,11830.0,-0.0167539604008198,11830.0,-0.114324666559696,11830.0,-0.170809268951416,11830.0,-0.173340514302254
11840.0,-0.242747023701668,11840.0,-0.196434304118156,11840.0,-0.221051603555679,11840.0,-0.110160544514656,11840.0,-0.207543760538101,11840.0,-0.100730799138546,11840.0,-0.150059133768082,11840.0,-0.204051598906517,11840.0,-0.219621941447258,11840.0,-0.136410713195801,11840.0,-0.207012459635735,11840.0,-0.213629722595215,11840.0,-0.230317264795303,11840.0,-0.123121552169323,11840.0,-0.149574756622314,11840.0,-0.164238929748535,11840.0,-0.202465638518333,11840.0,-0.165535733103752,11840.0,-0.0167696010321379,11840.0,-0.114285565912724,11840.0,-0.170785814523697,11840.0,-0.173317059874535
11850.0,-0.242715746164322,11850.0,-0.196262463927269,11850.0,-0.220926567912102,11850.0,-0.110129356384277,11850.0,-0.207528114318848,11850.0,-0.100590229034424,11850.0,-0.150059133768082,11850.0,-0.204004675149918,11850.0,-0.21957503259182,11850.0,-0.136355981230736,11850.0,-0.20694999396801,11850.0,-0.213582798838615,11850.0,-0.230301663279533,11850.0,-0.123129367828369,11850.0,-0.149551391601563,11850.0,-0.164207652211189,11850.0,-0.202535912394524,11850.0,-0.165559202432632,11850.0,-0.0169336330145597,11850.0,-0.114246562123299,11850.0,-0.170762345194817,11850.0,-0.173301413655281
11860.0,-0.242692336440086,11860.0,-0.196106240153313,11860.0,-0.220793828368187,11860.0,-0.110098078846931,11860.0,-0.207512483000755,11860.0,-0.100496485829353,11860.0,-0.150059133768082,11860.0,-0.20395003259182,11860.0,-0.219528198242188,11860.0,-0.136293515563011,11860.0,-0.206871896982193,11860.0,-0.213543802499771,11860.0,-0.230293855071068,11860.0,-0.123137190937996,11860.0,-0.149527937173843,11860.0,-0.164176374673843,11860.0,-0.202606201171875,11860.0,-0.165590479969978,11860.0,-0.0171133037656546,11860.0,-0.114207461476326,11860.0,-0.170738890767097,11860.0,-0.173277959227562
11870.0,-0.242661103606224,11870.0,-0.195942118763924,11870.0,-0.220668792724609,11870.0,-0.110066793859005,11870.0,-0.207496836781502,11870.0,-0.100394919514656,11870.0,-0.150066956877708,11870.0,-0.20390310883522,11870.0,-0.219481274485588,11870.0,-0.136230945587158,11870.0,-0.206801608204842,11870.0,-0.213504701852798,11870.0,-0.230278208851814,11870.0,-0.123152829706669,11870.0,-0.14951229095459,11870.0,-0.164137363433838,11870.0,-0.20268440246582,11870.0,-0.165613934397697,11870.0,-0.0171367656439543,11870.0,-0.1141761764884,11870.0,-0.170723348855972,11870.0,-0.173238947987556
11880.0,-0.242637634277344,11880.0,-0.195778086781502,11880.0,-0.220543771982193,11880.0,-0.110035613179207,11880.0,-0.207481294870377,11880.0,-0.10036363452673,11880.0,-0.150066956877708,11880.0,-0.203856274485588,11880.0,-0.219434455037117,11880.0,-0.13617630302906,11880.0,-0.206731230020523,11880.0,-0.213457867503166,11880.0,-0.230270385742188,11880.0,-0.123160652816296,11880.0,-0.149488836526871,11880.0,-0.164106085896492,11880.0,-0.202754691243172,11880.0,-0.165645122528076,11880.0,-0.0171836856752634,11880.0,-0.114137172698975,11880.0,-0.170699879527092,11880.0,-0.173223301768303
11890.0,-0.242614224553108,11890.0,-0.19561405479908,11890.0,-0.220418840646744,11890.0,-0.11000432819128,11890.0,-0.207465648651123,11890.0,-0.100152686238289,11890.0,-0.150066956877708,11890.0,-0.20380936563015,11890.0,-0.219387531280518,11890.0,-0.136113837361336,11890.0,-0.206668764352798,11890.0,-0.213418766856194,11890.0,-0.230254799127579,11890.0,-0.123168468475342,11890.0,-0.149473190307617,11890.0,-0.164066985249519,11890.0,-0.20283280313015,11890.0,-0.165668591856956,11890.0,-0.0171602256596088,11890.0,-0.114105895161629,11890.0,-0.170676425099373,11890.0,-0.173207670450211
11900.0,-0.242590770125389,11900.0,-0.195457741618156,11900.0,-0.220293805003166,11900.0,-0.109965227544308,11900.0,-0.207450017333031,11900.0,-0.0999573692679405,11900.0,-0.150074765086174,11900.0,-0.203762531280518,11900.0,-0.219348534941673,11900.0,-0.13605909049511,11900.0,-0.206606298685074,11900.0,-0.213379666209221,11900.0,-0.230246976017952,11900.0,-0.123191833496094,11900.0,-0.149457558989525,11900.0,-0.164035797119141,11900.0,-0.20290307700634,11900.0,-0.165692046284676,11900.0,-0.0172305107116699,11900.0,-0.114066794514656,11900.0,-0.170652970671654,11900.0,-0.17318420112133
11910.0,-0.242567300796509,11910.0,-0.195293709635735,11910.0,-0.220160961151123,11910.0,-0.109926223754883,11910.0,-0.207434371113777,11910.0,-0.0997698828577995,11910.0,-0.150074765086174,11910.0,-0.203715607523918,11910.0,-0.219301611185074,11910.0,-0.135996624827385,11910.0,-0.206535920500755,11910.0,-0.21333284676075,11910.0,-0.230231329798698,11910.0,-0.123199656605721,11910.0,-0.149449825286865,11910.0,-0.163996696472168,11910.0,-0.20297347009182,11910.0,-0.165715500712395,11910.0,-0.0172774326056242,11910.0,-0.114027790725231,11910.0,-0.1706373244524,11910.0,-0.173168659210205
11920.0,-0.242536067962646,11920.0,-0.195137500762939,11920.0,-0.220028206706047,11920.0,-0.10988712310791,11920.0,-0.207418724894524,11920.0,-0.0997230559587479,11920.0,-0.150082588195801,11920.0,-0.203668788075447,11920.0,-0.219262510538101,11920.0,-0.13594189286232,11920.0,-0.206473454833031,11920.0,-0.213293746113777,11920.0,-0.230223521590233,11920.0,-0.123215295374393,11920.0,-0.149434193968773,11920.0,-0.163965418934822,11920.0,-0.203051567077637,11920.0,-0.165731057524681,11920.0,-0.0173789989203215,11920.0,-0.113996505737305,11920.0,-0.170613959431648,11920.0,-0.173145204782486
11930.0,-0.242520436644554,11930.0,-0.194981202483177,11930.0,-0.219895362854004,11930.0,-0.109840296208858,11930.0,-0.207403093576431,11930.0,-0.0996371284127235,11930.0,-0.150082588195801,11930.0,-0.203621864318848,11930.0,-0.219215676188469,11930.0,-0.135879427194595,11930.0,-0.206410989165306,11930.0,-0.213246926665306,11930.0,-0.230215698480606,11930.0,-0.123230934143066,11930.0,-0.149426370859146,11930.0,-0.163934230804443,11930.0,-0.203121855854988,11930.0,-0.165738865733147,11930.0,-0.0175117496401072,11930.0,-0.11395750194788,11930.0,-0.170598313212395,11930.0,-0.173129558563232
11940.0,-0.242489203810692,11940.0,-0.194824978709221,11940.0,-0.219770342111588,11940.0,-0.109801195561886,11940.0,-0.207387551665306,11940.0,-0.0996761322021484,11940.0,-0.150090411305428,11940.0,-0.203574940562248,11940.0,-0.219176575541496,11940.0,-0.135824784636497,11940.0,-0.206348419189453,11940.0,-0.213207826018333,11940.0,-0.230207920074463,11940.0,-0.123246572911739,11940.0,-0.149426370859146,11940.0,-0.163910776376724,11940.0,-0.203199967741966,11940.0,-0.165770158171654,11940.0,-0.0176211353391409,11940.0,-0.113926224410534,11940.0,-0.170582681894302,11940.0,-0.17311392724514
11950.0,-0.242465779185295,11950.0,-0.194660857319832,11950.0,-0.219637587666512,11950.0,-0.109754279255867,11950.0,-0.207371905446053,11950.0,-0.0995745658874512,11950.0,-0.150090411305428,11950.0,-0.203528121113777,11950.0,-0.219129756093025,11950.0,-0.135770037770271,11950.0,-0.206278130412102,11950.0,-0.213160991668701,11950.0,-0.230192288756371,11950.0,-0.123262219130993,11950.0,-0.149418547749519,11950.0,-0.163879498839378,11950.0,-0.203270345926285,11950.0,-0.165801435709,11950.0,-0.0177227016538382,11950.0,-0.113894939422607,11950.0,-0.170559212565422,11950.0,-0.173098281025887
11960.0,-0.242442324757576,11960.0,-0.194504648447037,11960.0,-0.219496920704842,11960.0,-0.109707452356815,11960.0,-0.207356259226799,11960.0,-0.0994261726737022,11960.0,-0.150098234415054,11960.0,-0.203481197357178,11960.0,-0.219090655446053,11960.0,-0.135715395212173,11960.0,-0.206215664744377,11960.0,-0.213121891021729,11960.0,-0.230184465646744,11960.0,-0.123270034790039,11960.0,-0.149418547749519,11960.0,-0.163848310709,11960.0,-0.203340634703636,11960.0,-0.165817067027092,11960.0,-0.0177618023008108,11960.0,-0.113855935633183,11960.0,-0.17054358124733,11960.0,-0.173074916005135
11970.0,-0.242418870329857,11970.0,-0.194348439574242,11970.0,-0.219364076852798,11970.0,-0.109660528600216,11970.0,-0.207340627908707,11970.0,-0.0993402525782585,11970.0,-0.150106057524681,11970.0,-0.203442201018333,11970.0,-0.219043835997581,11970.0,-0.13565282523632,11970.0,-0.206160932779312,11970.0,-0.213075071573257,11970.0,-0.230176642537117,11970.0,-0.123285584151745,11970.0,-0.149418547749519,11970.0,-0.163824841380119,11970.0,-0.203410908579826,11970.0,-0.165848255157471,11970.0,-0.0178008079528809,11970.0,-0.113824658095837,11970.0,-0.170520216226578,11970.0,-0.173051461577415
11980.0,-0.24239544570446,11980.0,-0.194192126393318,11980.0,-0.219223499298096,11980.0,-0.109613709151745,11980.0,-0.207324981689453,11980.0,-0.0992698669433594,11980.0,-0.150106057524681,11980.0,-0.203395277261734,11980.0,-0.219004735350609,11980.0,-0.135598182678223,11980.0,-0.206098467111588,11980.0,-0.213028147816658,11980.0,-0.23016881942749,11980.0,-0.123285584151745,11980.0,-0.149418547749519,11980.0,-0.1638013869524,11980.0,-0.203473374247551,11980.0,-0.165871724486351,11980.0,-0.0178399085998535,11980.0,-0.113785557448864,11980.0,-0.170496746897697,11980.0,-0.173027992248535
11990.0,-0.242371991276741,11990.0,-0.194035917520523,11990.0,-0.219090655446053,11990.0,-0.109558962285519,11990.0,-0.207301527261734,11990.0,-0.0993167906999588,11990.0,-0.150113865733147,11990.0,-0.203348442912102,11990.0,-0.218957901000977,11990.0,-0.135535627603531,11990.0,-0.206035897135735,11990.0,-0.212989047169685,11990.0,-0.230153232812881,11990.0,-0.123301222920418,11990.0,-0.149418547749519,11990.0,-0.163785740733147,11990.0,-0.203543767333031,11990.0,-0.165903002023697,11990.0,-0.0178242679685354,11990.0,-0.113754369318485,11990.0,-0.170481115579605,11990.0,-0.173004537820816
12000.0,-0.242340758442879,12000.0,-0.1938796043396,12000.0,-0.218957901000977,12000.0,-0.109512142837048,12000.0,-0.207285985350609,12000.0,-0.0990042686462402,12000.0,-0.150121688842773,12000.0,-0.203301534056664,12000.0,-0.218918800354004,12000.0,-0.135480985045433,12000.0,-0.20597343146801,12000.0,-0.212942227721214,12000.0,-0.230145409703255,12000.0,-0.123316861689091,12000.0,-0.149418547749519,12000.0,-0.163770109415054,12000.0,-0.203606233000755,12000.0,-0.165926367044449,12000.0,-0.0178399085998535,12000.0,-0.113723091781139,12000.0,-0.170457646250725,12000.0,-0.172981172800064
12010.0,-0.242317348718643,12010.0,-0.193723395466805,12010.0,-0.218817234039307,12010.0,-0.109465219080448,12010.0,-0.207270339131355,12010.0,-0.0987308546900749,12010.0,-0.1501295119524,12010.0,-0.203262522816658,12010.0,-0.218887522816658,12010.0,-0.135426327586174,12010.0,-0.205918788909912,12010.0,-0.212895303964615,12010.0,-0.230137586593628,12010.0,-0.123332500457764,12010.0,-0.149426370859146,12010.0,-0.163762375712395,12010.0,-0.203676506876945,12010.0,-0.165957644581795,12010.0,-0.0178477298468351,12010.0,-0.113691806793213,12010.0,-0.170442014932632,12010.0,-0.172965526580811
12020.0,-0.242293879389763,12020.0,-0.193567186594009,12020.0,-0.218684390187263,12020.0,-0.10941057652235,12020.0,-0.207254692912102,12020.0,-0.0986058264970779,12020.0,-0.150137335062027,12020.0,-0.203215599060059,12020.0,-0.218840703368187,12020.0,-0.135371595621109,12020.0,-0.20585623383522,12020.0,-0.212848469614983,12020.0,-0.230129763484001,12020.0,-0.123348139226437,12020.0,-0.149426370859146,12020.0,-0.163754567503929,12020.0,-0.203739076852798,12020.0,-0.165981099009514,12020.0,-0.0179180148988962,12020.0,-0.113660626113415,12020.0,-0.170426473021507,12020.0,-0.172942072153091
12030.0,-0.242270469665527,12030.0,-0.193410873413086,12030.0,-0.218551635742188,12030.0,-0.109363652765751,12030.0,-0.207239061594009,12030.0,-0.0984964370727539,12030.0,-0.150145053863525,12030.0,-0.203176602721214,12030.0,-0.218801602721214,12030.0,-0.135316953063011,12030.0,-0.205801591277122,12030.0,-0.212801560759544,12030.0,-0.230121955275536,12030.0,-0.12336378544569,12030.0,-0.149434193968773,12030.0,-0.163754567503929,12030.0,-0.203801542520523,12030.0,-0.166004568338394,12030.0,-0.0180665012449026,12030.0,-0.113629341125488,12030.0,-0.170403003692627,12030.0,-0.172918602824211
12040.0,-0.242247015237808,12040.0,-0.193262487649918,12040.0,-0.218410968780518,12040.0,-0.109309010207653,12040.0,-0.207215592265129,12040.0,-0.0984026938676834,12040.0,-0.150145053863525,12040.0,-0.203129678964615,12040.0,-0.218762591481209,12040.0,-0.135262206196785,12040.0,-0.20573902130127,12040.0,-0.212754726409912,12040.0,-0.230106353759766,12040.0,-0.123379327356815,12040.0,-0.149434193968773,12040.0,-0.163762375712395,12040.0,-0.203864097595215,12040.0,-0.166027933359146,12040.0,-0.018043041229248,12040.0,-0.113605879247189,12040.0,-0.170387372374535,12040.0,-0.172895148396492
12050.0,-0.242223545908928,12050.0,-0.193106174468994,12050.0,-0.218278124928474,12050.0,-0.109254360198975,12050.0,-0.207207784056664,12050.0,-0.0981839224696159,12050.0,-0.150152876973152,12050.0,-0.203090578317642,12050.0,-0.218723490834236,12050.0,-0.135207563638687,12050.0,-0.205684378743172,12050.0,-0.212707802653313,12050.0,-0.230098530650139,12050.0,-0.123394966125488,12050.0,-0.149442002177238,12050.0,-0.163770109415054,12050.0,-0.203926563262939,12050.0,-0.166043564677238,12050.0,-0.0179258342832327,12050.0,-0.113566875457764,12050.0,-0.170363903045654,12050.0,-0.17287178337574
12060.0,-0.242200136184692,12060.0,-0.192949965596199,12060.0,-0.218145370483398,12060.0,-0.109199620783329,12060.0,-0.207184419035912,12060.0,-0.0979886054992676,12060.0,-0.150160700082779,12060.0,-0.203051567077637,12060.0,-0.21869221329689,12060.0,-0.135160639882088,12060.0,-0.205629736185074,12060.0,-0.212668806314468,12060.0,-0.230090722441673,12060.0,-0.123410604894161,12060.0,-0.149449825286865,12060.0,-0.163777932524681,12060.0,-0.203981205821037,12060.0,-0.166067034006119,12060.0,-0.0178868304938078,12060.0,-0.113543413579464,12060.0,-0.170348271727562,12060.0,-0.172848328948021
12070.0,-0.242176681756973,12070.0,-0.192793652415276,12070.0,-0.217996880412102,12070.0,-0.109144978225231,12070.0,-0.207168772816658,12070.0,-0.097926139831543,12070.0,-0.150168523192406,12070.0,-0.203004643321037,12070.0,-0.218653202056885,12070.0,-0.13510599732399,12070.0,-0.205574989318848,12070.0,-0.212621882557869,12070.0,-0.230082899332047,12070.0,-0.123426251113415,12070.0,-0.149457558989525,12070.0,-0.163793563842773,12070.0,-0.204035952687263,12070.0,-0.166082665324211,12070.0,-0.0178399085998535,12070.0,-0.113519959151745,12070.0,-0.17032490670681,12070.0,-0.172824859619141
12080.0,-0.242153272032738,12080.0,-0.19263744354248,12080.0,-0.217864140868187,12080.0,-0.109098054468632,12080.0,-0.207153126597404,12080.0,-0.0979886054992676,12080.0,-0.150176331400871,12080.0,-0.202965646982193,12080.0,-0.218614101409912,12080.0,-0.135043427348137,12080.0,-0.205512523651123,12080.0,-0.212575063109398,12080.0,-0.230067253112793,12080.0,-0.123441889882088,12080.0,-0.14946536719799,12080.0,-0.163817033171654,12080.0,-0.204090595245361,12080.0,-0.166106134653091,12080.0,-0.0178399085998535,12080.0,-0.113488674163818,12080.0,-0.17030143737793,12080.0,-0.172801405191422
12090.0,-0.242122039198875,12090.0,-0.192481234669685,12090.0,-0.217723473906517,12090.0,-0.109043411910534,12090.0,-0.207137495279312,12090.0,-0.0978558585047722,12090.0,-0.150184154510498,12090.0,-0.202918723225594,12090.0,-0.218575000762939,12090.0,-0.134988784790039,12090.0,-0.205457791686058,12090.0,-0.212528139352798,12090.0,-0.230059489607811,12090.0,-0.123457528650761,12090.0,-0.149473190307617,12090.0,-0.163832664489746,12090.0,-0.204145342111588,12090.0,-0.166121676564217,12090.0,-0.0178242679685354,12090.0,-0.113465309143066,12090.0,-0.170285806059837,12090.0,-0.17277804017067
12100.0,-0.242098569869995,12100.0,-0.192324921488762,12100.0,-0.217590719461441,12100.0,-0.108980849385262,12100.0,-0.207121849060059,12100.0,-0.097590260207653,12100.0,-0.150191977620125,12100.0,-0.202879711985588,12100.0,-0.218536004424095,12100.0,-0.134941965341568,12100.0,-0.205403134226799,12100.0,-0.212481305003166,12100.0,-0.230051666498184,12100.0,-0.123480893671513,12100.0,-0.149481013417244,12100.0,-0.163863942027092,12100.0,-0.204199984669685,12100.0,-0.166145130991936,12100.0,-0.0177774429321289,12100.0,-0.113434031605721,12100.0,-0.170270159840584,12100.0,-0.172754570841789
12110.0,-0.24207516014576,12110.0,-0.192168712615967,12110.0,-0.217450052499771,12110.0,-0.108926199376583,12110.0,-0.207106217741966,12110.0,-0.0973402038216591,12110.0,-0.150199800729752,12110.0,-0.202840611338615,12110.0,-0.218504711985588,12110.0,-0.134887218475342,12110.0,-0.205348402261734,12110.0,-0.212434396147728,12110.0,-0.230036020278931,12110.0,-0.123488716781139,12110.0,-0.149488836526871,12110.0,-0.163887307047844,12110.0,-0.204246908426285,12110.0,-0.166160777211189,12110.0,-0.0178242679685354,12110.0,-0.113410569727421,12110.0,-0.170246705412865,12110.0,-0.17273111641407
12120.0,-0.24205170571804,12120.0,-0.192012414336205,12120.0,-0.217317208647728,12120.0,-0.108879283070564,12120.0,-0.207098484039307,12120.0,-0.0972699150443077,12120.0,-0.150199800729752,12120.0,-0.202793702483177,12120.0,-0.218473434448242,12120.0,-0.134840399026871,12120.0,-0.205293759703636,12120.0,-0.212387561798096,12120.0,-0.230028197169304,12120.0,-0.123512171208858,12120.0,-0.149504467844963,12120.0,-0.163918599486351,12120.0,-0.204301550984383,12120.0,-0.166184231638908,12120.0,-0.0177618023008108,12120.0,-0.113379292190075,12120.0,-0.170231148600578,12120.0,-0.172707661986351
12130.0,-0.24202823638916,12130.0,-0.191856190562248,12130.0,-0.217184454202652,12130.0,-0.108824633061886,12130.0,-0.207082852721214,12130.0,-0.0972073599696159,12130.0,-0.150207623839378,12130.0,-0.202754691243172,12130.0,-0.218434438109398,12130.0,-0.134793475270271,12130.0,-0.20523901283741,12130.0,-0.212340638041496,12130.0,-0.230020388960838,12130.0,-0.123535633087158,12130.0,-0.14951229095459,12130.0,-0.163949877023697,12130.0,-0.204348474740982,12130.0,-0.166207700967789,12130.0,-0.0177696235477924,12130.0,-0.113355927169323,12130.0,-0.170207694172859,12130.0,-0.172684296965599
12140.0,-0.242004826664925,12140.0,-0.191699981689453,12140.0,-0.217043787240982,12140.0,-0.108777716755867,12140.0,-0.207075029611588,12140.0,-0.0968949347734451,12140.0,-0.150215432047844,12140.0,-0.202715590596199,12140.0,-0.218403145670891,12140.0,-0.134738832712173,12140.0,-0.205184370279312,12140.0,-0.212293818593025,12140.0,-0.230004787445068,12140.0,-0.123559094965458,12140.0,-0.149527937173843,12140.0,-0.163973242044449,12140.0,-0.20440311729908,12140.0,-0.166215524077415,12140.0,-0.0178086291998625,12140.0,-0.113324642181396,12140.0,-0.170192047953606,12140.0,-0.172653004527092
12150.0,-0.241973593831062,12150.0,-0.191543683409691,12150.0,-0.216910943388939,12150.0,-0.108723066747189,12150.0,-0.207059383392334,12150.0,-0.0966292396187782,12150.0,-0.150223255157471,12150.0,-0.202676579356194,12150.0,-0.218364149332047,12150.0,-0.134691908955574,12150.0,-0.20513753592968,12150.0,-0.212246894836426,12150.0,-0.229996964335442,12150.0,-0.123574636876583,12150.0,-0.149543568491936,12150.0,-0.164004519581795,12150.0,-0.204450041055679,12150.0,-0.166231065988541,12150.0,-0.0176602359861135,12150.0,-0.113301180303097,12150.0,-0.170168593525887,12150.0,-0.172629550099373
12160.0,-0.241957947611809,12160.0,-0.191395282745361,12160.0,-0.216770365834236,12160.0,-0.10867615044117,12160.0,-0.207051560282707,12160.0,-0.0965745970606804,12160.0,-0.150223255157471,12160.0,-0.202637478709221,12160.0,-0.218332871794701,12160.0,-0.134645089507103,12160.0,-0.205082803964615,12160.0,-0.212199971079826,12160.0,-0.229981333017349,12160.0,-0.123598098754883,12160.0,-0.149559125304222,12160.0,-0.164035797119141,12160.0,-0.20449686050415,12160.0,-0.16625452041626,12160.0,-0.0174336433410645,12160.0,-0.113277815282345,12160.0,-0.170152947306633,12160.0,-0.172606095671654
12170.0,-0.241926714777946,12170.0,-0.191238984465599,12170.0,-0.216637521982193,12170.0,-0.108629323542118,12170.0,-0.207043752074242,12170.0,-0.096394918859005,12170.0,-0.150231078267097,12170.0,-0.202598378062248,12170.0,-0.218301579356194,12170.0,-0.134598165750504,12170.0,-0.205028161406517,12170.0,-0.212160974740982,12170.0,-0.229973509907722,12170.0,-0.123621560633183,12170.0,-0.149574756622314,12170.0,-0.164059266448021,12170.0,-0.20454378426075,12170.0,-0.166270166635513,12170.0,-0.0175039302557707,12170.0,-0.113254360854626,12170.0,-0.170137405395508,12170.0,-0.172582730650902
12180.0,-0.241903260350227,12180.0,-0.191082760691643,12180.0,-0.216504767537117,12180.0,-0.108582399785519,12180.0,-0.207035928964615,12180.0,-0.0962777137756348,12180.0,-0.150231078267097,12180.0,-0.202559381723404,12180.0,-0.218270406126976,12180.0,-0.134551331400871,12180.0,-0.204981237649918,12180.0,-0.212114050984383,12180.0,-0.229965731501579,12180.0,-0.123637199401855,12180.0,-0.149598225951195,12180.0,-0.164082631468773,12180.0,-0.204598426818848,12180.0,-0.166285797953606,12180.0,-0.0175352096557617,12180.0,-0.113230898976326,12180.0,-0.170121774077415,12180.0,-0.172567084431648
12190.0,-0.241879805922508,12190.0,-0.19092646241188,12190.0,-0.216371923685074,12190.0,-0.108535580337048,12190.0,-0.207028105854988,12190.0,-0.0964105650782585,12190.0,-0.150238901376724,12190.0,-0.202520281076431,12190.0,-0.218239113688469,12190.0,-0.134504422545433,12190.0,-0.20492659509182,12190.0,-0.212075039744377,12190.0,-0.229950100183487,12190.0,-0.123660661280155,12190.0,-0.149621680378914,12190.0,-0.164113909006119,12190.0,-0.204645350575447,12190.0,-0.166309267282486,12190.0,-0.0176836978644133,12190.0,-0.1131996139884,12190.0,-0.170098304748535,12190.0,-0.172543630003929
12200.0,-0.241864204406738,12200.0,-0.190778061747551,12200.0,-0.216239079833031,12200.0,-0.108488656580448,12200.0,-0.207020282745361,12200.0,-0.0959105491638184,12200.0,-0.150238901376724,12200.0,-0.202481269836426,12200.0,-0.218207836151123,12200.0,-0.13446532189846,12200.0,-0.20487967133522,12200.0,-0.212028130888939,12200.0,-0.22994227707386,12200.0,-0.123684026300907,12200.0,-0.149637326598167,12200.0,-0.164129540324211,12200.0,-0.204699993133545,12200.0,-0.166324809193611,12200.0,-0.0177774429321289,12200.0,-0.113183975219727,12200.0,-0.170082673430443,12200.0,-0.172520160675049
12210.0,-0.241832926869392,12210.0,-0.190621852874756,12210.0,-0.216106325387955,12210.0,-0.10843401402235,12210.0,-0.207012459635735,12210.0,-0.0957386046648026,12210.0,-0.150246620178223,12210.0,-0.202442169189453,12210.0,-0.218176648020744,12210.0,-0.134418487548828,12210.0,-0.204825028777122,12210.0,-0.211981296539307,12210.0,-0.229934453964233,12210.0,-0.123707488179207,12210.0,-0.149668499827385,12210.0,-0.164153009653091,12210.0,-0.204746916890144,12210.0,-0.166340455412865,12210.0,-0.0178242679685354,12210.0,-0.113160610198975,12210.0,-0.170067027211189,12210.0,-0.17249670624733
12220.0,-0.241809517145157,12220.0,-0.190465554594994,12220.0,-0.215973481535912,12220.0,-0.108387090265751,12220.0,-0.207012459635735,12220.0,-0.0955980345606804,12220.0,-0.150246620178223,12220.0,-0.202410891652107,12220.0,-0.218145370483398,12220.0,-0.134371563792229,12220.0,-0.204778105020523,12220.0,-0.211934372782707,12220.0,-0.229918867349625,12220.0,-0.123730950057507,12220.0,-0.149699792265892,12220.0,-0.164168551564217,12220.0,-0.204793736338615,12220.0,-0.166356086730957,12220.0,-0.0178477298468351,12220.0,-0.113137148320675,12220.0,-0.17004357278347,12220.0,-0.172473341226578
12230.0,-0.241786047816277,12230.0,-0.190317153930664,12230.0,-0.215848445892334,12230.0,-0.108340263366699,12230.0,-0.207012459635735,12230.0,-0.0954417213797569,12230.0,-0.150246620178223,12230.0,-0.202364072203636,12230.0,-0.218114092946053,12230.0,-0.134324744343758,12230.0,-0.204731270670891,12230.0,-0.211895376443863,12230.0,-0.229911044239998,12230.0,-0.123754404485226,12230.0,-0.149731069803238,12230.0,-0.16418419778347,12230.0,-0.204848393797874,12230.0,-0.166371732950211,12230.0,-0.017816448584199,12230.0,-0.113113693892956,12230.0,-0.170028015971184,12230.0,-0.172457695007324
12240.0,-0.241762638092041,12240.0,-0.190160855650902,12240.0,-0.215715691447258,12240.0,-0.108285523951054,12240.0,-0.207004651427269,12240.0,-0.0953324362635612,12240.0,-0.150246620178223,12240.0,-0.202324971556664,12240.0,-0.218075081706047,12240.0,-0.134277820587158,12240.0,-0.204684361815453,12240.0,-0.211848452687263,12240.0,-0.229903221130371,12240.0,-0.123777769505978,12240.0,-0.149762257933617,12240.0,-0.164192005991936,12240.0,-0.204895302653313,12240.0,-0.166387364268303,12240.0,-0.0178477298468351,12240.0,-0.113090232014656,12240.0,-0.170012384653091,12240.0,-0.172434240579605
12250.0,-0.241739183664322,12250.0,-0.190012454986572,12250.0,-0.215582847595215,12250.0,-0.108230881392956,12250.0,-0.207004651427269,12250.0,-0.0949261710047722,12250.0,-0.150246620178223,12250.0,-0.202293783426285,12250.0,-0.218043804168701,12250.0,-0.134238824248314,12250.0,-0.204629704356194,12250.0,-0.211809352040291,12250.0,-0.229887589812279,12250.0,-0.123801231384277,12250.0,-0.149793535470963,12250.0,-0.164199829101563,12250.0,-0.204949960112572,12250.0,-0.166403010487556,12250.0,-0.0179414749145508,12250.0,-0.113066866993904,12250.0,-0.169988915324211,12250.0,-0.172410771250725
12260.0,-0.241715773940086,12260.0,-0.18985615670681,12260.0,-0.215457826852798,12260.0,-0.108183957636356,12260.0,-0.207004651427269,12260.0,-0.0950355529785156,12260.0,-0.150246620178223,12260.0,-0.202254682779312,12260.0,-0.218020349740982,12260.0,-0.134191900491714,12260.0,-0.204590603709221,12260.0,-0.211770340800285,12260.0,-0.229879766702652,12260.0,-0.12381687015295,12260.0,-0.149832636117935,12260.0,-0.164207652211189,12260.0,-0.20499686896801,12260.0,-0.166418552398682,12260.0,-0.01802740059793,12260.0,-0.113043405115604,12260.0,-0.169973284006119,12260.0,-0.172387406229973
12270.0,-0.241692304611206,12270.0,-0.18970775604248,12270.0,-0.215325072407722,12270.0,-0.108129315078259,12270.0,-0.207012459635735,12270.0,-0.094683937728405,12270.0,-0.150246620178223,12270.0,-0.202215582132339,12270.0,-0.217989072203636,12270.0,-0.134145066142082,12270.0,-0.204535961151123,12270.0,-0.211723431944847,12270.0,-0.229871943593025,12270.0,-0.123824693262577,12270.0,-0.149871632456779,12270.0,-0.164207652211189,12270.0,-0.205051526427269,12270.0,-0.166426375508308,12270.0,-0.0180821418762207,12270.0,-0.113027766346931,12270.0,-0.169957637786865,12270.0,-0.17237177491188
12280.0,-0.241668894886971,12280.0,-0.189551547169685,12280.0,-0.215200051665306,12280.0,-0.108082488179207,12280.0,-0.207012459635735,12280.0,-0.0947073921561241,12280.0,-0.150238901376724,12280.0,-0.202176570892334,12280.0,-0.217957884073257,12280.0,-0.13410596549511,12280.0,-0.204489037394524,12280.0,-0.211684420704842,12280.0,-0.229856356978416,12280.0,-0.12384033203125,12280.0,-0.149910733103752,12280.0,-0.164207652211189,12280.0,-0.205106258392334,12280.0,-0.166442021727562,12280.0,-0.0181446075439453,12280.0,-0.113004304468632,12280.0,-0.16994209587574,12280.0,-0.172348305583
12290.0,-0.241645440459251,12290.0,-0.189403057098389,12290.0,-0.215067192912102,12290.0,-0.108035564422607,12290.0,-0.207012459635735,12290.0,-0.0945433601737022,12290.0,-0.150238901376724,12290.0,-0.202145293354988,12290.0,-0.217934414744377,12290.0,-0.134059146046638,12290.0,-0.204442217946053,12290.0,-0.211637496948242,12290.0,-0.22984853386879,12290.0,-0.12386379390955,12290.0,-0.149957567453384,12290.0,-0.164207652211189,12290.0,-0.205160900950432,12290.0,-0.166457653045654,12290.0,-0.0182305332273245,12290.0,-0.112988665699959,12290.0,-0.169918641448021,12290.0,-0.172332674264908
12300.0,-0.241622015833855,12300.0,-0.189246848225594,12300.0,-0.214942261576653,12300.0,-0.107988648116589,12300.0,-0.207020282745361,12300.0,-0.0948792472481728,12300.0,-0.150238901376724,12300.0,-0.202106192708015,12300.0,-0.217903137207031,12300.0,-0.134020045399666,12300.0,-0.204395294189453,12300.0,-0.211598500609398,12300.0,-0.229832887649536,12300.0,-0.123887158930302,12300.0,-0.149996668100357,12300.0,-0.164207652211189,12300.0,-0.205223470926285,12300.0,-0.166465476155281,12300.0,-0.0182696338742971,12300.0,-0.112965300679207,12300.0,-0.169902995228767,12300.0,-0.172309204936028
12310.0,-0.241598561406136,12310.0,-0.189098358154297,12310.0,-0.214817240834236,12310.0,-0.10793399810791,12310.0,-0.207020282745361,12310.0,-0.0944573432207108,12310.0,-0.150231078267097,12310.0,-0.20206718146801,12310.0,-0.217871949076653,12310.0,-0.133980944752693,12310.0,-0.204348474740982,12310.0,-0.211559399962425,12310.0,-0.229825064539909,12310.0,-0.123910620808601,12310.0,-0.150043487548828,12310.0,-0.164207652211189,12310.0,-0.205285936594009,12310.0,-0.166481122374535,12310.0,-0.0183477401733398,12310.0,-0.112949661910534,12310.0,-0.169887349009514,12310.0,-0.172293663024902
12320.0,-0.2415751516819,12320.0,-0.188942149281502,12320.0,-0.214684396982193,12320.0,-0.107887081801891,12320.0,-0.207028105854988,12320.0,-0.0940589904785156,12320.0,-0.150231078267097,12320.0,-0.202035903930664,12320.0,-0.217848494648933,12320.0,-0.133934125304222,12320.0,-0.204301550984383,12320.0,-0.211520299315453,12320.0,-0.229817301034927,12320.0,-0.123926259577274,12320.0,-0.150090411305428,12320.0,-0.164199829101563,12320.0,-0.205340579152107,12320.0,-0.166496753692627,12320.0,-0.0185117721557617,12320.0,-0.112926200032234,12320.0,-0.169871717691422,12320.0,-0.172270208597183
12330.0,-0.24155168235302,12330.0,-0.188793659210205,12330.0,-0.214559361338615,12330.0,-0.107832431793213,12330.0,-0.207035928964615,12330.0,-0.09400425106287,12330.0,-0.150231078267097,12330.0,-0.20199690759182,12330.0,-0.217817217111588,12330.0,-0.133895024657249,12330.0,-0.204254731535912,12330.0,-0.21147346496582,12330.0,-0.229801654815674,12330.0,-0.123941898345947,12330.0,-0.150137335062027,12330.0,-0.16418419778347,12330.0,-0.205395326018333,12330.0,-0.166504576802254,12330.0,-0.0185898784548044,12330.0,-0.112902738153934,12330.0,-0.169848248362541,12330.0,-0.17225456237793
12340.0,-0.241528272628784,12340.0,-0.188645273447037,12340.0,-0.214426621794701,12340.0,-0.10779333114624,12340.0,-0.207043752074242,12340.0,-0.0936136245727539,12340.0,-0.150223255157471,12340.0,-0.201957806944847,12340.0,-0.217793747782707,12340.0,-0.133848190307617,12340.0,-0.204207807779312,12340.0,-0.211434364318848,12340.0,-0.229786023497581,12340.0,-0.12395753711462,12340.0,-0.150184154510498,12340.0,-0.164168551564217,12340.0,-0.205457791686058,12340.0,-0.16651239991188,12340.0,-0.0185742378234863,12340.0,-0.112887099385262,12340.0,-0.169832706451416,12340.0,-0.172238931059837
12350.0,-0.241504818201065,12350.0,-0.188488960266113,12350.0,-0.214293763041496,12350.0,-0.107746504247189,12350.0,-0.207043752074242,12350.0,-0.0934417769312859,12350.0,-0.150223255157471,12350.0,-0.20192651450634,12350.0,-0.21776257455349,12350.0,-0.133809089660645,12350.0,-0.204168707132339,12350.0,-0.211395367980003,12350.0,-0.229778200387955,12350.0,-0.123973086476326,12350.0,-0.150238901376724,12350.0,-0.16416072845459,12350.0,-0.20552034676075,12350.0,-0.166535764932632,12350.0,-0.0185352321714163,12350.0,-0.112871550023556,12350.0,-0.169817075133324,12350.0,-0.172223284840584
12360.0,-0.241489171981812,12360.0,-0.188332751393318,12360.0,-0.21416874229908,12360.0,-0.107707403600216,12360.0,-0.207059383392334,12360.0,-0.0931136161088943,12360.0,-0.150223255157471,12360.0,-0.201887518167496,12360.0,-0.217739105224609,12360.0,-0.133769989013672,12360.0,-0.204121872782707,12360.0,-0.211356267333031,12360.0,-0.229770421981812,12360.0,-0.123980902135372,12360.0,-0.150285720825195,12360.0,-0.164153009653091,12360.0,-0.205582812428474,12360.0,-0.166543588042259,12360.0,-0.0184180270880461,12360.0,-0.112855911254883,12360.0,-0.16980142891407,12360.0,-0.17220763862133
12370.0,-0.241465762257576,12370.0,-0.188184261322021,12370.0,-0.214035987854004,12370.0,-0.107668399810791,12370.0,-0.207075029611588,12370.0,-0.0931448936462402,12370.0,-0.150223255157471,12370.0,-0.20185624063015,12370.0,-0.21771565079689,12370.0,-0.133730992674828,12370.0,-0.204082772135735,12370.0,-0.211317166686058,12370.0,-0.229762598872185,12370.0,-0.123988725244999,12370.0,-0.150340363383293,12370.0,-0.164137363433838,12370.0,-0.205645278096199,12370.0,-0.166559219360352,12370.0,-0.0183399207890034,12370.0,-0.112832449376583,12370.0,-0.169785782694817,12370.0,-0.172192096710205
12380.0,-0.241434529423714,12380.0,-0.188028052449226,12380.0,-0.213903144001961,12380.0,-0.107629299163818,12380.0,-0.207082852721214,12380.0,-0.0929573997855186,12380.0,-0.150215432047844,12380.0,-0.201817139983177,12380.0,-0.217684462666512,12380.0,-0.133691892027855,12380.0,-0.204035952687263,12380.0,-0.211278155446053,12380.0,-0.229754790663719,12380.0,-0.123996548354626,12380.0,-0.150387287139893,12380.0,-0.164121732115746,12380.0,-0.205707833170891,12380.0,-0.166574865579605,12380.0,-0.0183008201420307,12380.0,-0.11281681060791,12380.0,-0.169770151376724,12380.0,-0.172176465392113
12390.0,-0.24141888320446,12390.0,-0.187879666686058,12390.0,-0.213762566447258,12390.0,-0.107590295374393,12390.0,-0.20709066092968,12390.0,-0.0928167328238487,12390.0,-0.150215432047844,12390.0,-0.201785951852798,12390.0,-0.217661008238792,12390.0,-0.133652880787849,12390.0,-0.203989028930664,12390.0,-0.211231231689453,12390.0,-0.229739144444466,12390.0,-0.124004364013672,12390.0,-0.150434210896492,12390.0,-0.164113909006119,12390.0,-0.205770298838615,12390.0,-0.166590496897697,12390.0,-0.0182383544743061,12390.0,-0.11279334872961,12390.0,-0.169754505157471,12390.0,-0.172160819172859
12400.0,-0.241395428776741,12400.0,-0.187731176614761,12400.0,-0.213629722595215,12400.0,-0.107559017837048,12400.0,-0.207106217741966,12400.0,-0.0928245559334755,12400.0,-0.150215432047844,12400.0,-0.201754674315453,12400.0,-0.217637538909912,12400.0,-0.133613780140877,12400.0,-0.20395003259182,12400.0,-0.211200043559074,12400.0,-0.229731321334839,12400.0,-0.124012187123299,12400.0,-0.150481030344963,12400.0,-0.164098262786865,12400.0,-0.20583276450634,12400.0,-0.166598320007324,12400.0,-0.0182148944586515,12400.0,-0.112769983708858,12400.0,-0.169738963246346,12400.0,-0.172145172953606
12410.0,-0.241372019052505,12410.0,-0.187574967741966,12410.0,-0.213496878743172,12410.0,-0.107512094080448,12410.0,-0.207114025950432,12410.0,-0.092488668859005,12410.0,-0.150215432047844,12410.0,-0.20171557366848,12410.0,-0.217606261372566,12410.0,-0.133566960692406,12410.0,-0.20390310883522,12410.0,-0.211153134703636,12410.0,-0.22971573472023,12410.0,-0.124020002782345,12410.0,-0.150527954101563,12410.0,-0.164082631468773,12410.0,-0.205895334482193,12410.0,-0.166613861918449,12410.0,-0.0181446075439453,12410.0,-0.112754344940186,12410.0,-0.169723317027092,12410.0,-0.172129541635513
12420.0,-0.241348549723625,12420.0,-0.18742647767067,12420.0,-0.213364124298096,12420.0,-0.107465267181396,12420.0,-0.207129672169685,12420.0,-0.0922151580452919,12420.0,-0.150207623839378,12420.0,-0.201676562428474,12420.0,-0.217582896351814,12420.0,-0.133527860045433,12420.0,-0.203864097595215,12420.0,-0.211121842265129,12420.0,-0.229707911610603,12420.0,-0.124020002782345,12420.0,-0.150574788451195,12420.0,-0.164066985249519,12420.0,-0.205957800149918,12420.0,-0.166629508137703,12420.0,-0.0181133281439543,12420.0,-0.112730883061886,12420.0,-0.169699862599373,12420.0,-0.17211389541626
12430.0,-0.24132513999939,12430.0,-0.187270268797874,12430.0,-0.213231280446053,12430.0,-0.107426166534424,12430.0,-0.207145318388939,12430.0,-0.0924182906746864,12430.0,-0.150215432047844,12430.0,-0.201645284891129,12430.0,-0.217559441924095,12430.0,-0.133496567606926,12430.0,-0.203824996948242,12430.0,-0.211082845926285,12430.0,-0.229700088500977,12430.0,-0.124020002782345,12430.0,-0.150621697306633,12430.0,-0.164051443338394,12430.0,-0.206020355224609,12430.0,-0.166645154356956,12430.0,-0.0181602481752634,12430.0,-0.112715244293213,12430.0,-0.169684216380119,12430.0,-0.172106072306633
12440.0,-0.241301685571671,12440.0,-0.187121778726578,12440.0,-0.213098436594009,12440.0,-0.107379339635372,12440.0,-0.207160949707031,12440.0,-0.0923558250069618,12440.0,-0.150215432047844,12440.0,-0.201614007353783,12440.0,-0.217528149485588,12440.0,-0.133457571268082,12440.0,-0.20378589630127,12440.0,-0.211051568388939,12440.0,-0.22969226539135,12440.0,-0.124027825891972,12440.0,-0.150668531656265,12440.0,-0.164035797119141,12440.0,-0.206082820892334,12440.0,-0.166660785675049,12440.0,-0.0181992538273335,12440.0,-0.11269960552454,12440.0,-0.169668585062027,12440.0,-0.172090530395508
12450.0,-0.241278275847435,12450.0,-0.186973378062248,12450.0,-0.212965682148933,12450.0,-0.1073402389884,12450.0,-0.207176595926285,12450.0,-0.0921292304992676,12450.0,-0.150215432047844,12450.0,-0.201574996113777,12450.0,-0.217504695057869,12450.0,-0.133418470621109,12450.0,-0.203739076852798,12450.0,-0.211012557148933,12450.0,-0.229684457182884,12450.0,-0.124027825891972,12450.0,-0.150707632303238,12450.0,-0.164020165801048,12450.0,-0.206137463450432,12450.0,-0.166684255003929,12450.0,-0.018222713842988,12450.0,-0.112676240503788,12450.0,-0.169652938842773,12450.0,-0.172074899077415
12460.0,-0.241262629628181,12460.0,-0.186817079782486,12460.0,-0.21283283829689,12460.0,-0.107301138341427,12460.0,-0.207184419035912,12460.0,-0.0924573913216591,12460.0,-0.150215432047844,12460.0,-0.201543718576431,12460.0,-0.217481330037117,12460.0,-0.133379369974136,12460.0,-0.203699976205826,12460.0,-0.210973456501961,12460.0,-0.229668855667114,12460.0,-0.124027825891972,12460.0,-0.150746628642082,12460.0,-0.164012342691422,12460.0,-0.206200033426285,12460.0,-0.166699886322021,12460.0,-0.0182696338742971,12460.0,-0.112660601735115,12460.0,-0.169637396931648,12460.0,-0.172067075967789
12470.0,-0.241239219903946,12470.0,-0.186668679118156,12470.0,-0.212699994444847,12470.0,-0.107262134552002,12470.0,-0.207207784056664,12470.0,-0.0922073349356651,12470.0,-0.150215432047844,12470.0,-0.201512530446053,12470.0,-0.217450052499771,12470.0,-0.133340358734131,12470.0,-0.20366096496582,12470.0,-0.210942178964615,12470.0,-0.229661032557487,12470.0,-0.124027825891972,12470.0,-0.150785729289055,12470.0,-0.163996696472168,12470.0,-0.206254675984383,12470.0,-0.166715428233147,12470.0,-0.0183555614203215,12470.0,-0.112637139856815,12470.0,-0.169621750712395,12470.0,-0.172043606638908
12480.0,-0.241223573684692,12480.0,-0.186520203948021,12480.0,-0.212567239999771,12480.0,-0.107223033905029,12480.0,-0.207223415374756,12480.0,-0.0921135917305946,12480.0,-0.150223255157471,12480.0,-0.201481252908707,12480.0,-0.217426583170891,12480.0,-0.133301258087158,12480.0,-0.203621864318848,12480.0,-0.210910990834236,12480.0,-0.229653224349022,12480.0,-0.124027825891972,12480.0,-0.150824829936028,12480.0,-0.163981065154076,12480.0,-0.206309422850609,12480.0,-0.1667310744524,12480.0,-0.0183712001889944,12480.0,-0.112621501088142,12480.0,-0.169606119394302,12480.0,-0.172027975320816
12490.0,-0.241200119256973,12490.0,-0.186363980174065,12490.0,-0.212426573038101,12490.0,-0.107184030115604,12490.0,-0.207231238484383,12490.0,-0.0916213989257813,12490.0,-0.150223255157471,12490.0,-0.201442152261734,12490.0,-0.217403128743172,12490.0,-0.133262261748314,12490.0,-0.203574940562248,12490.0,-0.21087971329689,12490.0,-0.229637578129768,12490.0,-0.124020002782345,12490.0,-0.150856018066406,12490.0,-0.163965418934822,12490.0,-0.206364065408707,12490.0,-0.166746720671654,12490.0,-0.0184102058410645,12490.0,-0.112605862319469,12490.0,-0.169590473175049,12490.0,-0.172012329101563
12500.0,-0.241184517741203,12500.0,-0.186215594410896,12500.0,-0.212293818593025,12500.0,-0.107144929468632,12500.0,-0.207246884703636,12500.0,-0.0918245315551758,12500.0,-0.150223255157471,12500.0,-0.201410964131355,12500.0,-0.217371940612793,12500.0,-0.133223161101341,12500.0,-0.203535944223404,12500.0,-0.210840612649918,12500.0,-0.229629755020142,12500.0,-0.124020002782345,12500.0,-0.150902941823006,12500.0,-0.163957700133324,12500.0,-0.206410989165306,12500.0,-0.166762351989746,12500.0,-0.0184727665036917,12500.0,-0.112582497298717,12500.0,-0.169574841856956,12500.0,-0.171996787190437
12510.0,-0.241161063313484,12510.0,-0.186059281229973,12510.0,-0.212160974740982,12510.0,-0.107105828821659,12510.0,-0.207262516021729,12510.0,-0.091644860804081,12510.0,-0.150231078267097,12510.0,-0.201379686594009,12510.0,-0.217348486185074,12510.0,-0.133191868662834,12510.0,-0.203496843576431,12510.0,-0.210809424519539,12510.0,-0.22962199151516,12510.0,-0.124012187123299,12510.0,-0.150934129953384,12510.0,-0.163949877023697,12510.0,-0.206457808613777,12510.0,-0.166785821318626,12510.0,-0.0185430534183979,12510.0,-0.112566851079464,12510.0,-0.169559195637703,12510.0,-0.171988964080811
12520.0,-0.241145417094231,12520.0,-0.185910895466805,12520.0,-0.212028130888939,12520.0,-0.107066825032234,12520.0,-0.207278162240982,12520.0,-0.0913714393973351,12520.0,-0.150231078267097,12520.0,-0.201348409056664,12520.0,-0.217325016856194,12520.0,-0.13315287232399,12520.0,-0.203457832336426,12520.0,-0.210778146982193,12520.0,-0.229614168405533,12520.0,-0.124004364013672,12520.0,-0.15096540749073,12520.0,-0.163934230804443,12520.0,-0.206504732370377,12520.0,-0.166809186339378,12520.0,-0.0186680797487497,12520.0,-0.112543396651745,12520.0,-0.169543653726578,12520.0,-0.171981140971184
12530.0,-0.241129830479622,12530.0,-0.185770228505135,12530.0,-0.211895376443863,12530.0,-0.107035540044308,12530.0,-0.207293793559074,12530.0,-0.0912074074149132,12530.0,-0.150238901376724,12530.0,-0.201317116618156,12530.0,-0.217301562428474,12530.0,-0.133113771677017,12530.0,-0.203418731689453,12530.0,-0.210746869444847,12530.0,-0.229606345295906,12530.0,-0.123996548354626,12530.0,-0.150988861918449,12530.0,-0.163926407694817,12530.0,-0.206551551818848,12530.0,-0.166832640767097,12530.0,-0.0188008304685354,12530.0,-0.112527750432491,12530.0,-0.169528007507324,12530.0,-0.171965509653091
12540.0,-0.241106376051903,12540.0,-0.185614019632339,12540.0,-0.211770340800285,12540.0,-0.107004262506962,12540.0,-0.207309350371361,12540.0,-0.0911448523402214,12540.0,-0.150238901376724,12540.0,-0.201285943388939,12540.0,-0.217270374298096,12540.0,-0.133082494139671,12540.0,-0.20337963104248,12540.0,-0.210715681314468,12540.0,-0.229598522186279,12540.0,-0.123988725244999,12540.0,-0.151020154356956,12540.0,-0.163910776376724,12540.0,-0.20659065246582,12540.0,-0.166856095194817,12540.0,-0.0189023967832327,12540.0,-0.112512111663818,12540.0,-0.169512376189232,12540.0,-0.171949863433838
12550.0,-0.241090774536133,12550.0,-0.185465529561043,12550.0,-0.211637496948242,12550.0,-0.106973074376583,12550.0,-0.207324981689453,12550.0,-0.0911136642098427,12550.0,-0.150246620178223,12550.0,-0.201254650950432,12550.0,-0.217254742980003,12550.0,-0.133043482899666,12550.0,-0.203340634703636,12550.0,-0.210692211985588,12550.0,-0.229590699076653,12550.0,-0.123973086476326,12550.0,-0.151043519377708,12550.0,-0.163902953267097,12550.0,-0.206629663705826,12550.0,-0.166879564523697,12550.0,-0.0189726836979389,12550.0,-0.112496472895145,12550.0,-0.169496729969978,12550.0,-0.171942040324211
12560.0,-0.24107514321804,12560.0,-0.185317143797874,12560.0,-0.211504742503166,12560.0,-0.106941796839237,12560.0,-0.207340627908707,12560.0,-0.0906995758414268,12560.0,-0.150254443287849,12560.0,-0.201223373413086,12560.0,-0.217223450541496,12560.0,-0.133004382252693,12560.0,-0.203301534056664,12560.0,-0.210660934448242,12560.0,-0.229582890868187,12560.0,-0.12395753711462,12560.0,-0.151066973805428,12560.0,-0.163895130157471,12560.0,-0.206668764352798,12560.0,-0.166895195841789,12560.0,-0.0190587043762207,12560.0,-0.11248093098402,12560.0,-0.169481083750725,12560.0,-0.171926409006119
12570.0,-0.241059496998787,12570.0,-0.185168653726578,12570.0,-0.211371898651123,12570.0,-0.106910519301891,12570.0,-0.207348451018333,12570.0,-0.0901214629411697,12570.0,-0.150254443287849,12570.0,-0.201184377074242,12570.0,-0.217199996113777,12570.0,-0.132973194122314,12570.0,-0.203262522816658,12570.0,-0.210629746317863,12570.0,-0.229575112462044,12570.0,-0.123949721455574,12570.0,-0.151082620024681,12570.0,-0.163879498839378,12570.0,-0.206700041890144,12570.0,-0.166918560862541,12570.0,-0.0191758163273335,12570.0,-0.112465284764767,12570.0,-0.169465452432632,12570.0,-0.171910762786865
12580.0,-0.241043910384178,12580.0,-0.185020253062248,12580.0,-0.211246877908707,12580.0,-0.106871508061886,12580.0,-0.207364082336426,12580.0,-0.0903948768973351,12580.0,-0.150262266397476,12580.0,-0.201160907745361,12580.0,-0.217176631093025,12580.0,-0.132934093475342,12580.0,-0.203231245279312,12580.0,-0.210606291890144,12580.0,-0.229567289352417,12580.0,-0.123941898345947,12580.0,-0.1511060744524,12580.0,-0.163871675729752,12580.0,-0.206731230020523,12580.0,-0.166934207081795,12580.0,-0.0192695613950491,12580.0,-0.112449645996094,12580.0,-0.16944208741188,12580.0,-0.17189522087574
12590.0,-0.241020441055298,12590.0,-0.184871777892113,12590.0,-0.211114123463631,12590.0,-0.106832407414913,12590.0,-0.207379728555679,12590.0,-0.0912620574235916,12590.0,-0.150270089507103,12590.0,-0.201129630208015,12590.0,-0.217145353555679,12590.0,-0.132902815937996,12590.0,-0.203184321522713,12590.0,-0.210575014352798,12590.0,-0.229551658034325,12590.0,-0.123926259577274,12590.0,-0.151121616363525,12590.0,-0.163863942027092,12590.0,-0.206754684448242,12590.0,-0.166957661509514,12590.0,-0.0192617420107126,12590.0,-0.112434007227421,12590.0,-0.169426441192627,12590.0,-0.171879574656487
12600.0,-0.241004809737206,12600.0,-0.18473120033741,12600.0,-0.210981279611588,12600.0,-0.106801226735115,12600.0,-0.207387551665306,12600.0,-0.0913558006286621,12600.0,-0.150277897715569,12600.0,-0.20109061896801,12600.0,-0.217121884226799,12600.0,-0.13286380469799,12600.0,-0.203153133392334,12600.0,-0.210543736815453,12600.0,-0.229551658034325,12600.0,-0.123918436467648,12600.0,-0.151137262582779,12600.0,-0.163848310709,12600.0,-0.206785961985588,12600.0,-0.166981130838394,12600.0,-0.0192383769899607,12600.0,-0.112418368458748,12600.0,-0.169410809874535,12600.0,-0.171871766448021
12610.0,-0.240989208221436,12610.0,-0.184582710266113,12610.0,-0.210848435759544,12610.0,-0.106769941747189,12610.0,-0.207403093576431,12610.0,-0.0913636237382889,12610.0,-0.150285720825195,12610.0,-0.201067164540291,12610.0,-0.217098519206047,12610.0,-0.132832527160645,12610.0,-0.203114032745361,12610.0,-0.210520371794701,12610.0,-0.229543834924698,12610.0,-0.123902797698975,12610.0,-0.151152893900871,12610.0,-0.163840487599373,12610.0,-0.20680932700634,12610.0,-0.166996762156487,12610.0,-0.0193008426576853,12610.0,-0.112402729690075,12610.0,-0.169402986764908,12610.0,-0.171856120228767
12620.0,-0.240981385111809,12620.0,-0.184426501393318,12620.0,-0.210723504424095,12620.0,-0.106738664209843,12620.0,-0.207418724894524,12620.0,-0.0911839529871941,12620.0,-0.150293543934822,12620.0,-0.201035887002945,12620.0,-0.217082887887955,12620.0,-0.132801249623299,12620.0,-0.203075036406517,12620.0,-0.210489079356194,12620.0,-0.229536011815071,12620.0,-0.123887158930302,12620.0,-0.151168540120125,12620.0,-0.163824841380119,12620.0,-0.20683279633522,12620.0,-0.167020127177238,12620.0,-0.0193086620420218,12620.0,-0.112387180328369,12620.0,-0.169387340545654,12620.0,-0.171840474009514
12630.0,-0.240965753793716,12630.0,-0.184278011322021,12630.0,-0.210582837462425,12630.0,-0.106707476079464,12630.0,-0.20742654800415,12630.0,-0.0910980254411697,12630.0,-0.150293543934822,12630.0,-0.201004698872566,12630.0,-0.217051610350609,12630.0,-0.132762238383293,12630.0,-0.203035935759544,12630.0,-0.210457801818848,12630.0,-0.229528188705444,12630.0,-0.123871520161629,12630.0,-0.151184186339378,12630.0,-0.163817033171654,12630.0,-0.206848427653313,12630.0,-0.167043596506119,12630.0,-0.0193008426576853,12630.0,-0.112371541559696,12630.0,-0.169371709227562,12630.0,-0.171832665801048
12640.0,-0.240950107574463,12640.0,-0.184129625558853,12640.0,-0.210449978709221,12640.0,-0.106676198542118,12640.0,-0.207442194223404,12640.0,-0.0909417197108269,12640.0,-0.150301367044449,12640.0,-0.20097342133522,12640.0,-0.217028141021729,12640.0,-0.132730960845947,12640.0,-0.203004643321037,12640.0,-0.210434347391129,12640.0,-0.229520425200462,12640.0,-0.123855970799923,12640.0,-0.151199817657471,12640.0,-0.163809210062027,12640.0,-0.206864073872566,12640.0,-0.167059227824211,12640.0,-0.0193321239203215,12640.0,-0.112355902791023,12640.0,-0.169356152415276,12640.0,-0.171817019581795
12650.0,-0.240934520959854,12650.0,-0.183981135487556,12650.0,-0.210317239165306,12650.0,-0.106652736663818,12650.0,-0.207450017333031,12650.0,-0.0908479690551758,12650.0,-0.150309190154076,12650.0,-0.200942143797874,12650.0,-0.217004686594009,12650.0,-0.132699683308601,12650.0,-0.202965646982193,12650.0,-0.21040315926075,12650.0,-0.229512602090836,12650.0,-0.123832516372204,12650.0,-0.151215463876724,12650.0,-0.163793563842773,12650.0,-0.20687972009182,12650.0,-0.167074874043465,12650.0,-0.0193243026733398,12650.0,-0.11234026402235,12650.0,-0.169340521097183,12650.0,-0.171809196472168
12660.0,-0.240918874740601,12660.0,-0.183840557932854,12660.0,-0.210184380412102,12660.0,-0.106621459126472,12660.0,-0.207465648651123,12660.0,-0.0907464027404785,12660.0,-0.150316998362541,12660.0,-0.200910955667496,12660.0,-0.216981321573257,12660.0,-0.132660672068596,12660.0,-0.20292654633522,12660.0,-0.210379704833031,12660.0,-0.229504778981209,12660.0,-0.12381687015295,12660.0,-0.151231005787849,12660.0,-0.163777932524681,12660.0,-0.206903174519539,12660.0,-0.167090520262718,12660.0,-0.0192930232733488,12660.0,-0.112324617803097,12660.0,-0.16932487487793,12660.0,-0.17180147767067
12670.0,-0.240911051630974,12670.0,-0.183692082762718,12670.0,-0.210051536560059,12670.0,-0.106598094105721,12670.0,-0.20747347176075,12670.0,-0.0908167883753777,12670.0,-0.150324821472168,12670.0,-0.20087967813015,12670.0,-0.216957852244377,12670.0,-0.13262939453125,12670.0,-0.202895268797874,12670.0,-0.21035623550415,12670.0,-0.229504778981209,12670.0,-0.123801231384277,12670.0,-0.151246652007103,12670.0,-0.163770109415054,12670.0,-0.206910893321037,12670.0,-0.16711388528347,12670.0,-0.019199276342988,12670.0,-0.112308979034424,12670.0,-0.169309243559837,12670.0,-0.171785831451416
,,,,,,,,,,,,,,,,,,,,,,,,,,,,,,,,,,,,,,,,,,,
